county_label,month,housing_burden,price_income_ratio,total_county_invoice_count,total_county_invoice_amount,donation_count,carrier_usage_ratio,n_active_industries,industry_hhi,industry_entropy,top1_industry_share,top3_industry_share,row_count_per_county_month,date,year,month_num,month_sin,month_cos,time_index,avg_invoice_value,log_total_county_invoice_count,log_total_county_invoice_amount,county_name,donation_count_lag1,donation_count_lag2,donation_count_lag3,donation_count_roll3_mean,donation_count_roll3_std,donation_count_roll3_min,donation_count_roll3_max
0,2019-01,32.5,0.88,7857715,3411803313,7467,0.17154872631547466,34.0,0.5875995439161948,1.040063512453751,0.7582418043922438,0.9010816757797909,56.0,2019-01-01,2019,1,0.49999999999999994,0.8660254037844387,1,434.1978950623686,15.877006536935587,21.950506819545,南投縣,,,,,,,
0,2019-02,32.5,0.88,8123085,3103666052,6111,0.155602705129886,34.0,0.6020457109825523,1.0050213379105633,0.7677738199218647,0.9026472085420749,58.0,2019-02-01,2019,2,0.8660254037844386,0.5000000000000001,2,382.07972118967115,15.910220689198516,21.855849847461553,南投縣,7467.0,,,7467.0,0.0,7467.0,7467.0
0,2019-03,32.5,0.88,8056154,3202359501,7092,0.17860445567450672,34.0,0.5716490282306805,1.0676843484272727,0.7465075766923026,0.8993056736502306,58.0,2019-03-01,2019,3,1.0,6.123233995736766e-17,3,397.50475239177405,15.90194695351322,21.88715371942228,南投縣,6111.0,7467.0,,6789.0,678.0,6111.0,7467.0
0,2019-04,33.14,0.16,8137131,3331765710,7447,0.17640455831422647,34.0,0.5792421561411466,1.0559397423479666,0.752069863444499,0.8978553989114837,58.0,2019-04-01,2019,4,0.8660254037844387,-0.4999999999999998,4,409.45214105561286,15.911948341742129,21.926768243952875,南投縣,7092.0,6111.0,7467.0,6890.0,571.7149639461958,6111.0,7467.0
0,2019-05,33.14,0.16,7979018,3333388778,7929,0.1811207845376461,34.0,0.5920432874521919,1.0170825195839401,0.7606299421808549,0.9067134577212385,56.0,2019-05-01,2019,5,0.49999999999999994,-0.8660254037844387,5,417.76930168599694,15.892326029538365,21.92725527483401,南投縣,7447.0,7092.0,6111.0,6883.333333333333,565.025269838045,6111.0,7447.0
0,2019-06,33.14,0.16,8276003,3420238416,7564,0.17911786643866612,34.0,0.5840621519611164,1.0457674479422294,0.7553079669014137,0.8990532023731747,57.0,2019-06-01,2019,6,1.2246467991473532e-16,-1.0,6,413.27177092613425,15.928870801172732,21.952976098164214,南投縣,7929.0,7447.0,7092.0,7489.333333333333,343.01247142859916,7092.0,7929.0
0,2019-07,36.25,0.76,8830019,3816397679,7726,0.17994038291423836,35.0,0.5750425841384288,1.0726955691620685,0.7492632801809374,0.8931791652996443,60.0,2019-07-01,2019,7,-0.4999999999999997,-0.8660254037844388,7,432.2071876629031,15.99366783758324,22.062572798939044,南投縣,7564.0,7929.0,7447.0,7646.666666666667,205.2743421754301,7447.0,7929.0
0,2019-08,36.25,0.76,8282195,3667584240,8005,0.18785841193065364,35.0,0.5840317017699609,1.0427641888195247,0.7550547892195245,0.9010694628658225,58.0,2019-08-01,2019,8,-0.8660254037844384,-0.5000000000000004,8,442.82756443189277,15.929618708588832,22.022799037315433,南投縣,7726.0,7564.0,7929.0,7739.666666666667,149.32366040100794,7564.0,7929.0
0,2019-09,36.25,0.76,8472901,3638490923,8590,0.18983498095870588,36.0,0.5837306216640668,1.0476791482182448,0.7551034763654149,0.8990169954777,61.0,2019-09-01,2019,9,-1.0,-1.8369701987210297e-16,9,429.42681886640713,15.952383628962409,22.014834851313786,南投縣,8005.0,7726.0,7564.0,7765.0,182.13731083992647,7564.0,8005.0
0,2019-10,33.23,-0.73,8811422,3716962795,8694,0.19326131468904792,36.0,0.5813009199133131,1.0600949004835802,0.753764602353627,0.8951649347857815,61.0,2019-10-01,2019,10,-0.8660254037844386,0.5000000000000001,10,421.83461364124884,15.991559505868116,22.03617271906427,南投縣,8590.0,8005.0,7726.0,8107.0,360.0249991320047,7726.0,8590.0
0,2019-11,33.23,-0.73,8263299,3563372297,8118,0.19415550617253471,36.0,0.5742704400033705,1.0849085180096183,0.7491960535374552,0.8891799752132895,61.0,2019-11-01,2019,11,-0.5000000000000004,0.8660254037844384,11,431.22877400418406,15.927334581450497,21.993973208147892,南投縣,8694.0,8590.0,8005.0,8429.666666666666,303.27142225332665,8005.0,8694.0
0,2019-12,33.23,-0.73,8117947,3687753554,7676,0.20400675195341877,36.0,0.5764770773471279,1.080473016733094,0.7508798714748939,0.8917364205506639,61.0,2019-12-01,2019,12,-2.4492935982947064e-16,1.0,12,454.2716962798599,15.909587970841864,22.02828331692641,南投縣,8118.0,8694.0,8590.0,8467.333333333334,250.63829626686254,8118.0,8694.0
0,2020-01,34.04,0.2,9085666,5053629512,0,0.18658588154132014,34.0,0.6082643666252893,0.996478500427324,0.7721108171927077,0.9039941595916028,59.0,2020-01-01,2020,1,0.49999999999999994,0.8660254037844387,13,556.2200406662539,16.02220867483898,22.343372537526964,南投縣,7676.0,8118.0,8694.0,8162.666666666667,416.7951801811319,7676.0,8694.0
0,2022-01,36.08,0.07,16179943,11376841225,9226,0.31987275851342617,47.0,0.5353324131372965,1.1827743811003055,0.7206538366667917,0.8759140251606573,139.0,2022-01-01,2022,1,0.49999999999999994,0.8660254037844387,37,703.1447036000066,16.59928300852559,23.154845654706513,南投縣,,,,,,,
0,2022-02,36.08,0.07,15752046,10031363758,8930,0.3125837113477195,48.0,0.5096650604345718,1.2555226630990037,0.7018237503877274,0.8513275672252353,144.0,2022-02-01,2022,2,0.8660254037844386,0.5000000000000001,38,636.8292574818535,16.572480883044744,23.028982397673456,南投縣,9226.0,,,9226.0,0.0,9226.0,9226.0
0,2022-03,36.08,0.07,16850976,10789109473,11764,0.3369590580391308,49.0,0.4977629366961249,1.2733204562062133,0.6929079953588445,0.8594387055088085,144.0,2022-03-01,2022,3,1.0,6.123233995736766e-17,39,640.2661467798661,16.63991919527759,23.101803080280337,南投縣,8930.0,9226.0,,9078.0,148.0,8930.0,9226.0
0,2022-04,37.56,0.17,16327193,10556504354,11199,0.3414852755155157,48.0,0.5271963961565114,1.19913626079908,0.7142704199062264,0.8729311278429795,145.0,2022-04-01,2022,4,0.8660254037844387,-0.4999999999999998,40,646.5596599488963,16.608342619196097,23.080008033434364,南投縣,11764.0,8930.0,9226.0,9973.333333333334,1271.9458409154936,8930.0,11764.0
0,2022-05,37.56,0.17,14726343,9544096377,12297,0.36024259383337737,48.0,0.5290293908439656,1.1730390459824354,0.7148578571068187,0.8814091862453564,144.0,2022-05-01,2022,5,0.49999999999999994,-0.8660254037844387,41,648.0968409468665,16.50514855668142,22.979188619972682,南投縣,11199.0,11764.0,8930.0,10631.0,1224.7059511028215,8930.0,11764.0
0,2022-06,37.56,0.17,15896019,10331353334,14659,0.35500001604175235,52.0,0.5305503500041714,1.1791498398131657,0.7161883110481939,0.8776433269235524,148.0,2022-06-01,2022,6,1.2246467991473532e-16,-1.0,42,649.9333785396205,16.581579321391157,23.058449121661447,南投縣,12297.0,11199.0,11764.0,11753.333333333334,448.32007415337637,11199.0,12297.0
0,2022-07,38.07,0.01,18612230,11657690069,16415,0.34294735235917456,53.0,0.5145259929839318,1.23953890565962,0.7051838495440901,0.8599922201692113,154.0,2022-07-01,2022,7,-0.4999999999999997,-0.8660254037844388,43,626.3456914620118,16.739329503217174,23.179231891038818,南投縣,14659.0,12297.0,11199.0,12718.333333333334,1443.6161385754717,11199.0,14659.0
0,2022-08,38.07,0.01,18409414,11968629921,17889,0.3498078754706695,54.0,0.49973016414371635,1.2895710640470746,0.6946815906253181,0.8488888348102769,166.0,2022-08-01,2022,8,-0.8660254037844384,-0.5000000000000004,44,650.1363878828516,16.728372776495803,23.205554890650372,南投縣,16415.0,14659.0,12297.0,14457.0,1687.2233600405923,12297.0,16415.0
0,2022-09,38.07,0.01,17419835,11413988619,17512,0.35591812436799775,54.0,0.5223621351566217,1.2183724098086683,0.7107871572836367,0.8675362883747176,156.0,2022-09-01,2022,9,-1.0,-1.8369701987210297e-16,45,655.2294335164484,16.673120114878184,23.158105512039228,南投縣,17889.0,16415.0,14659.0,16321.0,1320.3161237622855,14659.0,17889.0
0,2022-10,37.86,-0.16,18507628,12142560916,17214,0.36086634116484295,54.0,0.5124131155870412,1.249167673277455,0.703603076526068,0.8594281773979896,158.0,2022-10-01,2022,10,-0.8660254037844386,0.5000000000000001,46,656.0841246647058,16.733693583422337,23.219982549013263,南投縣,17512.0,17889.0,16415.0,17272.0,625.2300909798462,16415.0,17889.0
0,2022-11,37.86,-0.16,17736949,11334503890,17074,0.36523423504234015,54.0,0.5063887279259612,1.2655905629068704,0.6992254981395053,0.8557214659635093,156.0,2022-11-01,2022,11,-0.5000000000000004,0.8660254037844384,47,639.0334600387023,16.69116059221775,23.151117352060986,南投縣,17214.0,17512.0,17889.0,17538.333333333332,276.19598516673307,17214.0,17889.0
0,2022-12,37.86,-0.16,17741006,11576683038,17318,0.37166122372090965,54.0,0.5161267443490855,1.2469571337127445,0.7069257515611008,0.8595772415611606,163.0,2022-12-01,2022,12,-2.4492935982947064e-16,1.0,48,652.5381389307912,16.691389297608968,23.17225882928609,南投縣,17074.0,17214.0,17512.0,17266.666666666668,182.64963424241748,17074.0,17512.0
0,2023-01,39.7,0.33,9332770,5227299297,15186,0.3727704636458415,54.0,0.5392722549647939,1.1807751437016987,0.7229888875435696,0.8662135678903476,90.0,2023-01-01,2023,1,0.49999999999999994,0.8660254037844387,49,560.1015879529872,16.049042527656265,22.377160595034077,南投縣,17318.0,17074.0,17214.0,17202.0,99.97332977682932,17074.0,17318.0
0,2023-02,39.7,0.33,8468893,4491774661,15476,0.39105677684202644,51.0,0.4716476782891734,1.3471321066479995,0.6728072960657314,0.8349296655418837,90.0,2023-02-01,2023,2,0.8660254037844386,0.5000000000000001,50,530.3851000360968,15.951910479589724,22.225513708272263,南投縣,15186.0,17318.0,17074.0,16526.0,952.7448066857497,15186.0,17318.0
0,2023-03,39.7,0.33,8952439,4749332009,18536,0.39856892630041935,52.0,0.49646463077926906,1.2867631244720066,0.6920215820515504,0.8538865218740949,91.0,2023-03-01,2023,3,1.0,6.123233995736766e-17,51,530.5070505367308,16.00743667879373,22.281269815630026,南投縣,15476.0,15186.0,17318.0,15993.333333333334,944.1332297698008,15186.0,17318.0
0,2023-04,40.13,-0.01,9017793,4638559339,17566,0.40177890532639193,53.0,0.5159066324761306,1.2400592801146206,0.7063019743300828,0.8591759646733963,91.0,2023-04-01,2023,4,0.8660254037844387,-0.4999999999999998,52,514.3785557064793,16.01471029449977,22.25766966790452,南投縣,18536.0,15476.0,15186.0,16399.333333333332,1515.483054636009,15186.0,18536.0
0,2023-05,40.13,-0.01,8969747,4810545717,21294,0.4091410827975416,51.0,0.5240762173178536,1.211851893705943,0.7120898727689867,0.8677929266009399,89.0,2023-05-01,2023,5,0.49999999999999994,-0.8660254037844387,53,536.3078487052087,16.00936813999486,22.29407636951422,南投縣,17566.0,18536.0,15476.0,17192.666666666668,1276.8276660884542,15476.0,18536.0
0,2023-06,40.13,-0.01,8925940,4861641274,20101,0.4145152219262061,53.0,0.5231232593797256,1.2214979582970003,0.711550268095013,0.8645493919968094,92.0,2023-06-01,2023,6,1.2246467991473532e-16,-1.0,54,544.6643461641015,16.004472314245856,22.30464192875267,南投縣,21294.0,17566.0,18536.0,19132.0,1579.2209049612618,17566.0,21294.0
0,2023-07,40.45,0.08,9448166,5156124532,19851,0.41594104083268646,54.0,0.5172681307437126,1.2358677067417356,0.7069290484523663,0.8624146739166098,96.0,2023-07-01,2023,7,-0.4999999999999997,-0.8660254037844388,55,545.7275551678495,16.061331312401684,22.363451074757275,南投縣,20101.0,21294.0,17566.0,19653.666666666668,1554.4723291915564,17566.0,21294.0
0,2023-08,40.45,0.08,9008919,5369058876,19947,0.4264716998787535,54.0,0.5272573996443195,1.1978772109706897,0.713862784203077,0.8719060522133677,93.0,2023-08-01,2023,8,-0.8660254037844384,-0.5000000000000004,56,595.9714895871525,16.01372575558527,22.403918474428412,南投縣,19851.0,20101.0,21294.0,20415.333333333332,629.6381676981011,19851.0,21294.0
0,2023-09,40.45,0.08,8723385,5060715553,18225,0.43020421545076826,54.0,0.5367381943523709,1.1746666839879993,0.7209022644306081,0.8762721122591747,95.0,2023-09-01,2023,9,-1.0,-1.8369701987210297e-16,57,580.1320878305842,15.981518023267453,22.344773724081783,南投縣,19947.0,19851.0,20101.0,19966.333333333332,102.97356726634051,19851.0,20101.0
0,2023-10,41.86,0.34,9407801,5385422773,19401,0.4336263065088218,54.0,0.5312029809976099,1.1985774854397158,0.7174905166467701,0.87001425731688,95.0,2023-10-01,2023,10,-0.8660254037844386,0.5000000000000001,58,572.4422501071185,16.057049902980708,22.40696165403665,南投縣,18225.0,19947.0,19851.0,19341.0,790.103790650317,18225.0,19947.0
0,2023-11,41.86,0.34,9068235,5171374731,19423,0.4317643951662038,54.0,0.5167297185140722,1.2436299388626295,0.7073850644585192,0.8565937031847983,94.0,2023-11-01,2023,11,-0.5000000000000004,0.8660254037844384,59,570.2735682302014,16.02028831585537,22.366404395729404,南投縣,19401.0,18225.0,19947.0,19191.0,718.515135539955,18225.0,19947.0
0,2023-12,41.86,0.34,9283571,5331091111,21115,0.4423021055152161,53.0,0.5215542868750799,1.2277933887693746,0.7105318632237531,0.8622122887841328,94.0,2023-12-01,2023,12,-2.4492935982947064e-16,1.0,60,574.2500500076964,16.043756944495176,22.396821765618288,南投縣,19423.0,19401.0,18225.0,19016.333333333332,559.6292423461169,18225.0,19423.0
0,2024-01,42.17,0.07,8829159,5072524476,22197,0.44954428841976907,53.0,0.5246258912340592,1.2123138012365438,0.712323676581201,0.869421311814636,96.0,2024-01-01,2024,1,0.49999999999999994,0.8660254037844387,61,574.5195523152319,15.99357043781715,22.347104455083848,南投縣,21115.0,19423.0,19401.0,19979.666666666668,802.8521380400973,19401.0,21115.0
0,2024-02,42.17,0.07,9383386,5032841595,19447,0.4502259632077376,52.0,0.5206988875517883,1.218323118952123,0.7092810633602838,0.8587736878777023,94.0,2024-02-01,2024,2,0.8660254037844386,0.5000000000000001,62,536.35666218996,16.054451343226077,22.33925059116766,南投縣,22197.0,21115.0,19423.0,20911.666666666668,1141.5712368875143,19423.0,22197.0
0,2024-03,42.17,0.07,9329954,4908401825,23329,0.4591398842909622,53.0,0.5068397771222912,1.2525147727408825,0.6987864034485057,0.8621133609018865,93.0,2024-03-01,2024,3,1.0,6.123233995736766e-17,63,526.0906779390338,16.04874074966077,22.31421423208192,南投縣,19447.0,22197.0,21115.0,20919.666666666668,1131.1473035030506,19447.0,22197.0
0,2024-04,42.89,0.07,9113002,5053959440,24298,0.46600582332803175,53.0,0.5224459350081483,1.2053242025132558,0.7096812883394517,0.8718102991747396,97.0,2024-04-01,2024,4,0.8660254037844387,-0.4999999999999998,64,554.5877681141736,16.025212852678255,22.3434378207516,南投縣,23329.0,19447.0,22197.0,21657.666666666668,1630.0595762800274,19447.0,23329.0
0,2024-05,42.89,0.07,9282122,4990203022,23669,0.4693369684216605,55.0,0.5290320375109909,1.1814844869413144,0.7141278686059072,0.8778478671148687,99.0,2024-05-01,2024,5,0.49999999999999994,-0.8660254037844387,65,537.6144616500408,16.043600850149886,22.33074243185413,南投縣,24298.0,23329.0,19447.0,22358.0,2096.0567740402453,19447.0,24298.0
0,2024-06,42.89,0.07,9385415,4980583934,24243,0.47286156232835735,56.0,0.5211669632503431,1.207898770278421,0.7084363344615022,0.8702247050343539,101.0,2024-06-01,2024,6,1.2246467991473532e-16,-1.0,66,530.6727442526516,16.054667553072587,22.32881297713312,南投縣,23669.0,24298.0,23329.0,23765.333333333332,401.41444363096304,23329.0,24298.0
0,2024-07,43.21,0.07,9631066,5387716680,24082,0.4758181493097441,57.0,0.5160643045193322,1.2234225837725492,0.7049192685420285,0.8669850253336442,104.0,2024-07-01,2024,7,-0.4999999999999997,-0.8660254037844388,67,559.4102127428055,16.08050457722112,22.407387510778644,南投縣,24243.0,23669.0,24298.0,24070.0,284.43745651138613,23669.0,24298.0
0,2024-08,43.21,0.07,9863736,5579776312,24901,0.4806296518884934,56.0,0.523740717996123,1.2047725827760878,0.7105197259942886,0.8706047079929958,103.0,2024-08-01,2024,8,-0.8660254037844384,-0.5000000000000004,68,565.6858934586246,16.104375660859347,22.44241452526013,南投縣,24082.0,24243.0,23669.0,23998.0,241.74504476134908,23669.0,24243.0
0,2024-09,43.21,0.07,9526880,5286326380,26008,0.483808760055758,57.0,0.5300301205979948,1.1817274272265532,0.7149191550644073,0.8766959382295149,103.0,2024-09-01,2024,9,-1.0,-1.8369701987210297e-16,69,554.8853748551467,16.06962793979533,22.38838939564162,南投縣,24901.0,24082.0,24243.0,24408.666666666668,354.28268687902636,24082.0,24901.0
0,2024-10,42.35,-0.22,9824911,5317233363,21452,0.487466502241089,58.0,0.5246051058247777,1.1996421525345617,0.7110001301792963,0.8728654132337688,105.0,2024-10-01,2024,10,-0.8660254037844386,0.5000000000000001,70,541.1991378853203,16.100431758936484,22.394218960669093,南投縣,26008.0,24901.0,24082.0,24997.0,789.2109984028352,24082.0,26008.0
0,2024-11,42.35,-0.22,9581368,5331731835,20565,0.48542744626863304,57.0,0.517399741633358,1.2260243253607346,0.7060954135150638,0.86542694112156,103.0,2024-11-01,2024,11,-0.5000000000000004,0.8660254037844384,71,556.4687459035077,16.075331041616458,22.39694194467479,南投縣,21452.0,26008.0,24901.0,24120.333333333332,1940.1656859373863,21452.0,26008.0
0,2024-12,42.35,-0.22,9636155,5449389173,20665,0.4918532339921888,57.0,0.5126305004218886,1.2298400475489237,0.7026776758987376,0.8628318037640532,104.0,2024-12-01,2024,12,-2.4492935982947064e-16,1.0,72,565.5148939592607,16.081032831876016,22.4187693611752,南投縣,20565.0,21452.0,26008.0,22675.0,2384.443890442102,20565.0,26008.0
1,2019-01,39.97,0.28,71712735,43207280539,142706,0.1620706280411701,66.0,0.5447828343923057,1.0853929255566412,0.7221647033821817,0.8993963763897723,112.0,2019-01-01,2019,1,0.49999999999999994,0.8660254037844387,1,602.5049879773794,18.088178918805447,24.48927484901524,台中市,,,,,,,
1,2019-02,39.97,0.28,65231607,37505004795,120008,0.1508419837027777,67.0,0.5534276010851141,1.0695061195754794,0.7281153291225831,0.9039369365835185,110.0,2019-02-01,2019,2,0.8660254037844386,0.5000000000000001,2,574.9514157301077,17.993454694702535,24.347740222244287,台中市,142706.0,,,142706.0,0.0,142706.0,142706.0
1,2019-03,39.97,0.28,72328601,40660278165,145434,0.17059225298716893,67.0,0.5405300864204319,1.0887729460831055,0.7185269213212073,0.90066520158464,109.0,2019-03-01,2019,3,1.0,6.123233995736766e-17,3,562.1604400311849,18.096730210559038,24.42851748639227,台中市,120008.0,142706.0,,131357.0,11349.0,120008.0,142706.0
1,2019-04,38.0,-0.48,72288137,43247205931,152179,0.17039916245178652,70.0,0.546451613083868,1.0755115825040604,0.7224489268550385,0.9025136033039557,118.0,2019-04-01,2019,4,0.8660254037844387,-0.4999999999999998,4,598.2614537569283,18.09617060727859,24.49019846550913,台中市,145434.0,120008.0,142706.0,136049.33333333334,11397.478590557748,120008.0,145434.0
1,2019-05,38.0,-0.48,74486109,42679292127,160900,0.17174870820544538,68.0,0.5525469483284202,1.05727036912128,0.7269057912529704,0.9053118212954311,114.0,2019-05-01,2019,5,0.49999999999999994,-0.8660254037844387,5,572.9832407677518,18.12612322301412,24.476979677675413,台中市,152179.0,145434.0,120008.0,139207.0,13852.194940393621,120008.0,152179.0
1,2019-06,38.0,-0.48,75090950,42683972535,157568,0.16970477800587155,69.0,0.5497472952019931,1.061202452463521,0.7239901745816241,0.9073253967355588,115.0,2019-06-01,2019,6,1.2246467991473532e-16,-1.0,6,568.4303173018852,18.134210616798107,24.477089336274414,台中市,160900.0,152179.0,145434.0,152837.66666666666,6331.122614162165,145434.0,160900.0
1,2019-07,38.49,0.12,78733016,46616790761,179854,0.1760148753859499,70.0,0.535958788544932,1.097526218226053,0.7138078642891058,0.8998340035646545,118.0,2019-07-01,2019,7,-0.4999999999999997,-0.8660254037844388,7,592.0869430557569,18.181573155269813,24.565226629960623,台中市,157568.0,160900.0,152179.0,156882.33333333334,3593.1939676127827,152179.0,160900.0
1,2019-08,38.49,0.12,76380703,45318671766,178413,0.17729036874667153,71.0,0.5371642635236078,1.0974770398883988,0.7147196196924241,0.9014849077783429,120.0,2019-08-01,2019,8,-0.8660254037844384,-0.5000000000000004,8,593.3261934758574,18.1512406567917,24.536984964799416,台中市,179854.0,157568.0,160900.0,166107.33333333334,9815.079871752898,157568.0,179854.0
1,2019-09,38.49,0.12,75745879,47325869761,176978,0.18486074998218716,68.0,0.5472849001909068,1.0646703521862206,0.7221471943047885,0.9070287506994275,119.0,2019-09-01,2019,9,-1.0,-1.8369701987210297e-16,9,624.7979478989214,18.14289461143565,24.580322912362085,台中市,178413.0,179854.0,157568.0,171945.0,10183.081295298916,157568.0,179854.0
1,2019-10,40.16,0.41,78351700,51620832297,181808,0.19562702532299875,69.0,0.5472779604860626,1.0665095784646241,0.7223672619738947,0.9052151644444218,119.0,2019-10-01,2019,10,-0.8660254037844386,0.5000000000000001,10,658.8348727213322,18.176718236805048,24.667191154663655,台中市,176978.0,178413.0,179854.0,178415.0,1174.12293507395,176978.0,179854.0
1,2019-11,40.16,0.41,73028913,45704700995,177025,0.19334347753471287,68.0,0.5456224397324041,1.071333490569808,0.7210185094771985,0.9073099034077092,120.0,2019-11-01,2019,11,-0.5000000000000004,0.8660254037844384,11,625.8439173947447,18.106366002884602,24.545466995989443,台中市,181808.0,176978.0,178413.0,179066.33333333334,2025.2338685253667,176978.0,181808.0
1,2019-12,40.16,0.41,74245183,49894549054,178820,0.20378080285693417,70.0,0.5354352540008308,1.1061957982916402,0.7144481144318817,0.8967085851212732,124.0,2019-12-01,2019,12,-2.4492935982947064e-16,1.0,12,672.0240564832334,18.122883471590594,24.633177596362298,台中市,177025.0,181808.0,176978.0,178603.66666666666,2265.8870718158537,176978.0,181808.0
1,2020-01,40.99,0.21,76911864,52602481372,0,0.18719964971854017,70.0,0.5382910329478505,1.1062123711068452,0.7165159851021163,0.9019296684839155,127.0,2020-01-01,2020,1,0.49999999999999994,0.8660254037844387,13,683.9319532289583,18.158170713861583,24.686029129969032,台中市,178820.0,177025.0,181808.0,179217.66666666666,1972.7943520690533,177025.0,181808.0
1,2022-01,45.08,0.38,149452312,144981352105,256981,0.3523114650779039,76.0,0.49365223421845306,1.1843811652646359,0.6788263068155145,0.8903607325927484,261.0,2022-01-01,2022,1,0.49999999999999994,0.8660254037844387,37,970.0843711604809,18.822487923322534,25.699870964930987,台中市,,,,,,,
1,2022-02,45.08,0.38,131029857,114998053736,230395,0.35901093137879253,78.0,0.48780645656547805,1.2049111497298686,0.6733643615286858,0.8890135551319422,269.0,2022-02-01,2022,2,0.8660254037844386,0.5000000000000001,38,877.6477084608281,18.690935778858897,25.46818104114036,台中市,256981.0,,,256981.0,0.0,256981.0,256981.0
1,2022-03,45.08,0.38,157067024,139911669230,286630,0.37728000754633256,77.0,0.4794886143589527,1.2137025752438646,0.666802129007041,0.8812203636073221,265.0,2022-03-01,2022,3,1.0,6.123233995736766e-17,39,890.7768522436638,18.872183183040107,25.664277126368773,台中市,230395.0,256981.0,,243688.0,13293.0,230395.0,256981.0
1,2022-04,45.54,-0.13,149507303,130139513915,277092,0.3833903618741621,78.0,0.4945086726694271,1.168559548607472,0.6773702552844526,0.8969107147896315,270.0,2022-04-01,2022,4,0.8660254037844387,-0.4999999999999998,40,870.4558995021133,18.822855805788883,25.591872895920982,台中市,286630.0,230395.0,256981.0,258002.0,22969.191496437135,230395.0,286630.0
1,2022-05,45.54,-0.13,141291739,119125865492,280931,0.395608005079476,77.0,0.49312479731776354,1.1667215726638966,0.6766192466496572,0.8950303527653517,265.0,2022-05-01,2022,5,0.49999999999999994,-0.8660254037844387,41,843.1198195670873,18.76633738876277,25.50344646431306,台中市,277092.0,286630.0,230395.0,264705.6666666667,24571.796113068784,230395.0,286630.0
1,2022-06,45.54,-0.13,148364373,132672033530,285368,0.39630376761677144,78.0,0.49328162400511777,1.1732785766812168,0.6761042693180794,0.8974550918635971,265.0,2022-06-01,2022,6,1.2246467991473532e-16,-1.0,42,894.2310801933561,18.815181792491323,25.611146006495765,台中市,280931.0,277092.0,286630.0,281551.0,3918.4742779131097,277092.0,286630.0
1,2022-07,46.96,0.2,165914819,135270415892,318026,0.3931059648143907,78.0,0.5003543281728822,1.1621209240618864,0.6818274261565509,0.8971165619630397,272.0,2022-07-01,2022,7,-0.4999999999999997,-0.8660254037844388,43,815.3003855068546,18.926985082093147,25.630541692582597,台中市,285368.0,280931.0,277092.0,281130.3333333333,3381.601625791476,277092.0,285368.0
1,2022-08,46.96,0.2,165064677,141148727404,323380,0.403951391732345,79.0,0.4947810335875937,1.1871912612752706,0.6785443138752212,0.8897118430734882,279.0,2022-08-01,2022,8,-0.8660254037844384,-0.5000000000000004,44,855.1116445343422,18.921847942936466,25.6730799757002,台中市,318026.0,285368.0,280931.0,294775.0,16540.4250852268,280931.0,318026.0
1,2022-09,46.96,0.2,160778652,152245269523,309517,0.40811893982044334,77.0,0.5049140375620522,1.1486478414437822,0.6857467681716849,0.8983644296258935,269.0,2022-09-01,2022,9,-1.0,-1.8369701987210297e-16,45,946.9246546674617,18.895539150921294,25.748758672603802,台中市,323380.0,318026.0,285368.0,308924.6666666667,16799.875740281204,285368.0,323380.0
1,2022-10,46.53,-0.23,167958564,152483384552,319335,0.42256273993864346,78.0,0.5007801047860184,1.1628734487415133,0.6825520072915127,0.8955377410823779,271.0,2022-10-01,2022,10,-0.8660254037844386,0.5000000000000001,46,907.8631117136724,18.939227870042888,25.750321473307167,台中市,309517.0,323380.0,318026.0,316974.3333333333,5708.192611404147,309517.0,323380.0
1,2022-11,46.53,-0.23,161576975,151955316255,316357,0.4288430761870619,77.0,0.496058628878733,1.1758451284627196,0.6791497241485057,0.8930036411437955,270.0,2022-11-01,2022,11,-0.5000000000000004,0.8660254037844384,47,940.4515479696287,18.90049221865318,25.74685234257445,台中市,319335.0,309517.0,323380.0,317410.6666666667,5820.823901209252,309517.0,323380.0
1,2022-12,46.53,-0.23,164673797,153249842618,343078,0.4373085962182557,78.0,0.4954572132985696,1.1910005078012753,0.6803406616050761,0.8880274983882226,274.0,2022-12-01,2022,12,-2.4492935982947064e-16,1.0,48,930.6267627872818,18.919477093238644,25.75533538480625,台中市,316357.0,319335.0,309517.0,315069.6666666667,4110.2474648398265,309517.0,319335.0
1,2023-01,48.08,0.23,79677197,61932685158,343768,0.4379975866871923,75.0,0.5026294749871402,1.1680040899330626,0.6848510120153951,0.8955960134993203,140.0,2023-01-01,2023,1,0.49999999999999994,0.8660254037844387,49,777.294978863275,18.19349400495964,24.849313908925126,台中市,343078.0,316357.0,319335.0,326256.6666666667,11956.450485918564,316357.0,343078.0
1,2023-02,48.08,0.23,73104315,55856105396,324287,0.46050819298423085,78.0,0.47936149221373975,1.227618165236056,0.6661695414285737,0.8807682145711919,144.0,2023-02-01,2023,2,0.8660254037844386,0.5000000000000001,50,764.0603074661188,18.107397965384735,24.746044674248733,台中市,343768.0,343078.0,316357.0,334401.0,12762.14394214389,316357.0,343768.0
1,2023-03,48.08,0.23,82294468,62042629620,373026,0.47146549388957715,76.0,0.4883731981718798,1.1943656127961721,0.6735124771691823,0.8865501263098268,143.0,2023-03-01,2023,3,1.0,6.123233995736766e-17,51,753.910088099725,18.225814458042624,24.85108756025269,台中市,324287.0,343768.0,343078.0,337044.3333333333,9025.194008379482,324287.0,343768.0
1,2023-04,49.53,0.21,80874752,61000234197,370713,0.4721072158589123,78.0,0.49360251696554236,1.1810048584858692,0.6765010914654799,0.8929521786972527,144.0,2023-04-01,2023,4,0.8660254037844387,-0.4999999999999998,52,754.2555950836177,18.20841225668485,24.834143540423828,台中市,373026.0,324287.0,343768.0,347027.0,20030.615583817354,324287.0,373026.0
1,2023-05,49.53,0.21,85198748,64115660870,401854,0.48043285800396973,76.0,0.4899190977507306,1.1927107323167028,0.6744918833783802,0.8863202309029236,144.0,2023-05-01,2023,5,0.49999999999999994,-0.8660254037844387,53,752.5422893538295,18.260497308593155,24.883954490392295,台中市,370713.0,373026.0,324287.0,356008.6666666667,22450.472813630353,324287.0,373026.0
1,2023-06,49.53,0.21,84062205,65610632093,379897,0.48393560459186147,77.0,0.4916444263031938,1.1897148290509603,0.675504966827839,0.8891279142630151,145.0,2023-06-01,2023,6,1.2246467991473532e-16,-1.0,54,780.5009646487384,18.247067630356547,24.907003594367442,台中市,401854.0,370713.0,373026.0,381864.3333333333,14166.335031412402,370713.0,401854.0
1,2023-07,50.32,0.19,88352324,70328709782,344676,0.48701504444863275,77.0,0.48934349431899704,1.1957656273262762,0.67350749030665,0.8881780291370718,146.0,2023-07-01,2023,7,-0.4999999999999997,-0.8660254037844388,55,796.0029413827303,18.2968430721732,24.976445941911088,台中市,379897.0,401854.0,370713.0,384154.6666666667,13064.870565332398,370713.0,401854.0
1,2023-08,50.32,0.19,88242545,76234593126,343186,0.49555016800569385,78.0,0.4871981707326908,1.2038227845566614,0.6720191717045332,0.8852830910531876,149.0,2023-08-01,2023,8,-0.8660254037844384,-0.5000000000000004,56,863.9210612749213,18.29559978562111,25.057081174666777,台中市,344676.0,379897.0,401854.0,375475.6666666667,23551.24996446874,344676.0,401854.0
1,2023-09,50.32,0.19,84609265,79367961898,348169,0.4965748018257811,77.0,0.4988495716123206,1.166599514908621,0.6808066587033937,0.8938024931430381,147.0,2023-09-01,2023,9,-1.0,-1.8369701987210297e-16,57,938.0528467892966,18.253554345765547,25.097360621238963,台中市,343186.0,344676.0,379897.0,355919.6666666667,16965.443511902526,343186.0,379897.0
1,2023-10,50.24,0.0,88351290,79560793764,367323,0.5099923611754849,77.0,0.4942746927717847,1.180411112872906,0.6775519406677594,0.8897241907843112,147.0,2023-10-01,2023,10,-0.8660254037844386,0.5000000000000001,58,900.5051738803135,18.296831368960515,25.09978726781806,台中市,348169.0,343186.0,344676.0,345343.6666666667,2088.3656023045605,343186.0,348169.0
1,2023-11,50.24,0.0,84398456,79056862842,370087,0.5132258817625763,77.0,0.4958521343140014,1.1773753256342638,0.6790872335389643,0.8926046822467938,146.0,2023-11-01,2023,11,-0.5000000000000004,0.8660254037844384,59,936.7098237199979,18.251059677408545,25.093433213316796,台中市,367323.0,348169.0,343186.0,352892.6666666667,10404.59713566823,343186.0,367323.0
1,2023-12,50.24,0.0,87034319,89612961117,375113,0.5182566086373354,77.0,0.48779648960888256,1.201628530936774,0.6728887371428734,0.8866488746812622,147.0,2023-12-01,2023,12,-2.4492935982947064e-16,1.0,60,1029.6278772170322,18.28181308158961,25.218765801800544,台中市,370087.0,367323.0,348169.0,361859.6666666667,9746.30491804743,348169.0,370087.0
1,2024-01,52.76,0.59,84537776,81406613873,387540,0.5237582663636668,77.0,0.48205497452737267,1.2140672018093912,0.668401011637685,0.8840788879991355,147.0,2024-01-01,2024,1,0.49999999999999994,0.8660254037844387,61,962.9613851327246,18.252709057512337,25.122722358177523,台中市,375113.0,370087.0,367323.0,370841.0,3224.6355866464455,367323.0,375113.0
1,2024-02,52.76,0.59,79776643,70589587990,330227,0.5243273648403581,77.0,0.4866954641003562,1.2017388205338393,0.671207172756066,0.8894659179880507,148.0,2024-02-01,2024,2,0.8660254037844386,0.5000000000000001,62,884.8402907853618,18.194741337876128,24.980148491688507,台中市,387540.0,375113.0,370087.0,377580.0,7335.592182412178,370087.0,387540.0
1,2024-03,52.76,0.59,86498675,79570402030,448145,0.5399294844689817,77.0,0.4813749458743552,1.2057905505147672,0.6663931094898274,0.8849276824182567,146.0,2024-03-01,2024,3,1.0,6.123233995736766e-17,63,919.9031318109786,18.27563966542658,25.099908026868018,台中市,330227.0,387540.0,375113.0,364293.3333333333,24616.98441230273,330227.0,387540.0
1,2024-04,54.83,0.36,86254094,75798015035,432473,0.545963870422197,77.0,0.48550074541585614,1.1998086288356191,0.6696977653025954,0.8878689746599159,147.0,2024-04-01,2024,4,0.8660254037844387,-0.4999999999999998,64,878.7758530626963,18.272808091009555,25.051337942391697,台中市,448145.0,330227.0,387540.0,388637.3333333333,48146.07485789701,330227.0,448145.0
1,2024-05,54.83,0.36,90060500,84694887663,483608,0.5495887209153847,78.0,0.4887002343505088,1.1824023272677038,0.6715775395428628,0.8918367097673231,147.0,2024-05-01,2024,5,0.49999999999999994,-0.8660254037844387,65,940.4221347094453,18.315992235780254,25.162321078624586,台中市,432473.0,448145.0,330227.0,403615.0,52286.083578711456,330227.0,448145.0
1,2024-06,54.83,0.36,89141438,86495357643,453414,0.5513645068189275,77.0,0.4873132577798228,1.1898543530738583,0.6701772973417818,0.8922397347909062,149.0,2024-06-01,2024,6,1.2246467991473532e-16,-1.0,66,970.3159336850725,18.305734868498,25.18335658058853,台中市,483608.0,432473.0,448145.0,454742.0,21390.611071215335,432473.0,483608.0
1,2024-07,56.17,0.3,91691044,84697520756,465035,0.5552132441637375,77.0,0.4854092898894359,1.198531407093769,0.6694261982664305,0.8893829041798237,149.0,2024-07-01,2024,7,-0.4999999999999997,-0.8660254037844388,67,923.7273027014503,18.333935277060057,25.16235216730235,台中市,453414.0,483608.0,432473.0,456498.3333333333,20989.392405583243,432473.0,483608.0
1,2024-08,56.17,0.3,93106666,82965009692,460747,0.5587615606384188,77.0,0.4821285122881532,1.2081950579071625,0.6663613859828253,0.8900827143783668,148.0,2024-08-01,2024,8,-0.8660254037844384,-0.5000000000000004,68,891.0748634474786,18.349256350854123,25.141684785893556,台中市,465035.0,453414.0,483608.0,467352.3333333333,12435.083013617383,453414.0,483608.0
1,2024-09,56.17,0.3,89818250,97948651112,532225,0.5627842559836114,77.0,0.48674616249650543,1.1891278981066113,0.670072351665725,0.8926388568024872,148.0,2024-09-01,2024,9,-1.0,-1.8369701987210297e-16,69,1090.5205914388223,18.31329875315639,25.307709210062963,台中市,460747.0,465035.0,453414.0,459732.0,4798.234328028037,453414.0,465035.0
1,2024-10,56.26,-0.01,92201499,90631918013,491760,0.5749962047797076,78.0,0.48848016555613405,1.185750390367954,0.6717074307002319,0.8938430491243965,150.0,2024-10-01,2024,10,-0.8660254037844386,0.5000000000000001,70,982.976621811756,18.339486957374962,25.23007228391396,台中市,532225.0,460747.0,465035.0,486002.3333333333,32731.207548081013,460747.0,532225.0
1,2024-11,56.26,-0.01,89130853,88770731615,478771,0.5751253160339439,78.0,0.48511738686294215,1.194675779301362,0.6688183720175997,0.8940882906169427,150.0,2024-11-01,2024,11,-0.5000000000000004,0.8660254037844384,71,995.95963268746,18.30561611757115,25.209322833695953,台中市,491760.0,532225.0,460747.0,494910.6666666667,29265.692614770323,460747.0,532225.0
1,2024-12,56.26,-0.01,91332297,101421057010,447626,0.5811966165703684,77.0,0.4789312833617111,1.2201039180731013,0.6653758089539782,0.8861205144112383,150.0,2024-12-01,2024,12,-2.4492935982947064e-16,1.0,72,1110.4621294042347,18.33001503985356,25.342546569374928,台中市,478771.0,491760.0,532225.0,500918.6666666667,22763.178019678086,478771.0,532225.0
2,2019-01,58.07,0.29,130293075,112713025530,2128272,0.3494237203320284,80.0,0.3550256385827416,1.607725969396483,0.5660098128776222,0.8046692658071045,146.0,2019-01-01,2019,1,0.49999999999999994,0.8660254037844387,1,865.0730326995506,18.685296901772944,25.44811082834114,台北市,,,,,,,
2,2019-02,58.07,0.29,110385438,84424427124,1832165,0.3435130818613955,79.0,0.352726600432849,1.6142694996141689,0.5634082459318592,0.8057364233133721,145.0,2019-02-01,2019,2,0.8660254037844386,0.5000000000000001,2,764.8148945515802,18.519488789992664,25.15912261758649,台北市,2128272.0,,,2128272.0,0.0,2128272.0,2128272.0
2,2019-03,58.07,0.29,129442794,97672287376,2193723,0.3558907342497567,80.0,0.34948680106014773,1.6108965841839706,0.5590827327166624,0.8069375186694441,149.0,2019-03-01,2019,3,1.0,6.123233995736766e-17,3,754.5594803523787,18.678749604057398,25.30488370557459,台北市,1832165.0,2128272.0,,1980218.5,148053.5,1832165.0,2128272.0
2,2019-04,59.25,0.3,127861544,100988727768,2066611,0.353038338094838,80.0,0.35901585631546984,1.6014464642423643,0.5702195884635962,0.8064487786882973,146.0,2019-04-01,2019,4,0.8660254037844387,-0.4999999999999998,4,789.828783609871,18.66645855675871,25.338274741311704,台北市,2193723.0,1832165.0,2128272.0,2051386.6666666667,157299.21106463173,1832165.0,2193723.0
2,2019-05,59.25,0.3,135168569,104384580862,2165382,0.357871939888629,79.0,0.36033310705595434,1.5927733949260081,0.5713994723137151,0.8070175249099515,145.0,2019-05-01,2019,5,0.49999999999999994,-0.8660254037844387,5,772.2548343468814,18.7220332241335,25.37134780860414,台北市,2066611.0,2193723.0,1832165.0,2030833.0,149757.79513156123,1832165.0,2193723.0
2,2019-06,59.25,0.3,131504935,102213886645,2133721,0.3553435085915217,79.0,0.3625102826222964,1.591158328599323,0.573974619279497,0.8065593736082984,148.0,2019-06-01,2019,6,1.2246467991473532e-16,-1.0,6,777.2627441319978,18.694554944999304,25.350333382647975,台北市,2165382.0,2066611.0,2193723.0,2141905.3333333335,54483.82355851648,2066611.0,2193723.0
2,2019-07,56.28,-0.72,140909482,110347943606,2287225,0.36296553840145407,81.0,0.35538133727881305,1.6128549009862354,0.5672689010381856,0.7994442418005625,147.0,2019-07-01,2019,7,-0.4999999999999997,-0.8660254037844388,7,783.1122649787329,18.763628277655968,25.42690433428748,台北市,2133721.0,2165382.0,2066611.0,2121904.6666666665,41179.66253976457,2066611.0,2165382.0
2,2019-08,56.28,-0.72,139742416,107254876495,2281311,0.3667028914112949,81.0,0.35485919430870183,1.623269505281183,0.5675062895720938,0.7957310899791513,149.0,2019-08-01,2019,8,-0.8660254037844384,-0.5000000000000004,8,767.5184068307507,18.75531140734661,25.39847386221505,台北市,2287225.0,2133721.0,2165382.0,2195442.6666666665,66174.52815262246,2133721.0,2287225.0
2,2019-09,56.28,-0.72,129991718,107618457513,2262737,0.3831063683610982,80.0,0.34576779196047697,1.6470024443007778,0.5584945034729059,0.789357534300762,147.0,2019-09-01,2019,9,-1.0,-1.8369701987210297e-16,9,827.8870313337962,18.682981306390925,25.401858008197294,台北市,2281311.0,2287225.0,2133721.0,2234085.6666666665,71009.59364918392,2133721.0,2287225.0
2,2019-10,57.11,0.21,143355909,121657069006,2314668,0.4071254711935174,80.0,0.33575768388056104,1.6484075345250424,0.5467337380560993,0.7729033548243902,148.0,2019-10-01,2019,10,-0.8660254037844386,0.5000000000000001,10,848.6365846698374,18.780840977208026,25.524472013875243,台北市,2262737.0,2281311.0,2287225.0,2277091.0,10433.01924979853,2262737.0,2287225.0
2,2019-11,57.11,0.21,140687762,122795717704,2531760,0.4227852455283211,81.0,0.3230495038439305,1.6818168555715394,0.5338588369896736,0.7534954532861216,149.0,2019-11-01,2019,11,-0.5000000000000004,0.8660254037844384,11,872.8244444175606,18.76205354602086,25.533787979942286,台北市,2314668.0,2262737.0,2281311.0,2286238.6666666665,21485.16719868746,2262737.0,2314668.0
2,2019-12,57.11,0.21,142687886,128197284837,2549064,0.417207183236284,81.0,0.32015544512884225,1.6953212569714726,0.5310673395217307,0.7553610402497659,150.0,2019-12-01,2019,12,-2.4492935982947064e-16,1.0,12,898.4454702552675,18.776170194471373,25.576836202097937,台北市,2531760.0,2314668.0,2262737.0,2369721.6666666665,116523.31180879168,2262737.0,2531760.0
2,2020-01,57.06,0.0,139183555,185283483183,0,0.4065983585488961,82.0,0.31987284685793277,1.70983511336478,0.5320708901277884,0.7458337157719531,151.0,2020-01-01,2020,1,0.49999999999999994,0.8660254037844387,13,1331.2167747331932,18.75130416670253,25.945152830722552,台北市,2549064.0,2531760.0,2314668.0,2465164.0,106650.96222725794,2314668.0,2549064.0
2,2022-01,64.91,-0.07,304955293,450987039690,4022382,0.6319597049919051,82.0,0.24643046481887104,1.864946965155656,0.42492471839142665,0.7302018397824628,294.0,2022-01-01,2022,1,0.49999999999999994,0.8660254037844387,37,1478.86280396517,19.53567574677904,26.834704439209126,台北市,,,,,,,
2,2022-02,64.91,-0.07,260249836,353150066394,3693677,0.6392742894946531,83.0,0.24318910142734104,1.8799430517686209,0.42067738709353114,0.7285376387326522,291.0,2022-02-01,2022,2,0.8660254037844386,0.5000000000000001,38,1356.9655674787823,19.377152639138313,26.59015892080925,台北市,4022382.0,,,4022382.0,0.0,4022382.0,4022382.0
2,2022-03,64.91,-0.07,321023810,459416100457,4111877,0.6354458287689003,83.0,0.24751445763461133,1.8697187824378094,0.4306658873682921,0.7259058011927526,295.0,2022-03-01,2022,3,1.0,6.123233995736766e-17,39,1431.0966543478503,19.587025855913364,26.85322217329604,台北市,3693677.0,4022382.0,,3858029.5,164352.5,3693677.0,4022382.0
2,2022-04,66.12,-0.05,296154844,436159838031,3850874,0.6473670645076466,83.0,0.2500133858580526,1.8528631394103523,0.43013666526420213,0.7330507415235794,295.0,2022-04-01,2022,4,0.8660254037844387,-0.4999999999999998,40,1472.7425428536972,19.50639300050615,26.801274614104546,台北市,4111877.0,3693677.0,4022382.0,3942645.3333333335,179798.52058778337,3693677.0,4111877.0
2,2022-05,66.12,-0.05,288374296,434814079768,3970900,0.6686419097491269,83.0,0.24212608987323653,1.8687975950532898,0.4123365558211887,0.7388659077992167,293.0,2022-05-01,2022,5,0.49999999999999994,-0.8660254037844387,41,1507.8114998432454,19.479769836657216,26.798184373842588,台北市,3850874.0,4111877.0,3693677.0,3885476.0,172473.7348177977,3693677.0,4111877.0
2,2022-06,66.12,-0.05,313198678,436391787467,4066680,0.6653302732012171,83.0,0.24853179570021247,1.853616212048593,0.42186512038853496,0.7381082081068043,295.0,2022-06-01,2022,6,1.2246467991473532e-16,-1.0,42,1393.3385359532074,19.56234830431979,26.801806271910653,台北市,3970900.0,3850874.0,4111877.0,3977883.6666666665,106668.39645159927,3850874.0,4111877.0
2,2022-07,67.07,0.03,335417624,434153202924,4025267,0.6481623756299699,83.0,0.25912605578167774,1.8250719229234424,0.44258623094891403,0.7440031982338531,302.0,2022-07-01,2022,7,-0.4999999999999997,-0.8660254037844388,43,1294.3661032075047,19.630886955167714,26.79666331088756,台北市,4066680.0,3970900.0,3850874.0,3962818.0,88287.58482746409,3850874.0,4066680.0
2,2022-08,67.07,0.03,333707294,442482128585,4178254,0.653315689887198,83.0,0.25786488353096737,1.83780884311622,0.44241376396165916,0.741837282106276,305.0,2022-08-01,2022,8,-0.8660254037844384,-0.5000000000000004,44,1325.9588164261102,19.625774804435608,26.815665913202533,台北市,4025267.0,4066680.0,3970900.0,4020949.0,39221.048286177494,3970900.0,4066680.0
2,2022-09,67.07,0.03,321875889,445680885691,4023511,0.6624509703490092,83.0,0.2545088832309634,1.8390360973551474,0.4352488794213474,0.7406054294424023,302.0,2022-09-01,2022,9,-1.0,-1.8369701987210297e-16,45,1384.6358205817646,19.589676594426997,26.82286902993935,台北市,4178254.0,4025267.0,4066680.0,4090067.0,64608.92285641873,4025267.0,4178254.0
2,2022-10,66.06,-0.43,330461986,458028885495,3992425,0.6646632360310272,82.0,0.2568575024345791,1.8384533465795028,0.4414929316559878,0.7397873956976099,298.0,2022-10-01,2022,10,-0.8660254037844386,0.5000000000000001,46,1386.0259421638893,19.61600219399964,26.850198087840404,台北市,4023511.0,4178254.0,4025267.0,4075677.3333333335,72536.19920349348,4023511.0,4178254.0
2,2022-11,66.06,-0.43,343553096,481298852498,4406653,0.6742328498765734,83.0,0.2494787910113451,1.8681448794601394,0.43299235760634797,0.7307064698959953,300.0,2022-11-01,2022,11,-0.5000000000000004,0.8660254037844384,47,1400.9445937230034,19.65485223410019,26.899754229082678,台北市,3992425.0,4023511.0,4178254.0,4064730.0,81270.57188183187,3992425.0,4178254.0
2,2022-12,66.06,-0.43,344211354,502868096490,4199877,0.6686126512840131,83.0,0.25288131341975695,1.8559430175337865,0.43777423158447004,0.7337112592747304,303.0,2022-12-01,2022,12,-2.4492935982947064e-16,1.0,48,1460.9282658642342,19.656766430738536,26.9435937390406,台北市,4406653.0,3992425.0,4023511.0,4140863.0,188369.8983808188,3992425.0,4406653.0
2,2023-01,64.5,-0.55,150601015,164370591585,3727852,0.6636405006964926,81.0,0.25776429055075445,1.8402513565810406,0.44537806069899327,0.7409886513713071,154.0,2023-01-01,2023,1,0.49999999999999994,0.8660254037844387,49,1091.4308352105063,18.830144619655254,25.825389420270128,台北市,4199877.0,4406653.0,3992425.0,4199651.666666667,169107.94792544658,3992425.0,4406653.0
2,2023-02,64.5,-0.55,149638846,154092960259,3635510,0.6842537398343743,81.0,0.2446477398567704,1.869110052310783,0.4263753009696426,0.7210150431125351,154.0,2023-02-01,2023,2,0.8660254037844386,0.5000000000000001,50,1029.7657618864555,18.823735262255486,25.760821895295823,台北市,3727852.0,4199877.0,4406653.0,4111460.6666666665,284084.2426702959,3727852.0,4406653.0
2,2023-03,64.5,-0.55,168243555,184172920014,4143959,0.6848120511956609,83.0,0.2516407344724258,1.848800351360241,0.43644973502848294,0.7298361711389182,158.0,2023-03-01,2023,3,1.0,6.123233995736766e-17,51,1094.6803876915226,18.940923225607055,25.939140935926336,台北市,3635510.0,3727852.0,4199877.0,3854413.0,247171.72534225404,3635510.0,4199877.0
2,2023-04,66.54,0.3,157588199,167111986727,3730587,0.6784687665603691,81.0,0.25755428202143765,1.8334433010055884,0.44489548357615283,0.7397150214274612,156.0,2023-04-01,2023,4,0.8660254037844387,-0.4999999999999998,52,1060.4346504842028,18.875495859488478,25.841930003834975,台北市,4143959.0,3635510.0,3727852.0,3835773.6666666665,221156.67297541705,3635510.0,4143959.0
2,2023-05,66.54,0.3,168545559,180484974893,4017560,0.6835597727021689,82.0,0.2627761987119376,1.8187663464122417,0.4529884765459765,0.7429690746108594,158.0,2023-05-01,2023,5,0.49999999999999994,-0.8660254037844387,53,1070.8379144715407,18.942716656965725,25.918913369670086,台北市,3730587.0,4143959.0,3635510.0,3836685.3333333335,220715.10845783883,3635510.0,4143959.0
2,2023-06,66.54,0.3,165014366,180215260906,3927793,0.6878351670302452,82.0,0.2632349960470013,1.8182964987185573,0.4528983737088685,0.7448409370612011,158.0,2023-06-01,2023,6,1.2246467991473532e-16,-1.0,54,1092.1186153331644,18.921543100801518,25.91741786725285,台北市,4017560.0,3730587.0,4143959.0,3964035.3333333335,172950.41688748702,3730587.0,4143959.0
2,2023-07,67.13,0.15,172601473,180285931136,3970311,0.6842900002365565,81.0,0.26816209230439797,1.810362623733442,0.461814911625928,0.7459412238040402,157.0,2023-07-01,2023,7,-0.4999999999999997,-0.8660254037844388,55,1044.5213937195078,18.96649587655396,25.91780993381166,台北市,3927793.0,4017560.0,3730587.0,3891980.0,119861.87580989489,3730587.0,4017560.0
2,2023-08,67.13,0.15,174927157,188476638833,4037206,0.6957677532025516,82.0,0.26489610884133413,1.8140195351143604,0.4547324461461407,0.7472666065223939,157.0,2023-08-01,2023,8,-0.8660254037844384,-0.5000000000000004,56,1077.4578519732074,18.979880205235872,25.962239904239162,台北市,3970311.0,3927793.0,4017560.0,3971888.0,36664.18569485305,3927793.0,4017560.0
2,2023-09,67.13,0.15,168377822,185630633875,3819302,0.6951921732305101,81.0,0.2663423059330019,1.8082139102888084,0.4570671189700981,0.7492953852319102,157.0,2023-09-01,2023,9,-1.0,-1.8369701987210297e-16,57,1102.4648713831207,18.941720958701247,25.947024696889937,台北市,4037206.0,3970311.0,3927793.0,3978436.6666666665,45035.69685137434,3927793.0,4037206.0
2,2023-10,67.22,0.04,172957694,193482125131,3983996,0.7023578899010992,81.0,0.26182847093113615,1.8207686191984722,0.4504397532034626,0.7445535785184555,158.0,2023-10-01,2023,10,-0.8660254037844386,0.5000000000000001,58,1118.6673495484972,18.96855758498561,25.988450968570458,台北市,3819302.0,4037206.0,3970311.0,3942273.0,91141.4116890158,3819302.0,4037206.0
2,2023-11,67.22,0.04,177204673,203625632419,4148939,0.714450645440936,82.0,0.2564702133201876,1.8417067332116404,0.44430070983511816,0.7383842637152125,160.0,2023-11-01,2023,11,-0.5000000000000004,0.8660254037844384,59,1149.0985478639154,18.992815972762557,26.039549009671042,台北市,3983996.0,3819302.0,4037206.0,3946834.6666666665,92758.6898906093,3819302.0,4037206.0
2,2023-12,67.22,0.04,178266195,204581491664,4084975,0.7071074131581706,81.0,0.2559132045860185,1.848489968629839,0.4441299989602628,0.738142343813419,157.0,2023-12-01,2023,12,-2.4492935982947064e-16,1.0,60,1147.6179859226816,18.998788474281124,26.044232225301705,台北市,4148939.0,3983996.0,3819302.0,3984079.0,134573.75452145192,3819302.0,4148939.0
2,2024-01,68.82,0.37,172945472,190981832063,4147192,0.7148638849590696,81.0,0.2507371060131447,1.8559302259252815,0.4336105891225646,0.7372569025686895,158.0,2024-01-01,2024,1,0.49999999999999994,0.8660254037844387,61,1104.2892875680493,18.96848691780973,25.97544414038507,台北市,4084975.0,4148939.0,3983996.0,4072636.6666666665,67900.53590526531,3983996.0,4148939.0
2,2024-02,68.82,0.37,154611553,154243951645,3694303,0.715106218485497,82.0,0.2497427153536784,1.8708489881173642,0.4352171405975076,0.731588770730477,158.0,2024-02-01,2024,2,0.8660254037844386,0.5000000000000001,62,997.6224198782868,18.85642642612457,25.76180128759197,台北市,4147192.0,4084975.0,4148939.0,4127035.3333333335,29749.697279505588,4084975.0,4148939.0
2,2024-03,68.82,0.37,175684907,186381026722,4153125,0.7208587815685271,81.0,0.2490422894932624,1.8629741989412434,0.43304151904181504,0.7330624309121785,158.0,2024-03-01,2024,3,1.0,6.123233995736766e-17,63,1060.8824053508479,18.984202653053675,25.951058946050416,台北市,3694303.0,4147192.0,4084975.0,3975490.0,200445.06396017838,3694303.0,4147192.0
2,2024-04,70.69,0.28,169902851,179156878122,3944335,0.7226755953612574,82.0,0.25499740121687564,1.847959463778107,0.44164190629149597,0.7402495559065103,159.0,2024-04-01,2024,4,0.8660254037844387,-0.4999999999999998,64,1054.4665793865931,18.95073737284618,25.91152767305555,台北市,4153125.0,3694303.0,4147192.0,3998206.6666666665,214905.99352947067,3694303.0,4153125.0
2,2024-05,70.69,0.28,178599146,189978489197,4094588,0.7252874658202453,81.0,0.2566612217074418,1.8425786760493783,0.4446040128321778,0.7407379988255934,158.0,2024-05-01,2024,5,0.49999999999999994,-0.8660254037844387,65,1063.7144323019327,19.000654450359434,25.970176687950257,台北市,3944335.0,4153125.0,3694303.0,3930587.6666666665,187565.36425351977,3694303.0,4153125.0
2,2024-06,70.69,0.28,174431178,185227295698,4160665,0.7293781046413618,82.0,0.2563618254110992,1.8447877419021181,0.4436170464892463,0.741336660582548,158.0,2024-06-01,2024,6,1.2246467991473532e-16,-1.0,66,1061.893279755297,18.977040832129877,25.94484953328219,台北市,4094588.0,3944335.0,4153125.0,4064016.0,87936.7250280943,3944335.0,4153125.0
2,2024-07,71.82,0.24,179297688,188575628721,4258496,0.7292058612601854,82.0,0.26080370753822596,1.829807391578317,0.4494491529639802,0.7452444729794843,159.0,2024-07-01,2024,7,-0.4999999999999997,-0.8660254037844388,67,1051.7460142653931,19.00455804947947,25.96276497674922,台北市,4160665.0,4094588.0,3944335.0,4066529.3333333335,90517.52613475223,3944335.0,4160665.0
2,2024-08,71.82,0.24,183443397,193385122852,4289486,0.7303796004170158,82.0,0.25940239607566684,1.8356581627434416,0.44776462572812037,0.7456576373801015,161.0,2024-08-01,2024,8,-0.8660254037844384,-0.5000000000000004,68,1054.1950597000773,19.02741672011035,25.98794949277204,台北市,4258496.0,4160665.0,4094588.0,4171249.6666666665,67332.4314741583,4094588.0,4258496.0
2,2024-09,71.82,0.24,175689690,194935896618,4040396,0.7330058980694883,82.0,0.26029605931388766,1.8245860873619664,0.4473054508776241,0.7485609258004837,160.0,2024-09-01,2024,9,-1.0,-1.8369701987210297e-16,69,1109.5465910264854,18.984229877560022,25.99593660617769,台北市,4289486.0,4258496.0,4160665.0,4236215.666666667,54900.045235763595,4160665.0,4289486.0
2,2024-10,71.21,-0.17,176730529,196652748851,4216068,0.7381664375598627,82.0,0.25763616718708,1.8353189798033833,0.44495864661843454,0.7411209242744925,160.0,2024-10-01,2024,10,-0.8660254037844386,0.5000000000000001,70,1112.7265332352397,18.990136701086396,26.004705314124703,台北市,4040396.0,4289486.0,4258496.0,4196126.0,110842.13909881025,4040396.0,4289486.0
2,2024-11,71.21,-0.17,185696567,198100872187,4432607,0.7464337560963096,82.0,0.25385958602500275,1.8495337742111875,0.4406072730466794,0.7392299934117791,160.0,2024-11-01,2024,11,-0.5000000000000004,0.8660254037844384,71,1066.7987857147623,19.039624544730504,26.012042193407503,台北市,4216068.0,4040396.0,4289486.0,4181983.3333333335,104507.67244986794,4040396.0,4289486.0
2,2024-12,71.21,-0.17,186912671,207255915709,4426203,0.739724039361676,82.0,0.24827405486670232,1.868921591877525,0.43163275431444664,0.7364888279832029,160.0,2024-12-01,2024,12,-2.4492935982947064e-16,1.0,72,1108.838232315454,19.046152071090493,26.057220174390395,台北市,4432607.0,4216068.0,4040396.0,4229690.333333333,160408.9421953222,4040396.0,4432607.0
3,2019-01,28.89,0.38,42527561,18502902572,30462,0.14528253806984134,65.0,0.5284564538202321,1.0465857732210222,0.7014888533109153,0.9204992028581184,108.0,2019-01-01,2019,1,0.49999999999999994,0.8660254037844387,1,435.08026646531647,17.565662941345007,23.641193452561662,台南市,,,,,,,
3,2019-02,28.89,0.38,40062359,15728648635,27225,0.13209184711264757,66.0,0.5436776103170499,1.0006535702383306,0.711331277321937,0.9299937380122824,111.0,2019-02-01,2019,2,0.8660254037844386,0.5000000000000001,2,392.60415581119423,17.505947798099275,23.478749640345196,台南市,30462.0,,,30462.0,0.0,30462.0,30462.0
3,2019-03,28.89,0.38,43909593,17266676495,35068,0.15372996055782162,65.0,0.5215606799739658,1.0506002389367293,0.6951273722805857,0.9239916662402223,109.0,2019-03-01,2019,3,1.0,6.123233995736766e-17,3,393.2324422820316,17.597643396309774,23.572044266809986,台南市,27225.0,30462.0,,28843.5,1618.5,27225.0,30462.0
3,2019-04,29.18,0.08,44079291,17294484164,38367,0.1484950835529546,67.0,0.5266461741934987,1.0331753046378112,0.6972985341347709,0.9251080966796857,110.0,2019-04-01,2019,4,0.8660254037844387,-0.4999999999999998,4,392.34941787062775,17.601500660973954,23.57365345321859,台南市,35068.0,27225.0,30462.0,30918.333333333332,3218.109417378816,27225.0,35068.0
3,2019-05,29.18,0.08,45928509,17983904030,42454,0.14925958079762616,68.0,0.5289499863853246,1.0271028660874384,0.6991695288867313,0.9247720190524801,112.0,2019-05-01,2019,5,0.49999999999999994,-0.8660254037844387,5,391.5629838974307,17.64259661510518,23.612742974288917,台南市,38367.0,35068.0,27225.0,33553.333333333336,4673.093360457884,27225.0,38367.0
3,2019-06,29.18,0.08,46149958,17998555038,49018,0.14941968094532176,69.0,0.5253501785563875,1.029927948390747,0.6947911198532402,0.9251882526090273,112.0,2019-06-01,2019,6,1.2246467991473532e-16,-1.0,6,390.00154752036826,17.647406630505373,23.613557316009206,台南市,42454.0,38367.0,35068.0,38629.666666666664,3021.036724187392,35068.0,42454.0
3,2019-07,28.41,-0.19,46320333,19272216054,60757,0.1569411428885885,69.0,0.5154324162984515,1.0567249130784797,0.6867798208618232,0.9222478603510902,115.0,2019-07-01,2019,7,-0.4999999999999997,-0.8660254037844388,7,416.0638494114453,17.651091601911133,23.681930313020136,台南市,49018.0,42454.0,38367.0,43279.666666666664,4387.2728304595885,38367.0,49018.0
3,2019-08,28.41,-0.19,45519165,19013778816,60242,0.15776574548324865,71.0,0.5190790579097583,1.048906943101092,0.6900616476598374,0.9226678257388948,116.0,2019-08-01,2019,8,-0.8660254037844384,-0.5000000000000004,8,417.7093058714939,17.633644025997636,23.668429754176483,台南市,60757.0,49018.0,42454.0,50743.0,7571.070862170027,42454.0,60757.0
3,2019-09,28.41,-0.19,46010915,18756281332,56742,0.16284951081716154,72.0,0.5202552567451706,1.0457322651652214,0.6911029480722128,0.9227462657502029,120.0,2019-09-01,2019,9,-1.0,-1.8369701987210297e-16,9,407.64851844393877,17.644389230648972,23.654794537688044,台南市,60242.0,60757.0,49018.0,56672.333333333336,5416.51304397539,49018.0,60757.0
3,2019-10,29.47,0.26,47642666,19942072822,50228,0.16694760532502526,72.0,0.525765567948138,1.0344248101925262,0.6959162612772342,0.9243222031277595,119.0,2019-10-01,2019,10,-0.8660254037844386,0.5000000000000001,10,418.5759214650163,17.679239283252176,23.716097549086392,台南市,56742.0,60242.0,60757.0,59247.0,1783.736714503199,56742.0,60757.0
3,2019-11,29.47,0.26,44916612,20968984943,49052,0.17075704641302866,72.0,0.5312211349198376,1.0314132640668898,0.7019635630576946,0.9229336798599147,118.0,2019-11-01,2019,11,-0.5000000000000004,0.8660254037844384,11,466.84253351521704,17.620318284279364,23.76631027553846,台南市,50228.0,56742.0,60242.0,55737.333333333336,4149.463044245069,50228.0,60242.0
3,2019-12,29.47,0.26,44362996,19944079412,54212,0.17678887151805528,73.0,0.5322073704706832,1.0420283772852852,0.7046367652897022,0.9196463196489254,121.0,2019-12-01,2019,12,-2.4492935982947064e-16,1.0,12,449.5656562960716,17.607916279029954,23.71619816495878,台南市,49052.0,50228.0,56742.0,52007.333333333336,3382.1635416138915,49052.0,56742.0
3,2020-01,29.81,0.09,46536162,29108867305,0,0.1622160847729557,69.0,0.5406070611347209,1.0233693218318198,0.7105059287012109,0.9271757520527799,116.0,2020-01-01,2020,1,0.49999999999999994,0.8660254037844387,13,625.5107007965117,17.655740267231202,24.094308683125874,台南市,54212.0,49052.0,50228.0,51164.0,2208.0869548095247,49052.0,54212.0
3,2022-01,36.84,0.2,89886582,64068487454,67981,0.31195474759514163,75.0,0.5007341853098345,1.1180254766901119,0.6770465696426192,0.9096560708026478,245.0,2022-01-01,2022,1,0.49999999999999994,0.8660254037844387,37,712.7703159744132,18.31405924469991,24.883218464623965,台南市,,,,,,,
3,2022-02,36.84,0.2,79871180,52319682864,59921,0.31390237379740726,75.0,0.5090545935192736,1.0955969170135245,0.6825229826327844,0.9164268388172054,240.0,2022-02-01,2022,2,0.8660254037844386,0.5000000000000001,38,655.0508314012638,18.195925657312362,24.680638482628208,台南市,67981.0,,,67981.0,0.0,67981.0,67981.0
3,2022-03,36.84,0.2,96436452,62594592972,75716,0.33763459070435314,74.0,0.4832475935768419,1.1551384033738157,0.6618509876327677,0.9088052306196417,246.0,2022-03-01,2022,3,1.0,6.123233995736766e-17,39,649.0760669212509,18.3843948312562,24.859944737088767,台南市,59921.0,67981.0,,63951.0,4030.0,59921.0,67981.0
3,2022-04,38.26,0.15,92874409,61484195427,69323,0.3372659954153786,73.0,0.4967020532788722,1.1077055304353967,0.6700082150724641,0.9137412007650029,243.0,2022-04-01,2022,4,0.8660254037844387,-0.4999999999999998,40,662.0143922207892,18.346758708357523,24.842045993822033,台南市,75716.0,59921.0,67981.0,67872.66666666667,6448.736741064528,59921.0,75716.0
3,2022-05,38.26,0.15,90675043,59455681224,80022,0.3470784568583,74.0,0.4993871528544111,1.0961049038520423,0.6729583574611594,0.9155237014886224,242.0,2022-05-01,2022,5,0.49999999999999994,-0.8660254037844387,41,655.7006123945263,18.32279272838264,24.80849701859556,台南市,69323.0,75716.0,59921.0,68320.0,6487.167486661648,59921.0,75716.0
3,2022-06,38.26,0.15,95487398,61283778716,93632,0.34737428911823526,73.0,0.499122810421178,1.091690920026527,0.6705498038599816,0.917992832939065,238.0,2022-06-01,2022,6,1.2246467991473532e-16,-1.0,42,641.7996510492411,18.374504849101122,24.83878102361408,台南市,80022.0,69323.0,75716.0,75020.33333333333,4395.4608657366325,69323.0,80022.0
3,2022-07,40.16,0.34,103897243,68472472503,112529,0.34793598902330836,74.0,0.499261850093942,1.1003859948536705,0.6714105301138742,0.9168250787944392,244.0,2022-07-01,2022,7,-0.4999999999999997,-0.8660254037844388,43,659.0403222056624,18.458912930212353,24.949697640191243,台南市,93632.0,80022.0,69323.0,80992.33333333333,9947.798092487044,69323.0,93632.0
3,2022-08,40.16,0.34,101876533,68005530812,117329,0.35783252459131093,73.0,0.4976476385477611,1.1161067426161657,0.6716684400714735,0.912413175662348,254.0,2022-08-01,2022,8,-0.8660254037844384,-0.5000000000000004,44,667.5289078791089,18.439272187080647,24.94285487430026,台南市,112529.0,93632.0,80022.0,95394.33333333333,13329.30671698853,80022.0,112529.0
3,2022-09,40.16,0.34,101256885,69088568806,121280,0.3634879741757807,74.0,0.502921356688453,1.0942923950688843,0.6756069278647077,0.9168738698608,252.0,2022-09-01,2022,9,-1.0,-1.8369701987210297e-16,45,682.3098380520001,18.433171271514897,24.958655124324466,台南市,117329.0,112529.0,93632.0,107830.0,10228.958989066286,93632.0,117329.0
3,2022-10,39.22,-0.34,104974884,70356369975,124188,0.3737544687355882,75.0,0.5073748887469107,1.0827087883752782,0.6796097912334916,0.9184692025951655,250.0,2022-10-01,2022,10,-0.8660254037844386,0.5000000000000001,46,670.2209832877738,18.469231689035002,24.976839163330215,台南市,121280.0,117329.0,112529.0,117046.0,3578.1808227086567,112529.0,121280.0
3,2022-11,39.22,-0.34,101195295,72325402962,124021,0.3858350232587395,74.0,0.50983361714973,1.0842823412207427,0.682905722049627,0.9164239404608683,252.0,2022-11-01,2022,11,-0.5000000000000004,0.8660254037844384,47,714.711123298766,18.432562831523867,25.004441259352024,台南市,124188.0,121280.0,117329.0,120932.33333333333,2810.9457878483217,117329.0,124188.0
3,2022-12,39.22,-0.34,100681951,66468701887,141756,0.39447540105773277,74.0,0.5153815674809207,1.0885410123748618,0.6902038280922864,0.9141020320514051,259.0,2022-12-01,2022,12,-2.4492935982947064e-16,1.0,48,660.1848814689736,18.42747711620395,24.919997025517794,台南市,124021.0,124188.0,121280.0,123163.0,1333.2264123796328,121280.0,124188.0
3,2023-01,39.96,0.07,49187818,28330627468,130160,0.39278178592919083,73.0,0.5241522258634166,1.0624396339875313,0.6955222327609654,0.9235313711211992,137.0,2023-01-01,2023,1,0.49999999999999994,0.8660254037844387,49,575.9683722502185,17.711156569508415,24.06720929911398,台南市,141756.0,124021.0,124188.0,129988.33333333333,8321.27619752857,124021.0,141756.0
3,2023-02,39.96,0.07,44825345,25116521364,119546,0.4164309499458398,74.0,0.5003074421832331,1.118155082109471,0.6762530438973755,0.9084039843976661,138.0,2023-02-01,2023,2,0.8660254037844386,0.5000000000000001,50,560.3196442548295,17.61828429633254,23.946791688264398,台南市,130160.0,141756.0,124021.0,131979.0,7353.644311949462,124021.0,141756.0
3,2023-03,39.96,0.07,50759988,27961163523,150478,0.427817674030971,74.0,0.4940906076012725,1.1230118481727982,0.6707459426507351,0.9123424536664586,138.0,2023-03-01,2023,3,1.0,6.123233995736766e-17,51,550.8504754374646,17.742618984104368,24.054082367323154,台南市,119546.0,130160.0,141756.0,130487.33333333333,9070.148302107425,119546.0,141756.0
3,2023-04,40.94,0.12,50100963,27334288590,145278,0.4246477857122227,75.0,0.5023991450475966,1.097386194127992,0.6748815985832448,0.9167219001359315,141.0,2023-04-01,2023,4,0.8660254037844387,-0.4999999999999998,52,545.5840956589996,17.729550807386943,24.03140774338309,台南市,150478.0,119546.0,130160.0,133394.66666666666,12833.405817977115,119546.0,150478.0
3,2023-05,40.94,0.12,52162245,27310968123,169375,0.4316696300168829,73.0,0.5012219949882538,1.0963031539815986,0.6738322324892266,0.9155128196648745,137.0,2023-05-01,2023,5,0.49999999999999994,-0.8660254037844387,53,523.5773138790327,17.769869534471574,24.03055422123615,台南市,145278.0,150478.0,119546.0,138434.0,13523.49580051943,119546.0,150478.0
3,2023-06,40.94,0.12,51629739,27564917319,157038,0.4376139689569223,74.0,0.5010996023692723,1.0985708921861475,0.6729320092050048,0.9167105028363595,139.0,2023-06-01,2023,6,1.2246467991473532e-16,-1.0,54,533.8961198118782,17.759608421011272,24.03980968952773,台南市,169375.0,145278.0,150478.0,155043.66666666666,10353.754112505387,145278.0,169375.0
3,2023-07,40.67,-0.06,52802368,29178545186,145626,0.43845274136190254,74.0,0.49989007489318493,1.1040496823103438,0.6724199187430382,0.916038045869458,142.0,2023-07-01,2023,7,-0.4999999999999997,-0.8660254037844388,55,552.599178620171,17.78206661509422,24.096699522286865,台南市,157038.0,169375.0,145278.0,157230.33333333334,9838.499083814675,145278.0,169375.0
3,2023-08,40.67,-0.06,53283842,31807821134,155253,0.4482778850669214,74.0,0.49882257257948837,1.1107655948607738,0.6721060767352324,0.9140800882939334,139.0,2023-08-01,2023,8,-0.8660254037844384,-0.5000000000000004,56,596.9505940281108,17.79114370997366,24.18297804413389,台南市,145626.0,157038.0,169375.0,157346.33333333334,9697.93972392533,145626.0,169375.0
3,2023-09,40.67,-0.06,51105781,29389528334,166767,0.4511770008954564,74.0,0.5044053720037069,1.093780354823314,0.6768915438353246,0.917305989316551,140.0,2023-09-01,2023,9,-1.0,-1.8369701987210297e-16,57,575.0724821913983,17.749408199457807,24.10390426876258,台南市,155253.0,145626.0,157038.0,152639.0,5012.1973225323045,145626.0,157038.0
3,2023-10,40.47,-0.03,53148472,31872504028,174871,0.4594633689563079,74.0,0.5063726170147088,1.0884550989945387,0.6789696042437495,0.9167736374434245,141.0,2023-10-01,2023,10,-0.8660254037844386,0.5000000000000001,58,599.688059291714,17.788599932330108,24.18500953238646,台南市,166767.0,155253.0,145626.0,155882.0,8642.229689148513,145626.0,166767.0
3,2023-11,40.47,-0.03,51209568,31281548847,177089,0.4694150124445494,75.0,0.5110286946461089,1.0863130208764342,0.6842302008874591,0.9165012288328619,143.0,2023-11-01,2023,11,-0.5000000000000004,0.8660254037844384,59,610.8535976519075,17.75143696707838,24.166294266998687,台南市,174871.0,166767.0,155253.0,165630.33333333334,8049.243829219129,155253.0,174871.0
3,2023-12,40.47,-0.03,51780277,33904987147,181161,0.47333617006336215,74.0,0.5112870871235059,1.0922297468616466,0.6855010258056364,0.9149862794283623,141.0,2023-12-01,2023,12,-2.4492935982947064e-16,1.0,60,654.7857429770027,17.76251990114154,24.246827954023008,台南市,177089.0,174871.0,166767.0,172909.0,4436.440314786921,166767.0,177089.0
3,2024-01,41.76,0.3,50394099,30223271420,187756,0.47789803722852553,73.0,0.5042435989529804,1.1118234312789081,0.6801237779844025,0.9107923528903652,140.0,2024-01-01,2024,1,0.49999999999999994,0.8660254037844387,61,599.7383030898121,17.73538466269707,24.131878041439627,台南市,181161.0,177089.0,174871.0,177707.0,2604.7991605240254,174871.0,181161.0
3,2024-02,41.76,0.3,48870929,27190688102,166010,0.47892795326235765,73.0,0.513399513382905,1.0809461915173075,0.6853584060167958,0.9210577724028941,140.0,2024-02-01,2024,2,0.8660254037844386,0.5000000000000001,62,556.3775573408886,17.70469329914507,24.0261404024791,台南市,187756.0,181161.0,177089.0,182002.0,4395.2006400921755,177089.0,187756.0
3,2024-03,41.76,0.3,52820845,29360465651,221297,0.49733509564263884,74.0,0.4930223912822774,1.1235164248498564,0.6684430171459771,0.9104552946852705,140.0,2024-03-01,2024,3,1.0,6.123233995736766e-17,63,555.8499802682067,17.782416481365352,24.1029149006487,台南市,166010.0,187756.0,181161.0,178309.0,9103.938964353105,166010.0,187756.0
3,2024-04,44.48,0.53,52249169,29114302800,212638,0.4992728209706072,73.0,0.49716025832875366,1.1095177442378485,0.6701996159977205,0.9141813336782447,139.0,2024-04-01,2024,4,0.8660254037844387,-0.4999999999999998,64,557.2203990459637,17.77153456351556,24.09449539556375,台南市,221297.0,166010.0,187756.0,191687.66666666666,22741.395359319726,166010.0,221297.0
3,2024-05,44.48,0.53,54647927,30907086945,285082,0.5035063269646075,74.0,0.4978525461783617,1.1025648997294875,0.6702685904261291,0.9166711117880098,140.0,2024-05-01,2024,5,0.49999999999999994,-0.8660254037844387,65,565.5674174978311,17.816421857869898,24.15425134555643,台南市,212638.0,221297.0,166010.0,199981.66666666666,24280.30988727743,166010.0,221297.0
3,2024-06,44.48,0.53,54191829,31005439047,255073,0.5067605118107381,74.0,0.49500298935385967,1.109821167999944,0.6667725313349361,0.9168705304262751,141.0,2024-06-01,2024,6,1.2246467991473532e-16,-1.0,66,572.1423251280188,17.80804071704038,24.157428479202743,台南市,285082.0,212638.0,221297.0,239672.33333333334,32303.48732808202,212638.0,285082.0
3,2024-07,44.79,0.06,54805522,32253811400,254112,0.5119271193147289,74.0,0.496103411511981,1.1112709008960517,0.6685796004278547,0.9147712706759732,142.0,2024-07-01,2024,7,-0.4999999999999997,-0.8660254037844388,67,588.5138982893001,17.819301531511343,24.19690205618188,台南市,255073.0,285082.0,212638.0,250931.0,29719.807166265397,212638.0,285082.0
3,2024-08,44.79,0.06,56036696,33433421535,259472,0.5150118236806824,75.0,0.4934874565572276,1.1180041707196329,0.6661406304183245,0.9153701174673111,143.0,2024-08-01,2024,8,-0.8660254037844384,-0.5000000000000004,68,596.6344185424495,17.841517337653222,24.232821881408213,台南市,254112.0,255073.0,285082.0,264755.6666666667,14378.241671204292,254112.0,285082.0
3,2024-09,44.79,0.06,54217382,32585606062,306450,0.5184635067772176,74.0,0.4949694351497039,1.1130910419241997,0.6680736447215396,0.9159230521311412,142.0,2024-09-01,2024,9,-1.0,-1.8369701987210297e-16,69,601.017696907608,17.80851213454755,24.207136496005386,台南市,259472.0,254112.0,255073.0,256219.0,2333.4362358261833,254112.0,259472.0
3,2024-10,45.06,0.05,54419741,33749354892,283214,0.5273084265505784,74.0,0.5015905480542989,1.0970133341207047,0.6743053775283495,0.9177890427666681,140.0,2024-10-01,2024,10,-0.8660254037844386,0.5000000000000001,70,620.1675030390167,17.812237550404056,24.24222713980079,台南市,306450.0,259472.0,254112.0,273344.6666666667,23511.057275720763,254112.0,306450.0
3,2024-11,45.06,0.05,53501313,35284101300,291992,0.5323553087379369,75.0,0.5007517190843954,1.1062386490644558,0.674277788285308,0.9164153597501429,143.0,2024-11-01,2024,11,-0.5000000000000004,0.8660254037844384,71,659.4997266702595,17.795216772312287,24.286698311356837,台南市,283214.0,306450.0,259472.0,283045.3333333333,19179.05901990212,259472.0,306450.0
3,2024-12,45.06,0.05,53631731,32993228997,261309,0.536930553295026,74.0,0.5012663528963905,1.1152292700732402,0.676756918399669,0.9125439937786084,142.0,2024-12-01,2024,12,-2.4492935982947064e-16,1.0,72,615.1811321734143,17.7976514657947,24.219568195481422,台南市,291992.0,283214.0,306450.0,293885.3333333333,9580.064625158966,283214.0,306450.0
4,2019-01,28.72,-0.84,3947780,1687692508,6213,0.17113795601578607,28.0,0.47494992840282657,1.2804919683632499,0.6731362943223786,0.8687857479393483,46.0,2019-01-01,2019,1,0.49999999999999994,0.8660254037844387,1,427.5041942560122,15.188664206872309,21.246628053611804,台東縣,,,,,,,
4,2019-02,28.72,-0.84,4160273,1721747649,5342,0.13820967998975067,28.0,0.5083079646666218,1.2018766065324673,0.698770248971642,0.8916474952485088,47.0,2019-02-01,2019,2,0.8660254037844386,0.5000000000000001,2,413.8544871935087,15.241091495453032,21.266605687497776,台東縣,6213.0,,,6213.0,0.0,6213.0,6213.0
4,2019-03,28.72,-0.84,4018532,1762684354,6047,0.1752037808831683,28.0,0.4868040203774066,1.2362746935783173,0.6820463293560932,0.8742257122750299,48.0,2019-03-01,2019,3,1.0,6.123233995736766e-17,3,438.638874594006,15.206427468620602,21.290103685762208,台東縣,5342.0,6213.0,,5777.5,435.5,5342.0,6213.0
4,2019-04,31.34,0.64,4163947,1783301007,6586,0.16627925379453676,29.0,0.5043765352870712,1.198137100200182,0.6957110645260375,0.8863595045758268,50.0,2019-04-01,2019,4,0.8660254037844387,-0.4999999999999998,4,428.27178323835534,15.241974220646705,21.30173198266679,台東縣,6047.0,5342.0,6213.0,5867.333333333333,377.59796374215557,5342.0,6213.0
4,2019-05,31.34,0.64,4012404,1720449403,6757,0.17081580020356874,29.0,0.5118383172531329,1.173317404877026,0.7012397056727089,0.890754021778465,48.0,2019-05-01,2019,5,0.49999999999999994,-0.8660254037844387,5,428.7826956109106,15.204901370127667,21.265851375039084,台東縣,6586.0,6047.0,5342.0,5991.666666666667,509.36583665922825,5342.0,6586.0
4,2019-06,31.34,0.64,4339671,1636921831,7478,0.16726498391237493,29.0,0.514508282461854,1.17736373489904,0.7033634577367731,0.8928156074504265,51.0,2019-06-01,2019,6,1.2246467991473532e-16,-1.0,6,377.19952295922894,15.283309327183709,21.216083383431712,台東縣,6757.0,6586.0,6047.0,6463.333333333333,302.5561472226638,6047.0,6757.0
4,2019-07,32.81,0.36,5041280,1826447047,8037,0.1701185016503745,29.0,0.5009259633175782,1.2323180138791112,0.69378788720325,0.8801986797003936,50.0,2019-07-01,2019,7,-0.4999999999999997,-0.8660254037844388,7,362.29827484289706,15.433170774419343,21.325638412813035,台東縣,7478.0,6757.0,6586.0,6940.333333333333,386.5439460426488,6586.0,7478.0
4,2019-08,32.81,0.36,4638250,1749286352,7123,0.17501148062307983,29.0,0.4971799242047026,1.2295800543491775,0.6898856249663127,0.8847341130814423,53.0,2019-08-01,2019,8,-0.8660254037844384,-0.5000000000000004,8,377.1436106290088,15.349847913487656,21.282473743423786,台東縣,8037.0,7478.0,6757.0,7424.0,523.9510155221255,6757.0,8037.0
4,2019-09,32.81,0.36,4245746,1471759860,7625,0.1826091339425392,30.0,0.5127972002936849,1.1833655797515759,0.7021778975944393,0.8889740460215945,55.0,2019-09-01,2019,9,-1.0,-1.8369701987210297e-16,9,346.64340730698444,15.261428333977825,21.109724706037053,台東縣,7123.0,8037.0,7478.0,7546.0,376.2242239232698,7123.0,8037.0
4,2019-10,31.69,-0.27,4418781,1552559884,7226,0.18697328516620307,29.0,0.512977774028063,1.1804400383518565,0.7024579855847122,0.8876678884968502,52.0,2019-10-01,2019,10,-0.8660254037844386,0.5000000000000001,10,351.3547930979155,15.301374650467842,21.1631709442969,台東縣,7625.0,7123.0,8037.0,7595.0,373.7414436032839,7123.0,8037.0
4,2019-11,31.69,-0.27,4063169,1465693384,7690,0.1933643419705161,29.0,0.5062889194365191,1.2036432172785636,0.6976121347647612,0.8833671452011964,51.0,2019-11-01,2019,11,-0.5000000000000004,0.8660254037844384,11,360.7266603973401,15.217474015098738,21.105594267785463,台東縣,7226.0,7625.0,7123.0,7324.666666666667,216.49069777295796,7123.0,7625.0
4,2019-12,31.69,-0.27,4090982,1511746597,6424,0.20012310002830616,29.0,0.4932533877860993,1.2419100525222462,0.6878790960214443,0.8735508980484392,51.0,2019-12-01,2019,12,-2.4492935982947064e-16,1.0,12,369.5314711724471,15.22429584143969,21.13653150674298,台東縣,7690.0,7226.0,7625.0,7513.666666666667,205.13464412970868,7226.0,7690.0
4,2020-01,30.9,-0.19,4774259,2308456635,0,0.17337810956632224,29.0,0.5020087972733138,1.2298001283918836,0.6946298891618574,0.8831613450380468,52.0,2020-01-01,2020,1,0.49999999999999994,0.8660254037844387,13,483.5214501349843,15.378749546065295,21.559845015242793,台東縣,6424.0,7690.0,7226.0,7113.333333333333,522.9463537389747,6424.0,7690.0
4,2022-01,32.79,0.04,8434232,4240303258,4749,0.3668286573098772,32.0,0.44722546152747705,1.3545255522156783,0.6498894030896945,0.8555739277743367,98.0,2022-01-01,2022,1,0.49999999999999994,0.8660254037844387,37,502.74918427664784,15.947809339181646,22.167900626981663,台東縣,,,,,,,
4,2022-02,32.79,0.04,8156979,3865726593,4226,0.349183196376992,32.0,0.4680402330050042,1.2911045719114558,0.6652411389069409,0.875559812033352,100.0,2022-02-01,2022,2,0.8660254037844386,0.5000000000000001,38,473.91645767385205,15.914384560397892,22.07541549459024,台東縣,4749.0,,,4749.0,0.0,4749.0,4749.0
4,2022-03,32.79,0.04,8470969,3867975206,5358,0.38758529278055437,31.0,0.4504804634960864,1.324984902111767,0.6515722109241575,0.8559694882604338,100.0,2022-03-01,2022,3,1.0,6.123233995736766e-17,39,456.6154363213937,15.952155581912907,22.075997004744423,台東縣,4226.0,4749.0,,4487.5,261.5,4226.0,4749.0
4,2022-04,32.98,-0.13,8432416,4027070499,5076,0.3865152051321946,32.0,0.4756727789398913,1.2564971786754773,0.6710274967458911,0.8791173253311981,102.0,2022-04-01,2022,4,0.8660254037844387,-0.4999999999999998,40,477.570188543829,15.947594002999653,22.11630502549139,台東縣,5358.0,4226.0,4749.0,4777.666666666667,462.5814042474638,4226.0,5358.0
4,2022-05,32.98,-0.13,7771751,3390131834,5135,0.4009081093823001,31.0,0.4805284452683107,1.2274218114257287,0.6743630875461656,0.8818898083585024,101.0,2022-05-01,2022,5,0.49999999999999994,-0.8660254037844387,41,436.21210123690275,15.866006179551926,21.94413464696313,台東縣,5076.0,5358.0,4226.0,4886.666666666667,481.1384647086764,4226.0,5358.0
4,2022-06,32.98,-0.13,8972942,3809313063,6123,0.39585990860076886,32.0,0.4773491425741684,1.2440957849432164,0.671222660304725,0.8845367550575942,107.0,2022-06-01,2022,6,1.2246467991473532e-16,-1.0,42,424.53334291027403,16.009724273869512,22.060714711666623,台東縣,5135.0,5076.0,5358.0,5189.666666666667,121.44225879907793,5076.0,5358.0
4,2022-07,33.21,-0.04,11075968,5851552962,8013,0.39141301238862375,34.0,0.47680132001342007,1.2700669536316531,0.671924025060383,0.8738594224902059,111.0,2022-07-01,2022,7,-0.4999999999999997,-0.8660254037844388,43,528.3107500852295,16.220288364424725,22.48997292672159,台東縣,6123.0,5135.0,5076.0,5444.666666666667,480.25849521088355,5076.0,6123.0
4,2022-08,33.21,-0.04,10675539,5028943831,8043,0.40350337345964454,32.0,0.47813766309158756,1.272800982903104,0.673794831342942,0.8700377564074282,110.0,2022-08-01,2022,8,-0.8660254037844384,-0.5000000000000004,44,471.07165558572734,16.183465701279655,22.338475825253028,台東縣,8013.0,6123.0,5135.0,6423.666666666667,1194.0187975441963,5135.0,8013.0
4,2022-09,33.21,-0.04,9220267,4237014687,7545,0.41147647893493755,33.0,0.5012809574166195,1.1996045132528166,0.6913327997985308,0.8853766382253355,109.0,2022-09-01,2022,9,-1.0,-1.8369701987210297e-16,45,459.5327539864084,16.03691466235545,22.167124775188555,台東縣,8043.0,8013.0,6123.0,7393.0,898.1091247727082,6123.0,8043.0
4,2022-10,34.15,0.13,9009721,4201027991,7618,0.4191138660120552,32.0,0.5022770615649702,1.1967255736952016,0.6922232109074188,0.8842777706435083,103.0,2022-10-01,2022,10,-0.8660254037844386,0.5000000000000001,46,466.2772566431302,16.013814774502514,22.15859509228689,台東縣,7545.0,8043.0,8013.0,7867.0,228.01754318472953,7545.0,8043.0
4,2022-11,34.15,0.13,8752815,4013221233,7625,0.4236886076079524,35.0,0.49074183923264064,1.2351703311931834,0.6842345005578205,0.8748015352775078,112.0,2022-11-01,2022,11,-0.5000000000000004,0.8660254037844384,47,458.5063471580286,15.98488603512952,22.112860056041303,台東縣,7618.0,7545.0,8043.0,7735.333333333333,219.58496204329558,7545.0,8043.0
4,2022-12,34.15,0.13,8987230,4237191309,7423,0.4307134678872133,34.0,0.4810759281072842,1.269124806831227,0.6773367322300642,0.8664140118813026,114.0,2022-12-01,2022,12,-2.4492935982947064e-16,1.0,48,471.46799503295233,16.011315350104542,22.167166459801855,台東縣,7625.0,7618.0,7545.0,7596.0,36.175498153676706,7545.0,7625.0
4,2023-01,32.29,-0.53,5035626,2252437321,7020,0.4251391981850916,35.0,0.5054912589481623,1.2118020514161798,0.6958068371241232,0.8824444071104566,63.0,2023-01-01,2023,1,0.49999999999999994,0.8660254037844387,49,447.3003596772278,15.432048604683681,21.535278721088474,台東縣,7423.0,7625.0,7618.0,7555.333333333333,93.61742477884243,7423.0,7625.0
4,2023-02,32.29,-0.53,4182453,1686197849,6410,0.44348137325153447,35.0,0.4831577501987072,1.261378863006555,0.6780960838053649,0.8693142517082678,64.0,2023-02-01,2023,2,0.8660254037844386,0.5000000000000001,50,403.16002331646047,15.246408713575821,21.245742038395697,台東縣,7020.0,7423.0,7625.0,7356.0,251.49287597597404,7020.0,7625.0
4,2023-03,32.29,-0.53,4547214,2048794232,7368,0.4621986121612046,36.0,0.4936019341489283,1.221867428421815,0.6864253584722426,0.87094075625207,66.0,2023-03-01,2023,3,1.0,6.123233995736766e-17,51,450.5603281481804,15.330025515612764,21.440517278027198,台東縣,6410.0,7020.0,7423.0,6951.0,416.423662472087,6410.0,7423.0
4,2023-04,32.58,-0.02,4829813,1845312227,7286,0.453335770970843,36.0,0.5151405677247276,1.1708703503290243,0.7022228396834411,0.8910106871632504,67.0,2023-04-01,2023,4,0.8660254037844387,-0.4999999999999998,52,382.0670131535113,15.390318515570483,21.33591432938954,台東縣,7368.0,6410.0,7020.0,6932.666666666667,395.9472467668164,6410.0,7368.0
4,2023-05,32.58,-0.02,4569771,1673696909,7948,0.46394469219573586,37.0,0.5210842673382882,1.1494261931046539,0.7068126608532462,0.8919692037084571,69.0,2023-05-01,2023,5,0.49999999999999994,-0.8660254037844387,53,366.254000255155,15.334973871035,21.238300735273164,台東縣,7286.0,7368.0,6410.0,7021.333333333333,433.57224183391736,6410.0,7368.0
4,2023-06,32.58,-0.02,4894301,1827761726,7676,0.4699379952315969,37.0,0.5187710170813129,1.170543657502372,0.705403284350513,0.8902541956450983,68.0,2023-06-01,2023,6,1.2246467991473532e-16,-1.0,54,373.44693879677607,15.40358222929502,21.326357955202468,台東縣,7948.0,7286.0,7368.0,7534.0,294.6500749476685,7286.0,7948.0
4,2023-07,33.21,0.15,5436983,2108928008,8333,0.47473534495141884,37.0,0.5101447835732978,1.1954931048910056,0.6988241456704941,0.885758701103167,68.0,2023-07-01,2023,7,-0.4999999999999997,-0.8660254037844388,55,387.88570940906015,15.50873505332439,21.469445602725298,台東縣,7676.0,7948.0,7286.0,7636.666666666667,271.6877292448487,7286.0,7948.0
4,2023-08,33.21,0.15,5456736,2189907708,8341,0.48089260686241736,37.0,0.505279658734749,1.2104911394984217,0.6950906182743677,0.8821300865572386,68.0,2023-08-01,2023,8,-0.8660254037844384,-0.5000000000000004,56,401.3219089213772,15.512361550028027,21.507125237877688,台東縣,8333.0,7676.0,7948.0,7985.666666666667,269.5382883541574,7676.0,8333.0
4,2023-09,33.21,0.15,4620954,1962418714,9534,0.4818492025672621,35.0,0.534481799132863,1.1211355559186011,0.7169948023719778,0.8982591040724491,66.0,2023-09-01,2023,9,-1.0,-1.8369701987210297e-16,57,424.6782621077812,15.346111951653072,21.397443587654763,台東縣,8341.0,8333.0,7676.0,8116.666666666667,311.6155038219733,7676.0,8341.0
4,2023-10,34.16,0.23,4851410,1903290755,9010,0.48448780869891434,38.0,0.5208607656323587,1.1590232867224597,0.7068479060726676,0.8902793208572353,69.0,2023-10-01,2023,10,-0.8660254037844386,0.5000000000000001,58,392.31702845152233,15.394780148437421,21.366850201818604,台東縣,9534.0,8341.0,8333.0,8736.0,564.2806630274217,8333.0,9534.0
4,2023-11,34.16,0.23,4629003,1984986999,11216,0.48342310428401103,36.0,0.5160010023431192,1.1761003558793774,0.703414536564353,0.8869166859472764,66.0,2023-11-01,2023,11,-0.5000000000000004,0.8660254037844384,59,428.81523278338767,15.347852284130553,21.408878201945733,台東縣,9010.0,9534.0,8341.0,8961.666666666666,488.2378746289786,8341.0,9534.0
4,2023-12,34.16,0.23,4759810,1891560456,14222,0.4935045726615138,38.0,0.5064320709413935,1.2058622532379528,0.6962439677214006,0.8804221176895717,68.0,2023-12-01,2023,12,-2.4492935982947064e-16,1.0,60,397.4025131255239,15.375718519536951,21.360667963990224,台東縣,11216.0,9010.0,9534.0,9920.0,941.0476431438881,9010.0,11216.0
4,2024-01,34.6,0.1,4592011,1889176329,15973,0.5015739291565285,38.0,0.5031446718740888,1.2166125210955532,0.6942759936768444,0.8755834861893842,68.0,2024-01-01,2024,1,0.49999999999999994,0.8660254037844387,61,411.40500948277344,15.339828830218543,21.359406766794894,台東縣,14222.0,11216.0,9010.0,11482.666666666666,2136.1287934537613,9010.0,14222.0
4,2024-02,34.6,0.1,4892883,2000921054,12761,0.4938726309212789,38.0,0.516321494539203,1.1850428972945835,0.7036597850388002,0.8869578528650696,68.0,2024-02-01,2024,2,0.8660254037844386,0.5000000000000001,62,408.94520755963305,15.403292462653225,21.416873438996113,台東縣,15973.0,14222.0,11216.0,13803.666666666666,1964.436192793127,11216.0,15973.0
4,2024-03,34.6,0.1,4685667,1765403119,18255,0.5141530544103966,38.0,0.5048182660559493,1.1999560451768605,0.6948987198620815,0.8771141867315795,68.0,2024-03-01,2024,3,1.0,6.123233995736766e-17,63,376.76666288918955,15.36001904620149,21.291644897853704,台東縣,12761.0,15973.0,14222.0,14318.666666666666,1313.0738322306513,12761.0,15973.0
4,2024-04,37.12,0.51,4757161,1774569896,15935,0.5189990416553066,37.0,0.5259283807076269,1.1443834532790456,0.7104506238069302,0.8934543102493273,68.0,2024-04-01,2024,4,0.8660254037844387,-0.4999999999999998,64,373.031288198991,15.375161829911287,21.296823918962307,台東縣,18255.0,12761.0,15973.0,15663.0,2253.602153590262,12761.0,18255.0
4,2024-05,37.12,0.51,4681907,1697100073,17829,0.5250497286682542,38.0,0.5366917890438022,1.1097799625980578,0.718366682635943,0.8990306727579168,68.0,2024-05-01,2024,5,0.49999999999999994,-0.8660254037844387,65,362.4805176608591,15.359216277117595,21.252186792585288,台東縣,15935.0,18255.0,12761.0,15650.333333333334,2251.9303324530765,12761.0,18255.0
4,2024-06,37.12,0.51,4904170,1807324710,15296,0.5289435317291203,39.0,0.5302444175551454,1.1317894624353402,0.7132685041505494,0.8982922696399186,70.0,2024-06-01,2024,6,1.2246467991473532e-16,-1.0,66,368.52815257219874,15.405596625484549,21.315113528594594,台東縣,17829.0,15935.0,18255.0,17339.666666666668,1008.3601649322638,15935.0,18255.0
4,2024-07,37.57,0.09,5364253,2073572590,22080,0.5370272431222017,40.0,0.5193666675354026,1.1743218757029046,0.7058393778220379,0.8893322145692979,73.0,2024-07-01,2024,7,-0.4999999999999997,-0.8660254037844388,67,386.5538389035715,15.495267874984451,21.452538845960024,台東縣,15296.0,17829.0,15935.0,16353.333333333334,1075.569409919953,15296.0,17829.0
4,2024-08,37.57,0.09,5462978,2132991289,18851,0.5384363619988951,40.0,0.5077837252240727,1.2031087698636582,0.696578130096808,0.8855523489203142,70.0,2024-08-01,2024,8,-0.8660254037844384,-0.5000000000000004,68,390.4447883553622,15.51350480332873,21.48079119297675,台東縣,22080.0,15296.0,17829.0,18401.666666666668,2799.002719223799,15296.0,22080.0
4,2024-09,37.57,0.09,4854865,1916882745,19964,0.539795854261653,39.0,0.5267429284070088,1.1435875714711183,0.710930170045923,0.8944563855019655,71.0,2024-09-01,2024,9,-1.0,-1.8369701987210297e-16,69,394.8374970261789,15.395492058914718,21.373966133776698,台東縣,18851.0,22080.0,15296.0,18742.333333333332,2770.622112250043,15296.0,22080.0
4,2024-10,37.23,-0.09,4627953,1895091749,16674,0.5447592056358395,39.0,0.5283954230522462,1.1369511762616957,0.7121742593323658,0.8940888120514621,70.0,2024-10-01,2024,10,-0.8660254037844386,0.5000000000000001,70,409.4881147237234,15.347625427747603,21.362533091195285,台東縣,19964.0,18851.0,22080.0,20298.333333333332,1339.2645577164938,18851.0,22080.0
4,2024-11,37.23,-0.09,4671735,1954991182,16498,0.5365807349946005,39.0,0.516613374347745,1.1754097740416842,0.7035833582170221,0.887874633300048,71.0,2024-11-01,2024,11,-0.5000000000000004,0.8660254037844384,71,418.4721911666651,15.357041295044313,21.393651520399146,台東縣,16674.0,19964.0,18851.0,18496.333333333332,1366.3494753864727,16674.0,19964.0
4,2024-12,37.23,-0.09,4748137,2313469096,11484,0.5446917390968289,39.0,0.5100027971579656,1.2011088357334856,0.6992597307112242,0.8805628396990229,71.0,2024-12-01,2024,12,-2.4492935982947064e-16,1.0,72,487.2372250421586,15.37326309915874,21.56201400853895,台東縣,16498.0,16674.0,19964.0,17712.0,1594.0246756768436,16498.0,19964.0
5,2019-01,22.26,0.02,7282167,3346648593,7057,0.2076962805165001,27.0,0.4353277524839078,1.2548471511975565,0.6264908508689789,0.8920221137471853,48.0,2019-01-01,2019,1,0.49999999999999994,0.8660254037844387,1,459.56767992274825,15.800939178036398,21.931225262328102,嘉義市,,,,,,,
5,2019-02,22.26,0.02,6882683,2952423675,6523,0.1842176953377048,29.0,0.4553111909239997,1.1973618065460645,0.641097664965828,0.8998531531962173,51.0,2019-02-01,2019,2,0.8660254037844386,0.5000000000000001,2,428.9640645951586,15.744519250113026,21.805892255066603,嘉義市,7057.0,,,7057.0,0.0,7057.0,7057.0
5,2019-03,22.26,0.02,7296970,3090572474,7095,0.21390303098409338,28.0,0.43594295327315147,1.231875932458097,0.625495239805015,0.8993822093279814,51.0,2019-03-01,2019,3,1.0,6.123233995736766e-17,3,423.5418912233434,15.802969888503872,21.851622177686547,嘉義市,6523.0,7057.0,,6790.0,267.0,6523.0,7057.0
5,2019-04,27.49,-0.2,7325691,3042997192,6982,0.20688737758663311,27.0,0.4447158863627547,1.2190381477124603,0.6331528315895388,0.8998357970599634,49.0,2019-04-01,2019,4,0.8660254037844387,-0.4999999999999998,4,415.3870524978463,15.806898179395063,21.836108785415863,嘉義市,7095.0,6523.0,7057.0,6891.666666666667,261.14789339035883,6523.0,7095.0
5,2019-05,27.49,-0.2,7535194,3133461536,7297,0.20685320112527958,26.0,0.44919646303970767,1.2114663947862305,0.6379231908295925,0.8982687107989523,50.0,2019-05-01,2019,5,0.49999999999999994,-0.8660254037844387,5,415.8435119255058,15.83509526893813,21.86540415278105,嘉義市,6982.0,7095.0,6523.0,6866.666666666667,247.34905610403197,6523.0,7095.0
5,2019-06,27.49,-0.2,7611361,3215365312,7653,0.2021152327422126,28.0,0.4478194767382679,1.2173390170778295,0.6349757947363159,0.898471245812674,52.0,2019-06-01,2019,6,1.2246467991473532e-16,-1.0,6,422.4428866269777,15.845152688856599,21.891206815863594,嘉義市,7297.0,6982.0,7095.0,7124.666666666667,130.2979491609732,6982.0,7297.0
5,2019-07,28.07,0.14,7888590,3501151506,8407,0.21415322636871734,26.0,0.4376581588235579,1.2481956202309934,0.6268572710712561,0.8929797340209087,50.0,2019-07-01,2019,7,-0.4999999999999997,-0.8660254037844388,7,443.82475271246193,15.880928096393042,21.97635775333249,嘉義市,7653.0,7297.0,6982.0,7310.666666666667,274.10500826427005,6982.0,7653.0
5,2019-08,28.07,0.14,7637602,3470781464,8211,0.20797129779739768,29.0,0.4433034256067778,1.231860942820121,0.6312999813292183,0.8953666347107377,53.0,2019-08-01,2019,8,-0.8660254037844384,-0.5000000000000004,8,454.43340252608084,15.84859436845943,21.967645611601977,嘉義市,8407.0,7653.0,7297.0,7785.666666666667,462.76367859007934,7297.0,8407.0
5,2019-09,28.07,0.14,7542956,3563951523,8205,0.21943015443812744,28.0,0.4484955024329431,1.2157907150592688,0.6369334515540062,0.897528104366511,52.0,2019-09-01,2019,9,-1.0,-1.8369701987210297e-16,9,472.4873806767533,15.83612483816991,21.994135744891203,嘉義市,8211.0,8407.0,7653.0,8090.333333333333,319.4258738563438,7653.0,8407.0
5,2019-10,27.63,-0.1,7794808,3726944801,8512,0.2255691224209756,29.0,0.45270389883819434,1.2150817249411772,0.6415648724125085,0.8979561780097727,53.0,2019-10-01,2019,10,-0.8660254037844386,0.5000000000000001,10,478.13170010088766,15.868968557287348,22.038854647030664,嘉義市,8205.0,8211.0,8407.0,8274.333333333334,93.8414738919963,8205.0,8407.0
5,2019-11,27.63,-0.1,7292899,3368688377,8687,0.2273207129291109,28.0,0.449371403524693,1.2206235567582022,0.6391216990664481,0.8935862131094918,52.0,2019-11-01,2019,11,-0.5000000000000004,0.8660254037844384,11,461.9134828276108,15.802411830093945,21.937789300209378,嘉義市,8512.0,8205.0,8211.0,8309.333333333334,143.32790687402397,8205.0,8512.0
5,2019-12,27.63,-0.1,7477824,3506510614,9270,0.23340252458469202,30.0,0.4439670032199955,1.2454017647240714,0.6356403948528342,0.8900752411396684,54.0,2019-12-01,2019,12,-2.4492935982947064e-16,1.0,12,468.9212548998211,15.827452532266227,21.97788725317179,嘉義市,8687.0,8512.0,8205.0,8468.0,199.22014623693724,8205.0,8687.0
5,2020-01,27.4,-0.05,8090305,5197702707,0,0.21265045013754116,34.0,0.45227589170552024,1.233685292792215,0.6418818573589006,0.8842735842468238,58.0,2020-01-01,2020,1,0.49999999999999994,0.8660254037844387,13,642.4606621134802,15.906177112794007,22.371482577994122,嘉義市,9270.0,8687.0,8512.0,8823.0,324.05040760145124,8512.0,9270.0
5,2022-01,24.98,0.25,15156877,10775272877,11469,0.33837801811019513,31.0,0.40406672954051914,1.3387898197005432,0.5982831423650136,0.8641237901448959,103.0,2022-01-01,2022,1,0.49999999999999994,0.8660254037844387,37,710.9164293541473,16.53396498029517,23.100519797719954,嘉義市,,,,,,,
5,2022-02,24.98,0.25,13633123,8558648916,11852,0.33549378231238725,30.0,0.4060538091575642,1.3255758670492102,0.5976731083552903,0.8607667516826483,99.0,2022-02-01,2022,2,0.8660254037844386,0.5000000000000001,38,627.7834444829699,16.428012977703812,22.87020817784346,嘉義市,11469.0,,,11469.0,0.0,11469.0,11469.0
5,2022-03,24.98,0.25,15645454,9812357945,12647,0.36398790345105997,33.0,0.3935032675924216,1.3438978647274333,0.5870930942623972,0.8696145218924295,109.0,2022-03-01,2022,3,1.0,6.123233995736766e-17,39,627.1699079489799,16.565691017436272,23.006908443109385,嘉義市,11852.0,11469.0,,11660.5,191.5,11469.0,11852.0
5,2022-04,25.75,0.06,14905270,9619722079,12366,0.3626354302874084,34.0,0.4123978433865207,1.3091893169446283,0.6047337619513098,0.8735853828880658,107.0,2022-04-01,2022,4,0.8660254037844387,-0.4999999999999998,40,645.3906624301337,16.517225466747202,22.987081211393818,嘉義市,12647.0,11852.0,11469.0,11989.333333333334,490.6229600099132,11469.0,12647.0
5,2022-05,25.75,0.06,14309454,8914666533,11063,0.3780722171509828,33.0,0.4082513261576863,1.3090649039636169,0.6009239066703733,0.8753034881694298,105.0,2022-05-01,2022,5,0.49999999999999994,-0.8660254037844387,41,622.9913826900732,16.476431065552305,22.910963682514257,嘉義市,12366.0,12647.0,11852.0,12288.333333333334,329.1710126295381,11852.0,12647.0
5,2022-06,25.75,0.06,14935799,9474227012,11146,0.3701656001128564,35.0,0.41222474779596846,1.3025730330019427,0.6026748887019704,0.8767830900777387,108.0,2022-06-01,2022,6,1.2246467991473532e-16,-1.0,42,634.3301092897675,16.519271573648055,22.971841002845505,嘉義市,11063.0,12366.0,12647.0,12025.333333333334,690.0745531382018,11063.0,12647.0
5,2022-07,26.09,0.0,16475413,10584122731,13096,0.36389175797899576,35.0,0.40622804894845566,1.3221763331794731,0.5961728546653124,0.8704880417868736,107.0,2022-07-01,2022,7,-0.4999999999999997,-0.8660254037844388,43,642.419266272718,16.617379767020424,23.082620859685786,嘉義市,11146.0,11063.0,12366.0,11525.0,595.6413909951748,11063.0,12366.0
5,2022-08,26.09,0.0,16219079,10675804701,12627,0.37515730702094735,34.0,0.40049015025568463,1.3432134663898896,0.5919811476348318,0.8669616813630416,118.0,2022-08-01,2022,8,-0.8660254037844384,-0.5000000000000004,44,658.2250879350178,16.601698884944252,23.0912457751404,嘉義市,13096.0,11146.0,11063.0,11768.333333333334,939.413410355396,11063.0,13096.0
5,2022-09,26.09,0.0,15892994,10746503110,11927,0.3803929580543477,34.0,0.41169328040972797,1.3046991374544261,0.602345914180802,0.8725928544363636,112.0,2022-09-01,2022,9,-1.0,-1.8369701987210297e-16,45,676.1786426144753,16.581389004074992,23.097846246601165,嘉義市,12627.0,13096.0,11146.0,12289.666666666666,831.0516764250517,11146.0,13096.0
5,2022-10,27.85,0.35,16702591,11469259299,13141,0.38846242478187964,35.0,0.4108286563230012,1.304489541851863,0.600566582753538,0.8731807538123875,115.0,2022-10-01,2022,10,-0.8660254037844386,0.5000000000000001,46,686.6754564606174,16.631074474924063,23.162936188844693,嘉義市,11927.0,12627.0,13096.0,12550.0,480.3380753871867,11927.0,13096.0
5,2022-11,27.85,0.35,15937372,10321308542,13186,0.39814807610690145,36.0,0.4050326873888559,1.321554561101251,0.5962786085434914,0.868796059977768,113.0,2022-11-01,2022,11,-0.5000000000000004,0.8660254037844384,47,647.6167176119125,16.584177412223717,23.05747638576412,嘉義市,13141.0,11927.0,12627.0,12565.0,497.5486575870411,11927.0,13141.0
5,2022-12,27.85,0.35,16425092,10814865842,19618,0.40280237090909443,36.0,0.41192970228095205,1.3145066157340701,0.6051043732357785,0.866058893307873,112.0,2022-12-01,2022,12,-2.4492935982947064e-16,1.0,48,658.43563262842,16.614320784419377,23.10418749155882,嘉義市,13186.0,13141.0,11927.0,12751.333333333334,583.1811229988692,11927.0,13186.0
5,2023-01,28.88,0.16,8372780,5033366184,18877,0.40296377069503797,34.0,0.4178511846184754,1.3032598329148364,0.6082787317951743,0.8618764615814579,62.0,2023-01-01,2023,1,0.49999999999999994,0.8660254037844387,49,601.1582991551194,15.940496645344687,22.33935481889907,嘉義市,19618.0,13186.0,13141.0,15315.0,3042.735939906715,13141.0,19618.0
5,2023-02,28.88,0.16,7418789,4027724351,20541,0.4268960877577189,36.0,0.3912534278366204,1.361055955839768,0.5842759512367854,0.8575461574658614,64.0,2023-02-01,2023,2,0.8660254037844386,0.5000000000000001,50,542.9086001771988,15.819526529069472,22.11646737649187,嘉義市,18877.0,19618.0,13186.0,17227.0,2873.3871998044397,13186.0,19618.0
5,2023-03,28.88,0.16,8181691,4327102203,33757,0.4380363423649219,36.0,0.3871234468459581,1.3585885396959312,0.5798170573784808,0.8634675887906302,63.0,2023-03-01,2023,3,1.0,6.123233995736766e-17,51,528.8762681211011,15.917409533155023,22.188163917970297,嘉義市,20541.0,18877.0,19618.0,19678.666666666668,680.6782565124942,18877.0,20541.0
5,2023-04,30.2,0.23,8085116,4744285518,30844,0.4321965201241392,37.0,0.40430094405915096,1.3220464475340459,0.594183064287513,0.866051519854508,65.0,2023-04-01,2023,4,0.8660254037844387,-0.4999999999999998,52,586.7925108310135,15.905535522131679,22.280206682117452,嘉義市,33757.0,20541.0,18877.0,24391.666666666668,6657.042653377616,18877.0,33757.0
5,2023-05,30.2,0.23,8349518,4366409627,39027,0.4395816620791763,36.0,0.3995714388148669,1.3309954878074963,0.5907972172764943,0.8633741492622687,64.0,2023-05-01,2023,5,0.49999999999999994,-0.8660254037844387,53,522.9534958784448,15.937714490377399,22.19720691293607,嘉義市,30844.0,33757.0,20541.0,28380.666666666668,5669.607413412521,20541.0,33757.0
5,2023-06,30.2,0.23,8214264,4361675444,36563,0.4416732892928691,38.0,0.39959017590677126,1.3382504387291037,0.5894972452796745,0.8625893932797875,68.0,2023-06-01,2023,6,1.2246467991473532e-16,-1.0,54,530.9879794464848,15.921382834969956,22.196122096868244,嘉義市,39027.0,30844.0,33757.0,34542.666666666664,3386.5741129085336,30844.0,39027.0
5,2023-07,31.3,0.27,8619368,4720108651,34590,0.44197335581912733,40.0,0.39812090518573817,1.3421220687368145,0.5875489943114158,0.862628211256324,68.0,2023-07-01,2023,7,-0.4999999999999997,-0.8660254037844388,55,547.6165597060017,15.96952243810434,22.275097655770455,嘉義市,36563.0,39027.0,30844.0,35478.0,3427.6611073247404,30844.0,39027.0
5,2023-08,31.3,0.27,8781356,4964754231,42341,0.44239967039259087,39.0,0.40148987310852446,1.3334373162918969,0.5912832824452169,0.8643813096747245,70.0,2023-08-01,2023,8,-0.8660254037844384,-0.5000000000000004,56,565.3744400067598,15.988141509477437,22.32562963311767,嘉義市,34590.0,36563.0,39027.0,36726.666666666664,1815.0908762067227,34590.0,39027.0
5,2023-09,31.3,0.27,8284216,4739541845,42551,0.45019275209627563,39.0,0.4151457960402513,1.2985823494065045,0.6056175985754113,0.8698623985661407,68.0,2023-09-01,2023,9,-1.0,-1.8369701987210297e-16,57,572.117125507109,15.92986269622937,22.279206311019784,嘉義市,42341.0,34590.0,36563.0,37831.333333333336,3288.971706915231,34590.0,42341.0
5,2023-10,32.11,0.19,8699497,5087476140,41319,0.459800491913498,39.0,0.4091183252066093,1.3157917821372895,0.5997891602238612,0.868682752577534,69.0,2023-10-01,2023,10,-0.8660254037844386,0.5000000000000001,58,584.8011833327835,15.97877588081061,22.350047697974396,嘉義市,42551.0,42341.0,34590.0,39827.333333333336,3704.3461261364637,34590.0,42551.0
5,2023-11,32.11,0.19,8234337,4730947601,48459,0.4622798411092478,40.0,0.40785344415084607,1.3224664468945664,0.6002482045609744,0.8627310249750527,70.0,2023-11-01,2023,11,-0.5000000000000004,0.8660254037844384,59,574.5389824341656,15.923823529777236,22.277391358074354,嘉義市,41319.0,42551.0,42341.0,42070.333333333336,538.1457877646994,41319.0,42551.0
5,2023-12,32.11,0.19,8496230,4713205761,43859,0.46683246569360765,39.0,0.41004386376980734,1.3240502462253083,0.6025065234815913,0.8629899378900995,69.0,2023-12-01,2023,12,-2.4492935982947064e-16,1.0,60,554.7408392898968,15.955133211359772,22.27363414232669,嘉義市,48459.0,41319.0,42551.0,44109.666666666664,3116.2992296775496,41319.0,48459.0
5,2024-01,33.83,0.4,8361904,4800154856,42583,0.4745319965405008,39.0,0.40446391255812497,1.3388339493265276,0.5982056239822892,0.8606709668037327,69.0,2024-01-01,2024,1,0.49999999999999994,0.8660254037844387,61,574.050462191386,15.939196829915671,22.291914016214854,嘉義市,43859.0,48459.0,41319.0,44545.666666666664,2955.0559310367635,41319.0,48459.0
5,2024-02,33.83,0.4,8161171,4469419181,38518,0.47581039534645214,39.0,0.4118674875508777,1.316027088102348,0.6023000865929656,0.8599648261260547,67.0,2024-02-01,2024,2,0.8660254037844386,0.5000000000000001,62,547.644349199398,15.914898344077836,22.220524300216606,嘉義市,42583.0,43859.0,48459.0,44967.0,2523.567844672829,42583.0,48459.0
5,2024-03,33.83,0.4,8540255,4425213108,50134,0.49154984248128425,38.0,0.3988604117175259,1.3390682526460516,0.5914268367864894,0.864327470315582,68.0,2024-03-01,2024,3,1.0,6.123233995736766e-17,63,518.1593650306695,15.96030154189626,22.210584274472627,嘉義市,38518.0,42583.0,43859.0,41653.333333333336,2277.393295463527,38518.0,43859.0
5,2024-04,35.11,0.22,8472457,4462153641,50957,0.49607451533834873,39.0,0.40500676260584956,1.3286377656178814,0.5962412084239554,0.8646793958352341,68.0,2024-04-01,2024,4,0.8660254037844387,-0.4999999999999998,64,526.6658350700393,15.95233122523654,22.218897365801855,嘉義市,50134.0,38518.0,42583.0,43745.0,4812.86795995901,38518.0,50134.0
5,2024-05,35.11,0.22,8700756,4618779775,55000,0.49837715251410336,40.0,0.40910190833659005,1.314485847471003,0.5999954486713568,0.8672082058156785,71.0,2024-05-01,2024,5,0.49999999999999994,-0.8660254037844387,65,530.8480981422764,15.978920591333784,22.253396389405907,嘉義市,50957.0,50134.0,38518.0,46536.333333333336,5679.764333921689,38518.0,50957.0
5,2024-06,35.11,0.22,8656992,4733991557,58723,0.49987108686250376,40.0,0.4095929887261006,1.3172720482440896,0.5992603435465806,0.8664017478588406,72.0,2024-06-01,2024,6,1.2246467991473532e-16,-1.0,66,546.8402370014896,15.973877991603382,22.278034564766653,嘉義市,55000.0,50957.0,50134.0,52030.333333333336,2126.581346250884,50134.0,55000.0
5,2024-07,35.87,0.17,8776281,5161474155,78224,0.5058676904260472,41.0,0.4015616156908183,1.347914427743263,0.5935859391922387,0.8608105187151597,74.0,2024-07-01,2024,7,-0.4999999999999997,-0.8660254037844388,67,588.116327975369,15.987563413511193,22.364488064785796,嘉義市,58723.0,55000.0,50957.0,54893.333333333336,3171.353268804274,50957.0,58723.0
5,2024-08,35.87,0.17,9067192,5218003373,75001,0.5050411417338466,40.0,0.40525243048626647,1.3319961518762127,0.5952111745290052,0.8629905487829087,74.0,2024-08-01,2024,8,-0.8660254037844384,-0.5000000000000004,68,575.4817338157171,16.020173292383785,22.375380670268633,嘉義市,78224.0,58723.0,55000.0,63982.333333333336,10184.432052020487,55000.0,78224.0
5,2024-09,35.87,0.17,8704013,5321840569,79059,0.5120821855390152,41.0,0.4075833466457438,1.3187457576970663,0.598233711277775,0.8655028433436394,74.0,2024-09-01,2024,9,-1.0,-1.8369701987210297e-16,69,611.4237845232998,15.97929485653245,22.39508505227003,嘉義市,75001.0,78224.0,58723.0,70649.33333333333,8535.22123647393,58723.0,78224.0
5,2024-10,36.62,0.16,8822972,5224729513,68823,0.5215280066626076,42.0,0.41099322026096125,1.3101387105551727,0.6011102608055426,0.8695118832973743,75.0,2024-10-01,2024,10,-0.8660254037844386,0.5000000000000001,70,592.173421042252,15.992869446015948,22.376668865801793,嘉義市,79059.0,75001.0,78224.0,77428.0,1749.6767320469992,75001.0,79059.0
5,2024-11,36.62,0.16,8555577,4980676604,70721,0.5218206790728434,42.0,0.40528951899541993,1.3290134432939822,0.5962580898985539,0.8624250591164103,76.0,2024-11-01,2024,11,-0.5000000000000004,0.8660254037844384,71,582.1555464932406,15.96209402585492,22.328831583212065,嘉義市,68823.0,79059.0,75001.0,74294.33333333333,4208.598922312375,68823.0,79059.0
5,2024-12,36.62,0.16,8740729,5081496806,69398,0.5250848069995077,42.0,0.4045210872455324,1.3334055594167498,0.5974095524526616,0.8601861469449517,75.0,2024-12-01,2024,12,-2.4492935982947064e-16,1.0,72,581.3584663247196,15.983504268171242,22.34887170218413,嘉義市,70721.0,68823.0,79059.0,72867.66666666667,4445.976258246201,68823.0,79059.0
6,2019-01,22.72,0.0,5958840,1966642803,4355,0.10828735122943392,28.0,0.6825959172331117,0.7213837148725195,0.8171942861362279,0.9519263816447496,46.0,2019-01-01,2019,1,0.49999999999999994,0.8660254037844387,1,330.0378602211169,15.600386557043887,21.39959376555704,嘉義縣,,,,,,,
6,2019-02,22.72,0.0,6051410,1771240168,4701,0.0989118238559278,28.0,0.6930090667337787,0.6730300680776627,0.8223314896858749,0.961695208224199,46.0,2019-02-01,2019,2,0.8660254037844386,0.5000000000000001,2,292.6987541746469,15.615802025955231,21.29494579863619,嘉義縣,4355.0,,,4355.0,0.0,4355.0,4355.0
6,2019-03,22.72,0.0,6195615,1846545393,4647,0.10133747820030779,27.0,0.6974893885846774,0.6658194265781483,0.8254476754930705,0.9621372535252756,45.0,2019-03-01,2019,3,1.0,6.123233995736766e-17,3,298.0406937810048,15.639352503130294,21.336582375761918,嘉義縣,4701.0,4355.0,,4528.0,173.0,4355.0,4701.0
6,2019-04,25.27,0.62,6428188,1899208578,4332,0.1021608266590834,28.0,0.6916356839650187,0.6747860758911672,0.821127197897759,0.9624424487896122,46.0,2019-04-01,2019,4,0.8660254037844387,-0.4999999999999998,4,295.45006742179913,15.676203408020857,21.364703098974598,嘉義縣,4647.0,4701.0,4355.0,4567.666666666667,151.9853794137961,4355.0,4701.0
6,2019-05,25.27,0.62,6367750,1908795579,3932,0.10335047701307369,27.0,0.692789430419783,0.670920884933508,0.8219290958344784,0.9626023320639158,45.0,2019-05-01,2019,5,0.49999999999999994,-0.8660254037844387,5,299.7598176750029,15.66675690398307,21.3697382937143,嘉義縣,4332.0,4647.0,4701.0,4560.0,162.7206194678474,4332.0,4701.0
6,2019-06,25.27,0.62,6507144,1944847222,3876,0.10766474508632358,28.0,0.693812378391452,0.6633997169299396,0.8222399873124062,0.9647464386833917,47.0,2019-06-01,2019,6,1.2246467991473532e-16,-1.0,6,298.8787741596006,15.688411361923325,21.3884492623456,嘉義縣,3932.0,4332.0,4647.0,4303.666666666667,292.58427086149993,3932.0,4647.0
6,2019-07,22.63,-0.64,6518053,2067706029,3869,0.11286100312470611,27.0,0.6836203107139255,0.6930776023245615,0.8158792203745505,0.9594771628889793,46.0,2019-07-01,2019,7,-0.4999999999999997,-0.8660254037844388,7,317.22755691001595,15.690086423095249,21.449705631650538,嘉義縣,3876.0,3932.0,4332.0,4046.6666666666665,203.05226475521573,3876.0,4332.0
6,2019-08,22.63,-0.64,6212059,1881009094,3638,0.11310340098186447,27.0,0.6871716465018407,0.6749676776660832,0.8176548226602484,0.9638598088009144,46.0,2019-08-01,2019,8,-0.8660254037844384,-0.5000000000000004,8,302.79961829081145,15.642003121929118,21.355074222447662,嘉義縣,3869.0,3876.0,3932.0,3892.3333333333335,28.193773938387338,3869.0,3932.0
6,2019-09,22.63,-0.64,6546134,1929145751,4987,0.11775026297964569,28.0,0.6914352243190283,0.6705711770176691,0.8207600088846333,0.963294824090066,49.0,2019-09-01,2019,9,-1.0,-1.8369701987210297e-16,9,294.70000934902953,15.694385357112,21.38034312633599,嘉義縣,3638.0,3869.0,3876.0,3794.3333333333335,110.58129237001266,3638.0,3876.0
6,2019-10,22.16,-0.11,6805831,1991775168,5642,0.12301245799374096,29.0,0.6925249646575349,0.6739985760142588,0.8217931065287987,0.9623118763895255,50.0,2019-10-01,2019,10,-0.8660254037844386,0.5000000000000001,10,292.65715942696784,15.733290449636067,21.412292122770992,嘉義縣,4987.0,3638.0,3869.0,4164.666666666667,589.0751696987029,3638.0,4987.0
6,2019-11,22.16,-0.11,6325970,1920102292,5154,0.1242634726373979,29.0,0.6949493311193782,0.6727864605487179,0.8236262581074523,0.9619448084641565,49.0,2019-11-01,2019,11,-0.5000000000000004,0.8660254037844384,11,303.5269361062414,15.66017409858177,21.375644299171068,嘉義縣,5642.0,4987.0,3638.0,4755.666666666667,834.3222132698827,3638.0,5642.0
6,2019-12,22.16,-0.11,6213128,2040347438,5151,0.13013686503802915,30.0,0.6965939984355959,0.6800188974781897,0.825354153334681,0.9589301878216575,52.0,2019-12-01,2019,12,-2.4492935982947064e-16,1.0,12,328.39295086146626,15.64217519174675,21.436385943536177,嘉義縣,5154.0,5642.0,4987.0,5261.0,277.9004617964257,4987.0,5642.0
6,2020-01,24.45,0.56,6970139,2835966372,0,0.12803460590958085,31.0,0.6804040914119159,0.7269889798502118,0.8150009633954215,0.9528419734527532,53.0,2020-01-01,2020,1,0.49999999999999994,0.8660254037844387,13,406.87371830030935,15.757145868618197,21.765648588352764,嘉義縣,5151.0,5154.0,5642.0,5315.666666666667,230.75576313977996,5151.0,5642.0
6,2022-01,22.72,0.06,12766745,6927053963,9861,0.255592008769659,41.0,0.6472406610125887,0.7985355389397537,0.7922598125050668,0.9488454574756525,117.0,2022-01-01,2022,1,0.49999999999999994,0.8660254037844387,37,542.5857540821877,16.362354379562674,22.65870044634198,嘉義縣,,,,,,,
6,2022-02,22.72,0.06,11895025,5678528615,9031,0.2644472794298457,40.0,0.6402724398330512,0.7976081905613035,0.7862599700294871,0.950936967345592,111.0,2022-02-01,2022,2,0.8660254037844386,0.5000000000000001,38,477.38685837146204,16.291630887509157,22.459957989642263,嘉義縣,9861.0,,,9861.0,0.0,9861.0,9861.0
6,2022-03,22.72,0.06,13270116,6924228244,10495,0.26436151726179336,41.0,0.6371958433482936,0.8024443412816418,0.7839235919264006,0.9518459371417702,116.0,2022-03-01,2022,3,1.0,6.123233995736766e-17,39,521.7910863778433,16.401025223149702,22.65829243804404,嘉義縣,9031.0,9861.0,,9446.0,415.0,9031.0,9861.0
6,2022-04,24.25,0.26,13175067,6297523150,9672,0.2743884338500897,40.0,0.6411227407210589,0.7874013438963958,0.7862684872873891,0.955861097328765,109.0,2022-04-01,2022,4,0.8660254037844387,-0.4999999999999998,40,477.98794116189316,16.393836813668702,22.563422242405004,嘉義縣,10495.0,9031.0,9861.0,9795.666666666666,599.4582739626021,9031.0,10495.0
6,2022-05,24.25,0.26,12126919,5999683511,12067,0.2830026324081162,40.0,0.64258115854699,0.782462720299355,0.7873252060148171,0.9563706164772767,116.0,2022-05-01,2022,5,0.49999999999999994,-0.8660254037844387,41,494.7409569569979,16.310938332767165,22.514972556783242,嘉義縣,9672.0,10495.0,9031.0,9732.666666666666,599.213002380808,9031.0,10495.0
6,2022-06,24.25,0.26,13020140,6056711951,11806,0.2859046062484735,41.0,0.6392759765684249,0.7771881274592227,0.7838888061111478,0.9585460678610214,112.0,2022-06-01,2022,6,1.2246467991473532e-16,-1.0,42,465.18024775463243,16.382008024179147,22.52443290759844,嘉義縣,12067.0,9672.0,10495.0,10744.666666666666,993.5647381468855,9672.0,12067.0
6,2022-07,24.29,-0.06,14325255,6637401347,14462,0.2883223370194806,42.0,0.6288449489615331,0.8114880441795949,0.7769288574618741,0.9522599772220459,118.0,2022-07-01,2022,7,-0.4999999999999997,-0.8660254037844388,43,463.33565070918456,16.477534691260544,22.615986360579157,嘉義縣,11806.0,12067.0,9672.0,11181.666666666666,1072.8001781423334,9672.0,12067.0
6,2022-08,24.29,-0.06,13949582,6609025948,15899,0.2966972773807846,42.0,0.6255886177384999,0.830065783997211,0.7755126282636999,0.9482215309390633,127.0,2022-08-01,2022,8,-0.8660254037844384,-0.5000000000000004,44,473.7794973354757,16.450960173311742,22.611702119739622,嘉義縣,14462.0,11806.0,12067.0,12778.333333333334,1195.290852563602,11806.0,14462.0
6,2022-09,24.29,-0.06,14019390,6501490334,16044,0.30076900635477005,43.0,0.6392555210691148,0.7914309893699285,0.7848426358065508,0.954389741636405,124.0,2022-09-01,2022,9,-1.0,-1.8369701987210297e-16,45,463.74987313998685,16.45595200068147,22.595297269874525,嘉義縣,15899.0,14462.0,11806.0,14055.666666666666,1695.482691022104,11806.0,15899.0
6,2022-10,25.5,0.22,14989532,6601966618,17059,0.30673926310708033,42.0,0.6468856057517287,0.7746356031934167,0.7902712372874616,0.9569050588103751,118.0,2022-10-01,2022,10,-0.8660254037844386,0.5000000000000001,46,440.4384751972243,16.522862715490746,22.610633414169538,嘉義縣,16044.0,15899.0,14462.0,15468.333333333334,714.0431048302025,14462.0,16044.0
6,2022-11,25.5,0.22,14137213,6464490061,17495,0.3114666235841534,42.0,0.6455325157471186,0.7894609331216105,0.7900769409076598,0.953474210227999,127.0,2022-11-01,2022,11,-0.5000000000000004,0.8660254037844384,47,457.2676425685883,16.46432116931683,22.589589969338494,嘉義縣,17059.0,16044.0,15899.0,16334.0,516.0587821815134,15899.0,17059.0
6,2022-12,25.5,0.22,13902737,7009115301,16218,0.32278910260619903,43.0,0.6504559067209448,0.7994695532736884,0.7948525531339621,0.948467772928453,130.0,2022-12-01,2022,12,-2.4492935982947064e-16,1.0,48,504.1536282388137,16.447596357120485,22.67047732489285,嘉義縣,17495.0,17059.0,16044.0,16866.0,607.8854058674765,16044.0,17495.0
6,2023-01,26.12,0.07,7305398,3611962758,14766,0.33707431135168814,41.0,0.6390206007570918,0.8155619292988575,0.7864418885870421,0.9505983110023575,71.0,2023-01-01,2023,1,0.49999999999999994,0.8660254037844387,49,494.42381619728314,15.804124221798515,22.007517162093624,嘉義縣,16218.0,17495.0,17059.0,16924.0,530.0006289304445,16218.0,17495.0
6,2023-02,26.12,0.07,6294047,3035410980,14141,0.3376293504004657,41.0,0.6333309035403539,0.8247307802327191,0.782327491358104,0.9494498531707819,70.0,2023-02-01,2023,2,0.8660254037844386,0.5000000000000001,50,482.2669706788017,15.65511498288818,21.833612666128797,嘉義縣,14766.0,16218.0,17495.0,16159.666666666666,1114.872887622421,14766.0,17495.0
6,2023-03,26.12,0.07,7069051,3398426333,16409,0.34376877462052546,41.0,0.6398468611349285,0.8129577491529743,0.7870002635431546,0.9511470492998282,72.0,2023-03-01,2023,3,1.0,6.123233995736766e-17,51,480.74717992556566,15.771236941187713,21.946578318482494,嘉義縣,14141.0,14766.0,16218.0,15041.666666666666,870.0484022295669,14141.0,16218.0
6,2023-04,26.6,0.05,7234904,3223629836,15325,0.3516936783128014,40.0,0.6329032640877821,0.8151168749799312,0.7812051134334332,0.9524330937908781,71.0,2023-04-01,2023,4,0.8660254037844387,-0.4999999999999998,52,445.56635941541174,15.794427787346448,21.893773840172763,嘉義縣,16409.0,14141.0,14766.0,15105.333333333334,956.4923186077114,14141.0,16409.0
6,2023-05,26.6,0.05,7360114,3404297554,16882,0.35831116202819685,42.0,0.6348062278054352,0.8126561178708088,0.7826774150509082,0.9512402932889354,73.0,2023-05-01,2023,5,0.49999999999999994,-0.8660254037844387,53,462.5332642945476,15.81158611558299,21.948304457174466,嘉義縣,15325.0,16409.0,14141.0,15291.666666666666,926.2070802771676,14141.0,16409.0
6,2023-06,26.6,0.05,7317291,3372558875,15971,0.36538631578271247,44.0,0.6328851373043374,0.8151082423292324,0.7811270591807815,0.9515203099070407,76.0,2023-06-01,2023,6,1.2246467991473532e-16,-1.0,54,460.90265851118943,15.805750872135638,21.938937603566153,嘉義縣,16882.0,15325.0,16409.0,16205.333333333334,651.7526797455884,15325.0,16882.0
6,2023-07,27.95,0.31,7450930,3532532081,16610,0.36953695713152585,43.0,0.6275393268079753,0.832600399813372,0.7777245256632394,0.949111184778276,75.0,2023-07-01,2023,7,-0.4999999999999997,-0.8660254037844388,55,474.1061962734853,15.82384954899104,21.985280754435006,嘉義縣,15971.0,16882.0,15325.0,16059.333333333334,638.7040698859596,15325.0,16882.0
6,2023-08,27.95,0.31,7561311,3468864423,16421,0.37215199850925323,43.0,0.6241853143868017,0.8428836560226837,0.775968479540122,0.9498933452148708,76.0,2023-08-01,2023,8,-0.8660254037844384,-0.5000000000000004,56,458.7649447298227,15.838555278072073,21.967093122014056,嘉義縣,16610.0,15971.0,16882.0,16487.666666666668,381.84144469778147,15971.0,16882.0
6,2023-09,27.95,0.31,7366912,3228976688,16268,0.37832988910414567,43.0,0.6338192287397284,0.8189990269434912,0.7826674188588109,0.9535812291500156,75.0,2023-09-01,2023,9,-1.0,-1.8369701987210297e-16,57,438.3080302846023,15.81250931617483,21.89543110943356,嘉義縣,16421.0,16610.0,15971.0,16334.0,268.0261181303046,15971.0,16610.0
6,2023-10,28.6,0.16,7806046,3477404075,17634,0.38159088480903136,42.0,0.6342225390796816,0.8186459968146632,0.7830458595811502,0.953615441159327,74.0,2023-10-01,2023,10,-0.8660254037844386,0.5000000000000001,58,445.47573444993793,15.87040924771405,21.96955189719738,嘉義縣,16268.0,16421.0,16610.0,16433.0,139.8785187224972,16268.0,16610.0
6,2023-11,28.6,0.16,7360977,3307557344,19271,0.38758509909757904,43.0,0.635299336931549,0.824664582729004,0.7844867603852043,0.9520836704149462,75.0,2023-11-01,2023,11,-0.5000000000000004,0.8660254037844384,59,449.33673125184333,15.811703362312018,21.919475791671566,嘉義縣,17634.0,16268.0,16421.0,16774.333333333332,611.0768273211552,16268.0,17634.0
6,2023-12,28.6,0.16,7443722,3298249368,18896,0.3954153580695249,44.0,0.6364105828520917,0.8267846245443569,0.7855614435896451,0.9496911625662539,77.0,2023-12-01,2023,12,-2.4492935982947064e-16,1.0,60,443.0914222750393,15.822881684875139,21.916657670414565,嘉義縣,19271.0,17634.0,16268.0,17724.333333333332,1227.6325002033611,16268.0,19271.0
6,2024-01,30.66,0.48,7142127,3544259453,22319,0.3992369500010291,43.0,0.626717234261538,0.868578530795612,0.7797957107175495,0.941707141303984,75.0,2024-01-01,2024,1,0.49999999999999994,0.8660254037844387,61,496.2470497934299,15.781521329126589,21.988595076377518,嘉義縣,18896.0,19271.0,17634.0,18600.333333333332,700.2410696007165,17634.0,19271.0
6,2024-02,30.66,0.48,7473313,3314373925,19534,0.40689637915607174,46.0,0.627089657440793,0.8480911901585846,0.7788180422792408,0.947055342122028,78.0,2024-02-01,2024,2,0.8660254037844386,0.5000000000000001,62,443.4945953688812,15.826849099960917,21.921534581812622,嘉義縣,22319.0,18896.0,19271.0,20162.0,1532.8933426693457,18896.0,22319.0
6,2024-03,30.66,0.48,7621354,3253116844,25358,0.4100633561962874,45.0,0.6315608100385908,0.8361062289235555,0.7817083421134879,0.9492418276332525,79.0,2024-03-01,2024,3,1.0,6.123233995736766e-17,63,426.84237525248136,15.846464733376767,21.9028794029441,嘉義縣,19534.0,22319.0,18896.0,20249.666666666668,1486.240521883618,18896.0,22319.0
6,2024-04,31.67,0.17,7762257,3239662449,22878,0.4161864261902176,45.0,0.6271379565058178,0.8424333887768742,0.7782342171870887,0.9488969509770161,78.0,2024-04-01,2024,4,0.8660254037844387,-0.4999999999999998,64,417.3608847272127,15.864783829214556,21.898734979224553,嘉義縣,25358.0,19534.0,22319.0,22403.666666666668,2378.3916601117,19534.0,25358.0
6,2024-05,31.67,0.17,7813211,3241954829,25784,0.4219694054083526,44.0,0.633778763638149,0.8249055069051472,0.7828411391936043,0.9505216229281406,76.0,2024-05-01,2024,5,0.49999999999999994,-0.8660254037844387,65,414.9324559390499,15.87132670487416,21.899442327405275,嘉義縣,22878.0,25358.0,19534.0,22590.0,2386.3433673020877,19534.0,25358.0
6,2024-06,31.67,0.17,7879351,3159414536,24400,0.4275044987842273,46.0,0.6288670971716214,0.830647147647223,0.7789642827182086,0.9506366704567418,78.0,2024-06-01,2024,6,1.2246467991473532e-16,-1.0,66,400.97395534226104,15.879756224950164,21.873652574278786,嘉義縣,25784.0,22878.0,25358.0,24673.333333333332,1281.3496356923386,22878.0,25784.0
6,2024-07,33.12,0.33,7828148,3445200579,27771,0.42814469016170875,46.0,0.6319703227250307,0.8338745286930715,0.7818269404206462,0.9483306907329806,79.0,2024-07-01,2024,7,-0.4999999999999997,-0.8660254037844388,67,440.104170105113,15.873236641553031,21.960247963229445,嘉義縣,24400.0,25784.0,22878.0,24354.0,1186.815346491048,22878.0,25784.0
6,2024-08,33.12,0.33,7910338,3382771665,25787,0.4304792032906811,51.0,0.631371744796736,0.8347661154754542,0.7813211015761905,0.9489110326259129,86.0,2024-08-01,2024,8,-0.8660254037844384,-0.5000000000000004,68,427.6393328578374,15.883681195968352,21.941961229935643,嘉義縣,27771.0,24400.0,25784.0,25985.0,1383.5247257156868,24400.0,27771.0
6,2024-09,33.12,0.33,7923309,3474050906,27254,0.4393161998351951,49.0,0.6416356011138447,0.8091445409347167,0.7884493713422006,0.9525606031520417,85.0,2024-09-01,2024,9,-1.0,-1.8369701987210297e-16,69,438.459601411481,15.885319605775416,21.968587158371257,嘉義縣,25787.0,27771.0,24400.0,25986.0,1383.38015985002,24400.0,27771.0
6,2024-10,33.27,0.02,8035031,3319568886,23615,0.4463428952545423,50.0,0.6455569277717377,0.798717845183094,0.7911107001329553,0.9541813839921712,84.0,2024-10-01,2024,10,-0.8660254037844386,0.5000000000000001,70,413.13703531448726,15.899321539722049,21.923100758129884,嘉義縣,27254.0,25787.0,27771.0,26937.333333333332,840.3460927234419,25787.0,27771.0
6,2024-11,33.27,0.02,7765571,3386790290,23634,0.44955599530285667,49.0,0.6429409159595527,0.8153480485636233,0.7898542167729843,0.9505656441747813,82.0,2024-11-01,2024,11,-0.5000000000000004,0.8660254037844384,71,436.128945315161,15.865210675728243,21.94314849301044,嘉義縣,23615.0,27254.0,25787.0,25552.0,1494.8799282885566,23615.0,27254.0
6,2024-12,33.27,0.02,7760893,3463691731,20829,0.45577950887868185,48.0,0.6409484471526723,0.8293085845564298,0.7891960371055238,0.9468760875842509,84.0,2024-12-01,2024,12,-2.4492935982947064e-16,1.0,72,446.30066810610583,15.864608091709245,21.965600831769724,嘉義縣,23634.0,23615.0,27254.0,24834.333333333332,1710.9802908144663,23615.0,27254.0
7,2019-01,23.39,-0.35,7853947,2358131178,8367,0.1868831047624844,28.0,0.611334569846399,0.9480460659139007,0.7747336466619905,0.9136016578670572,47.0,2019-01-01,2019,1,0.49999999999999994,0.8660254037844387,1,300.24791076384906,15.876526893268023,21.581135268981562,基隆市,,,,,,,
7,2019-02,23.39,-0.35,6932759,1977124941,7212,0.16765028179978564,27.0,0.6356998098871298,0.9058806737376016,0.7914551767918083,0.910867520420081,45.0,2019-02-01,2019,2,0.8660254037844386,0.5000000000000001,2,285.1858749164654,15.751768560276547,21.404909576912402,基隆市,8367.0,,,8367.0,0.0,8367.0,8367.0
7,2019-03,23.39,-0.35,7917825,2240230427,9243,0.1904664475408335,28.0,0.6092235419349367,0.9501546325736822,0.7731082715265871,0.9146748002134424,48.0,2019-03-01,2019,3,1.0,6.123233995736766e-17,3,282.93507712029503,15.88462723116048,21.529844567165497,基隆市,7212.0,8367.0,,7789.5,577.5,7212.0,8367.0
7,2019-04,34.65,-0.27,8103035,2238366353,8493,0.18889008871367333,27.0,0.6140978248394434,0.9458539079403622,0.7765526126938856,0.9141464895560738,47.0,2019-04-01,2019,4,0.8660254037844387,-0.4999999999999998,4,276.2380210624784,15.907749364231956,21.529012130490184,基隆市,9243.0,7212.0,8367.0,8274.0,831.7559738288628,7212.0,9243.0
7,2019-05,34.65,-0.27,8433863,2275123530,8691,0.18947723006645947,30.0,0.6198763691270678,0.933079250311224,0.7804625235197679,0.916886366306875,53.0,2019-05-01,2019,5,0.49999999999999994,-0.8660254037844387,5,269.7605510072905,15.947765587951135,21.54530018721583,基隆市,8493.0,9243.0,7212.0,8316.0,838.545168729747,7212.0,9243.0
7,2019-06,34.65,-0.27,8502134,2231924195,8953,0.18054255555134746,29.0,0.6386590997124315,0.8989209722350461,0.7931189981244708,0.9169433226999245,53.0,2019-06-01,2019,6,1.2246467991473532e-16,-1.0,6,262.51341075075976,15.955827866391605,21.52612991852315,基隆市,8691.0,8493.0,9243.0,8809.0,317.35154009394694,8493.0,9243.0
7,2019-07,29.45,-1.27,9233136,2528160170,9007,0.19129156117704754,29.0,0.6228597708269049,0.9207062326276779,0.7820907219388948,0.9217728407769581,51.0,2019-07-01,2019,7,-0.4999999999999997,-0.8660254037844388,7,273.8138125551275,16.03830941872548,21.650757670005586,基隆市,8953.0,8691.0,8493.0,8712.333333333334,188.39910356002818,8493.0,8953.0
7,2019-08,29.45,-1.27,9043785,2517354877,7912,0.18411384171560913,29.0,0.6374067393636336,0.896361535606779,0.791951599910878,0.9199695702628932,52.0,2019-08-01,2019,8,-0.8660254037844384,-0.5000000000000004,8,278.3519153761395,16.01758845000363,21.64647453561242,基隆市,9007.0,8953.0,8691.0,8883.666666666666,138.00805129492346,8691.0,9007.0
7,2019-09,29.45,-1.27,8346938,2483432069,8096,0.19892504293191107,30.0,0.6288153157934802,0.916912248585674,0.7864948799188397,0.9176011610485186,53.0,2019-09-01,2019,9,-1.0,-1.8369701987210297e-16,9,297.5261190391015,15.937405442791315,21.632907339610917,基隆市,7912.0,9007.0,8953.0,8624.0,503.94245703254654,7912.0,9007.0
7,2019-10,31.94,0.61,8794276,2676181117,8853,0.21058788693918634,29.0,0.6169458550453867,0.9432507949870945,0.7785401549826273,0.91518494529851,52.0,2019-10-01,2019,10,-0.8660254037844386,0.5000000000000001,10,304.3094300201631,15.989611726975964,21.707656659283778,基隆市,8096.0,7912.0,9007.0,8338.333333333334,478.74860023003953,7912.0,9007.0
7,2019-11,31.94,0.61,7960168,2325853668,8320,0.20192463274644454,29.0,0.630666694516262,0.9205194864506202,0.7880421619242207,0.9123335085390157,51.0,2019-11-01,2019,11,-0.5000000000000004,0.8660254037844384,11,292.1865051089374,15.889960788750967,21.567352978057883,基隆市,8853.0,8096.0,7912.0,8287.0,407.21083810069035,7912.0,8853.0
7,2019-12,31.94,0.61,8142692,2410449797,7906,0.22263705909544412,28.0,0.6023931363185852,0.9745759976597022,0.7686916071490854,0.9093288804243118,50.0,2019-12-01,2019,12,-2.4492935982947064e-16,1.0,12,296.0261541269153,15.9126315186456,21.603079205208513,基隆市,8320.0,8853.0,8096.0,8423.0,317.5101048260774,8096.0,8853.0
7,2020-01,30.27,-0.4,8437062,3936365372,0,0.19225507647093265,29.0,0.6315100741939685,0.9274206126553375,0.7887149578846285,0.9068580982337215,52.0,2020-01-01,2020,1,0.49999999999999994,0.8660254037844387,13,466.55641169876435,15.948144820229047,22.093523640334215,基隆市,7906.0,8320.0,8853.0,8359.666666666666,387.6272550903624,7906.0,8853.0
7,2022-01,23.07,-0.16,15084848,8765675075,7176,0.3419645991792559,41.0,0.5741937913666421,1.0346700568119735,0.7489012153122127,0.8959203301219872,113.0,2022-01-01,2022,1,0.49999999999999994,0.8660254037844387,37,581.0913755975532,16.529201420581547,22.89410937186317,基隆市,,,,,,,
7,2022-02,23.07,-0.16,12781791,7209818399,6630,0.3498129487487317,42.0,0.5639703122224184,1.0560341217038325,0.7413518183797561,0.8889020325868261,107.0,2022-02-01,2022,2,0.8660254037844386,0.5000000000000001,38,564.0694953469354,16.363532216176218,22.698709600686122,基隆市,7176.0,,,7176.0,0.0,7176.0,7176.0
7,2022-03,23.07,-0.16,16389657,8805549490,12304,0.3616364881827606,41.0,0.5294065921920739,1.1358166977928807,0.7164534315757798,0.8753518758812342,111.0,2022-03-01,2022,3,1.0,6.123233995736766e-17,39,537.262585177957,16.612161084120366,22.8986479836481,基隆市,6630.0,7176.0,,6903.0,273.0,6630.0,7176.0
7,2022-04,24.06,0.12,14923742,7891996980,11654,0.3680888479578379,43.0,0.5574022229781134,1.0816211670877403,0.7374636334506453,0.8806176091760364,112.0,2022-04-01,2022,4,0.8660254037844387,-0.4999999999999998,40,528.8215904563347,16.518463992590615,22.789115042567428,基隆市,12304.0,6630.0,7176.0,8703.333333333334,2555.7946361596078,6630.0,12304.0
7,2022-05,24.06,0.12,14736101,7902206211,11968,0.38335880026880925,40.0,0.5377300340079307,1.1156771853185872,0.7228375402693019,0.8763732686142691,110.0,2022-05-01,2022,5,0.49999999999999994,-0.8660254037844387,41,536.2481032805082,16.505810959277373,22.790407824773293,基隆市,11654.0,12304.0,6630.0,10196.0,2535.4673467955895,6630.0,12304.0
7,2022-06,24.06,0.12,16274129,8017643118,13641,0.36833283059265415,44.0,0.5620546034549935,1.0725549825416738,0.7406890408697141,0.8784904556182392,115.0,2022-06-01,2022,6,1.2246467991473532e-16,-1.0,42,492.66188795726026,16.605087288408875,22.804910340198578,基隆市,11968.0,11654.0,12304.0,11975.333333333334,265.4120486254449,11654.0,12304.0
7,2022-07,24.1,-0.06,18033483,8913760751,14932,0.3649523500257826,45.0,0.5728418965334301,1.0462819715177851,0.7479478035385622,0.8882010202909776,122.0,2022-07-01,2022,7,-0.4999999999999997,-0.8660254037844388,43,494.28946981567566,16.707740810012034,22.910862071532396,基隆市,13641.0,11968.0,11654.0,12421.0,872.142572442526,11654.0,13641.0
7,2022-08,24.1,-0.06,17939337,8927567727,14611,0.37898390559249767,44.0,0.556165831144531,1.0865737899792782,0.7361221877932278,0.8839070808469678,133.0,2022-08-01,2022,8,-0.8660254037844384,-0.5000000000000004,44,497.65315892109055,16.702506513133695,22.912409823850474,基隆市,14932.0,13641.0,11968.0,13513.666666666666,1213.393130394634,11968.0,14932.0
7,2022-09,24.1,-0.06,16474959,8526794911,14480,0.37799918045319564,45.0,0.5668552904274782,1.0622075036704,0.7440331717972712,0.8805553931879284,125.0,2022-09-01,2022,9,-1.0,-1.8369701987210297e-16,45,517.560918421709,16.617352210428805,22.86647938481628,基隆市,14611.0,14932.0,13641.0,14394.666666666666,548.7988905074629,13641.0,14932.0
7,2022-10,24.74,0.09,16645056,8699697591,18015,0.39287605881289916,45.0,0.5467923914058375,1.1023990643174129,0.729437257525598,0.8752613388624225,121.0,2022-10-01,2022,10,-0.8660254037844386,0.5000000000000001,46,522.6595567476613,16.627623853437186,22.886554102462593,基隆市,14480.0,14611.0,14932.0,14674.333333333334,189.88476037381784,14480.0,14932.0
7,2022-11,24.74,0.09,16308905,8105357745,20463,0.3927602742182875,46.0,0.539623444061232,1.116124455878654,0.7241400326999268,0.870133218631171,126.0,2022-11-01,2022,11,-0.5000000000000004,0.8660254037844384,47,496.98969642658415,16.607221896933684,22.815791130086545,基隆市,18015.0,14480.0,14611.0,15702.0,1636.412132278011,14480.0,18015.0
7,2022-12,24.74,0.09,15975055,7599046037,24162,0.4007879159101487,47.0,0.5283807580080481,1.1493101072656182,0.716150523425428,0.8612118080344637,134.0,2022-12-01,2022,12,-2.4492935982947064e-16,1.0,48,475.6819952732557,16.586539063699036,22.751288555044447,基隆市,20463.0,18015.0,14480.0,17652.666666666668,2455.950099022553,14480.0,20463.0
7,2023-01,25.38,0.08,7928230,3104845011,38210,0.3952570750344024,42.0,0.5708838402989536,1.0586435981750828,0.74649865102299,0.8834377912850662,71.0,2023-01-01,2023,1,0.49999999999999994,0.8660254037844387,49,391.61893777047334,15.885940491802597,21.85622963546606,基隆市,24162.0,20463.0,18015.0,20880.0,2526.765917135974,18015.0,24162.0
7,2023-02,25.38,0.08,7170615,3120700803,35985,0.4233996665557975,42.0,0.538448036866779,1.1256261334875879,0.7229760627226535,0.8807508142607015,70.0,2023-02-01,2023,2,0.8660254037844386,0.5000000000000001,50,435.2068550605492,15.785502122414039,21.86132343021192,基隆市,38210.0,24162.0,20463.0,27611.666666666668,7644.786996523985,20463.0,38210.0
7,2023-03,25.38,0.08,8481991,3277152896,67141,0.4327294145914562,43.0,0.5368932899348592,1.123472947661802,0.7215379030701636,0.8872803566992703,71.0,2023-03-01,2023,3,1.0,6.123233995736766e-17,51,386.3659954366846,15.953455885842448,21.910240863188328,基隆市,35985.0,38210.0,24162.0,32785.666666666664,6165.137269806371,24162.0,38210.0
7,2023-04,25.98,0.07,8247018,3071044825,66033,0.4208430247151152,45.0,0.5645135512465834,1.067226553590769,0.7414122292445584,0.8882014080725905,75.0,2023-04-01,2023,4,0.8660254037844387,-0.4999999999999998,52,372.3824569074543,15.925362359680912,21.845283674846925,基隆市,67141.0,35985.0,38210.0,47112.0,14191.741424739483,35985.0,67141.0
7,2023-05,25.98,0.07,8822731,3246804511,72001,0.4351727373304252,45.0,0.551517224349938,1.0909552131680904,0.7320885109157244,0.8900787069219269,74.0,2023-05-01,2023,5,0.49999999999999994,-0.8660254037844387,53,368.00447741181273,15.992842130587064,21.90093712252632,基隆市,66033.0,67141.0,35985.0,56386.333333333336,14433.011174233725,35985.0,67141.0
7,2023-06,25.98,0.07,8728005,3205556471,63802,0.4306682913220146,45.0,0.5688141027470863,1.0541971681258673,0.7442302106838848,0.8912501768731802,75.0,2023-06-01,2023,6,1.2246467991473532e-16,-1.0,54,367.2725291747656,15.98204749393752,21.888151538456807,基隆市,72001.0,66033.0,67141.0,68391.66666666667,2591.9595332917957,66033.0,72001.0
7,2023-07,26.29,0.08,9356639,3216811639,52778,0.4351526226458026,43.0,0.5662466858016952,1.0524435678862136,0.7419204695190228,0.8966947426314086,73.0,2023-07-01,2023,7,-0.4999999999999997,-0.8660254037844388,55,343.7999092409144,16.051596809648082,21.89165653204365,基隆市,63802.0,72001.0,66033.0,67278.66666666667,3461.1813333343607,63802.0,72001.0
7,2023-08,26.29,0.08,9261333,3717990600,56541,0.4447617853715011,42.0,0.5490891440711413,1.0872682098774586,0.72908467927889,0.8943390762431284,72.0,2023-08-01,2023,8,-0.8660254037844384,-0.5000000000000004,56,401.4530737637876,16.041358656721812,22.03644919827044,基隆市,52778.0,63802.0,72001.0,62860.333333333336,7875.954305493539,52778.0,72001.0
7,2023-09,26.29,0.08,8829907,3778079961,80214,0.4401415552847839,43.0,0.5625731903240604,1.0617053261498066,0.7389883041803271,0.8927360163589492,72.0,2023-09-01,2023,9,-1.0,-1.8369701987210297e-16,57,427.873131732871,15.993655153499816,22.052481770968505,基隆市,56541.0,52778.0,63802.0,57707.0,4575.427921699419,52778.0,63802.0
7,2023-10,27.13,0.2,8854493,3797851433,77456,0.45613938595919606,44.0,0.5376538266955945,1.116892910087542,0.721169919045619,0.8876390776976164,74.0,2023-10-01,2023,10,-0.8660254037844386,0.5000000000000001,58,428.9180004998592,15.996435684709214,22.057701331667786,基隆市,80214.0,56541.0,52778.0,63177.666666666664,12144.066653674498,52778.0,80214.0
7,2023-11,27.13,0.2,8333115,3633703111,80053,0.45239373271579714,45.0,0.5498031875569986,1.0970523050423822,0.7303979364259343,0.885057748513011,75.0,2023-11-01,2023,11,-0.5000000000000004,0.8660254037844384,59,436.0557979819071,15.935748013824275,22.013518106279736,基隆市,77456.0,80214.0,56541.0,71403.66666666667,10569.63532430939,56541.0,80214.0
7,2023-12,27.13,0.2,8372847,3663380111,75456,0.459500454266034,42.0,0.5379406500624442,1.1241075171443273,0.7216882142955676,0.8811652715020352,73.0,2023-12-01,2023,12,-2.4492935982947064e-16,1.0,60,437.5309988346855,15.940504647432874,22.021652086039055,基隆市,80053.0,77456.0,80214.0,79241.0,1263.8958290407745,77456.0,80214.0
7,2024-01,27.88,0.17,8437774,3735756139,83565,0.46620589743219004,43.0,0.523743089472116,1.150377904093109,0.710735793587266,0.8823924414187911,70.0,2024-01-01,2024,1,0.49999999999999994,0.8660254037844387,61,442.7419055073056,15.948229206224388,22.04121608216336,基隆市,75456.0,80053.0,77456.0,77655.0,1881.9852992695417,75456.0,80053.0
7,2024-02,27.88,0.17,7906321,3351098781,63423,0.46109853116259764,41.0,0.5325874071243466,1.1274436098632954,0.7170098456665243,0.8807540194737855,69.0,2024-02-01,2024,2,0.8660254037844386,0.5000000000000001,62,423.8505849939561,15.88317325056997,21.932554123631775,基隆市,83565.0,75456.0,80053.0,79691.33333333333,3320.34860954221,75456.0,83565.0
7,2024-03,27.88,0.17,8719626,3600915489,101783,0.4810494165690134,41.0,0.5105781331087222,1.17732465580017,0.7006292471718397,0.8730543030171248,68.0,2024-03-01,2024,3,1.0,6.123233995736766e-17,63,412.96673607331326,15.981087019740919,22.00445395285678,基隆市,63423.0,83565.0,75456.0,74148.0,8274.788577359544,63423.0,83565.0
7,2024-04,27.99,-0.03,8771750,3591161318,95973,0.484989882292587,42.0,0.5206641429502491,1.1557412226139616,0.7081566392111038,0.8756201442129564,72.0,2024-04-01,2024,4,0.8660254037844387,-0.4999999999999998,64,409.40078296805086,15.987047002344118,22.00174147432253,基隆市,101783.0,63423.0,83565.0,82923.66666666667,15666.969103463787,63423.0,101783.0
7,2024-05,27.99,-0.03,9198476,3637714885,110392,0.49012999544707186,39.0,0.5222163220974321,1.1483817651551038,0.7092429224145391,0.8785500989511742,69.0,2024-05-01,2024,5,0.49999999999999994,-0.8660254037844387,65,395.469302197451,16.034548484837174,22.014621542888154,基隆市,95973.0,101783.0,63423.0,87059.66666666667,16881.11436553352,63423.0,101783.0
7,2024-06,27.99,-0.03,9056839,3645999601,104871,0.4875269395867587,40.0,0.5370750269801776,1.1162806349111045,0.7199326387495681,0.8806697347717012,71.0,2024-06-01,2024,6,1.2246467991473532e-16,-1.0,66,402.56866672798316,16.01903083130726,22.016896404042154,基隆市,110392.0,95973.0,101783.0,102716.0,5923.38624999811,95973.0,110392.0
7,2024-07,28.19,0.04,9586750,4107263653,102588,0.49754025086708215,41.0,0.5268900648549054,1.134898120473697,0.712460531462696,0.8819618744621484,70.0,2024-07-01,2024,7,-0.4999999999999997,-0.8660254037844388,67,428.4312882885232,16.075892599050512,22.136022866110647,基隆市,104871.0,110392.0,95973.0,103745.33333333333,5940.102935883257,95973.0,110392.0
7,2024-08,28.19,0.04,9629422,4364413479,105771,0.49468732391206865,40.0,0.5317837994323327,1.1255363383622885,0.7156389033526623,0.8794218386108742,71.0,2024-08-01,2024,8,-0.8660254037844384,-0.5000000000000004,68,453.2373260825001,16.080333865052946,22.196749648366605,基隆市,102588.0,104871.0,110392.0,105950.33333333333,3276.107887248051,102588.0,110392.0
7,2024-09,28.19,0.04,9172155,4369717307,132586,0.49987750970191847,40.0,0.5251034681441302,1.1444735504207497,0.7115002962771563,0.8755351386887814,67.0,2024-09-01,2024,9,-1.0,-1.8369701987210297e-16,69,476.4111931165577,16.031682931101383,22.19796415471662,基隆市,105771.0,102588.0,104871.0,104410.0,1339.717134323511,102588.0,105771.0
7,2024-10,28.31,0.01,8889443,4100787627,124869,0.515663129849643,44.0,0.51694885215632,1.166652912388764,0.7058423120548722,0.8729761808473263,73.0,2024-10-01,2024,10,-0.8660254037844386,0.5000000000000001,70,461.3098511346549,16.000375063352017,22.13444489659723,基隆市,132586.0,105771.0,102588.0,113648.33333333333,13453.854127679877,102588.0,132586.0
7,2024-11,28.31,0.01,8505499,3717892023,131966,0.5057998360825156,41.0,0.5197993346542134,1.1637247425866941,0.7078628778864121,0.8678169264378257,69.0,2024-11-01,2024,11,-0.5000000000000004,0.8660254037844384,71,437.116273013494,15.956223571031774,22.036422684403835,基隆市,124869.0,132586.0,105771.0,121075.33333333333,11271.053968265593,105771.0,132586.0
7,2024-12,28.31,0.01,8754451,3823267564,125533,0.5174258214478555,42.0,0.4991633482580839,1.2097904243068085,0.6922988089144596,0.8641847444231512,71.0,2024-12-01,2024,12,-2.4492935982947064e-16,1.0,72,436.72270985353623,15.985072928938965,22.064371277440763,基隆市,131966.0,124869.0,132586.0,129807.0,3500.855419274933,124869.0,132586.0
8,2019-01,30.31,-0.16,7669943,3070793029,5998,0.16748625120160607,37.0,0.6128666319927702,1.0272217304039906,0.7774650998058265,0.8945376777897828,59.0,2019-01-01,2019,1,0.49999999999999994,0.8660254037844387,1,400.3671251533421,15.852819872143382,21.845201681148605,宜蘭縣,,,,,,,
8,2019-02,30.31,-0.16,7491031,2590146964,4489,0.14999230413009904,37.0,0.6338258924474645,0.9622553416984917,0.7910299663691153,0.8930013772470038,60.0,2019-02-01,2019,2,0.8660254037844386,0.5000000000000001,2,345.7664190683499,15.829217129713713,21.674980454291262,宜蘭縣,5998.0,,,5998.0,0.0,5998.0,5998.0
8,2019-03,30.31,-0.16,7703265,2744651684,5452,0.17281542307060707,37.0,0.6222859401887372,0.9848506601210663,0.7834267677406918,0.9005291911936043,61.0,2019-03-01,2019,3,1.0,6.123233995736766e-17,3,356.29719138573057,15.857154952739407,21.732920013146217,宜蘭縣,4489.0,5998.0,,5243.5,754.5,4489.0,5998.0
8,2019-04,29.97,-0.08,7778704,2771346879,5267,0.17150170516836738,39.0,0.6298363444331242,0.9707025939631136,0.7884898306967331,0.9011876528532259,63.0,2019-04-01,2019,4,0.8660254037844387,-0.4999999999999998,4,356.27360020383855,15.86690042985767,21.742599277237286,宜蘭縣,5452.0,4489.0,5998.0,5313.0,623.8381200279445,4489.0,5998.0
8,2019-05,29.97,-0.08,7833237,2923002636,5488,0.17607459087475585,40.0,0.628686313158986,0.9759514654626462,0.7878451781811274,0.9006082670548587,64.0,2019-05-01,2019,5,0.49999999999999994,-0.8660254037844387,5,373.15386167940534,15.873886520159454,21.795877225230434,宜蘭縣,5267.0,5452.0,4489.0,5069.333333333333,417.2499916783169,4489.0,5452.0
8,2019-06,29.97,-0.08,8307437,3019045821,5391,0.16701817901237168,40.0,0.6432774902389718,0.9442071000770437,0.7972761033276569,0.9013765617482262,65.0,2019-06-01,2019,6,1.2246467991473532e-16,-1.0,6,363.414831915066,15.932661816047316,21.8282066654294,宜蘭縣,5488.0,5267.0,5452.0,5402.333333333333,96.81712428881347,5267.0,5488.0
8,2019-07,31.71,0.43,9271069,3526474769,5619,0.1757934279207716,39.0,0.6247499077227584,0.9870205852648916,0.7852404075517073,0.8961393772390217,66.0,2019-07-01,2019,7,-0.4999999999999997,-0.8660254037844388,7,380.3741261121021,16.042409356986674,21.983564560184533,宜蘭縣,5391.0,5488.0,5267.0,5382.0,90.44703790985456,5267.0,5488.0
8,2019-08,31.71,0.43,8798388,3268293502,5277,0.17293247353947108,38.0,0.6333941043465754,0.9689163931716764,0.790992395425162,0.8943380310120446,63.0,2019-08-01,2019,8,-0.8660254037844384,-0.5000000000000004,8,371.46503450404776,15.990079194507592,21.907533821110892,宜蘭縣,5619.0,5391.0,5488.0,5499.333333333333,93.42495502927589,5391.0,5619.0
8,2019-09,31.71,0.43,8041302,3353282216,5483,0.18555390656886162,40.0,0.6300021129742819,0.9807512824525794,0.7890222255052727,0.8940295986893665,66.0,2019-09-01,2019,9,-1.0,-1.8369701987210297e-16,9,417.00737218923007,15.900101692700705,21.93320546939435,宜蘭縣,5277.0,5619.0,5391.0,5429.0,142.18298069740976,5277.0,5619.0
8,2019-10,30.72,-0.24,8462493,3476818057,6421,0.19262290674863777,39.0,0.6233319589163772,0.9944163770493,0.7845724658206512,0.8941691295933716,68.0,2019-10-01,2019,10,-0.8660254037844386,0.5000000000000001,10,410.850331811205,15.951154487192076,21.969383361309372,宜蘭縣,5483.0,5277.0,5619.0,5459.666666666667,140.59239745527574,5277.0,5619.0
8,2019-11,30.72,-0.24,7780932,3297380298,6185,0.188166147705699,40.0,0.6225911299324516,1.0037540520563013,0.7842834251732311,0.8863001244580982,68.0,2019-11-01,2019,11,-0.5000000000000004,0.8660254037844384,11,423.77703570729057,15.867186811843577,21.91639414136616,宜蘭縣,6421.0,5483.0,5277.0,5727.0,497.8861985099272,5277.0,6421.0
8,2019-12,30.72,-0.24,8034301,3323250070,6050,0.19836934165150147,40.0,0.6093712033106935,1.0314224406798485,0.7754138163357335,0.887249681086133,69.0,2019-12-01,2019,12,-2.4492935982947064e-16,1.0,12,413.63275660197445,15.899230683436343,21.92420907807661,宜蘭縣,6185.0,6421.0,5483.0,6029.666666666667,398.37782178340314,5483.0,6421.0
8,2020-01,31.02,0.08,9009500,5028931416,0,0.17451334702258728,41.0,0.6320017718624642,0.9861132586172439,0.7903868139186414,0.8858211887452133,70.0,2020-01-01,2020,1,0.49999999999999994,0.8660254037844387,13,558.180966313336,16.01379024514295,22.33847335654076,宜蘭縣,6050.0,6185.0,6421.0,6218.666666666667,153.31956459920204,6050.0,6421.0
8,2022-01,38.56,-0.02,17991141,10473566981,13396,0.3025421789535194,53.0,0.5821735339302783,1.0954382240544973,0.7562059571430183,0.8739589668048291,152.0,2022-01-01,2022,1,0.49999999999999994,0.8660254037844387,37,582.1513477661033,16.705390083622916,23.07212048976846,宜蘭縣,,,,,,,
8,2022-02,38.56,-0.02,16429242,8742957792,12840,0.3125802152040855,52.0,0.5700257612735726,1.1162546418418648,0.7474257181189491,0.874181961651061,149.0,2022-02-01,2022,2,0.8660254037844386,0.5000000000000001,38,532.1583181987337,16.61457341469759,22.891514389614354,宜蘭縣,13396.0,,,13396.0,0.0,13396.0,13396.0
8,2022-03,38.56,-0.02,18739562,9719151581,13544,0.3220409313728891,54.0,0.5699112660026875,1.1120192722670519,0.7474471922022511,0.8747390680742698,152.0,2022-03-01,2022,3,1.0,6.123233995736766e-17,39,518.6434763523288,16.746147515399134,22.997364165806662,宜蘭縣,12840.0,13396.0,,13118.0,278.0,12840.0,13396.0
8,2022-04,37.66,-0.42,17927728,9254171169,11761,0.33085006644456005,53.0,0.5889525519800096,1.0673065281853862,0.7604147608665192,0.881159899346978,155.0,2022-04-01,2022,4,0.8660254037844387,-0.4999999999999998,40,516.1931935268094,16.701859178329016,22.948340224126373,宜蘭縣,13544.0,12840.0,13396.0,13260.0,303.06874907628907,12840.0,13544.0
8,2022-05,37.66,-0.42,16618105,8687911006,11768,0.3435766593122381,51.0,0.5837834394673587,1.0756323236049652,0.7567682957834242,0.8863495567033666,150.0,2022-05-01,2022,5,0.49999999999999994,-0.8660254037844387,41,522.7979367081866,16.626003381812307,22.885198356876504,宜蘭縣,11761.0,13544.0,12840.0,12715.0,733.2534805008884,11761.0,13544.0
8,2022-06,37.66,-0.42,19017935,9289863797,14971,0.3368363074119246,54.0,0.5942872918428259,1.0542152412192327,0.7637820825447137,0.8840149048779481,151.0,2022-06-01,2022,6,1.2246467991473532e-16,-1.0,42,488.4791012799234,16.760893091842927,22.95218972852367,宜蘭縣,11768.0,11761.0,13544.0,12357.666666666666,838.8692124256054,11761.0,13544.0
8,2022-07,37.63,-0.12,22862868,11500100575,18381,0.33463811276870425,55.0,0.5739522309851199,1.1059808138924827,0.7496214823092185,0.8790821868892389,159.0,2022-07-01,2022,7,-0.4999999999999997,-0.8660254037844388,43,503.00341037703583,16.945024711518204,23.1656216180165,宜蘭縣,14971.0,11768.0,11761.0,12833.333333333334,1511.5612973199452,11761.0,14971.0
8,2022-08,37.63,-0.12,22571901,11964470929,18857,0.34522227436670044,56.0,0.5618771739221835,1.1369599178172614,0.7412967565292795,0.8724258094167612,174.0,2022-08-01,2022,8,-0.8660254037844384,-0.5000000000000004,44,530.0604024889175,16.932216416399505,23.205207339192867,宜蘭縣,18381.0,14971.0,11768.0,15040.0,2700.1867836626907,11768.0,18381.0
8,2022-09,37.63,-0.12,19841744,11487472423,20709,0.34769720847119084,55.0,0.5777230635313909,1.1031319627564402,0.752629405963508,0.8775457943616246,166.0,2022-09-01,2022,9,-1.0,-1.8369701987210297e-16,45,578.9547744895812,16.80329860958234,23.16452292410303,宜蘭縣,18857.0,18381.0,14971.0,17403.0,1730.6284022477691,14971.0,18857.0
8,2022-10,37.69,-0.09,19521004,11114033189,24522,0.3554035437931369,55.0,0.5602392511713254,1.1396181685435682,0.740296042150291,0.8752278827461948,166.0,2022-10-01,2022,10,-0.8660254037844386,0.5000000000000001,46,569.3371708237958,16.787001623279618,23.13147439812324,宜蘭縣,20709.0,18857.0,18381.0,19315.666666666668,1004.216886711011,18381.0,20709.0
8,2022-11,37.69,-0.09,19137831,11010774225,24575,0.3583042926860416,55.0,0.5553895469367668,1.149307783811086,0.7369120356429106,0.8725745357454563,165.0,2022-11-01,2022,11,-0.5000000000000004,0.8660254037844384,47,575.3407596189976,16.76717766693607,23.12214010546296,宜蘭縣,24522.0,20709.0,18857.0,21362.666666666668,2358.462257960093,18857.0,24522.0
8,2022-12,37.69,-0.09,19494696,10994474450,24512,0.3644383580026075,58.0,0.5463420692309915,1.174483745230492,0.7305159823984945,0.870271585666173,164.0,2022-12-01,2022,12,-2.4492935982947064e-16,1.0,48,563.972603112149,16.785653037831267,23.120658660902137,宜蘭縣,24575.0,24522.0,20709.0,23268.666666666668,1810.0869837908037,20709.0,24575.0
8,2023-01,38.0,-0.03,10407373,5043603210,19085,0.3664919091494078,53.0,0.5588814169315631,1.1366208767396655,0.7388885744750381,0.8807980649871971,92.0,2023-01-01,2023,1,0.49999999999999994,0.8660254037844387,49,484.618280713106,16.158025151324125,22.34138658641157,宜蘭縣,24512.0,24575.0,24522.0,24536.333333333332,27.644569488820444,24512.0,24575.0
8,2023-02,38.0,-0.03,9080816,4052215342,18774,0.39003102804858064,52.0,0.5364076126764644,1.1917665219173492,0.7227763452095054,0.8663810609090636,91.0,2023-02-01,2023,2,0.8660254037844386,0.5000000000000001,50,446.23912014074506,16.02167472450327,22.122529566787442,宜蘭縣,19085.0,24512.0,24575.0,22724.0,2573.29011189955,19085.0,24575.0
8,2023-03,38.0,-0.03,10027915,4453560904,23916,0.39510516393487577,53.0,0.5576650283016042,1.1314973851017736,0.7380824428607542,0.8727144177029822,94.0,2023-03-01,2023,3,1.0,6.123233995736766e-17,51,444.1163396379008,16.120883361679567,22.216969816503322,宜蘭縣,18774.0,19085.0,24512.0,20790.333333333332,2634.6767459321372,18774.0,24512.0
8,2023-04,38.62,0.04,10233809,4549731559,22745,0.3946050781287788,52.0,0.5590763449636854,1.1314857996337087,0.7387238710435186,0.8796827261482015,90.0,2023-04-01,2023,4,0.8660254037844387,-0.4999999999999998,52,444.57851021061657,16.14120750260907,22.238334070366633,宜蘭縣,23916.0,18774.0,19085.0,20591.666666666668,2354.085007433296,18774.0,23916.0
8,2023-05,38.62,0.04,10331962,4521055275,26202,0.40435950112863367,55.0,0.5631230069155247,1.1213805926598042,0.7419812422848632,0.8748346151486038,96.0,2023-05-01,2023,5,0.49999999999999994,-0.8660254037844387,53,437.57954926663496,16.150752852084217,22.232011271682698,宜蘭縣,22745.0,23916.0,18774.0,21811.666666666668,2200.511203233366,18774.0,23916.0
8,2023-06,38.62,0.04,10510265,4514927863,24332,0.41004789127581465,56.0,0.5708700370534542,1.1008496823868623,0.7469697481462171,0.8849885326392817,97.0,2023-06-01,2023,6,1.2246467991473532e-16,-1.0,54,429.57317089531045,16.167863051762165,22.230655046722056,宜蘭縣,26202.0,22745.0,23916.0,24287.666666666668,1435.5752234634806,22745.0,26202.0
8,2023-07,39.19,0.14,11627279,4977602537,20298,0.415237047291976,52.0,0.5624417050490125,1.1170275346435008,0.7408219928325449,0.8830177722578085,90.0,2023-07-01,2023,7,-0.4999999999999997,-0.8660254037844388,55,428.09693798523284,16.268864619239167,22.328214193991798,宜蘭縣,24332.0,26202.0,22745.0,24426.333333333332,1412.8897888920974,22745.0,26202.0
8,2023-08,39.19,0.14,11640128,5215655850,21670,0.42267799804263323,52.0,0.5569041398470111,1.131789173078355,0.7370025484255843,0.8791661912996146,92.0,2023-08-01,2023,8,-0.8660254037844384,-0.5000000000000004,56,448.0754721941202,16.269969082680383,22.374930679907823,宜蘭縣,20298.0,24332.0,26202.0,23610.666666666668,2463.6754836806103,20298.0,26202.0
8,2023-09,39.19,0.14,10430406,4915565528,24825,0.4243249975120815,52.0,0.5695538637131314,1.1060993256016434,0.7462412297277786,0.8830344667312088,93.0,2023-09-01,2023,9,-1.0,-1.8369701987210297e-16,57,471.2726933160608,16.160235848267387,22.31567264577791,宜蘭縣,21670.0,20298.0,24332.0,22100.0,1674.7067404971733,20298.0,24332.0
8,2023-10,38.79,-0.09,10529422,4891948238,31704,0.4368532289806601,54.0,0.5523576611462283,1.1499108004324505,0.7343377442750418,0.8726511293782317,96.0,2023-10-01,2023,10,-0.8660254037844386,0.5000000000000001,58,464.5979843907861,16.16968408678735,22.31085647397129,宜蘭縣,24825.0,21670.0,20298.0,22264.333333333332,1895.3199084997646,20298.0,24825.0
8,2023-11,38.79,-0.09,10129670,4866450199,29901,0.43447101435683494,55.0,0.5528684850376484,1.1511506342391928,0.7345278770186985,0.8754126244981326,97.0,2023-11-01,2023,11,-0.5000000000000004,0.8660254037844384,59,480.4154724685009,16.130979397908703,22.305630596551296,宜蘭縣,31704.0,24825.0,21670.0,26066.333333333332,4189.349220211761,21670.0,31704.0
8,2023-12,38.79,-0.09,10628508,5141128885,37455,0.441607232172192,54.0,0.5350976369516748,1.1905678927259193,0.7214766174142222,0.8704783399513836,97.0,2023-12-01,2023,12,-2.4492935982947064e-16,1.0,60,483.7112494999298,16.179050477074842,22.360538519925328,宜蘭縣,29901.0,31704.0,24825.0,28810.0,2912.3725723196885,24825.0,31704.0
8,2024-01,39.21,0.1,10493575,5039883972,32536,0.4496804949695409,57.0,0.534145439975148,1.1891544658037727,0.7206977602961813,0.8682819725403402,99.0,2024-01-01,2024,1,0.49999999999999994,0.8660254037844387,61,480.28283706934957,16.166273818372126,22.340648897534535,宜蘭縣,37455.0,29901.0,31704.0,33020.0,3221.244169571751,29901.0,37455.0
8,2024-02,39.21,0.1,10516005,4737716576,33906,0.45168331509922255,53.0,0.5375534257107621,1.1781876095154282,0.7228842131588945,0.8754682029915353,94.0,2024-02-01,2024,2,0.8660254037844386,0.5000000000000001,62,450.52437460803793,16.168409035390894,22.278821121771777,宜蘭縣,32536.0,37455.0,29901.0,33297.333333333336,3130.5431193679833,29901.0,37455.0
8,2024-03,39.21,0.1,10554867,4647436884,34844,0.4639962777361382,58.0,0.5380734187503612,1.1742462446148147,0.7233353106202096,0.8711835023596224,97.0,2024-03-01,2024,3,1.0,6.123233995736766e-17,63,440.3122165347986,16.172097733264994,22.259581697048077,宜蘭縣,33906.0,32536.0,37455.0,34632.333333333336,2072.8097409608586,32536.0,37455.0
8,2024-04,40.83,0.29,10384844,4458148958,36184,0.47456745618903856,59.0,0.5450427107066406,1.157894787904591,0.7283155144169715,0.874561909644478,100.0,2024-04-01,2024,4,0.8660254037844387,-0.4999999999999998,64,429.29378216947697,16.155858089807833,22.217999485214577,宜蘭縣,34844.0,33906.0,32536.0,33762.0,947.7228849545983,32536.0,34844.0
8,2024-05,40.83,0.29,10742119,4615927340,35570,0.4782503340355846,56.0,0.5465187917226481,1.149998144167396,0.7291989597210755,0.8763917994205799,96.0,2024-05-01,2024,5,0.49999999999999994,-0.8660254037844387,65,429.7036124809267,16.189683020489223,22.252778625343748,宜蘭縣,36184.0,34844.0,33906.0,34978.0,934.8040792950503,33906.0,36184.0
8,2024-06,40.83,0.29,10990226,4700380406,33372,0.4830043531406906,58.0,0.5526190250689789,1.1322023000745989,0.7332310545752199,0.8843074746597568,98.0,2024-06-01,2024,6,1.2246467991473532e-16,-1.0,66,427.6873292687521,16.212516981307527,22.270909280046723,宜蘭縣,35570.0,36184.0,34844.0,35532.666666666664,547.6892874208473,34844.0,36184.0
8,2024-07,40.62,-0.06,11871136,5257406506,34050,0.49020877193218915,55.0,0.5449007861128903,1.1659942791670472,0.7282162381089728,0.8737714739347607,96.0,2024-07-01,2024,7,-0.4999999999999997,-0.8660254037844388,67,442.873075163152,16.289620549698586,22.382903682596517,宜蘭縣,33372.0,35570.0,36184.0,35042.0,1207.1796331394373,33372.0,36184.0
8,2024-08,40.62,-0.06,12096199,5840847812,36397,0.4932580060893509,55.0,0.5395474720681827,1.1789605229118911,0.7241315226378138,0.8747361877892386,97.0,2024-08-01,2024,8,-0.8660254037844384,-0.5000000000000004,68,482.8663790997486,16.308401911656293,22.488141796708803,宜蘭縣,34050.0,33372.0,35570.0,34330.666666666664,919.0144479580043,33372.0,35570.0
8,2024-09,40.62,-0.06,11011502,5216121532,41760,0.49811560675373806,56.0,0.54906908977968,1.1484310125586394,0.7311316839428444,0.8791407384750963,99.0,2024-09-01,2024,9,-1.0,-1.8369701987210297e-16,69,473.69755116059554,16.214451011643494,22.375019961337664,宜蘭縣,36397.0,34050.0,33372.0,34606.333333333336,1296.0931893793577,33372.0,36397.0
8,2024-10,40.18,-0.12,10615222,4919416766,39896,0.505624093400967,56.0,0.537123886072024,1.1761407442815308,0.7224898358225574,0.8735941650584416,98.0,2024-10-01,2024,10,-0.8660254037844386,0.5000000000000001,70,463.43041775292124,16.177799660906366,22.316455817131132,宜蘭縣,41760.0,36397.0,34050.0,37402.333333333336,3226.8711712052523,34050.0,41760.0
8,2024-11,40.18,-0.12,10319205,4963597240,36928,0.5000583862807261,56.0,0.5303559736289968,1.195003871062827,0.7174059435780179,0.8738620853059902,96.0,2024-11-01,2024,11,-0.5000000000000004,0.8660254037844384,71,481.00577903045826,16.149517377073316,22.32539656501802,宜蘭縣,39896.0,41760.0,36397.0,39351.0,2223.0925906643356,36397.0,41760.0
8,2024-12,40.18,-0.12,10972313,5310643889,39909,0.507723485467467,57.0,0.5133997017233644,1.2368039818940508,0.7049201932172369,0.864594274698507,100.0,2024-12-01,2024,12,-2.4492935982947064e-16,1.0,72,484.0040462753842,16.210885748931265,22.39297892473588,宜蘭縣,36928.0,39896.0,41760.0,39528.0,1989.7443721912286,36928.0,41760.0
9,2019-01,22.7,0.46,13312668,5060540570,10621,0.15356223110198497,36.0,0.5918519617715897,1.0140910826183192,0.7598373218651588,0.9055504877008876,60.0,2019-01-01,2019,1,0.49999999999999994,0.8660254037844387,1,380.12970578099,16.40422669618902,22.34473914675307,屏東縣,,,,,,,
9,2019-02,22.7,0.46,13463893,4608872865,9290,0.1343948589015079,38.0,0.607944356266987,0.9719547704056799,0.7701389189590262,0.9119343120151059,62.0,2019-02-01,2019,2,0.8660254037844386,0.5000000000000001,2,342.3135392564394,16.41552214197568,22.25124916644667,屏東縣,10621.0,,,10621.0,0.0,10621.0,10621.0
9,2019-03,22.7,0.46,13809856,4817513607,10484,0.15154770621793595,37.0,0.5898922969779945,1.0148788016936925,0.7581438213403529,0.907509390394802,59.0,2019-03-01,2019,3,1.0,6.123233995736766e-17,3,348.84604205865725,16.440893170516514,22.295523782950415,屏東縣,9290.0,10621.0,,9955.5,665.5,9290.0,10621.0
9,2019-04,22.21,-0.12,13981093,4893193339,10515,0.14920993659079443,38.0,0.5865499208739842,1.0264333216497625,0.755497370627604,0.9054824969692999,61.0,2019-04-01,2019,4,0.8660254037844387,-0.4999999999999998,4,349.98646665178467,16.4532165463577,22.3111109620636,屏東縣,10484.0,9290.0,10621.0,10131.666666666666,597.7704873574435,9290.0,10621.0
9,2019-05,22.21,-0.12,14136205,5135255320,11378,0.15211918616064213,37.0,0.5923766895302124,1.0074759252054664,0.7593886053576614,0.9085881253136892,62.0,2019-05-01,2019,5,0.49999999999999994,-0.8660254037844387,5,363.26972621011083,16.464249865597615,22.35939540080458,屏東縣,10515.0,10484.0,9290.0,10096.333333333334,570.3042073217493,9290.0,10515.0
9,2019-06,22.21,-0.12,14582757,5180949465,11466,0.1495143888086457,38.0,0.5903896578083067,1.005693092939199,0.7571634773863406,0.9104580155864903,62.0,2019-06-01,2019,6,1.2246467991473532e-16,-1.0,6,355.27914680331025,16.495350429892987,22.368254171015995,屏東縣,11378.0,10515.0,10484.0,10792.333333333334,414.32220419486197,10484.0,11378.0
9,2019-07,22.03,-0.04,14710488,5831988563,12723,0.15452036669347746,38.0,0.5759974997404882,1.0358770716138785,0.7469258667693417,0.905358748125827,63.0,2019-07-01,2019,7,-0.4999999999999997,-0.8660254037844388,7,396.4510601551764,16.50407133471714,22.486623870745497,屏東縣,11466.0,11378.0,10515.0,11119.666666666666,429.0705717659457,10515.0,11466.0
9,2019-08,22.03,-0.04,14095907,5509626124,11562,0.15371348576576166,38.0,0.580469430733646,1.019359706161833,0.7497518251220018,0.9086396497933762,64.0,2019-08-01,2019,8,-0.8660254037844384,-0.5000000000000004,8,390.86708815544824,16.461395100462564,22.429762603907058,屏東縣,12723.0,11466.0,11378.0,11855.666666666666,614.3486161962296,11378.0,12723.0
9,2019-09,22.03,-0.04,14376746,5393091981,11440,0.15953387505072428,38.0,0.582365875017863,1.0109512554080178,0.7507836613375516,0.9112505013304123,62.0,2019-09-01,2019,9,-1.0,-1.8369701987210297e-16,9,375.1260529329794,16.481122667698244,22.408384708969145,屏東縣,11562.0,12723.0,11466.0,11917.0,571.2740148125066,11466.0,12723.0
9,2019-10,21.65,-0.09,15024695,5763176711,11899,0.1624679236417112,39.0,0.5829094188994931,1.0147699941964574,0.7514148540120116,0.9100021664333287,65.0,2019-10-01,2019,10,-0.8660254037844386,0.5000000000000001,10,383.5802797327999,16.525205805235764,22.474754672127087,屏東縣,11440.0,11562.0,12723.0,11908.333333333334,578.2054613678044,11440.0,12723.0
9,2019-11,21.65,-0.09,13796581,5390382843,10598,0.16619153687424443,37.0,0.5822538051588804,1.0147174164572772,0.7510120079750193,0.9095096096634376,63.0,2019-11-01,2019,11,-0.5000000000000004,0.8660254037844384,11,390.70425078503143,16.439931438289968,22.407882247916337,屏東縣,11899.0,11440.0,11562.0,11633.666666666666,194.1173757177743,11440.0,11899.0
9,2019-12,21.65,-0.09,13956954,5608522977,10726,0.17011541343476522,38.0,0.5808075082139592,1.0241459878290797,0.7505374740075808,0.9076711867073575,63.0,2019-12-01,2019,12,-2.4492935982947064e-16,1.0,12,401.84434060612364,16.451488508297004,22.44755323803679,屏東縣,10598.0,11899.0,11440.0,11312.333333333334,538.7481374033283,10598.0,11899.0
9,2020-01,21.98,0.08,15410597,8003558485,0,0.16008153350580773,41.0,0.5889782477693674,1.0119998357720563,0.7561781026393721,0.9055645929875397,66.0,2020-01-01,2020,1,0.49999999999999994,0.8660254037844387,13,519.3542135324154,16.550566012513517,22.803152090477273,屏東縣,10726.0,10598.0,11899.0,11074.333333333334,585.4641083979634,10598.0,11899.0
9,2022-01,26.03,0.03,28635523,17621467576,14072,0.29336146575705985,46.0,0.5545028399658023,1.07468662762955,0.7301704250346676,0.8995722899840173,133.0,2022-01-01,2022,1,0.49999999999999994,0.8660254037844387,37,615.3709005419597,17.170158602926758,23.592383744394617,屏東縣,,,,,,,
9,2022-02,26.03,0.03,26906237,14853647912,12521,0.29842697810176877,48.0,0.5560834033788185,1.0685886097101567,0.7306533797349662,0.8986529405802826,133.0,2022-02-01,2022,2,0.8660254037844386,0.5000000000000001,38,552.0522216466019,17.107868713599146,23.421511322734997,屏東縣,14072.0,,,14072.0,0.0,14072.0,14072.0
9,2022-03,26.03,0.03,29665149,16783604151,18384,0.3127523815909369,50.0,0.5361269956540744,1.1117113887792884,0.7162824633039935,0.8958594814406629,140.0,2022-03-01,2022,3,1.0,6.123233995736766e-17,39,565.7684089501793,17.205483514125945,23.543668303479517,屏東縣,12521.0,14072.0,,13296.5,775.5,12521.0,14072.0
9,2022-04,28.03,0.35,29245827,16710589267,17955,0.3167394103781028,50.0,0.5480914458173637,1.0772864256048,0.7239674227711188,0.9019009447057182,141.0,2022-04-01,2022,4,0.8660254037844387,-0.4999999999999998,40,571.3837145723388,17.191247488990527,23.53930844332452,屏東縣,18384.0,12521.0,14072.0,14992.333333333334,2480.450541512346,12521.0,18384.0
9,2022-05,28.03,0.35,27763160,15732058561,14998,0.32687734393347156,50.0,0.5423574173398014,1.088510753902711,0.7201817084222402,0.8988471413196482,144.0,2022-05-01,2022,5,0.49999999999999994,-0.8660254037844387,41,566.6523033040908,17.139220555996392,23.47896641398553,屏東縣,17955.0,18384.0,12521.0,16286.666666666666,2668.4820071010827,12521.0,18384.0
9,2022-06,28.03,0.35,29779560,16397393509,15637,0.3294074862086612,50.0,0.5429984966618088,1.0860234786914837,0.7195651648311795,0.9008822494355189,147.0,2022-06-01,2022,6,1.2246467991473532e-16,-1.0,42,550.6257818785771,17.209332843674275,23.520388226828413,屏東縣,14998.0,17955.0,18384.0,17112.333333333332,1505.282771515778,14998.0,18384.0
9,2022-07,27.69,-0.16,32736926,18833022496,19112,0.33032499752725714,50.0,0.5323187462532294,1.1217663843391972,0.7121855607334665,0.8906283076181313,147.0,2022-07-01,2022,7,-0.4999999999999997,-0.8660254037844388,43,575.2837788129527,17.304014264781237,23.658877681710425,屏東縣,15637.0,14998.0,17955.0,16196.666666666666,1270.4021235638563,14998.0,17955.0
9,2022-08,27.69,-0.16,31767960,18882956189,17663,0.33774025779433114,49.0,0.5334940592779341,1.1231509878255999,0.7136698736714602,0.8905935728954582,153.0,2022-08-01,2022,8,-0.8660254037844384,-0.5000000000000004,44,594.4025423414031,17.273968824142006,23.661525563266903,屏東縣,19112.0,15637.0,14998.0,16582.333333333332,1807.6670661994765,14998.0,19112.0
9,2022-09,27.69,-0.16,30981791,18078282465,25371,0.3398700546395139,49.0,0.5488247053620626,1.0699689342613212,0.7243134523759456,0.9012011281077973,140.0,2022-09-01,2022,9,-1.0,-1.8369701987210297e-16,45,583.513150191995,17.248910235050285,23.617977191048446,屏東縣,17663.0,19112.0,15637.0,17470.666666666668,1425.166734884807,15637.0,19112.0
9,2022-10,28.36,0.08,31725529,18998412049,31229,0.3471039994321293,49.0,0.551326530365952,1.0632440599362976,0.7262594738767004,0.9021028144243081,145.0,2022-10-01,2022,10,-0.8660254037844386,0.5000000000000001,46,598.8367301613789,17.27263227749295,23.667621236304367,屏東縣,25371.0,17663.0,19112.0,20715.333333333332,3344.7794479689624,17663.0,25371.0
9,2022-11,28.36,0.08,30377674,17905466005,30608,0.35216577148072625,49.0,0.5464722958585868,1.0770900887970085,0.7229470564467839,0.8991863564010859,144.0,2022-11-01,2022,11,-0.5000000000000004,0.8660254037844384,47,589.428473193833,17.22921852159104,23.608371866642873,屏東縣,31229.0,25371.0,17663.0,24754.333333333332,5555.435616483093,17663.0,31229.0
9,2022-12,28.36,0.08,30517671,18166272989,34867,0.35903228001900933,49.0,0.5488265158262281,1.0862105775449329,0.7259233510971398,0.8947967556239794,144.0,2022-12-01,2022,12,-2.4492935982947064e-16,1.0,48,595.2706216998014,17.233816483620636,23.622832579437468,屏東縣,30608.0,31229.0,25371.0,29069.333333333332,2627.3766806878343,25371.0,31229.0
9,2023-01,29.0,0.07,16301911,8286351227,32078,0.36609094479782156,48.0,0.5507498978099294,1.083253271779093,0.7266998942639301,0.8961694736279691,80.0,2023-01-01,2023,1,0.49999999999999994,0.8660254037844387,49,508.3055125868372,16.60679295951131,22.83787556782782,屏東縣,34867.0,30608.0,31229.0,32234.666666666668,1878.5267868435865,30608.0,34867.0
9,2023-02,29.0,0.07,13906470,6711102288,28406,0.38169557047906477,48.0,0.5316496447932871,1.1232043045829652,0.7123188702812432,0.8907348881491852,81.0,2023-02-01,2023,2,0.8660254037844386,0.5000000000000001,50,482.5884849282384,16.44786482933934,22.627029049997116,屏東縣,32078.0,34867.0,30608.0,32517.666666666668,1766.3050573317046,30608.0,34867.0
9,2023-03,29.0,0.07,15388451,7331949237,41092,0.3919174191086549,47.0,0.5332372873356863,1.1136304471204443,0.7136066521575174,0.8945381182290537,82.0,2023-03-01,2023,3,1.0,6.123233995736766e-17,51,476.4579123005948,16.54912791596075,22.715507243550203,屏東縣,28406.0,32078.0,34867.0,31783.666666666668,2645.89044032859,28406.0,34867.0
9,2023-04,29.23,-0.02,15856943,7443313857,37876,0.3940863633047051,47.0,0.5421772965291832,1.092362310869471,0.7194295268640368,0.8956842438041179,80.0,2023-04-01,2023,4,0.8660254037844387,-0.4999999999999998,52,469.40408734520895,16.57911806960212,22.730581997646873,屏東縣,41092.0,28406.0,32078.0,33858.666666666664,5329.898644022751,28406.0,41092.0
9,2023-05,29.23,-0.02,16064793,7592105305,44197,0.4010668547051929,49.0,0.5362324170787541,1.1134169504288205,0.715679311896518,0.8911328020224101,85.0,2023-05-01,2023,5,0.49999999999999994,-0.8660254037844387,53,472.59278753233855,16.59214072754294,22.75037476881116,屏東縣,37876.0,41092.0,28406.0,35791.333333333336,5384.733068799439,28406.0,41092.0
9,2023-06,29.23,-0.02,16193272,7683801792,38748,0.4072801963679731,48.0,0.5345908571097843,1.1211639522706995,0.7141362783259615,0.8898984096605059,86.0,2023-06-01,2023,6,1.2246467991473532e-16,-1.0,54,474.5058189598742,16.600106467050157,22.762380286751682,屏東縣,44197.0,37876.0,41092.0,41055.0,2580.670068024969,37876.0,44197.0
9,2023-07,29.79,0.13,16525631,7958622155,31086,0.40738523085744804,48.0,0.537896831654619,1.1028404361926376,0.7164625060307833,0.8920370423374454,85.0,2023-07-01,2023,7,-0.4999999999999997,-0.8660254037844388,55,481.5926335883937,16.620423188053906,22.797521725839964,屏東縣,38748.0,44197.0,37876.0,40273.666666666664,2796.96315472494,37876.0,44197.0
9,2023-08,29.79,0.13,16188866,8359256851,33963,0.41347621260192036,49.0,0.5345446878164577,1.1139994523652452,0.7144191569687462,0.8895248129177176,84.0,2023-08-01,2023,8,-0.8660254037844384,-0.5000000000000004,56,516.358394158059,16.599834341734958,22.84663536679034,屏東縣,31086.0,38748.0,44197.0,38010.333333333336,5377.898866864476,31086.0,44197.0
9,2023-09,29.79,0.13,15414872,7611296460,43031,0.41601149850611796,47.0,0.5520447213075641,1.0665149325560537,0.72743581652835,0.8981852071168673,85.0,2023-09-01,2023,9,-1.0,-1.8369701987210297e-16,57,493.7631956982841,16.550843380539938,22.752899357122,屏東縣,33963.0,31086.0,38748.0,34599.0,3160.1617047233517,31086.0,38748.0
9,2023-10,30.84,0.26,16360280,8262060554,46705,0.4223906925798336,49.0,0.5509372920960363,1.069474722656653,0.7266285173603386,0.8980653142855746,87.0,2023-10-01,2023,10,-0.8660254037844386,0.5000000000000001,58,505.00728312718365,16.610367065030488,22.834939855233266,屏東縣,43031.0,33963.0,31086.0,36026.666666666664,5090.173299822141,31086.0,43031.0
9,2023-11,30.84,0.26,15486928,7758563499,50225,0.4254506122841147,50.0,0.5499572357335818,1.0736581152546074,0.7263098918003622,0.8954092767784547,86.0,2023-11-01,2023,11,-0.5000000000000004,0.8660254037844384,59,500.9749834828444,16.555506935797585,22.77206303802608,屏東縣,46705.0,43031.0,33963.0,41233.0,5355.012854015074,33963.0,46705.0
9,2023-12,30.84,0.26,15860443,7747552991,49432,0.43129482574982303,50.0,0.55035919665951,1.0766977034178986,0.7268082612824875,0.8942835329378884,85.0,2023-12-01,2023,12,-2.4492935982947064e-16,1.0,60,488.4827612318269,16.57933876873499,22.77064288748662,屏東縣,50225.0,46705.0,43031.0,46653.666666666664,2937.162500706346,43031.0,50225.0
9,2024-01,32.76,0.44,15319272,7744192953,46307,0.4343787354908249,49.0,0.5440088279455065,1.1011633042672906,0.7226321198553038,0.8907418054852737,85.0,2024-01-01,2024,1,0.49999999999999994,0.8660254037844387,61,505.51964564634665,16.544622266842634,22.770209103190854,屏東縣,49432.0,50225.0,46705.0,48787.333333333336,1507.6021432135942,46705.0,50225.0
9,2024-02,32.76,0.44,15731093,7322060061,39026,0.43976556492292046,50.0,0.555393323647997,1.064559252762302,0.7297478948220572,0.898935121672728,87.0,2024-02-01,2024,2,0.8660254037844386,0.5000000000000001,62,465.4514508940987,16.57114982124925,22.714157554560824,屏東縣,46307.0,49432.0,50225.0,48654.666666666664,1691.3242017885145,46307.0,50225.0
9,2024-03,32.76,0.44,15993729,7225632722,57538,0.4523468541951661,50.0,0.5424547689949598,1.094633356294421,0.7206054948161245,0.8954916017396568,86.0,2024-03-01,2024,3,1.0,6.123233995736766e-17,63,451.77911430161157,16.58770732840098,22.700900641228166,屏東縣,39026.0,46307.0,49432.0,44921.666666666664,4359.707202197057,39026.0,49432.0
9,2024-04,33.18,0.03,16423525,7437439051,59294,0.458506136776362,52.0,0.5447909600629893,1.0872575187222702,0.721843940323408,0.8950826938796634,90.0,2024-04-01,2024,4,0.8660254037844387,-0.4999999999999998,64,452.85278592750336,16.614225377059864,22.729792413095506,屏東縣,57538.0,39026.0,46307.0,47623.666666666664,7614.623839837542,39026.0,57538.0
9,2024-05,33.18,0.03,16873378,7615853400,70756,0.4629700111026968,51.0,0.5426934705390561,1.097341929298178,0.7203767378411128,0.8934550627621808,89.0,2024-05-01,2024,5,0.49999999999999994,-0.8660254037844387,65,451.3532145134187,16.64124773084962,22.753497885431937,屏東縣,59294.0,57538.0,39026.0,51952.666666666664,9168.60285006512,39026.0,59294.0
9,2024-06,33.18,0.03,16881308,7515007444,61107,0.466824490140219,52.0,0.5418057687372662,1.1009065062340888,0.7195593493110842,0.8928628634700582,92.0,2024-06-01,2024,6,1.2246467991473532e-16,-1.0,66,445.16736759971445,16.641717591518805,22.740167850836155,屏東縣,70756.0,59294.0,57538.0,62529.333333333336,5861.138531794731,57538.0,70756.0
9,2024-07,33.71,0.11,17127078,8062783911,66482,0.4694150397399953,52.0,0.5419112114212575,1.096826652754678,0.7201524976998411,0.8906731784604472,91.0,2024-07-01,2024,7,-0.4999999999999997,-0.8660254037844388,67,470.76237470279517,16.656171336203855,22.81052473233978,屏東縣,61107.0,70756.0,59294.0,63719.0,5030.657279786277,59294.0,70756.0
9,2024-08,33.71,0.11,16971004,8067662826,64313,0.47265147070850966,55.0,0.5424545150523362,1.092516338907245,0.7203308065922323,0.8923502699074257,96.0,2024-08-01,2024,8,-0.8660254037844384,-0.5000000000000004,68,475.3792307161085,16.647016857613593,22.811129664766977,屏東縣,66482.0,61107.0,70756.0,66115.0,3947.726518727794,61107.0,70756.0
9,2024-09,33.71,0.11,16564671,7662353434,89242,0.47735919415483713,52.0,0.553940612885317,1.0583489508313568,0.7288799759439835,0.8991480724247406,94.0,2024-09-01,2024,9,-1.0,-1.8369701987210297e-16,69,462.5720265739054,16.622782792735308,22.759585010456476,屏東縣,64313.0,66482.0,61107.0,63967.333333333336,2207.9055434707548,61107.0,66482.0
9,2024-10,33.68,-0.02,16295177,7841028999,87281,0.4830060452856695,51.0,0.5657345675858546,1.0245603837113266,0.7378960658113748,0.9034898485607122,90.0,2024-10-01,2024,10,-0.8660254037844386,0.5000000000000001,70,481.18710211002923,16.60637979379033,22.7826359126962,屏東縣,89242.0,64313.0,66482.0,73345.66666666667,11275.229497541157,64313.0,89242.0
9,2024-11,33.68,-0.02,15931809,7467711686,101757,0.48275553642401814,50.0,0.5573578704381508,1.0470508565057166,0.7318819852786335,0.900589380653509,89.0,2024-11-01,2024,11,-0.5000000000000004,0.8660254037844384,71,468.72967696260986,16.583828297528402,22.733854455426435,屏東縣,87281.0,89242.0,64313.0,80278.66666666667,11317.781417849623,64313.0,89242.0
9,2024-12,33.68,-0.02,16168377,7800088602,101870,0.4885432223654854,49.0,0.5539422576637002,1.0628899509291592,0.7302006255791784,0.8954007566745877,89.0,2024-12-01,2024,12,-2.4492935982947064e-16,1.0,72,482.4286693710816,16.59856791730739,22.777400929936416,屏東縣,101757.0,87281.0,89242.0,92760.0,6412.014088152541,87281.0,101757.0
10,2019-01,34.22,0.62,18364081,8118559564,25315,0.16611236903169835,53.0,0.5775968932093672,0.9851032653604141,0.7470101008593896,0.9206437828280108,83.0,2019-01-01,2019,1,0.49999999999999994,0.8660254037844387,1,442.08907399177775,16.725907249599395,22.817418581911006,彰化縣,,,,,,,
10,2019-02,34.22,0.62,17655030,6734634224,19895,0.15632485472978522,54.0,0.5906682736877925,0.9475366778353931,0.7551436616080517,0.9253720894272057,86.0,2019-02-01,2019,2,0.8660254037844386,0.5000000000000001,2,381.45696858062547,16.686531343219606,22.630529335757082,彰化縣,25315.0,,,25315.0,0.0,25315.0,25315.0
10,2019-03,34.22,0.62,18603058,7510139361,27130,0.1745111475758448,53.0,0.5700031444376732,0.99446886951717,0.7411736285507469,0.9209461154182286,86.0,2019-03-01,2019,3,1.0,6.123233995736766e-17,3,403.70456088455995,16.73883658752657,22.739519859407803,彰化縣,19895.0,25315.0,,22605.0,2710.0,19895.0,25315.0
10,2019-04,36.68,0.6,18980222,7599982006,24913,0.17164377740154987,54.0,0.5762222164446597,0.9838468452028263,0.7454670972763121,0.9208171010855405,85.0,2019-04-01,2019,4,0.8660254037844387,-0.4999999999999998,4,400.41586478809364,16.758908100286728,22.751411716735895,彰化縣,27130.0,19895.0,25315.0,24113.333333333332,3073.4680013879365,19895.0,27130.0
10,2019-05,36.68,0.6,19439096,7767997369,29851,0.17069909012229786,54.0,0.5824678152343955,0.9697561616385431,0.7499921292636242,0.9224441815607064,86.0,2019-05-01,2019,5,0.49999999999999994,-0.8660254037844387,5,399.606924570978,16.78279690530042,22.77327822936689,彰化縣,24913.0,27130.0,19895.0,23979.333333333332,3026.560901235739,19895.0,27130.0
10,2019-06,36.68,0.6,19807728,7900380394,21802,0.1712750195277318,54.0,0.5801264417400215,0.9724668734187725,0.7475350529853803,0.9230207523043531,83.0,2019-06-01,2019,6,1.2246467991473532e-16,-1.0,6,398.85343710293273,16.801582773031996,22.790176746525976,彰化縣,29851.0,24913.0,27130.0,27298.0,2019.4271464947676,24913.0,29851.0
10,2019-07,31.97,-1.15,20735953,8666603766,21386,0.1728921260575774,54.0,0.5794882463847785,0.9686270251827432,0.7469196617102671,0.9245436175516023,88.0,2019-07-01,2019,7,-0.4999999999999997,-0.8660254037844388,7,417.95058881547425,16.84737965976748,22.8827428286196,彰化縣,21802.0,29851.0,24913.0,25522.0,3314.0872046462505,21802.0,29851.0
10,2019-08,31.97,-1.15,20069691,8265425578,21195,0.17394184095808948,54.0,0.5801532816786784,0.9683984272077942,0.7473380631520435,0.9240151231027922,88.0,2019-08-01,2019,8,-0.8660254037844384,-0.5000000000000004,8,411.8362150169626,16.814721374366773,22.835347058605784,彰化縣,21386.0,21802.0,29851.0,24346.333333333332,3896.09037654701,21386.0,29851.0
10,2019-09,31.97,-1.15,19762824,8210851847,20767,0.17903144813716906,54.0,0.5822760771170471,0.9673593403695524,0.7492920040172396,0.9237740011245357,87.0,2019-09-01,2019,9,-1.0,-1.8369701987210297e-16,9,415.4695628013486,16.799313205652435,22.828722512397388,彰化縣,21195.0,21386.0,21802.0,21461.0,253.41796831848106,21195.0,21802.0
10,2019-10,32.53,0.14,20101062,8420443123,21213,0.18605967187206326,55.0,0.5829243678035648,0.9699353124170369,0.7501951886920204,0.9224085772184575,88.0,2019-10-01,2019,10,-0.8660254037844386,0.5000000000000001,10,418.90538534730155,16.81628325720305,22.85392829136931,彰化縣,20767.0,21195.0,21386.0,21116.0,258.80623382497316,20767.0,21386.0
10,2019-11,32.53,0.14,18745746,8179234655,20052,0.18813292359770584,54.0,0.5805016281048135,0.9808261582519748,0.7488493656107365,0.9192448782779836,89.0,2019-11-01,2019,11,-0.5000000000000004,0.8660254037844384,11,436.32484164673946,16.74647745798497,22.824864420347605,彰化縣,21213.0,20767.0,21195.0,21058.333333333332,206.13479947732154,20767.0,21213.0
10,2019-12,32.53,0.14,18730416,8635169979,19256,0.19478003051293682,56.0,0.5705641053125078,1.0095008836419601,0.742252334384885,0.9137480982803586,89.0,2019-12-01,2019,12,-2.4492935982947064e-16,1.0,12,461.02392915352226,16.745659337920436,22.8791092333542,彰化縣,20052.0,21213.0,20767.0,20677.333333333332,478.19823876249853,20052.0,21213.0
10,2020-01,34.44,0.47,20698002,12360044240,0,0.17858670609849203,54.0,0.5835546066321907,0.975712254784001,0.7506004685862916,0.9169609704356971,92.0,2020-01-01,2020,1,0.49999999999999994,0.8660254037844387,13,597.1612255134578,16.845547780151787,23.23773486833848,彰化縣,19256.0,20052.0,21213.0,20173.666666666668,803.5605487799631,19256.0,21213.0
10,2022-01,36.34,0.03,38127242,28146922625,32220,0.31049654732435145,59.0,0.5375450853918705,1.092320184514698,0.7169221419162708,0.9013844746493859,193.0,2022-01-01,2022,1,0.49999999999999994,0.8660254037844387,37,738.2365245563789,17.456439623948153,24.060703864987797,彰化縣,,,,,,,
10,2022-02,36.34,0.03,33755190,22647752530,27095,0.3155228573739327,58.0,0.5311240108105387,1.1046109679101792,0.7106718107645076,0.8979379467275994,188.0,2022-02-01,2022,2,0.8660254037844386,0.5000000000000001,38,670.9413435385788,17.334644770863076,23.843326457947814,彰化縣,32220.0,,,32220.0,0.0,32220.0,32220.0
10,2022-03,36.34,0.03,38999724,27468679895,38477,0.33156378234881867,60.0,0.5127045944029287,1.1486698654729999,0.6982218130569334,0.8946056643888044,191.0,2022-03-01,2022,3,1.0,6.123233995736766e-17,39,704.3301100028298,17.47906515278701,24.036312279692087,彰化縣,27095.0,32220.0,,29657.5,2562.5,27095.0,32220.0
10,2022-04,36.57,-0.14,38378120,26943769280,34539,0.33135914422071744,60.0,0.5342897039359102,1.0878066619653994,0.7130108249179481,0.9051618995406759,193.0,2022-04-01,2022,4,0.8660254037844387,-0.4999999999999998,40,702.0606866620876,17.46299808955484,24.017017912061412,彰化縣,38477.0,27095.0,32220.0,32597.333333333332,4654.336066747031,27095.0,38477.0
10,2022-05,36.57,-0.14,36864941,25145382798,38279,0.3422037485425516,58.0,0.5323664377244406,1.0905987718042334,0.7122093047700795,0.9041979207290742,184.0,2022-05-01,2022,5,0.49999999999999994,-0.8660254037844387,41,682.0947522471282,17.422771576096636,23.947940130117217,彰化縣,34539.0,38477.0,27095.0,33370.333333333336,4719.591601917362,27095.0,38477.0
10,2022-06,36.57,-0.14,39049068,26544013770,39586,0.3403865874596546,60.0,0.5375236665949399,1.0751431238491815,0.7151677730182958,0.9071219830393903,193.0,2022-06-01,2022,6,1.2246467991473532e-16,-1.0,42,679.7604944118001,17.48032959273657,24.002070089193342,彰化縣,38279.0,34539.0,38477.0,37098.333333333336,1811.5263055102334,34539.0,38477.0
10,2022-07,36.88,-0.03,43176791,28441323427,47733,0.33779275073962767,61.0,0.5439874012832093,1.0648187507917215,0.719651027330864,0.9097040583678393,193.0,2022-07-01,2022,7,-0.4999999999999997,-0.8660254037844388,43,658.7178613389773,17.580813686636557,24.071108974835344,彰化縣,39586.0,38279.0,34539.0,37468.0,2138.744647373002,34539.0,39586.0
10,2022-08,36.88,-0.03,42180693,28614615720,45924,0.3465563498447026,62.0,0.5403500700441736,1.0807030833300661,0.7176187930340547,0.9068225834980947,213.0,2022-08-01,2022,8,-0.8660254037844384,-0.5000000000000004,44,678.3818302842961,17.55747318617495,24.077183463431965,彰化縣,47733.0,39586.0,38279.0,41866.0,4182.768540890909,38279.0,47733.0
10,2022-09,36.88,-0.03,41014977,28442858192,56298,0.35007475440008173,61.0,0.5462453988861065,1.061923736488009,0.7221549825567377,0.9087050566918518,204.0,2022-09-01,2022,9,-1.0,-1.8369701987210297e-16,45,693.4749272686414,17.529447875029717,24.07116293588239,彰化縣,45924.0,47733.0,39586.0,44414.333333333336,3493.109630241927,39586.0,47733.0
10,2022-10,38.46,0.27,42164360,29159340795,55085,0.3589067876282244,62.0,0.5411760276165299,1.0787713058340562,0.7184940077354429,0.9054198142696818,206.0,2022-10-01,2022,10,-0.8660254037844386,0.5000000000000001,46,691.5636996506054,17.557085896126846,24.09604113738415,彰化縣,56298.0,45924.0,47733.0,49985.0,4524.643411364038,45924.0,56298.0
10,2022-11,38.46,0.27,40335096,27713676390,53946,0.3674474457678246,62.0,0.5375341240318262,1.0861227789903076,0.7163008363733657,0.9037195052169952,202.0,2022-11-01,2022,11,-0.5000000000000004,0.8660254037844384,47,687.0859161956624,17.512732541209623,24.04519186082098,彰化縣,55085.0,56298.0,45924.0,52435.666666666664,4630.996605003674,45924.0,56298.0
10,2022-12,38.46,0.27,40415911,28089181399,58800,0.37296670115885794,61.0,0.5343779048599178,1.106987392463513,0.7150518764750843,0.8968829874947023,209.0,2022-12-01,2022,12,-2.4492935982947064e-16,1.0,48,695.003049640524,17.51473412677448,24.058650335594493,彰化縣,53946.0,55085.0,56298.0,55109.666666666664,960.3583821793935,53946.0,56298.0
10,2023-01,38.48,-0.1,20677701,12061880781,55437,0.37495275707874876,62.0,0.5477305689805018,1.068620500418508,0.7232551626508189,0.9018598827790382,113.0,2023-01-01,2023,1,0.49999999999999994,0.8660254037844387,49,583.3279425502864,16.844566479573146,23.213315968159158,彰化縣,58800.0,53946.0,55085.0,55943.666666666664,2072.56850845086,53946.0,58800.0
10,2023-02,38.48,-0.1,18183768,10905772942,51708,0.3962890969572423,61.0,0.5211801173635321,1.1290112557078682,0.7038635776699307,0.8971104888711735,113.0,2023-02-01,2023,2,0.8660254037844386,0.5000000000000001,50,599.7531942774457,16.716039940958243,23.112558113776373,彰化縣,55437.0,58800.0,53946.0,56061.0,2030.166003064774,53946.0,58800.0
10,2023-03,38.48,-0.1,20443933,12745033935,73701,0.4056648493222904,62.0,0.524523153408959,1.122329325523061,0.7071573752467297,0.9003012287312818,113.0,2023-03-01,2023,3,1.0,6.123233995736766e-17,51,623.4139945087866,16.833196770534045,23.268407537462195,彰化縣,51708.0,55437.0,58800.0,55315.0,2896.5817785797108,51708.0,58800.0
10,2023-04,39.43,0.12,20414184,11663066104,71604,0.402528800563373,61.0,0.5344600357702751,1.0981693450273773,0.7132720563310294,0.9023767494208927,116.0,2023-04-01,2023,4,0.8660254037844387,-0.4999999999999998,52,571.3216900562863,16.831740560312667,23.179692942563467,彰化縣,73701.0,51708.0,55437.0,60282.0,9610.013215391538,51708.0,73701.0
10,2023-05,39.43,0.12,21245259,12532561391,78904,0.4079530873217408,61.0,0.5319642445791323,1.1052451539602473,0.7119102666623175,0.9002153374548176,113.0,2023-05-01,2023,5,0.49999999999999994,-0.8660254037844387,53,589.8992048531863,16.871644369629852,23.251596005713512,彰化縣,71604.0,73701.0,51708.0,65671.0,9910.377692096301,51708.0,73701.0
10,2023-06,39.43,0.12,21291292,12262652254,69818,0.4139652022996068,61.0,0.5298567812700381,1.120437007985056,0.7099909202316139,0.8982638066304289,113.0,2023-06-01,2023,6,1.2246467991473532e-16,-1.0,54,575.9468356359022,16.87380876776388,23.2298240780707,彰化縣,78904.0,71604.0,73701.0,74736.33333333333,3068.8147911241276,71604.0,78904.0
10,2023-07,39.46,0.01,22396080,12868995218,62006,0.41620033505863524,62.0,0.5340453584017267,1.103698997425939,0.712799784605163,0.9019601644573514,117.0,2023-07-01,2023,7,-0.4999999999999997,-0.8660254037844388,55,574.6092717118353,16.924396546161653,23.278086783944932,彰化縣,69818.0,78904.0,71604.0,73442.0,3930.439500446059,69818.0,78904.0
10,2023-08,39.46,0.01,22390318,13301665848,66868,0.42313074785271027,61.0,0.5307601343869883,1.1132116338465405,0.7105488631291436,0.8992573486450706,115.0,2023-08-01,2023,8,-0.8660254037844384,-0.5000000000000004,56,594.0811491824279,16.924139235905333,23.31115511613528,彰化縣,62006.0,69818.0,78904.0,70242.66666666667,6905.111987184245,62006.0,78904.0
10,2023-09,39.46,0.01,21287594,12519868875,73477,0.42533890866201224,62.0,0.5322514893903703,1.1136957952156212,0.7120718292541656,0.8982072375112002,116.0,2023-09-01,2023,9,-1.0,-1.8369701987210297e-16,57,588.1298222335507,16.873635066655982,23.25058272940058,彰化縣,66868.0,62006.0,69818.0,66230.66666666667,3220.9192614669637,62006.0,69818.0
10,2023-10,39.53,0.03,21778543,12969523247,74880,0.4332913822563796,62.0,0.5295037584300017,1.1229178020405055,0.710320199106065,0.8972495083807948,114.0,2023-10-01,2023,10,-0.8660254037844386,0.5000000000000001,58,595.5184075904435,16.896435822913112,23.285868076542116,彰化縣,73477.0,66868.0,62006.0,67450.33333333333,4701.084579352112,62006.0,73477.0
10,2023-11,39.53,0.03,20665779,13693246187,79948,0.4380913005989273,61.0,0.5301006947384496,1.1272363393585043,0.7115056732194803,0.8940440135356135,114.0,2023-11-01,2023,11,-0.5000000000000004,0.8660254037844384,59,662.6048883518981,16.843989750195078,23.340168569248302,彰化縣,74880.0,73477.0,66868.0,71741.66666666667,3493.4770008625437,66868.0,74880.0
10,2023-12,39.53,0.03,21013074,12867422215,80579,0.44435369142087444,63.0,0.5250899222775891,1.1395552605046646,0.7075923779643093,0.8913467396536081,117.0,2023-12-01,2023,12,-2.4492935982947064e-16,1.0,60,612.3531576103525,16.860655420988493,23.277964544475825,彰化縣,79948.0,74880.0,73477.0,76101.66666666667,2779.4258799655413,73477.0,79948.0
10,2024-01,39.96,0.09,20797654,12694151125,80454,0.4506359707686261,65.0,0.5217047597937098,1.1474153804149976,0.7054206690812339,0.8895198468057984,119.0,2024-01-01,2024,1,0.49999999999999994,0.8660254037844387,61,610.3645692442042,16.850350797931256,23.264407183069416,彰化縣,80579.0,79948.0,74880.0,78469.0,2550.847048857823,74880.0,80579.0
10,2024-02,39.96,0.09,20609489,11691789261,63855,0.4535843173986507,64.0,0.526441908786948,1.1326027449865226,0.7077634481864155,0.8901634582012198,115.0,2024-02-01,2024,2,0.8660254037844386,0.5000000000000001,62,567.3012688960896,16.841262207291187,23.182152659913918,彰化縣,80454.0,80579.0,79948.0,80327.0,272.8088463863785,79948.0,80579.0
10,2024-03,39.96,0.09,21525124,12517406266,99393,0.46458255014001315,66.0,0.5109815530060158,1.1724306860530342,0.6969148702697369,0.8871635768509394,120.0,2024-03-01,2024,3,1.0,6.123233995736766e-17,63,581.5253963693775,16.884731415462134,23.250386013983757,彰化縣,63855.0,80454.0,80579.0,74962.66666666667,7854.472200953769,63855.0,80579.0
10,2024-04,40.93,0.14,21625705,12417544349,99729,0.4681109818153905,62.0,0.5180543972210321,1.1586143647092753,0.7021098734122194,0.8878282580845341,116.0,2024-04-01,2024,4,0.8660254037844387,-0.4999999999999998,64,574.2029843188927,16.889393257648145,23.24237617651178,彰化縣,99393.0,63855.0,80454.0,81234.0,14518.807595667076,63855.0,99393.0
10,2024-05,40.93,0.14,22319216,12774609247,109941,0.4715116785464149,65.0,0.5223958645307865,1.1498543300126067,0.7057121540469881,0.8885470708290112,120.0,2024-05-01,2024,5,0.49999999999999994,-0.8660254037844387,65,572.3592283438629,16.920958614216882,23.270725385327676,彰化縣,99729.0,99393.0,63855.0,87659.0,16832.52874644805,63855.0,99729.0
10,2024-06,40.93,0.14,22429367,12623894849,101522,0.476697492176217,65.0,0.5229908414571093,1.1456164746949071,0.7051364846809988,0.8910895256205847,119.0,2024-06-01,2024,6,1.2246467991473532e-16,-1.0,66,562.8288506314066,16.92588172955016,23.258857271642615,彰化縣,109941.0,99729.0,99393.0,103021.0,4895.101224693929,99393.0,109941.0
10,2024-07,41.39,0.1,23141841,13412964637,94264,0.4823093806581767,63.0,0.5318950013401844,1.1181996509317027,0.7124612082504586,0.8952898777586451,117.0,2024-07-01,2024,7,-0.4999999999999997,-0.8660254037844388,67,579.5979946884952,16.957152878981752,23.319487586465364,彰化縣,101522.0,109941.0,99729.0,103730.66666666667,4451.9577965454955,99729.0,109941.0
10,2024-08,41.39,0.1,23540535,13463483253,98524,0.48452904744943137,64.0,0.5303247403653707,1.1218842760733085,0.7109226701941991,0.8936327912683378,118.0,2024-08-01,2024,8,-0.8660254037844384,-0.5000000000000004,68,571.927666597212,16.97423442929079,23.323246913270705,彰化縣,94264.0,101522.0,109941.0,101909.0,6405.956030653556,94264.0,109941.0
10,2024-09,41.39,0.1,22510157,12899216466,132049,0.48691468477985295,64.0,0.5256361314480903,1.1399302994503342,0.7081467712553049,0.8896201390332373,120.0,2024-09-01,2024,9,-1.0,-1.8369701987210297e-16,69,573.0398266880146,16.929477231960902,23.280432407477104,彰化縣,98524.0,94264.0,101522.0,98103.33333333333,2977.9591818708477,94264.0,101522.0
10,2024-10,40.94,-0.12,22744559,13165397624,129118,0.49535398773834216,63.0,0.5258439319132171,1.141047084008526,0.7084462266338072,0.8891023123376451,119.0,2024-10-01,2024,10,-0.8660254037844386,0.5000000000000001,70,578.8372341710384,16.939836553888156,23.300857832628854,彰化縣,132049.0,98524.0,94264.0,108279.0,16897.6640397423,94264.0,132049.0
10,2024-11,40.94,-0.12,21901921,13035644315,144183,0.4949443475757218,64.0,0.5202903490478251,1.1614023398935995,0.7046929353822434,0.8834785314037066,120.0,2024-11-01,2024,11,-0.5000000000000004,0.8660254037844384,71,595.182692650567,16.9020849534929,23.290953312799566,彰化縣,129118.0,132049.0,98524.0,119897.0,15160.288849490962,98524.0,132049.0
10,2024-12,40.94,-0.12,21959206,13407674022,140845,0.49775952737088947,64.0,0.5147484044150775,1.1805475388820625,0.7011959357729054,0.8789597401654685,121.0,2024-12-01,2024,12,-2.4492935982947064e-16,1.0,72,610.5718950858242,16.90469706284247,23.319093068263506,彰化縣,144183.0,129118.0,132049.0,135116.66666666666,6521.579069179148,129118.0,144183.0
11,2019-01,49.36,0.18,96121817,35729240019,819866,0.16412738015553743,70.0,0.5642446437198082,1.1333389466281958,0.7419740307239511,0.8950144169663377,124.0,2019-01-01,2019,1,0.49999999999999994,0.8660254037844387,1,371.7079132929832,18.381126882511357,24.299235238674353,新北市,,,,,,,
11,2019-02,49.36,0.18,84648723,29186226547,683504,0.1561301521347227,70.0,0.5716443215437016,1.1176097672730594,0.746969543769727,0.8996488228180358,121.0,2019-02-01,2019,2,0.8660254037844386,0.5000000000000001,2,344.7922840726138,18.254020592596376,24.0969627413766,新北市,819866.0,,,819866.0,0.0,819866.0,819866.0
11,2019-03,49.36,0.18,95951895,33123531963,743162,0.16976779874957135,71.0,0.5688689437810629,1.120116153313687,0.7451986539713468,0.8948514148678356,125.0,2019-03-01,2019,3,1.0,6.123233995736766e-17,3,345.2097737413107,18.37935754051457,24.2235098022028,新北市,683504.0,819866.0,,751685.0,68181.0,683504.0,819866.0
11,2019-04,48.59,-0.18,96866801,33267697258,740546,0.17116455616202295,71.0,0.57962941044853,1.0909345147431448,0.7526242762987496,0.9009945316558973,125.0,2019-04-01,2019,4,0.8660254037844387,-0.4999999999999998,4,343.4375546065571,18.3888474175408,24.227852710845315,新北市,743162.0,683504.0,819866.0,748844.0,55814.35062777314,683504.0,819866.0
11,2019-05,48.59,-0.18,102143365,35117376000,786650,0.17369800769731839,71.0,0.581765914589377,1.0841531442149452,0.7540574270291566,0.9027474275984545,128.0,2019-05-01,2019,5,0.49999999999999994,-0.8660254037844387,5,343.80476891475035,18.44188793340874,24.28196188768852,新北市,740546.0,743162.0,683504.0,722404.0,27527.17886017381,683504.0,743162.0
11,2019-06,48.59,-0.18,102272488,35327993349,758252,0.1740951975276088,71.0,0.5844380083434155,1.0759127309531922,0.7556335776245122,0.9066956403759338,127.0,2019-06-01,2019,6,1.2246467991473532e-16,-1.0,6,345.43007645418777,18.443151270023932,24.287941499365065,新北市,786650.0,740546.0,743162.0,756786.0,21144.025728323355,740546.0,786650.0
11,2019-07,47.8,-0.19,108502486,38293745541,807031,0.1810464416455859,71.0,0.5791499814025907,1.091780517811396,0.7520423172608229,0.9030328024004907,128.0,2019-07-01,2019,7,-0.4999999999999997,-0.8660254037844388,7,352.92966044114416,18.502283652341077,24.368552418022368,新北市,758252.0,786650.0,740546.0,761816.0,18989.844233168424,740546.0,786650.0
11,2019-08,47.8,-0.19,107231264,37454590292,825400,0.1817582696777686,71.0,0.580749120706033,1.0823620296052234,0.7528519108009395,0.9070427632001055,128.0,2019-08-01,2019,8,-0.8660254037844384,-0.5000000000000004,8,349.28796784490015,18.49049841519846,24.346395110640053,新北市,807031.0,758252.0,786650.0,783977.6666666666,20003.39528402338,758252.0,807031.0
11,2019-09,47.8,-0.19,99467689,38123168120,758483,0.19079309261925248,71.0,0.5776078118577174,1.0935842816002541,0.7508628455216246,0.9033483627029879,131.0,2019-09-01,2019,9,-1.0,-1.8369701987210297e-16,9,383.2718795748839,18.4153434257766,24.364088021434338,新北市,825400.0,807031.0,758252.0,796894.3333333334,28334.637040594367,758252.0,825400.0
11,2019-10,48.01,0.06,103767527,41274460128,848547,0.19884357463775734,71.0,0.5763381774800825,1.0998005880198816,0.7501441949175487,0.9016942361939492,130.0,2019-10-01,2019,10,-0.8660254037844386,0.5000000000000001,10,397.75892633540354,18.457663647383868,24.443509746812428,新北市,758483.0,825400.0,807031.0,796971.3333333334,28229.640360601283,758483.0,825400.0
11,2019-11,48.01,0.06,97589896,39234909419,811901,0.20106893033270576,71.0,0.5718628592614987,1.1108942304060214,0.746937469838066,0.901104157340223,129.0,2019-11-01,2019,11,-0.5000000000000004,0.8660254037844384,11,402.0386436214667,18.39628453168108,24.392832733870193,新北市,848547.0,758483.0,825400.0,810810.0,38188.410973313185,758483.0,848547.0
11,2019-12,48.01,0.06,99459599,40732023276,861802,0.20753589605765452,72.0,0.5613293749590663,1.142931595768057,0.7397001067740078,0.8951735970703039,131.0,2019-12-01,2019,12,-2.4492935982947064e-16,1.0,12,409.53335510632814,18.415262089525505,24.430280432722817,新北市,811901.0,848547.0,758483.0,806310.3333333334,36980.37938631181,758483.0,848547.0
11,2020-01,47.94,-0.01,102546177,56746856908,0,0.19606474456868345,71.0,0.5605345970388369,1.1441026871884277,0.7389246895084153,0.8982437346250361,128.0,2020-01-01,2020,1,0.49999999999999994,0.8660254037844387,13,553.3785711777437,18.44582377216356,24.761866106910688,新北市,861802.0,811901.0,848547.0,840750.0,21104.85500226587,811901.0,861802.0
11,2022-01,51.45,0.33,209084028,142847704112,1015356,0.4189651110031226,75.0,0.4420087339477975,1.4088285897576394,0.6468938985621608,0.8450202614233163,267.0,2022-01-01,2022,1,0.49999999999999994,0.8660254037844387,37,683.2071558904538,19.15824678175916,25.685044893481436,新北市,,,,,,,
11,2022-02,51.45,0.33,180117293,110364927705,873800,0.4292534476409214,75.0,0.43208316717847245,1.4244842241091842,0.6373861059526361,0.8483459497695205,263.0,2022-02-01,2022,2,0.8660254037844386,0.5000000000000001,38,612.739209360647,19.009118829967004,25.427058236494748,新北市,1015356.0,,,1015356.0,0.0,1015356.0,1015356.0
11,2022-03,51.45,0.33,217756495,138589702145,941023,0.4320998829449381,75.0,0.44024471281865885,1.424314495738974,0.6462434932193412,0.837023432986465,267.0,2022-03-01,2022,3,1.0,6.123233995736766e-17,39,636.4434830979438,19.19888800562849,25.654783621850992,新北市,873800.0,1015356.0,,944578.0,70778.0,873800.0,1015356.0
11,2022-04,52.41,-0.04,210145764,129938484805,883353,0.44052259839984215,75.0,0.44798968152633584,1.3867662632165103,0.6512506385805616,0.8515161171652262,268.0,2022-04-01,2022,4,0.8660254037844387,-0.4999999999999998,40,618.3255009841645,19.163311966940153,25.590326981610477,新北市,941023.0,873800.0,1015356.0,943393.0,57814.28865485302,873800.0,1015356.0
11,2022-05,52.41,-0.04,206631633,131486922007,922002,0.4602348228066319,75.0,0.4376361707514674,1.40013358752575,0.6417349515889467,0.8534317492423824,273.0,2022-05-01,2022,5,0.49999999999999994,-0.8660254037844387,41,636.3349120267563,19.14644822006314,25.602173231207864,新北市,883353.0,941023.0,873800.0,899392.0,29694.78150562261,873800.0,941023.0
11,2022-06,52.41,-0.04,220444934,128988908396,953795,0.4539473336230081,75.0,0.4517545028920458,1.3745380867772832,0.654120615899479,0.8564973781615685,271.0,2022-06-01,2022,6,1.2246467991473532e-16,-1.0,42,585.1298374404921,19.211158493772817,25.582992256192863,新北市,922002.0,883353.0,941023.0,915459.3333333334,23993.917150440906,883353.0,941023.0
11,2022-07,53.66,0.14,239021839,141529317758,979518,0.44743198967689307,75.0,0.4658312941863905,1.335696462462701,0.6658842416487307,0.8594944832635147,267.0,2022-07-01,2022,7,-0.4999999999999997,-0.8660254037844388,43,592.1187718666996,19.292065486473955,25.67577272521138,新北市,953795.0,922002.0,883353.0,919716.6666666666,28803.193137027167,883353.0,953795.0
11,2022-08,53.66,0.14,234601633,142103379859,1002121,0.4550240364268905,75.0,0.4661897812799008,1.3403606583129646,0.6665426109800352,0.8576958967715284,276.0,2022-08-01,2022,8,-0.8660254037844384,-0.5000000000000004,44,605.7220405580041,19.27339945920628,25.679820656847536,新北市,979518.0,953795.0,922002.0,951771.6666666666,23524.35578052859,922002.0,979518.0
11,2022-09,53.66,0.14,222401999,138251682261,961531,0.45884751692362263,75.0,0.464541398673057,1.3420792014715712,0.6651249479102029,0.8575419504210482,268.0,2022-09-01,2022,9,-1.0,-1.8369701987210297e-16,45,621.6296745651103,19.21999711310602,25.65234164553522,新北市,1002121.0,979518.0,953795.0,978478.0,19742.707835215177,953795.0,1002121.0
11,2022-10,53.1,-0.28,227245069,145106663550,1003784,0.46886560605634087,75.0,0.45952246823081516,1.3528179812898686,0.660929144297516,0.8555393428580841,268.0,2022-10-01,2022,10,-0.8660254037844386,0.5000000000000001,46,638.5470284945985,19.241539596617123,25.700734919634602,新北市,961531.0,1002121.0,979518.0,981056.6666666666,16606.477578208916,961531.0,1002121.0
11,2022-11,53.1,-0.28,223095077,153650822448,1051601,0.4682670160399819,75.0,0.46557055232396555,1.3496144074226493,0.6666046736656587,0.8503407271510522,269.0,2022-11-01,2022,11,-0.5000000000000004,0.8660254037844384,47,688.7235008238214,19.223108597303725,25.757948478251826,新北市,1003784.0,961531.0,1002121.0,989145.3333333334,19538.081555999524,961531.0,1003784.0
11,2022-12,53.1,-0.28,223223212,156670863442,1096282,0.4776509577328365,75.0,0.4579946875928298,1.3680145094784342,0.6604014281453848,0.8481574308678974,269.0,2022-12-01,2022,12,-2.4492935982947064e-16,1.0,48,701.8574011111353,19.22368278395977,25.777413030557657,新北市,1051601.0,1003784.0,961531.0,1005638.6666666666,36794.302696054576,961531.0,1051601.0
11,2023-01,54.13,0.09,108245574,56873240138,1086622,0.47578224306889444,75.0,0.45982796572665746,1.354599142897376,0.6611711717654155,0.8531177173119336,141.0,2023-01-01,2023,1,0.49999999999999994,0.8660254037844387,49,525.4093819854472,18.49991304641321,24.764090771127805,新北市,1096282.0,1051601.0,1003784.0,1050555.6666666667,37769.38391813607,1003784.0,1096282.0
11,2023-02,54.13,0.09,99366057,52882881007,1015760,0.4949948854265194,75.0,0.4463226045907642,1.3962109297372967,0.6504729275913606,0.8438199575535135,139.0,2023-02-01,2023,2,0.8660254037844386,0.5000000000000001,50,532.2026716527556,18.414321144500175,24.691345513002727,新北市,1086622.0,1096282.0,1051601.0,1078168.3333333333,19195.421334844992,1051601.0,1096282.0
11,2023-03,54.13,0.09,113594541,63062358056,1135043,0.5003649867294239,75.0,0.4569866244929869,1.3728033391186174,0.659811971069983,0.8443921614155736,140.0,2023-03-01,2023,3,1.0,6.123233995736766e-17,51,555.1530689841865,18.54814601732244,24.86738988422718,新北市,1015760.0,1086622.0,1096282.0,1066221.3333333333,35898.82561991254,1015760.0,1096282.0
11,2023-04,55.41,0.16,110175451,56513637168,1080158,0.5020347863155106,76.0,0.46144673524773483,1.3491552474591202,0.6623931859375825,0.8542187315393881,140.0,2023-04-01,2023,4,0.8660254037844387,-0.4999999999999998,52,512.942190434056,18.517584671248013,24.75774781179777,新北市,1135043.0,1015760.0,1086622.0,1079141.6666666667,48983.50104768838,1015760.0,1135043.0
11,2023-05,55.41,0.16,117757658,60482473984,1154701,0.5083902993383241,76.0,0.4639394740800128,1.3456415124178873,0.6647436721270391,0.8527140884544426,141.0,2023-05-01,2023,5,0.49999999999999994,-0.8660254037844387,53,513.6181800083015,18.584139333331482,24.825619473817707,新北市,1080158.0,1135043.0,1015760.0,1076987.0,48748.67487429787,1015760.0,1135043.0
11,2023-06,55.41,0.16,116867903,63378127274,1198133,0.5129002870873793,76.0,0.46723141849964994,1.3345810254910189,0.6670911601793693,0.8574619072269997,142.0,2023-06-01,2023,6,1.2246467991473532e-16,-1.0,54,542.3056771541455,18.576554829291425,24.872384643202437,新北市,1154701.0,1080158.0,1135043.0,1123300.6666666667,31544.42905208814,1080158.0,1154701.0
11,2023-07,55.35,-0.01,125822785,62846020035,1328161,0.5214853573619437,75.0,0.4557020220151709,1.355668641183515,0.6571568814026808,0.8583317798918535,143.0,2023-07-01,2023,7,-0.4999999999999997,-0.8660254037844388,55,499.4804401682891,18.650385014604613,24.863953445172477,新北市,1198133.0,1154701.0,1080158.0,1144330.6666666667,48718.121312528274,1080158.0,1198133.0
11,2023-08,55.35,-0.01,123416107,65446830955,1417554,0.5228763130569335,75.0,0.4623992739665836,1.3469384157478834,0.6631369518080813,0.8549998421194731,141.0,2023-08-01,2023,8,-0.8660254037844384,-0.5000000000000004,56,530.2940802937496,18.63107219576266,24.904503908817617,新北市,1328161.0,1198133.0,1154701.0,1226998.3333333333,73697.57346223973,1154701.0,1328161.0
11,2023-09,55.35,-0.01,119242300,61035571499,1361612,0.5230049403609289,75.0,0.4654243644996298,1.3370086681573208,0.6654284343727016,0.8561740506514885,139.0,2023-09-01,2023,9,-1.0,-1.8369701987210297e-16,57,511.8617428462886,18.596668123803656,24.83472267050431,新北市,1417554.0,1328161.0,1198133.0,1314616.0,90088.82312843623,1198133.0,1417554.0
11,2023-10,56.01,0.17,120584336,69687690132,1424566,0.5314952101241408,76.0,0.4585553360143042,1.359859625916803,0.6602694233851402,0.8501193140044325,141.0,2023-10-01,2023,10,-0.8660254037844386,0.5000000000000001,58,577.9166054536304,18.6078599582009,24.967289526963047,新北市,1361612.0,1417554.0,1328161.0,1369109.0,36877.55296473271,1328161.0,1417554.0
11,2023-11,56.01,0.17,116352808,68712868891,1478583,0.5355745690297393,76.0,0.45972765134907895,1.3596595750592424,0.6613808151497298,0.848649084601379,144.0,2023-11-01,2023,11,-0.5000000000000004,0.8660254037844384,59,590.5561719748096,18.572137590094115,24.95320233874894,新北市,1424566.0,1361612.0,1417554.0,1401244.0,28169.8846761336,1361612.0,1424566.0
11,2023-12,56.01,0.17,118576449,73877312410,1482484,0.5386249254268021,75.0,0.4529353486554222,1.3760132782926662,0.655617912794808,0.8463537898659791,142.0,2023-12-01,2023,12,-2.4492935982947064e-16,1.0,60,623.0352910129734,18.591068458200485,25.02567161385453,新北市,1478583.0,1424566.0,1361612.0,1421587.0,47799.64812283315,1361612.0,1478583.0
11,2024-01,57.18,0.27,116512762,69994140017,1518728,0.5421043919635172,75.0,0.44749337901951736,1.3927760098685305,0.6513170462820201,0.8420173920518681,143.0,2024-01-01,2024,1,0.49999999999999994,0.8660254037844387,61,600.7422604658535,18.573511378617535,24.971677361462984,新北市,1482484.0,1478583.0,1424566.0,1461877.6666666667,26431.355146660357,1424566.0,1482484.0
11,2024-02,57.18,0.27,107238776,61692553253,1440680,0.5399573657946264,76.0,0.4525787969509439,1.375071081415852,0.6550048836812535,0.8458225036063448,143.0,2024-02-01,2024,2,0.8660254037844386,0.5000000000000001,62,575.282146571684,18.49056846694026,24.8454290677699,新北市,1518728.0,1482484.0,1478583.0,1493265.0,18075.355727251033,1478583.0,1518728.0
11,2024-03,57.18,0.27,117780430,68313307201,1527674,0.5555015124329229,76.0,0.44600699326248205,1.3910439194072983,0.6496654325340806,0.8430051240261222,143.0,2024-03-01,2024,3,1.0,6.123233995736766e-17,63,580.0055849770629,18.58433269483892,24.947370419128088,新北市,1440680.0,1518728.0,1482484.0,1480630.6666666667,31889.901320358804,1440680.0,1518728.0
11,2024-04,59.27,0.35,117713998,68427472569,1525001,0.5603701354192387,76.0,0.45348438948190783,1.3693408750820741,0.6556869302833466,0.8491067731808751,145.0,2024-04-01,2024,4,0.8660254037844387,-0.4999999999999998,64,581.3027654451088,18.583768503135854,24.949040226697083,新北市,1527674.0,1440680.0,1518728.0,1495694.0,39071.83875888106,1440680.0,1527674.0
11,2024-05,59.27,0.35,123984611,73281201549,1324670,0.5663920903861206,77.0,0.4563652215589358,1.3589126496793622,0.6580284629033518,0.8502860488064927,146.0,2024-05-01,2024,5,0.49999999999999994,-0.8660254037844387,65,591.0507841090052,18.635668019094474,25.01756995387546,新北市,1525001.0,1527674.0,1440680.0,1497785.0,40394.07548143663,1440680.0,1527674.0
11,2024-06,59.27,0.35,122408914,68469935727,1287416,0.5701155146266553,77.0,0.4600182704475824,1.3471740543466337,0.6607364885207625,0.8546496050116089,144.0,2024-06-01,2024,6,1.2246467991473532e-16,-1.0,66,559.3541637580413,18.622877760357483,24.949660591390465,新北市,1324670.0,1525001.0,1527674.0,1459115.0,95073.23405669969,1324670.0,1527674.0
11,2024-07,60.69,0.32,127817795,73280868687,1407254,0.5729197565957072,77.0,0.4594905967065718,1.3659642476119853,0.6611840628294362,0.8474774658724162,147.0,2024-07-01,2024,7,-0.4999999999999997,-0.8660254037844388,67,573.3228983256987,18.66611633903978,25.017565411608835,新北市,1287416.0,1324670.0,1525001.0,1379029.0,104332.26959095638,1287416.0,1525001.0
11,2024-08,60.69,0.32,129242329,71261708143,1408598,0.5763421827534538,77.0,0.4559809480529146,1.3674106206310106,0.6577330403880295,0.8497478330029166,147.0,2024-08-01,2024,8,-0.8660254037844384,-0.5000000000000004,68,551.3805631203071,18.677199727232217,24.989624967423396,新北市,1407254.0,1287416.0,1324670.0,1339780.0,50076.745341525544,1287416.0,1407254.0
11,2024-09,60.69,0.32,124012220,72504074842,1293985,0.5796292816949814,77.0,0.4563109071073315,1.365899544442872,0.658119659498072,0.8491351981280555,145.0,2024-09-01,2024,9,-1.0,-1.8369701987210297e-16,69,584.6526644067818,18.635890675164557,25.00690860195865,新北市,1408598.0,1407254.0,1287416.0,1367756.0,56811.608461651565,1287416.0,1408598.0
11,2024-10,61.01,0.05,122714198,68718222306,1287672,0.5870005848874961,76.0,0.46056318261135537,1.3590477527908498,0.6617392553060567,0.8478450227902723,144.0,2024-10-01,2024,10,-0.8660254037844386,0.5000000000000001,70,559.9859138222946,18.625368624257344,24.95328024564695,新北市,1293985.0,1408598.0,1407254.0,1369945.6666666667,53715.10491679433,1293985.0,1408598.0
11,2024-11,61.01,0.05,121042472,73172932721,1306448,0.5878661334675981,75.0,0.4501852834294685,1.3790478677544145,0.6528200944210723,0.8454895815412626,145.0,2024-11-01,2024,11,-0.5000000000000004,0.8660254037844384,71,604.5227886704098,18.611652058498052,25.01609141797394,新北市,1287672.0,1293985.0,1408598.0,1330085.0,55576.864904982416,1287672.0,1408598.0
11,2024-12,61.01,0.05,123613434,77434693295,1265320,0.5926623962246692,76.0,0.44224320854013094,1.4036568722926404,0.6465272455742958,0.8401752595919308,146.0,2024-12-01,2024,12,-2.4492935982947064e-16,1.0,72,626.4261964844371,18.632669794491733,25.072700750913782,新北市,1306448.0,1287672.0,1293985.0,1296035.0,7801.128935395612,1287672.0,1306448.0
12,2019-01,28.34,0.01,15888545,14971796730,12226,0.20435030394538958,46.0,0.5588122414038174,1.0404556481351475,0.7328589244641344,0.9209246661667257,75.0,2019-01-01,2019,1,0.49999999999999994,0.8660254037844387,1,942.3013076401899,16.58110903023552,23.42943405028676,新竹市,,,,,,,
12,2019-02,28.34,0.01,13581960,13880814696,9626,0.18244458089995846,46.0,0.5857419177659375,0.9873455080727077,0.752087916618809,0.9208673122288682,76.0,2019-02-01,2019,2,0.8660254037844386,0.5000000000000001,2,1022.0037973900675,16.424253073204248,23.35377348605182,新竹市,12226.0,,,12226.0,0.0,12226.0,12226.0
12,2019-03,28.34,0.01,15761683,14423188389,12397,0.21255192100995815,46.0,0.5600466321828119,1.0384544268735767,0.7338959297684137,0.9200759842714766,77.0,2019-03-01,2019,3,1.0,6.123233995736766e-17,3,915.0792075313277,16.57309248947753,23.39210305323881,新竹市,9626.0,12226.0,,10926.0,1300.0,9626.0,12226.0
12,2019-04,22.99,-0.1,15748304,15175202213,12458,0.21356191752457915,48.0,0.5677279840127871,1.0212812860217353,0.7393328830837911,0.9222222913654702,81.0,2019-04-01,2019,4,0.8660254037844387,-0.4999999999999998,4,963.6086662411394,16.572243298396952,23.44292849927271,新竹市,12397.0,9626.0,12226.0,11416.333333333334,1267.880208151473,9626.0,12397.0
12,2019-05,22.99,-0.1,16844149,16486701069,15216,0.21626649111213633,49.0,0.5731112704984662,1.0101924748753923,0.7434497284487331,0.9221622891129733,81.0,2019-05-01,2019,5,0.49999999999999994,-0.8660254037844387,5,978.7791041862667,16.639513973472464,23.52581989710615,新竹市,12458.0,12397.0,9626.0,11493.666666666666,1320.8745419439183,9626.0,12458.0
12,2019-06,22.99,-0.1,16505635,15947138887,19509,0.21087477094943635,49.0,0.5846731130296589,0.9819512786815263,0.7508458777865862,0.9240739299033329,82.0,2019-06-01,2019,6,1.2246467991473532e-16,-1.0,6,966.1633064707901,16.619212456304666,23.492545270024042,新竹市,15216.0,12458.0,12397.0,13357.0,1314.747377508952,12397.0,15216.0
12,2019-07,24.49,0.37,17449538,16709602519,16119,0.23078719906509845,50.0,0.5586391396057471,1.040333824227645,0.7322027666291222,0.9197728902621949,81.0,2019-07-01,2019,7,-0.4999999999999997,-0.8660254037844388,7,957.5956978918296,16.674823787925632,23.53924939231688,新竹市,19509.0,15216.0,12458.0,15727.666666666666,2901.206913606052,12458.0,19509.0
12,2019-08,24.49,0.37,16860470,17580079426,15037,0.2221397149664274,50.0,0.571864801795226,1.0140579516047485,0.7416442720754522,0.9192249089141644,86.0,2019-08-01,2019,8,-0.8660254037844384,-0.5000000000000004,8,1042.6802708346802,16.640482446090843,23.59003224722509,新竹市,16119.0,19509.0,15216.0,16948.0,1848.042748423315,15216.0,19509.0
12,2019-09,24.49,0.37,16168083,15219770858,18892,0.23501901864308836,50.0,0.5657374395791798,1.032164661927192,0.7378024964369616,0.9172823395327695,87.0,2019-09-01,2019,9,-1.0,-1.8369701987210297e-16,9,941.3466555064073,16.598549733499897,23.44586113401038,新竹市,15037.0,16119.0,19509.0,16888.333333333332,1905.0111694044097,15037.0,19509.0
12,2019-10,23.34,-0.28,16816621,18070237137,22466,0.2485553429550443,50.0,0.5578156553426359,1.0493620561717611,0.7320531871414596,0.9177973981812398,86.0,2019-10-01,2019,10,-0.8660254037844386,0.5000000000000001,10,1074.546256171201,16.63787835999711,23.617532064762724,新竹市,18892.0,15037.0,16119.0,16682.666666666668,1623.4831553039148,15037.0,18892.0
12,2019-11,23.34,-0.28,15859061,17604097829,18795,0.24259582581843905,49.0,0.5668965221986672,1.0347250467785558,0.7387408371781911,0.9132357205763948,86.0,2019-11-01,2019,11,-0.5000000000000004,0.8660254037844384,11,1110.0340574388358,16.579251629925142,23.59139754313953,新竹市,22466.0,18892.0,15037.0,18798.333333333332,3033.5996586380493,15037.0,22466.0
12,2019-12,23.34,-0.28,16482064,17750345117,19557,0.2545005892465895,50.0,0.5552262013597951,1.0650119297460414,0.7310643861108658,0.91329848009327,86.0,2019-12-01,2019,12,-2.4492935982947064e-16,1.0,12,1076.9491683201813,16.61778337799384,23.599670795946423,新竹市,18795.0,22466.0,18892.0,20051.0,1708.1219706644683,18795.0,22466.0
12,2020-01,23.3,-0.01,15985737,13051932902,0,0.23099666909320477,50.0,0.5614450725427044,1.054874667752542,0.7348667127452428,0.9056099821985061,85.0,2020-01-01,2020,1,0.49999999999999994,0.8660254037844387,13,816.4736415968811,16.587207507693122,23.292202074919558,新竹市,19557.0,18795.0,22466.0,20272.666666666668,1581.81211133167,18795.0,22466.0
12,2022-01,32.34,0.21,29638752,39899400569,21775,0.40247433495175505,56.0,0.5000191588044434,1.1936930747319017,0.686108443432436,0.896318205300952,177.0,2022-01-01,2022,1,0.49999999999999994,0.8660254037844387,37,1346.1903041329135,17.204593285982163,24.409627137421108,新竹市,,,,,,,
12,2022-02,32.34,0.21,25561039,34479600538,19138,0.4088721119669666,57.0,0.5009601385111627,1.1992982673884738,0.6865821847069675,0.8915390724140753,176.0,2022-02-01,2022,2,0.8660254037844386,0.5000000000000001,38,1348.912324651592,17.05657987522175,24.26363369737897,新竹市,21775.0,,,21775.0,0.0,21775.0,21775.0
12,2022-03,32.34,0.21,32390067,36976006305,24441,0.4328568693605975,57.0,0.48293765623740975,1.2247478064341415,0.6724765959885171,0.895166657111268,175.0,2022-03-01,2022,3,1.0,6.123233995736766e-17,39,1141.5847427854965,17.29336239055871,24.333535061021475,新竹市,19138.0,21775.0,,20456.5,1318.5,19138.0,21775.0
12,2022-04,32.84,-0.05,30173215,37486809237,24335,0.429179953147187,57.0,0.49376794596733364,1.197157930850914,0.6796268147096688,0.8962641534884499,170.0,2022-04-01,2022,4,0.8660254037844387,-0.4999999999999998,40,1242.3869725847908,17.222465201410547,24.347254954389616,新竹市,24441.0,19138.0,21775.0,21784.666666666668,2164.9514749501636,19138.0,24441.0
12,2022-05,32.84,-0.05,29414361,37494862185,26328,0.44635458849505516,57.0,0.48387328108478866,1.2169411359185873,0.6725189780597307,0.8962537041005241,179.0,2022-05-01,2022,5,0.49999999999999994,-0.8660254037844387,41,1274.7127902931497,17.196993616431328,24.34746975216294,新竹市,24335.0,24441.0,19138.0,22638.0,2475.2520410387842,19138.0,24441.0
12,2022-06,32.84,-0.05,31268609,38248664842,35596,0.43811111009127396,57.0,0.4995357977450542,1.1918303652535065,0.6846597813161436,0.8946718096734012,177.0,2022-06-01,2022,6,1.2246467991473532e-16,-1.0,42,1223.228856838499,17.25812527689502,24.367374490544364,新竹市,26328.0,24335.0,24441.0,25034.666666666668,915.5480447372613,24335.0,26328.0
12,2022-07,32.96,-0.07,34626503,41470509454,44197,0.4390798574144204,58.0,0.5020176245369659,1.183189519490788,0.6864524840986685,0.8953992553045278,179.0,2022-07-01,2022,7,-0.4999999999999997,-0.8660254037844388,43,1197.6522565388714,17.36012995835153,24.448248396033993,新竹市,35596.0,26328.0,24335.0,28753.0,4906.662069744224,24335.0,35596.0
12,2022-08,32.96,-0.07,34167338,45318584938,44179,0.4539200859019219,57.0,0.49717444944698286,1.1970347844887896,0.6835039651025784,0.8957641651802081,190.0,2022-08-01,2022,8,-0.8660254037844384,-0.5000000000000004,44,1326.3715463581038,17.3467807457298,24.536983048854403,新竹市,44197.0,35596.0,26328.0,35373.666666666664,7296.682549091897,26328.0,44197.0
12,2022-09,32.96,-0.07,32933634,42175725921,41513,0.4542413388088299,58.0,0.5030781154583787,1.1905477594459484,0.6883389182013743,0.8917592270564493,186.0,2022-09-01,2022,9,-1.0,-1.8369701987210297e-16,45,1280.6277594813862,17.310005033927062,24.46511067737021,新竹市,44179.0,44197.0,35596.0,41324.0,4050.314308791356,35596.0,44197.0
12,2022-10,33.01,-0.08,34258342,44620493592,43315,0.46794316549236387,58.0,0.497869621262962,1.204007989492515,0.6842146943363459,0.891965408016535,187.0,2022-10-01,2022,10,-0.8660254037844386,0.5000000000000001,46,1302.470901598215,17.349440684249856,24.521459088036632,新竹市,41513.0,44179.0,44197.0,43296.333333333336,1261.0285043919066,41513.0,44197.0
12,2022-11,33.01,-0.08,33441538,43575373429,42273,0.47422857764496357,58.0,0.4950633199213538,1.2090700249866049,0.6818970467207579,0.8913800555464884,187.0,2022-11-01,2022,11,-0.5000000000000004,0.8660254037844384,47,1303.0313805842304,17.325309367849034,24.49775799813792,新竹市,43315.0,41513.0,44179.0,43002.333333333336,1110.6182462434556,41513.0,44179.0
12,2022-12,33.01,-0.08,34840624,47348292110,41121,0.48444476769417216,57.0,0.5093258325434374,1.1921259933910566,0.6951085319252606,0.890626815409506,188.0,2022-12-01,2022,12,-2.4492935982947064e-16,1.0,48,1358.9966732513171,17.366294648938073,24.580796586466523,新竹市,42273.0,43315.0,41513.0,42367.0,738.6600481051257,41513.0,43315.0
12,2023-01,33.7,0.07,15811845,22201272711,39403,0.47135656844599727,57.0,0.5064170246034089,1.1988277727431262,0.6914439143566105,0.8840157489527629,101.0,2023-01-01,2023,1,0.49999999999999994,0.8660254037844387,49,1404.091218387228,16.576269963912882,23.823415453550748,新竹市,41121.0,42273.0,43315.0,42236.333333333336,896.0719217166047,41121.0,43315.0
12,2023-02,33.7,0.07,14947256,20715808484,36888,0.50061583209654,55.0,0.4787004055664031,1.2569964204453825,0.6689454572799182,0.883834665038185,100.0,2023-02-01,2023,2,0.8660254037844386,0.5000000000000001,50,1385.9271885087135,16.520038362705904,23.754162940678686,新竹市,39403.0,41121.0,42273.0,40932.333333333336,1179.2430717295829,39403.0,42273.0
12,2023-03,33.7,0.07,17311058,21278439665,43666,0.5152803485494647,57.0,0.47657763670246045,1.251036693739636,0.667399473792994,0.8891986266812808,102.0,2023-03-01,2023,3,1.0,6.123233995736766e-17,51,1229.1819289727987,16.666856103790597,23.780960174765355,新竹市,36888.0,39403.0,41121.0,39137.333333333336,1738.2953974767604,36888.0,41121.0
12,2023-04,35.37,0.3,16219774,20104108525,40775,0.5057683911008871,58.0,0.4991269294273866,1.1993339534673932,0.6842017034269404,0.8899890343724888,102.0,2023-04-01,2023,4,0.8660254037844387,-0.4999999999999998,52,1239.481420949515,16.60174173479207,23.72419003540234,新竹市,43666.0,36888.0,39403.0,39985.666666666664,2797.611640111774,36888.0,43666.0
12,2023-05,35.37,0.3,17689812,22884029726,45758,0.5231702292822558,59.0,0.4899616139209062,1.2177569158261585,0.6776077665494693,0.8909909839629726,104.0,2023-05-01,2023,5,0.49999999999999994,-0.8660254037844387,53,1293.6276386656907,16.68849949513606,23.85370511238174,新竹市,40775.0,43666.0,36888.0,40443.0,2777.047472886747,36888.0,43666.0
12,2023-06,35.37,0.3,17216045,20755262045,46002,0.5190388384788724,57.0,0.5019333536627049,1.191720131843878,0.6863760521072058,0.8913578002380917,104.0,2023-06-01,2023,6,1.2246467991473532e-16,-1.0,54,1205.5766608997594,16.661352413873164,23.75606564405227,新竹市,45758.0,40775.0,43666.0,43399.666666666664,2042.999809648112,40775.0,45758.0
12,2023-07,35.8,0.1,18108105,21377796613,54797,0.5267030426430596,59.0,0.4973147326406793,1.2019745221180385,0.6828013754062062,0.8916078187088047,106.0,2023-07-01,2023,7,-0.4999999999999997,-0.8660254037844388,55,1180.5650902178886,16.711870241287144,23.785618678953675,新竹市,46002.0,45758.0,40775.0,44178.333333333336,2408.5808177338695,40775.0,46002.0
12,2023-08,35.8,0.1,18147392,24104824776,58775,0.5367461616523189,58.0,0.4935097076881679,1.2083315814488242,0.6798185656649727,0.8924663114126813,105.0,2023-08-01,2023,8,-0.8660254037844384,-0.5000000000000004,56,1328.2803818862787,16.714037471994807,23.9056778556218,新竹市,54797.0,46002.0,45758.0,48852.333333333336,4204.694228544515,45758.0,54797.0
12,2023-09,35.8,0.1,17536877,22564556694,58639,0.5352000815196457,58.0,0.5008179334419923,1.1985697455304505,0.6857173030294961,0.8881687429295421,105.0,2023-09-01,2023,9,-1.0,-1.8369701987210297e-16,57,1286.6918490675391,16.679816535907154,23.839646224342168,新竹市,58775.0,54797.0,46002.0,53191.333333333336,5336.72848184062,46002.0,58775.0
12,2023-10,37.43,0.4,17892403,25021489086,56891,0.5498282148015557,59.0,0.4866096321157305,1.2297714649073885,0.6747162468898112,0.8890008234220971,106.0,2023-10-01,2023,10,-0.8660254037844386,0.5000000000000001,58,1398.4420698550105,16.69988682320394,23.943000856081483,新竹市,58639.0,58775.0,54797.0,57403.666666666664,1844.0277173139839,54797.0,58775.0
12,2023-11,37.43,0.4,17348337,23522373923,60256,0.551839176285312,59.0,0.49542145728297027,1.210716545097072,0.681614554755306,0.8867347342860586,110.0,2023-11-01,2023,11,-0.5000000000000004,0.8660254037844384,59,1355.8863839802052,16.66900726726154,23.881217887026388,新竹市,56891.0,58639.0,58775.0,58101.666666666664,857.8691948983573,56891.0,58775.0
12,2023-12,37.43,0.4,18056298,24416707631,67452,0.5589394348719765,60.0,0.4999557469540119,1.2059008562602958,0.685947695369228,0.8876876644370845,108.0,2023-12-01,2023,12,-2.4492935982947064e-16,1.0,60,1352.2543564024031,16.70900515693478,23.918533473935163,新竹市,60256.0,56891.0,58639.0,58595.333333333336,1374.1024545337061,56891.0,60256.0
12,2024-01,39.7,0.52,17336452,24033011581,74229,0.5616837285968317,60.0,0.4767191717444399,1.2580621895193864,0.6672082038470155,0.8823540710636755,108.0,2024-01-01,2024,1,0.49999999999999994,0.8660254037844387,61,1386.270476854203,16.668321952452228,23.90269420476808,新竹市,67452.0,60256.0,56891.0,61533.0,4405.052175249082,56891.0,67452.0
12,2024-02,39.7,0.52,15489368,21723608803,64467,0.55553234967366,60.0,0.49260249588776794,1.2290490682871598,0.6797660175676632,0.8785803914013793,109.0,2024-02-01,2024,2,0.8660254037844386,0.5000000000000001,62,1402.485162919494,16.555664475604637,23.801665469407617,新竹市,74229.0,67452.0,60256.0,67312.33333333333,5705.308191110762,60256.0,74229.0
12,2024-03,39.7,0.52,17771145,21497567626,85572,0.5768747033463516,61.0,0.4741675025320437,1.2606763792719449,0.6645860466503425,0.8819174003700944,111.0,2024-03-01,2024,3,1.0,6.123233995736766e-17,63,1209.689506556837,16.693086688766083,23.79120563205203,新竹市,64467.0,74229.0,67452.0,68716.0,4084.3141407095513,64467.0,74229.0
12,2024-04,41.99,0.45,17556914,24133894171,82133,0.5801301982797205,60.0,0.4820997227390367,1.243341383520145,0.6709752066906519,0.8833797898651209,109.0,2024-04-01,2024,4,0.8660254037844387,-0.4999999999999998,64,1374.6091238471636,16.680958447365814,23.906883086571217,新竹市,85572.0,64467.0,74229.0,74756.0,8624.134855160835,64467.0,85572.0
12,2024-05,41.99,0.45,18679884,24038467792,93013,0.5852097903819959,61.0,0.4835044747979056,1.2342609768041253,0.6718483904932172,0.88553397869066,110.0,2024-05-01,2024,5,0.49999999999999994,-0.8660254037844387,65,1286.863868747793,16.742957834429102,23.902921208850096,新竹市,82133.0,85572.0,64467.0,77390.66666666667,9245.631412846946,64467.0,85572.0
12,2024-06,41.99,0.45,17965574,21499944629,85451,0.5804942831217083,60.0,0.4951445788395821,1.2150209230808138,0.6810650747924892,0.8842709951822302,110.0,2024-06-01,2024,6,1.2246467991473532e-16,-1.0,66,1196.7301812343987,16.703967984697208,23.791316196727873,新竹市,93013.0,82133.0,85572.0,86906.0,4540.797800680699,82133.0,93013.0
12,2024-07,41.97,-0.02,18859673,21233216874,100633,0.5903524944467489,60.0,0.4843316236142112,1.2391620611675247,0.6730526027678211,0.8848283318592003,112.0,2024-07-01,2024,7,-0.4999999999999997,-0.8660254037844388,67,1125.852864681164,16.752536549760386,23.7788326261475,新竹市,85451.0,93013.0,82133.0,86865.66666666667,4552.988859590539,82133.0,93013.0
12,2024-08,41.97,-0.02,18973387,24743071258,94162,0.5895774961001955,60.0,0.4893489414998634,1.2230465408655926,0.6756658154919836,0.8842430716244811,110.0,2024-08-01,2024,8,-0.8660254037844384,-0.5000000000000004,68,1304.0935315344593,16.758547923750488,23.931811337636724,新竹市,100633.0,85451.0,93013.0,93032.33333333333,6198.040622289883,85451.0,100633.0
12,2024-09,41.97,-0.02,18563853,22912557716,111104,0.5957888699075564,60.0,0.4852424930673044,1.2371632050619503,0.6734966604185025,0.8820646231146089,110.0,2024-09-01,2024,9,-1.0,-1.8369701987210297e-16,69,1234.2565800321734,16.73672691462794,23.854950969127064,新竹市,94162.0,100633.0,85451.0,93415.33333333333,6220.472347195365,85451.0,100633.0
12,2024-10,40.42,-0.37,18510937,21764592716,98541,0.6081289131933192,60.0,0.4830117476426703,1.2328782120478408,0.6708195268559338,0.8870490996755054,110.0,2024-10-01,2024,10,-0.8660254037844386,0.5000000000000001,70,1175.7693689952055,16.733872358576374,23.80355029902576,新竹市,111104.0,94162.0,100633.0,101966.33333333333,6980.504964223975,94162.0,111104.0
12,2024-11,40.42,-0.37,17989160,24716776125,103417,0.6050016787887816,61.0,0.4850570818176145,1.2299874548168603,0.6718091339451092,0.883271648036929,113.0,2024-11-01,2024,11,-0.5000000000000004,0.8660254037844384,71,1373.9816714621472,16.70527996781861,23.93074804541616,新竹市,98541.0,111104.0,94162.0,101269.0,7180.498079288557,94162.0,111104.0
12,2024-12,40.42,-0.37,18693926,23317425319,91233,0.6129420326152998,61.0,0.4800998487830139,1.2480958086413811,0.6691592766548878,0.8844663769397612,113.0,2024-12-01,2024,12,-2.4492935982947064e-16,1.0,72,1247.3262876401673,16.743709269720785,23.872466785815444,新竹市,103417.0,98541.0,111104.0,104354.0,5171.442029711507,98541.0,111104.0
13,2019-01,32.11,-0.33,12604167,4903826769,9886,0.15319346371719766,43.0,0.6370797753734578,0.8807857071191411,0.7889523361599382,0.9294004911232928,72.0,2019-01-01,2019,1,0.49999999999999994,0.8660254037844387,1,389.06393171401174,16.34953811087234,22.313281710731285,新竹縣,,,,,,,
13,2019-02,32.11,-0.33,11335870,4495748977,7835,0.14639802679459096,45.0,0.6536614381815892,0.8386465984898203,0.7997063304360407,0.9376181095937056,75.0,2019-02-01,2019,2,0.8660254037844386,0.5000000000000001,2,396.59496597967336,16.243482680612534,22.226398115683747,新竹縣,9886.0,,,9886.0,0.0,9886.0,9886.0
13,2019-03,32.11,-0.33,12557873,5025594891,9297,0.15775059996227067,44.0,0.6574645268574039,0.8335072421260842,0.8023082412125047,0.9401835008205609,75.0,2019-03-01,2019,3,1.0,6.123233995736766e-17,3,400.1947536019834,16.34585843716104,22.337809670352087,新竹縣,7835.0,9886.0,,8860.5,1025.5,7835.0,9886.0
13,2019-04,33.77,0.41,12825256,5034989498,9422,0.1618948580831447,45.0,0.6604551148148209,0.8267306339371725,0.8043828520849798,0.9397909874079707,76.0,2019-04-01,2019,4,0.8660254037844387,-0.4999999999999998,4,392.5839373498665,16.366926987806686,22.339677277513967,新竹縣,9297.0,7835.0,9886.0,9006.0,862.2300543745077,7835.0,9886.0
13,2019-05,33.77,0.41,13253043,5194565327,9900,0.16612365929847206,46.0,0.6634319920740256,0.8129168654230483,0.8059419259410838,0.9449084259365943,76.0,2019-05-01,2019,5,0.49999999999999994,-0.8660254037844387,5,391.9526501951288,16.399737819860324,22.37087878677464,新竹縣,9422.0,9297.0,7835.0,8851.333333333334,720.4657444243195,7835.0,9422.0
13,2019-06,33.77,0.41,13372244,5553136281,9620,0.16740937422320443,46.0,0.641631270140988,0.8422818190158221,0.7898102218296346,0.9441875275383848,75.0,2019-06-01,2019,6,1.2246467991473532e-16,-1.0,6,415.27332891921503,16.40869184822087,22.437628700954072,新竹縣,9900.0,9422.0,9297.0,9539.666666666666,259.8542326424995,9297.0,9900.0
13,2019-07,33.22,-0.13,14476701,8460332154,11853,0.17101347883057058,45.0,0.6280866616886147,0.8751981118816143,0.7808013027277416,0.9361714385066044,75.0,2019-07-01,2019,7,-0.4999999999999997,-0.8660254037844388,7,584.4102295129256,16.488051156549105,22.85865427161415,新竹縣,9620.0,9900.0,9422.0,9647.333333333334,196.09748142753446,9422.0,9900.0
13,2019-08,33.22,-0.13,14112098,8229027553,11441,0.17512470505802893,46.0,0.63006588742884,0.8685046330689714,0.7821005069550963,0.9371877944725158,78.0,2019-08-01,2019,8,-0.8660254037844384,-0.5000000000000004,8,583.1186513160552,16.462543072510226,22.830933685966375,新竹縣,11853.0,9620.0,9900.0,10457.666666666666,993.2493253067038,9620.0,11853.0
13,2019-09,33.22,-0.13,13394635,8352263250,10910,0.18068808892515548,47.0,0.6432943692958595,0.8395958423474924,0.7910249887361619,0.944098738039521,79.0,2019-09-01,2019,9,-1.0,-1.8369701987210297e-16,9,623.5528814334994,16.41036488627284,22.84579838710625,新竹縣,11441.0,11853.0,9620.0,10971.333333333334,970.2275792594,9620.0,11853.0
13,2019-10,33.84,0.16,13975856,8891947769,11988,0.1876407427208752,48.0,0.6370699537409398,0.8618641230858454,0.7872854442690308,0.9367887734389936,80.0,2019-10-01,2019,10,-0.8660254037844386,0.5000000000000001,10,636.236361407845,16.452841898917697,22.908411959211946,新竹縣,10910.0,11441.0,11853.0,11401.333333333334,385.99856073421944,10910.0,11853.0
13,2019-11,33.84,0.16,13115629,8399752452,12191,0.1913641351093417,49.0,0.6371643560795441,0.8603021150591723,0.7871493620321222,0.9386233782611569,84.0,2019-11-01,2019,11,-0.5000000000000004,0.8660254037844384,11,640.4384000187868,16.389315206728703,22.851468072480483,新竹縣,11988.0,10910.0,11441.0,11446.333333333334,440.107815073635,10910.0,11988.0
13,2019-12,33.84,0.16,13039163,9124208091,12488,0.19599264155222232,48.0,0.6365945610773868,0.8664647693988214,0.7867781083801161,0.9391737797893929,81.0,2019-12-01,2019,12,-2.4492935982947064e-16,1.0,12,699.7541246320795,16.383468001978173,22.934196948210623,新竹縣,12191.0,11988.0,10910.0,11696.333333333334,562.1638748818908,10910.0,12191.0
13,2020-01,31.18,-0.64,13648712,5726741256,0,0.1829594616693502,47.0,0.6321466232761286,0.8687205936551211,0.7831766836313933,0.9411534949231841,81.0,2020-01-01,2020,1,0.49999999999999994,0.8660254037844387,13,419.5810751959599,16.42915578943578,22.468412489836897,新竹縣,12488.0,12191.0,11988.0,12222.333333333334,205.32305169063594,11988.0,12488.0
13,2022-01,36.84,0.4,27866928,20755634930,20392,0.362835508815324,58.0,0.608799194224879,0.9248277584267549,0.7667045682251018,0.9324519731776678,182.0,2022-01-01,2022,1,0.49999999999999994,0.8660254037844387,37,744.8124504430485,17.142951203218107,23.756083609696336,新竹縣,,,,,,,
13,2022-02,36.84,0.4,24684569,18136905950,18577,0.36860915011317397,55.0,0.6017802798204731,0.9389928906131944,0.7616126495868735,0.928370554089885,170.0,2022-02-01,2022,2,0.8660254037844386,0.5000000000000001,38,734.7467136250182,17.021688910037863,23.621214702091052,新竹縣,20392.0,,,20392.0,0.0,20392.0,20392.0
13,2022-03,36.84,0.4,29569532,21564167458,22756,0.3802037177997947,58.0,0.6003887520700365,0.9503064503490487,0.7612791436807319,0.9261398861503793,184.0,2022-03-01,2022,3,1.0,6.123233995736766e-17,39,729.2698260493268,17.20225509867047,23.794298860179953,新竹縣,18577.0,20392.0,,19484.5,907.5,18577.0,20392.0
13,2022-04,38.64,0.25,28049397,20083567266,21035,0.3851714174105062,59.0,0.604731561335684,0.9294408139431812,0.7634848977323826,0.933033248450938,177.0,2022-04-01,2022,4,0.8660254037844387,-0.4999999999999998,40,716.0070951257883,17.149477728027094,23.723167768730605,新竹縣,22756.0,18577.0,20392.0,20575.0,1710.9699003781452,18577.0,22756.0
13,2022-05,38.64,0.25,26827593,19289980194,23268,0.39776017177538064,58.0,0.6194649475707334,0.8905035476902854,0.7736732102652668,0.9411151794348454,181.0,2022-05-01,2022,5,0.49999999999999994,-0.8660254037844387,41,719.0350693780094,17.104941542644582,23.68285163716575,新竹縣,21035.0,22756.0,18577.0,20789.333333333332,1714.8905374849894,18577.0,22756.0
13,2022-06,38.64,0.25,29293975,19382208517,34247,0.39948057578392826,59.0,0.6171604826918583,0.8944916958419993,0.7718995117596708,0.9393158490781809,177.0,2022-06-01,2022,6,1.2246467991473532e-16,-1.0,42,661.6448780679303,17.192892455579656,23.687621395533373,新竹縣,23268.0,21035.0,22756.0,22353.0,955.1191897698772,21035.0,23268.0
13,2022-07,38.34,-0.19,33259843,20934052374,46278,0.3966220465923426,59.0,0.601580279193522,0.9348144546520567,0.7615133661334481,0.9275173066812132,181.0,2022-07-01,2022,7,-0.4999999999999997,-0.8660254037844388,43,629.4092360568269,17.319861341399356,23.76464297028674,新竹縣,34247.0,23268.0,21035.0,26183.333333333332,5774.288546844729,21035.0,34247.0
13,2022-08,38.34,-0.19,33106073,22200114827,47544,0.40740733580814614,58.0,0.5972400352725878,0.9534065595301564,0.7594043848087932,0.9231068571618265,188.0,2022-08-01,2022,8,-0.8660254037844384,-0.5000000000000004,44,670.5752997946933,17.315227328044116,23.8233632982437,新竹縣,46278.0,34247.0,23268.0,34597.666666666664,9397.065156502616,23268.0,46278.0
13,2022-09,38.34,-0.19,31039950,21234489040,46601,0.4146693213101181,61.0,0.6127569868918341,0.9148727087810203,0.7697118713142257,0.931969478043618,183.0,2022-09-01,2022,9,-1.0,-1.8369701987210297e-16,45,684.1019086693117,17.2507856746698,23.778892538307716,新竹縣,47544.0,46278.0,34247.0,42689.666666666664,5992.197945847768,34247.0,47544.0
13,2022-10,37.48,-0.31,31920308,21601093930,46583,0.4202010832727554,59.0,0.6027313556325745,0.9355187545560424,0.762708054070155,0.926604655569113,183.0,2022-10-01,2022,10,-0.8660254037844386,0.5000000000000001,46,676.7194705640059,17.278753010950155,23.79600979530782,新竹縣,46601.0,47544.0,46278.0,46807.666666666664,537.1047901066937,46278.0,47544.0
13,2022-11,37.48,-0.31,32032118,21770958174,49284,0.4307593085165333,59.0,0.6015974139822128,0.9483046222733866,0.7625510432997281,0.923381213817956,181.0,2022-11-01,2022,11,-0.5000000000000004,0.8660254037844384,47,679.6602764138169,17.282249676125147,23.803842724775055,新竹縣,46583.0,46601.0,47544.0,46909.333333333336,448.8372632579529,46583.0,47544.0
13,2022-12,37.48,-0.31,31568561,20167957229,46792,0.4342281233534845,61.0,0.5943160082143698,0.973416671946016,0.757717496214034,0.9208500824602046,190.0,2022-12-01,2022,12,-2.4492935982947064e-16,1.0,48,638.862101728362,17.267672309924382,23.727360906143545,新竹縣,49284.0,46583.0,46601.0,47489.333333333336,1269.042246035262,46583.0,49284.0
13,2023-01,38.28,0.08,15236945,9009350041,39865,0.43322555801048046,59.0,0.5882436587512225,0.9728205821696199,0.7520264724982599,0.9227801898608939,102.0,2023-01-01,2023,1,0.49999999999999994,0.8660254037844387,49,591.2832290856205,16.539233694440487,22.921528768561746,新竹縣,46792.0,49284.0,46583.0,47553.0,1226.972153989921,46583.0,49284.0
13,2023-02,38.28,0.08,14333460,8190709216,39888,0.4574869570920071,58.0,0.5792589600038918,0.9962288531417611,0.7455555741600423,0.9198538943144223,101.0,2023-02-01,2023,2,0.8660254037844386,0.5000000000000001,50,571.4397790903244,16.478107291926804,22.826266326544513,新竹縣,39865.0,46792.0,49284.0,45313.666666666664,3984.845654337052,39865.0,49284.0
13,2023-03,38.28,0.08,16192666,9368726038,49110,0.46601603466655833,59.0,0.5936546328180988,0.9617670152702766,0.7560905659389257,0.9243446384925126,103.0,2023-03-01,2023,3,1.0,6.123233995736766e-17,51,578.5783538053586,16.60006904340273,22.96064296226688,新竹縣,39888.0,39865.0,46792.0,42181.666666666664,3260.0114860056688,39865.0,46792.0
13,2023-04,39.96,0.29,15557102,9289444467,46176,0.46835451744161605,58.0,0.5847091379517779,0.9753966522638904,0.7491398462258588,0.92249269819019,103.0,2023-04-01,2023,4,0.8660254037844387,-0.4999999999999998,52,597.1192106987535,16.560027876861124,22.95214458906056,新竹縣,49110.0,39888.0,39865.0,42954.333333333336,4352.723770493853,39865.0,49110.0
13,2023-05,39.96,0.29,16692391,9510604680,55190,0.48224984665168696,61.0,0.5943739640009034,0.9562492834041262,0.7563807964958406,0.9258204531633605,105.0,2023-05-01,2023,5,0.49999999999999994,-0.8660254037844387,53,569.7568838400682,16.630463604721687,22.975673295183718,新竹縣,46176.0,49110.0,39888.0,45058.0,3846.969716543139,39888.0,49110.0
13,2023-06,39.96,0.29,16746371,9379608878,56939,0.48463968701039767,59.0,0.5931377016337057,0.9559770870252706,0.7552799946925814,0.92655620731202,105.0,2023-06-01,2023,6,1.2246467991473532e-16,-1.0,54,560.0979984260471,16.633692195759902,22.961803901760433,新竹縣,55190.0,46176.0,49110.0,50158.666666666664,3753.9157629807783,46176.0,55190.0
13,2023-07,39.9,-0.01,17811884,10609413006,68692,0.4891249011053519,59.0,0.5865530700142434,0.9718559624067795,0.7506035857857597,0.9219824809099363,105.0,2023-07-01,2023,7,-0.4999999999999997,-0.8660254037844388,55,595.6367673402768,16.69537648908131,23.085007463536662,新竹縣,56939.0,55190.0,46176.0,52768.333333333336,4715.852297187529,46176.0,56939.0
13,2023-08,39.9,-0.01,18140079,10496499131,74289,0.4993790269601362,58.0,0.5853225445193779,0.9773550539077351,0.7501106803338619,0.9205991330026734,102.0,2023-08-01,2023,8,-0.8660254037844384,-0.5000000000000004,56,578.635800373306,16.71363441278487,23.074307622514418,新竹縣,68692.0,56939.0,55190.0,60273.666666666664,5995.331646836191,55190.0,68692.0
13,2023-09,39.9,-0.01,17188070,9783632901,65287,0.4992664679629534,58.0,0.5931137311512579,0.9550009542071101,0.7552901518320556,0.9265168224239254,103.0,2023-09-01,2023,9,-1.0,-1.8369701987210297e-16,57,569.2106735078459,16.659726154657413,23.00397671439026,新竹縣,74289.0,68692.0,56939.0,66640.0,7230.198383631438,56939.0,74289.0
13,2023-10,41.6,0.41,17260044,10568308359,69267,0.5044515529624374,59.0,0.5864707018343105,0.9714460127929714,0.7506366148313411,0.922676906269764,102.0,2023-10-01,2023,10,-0.8660254037844386,0.5000000000000001,58,612.2990392724375,16.6639048508004,23.081125582393284,新竹縣,65287.0,74289.0,68692.0,69422.66666666667,3711.190854100009,65287.0,74289.0
13,2023-11,41.6,0.41,17028879,10789464230,70456,0.5125931659975974,58.0,0.5894953168435315,0.969275753042065,0.753250169902552,0.922471467440693,103.0,2023-11-01,2023,11,-0.5000000000000004,0.8660254037844384,59,633.5980324952687,16.650421284181398,23.101835960766774,新竹縣,69267.0,65287.0,74289.0,69614.33333333333,3683.2486868101764,65287.0,74289.0
13,2023-12,41.6,0.41,16998646,10702109264,70149,0.5148495944912318,60.0,0.5867679176415418,0.9718255113618015,0.7508020344679217,0.9239320002310771,106.0,2023-12-01,2023,12,-2.4492935982947064e-16,1.0,60,629.5859837307042,16.648644310617886,23.09370668655728,新竹縣,70456.0,69267.0,65287.0,68336.66666666667,2210.3966964225124,65287.0,70456.0
13,2024-01,44.24,0.61,16810277,11269870880,71648,0.5220869352717983,58.0,0.5872021174056996,0.9647860484062064,0.7507289142231267,0.9266524876419346,103.0,2024-01-01,2024,1,0.49999999999999994,0.8660254037844387,61,670.415536876638,16.637501043023185,23.1453987080558,新竹縣,70149.0,70456.0,69267.0,69957.33333333333,503.97244192735604,69267.0,70456.0
13,2024-02,44.24,0.61,15507424,9468358030,65188,0.5165604551729546,59.0,0.577731991330332,0.9813634220026128,0.7433544088302481,0.9233788925871893,104.0,2024-02-01,2024,2,0.8660254037844386,0.5000000000000001,62,610.5693653568768,16.556829499448217,22.971221342733205,新竹縣,71648.0,70149.0,70456.0,70751.0,646.5389908324685,70149.0,71648.0
13,2024-03,44.24,0.61,17248070,11401458959,84090,0.5320148283257199,59.0,0.582371512162748,0.976513999213982,0.7470512932751316,0.9241989973370933,106.0,2024-03-01,2024,3,1.0,6.123233995736766e-17,63,661.0281010571038,16.663210869101682,23.15700716310562,新竹縣,65188.0,71648.0,70149.0,68995.0,2760.6384527255045,65188.0,71648.0
13,2024-04,46.78,0.49,17278917,10530226584,81967,0.5368157622378764,56.0,0.5882298760639586,0.9595590169018692,0.7513505620751578,0.9266672789735607,100.0,2024-04-01,2024,4,0.8660254037844387,-0.4999999999999998,64,609.4263074473938,16.664997703638996,23.07751568090447,新竹縣,84090.0,65188.0,71648.0,73642.0,7844.464205200165,65188.0,84090.0
13,2024-05,46.78,0.49,18401188,14318189557,96613,0.5425589912999096,58.0,0.5902581864158187,0.9500451029159805,0.7525603781668879,0.9294386862413448,103.0,2024-05-01,2024,5,0.49999999999999994,-0.8660254037844387,65,778.1122369381803,16.727925840056677,23.384796562972312,新竹縣,81967.0,84090.0,65188.0,77081.66666666667,8454.634324177217,65188.0,84090.0
13,2024-06,46.78,0.49,18088826,12695391736,92602,0.5421999747247278,57.0,0.5870843309346736,0.9534261047825796,0.7500213667819017,0.9278777959387746,100.0,2024-06-01,2024,6,1.2246467991473532e-16,-1.0,66,701.8361355236652,16.71080501281472,23.264504909208693,新竹縣,96613.0,81967.0,84090.0,87556.66666666667,6462.180351002971,81967.0,96613.0
13,2024-07,46.04,-0.17,19144689,11349850955,108742,0.549763644632723,57.0,0.5872302452912253,0.9528201927046798,0.7501559832076666,0.9278641716248303,100.0,2024-07-01,2024,7,-0.4999999999999997,-0.8660254037844388,67,592.8459300122347,16.76753595054515,23.152470449157647,新竹縣,92602.0,96613.0,81967.0,90394.0,6179.685914348722,81967.0,96613.0
13,2024-08,46.04,-0.17,19605737,11411147947,111488,0.5535819949028185,56.0,0.5785536091287273,0.971063531414794,0.7439177624386168,0.9231363758475389,100.0,2024-08-01,2024,8,-0.8660254037844384,-0.5000000000000004,68,582.0310629995699,16.791332836458373,23.157856604699184,新竹縣,108742.0,92602.0,96613.0,99319.0,6861.327714079834,92602.0,108742.0
13,2024-09,46.04,-0.17,18423071,10244709582,116731,0.5548014769090344,58.0,0.5940665500067179,0.935082694644771,0.7550388314738623,0.9320034645689635,101.0,2024-09-01,2024,9,-1.0,-1.8369701987210297e-16,69,556.0804483682443,16.72911435013029,23.05002727104173,新竹縣,111488.0,108742.0,92602.0,104277.33333333333,8331.473872544335,92602.0,111488.0
13,2024-10,44.19,-0.45,18357097,10768011364,111135,0.5634460612154525,58.0,0.5889524906450856,0.9489498952874645,0.7514045930029133,0.9290245075242562,102.0,2024-10-01,2024,10,-0.8660254037844386,0.5000000000000001,70,586.5857419612698,16.725526869661483,23.099845665290278,新竹縣,116731.0,111488.0,108742.0,112320.33333333333,3314.1730324303967,108742.0,116731.0
13,2024-11,44.19,-0.45,18185691,11743587893,117169,0.5656891453835876,58.0,0.5805937704076947,0.9678088882045391,0.7451754239088303,0.926459544484727,102.0,2024-11-01,2024,11,-0.5000000000000004,0.8660254037844384,71,645.7597840521979,16.716145689019882,23.18657321743312,新竹縣,111135.0,116731.0,111488.0,113118.0,2558.8381478058877,111135.0,116731.0
13,2024-12,44.19,-0.45,18320051,15214750340,101280,0.5681076433684601,59.0,0.5773651017372843,0.9758896501986194,0.7429479317497533,0.9259049005922526,103.0,2024-12-01,2024,12,-2.4492935982947064e-16,1.0,72,830.4971607338866,16.723506755634176,23.445531211419347,新竹縣,117169.0,111135.0,116731.0,115011.66666666667,2747.043178077516,111135.0,117169.0
14,2019-01,30.33,0.19,56185851,29550750236,87561,0.15000098512346108,63.0,0.6076693429861221,0.9688079372334854,0.7701103788567695,0.9117290579081911,109.0,2019-01-01,2019,1,0.49999999999999994,0.8660254037844387,1,525.9464742466924,17.844175539398893,24.109374969207195,桃園市,,,,,,,
14,2019-02,30.33,0.19,49041931,27456461249,60197,0.13624918235784803,63.0,0.6191643380744811,0.9418215883962355,0.7775809439477414,0.9191543864779712,111.0,2019-02-01,2019,2,0.8660254037844386,0.5000000000000001,2,559.8568549227803,17.708186245227306,24.035867359717493,桃園市,87561.0,,,87561.0,0.0,87561.0,87561.0
14,2019-03,30.33,0.19,55515823,31062000528,70872,0.15271082264240232,62.0,0.6048153364676125,0.9749149784731208,0.7679672694395614,0.9108702216303269,111.0,2019-03-01,2019,3,1.0,6.123233995736766e-17,3,559.5161676338654,17.83217865519562,24.159251061124685,桃園市,60197.0,87561.0,,73879.0,13682.0,60197.0,87561.0
14,2019-04,30.16,-0.04,56524842,31260023432,83773,0.15534605121054562,62.0,0.6091618457632808,0.9684611309011226,0.7709958216247645,0.9116338617983222,109.0,2019-04-01,2019,4,0.8660254037844387,-0.4999999999999998,4,553.0315932948561,17.850190798592386,24.165605911555584,桃園市,70872.0,60197.0,87561.0,72876.66666666667,11260.8803780561,60197.0,87561.0
14,2019-05,30.16,-0.04,59592404,32981945313,84290,0.15684863124501572,63.0,0.6121700042749898,0.9608145592348307,0.7731080122224974,0.9124101957692461,112.0,2019-05-01,2019,5,0.49999999999999994,-0.8660254037844387,5,553.4588823266804,17.903038691029412,24.219226136995704,桃園市,83773.0,70872.0,60197.0,71614.0,9639.15165700108,60197.0,83773.0
14,2019-06,30.16,-0.04,59651818,32228794758,85281,0.15224463066657917,62.0,0.6187987579543659,0.9424133856662351,0.7772182400207819,0.9187131228758191,111.0,2019-06-01,2019,6,1.2246467991473532e-16,-1.0,6,540.2818529017842,17.9040352005948,24.196126137069893,桃園市,84290.0,83773.0,70872.0,79645.0,6207.037350191044,70872.0,84290.0
14,2019-07,29.67,-0.12,63530928,34717060887,91085,0.16106921970351196,63.0,0.6157529678055711,0.9344614506614901,0.7748017469538616,0.9183233086096271,110.0,2019-07-01,2019,7,-0.4999999999999997,-0.8660254037844388,7,546.4592125429051,17.96703741614855,24.27049707131207,桃園市,85281.0,84290.0,83773.0,84448.0,625.6937483039659,83773.0,85281.0
14,2019-08,29.67,-0.12,61954971,34014055275,88052,0.1595725708595683,62.0,0.6226853348922535,0.9186559091716759,0.779274983439182,0.9240084867443487,110.0,2019-08-01,2019,8,-0.8660254037844384,-0.5000000000000004,8,549.0125283893684,17.941918421091703,24.25003966661086,桃園市,91085.0,85281.0,84290.0,86885.33333333333,2997.0452486110753,84290.0,91085.0
14,2019-09,29.67,-0.12,58570501,36021029426,87364,0.16964935983730103,62.0,0.6199359196381319,0.9259548671002158,0.7776757962169386,0.9209964927566524,111.0,2019-09-01,2019,9,-1.0,-1.8369701987210297e-16,9,615.0029248682712,17.885741748969988,24.307368755602887,桃園市,88052.0,91085.0,85281.0,88139.33333333333,2370.2776677474358,85281.0,91085.0
14,2019-10,29.73,0.02,61897623,36498784208,91136,0.1855900023818362,62.0,0.6055582561668712,0.9665235072472446,0.7683908798888771,0.9160501365294754,109.0,2019-10-01,2019,10,-0.8660254037844386,0.5000000000000001,10,589.6637453751657,17.940992352427006,24.320544787637623,桃園市,87364.0,88052.0,91085.0,88833.66666666667,1616.5214367757562,87364.0,91085.0
14,2019-11,29.73,0.02,57688189,33963622594,92718,0.1810579631820302,64.0,0.6140819105651342,0.9510571244101076,0.7740218366015962,0.9186989385296875,115.0,2019-11-01,2019,11,-0.5000000000000004,0.8660254037844384,11,588.7448225147092,17.870563031152564,24.24855586510918,桃園市,91136.0,87364.0,88052.0,88850.66666666667,1640.2026975007964,87364.0,91136.0
14,2019-12,29.73,0.02,58839495,37428228816,99665,0.19237094064114588,64.0,0.6010749470279223,0.9891462062769372,0.7656944030535953,0.9070660786602605,113.0,2019-12-01,2019,12,-2.4492935982947064e-16,1.0,12,636.1072408252314,17.890323888059193,24.345691037866025,桃園市,92718.0,91136.0,87364.0,90406.0,2245.8857198590194,87364.0,92718.0
14,2020-01,30.61,0.22,60595538,46287656214,0,0.17580000692460226,65.0,0.6096101741977064,0.9736605948233705,0.7714306621058468,0.9146863585896373,117.0,2020-01-01,2020,1,0.49999999999999994,0.8660254037844387,13,763.8789544867149,17.919731834468525,24.558141158065677,桃園市,99665.0,92718.0,91136.0,94506.33333333333,3704.46238414639,91136.0,99665.0
14,2022-01,31.5,-0.08,108784601,91756875602,169472,0.3489409130617669,71.0,0.5336078478225208,1.150851470973552,0.7163644420592212,0.8871762925342714,236.0,2022-01-01,2022,1,0.49999999999999994,0.8660254037844387,37,843.4730169392266,18.50488035663511,25.24240825952566,桃園市,,,,,,,
14,2022-02,31.5,-0.08,92611309,98084062784,160557,0.35081643214869146,71.0,0.528225673825755,1.1605799880885042,0.711597014571946,0.8874573082645878,236.0,2022-02-01,2022,2,0.8660254037844386,0.5000000000000001,38,1059.093795812777,18.34392183038708,25.309090731451356,桃園市,169472.0,,,169472.0,0.0,169472.0,169472.0
14,2022-03,31.5,-0.08,117940364,120405608825,191870,0.36742843188104796,71.0,0.5132225650366922,1.2006038521740856,0.7012317174127087,0.8763365695564582,236.0,2022-03-01,2022,3,1.0,6.123233995736766e-17,39,1020.9024691919723,18.585689673325806,25.514131953669644,桃園市,160557.0,169472.0,,165014.5,4457.5,160557.0,169472.0
14,2022-04,32.01,-0.04,111926496,117589293956,180712,0.36964626320473754,70.0,0.5284872289426374,1.1570806567403098,0.7117718667794264,0.8888746503776906,230.0,2022-04-01,2022,4,0.8660254037844387,-0.4999999999999998,40,1050.593900089573,18.53335293702978,25.490463830486135,桃園市,191870.0,160557.0,169472.0,173966.33333333334,13172.579254733002,160557.0,191870.0
14,2022-05,32.01,-0.04,108276994,115661165325,181610,0.3797504758951842,70.0,0.5309730329884905,1.149548523155461,0.7140756142528301,0.8876311712162973,231.0,2022-05-01,2022,5,0.49999999999999994,-0.8660254037844387,41,1068.1970477034115,18.500203270201155,25.473930765070996,桃園市,180712.0,191870.0,160557.0,177713.0,12958.17613195108,160557.0,191870.0
14,2022-06,32.01,-0.04,118100887,119164846018,239399,0.37591395058700955,70.0,0.538441394271452,1.1379584398427431,0.7195228008744761,0.8935208759270368,231.0,2022-06-01,2022,6,1.2246467991473532e-16,-1.0,42,1009.0088994674528,18.587049800190975,25.503773632133413,桃園市,181610.0,180712.0,191870.0,184730.66666666666,5061.56506318835,180712.0,191870.0
14,2022-07,33.04,0.15,131435006,122727415680,241520,0.37650474942725687,70.0,0.5380200437707835,1.1353873223060857,0.7189630972436674,0.8929196990336046,232.0,2022-07-01,2022,7,-0.4999999999999997,-0.8660254037844388,43,933.7498389127779,18.694023044057584,25.533231600387985,桃園市,239399.0,181610.0,180712.0,200573.66666666666,27456.104146234746,180712.0,239399.0
14,2022-08,33.04,0.15,129754249,134297230412,239960,0.3875437867163795,70.0,0.5308635960592024,1.157583981389222,0.7142005962363513,0.886131567067218,245.0,2022-08-01,2022,8,-0.8660254037844384,-0.5000000000000004,44,1035.0121976506528,18.68115283477248,25.623321317872787,桃園市,241520.0,239399.0,181610.0,220843.0,27755.4304236126,181610.0,241520.0
14,2022-09,33.04,0.15,123292516,129321932757,240146,0.39106710256444116,70.0,0.5393196345084408,1.1335385720084306,0.7203123910619198,0.8918075124689645,235.0,2022-09-01,2022,9,-1.0,-1.8369701987210297e-16,45,1048.903347523543,18.63007027691739,25.585570735237894,桃園市,239960.0,241520.0,239399.0,240293.0,897.3394006729004,239399.0,241520.0
14,2022-10,32.81,-0.15,127147384,126498194896,250641,0.40051650610444334,70.0,0.5336450181439435,1.1443201182871265,0.7159266996794837,0.8897609328714148,236.0,2022-10-01,2022,10,-0.8660254037844386,0.5000000000000001,46,994.8942000725709,18.66085748336059,25.56349387542324,桃園市,240146.0,239960.0,241520.0,240542.0,695.7068348090307,239960.0,241520.0
14,2022-11,32.81,-0.15,126094368,125998029651,241632,0.40759990168633065,71.0,0.5297711754425753,1.158852306859082,0.7133815445270323,0.8861811734525684,243.0,2022-11-01,2022,11,-0.5000000000000004,0.8660254037844384,47,999.2359821415656,18.652541144902397,25.55953210609308,桃園市,250641.0,240146.0,239960.0,243582.33333333334,4991.808645727073,239960.0,250641.0
14,2022-12,32.81,-0.15,126511522,121953896113,294888,0.4158601064020082,71.0,0.5289658679429545,1.1688550002263733,0.7133954249637436,0.8838789007692122,250.0,2022-12-01,2022,12,-2.4492935982947064e-16,1.0,48,963.9746181616565,18.655843952892415,25.526908909552283,桃園市,241632.0,250641.0,240146.0,244139.66666666666,4636.992583800649,240146.0,250641.0
14,2023-01,33.88,0.16,61154029,54266624477,279223,0.4104380759606207,72.0,0.5298927783422205,1.156282504879821,0.7129651751972057,0.8887992155022197,133.0,2023-01-01,2023,1,0.49999999999999994,0.8660254037844387,49,887.3761118339398,17.928906321441858,24.717175224414007,桃園市,294888.0,241632.0,250641.0,262387.0,23274.11682534914,241632.0,294888.0
14,2023-02,33.88,0.16,56120463,61138925332,245725,0.4307614140674499,71.0,0.5092302155976864,1.207138789431201,0.6973843925699615,0.8767177312845762,131.0,2023-02-01,2023,2,0.8660254037844386,0.5000000000000001,50,1089.4230386516947,17.843011081161503,24.836414576103817,桃園市,279223.0,294888.0,241632.0,271914.3333333333,22347.45086631185,241632.0,294888.0
14,2023-03,33.88,0.16,64813553,62113883331,319726,0.44232543462013263,72.0,0.5110774094889858,1.2002659467065075,0.6993252476067775,0.8766838935677542,132.0,2023-03-01,2023,3,1.0,6.123233995736766e-17,51,958.3471427804614,17.987025306116873,24.852235365021492,桃園市,245725.0,279223.0,294888.0,273278.6666666667,20506.120490125762,245725.0,294888.0
14,2023-04,34.61,0.08,62359786,60525138742,287691,0.4358135064799613,71.0,0.5253274786394637,1.1611817010591874,0.7091326131234639,0.8861280409140595,130.0,2023-04-01,2023,4,0.8660254037844387,-0.4999999999999998,52,970.5796415337281,17.948431186496958,24.826324632093392,桃園市,319726.0,245725.0,279223.0,281558.0,30255.86630721388,245725.0,319726.0
14,2023-05,34.61,0.08,67195510,63385747624,327701,0.44918532503138975,72.0,0.5180037098276483,1.178209742151294,0.7041419136486947,0.8825995367845263,132.0,2023-05-01,2023,5,0.49999999999999994,-0.8660254037844387,53,943.3033192842796,18.02311700266688,24.87250487225058,桃園市,287691.0,319726.0,245725.0,284380.6666666667,30301.328137375247,245725.0,319726.0
14,2023-06,34.61,0.08,66380976,59341060515,323142,0.4482942070631803,74.0,0.5281744486631511,1.1520809423184484,0.7112438057554321,0.889553326242145,134.0,2023-06-01,2023,6,1.2246467991473532e-16,-1.0,54,893.9467915476265,18.010921082436433,24.80656732350648,桃園市,327701.0,287691.0,319726.0,311706.0,17290.466062737196,287691.0,327701.0
14,2023-07,34.68,0.02,70663016,41180033895,339641,0.45187505158285346,73.0,0.5246364385732054,1.1581883288128834,0.70834668307959,0.8879266913826604,133.0,2023-07-01,2023,7,-0.4999999999999997,-0.8660254037844388,55,582.7664346367554,18.07343289640805,24.441219361663734,桃園市,323142.0,327701.0,287691.0,312844.6666666667,17883.44355977214,287691.0,327701.0
14,2023-08,34.68,0.02,70955576,38576362719,346025,0.4595082703577799,74.0,0.5199778528398044,1.1711759335513683,0.7049387070016879,0.8848673147266115,136.0,2023-08-01,2023,8,-0.8660254037844384,-0.5000000000000004,56,543.6692208516495,18.077564563132306,24.375905561078476,桃園市,339641.0,323142.0,327701.0,330161.3333333333,6956.732007359649,323142.0,339641.0
14,2023-09,34.68,0.02,68059239,39449289362,337458,0.4595501868600088,74.0,0.5315470684299614,1.1357752204764462,0.7133613997652839,0.8927683278974071,137.0,2023-09-01,2023,9,-1.0,-1.8369701987210297e-16,57,579.63165532897,18.035889060356997,24.39828187046388,桃園市,346025.0,339641.0,323142.0,336269.3333333333,9641.370038652298,323142.0,346025.0
14,2023-10,35.41,0.18,69401161,39697079475,334428,0.47014331647852403,74.0,0.5178456092261855,1.1726396286377403,0.7034608974336899,0.883656312320193,136.0,2023-10-01,2023,10,-0.8660254037844386,0.5000000000000001,58,571.9944580610114,18.05541416885271,24.404543457097258,桃園市,337458.0,346025.0,339641.0,341041.3333333333,3634.929832732523,337458.0,346025.0
14,2023-11,35.41,0.18,67070468,39740998608,340085,0.4739340122093676,73.0,0.5231745720701417,1.1584900634736255,0.7074379591327736,0.8872092110643988,136.0,2023-11-01,2023,11,-0.5000000000000004,0.8660254037844384,59,592.5260370629887,18.021254400745672,24.405649202315008,桃園市,334428.0,337458.0,346025.0,339303.6666666667,4911.039695307795,334428.0,346025.0
14,2023-12,35.41,0.18,68044186,39092878766,349053,0.47845408864175404,74.0,0.5186146214761502,1.1693256772743577,0.7039184508724963,0.8845311486274521,135.0,2023-12-01,2023,12,-2.4492935982947064e-16,1.0,60,574.5219549837807,18.03566786092957,24.389206158629054,桃園市,340085.0,334428.0,337458.0,337323.6666666667,2311.413180045681,334428.0,340085.0
14,2024-01,38.11,0.63,67124186,41021273116,356699,0.483242612431829,73.0,0.5086898501777448,1.1913696312625794,0.6962364057569354,0.8795048777202303,134.0,2024-01-01,2024,1,0.49999999999999994,0.8660254037844387,61,611.1250736954933,18.02205499898811,24.437356625603417,桃園市,349053.0,340085.0,334428.0,341188.6666666667,6021.418234565304,334428.0,349053.0
14,2024-02,38.11,0.63,61654882,34383860445,292786,0.48404726490272093,74.0,0.517223298780101,1.1690021023541746,0.7023779236168192,0.886162412897003,135.0,2024-02-01,2024,2,0.8660254037844386,0.5000000000000001,62,557.6826899936326,17.937062989628654,24.26085311814824,桃園市,356699.0,349053.0,340085.0,348612.3333333333,6789.79083297531,340085.0,356699.0
14,2024-03,38.11,0.63,68295013,40108366551,368218,0.49685904591598806,74.0,0.5066527352369036,1.1954327300626018,0.6943280616990292,0.879375526292088,135.0,2024-03-01,2024,3,1.0,6.123233995736766e-17,63,587.281044239643,18.039347320412155,24.414850791690693,桃園市,292786.0,356699.0,349053.0,332846.0,28498.164022734283,292786.0,356699.0
14,2024-04,39.48,0.23,68493689,36207010441,394160,0.5034275639614038,74.0,0.5126783301636794,1.1813355991994257,0.6990574270280581,0.883145526006053,135.0,2024-04-01,2024,4,0.8660254037844387,-0.4999999999999998,64,528.618197816736,18.04225218220112,24.31251859564751,桃園市,368218.0,292786.0,356699.0,339234.3333333333,33178.88477464077,292786.0,368218.0
14,2024-05,39.48,0.23,72762682,38349569801,452756,0.5092390629581246,73.0,0.5090389216617884,1.184701534155026,0.6960963038718117,0.8804080366361426,135.0,2024-05-01,2024,5,0.49999999999999994,-0.8660254037844387,65,527.0499759890654,18.102713785590748,24.370009147017488,桃園市,394160.0,368218.0,292786.0,351721.3333333333,42998.271107362234,292786.0,394160.0
14,2024-06,39.48,0.23,71360169,39484470505,454631,0.5072371955845564,74.0,0.5162907126286225,1.1653830934063323,0.7009542956659758,0.8883430194791159,138.0,2024-06-01,2024,6,1.2246467991473532e-16,-1.0,66,553.3124578923013,18.083250428520184,24.39917327980224,桃園市,452756.0,394160.0,368218.0,405044.6666666667,35360.29164032572,368218.0,452756.0
14,2024-07,40.62,0.26,75012337,42709209152,509888,0.5141755682135326,74.0,0.5108373670630492,1.180085440780615,0.6969922427560149,0.8845302340067075,140.0,2024-07-01,2024,7,-0.4999999999999997,-0.8660254037844388,67,569.3624656968093,18.133163164637512,24.47768040495778,桃園市,454631.0,452756.0,394160.0,433849.0,28074.798271759675,394160.0,454631.0
14,2024-08,40.62,0.26,75504354,41260552480,508395,0.5154153096919417,74.0,0.5108849319339256,1.178201562500662,0.6965497380455702,0.8873259017619036,139.0,2024-08-01,2024,8,-0.8660254037844384,-0.5000000000000004,68,546.4658697695764,18.13970089467491,24.44317273473254,桃園市,509888.0,454631.0,452756.0,472425.0,26501.39849140041,452756.0,509888.0
14,2024-09,40.62,0.26,72648432,45760339653,549389,0.5186689920575299,74.0,0.5140345257653057,1.1699129990216233,0.6992283742614018,0.8880527387019171,139.0,2024-09-01,2024,9,-1.0,-1.8369701987210297e-16,69,629.8875060785896,18.101142378580708,24.546683606499148,桃園市,508395.0,509888.0,454631.0,490971.3333333333,25703.72388498514,454631.0,509888.0
14,2024-10,39.97,-0.17,72493733,40965481243,556207,0.5289544132042421,75.0,0.5108936163212238,1.1773712318491862,0.696865286272401,0.8865352954027075,140.0,2024-10-01,2024,10,-0.8660254037844386,0.5000000000000001,70,565.0899677493502,18.09901068850362,24.435995628158235,桃園市,549389.0,508395.0,509888.0,522557.3333333333,18982.641444810106,508395.0,549389.0
14,2024-11,39.97,-0.17,71213450,43896841692,575380,0.5273695629126239,75.0,0.5079170565770929,1.1797104134815242,0.6940780568839173,0.8875425077706528,140.0,2024-11-01,2024,11,-0.5000000000000004,0.8660254037844384,71,616.4122324083443,18.08119227707867,24.505108211227654,桃園市,556207.0,549389.0,508395.0,537997.0,21116.02999303294,508395.0,556207.0
14,2024-12,39.97,-0.17,72957864,55344148336,559207,0.5334855060997948,75.0,0.5014124390035369,1.2029211151018422,0.6897259218005615,0.8792672301919365,139.0,2024-12-01,2024,12,-2.4492935982947064e-16,1.0,72,758.5768730290679,18.105392640692543,24.73683676941011,桃園市,575380.0,556207.0,549389.0,560325.3333333334,11003.136593212359,549389.0,575380.0
15,2019-01,33.17,-0.36,6102565,2290267296,7684,0.1628523415973447,30.0,0.6182589893532966,0.9324697542195816,0.7780752847368279,0.9248853555840864,48.0,2019-01-01,2019,1,0.49999999999999994,0.8660254037844387,1,375.29584625481255,15.624219896430423,21.55193437128168,花蓮縣,,,,,,,
15,2019-02,33.17,-0.36,6175049,2182619337,6997,0.13663923962384752,30.0,0.6406552100830344,0.8971396193318225,0.793449088420189,0.9167938586398261,50.0,2019-02-01,2019,2,0.8660254037844386,0.5000000000000001,2,353.4578166100382,15.636027537611525,21.503791523679155,花蓮縣,7684.0,,,7684.0,0.0,7684.0,7684.0
15,2019-03,33.17,-0.36,6210018,2091934759,7670,0.16562850542462196,30.0,0.6225979183958563,0.9205518058523535,0.7809181873546904,0.9258715514190137,50.0,2019-03-01,2019,3,1.0,6.123233995736766e-17,3,336.8645242252116,15.6416745134863,21.461355197194358,花蓮縣,6997.0,7684.0,,7340.5,343.5,6997.0,7684.0
15,2019-04,35.63,0.6,6427141,2206717512,8015,0.16556086135343848,31.0,0.6225784303215689,0.9254487782414585,0.780891534820848,0.9236721273113504,50.0,2019-04-01,2019,4,0.8660254037844387,-0.4999999999999998,4,343.34356629176176,15.676040518399063,21.514771960106767,花蓮縣,7670.0,6997.0,7684.0,7450.333333333333,320.6060233717112,6997.0,7684.0
15,2019-05,35.63,0.6,6345793,2177832426,8218,0.17137133215659572,30.0,0.6309736453804053,0.8991801499381161,0.7863359236583986,0.9293109623966619,49.0,2019-05-01,2019,5,0.49999999999999994,-0.8660254037844387,5,343.193108568149,15.663302789205392,21.501595919562426,花蓮縣,8015.0,7670.0,6997.0,7560.666666666667,422.7263364820739,6997.0,8015.0
15,2019-06,35.63,0.6,6637648,2278616657,7877,0.15791060327393078,31.0,0.6310344430875019,0.9034102811148417,0.7861521129171056,0.9231435592848551,49.0,2019-06-01,2019,6,1.2246467991473532e-16,-1.0,6,343.28675714650734,15.708268392491297,21.5468343668309,花蓮縣,8218.0,8015.0,7670.0,7967.666666666667,226.20983375814788,7670.0,8218.0
15,2019-07,32.02,-0.88,7392892,2669361025,8155,0.16537371302056084,31.0,0.587779736072889,1.0317186710919717,0.758032580484065,0.8986629319081085,51.0,2019-07-01,2019,7,-0.4999999999999997,-0.8660254037844388,7,361.0712864464948,15.816029691284223,21.70510496461303,花蓮縣,7877.0,8218.0,8015.0,8036.666666666667,140.0531645086568,7877.0,8218.0
15,2019-08,32.02,-0.88,7130732,2513274365,7905,0.16222163446894372,32.0,0.5840446054641171,1.0471544294059698,0.7557877648465824,0.8871535208447043,57.0,2019-08-01,2019,8,-0.8660254037844384,-0.5000000000000004,8,352.456713420165,15.77992459215549,21.64485226821922,花蓮縣,8155.0,7877.0,8218.0,8083.333333333333,148.14932406940716,7877.0,8218.0
15,2019-09,32.02,-0.88,6589174,2360488723,7597,0.17671137535600062,34.0,0.5866452174389816,1.0383427609954325,0.7574251340152802,0.8935672361968283,56.0,2019-09-01,2019,9,-1.0,-1.8369701987210297e-16,9,358.23742444804157,15.700938708960472,21.58213452098517,花蓮縣,7905.0,8155.0,7877.0,7979.0,124.97466409903515,7877.0,8155.0
15,2019-10,32.28,0.07,6899515,2679429730,7851,0.1874205650687041,33.0,0.5827514209558025,1.0465025190551687,0.7547865320968213,0.8954865668094062,55.0,2019-10-01,2019,10,-0.8660254037844386,0.5000000000000001,10,388.3504463719551,15.746961822179681,21.708869821886523,花蓮縣,7597.0,7905.0,8155.0,7885.666666666667,228.21237672152859,7597.0,8155.0
15,2019-11,32.28,0.07,6367292,2402492831,7336,0.183088980370305,34.0,0.5924410276714318,1.024247821538008,0.7613211393477792,0.8951098834480969,57.0,2019-11-01,2019,11,-0.5000000000000004,0.8660254037844384,11,377.31783480324134,15.666684976473404,21.59977271524548,花蓮縣,7851.0,7597.0,7905.0,7784.333333333333,134.28659236457258,7597.0,7905.0
15,2019-12,32.28,0.07,6453324,2400642716,7297,0.19479589123372698,33.0,0.5816109739481472,1.047798013947549,0.7539636937491438,0.8968441689895006,57.0,2019-12-01,2019,12,-2.4492935982947064e-16,1.0,12,372.0009588856843,15.680106059821448,21.599002337198627,花蓮縣,7336.0,7851.0,7597.0,7594.666666666667,210.25434332942777,7336.0,7851.0
15,2020-01,29.32,-0.72,7342995,3948968683,0,0.16868335059468242,33.0,0.5914369772012324,1.0425755830935803,0.761420101743226,0.8830291999381724,59.0,2020-01-01,2020,1,0.49999999999999994,0.8660254037844387,13,537.7871948707577,15.809257491697116,22.096720289110593,花蓮縣,7297.0,7336.0,7851.0,7494.666666666667,252.46825983125527,7297.0,7851.0
15,2022-01,33.86,-0.14,13081369,7394463285,7135,0.3461526083393871,37.0,0.5650523163739701,1.0854520127618361,0.7410014196526373,0.8937322997310144,118.0,2022-01-01,2022,1,0.49999999999999994,0.8660254037844387,37,565.2667763595691,16.38669963856963,22.723997352517188,花蓮縣,,,,,,,
15,2022-02,33.86,-0.14,12656559,6774987440,6210,0.34579999192513544,36.0,0.5651120424706465,1.0920645074336217,0.7408829682696537,0.8876769744446338,118.0,2022-02-01,2022,2,0.8660254037844386,0.5000000000000001,38,535.2945804621936,16.353686215798277,22.63650334998352,花蓮縣,7135.0,,,7135.0,0.0,7135.0,7135.0
15,2022-03,33.86,-0.14,13498809,6890665650,6901,0.37314758657597125,37.0,0.546899749466248,1.1241708163372313,0.7278299144761586,0.8931521291989538,120.0,2022-03-01,2022,3,1.0,6.123233995736766e-17,39,510.46471210904605,16.41811209137523,22.653433528481035,花蓮縣,6210.0,7135.0,,6672.5,462.5,6210.0,7135.0
15,2022-04,36.74,0.53,12460179,6558565950,6391,0.3779280377914314,38.0,0.5668867429522583,1.0823672416616055,0.7423459967950701,0.8960076737260355,120.0,2022-04-01,2022,4,0.8660254037844387,-0.4999999999999998,40,526.3620972058267,16.338048517447167,22.604037810974358,花蓮縣,6901.0,6210.0,7135.0,6748.666666666667,392.6918497866857,6210.0,7135.0
15,2022-05,36.74,0.53,11676285,5845411352,7631,0.3933789728496692,38.0,0.5722146800909308,1.049835250495863,0.7457968009516726,0.9070339581467908,118.0,2022-05-01,2022,5,0.49999999999999994,-0.8660254037844387,41,500.6225312246147,16.273070505346116,22.488922806297442,花蓮縣,6391.0,6901.0,6210.0,6500.666666666667,292.56376323043764,6210.0,6901.0
15,2022-06,36.74,0.53,13384453,6638901421,10872,0.3813326551335344,39.0,0.5752360964452639,1.057730299951084,0.7475547188966183,0.900528919635341,120.0,2022-06-01,2022,6,1.2246467991473532e-16,-1.0,42,496.01589403765695,16.40960444217331,22.616212338252666,花蓮縣,7631.0,6391.0,6901.0,6974.333333333333,508.8767587103537,6391.0,7631.0
15,2022-07,37.28,0.03,16268988,8507796123,10650,0.3760798151673601,39.0,0.5466298215716238,1.1393657797637098,0.7277145327048001,0.8780953677020353,125.0,2022-07-01,2022,7,-0.4999999999999997,-0.8660254037844388,43,522.9456265503422,16.604771338358557,22.8642487711388,花蓮縣,10872.0,7631.0,6391.0,8298.0,1889.1809512766813,6391.0,10872.0
15,2022-08,37.28,0.03,16437366,8712007683,10553,0.3857740954359719,39.0,0.5360624853079679,1.1673087915135996,0.7203772185884283,0.8731201215571885,131.0,2022-08-01,2022,8,-0.8660254037844384,-0.5000000000000004,44,530.012392678973,16.61506777661477,22.88796810457852,花蓮縣,10650.0,10872.0,7631.0,9717.666666666666,1478.2770000540793,7631.0,10872.0
15,2022-09,37.28,0.03,14458650,7679457287,12885,0.39129420796547393,40.0,0.573233632694108,1.0674801594666365,0.746632361942505,0.8937855885577146,128.0,2022-09-01,2022,9,-1.0,-1.8369701987210297e-16,45,531.1323869794206,16.48680347850338,22.76181471598406,花蓮縣,10553.0,10650.0,10872.0,10691.666666666666,133.5223659999411,10553.0,10872.0
15,2022-10,38.52,0.18,14197769,7828136800,13711,0.40669889755214356,40.0,0.5769210681561663,1.0522479666158886,0.7491105820921583,0.9007425744143323,127.0,2022-10-01,2022,10,-0.8660254037844386,0.5000000000000001,46,551.3638656890389,16.46859546798554,22.78099036218344,花蓮縣,12885.0,10553.0,10650.0,11362.666666666666,1077.180372804646,10553.0,12885.0
15,2022-11,38.52,0.18,13757534,7310865672,14300,0.41092357104114735,42.0,0.5756691762177768,1.0568778412968747,0.7484512849468516,0.899648221839757,129.0,2022-11-01,2022,11,-0.5000000000000004,0.8660254037844384,47,531.4081485824422,16.43709723197969,22.71262752681565,花蓮縣,13711.0,12885.0,10553.0,12383.0,1337.2219960300783,10553.0,13711.0
15,2022-12,38.52,0.18,14253009,7272213134,14335,0.4148197057898441,43.0,0.5759087261906218,1.0647389444189308,0.7488920409718397,0.8972002332981057,140.0,2022-12-01,2022,12,-2.4492935982947064e-16,1.0,48,510.22300862926556,16.4724786704436,22.707326502385488,花蓮縣,14300.0,13711.0,12885.0,13632.0,580.3659764895481,12885.0,14300.0
15,2023-01,37.68,-0.3,7528243,3635517190,11173,0.413283551022463,41.0,0.5870830664322347,1.0492978262025336,0.756926815460128,0.8907100899904533,73.0,2023-01-01,2023,1,0.49999999999999994,0.8660254037844387,49,482.9170883564731,15.834172372049396,22.014017218691258,花蓮縣,14335.0,14300.0,13711.0,14115.333333333334,286.2636702218584,13711.0,14335.0
15,2023-02,37.68,-0.3,6395538,2779293392,10309,0.4363027785934506,40.0,0.5605467000185802,1.1020792873364837,0.737777181528747,0.8927106679688245,73.0,2023-02-01,2023,2,0.8660254037844386,0.5000000000000001,50,434.5675675760194,15.671111274040674,21.745462557161115,花蓮縣,11173.0,14335.0,14300.0,13269.333333333334,1482.4003807638774,11173.0,14335.0
15,2023-03,37.68,-0.3,7110052,2965633993,13421,0.44881134483967206,41.0,0.5667737580350134,1.0725383601008265,0.7418591312693634,0.9047850845535307,75.0,2023-03-01,2023,3,1.0,6.123233995736766e-17,51,417.10440275261,15.777020256041373,21.81035667250823,花蓮縣,10309.0,11173.0,14335.0,11939.0,1730.5559800249168,10309.0,14335.0
15,2023-04,38.54,0.1,7369330,3127932172,13121,0.43973047753323574,41.0,0.5812649561292691,1.0541976340023784,0.7521653935975183,0.8972272920333327,73.0,2023-04-01,2023,4,0.8660254037844387,-0.4999999999999998,52,424.45272121074777,15.812837486639665,21.86363797557085,花蓮縣,13421.0,10309.0,11173.0,11634.333333333334,1311.6801778211368,10309.0,13421.0
15,2023-05,38.54,0.1,7332562,3040246966,15271,0.4508270097136581,41.0,0.5766439902220885,1.0603582732517958,0.7494613751646423,0.8995079755206978,73.0,2023-05-01,2023,5,0.49999999999999994,-0.8660254037844387,53,414.62274250118855,15.807835671682275,21.835204588209557,花蓮縣,13121.0,13421.0,10309.0,12283.666666666666,1401.6612366125498,10309.0,13421.0
15,2023-06,38.54,0.1,7496993,3160776318,13974,0.44944699828317836,41.0,0.5807743346549266,1.05823243248217,0.7521723709759366,0.8944228706095897,73.0,2023-06-01,2023,6,1.2246467991473532e-16,-1.0,54,421.60587825011976,15.83001269816475,21.874083504942778,花蓮縣,15271.0,13121.0,13421.0,13937.666666666666,950.7307131301108,13121.0,15271.0
15,2023-07,38.3,-0.05,8159085,3533182244,13529,0.454227281613073,42.0,0.5714685209876832,1.0876134028313975,0.7462591699927137,0.8871575673007452,76.0,2023-07-01,2023,7,-0.4999999999999997,-0.8660254037844388,55,433.0365775083848,15.914642710862802,21.985464787632996,花蓮縣,13974.0,15271.0,13121.0,14122.0,883.9506019380646,13121.0,15271.0
15,2023-08,38.3,-0.05,8356840,3667726908,14615,0.4622032969399917,41.0,0.5667015625412374,1.0969332064018154,0.7428482536461151,0.8869275946410367,74.0,2023-08-01,2023,8,-0.8660254037844384,-0.5000000000000004,56,438.8892102756544,15.938591042836322,22.022837936278844,花蓮縣,13529.0,13974.0,15271.0,14258.0,738.9781232666273,13529.0,15271.0
15,2023-09,38.3,-0.05,7374989,3172196914,16924,0.4642778450245824,41.0,0.599372891335926,1.01535320541083,0.765424734870791,0.9016314465011405,76.0,2023-09-01,2023,9,-1.0,-1.8369701987210297e-16,57,430.1290366670377,15.813605104257036,21.87769021792207,花蓮縣,14615.0,13529.0,13974.0,14039.333333333334,445.75803102380803,13529.0,14615.0
15,2023-10,38.02,-0.06,7635095,3541941470,17213,0.4750665184912565,41.0,0.5832569243085772,1.0521891649769506,0.7545434601665074,0.8983920959726107,75.0,2023-10-01,2023,10,-0.8660254037844386,0.5000000000000001,58,463.902737294035,15.848266070229693,21.987940851890457,花蓮縣,16924.0,14615.0,13529.0,15022.666666666666,1415.6624676179779,13529.0,16924.0
15,2023-11,38.02,-0.06,7359842,3250376463,17935,0.47496155488120534,42.0,0.5951487343782706,1.0242542780858208,0.7625355272572427,0.900814854449321,77.0,2023-11-01,2023,11,-0.5000000000000004,0.8660254037844384,59,441.63671760888343,15.811549158955799,21.902036661656616,花蓮縣,17213.0,16924.0,14615.0,16250.666666666666,1162.5931742827709,14615.0,17213.0
15,2023-12,38.02,-0.06,7481354,4169834892,18237,0.47924934443684925,40.0,0.5893630209618308,1.0386448555759162,0.7584472008676504,0.9000442967944037,74.0,2023-12-01,2023,12,-2.4492935982947064e-16,1.0,60,557.3636659888036,15.827924483277648,22.15114227796846,花蓮縣,17935.0,17213.0,16924.0,17357.333333333332,425.1700313469372,16924.0,17935.0
15,2024-01,39.14,0.26,7204876,3334829029,18870,0.4864018478596995,40.0,0.578192749617886,1.0605106693522688,0.7506705181324426,0.8997974427318388,74.0,2024-01-01,2024,1,0.49999999999999994,0.8660254037844387,61,462.85724126272265,15.7902687157919,21.92768724963257,花蓮縣,18237.0,17935.0,17213.0,17795.0,429.60757286931835,17213.0,18237.0
15,2024-02,39.14,0.26,7390332,3393607086,15824,0.4810001769879892,41.0,0.5911171395984659,1.041137798939723,0.7598304108665213,0.8919480207384458,75.0,2024-02-01,2024,2,0.8660254037844386,0.5000000000000001,62,459.1954848577845,15.815683352802271,21.945159230115273,花蓮縣,18870.0,18237.0,17935.0,18347.333333333332,389.6035021517246,17935.0,18870.0
15,2024-03,39.14,0.26,7422297,3138615593,24278,0.4996208047185393,42.0,0.5777619807473164,1.0585312661093969,0.7501071433816243,0.9012183155699645,75.0,2024-03-01,2024,3,1.0,6.123233995736766e-17,63,422.86311003184056,15.819999270699375,21.867047646013827,花蓮縣,15824.0,18870.0,18237.0,17643.666666666668,1312.3928104378235,15824.0,18870.0
15,2024-04,42.0,0.58,6709277,2721180793,19630,0.5072118799089679,43.0,0.6117486795875924,0.9678768796437653,0.7736380536978873,0.9158653011345336,76.0,2024-04-01,2024,4,0.8660254037844387,-0.4999999999999998,64,405.5848033998298,15.719001902562379,21.724331738494648,花蓮縣,24278.0,15824.0,18870.0,19657.333333333332,3495.945206791561,15824.0,24278.0
15,2024-05,42.0,0.58,6940388,2782076804,26063,0.5132488270108242,41.0,0.609117442433702,0.9805128206649765,0.7724566695694823,0.9120697574832993,75.0,2024-05-01,2024,5,0.49999999999999994,-0.8660254037844387,65,400.85320935947675,15.752868382785339,21.746463537902663,花蓮縣,19630.0,24278.0,15824.0,19910.666666666668,3457.032381810863,15824.0,24278.0
15,2024-06,42.0,0.58,7082666,2851275157,22814,0.509522261814972,42.0,0.6072282586003613,0.9975033279586982,0.7709488206841887,0.9048300456353582,76.0,2024-06-01,2024,6,1.2246467991473532e-16,-1.0,66,402.5708902551666,15.77316108965344,21.77103215502241,花蓮縣,26063.0,19630.0,24278.0,23323.666666666668,2711.572278627701,19630.0,26063.0
15,2024-07,42.21,0.04,7454549,3115244185,25403,0.5123670124108112,42.0,0.6005239991809772,1.0120734568112708,0.7666671719509792,0.9060515934632666,75.0,2024-07-01,2024,7,-0.4999999999999997,-0.8660254037844388,67,417.89841142636527,15.824335142186069,21.859573376482643,花蓮縣,22814.0,26063.0,19630.0,22835.666666666668,2626.305939697218,19630.0,26063.0
15,2024-08,42.21,0.04,7660970,3168188657,22457,0.5147204596806931,43.0,0.5955954630755329,1.0269517169482472,0.7629871935277125,0.8991867870517701,78.0,2024-08-01,2024,8,-0.8660254037844384,-0.5000000000000004,68,413.54928383742526,15.851649296085188,21.876425860261854,花蓮縣,25403.0,22814.0,26063.0,24760.0,1402.1619022067316,22814.0,26063.0
15,2024-09,42.21,0.04,7396668,3127378779,25889,0.5229123437742508,42.0,0.6003870540616438,1.014152158916331,0.7664913444810555,0.9033220093155458,76.0,2024-09-01,2024,9,-1.0,-1.8369701987210297e-16,69,422.8091323011929,15.81654032169803,21.86346104016169,花蓮縣,22457.0,25403.0,22814.0,23558.0,1312.7276945353137,22457.0,25403.0
15,2024-10,41.82,-0.11,7277855,3459554105,22015,0.5319478060499969,43.0,0.6025533332812013,1.0059232591793326,0.7681865055019645,0.9060283558823307,76.0,2024-10-01,2024,10,-0.8660254037844386,0.5000000000000001,70,475.35353548538683,15.800346871303104,21.964405546613186,花蓮縣,25889.0,22457.0,25403.0,24583.0,1516.3456070434602,22457.0,25889.0
15,2024-11,41.82,-0.11,7226188,3164890093,24059,0.5264153105344063,45.0,0.5892324187438129,1.0435697144584841,0.7590113902378405,0.8932185268360026,79.0,2024-11-01,2024,11,-0.5000000000000004,0.8660254037844384,71,437.97505586624646,15.793222345897076,21.87538416650517,花蓮縣,22015.0,25889.0,22457.0,23453.666666666668,1731.4689973802272,22015.0,25889.0
15,2024-12,41.82,-0.11,7343441,3198263002,21588,0.5369406522092299,43.0,0.5864786681362746,1.043472506194885,0.7568574459847911,0.9004895661311911,78.0,2024-12-01,2024,12,-2.4492935982947064e-16,1.0,72,435.5264789354201,15.80931822800365,21.885873687814062,花蓮縣,24059.0,22015.0,25889.0,23987.666666666668,1582.3580153962912,22015.0,25889.0
16,2019-01,29.79,-0.57,10204446,3721154645,7140,0.17689495343500275,37.0,0.5962556819347714,0.9464584582135497,0.7616517349398487,0.9179018635602559,60.0,2019-01-01,2019,1,0.49999999999999994,0.8660254037844387,1,364.66013392593777,16.13833416363482,22.037299845780534,苗栗縣,,,,,,,
16,2019-02,29.79,-0.57,9600892,3243035120,6035,0.15059007017264645,38.0,0.6300841349383045,0.8679807953153827,0.7839583030410091,0.9299329687283223,59.0,2019-02-01,2019,2,0.8660254037844386,0.5000000000000001,2,337.784772498222,16.077366672945228,21.899775494000185,苗栗縣,7140.0,,,7140.0,0.0,7140.0,7140.0
16,2019-03,29.79,-0.57,10167729,3414954972,6601,0.18141051949752005,36.0,0.6008291489397645,0.935824232154964,0.7646833427602171,0.9211074567388647,58.0,2019-03-01,2019,3,1.0,6.123233995736766e-17,3,335.8621155225518,16.134729537604294,21.951430144816356,苗栗縣,6035.0,7140.0,,6587.5,552.5,6035.0,7140.0
16,2019-04,29.39,-0.09,10312854,3472906958,6580,0.17582368566451148,42.0,0.6070492718338308,0.929619081018314,0.7688410017246439,0.9221632537413988,65.0,2019-04-01,2019,4,0.8660254037844387,-0.4999999999999998,4,336.75517543446267,16.148901733274997,21.968257820542412,苗栗縣,6601.0,6035.0,7140.0,6592.0,451.1592475686015,6035.0,7140.0
16,2019-05,29.39,-0.09,10657511,3587298621,7402,0.18343316746283442,42.0,0.6060722672423772,0.9311677265608613,0.7681734506302644,0.9226427258672312,64.0,2019-05-01,2019,5,0.49999999999999994,-0.8660254037844387,5,336.59816264792033,16.181775553588498,22.000665283216204,苗栗縣,6580.0,6601.0,6035.0,6405.333333333333,262.0055130887304,6035.0,6601.0
16,2019-06,29.39,-0.09,10671846,3584025299,7684,0.1699286140373465,41.0,0.6222613611843735,0.8826998868465281,0.778309394644563,0.9265683743937085,64.0,2019-06-01,2019,6,1.2246467991473532e-16,-1.0,6,335.8393008107501,16.183119710453063,21.999752391185964,苗栗縣,7402.0,6580.0,6601.0,6861.0,382.6408237498973,6580.0,7402.0
16,2019-07,30.87,0.36,11453443,3994646775,9452,0.18725810221432979,44.0,0.6055295230490898,0.9190402922610181,0.7670736214429146,0.9260890371567745,68.0,2019-07-01,2019,7,-0.4999999999999997,-0.8660254037844388,7,348.77257214271725,16.253801028763675,22.108220995735028,苗栗縣,7684.0,7402.0,6580.0,7222.0,468.3332147093563,6580.0,7684.0
16,2019-08,30.87,0.36,10935431,3739447505,8484,0.17949790913590877,42.0,0.6172937434806928,0.8902033920492571,0.7747925070351593,0.9260188281559272,66.0,2019-08-01,2019,8,-0.8660254037844384,-0.5000000000000004,8,341.9570298600942,16.207518717485495,22.042203711791892,苗栗縣,9452.0,7684.0,7402.0,8179.333333333333,907.2454035277457,7402.0,9452.0
16,2019-09,30.87,0.36,10777168,3698139830,8325,0.1897710975647777,43.0,0.6173400634773819,0.8932368987983414,0.7752566351382849,0.9272075001521735,67.0,2019-09-01,2019,9,-1.0,-1.8369701987210297e-16,9,343.14579024842146,16.192940473000043,22.031095781797873,苗栗縣,8484.0,9452.0,7684.0,8540.0,722.8683605378415,7684.0,9452.0
16,2019-10,27.74,-0.76,11100476,3977847590,8449,0.1987982317154688,44.0,0.6056608454198366,0.9199038317157199,0.7674223159439288,0.9240101055125924,69.0,2019-10-01,2019,10,-0.8660254037844386,0.5000000000000001,10,358.3492806975124,16.222498638332222,22.104006703672887,苗栗縣,8325.0,8484.0,9452.0,8753.666666666666,498.0443978424235,8325.0,9452.0
16,2019-11,27.74,-0.76,10331769,3722962667,8538,0.19539819366848019,43.0,0.6149641125500712,0.9103985134819699,0.7739886557665004,0.9204480858989394,67.0,2019-11-01,2019,11,-0.5000000000000004,0.8660254037844384,11,360.34126072698683,16.150734172013195,22.037785604389455,苗栗縣,8449.0,8325.0,8484.0,8419.333333333334,68.21697410143281,8325.0,8484.0
16,2019-12,27.74,-0.76,10399851,3873320434,9080,0.20744864517770495,45.0,0.5949125665449665,0.9586158315192143,0.760766572521087,0.9162274536433261,69.0,2019-12-01,2019,12,-2.4492935982947064e-16,1.0,12,372.43999303451557,16.15730213324111,22.0773779696621,苗栗縣,8538.0,8449.0,8325.0,8437.333333333334,87.3473271231327,8325.0,8538.0
16,2020-01,27.32,-0.1,11356416,6298699307,0,0.1814211455445098,43.0,0.6220274976539573,0.892078726160159,0.7786945282737089,0.9299547498083902,69.0,2020-01-01,2020,1,0.49999999999999994,0.8660254037844387,13,554.6379515333007,16.245293516577107,22.563608989980676,苗栗縣,9080.0,8538.0,8449.0,8689.0,278.8559962896023,8449.0,9080.0
16,2022-01,30.48,-0.46,21210473,13932854390,22162,0.3378752562472322,52.0,0.5390677902381805,1.1065990392367526,0.7200564551295013,0.8913943597580308,150.0,2022-01-01,2022,1,0.49999999999999994,0.8660254037844387,37,656.8856050499204,16.870005674240232,23.357515513366543,苗栗縣,,,,,,,
16,2022-02,30.48,-0.46,18634146,11273535429,19792,0.3420663871582846,51.0,0.5399681937139921,1.1015094270616952,0.7197927932946323,0.8926270621685587,141.0,2022-02-01,2022,2,0.8660254037844386,0.5000000000000001,38,604.993404527366,16.7405063157668,23.14572381855434,苗栗縣,22162.0,,,22162.0,0.0,22162.0,22162.0
16,2022-03,30.48,-0.46,21512730,12825055411,30550,0.36492718497373416,53.0,0.5285321119304119,1.128851452540888,0.7124487222216799,0.8891370830201466,155.0,2022-03-01,2022,3,1.0,6.123233995736766e-17,39,596.1612222623535,16.884155457387337,23.27466654861769,苗栗縣,19792.0,22162.0,,20977.0,1185.0,19792.0,22162.0
16,2022-04,32.74,0.39,21112475,12321338512,28304,0.3601486798681822,53.0,0.5469132330866578,1.083241271692746,0.7250982653620668,0.8947481050895265,146.0,2022-04-01,2022,4,0.8660254037844387,-0.4999999999999998,40,583.6046466366449,16.86537470333023,23.234598434686,苗栗縣,30550.0,19792.0,22162.0,24168.0,4615.312773799843,19792.0,30550.0
16,2022-05,32.74,0.39,20017275,11691723101,23977,0.3785214520957523,55.0,0.5399028300199344,1.0900900247336576,0.7200579499457344,0.8973703463633287,154.0,2022-05-01,2022,5,0.49999999999999994,-0.8660254037844387,41,584.0816545209076,16.812106258657746,23.182147001225953,苗栗縣,28304.0,30550.0,19792.0,26215.333333333332,4633.611790193717,19792.0,30550.0
16,2022-06,32.74,0.39,21367000,11493278939,41063,0.3720522300744138,53.0,0.5668016024382452,1.0145920769687793,0.7383638320775027,0.9090732905882903,155.0,2022-06-01,2022,6,1.2246467991473532e-16,-1.0,42,537.8985790705293,16.877358280526266,23.165028261463988,苗栗縣,23977.0,28304.0,30550.0,27610.333333333332,2727.8761376246944,23977.0,30550.0
16,2022-07,33.63,0.11,23937074,13358621746,52415,0.3700194936106226,54.0,0.5557570008322892,1.028010856044224,0.7284845257193925,0.9118109423064824,161.0,2022-07-01,2022,7,-0.4999999999999997,-0.8660254037844388,43,558.0724588978586,16.990939070178335,23.31542783708358,苗栗縣,41063.0,23977.0,28304.0,31114.666666666668,7252.941211827256,23977.0,41063.0
16,2022-08,33.63,0.11,23434383,13608972948,52698,0.3811689857590874,54.0,0.548334460344092,1.0515234613119717,0.723852085203182,0.9074575592623881,159.0,2022-08-01,2022,8,-0.8660254037844384,-0.5000000000000004,44,580.7267444591992,16.969714903523023,23.333995187793906,苗栗縣,52415.0,41063.0,23977.0,39151.666666666664,11688.166589428054,23977.0,52415.0
16,2022-09,33.63,0.11,22421366,13589064982,56776,0.38215423627623757,56.0,0.5696687087082346,1.008468966408795,0.7404027479860058,0.9114516483964447,160.0,2022-09-01,2022,9,-1.0,-1.8369701987210297e-16,45,606.0765870375606,16.92552494609567,23.332531260902922,苗栗縣,52698.0,52415.0,41063.0,48725.333333333336,5419.319534980588,41063.0,52698.0
16,2022-10,32.5,-0.36,23439401,13694436384,53743,0.3915792472683069,57.0,0.5607382940945559,1.0286521159499336,0.7338953755686846,0.9063963281314229,159.0,2022-10-01,2022,10,-0.8660254037844386,0.5000000000000001,46,584.2485643724428,16.969929010402257,23.340255484013547,苗栗縣,56776.0,52698.0,52415.0,53963.0,1992.443892978336,52415.0,56776.0
16,2022-11,32.5,-0.36,22738784,13121355304,53385,0.3997947735463779,57.0,0.5592572022239172,1.0357313211931105,0.7330843197243969,0.9047856736754261,165.0,2022-11-01,2022,11,-0.5000000000000004,0.8660254037844384,47,577.0473611957437,16.939582614780072,23.29750691581318,苗栗縣,53743.0,56776.0,52698.0,54405.666666666664,1729.5213853035243,52698.0,56776.0
16,2022-12,32.5,-0.36,22604427,13026868692,56637,0.40299689967810287,56.0,0.5509345833466721,1.0578289805889625,0.7271854314201373,0.902238132379998,166.0,2022-12-01,2022,12,-2.4492935982947064e-16,1.0,48,576.2972311574189,16.933656374254433,23.290279884007138,苗栗縣,53385.0,53743.0,56776.0,54634.666666666664,1521.1886434262153,53385.0,56776.0
16,2023-01,33.04,0.04,11668888,5748636443,43274,0.4063751404589709,53.0,0.5616842989708183,1.0220230146186629,0.7334148720940675,0.9178532693089521,86.0,2023-01-01,2023,1,0.49999999999999994,0.8660254037844387,49,492.64646665560593,16.272436798359763,22.47222852345958,苗栗縣,56637.0,53385.0,53743.0,54588.333333333336,1455.980158594966,53385.0,56637.0
16,2023-02,33.04,0.04,10227635,4876321322,44226,0.4295400647363736,54.0,0.5400600917494781,1.0793638381560717,0.7186575391085036,0.8978709154169073,86.0,2023-02-01,2023,2,0.8660254037844386,0.5000000000000001,50,476.77897402478675,16.14060402617956,22.307656945286734,苗栗縣,43274.0,56637.0,53385.0,51098.666666666664,5689.928665828968,43274.0,56637.0
16,2023-03,33.04,0.04,11593129,5292355026,55211,0.44284963964431,55.0,0.5458053055331514,1.0694955511127175,0.7242859110771561,0.9023443972718668,90.0,2023-03-01,2023,3,1.0,6.123233995736766e-17,51,456.5079044665163,16.265923239253084,22.389529168439406,苗栗縣,44226.0,43274.0,56637.0,48045.666666666664,6087.409538456312,43274.0,56637.0
16,2023-04,34.08,0.15,11326254,4978679322,49296,0.43085851685826576,55.0,0.5597518124234306,1.0390719341254062,0.7329715544080152,0.908199657185862,90.0,2023-04-01,2023,4,0.8660254037844387,-0.4999999999999998,52,439.5698102832587,16.24263403997069,22.328430496627508,苗栗縣,55211.0,44226.0,43274.0,47570.333333333336,5416.728184266054,43274.0,55211.0
16,2023-05,34.08,0.15,11948412,5385724131,57663,0.4487834868767498,55.0,0.5543141784571515,1.0503460759256371,0.7299037729867367,0.9037152384768788,90.0,2023-05-01,2023,5,0.49999999999999994,-0.8660254037844387,53,450.74811037650863,16.29610902417537,22.407017610566204,苗栗縣,49296.0,55211.0,44226.0,49577.666666666664,4489.027981893432,44226.0,55211.0
16,2023-06,34.08,0.15,11920040,5258096384,58647,0.44681142009590574,55.0,0.5720514914371431,0.9968559216165033,0.7413499451344123,0.9157262895090956,90.0,2023-06-01,2023,6,1.2246467991473532e-16,-1.0,54,441.11398820809325,16.29373165919288,22.38303489420058,苗栗縣,57663.0,49296.0,55211.0,54056.666666666664,3511.9829473136997,49296.0,57663.0
16,2023-07,34.24,0.04,12521085,5290637294,57733,0.45484836178334387,55.0,0.5668599714446476,1.0059276491790403,0.7372971272058292,0.9131381984867926,88.0,2023-07-01,2023,7,-0.4999999999999997,-0.8660254037844388,55,422.53824600663603,16.34292466108848,22.389204547205107,苗栗縣,58647.0,57663.0,49296.0,55202.0,4195.44920121791,49296.0,58647.0
16,2023-08,34.24,0.04,12522175,5814025677,55102,0.46305805501041153,54.0,0.5574350765015226,1.026572306003807,0.7305119917266769,0.9094081499420029,88.0,2023-08-01,2023,8,-0.8660254037844384,-0.5000000000000004,56,464.29838881823645,16.343011710451357,22.48353905565401,苗栗縣,57733.0,58647.0,57663.0,58014.333333333336,448.27471735780756,57663.0,58647.0
16,2023-09,34.24,0.04,12008413,5433061347,56929,0.46173153771443404,56.0,0.5801715366589859,0.9788668801577138,0.7475632292127194,0.9182654693838395,89.0,2023-09-01,2023,9,-1.0,-1.8369701987210297e-16,57,452.43791556802717,16.30111812871644,22.415768596187736,苗栗縣,55102.0,57733.0,58647.0,57160.666666666664,1502.7597575423986,55102.0,58647.0
16,2023-10,34.83,0.15,12301830,5646048440,54474,0.47317260927845695,56.0,0.564409264160155,1.0142475189315934,0.7365375720522882,0.9100976033647027,89.0,2023-10-01,2023,10,-0.8660254037844386,0.5000000000000001,58,458.9600441560321,16.325258671052445,22.45422174644335,苗栗縣,56929.0,55102.0,57733.0,56588.0,1100.8333207166288,55102.0,57733.0
16,2023-11,34.83,0.15,11727135,5304535101,55550,0.47464269832316247,58.0,0.5729631063651447,1.003294039745335,0.7432249223702123,0.9125500814990191,94.0,2023-11-01,2023,11,-0.5000000000000004,0.8660254037844384,59,452.3300107826848,16.27741603054488,22.391827971242027,苗栗縣,54474.0,56929.0,55102.0,55501.666666666664,1041.3313060159524,54474.0,56929.0
16,2023-12,34.83,0.15,11865480,5465383078,54798,0.47993026830772967,59.0,0.5625954357326556,1.0254395682002868,0.7353921628117868,0.9091311097401875,96.0,2023-12-01,2023,12,-2.4492935982947064e-16,1.0,60,460.61205092419357,16.289143986431903,22.42170005291605,苗栗縣,55550.0,54474.0,56929.0,55651.0,1004.7908571770877,54474.0,56929.0
16,2024-01,36.08,0.29,11739227,5535247498,54557,0.4894858920438288,60.0,0.5519356187054726,1.0498225783766717,0.7281976913812127,0.9018753960546124,96.0,2024-01-01,2024,1,0.49999999999999994,0.8660254037844387,61,471.517204497366,16.278446612110073,22.4344021173738,苗栗縣,54798.0,55550.0,54474.0,54940.666666666664,450.710057082772,54474.0,55550.0
16,2024-02,36.08,0.29,11361997,5186220089,41239,0.48362052903200026,58.0,0.5714098754776354,0.9940781415561433,0.740685902311011,0.9204531562541338,92.0,2024-02-01,2024,2,0.8660254037844386,0.5000000000000001,62,456.4532175989837,16.245784836073845,22.369270962421908,苗栗縣,54557.0,54798.0,55550.0,54968.333333333336,422.90450721436184,54557.0,55550.0
16,2024-03,36.08,0.29,11966927,5482512003,53859,0.5022628616352385,59.0,0.5586464422692072,1.0349785952108408,0.7330208498806753,0.9052225354094665,93.0,2024-03-01,2024,3,1.0,6.123233995736766e-17,63,458.1386685988809,16.297657402992055,22.424829227766004,苗栗縣,41239.0,54557.0,54798.0,50198.0,6335.733632868941,41239.0,54798.0
16,2024-04,38.52,0.48,11909067,5028818395,49101,0.5030318495982935,58.0,0.5615382704002223,1.0299241056765558,0.7347453834964569,0.9051062522362163,93.0,2024-04-01,2024,4,0.8660254037844387,-0.4999999999999998,64,422.2680412327851,16.29281068470108,22.33845088213006,苗栗縣,53859.0,41239.0,54557.0,49885.0,6120.282564283014,41239.0,54557.0
16,2024-05,38.52,0.48,12485351,5098910018,57698,0.510540152215184,58.0,0.563495835178061,1.0221944240592444,0.7362001276535998,0.9080760324639651,93.0,2024-05-01,2024,5,0.49999999999999994,-0.8660254037844387,65,408.3914034935822,16.340066675131173,22.352292632070235,苗栗縣,49101.0,53859.0,41239.0,48066.333333333336,5203.780762313322,41239.0,53859.0
16,2024-06,38.52,0.48,12240208,5279472923,54243,0.5083377668091915,60.0,0.5749615394918729,0.9869045943324655,0.7432728267362777,0.9191583999226157,96.0,2024-06-01,2024,6,1.2246467991473532e-16,-1.0,66,431.3221575156239,16.320236910066075,22.387092104681734,苗栗縣,57698.0,49101.0,53859.0,53552.666666666664,3516.388519805828,49101.0,57698.0
16,2024-07,38.86,0.07,12958118,5798667015,61395,0.5201341738051776,59.0,0.5639967770081261,1.010389606780568,0.7356548998859248,0.9113054843303634,96.0,2024-07-01,2024,7,-0.4999999999999997,-0.8660254037844388,67,447.492993581321,16.377233099465847,22.480893903257424,苗栗縣,54243.0,57698.0,49101.0,53680.666666666664,3532.1632968416898,49101.0,57698.0
16,2024-08,38.86,0.07,13038629,5870584328,58849,0.5191085657855592,61.0,0.5715396737184923,0.9909536036278926,0.740491504129767,0.9180881670918009,99.0,2024-08-01,2024,8,-0.8660254037844384,-0.5000000000000004,68,450.24552259290454,16.38342704759376,22.493220010806592,苗栗縣,61395.0,54243.0,57698.0,57778.666666666664,2920.348875657762,54243.0,61395.0
16,2024-09,38.86,0.07,12678118,6043586262,57299,0.5236777256687467,61.0,0.5767321345716447,0.9852039467475211,0.7453097533876873,0.9140222547226647,96.0,2024-09-01,2024,9,-1.0,-1.8369701987210297e-16,69,476.6942744972085,16.355388152120735,22.522263424844386,苗栗縣,58849.0,61395.0,54243.0,58162.333333333336,2959.888436335997,54243.0,61395.0
16,2024-10,37.6,-0.3,12628690,5998192543,54011,0.5339113558096683,59.0,0.5707302998054656,1.0017590220550323,0.7414138758651927,0.910225051054385,95.0,2024-10-01,2024,10,-0.8660254037844386,0.5000000000000001,70,474.9655382308062,16.351481846833526,22.51472401812511,苗栗縣,57299.0,58849.0,61395.0,59181.0,1688.583627383218,57299.0,61395.0
16,2024-11,37.6,-0.3,12210760,5857452175,53938,0.5329450419138531,60.0,0.5756222613233352,0.9944395788454367,0.7449117008277945,0.9136292089927245,95.0,2024-11-01,2024,11,-0.5000000000000004,0.8660254037844384,71,479.69595463345445,16.31782817010703,22.490980563737565,苗栗縣,54011.0,57299.0,58849.0,56719.666666666664,2017.1401097152925,54011.0,58849.0
16,2024-12,37.6,-0.3,12384137,6382786214,49811,0.5397174627509369,60.0,0.5564100631731643,1.0449674086880656,0.7316371742334569,0.9010718308429566,97.0,2024-12-01,2024,12,-2.4492935982947064e-16,1.0,72,515.400161836065,16.33192701816041,22.576870549787742,苗栗縣,53938.0,54011.0,57299.0,55082.666666666664,1567.467667573685,53938.0,57299.0
17,2019-01,28.72,0.45,9852176,4061597927,12794,0.17470556758222752,38.0,0.5254649074760444,1.0914535117476218,0.7081676169812638,0.898337991525933,55.0,2019-01-01,2019,1,0.49999999999999994,0.8660254037844387,1,412.25389467260834,16.10320300395643,22.12484231145354,雲林縣,,,,,,,
17,2019-02,28.72,0.45,10015029,3655014813,12508,0.1583815683409404,38.0,0.541484846013507,1.03640773089937,0.7176361646082103,0.90769652289574,56.0,2019-02-01,2019,2,0.8660254037844386,0.5000000000000001,2,364.9529934461498,16.11959752258431,22.019365983217913,雲林縣,12794.0,,,12794.0,0.0,12794.0,12794.0
17,2019-03,28.72,0.45,10121315,3849911759,13363,0.17994440445732596,38.0,0.5221342246505357,1.0874646015644727,0.7045929308592807,0.9032731418792913,59.0,2019-03-01,2019,3,1.0,6.123233995736766e-17,3,380.3766367314919,16.13015425289488,22.07131606550293,雲林縣,12508.0,12794.0,,12651.0,143.0,12508.0,12794.0
17,2019-04,26.79,-0.47,10428616,3909487369,11828,0.173805613323954,38.0,0.5297165243581554,1.0673570432716235,0.7093889543924141,0.9063504687486814,60.0,2019-04-01,2019,4,0.8660254037844387,-0.4999999999999998,4,374.8807482220076,16.16006421991082,22.086672094931476,雲林縣,13363.0,12508.0,12794.0,12888.333333333334,355.3686661607757,12508.0,13363.0
17,2019-05,26.79,-0.47,10404486,4116811068,13701,0.17789441977239434,39.0,0.5327363903651919,1.0635395498125244,0.7122221126540994,0.9056229207286165,61.0,2019-05-01,2019,5,0.49999999999999994,-0.8660254037844387,5,395.6765445212767,16.15774771337482,22.138344688226965,雲林縣,11828.0,13363.0,12508.0,12566.333333333334,628.0171618320279,11828.0,13363.0
17,2019-06,26.79,-0.47,10608907,4153432413,12892,0.17541071855941429,39.0,0.532075434638528,1.0572015825423837,0.7102243426207808,0.9088347178460514,63.0,2019-06-01,2019,6,1.2246467991473532e-16,-1.0,6,391.5042721177592,16.177204583521444,22.1472009170513,雲林縣,13701.0,11828.0,13363.0,12964.0,815.0390583687794,11828.0,13701.0
17,2019-07,25.51,-0.31,10896446,4619156506,12012,0.18165473402979285,40.0,0.5273595904682092,1.0677090706427714,0.7067285975629118,0.9077044937404362,63.0,2019-07-01,2019,7,-0.4999999999999997,-0.8660254037844388,7,423.9140455521002,16.203947330759036,22.25347795112893,雲林縣,12892.0,13701.0,11828.0,12807.0,767.007605351255,11828.0,13701.0
17,2019-08,25.51,-0.31,10590199,4366361375,12937,0.18435215428907425,39.0,0.5287580779521147,1.0715284359629416,0.7081508100083861,0.9062470875193186,63.0,2019-08-01,2019,8,-0.8660254037844384,-0.5000000000000004,8,412.3021082984371,16.17543960314052,22.197195862148188,雲林縣,12012.0,12892.0,13701.0,12868.333333333334,689.7344094327581,12012.0,13701.0
17,2019-09,25.51,-0.31,10662737,4365364204,13779,0.18881427911051354,41.0,0.5297518395264058,1.072232198514758,0.7093094390305228,0.9051375833428134,66.0,2019-09-01,2019,9,-1.0,-1.8369701987210297e-16,9,409.403721014595,16.182265791752183,22.19696746032885,雲林縣,12937.0,12012.0,12892.0,12613.666666666666,425.8390410576382,12012.0,12937.0
17,2019-10,26.37,0.21,10871818,4469502417,15545,0.19288742692344554,43.0,0.5281616858782299,1.081403852583549,0.7082621324234825,0.9042382791912079,67.0,2019-10-01,2019,10,-0.8660254037844386,0.5000000000000001,10,411.10901755345793,16.201684586403747,22.220542923492147,雲林縣,13779.0,12937.0,12012.0,12909.333333333334,721.6399533162103,12012.0,13779.0
17,2019-11,26.37,0.21,10114862,4225277437,14171,0.197100168049747,43.0,0.526591656108989,1.0918245536629323,0.7079783194273931,0.8995346649316619,66.0,2019-11-01,2019,11,-0.5000000000000004,0.8660254037844384,11,417.7296177644342,16.129516484251035,22.16435076139846,雲林縣,15545.0,13779.0,12937.0,14087.0,1086.757869383363,12937.0,15545.0
17,2019-12,26.37,0.21,10099422,4472470298,13350,0.20384473487690682,41.0,0.517164767993282,1.1192894189502947,0.7009947697996974,0.8960691017763194,66.0,2019-12-01,2019,12,-2.4492935982947064e-16,1.0,12,442.84418435035195,16.12798885146671,22.22120673252018,雲林縣,14171.0,15545.0,13779.0,14498.333333333334,757.2094969176114,13779.0,15545.0
17,2020-01,29.55,0.78,11370505,6512525835,0,0.1851864978732255,42.0,0.5333384807742968,1.071641972561023,0.7121455907191457,0.8989723851315311,68.0,2020-01-01,2020,1,0.49999999999999994,0.8660254037844387,13,572.7560767969409,16.246533367814763,22.596993211158143,雲林縣,13350.0,14171.0,15545.0,14355.333333333334,905.5349554575768,13350.0,15545.0
17,2022-01,28.3,0.02,20355215,13611704399,29609,0.3200173026912268,48.0,0.49964347748072013,1.1683892876899922,0.6885779393634506,0.8793708639284823,142.0,2022-01-01,2022,1,0.49999999999999994,0.8660254037844387,37,668.7084562359081,16.828847751506245,23.334195877216448,雲林縣,,,,,,,
17,2022-02,28.3,0.02,18626622,11189054242,24620,0.31830011904466626,49.0,0.5069362811260062,1.1435884776426959,0.692497866762959,0.8850483463936725,143.0,2022-02-01,2022,2,0.8660254037844386,0.5000000000000001,38,600.702276666161,16.740102459372945,23.138201837646562,雲林縣,29609.0,,,29609.0,0.0,29609.0,29609.0
17,2022-03,28.3,0.02,20923896,13254538814,33872,0.3424070737113203,50.0,0.5034416300077533,1.1702753215163035,0.6938598337518023,0.8795057096441313,143.0,2022-03-01,2022,3,1.0,6.123233995736766e-17,39,633.4641891739474,16.85640246088358,23.307605882796548,雲林縣,24620.0,29609.0,,27114.5,2494.5,24620.0,29609.0
17,2022-04,29.13,0.06,20520921,12536555414,30489,0.34017474166973305,50.0,0.5268255560755102,1.1193176420696842,0.7113834705567065,0.8842630406305838,148.0,2022-04-01,2022,4,0.8660254037844387,-0.4999999999999998,40,610.9158265362456,16.83695550903132,23.251914646618538,雲林縣,33872.0,24620.0,29609.0,29367.0,3780.987437165059,24620.0,33872.0
17,2022-05,29.13,0.06,19495250,11942943503,29760,0.3524978648645183,53.0,0.5249073703053322,1.1171117485692408,0.7101813005732166,0.8844342596273452,146.0,2022-05-01,2022,5,0.49999999999999994,-0.8660254037844387,41,612.6078661725292,16.78568145541213,23.20340643915178,雲林縣,30489.0,33872.0,24620.0,29660.333333333332,3822.2935813752224,24620.0,33872.0
17,2022-06,29.13,0.06,20873461,12643439113,52847,0.34945651801586713,53.0,0.5374808303523967,1.090315748235426,0.7189796651355518,0.8910589384290415,152.0,2022-06-01,2022,6,1.2246467991473532e-16,-1.0,42,605.7183862800712,16.85398914934023,23.26040427046138,雲林縣,29760.0,30489.0,33872.0,31373.666666666668,1791.4821300315061,29760.0,33872.0
17,2022-07,28.71,-0.18,22924252,14265470328,59394,0.3452427150076696,54.0,0.5451183646104883,1.0719731094224543,0.7245107931983996,0.8935165256427996,155.0,2022-07-01,2022,7,-0.4999999999999997,-0.8660254037844388,43,622.2872758509199,16.947705991061195,23.381107791906064,雲林縣,52847.0,29760.0,30489.0,37698.666666666664,10715.622935176885,29760.0,52847.0
17,2022-08,28.71,-0.18,22431274,14038664239,65400,0.35301646264050807,53.0,0.5403059450492037,1.0898189220849752,0.7212698663482066,0.8913853488660519,168.0,2022-08-01,2022,8,-0.8660254037844384,-0.5000000000000004,44,625.8522917155753,16.92596674839401,23.36508109141688,雲林縣,59394.0,52847.0,29760.0,47333.666666666664,12710.654909257124,29760.0,59394.0
17,2022-09,28.71,-0.18,22253616,13770601376,68222,0.35717080765660736,53.0,0.5419204849851497,1.083428828362322,0.722523251951503,0.8901015906808133,159.0,2022-09-01,2022,9,-1.0,-1.8369701987210297e-16,45,618.8028667341074,16.91801511516254,23.345801821718087,雲林縣,65400.0,59394.0,52847.0,59213.666666666664,5126.326971840776,52847.0,65400.0
17,2022-10,29.77,0.17,22941198,14458607457,65800,0.3635998869806189,54.0,0.543187321928354,1.08057548848589,0.7235570260977653,0.8900807621293361,156.0,2022-10-01,2022,10,-0.8660254037844386,0.5000000000000001,46,630.2464002533782,16.94844493508255,23.394555745996716,雲林縣,68222.0,65400.0,59394.0,64338.666666666664,3681.3237957138313,59394.0,68222.0
17,2022-11,29.77,0.17,22108107,13636395676,68319,0.3714508438013259,55.0,0.5350403437557104,1.1041241536708255,0.7178724528517978,0.884552621352882,156.0,2022-11-01,2022,11,-0.5000000000000004,0.8660254037844384,47,616.8052143044179,16.91145497703282,23.336008207888202,雲林縣,65800.0,68222.0,65400.0,66474.0,1246.7632761140612,65400.0,68222.0
17,2022-12,29.77,0.17,22035942,13848741834,66194,0.38043751431184564,55.0,0.5389577437558086,1.1075919261788538,0.7217384670916269,0.8809950579829988,163.0,2022-12-01,2022,12,-2.4492935982947064e-16,1.0,48,628.461530439679,16.90818545089505,23.351460223215085,雲林縣,68319.0,65800.0,68222.0,67447.0,1165.2779353727876,65800.0,68319.0
17,2023-01,30.96,0.19,11567115,6141502664,57114,0.37921919164804707,52.0,0.5708015156450599,1.030559609211329,0.7439837850665443,0.9024060018422917,88.0,2023-01-01,2023,1,0.49999999999999994,0.8660254037844387,49,530.9450683251615,16.26367680275669,22.538335282876407,雲林縣,66194.0,68319.0,65800.0,66771.0,1106.3564826341765,65800.0,68319.0
17,2023-02,30.96,0.19,10106150,5301407716,53607,0.40821935158294703,53.0,0.5225441302802855,1.1422367924897818,0.7093173958431253,0.880830484408009,89.0,2023-02-01,2023,2,0.8660254037844386,0.5000000000000001,50,524.5724352003483,16.128654806341206,22.39123822921833,雲林縣,57114.0,66194.0,68319.0,63875.666666666664,4859.287213390686,57114.0,68319.0
17,2023-03,30.96,0.19,11197399,5733599055,70388,0.4132405213032062,53.0,0.5291635695079973,1.123772744329619,0.7141139652163864,0.8844323579074033,90.0,2023-03-01,2023,3,1.0,6.123233995736766e-17,51,512.0474009187312,16.231192166458857,22.469609278000465,雲林縣,53607.0,57114.0,66194.0,58971.666666666664,5303.8562281503155,53607.0,66194.0
17,2023-04,31.81,0.12,11368296,5706084500,60946,0.4107379857104354,51.0,0.5459010841077017,1.086450654554135,0.7258571557250093,0.8885512833233757,88.0,2023-04-01,2023,4,0.8660254037844387,-0.4999999999999998,52,501.92962076286545,16.246339074385425,22.46479889877633,雲林縣,70388.0,53607.0,57114.0,60369.666666666664,7227.2638590886445,53607.0,70388.0
17,2023-05,31.81,0.12,11678498,5956136928,72252,0.4162078034349965,52.0,0.5371440607306232,1.1074174672122794,0.7194160584691627,0.885299291056093,90.0,2023-05-01,2023,5,0.49999999999999994,-0.8660254037844387,53,510.0088151746911,16.27326001683223,22.50768794159793,雲林縣,60946.0,70388.0,53607.0,61647.0,6868.723365128826,53607.0,70388.0
17,2023-06,31.81,0.12,11672089,5878376627,66320,0.42178088258237234,52.0,0.543786972920086,1.0933474685391193,0.7241139096866036,0.8880539721724191,92.0,2023-06-01,2023,6,1.2246467991473532e-16,-1.0,54,503.62678240373253,16.272711079915826,22.494546477065363,雲林縣,72252.0,60946.0,70388.0,67862.0,4949.203033485964,60946.0,72252.0
17,2023-07,30.76,-0.24,12119044,6054991685,61844,0.42250601615110894,51.0,0.54762171880754,1.090392915379382,0.7274188459089678,0.8883932594023093,89.0,2023-07-01,2023,7,-0.4999999999999997,-0.8660254037844388,55,499.6261821477008,16.310288740121386,22.524148840870424,雲林縣,66320.0,72252.0,60946.0,66506.0,4617.528631927112,60946.0,72252.0
17,2023-08,30.76,-0.24,12235432,6339558857,61650,0.4296572446318201,52.0,0.5458305731012825,1.0955509785755022,0.7261530283524112,0.8871274835248971,91.0,2023-08-01,2023,8,-0.8660254037844384,-0.5000000000000004,56,518.1311830264759,16.319846644506494,22.570075022217594,雲林縣,61844.0,66320.0,72252.0,66805.33333333333,4262.884573723395,61844.0,72252.0
17,2023-09,30.76,-0.24,11774650,5967735695,65632,0.43218847269345584,52.0,0.5494506366532058,1.0814760051441585,0.7285420798070431,0.8893204468922643,90.0,2023-09-01,2023,9,-1.0,-1.8369701987210297e-16,57,506.82913674716445,16.281459558361693,22.509633412003907,雲林縣,61650.0,61844.0,66320.0,63271.333333333336,2157.1872632872855,61650.0,66320.0
17,2023-10,31.93,0.28,12263154,6241654555,68616,0.43844210062109634,53.0,0.5523981112328338,1.0763645864076499,0.730997262205139,0.8903998922300087,92.0,2023-10-01,2023,10,-0.8660254037844386,0.5000000000000001,58,508.9762841598499,16.322109796312006,22.554511137385976,雲林縣,65632.0,61650.0,61844.0,63042.0,1833.1182904184516,61650.0,65632.0
17,2023-11,31.93,0.28,11653916,6088897923,73601,0.4436776444930614,53.0,0.5480350245289037,1.0928854312347729,0.7284100897929932,0.8837286968603515,91.0,2023-11-01,2023,11,-0.5000000000000004,0.8660254037844384,59,522.4765583517163,16.271152904641603,22.529732937431675,雲林縣,68616.0,65632.0,61650.0,65299.333333333336,2853.5696163849857,61650.0,68616.0
17,2023-12,31.93,0.28,11864992,6318893435,71073,0.44938024399847887,52.0,0.5473897082814418,1.1027179103732343,0.7282136389135365,0.882030851769643,90.0,2023-12-01,2023,12,-2.4492935982947064e-16,1.0,60,532.5661774571782,16.289102857881325,22.56680994053476,雲林縣,73601.0,68616.0,65632.0,69283.0,3287.3400594807144,65632.0,73601.0
17,2024-01,32.73,0.18,11563600,6293002744,66837,0.456292936455775,53.0,0.5434216635381343,1.110662267932859,0.7254482168182919,0.8806802379881697,90.0,2024-01-01,2024,1,0.49999999999999994,0.8660254037844387,61,544.2079234840361,16.263372877891147,22.562704177690065,雲林縣,71073.0,73601.0,68616.0,71096.66666666667,2035.1865325375516,68616.0,73601.0
17,2024-02,32.73,0.18,11908964,6696526689,63769,0.45961546277241244,53.0,0.5617242314610066,1.0657580777799256,0.7381726907563076,0.8905207035641387,90.0,2024-02-01,2024,2,0.8660254037844386,0.5000000000000001,62,562.309760026145,16.292802035792082,22.62485482444766,雲林縣,66837.0,71073.0,73601.0,70503.66666666667,2790.5828941081268,66837.0,73601.0
17,2024-03,32.73,0.18,12189263,5894636817,82201,0.47157141494116583,54.0,0.5431965483785143,1.103484599984357,0.724871388860836,0.8853644391789726,92.0,2024-03-01,2024,3,1.0,6.123233995736766e-17,63,483.5925532987515,16.316066122276176,22.497308760556102,雲林縣,63769.0,66837.0,71073.0,67226.33333333333,2994.5271561448376,63769.0,71073.0
17,2024-04,34.34,0.31,12243716,5901403453,77922,0.47442949509773014,53.0,0.54837650150908,1.0939283960758241,0.728328801484778,0.8859776721380992,92.0,2024-04-01,2024,4,0.8660254037844387,-0.4999999999999998,64,481.99447398159185,16.320523465418677,22.498456033129976,雲林縣,82201.0,63769.0,66837.0,70935.66666666667,8063.6615890191115,63769.0,82201.0
17,2024-05,34.34,0.31,12286140,5969794166,85797,0.4809668455674443,53.0,0.5485614404101739,1.0824491643196092,0.7280134362786034,0.8886394750507483,91.0,2024-05-01,2024,5,0.49999999999999994,-0.8660254037844387,65,485.89664174427446,16.323982437117447,22.5099782858671,雲林縣,77922.0,82201.0,63769.0,74630.66666666667,7876.518365087176,63769.0,82201.0
17,2024-06,34.34,0.31,12346480,5879924768,72889,0.48287625298870607,53.0,0.5548336396364721,1.0672093465278396,0.7321453564092761,0.8923761266369038,91.0,2024-06-01,2024,6,1.2246467991473532e-16,-1.0,66,476.2430075616694,16.3288816411641,22.494809804387344,雲林縣,85797.0,77922.0,82201.0,81973.33333333333,3218.9833108538405,77922.0,85797.0
17,2024-07,35.11,0.17,12550078,6226285280,71642,0.486536657381731,53.0,0.5523540087372275,1.0769247648470368,0.7308570512470122,0.8900187711980754,91.0,2024-07-01,2024,7,-0.4999999999999997,-0.8660254037844388,67,496.11526557842905,16.345237518342973,22.552045728828386,雲林縣,72889.0,85797.0,77922.0,78869.33333333333,5312.0740665853755,72889.0,85797.0
17,2024-08,35.11,0.17,12832198,6569777771,71519,0.48878383890273513,55.0,0.5505111967843651,1.0838097404702627,0.7293709152555159,0.8881204139774028,94.0,2024-08-01,2024,8,-0.8660254037844384,-0.5000000000000004,68,511.97602865853537,16.36746811707292,22.60574584421333,雲林縣,71642.0,72889.0,85797.0,76776.0,6399.0928002855735,71642.0,85797.0
17,2024-09,35.11,0.17,12420703,6151165632,80044,0.4940407157308246,52.0,0.5516076356366677,1.0749900615660752,0.7300780801215518,0.8901003429516027,92.0,2024-09-01,2024,9,-1.0,-1.8369701987210297e-16,69,495.234901921413,16.334875315632924,22.53990743462671,雲林縣,71519.0,71642.0,72889.0,72016.66666666667,618.8733490967455,71519.0,72889.0
17,2024-10,34.4,-0.18,12562649,6170018091,75917,0.502887726943577,54.0,0.552906063903685,1.0721901497105235,0.7311538354689365,0.8904571798511604,93.0,2024-10-01,2024,10,-0.8660254037844386,0.5000000000000001,70,491.13989342534364,16.346238684010792,22.542967607112246,雲林縣,80044.0,71519.0,71642.0,74401.66666666667,3990.0481478576453,71519.0,80044.0
17,2024-11,34.4,-0.18,12061798,6040734193,73942,0.5036138890735858,54.0,0.5401912282087529,1.105044296643494,0.7218521649923171,0.8829292282958147,92.0,2024-11-01,2024,11,-0.5000000000000004,0.8660254037844384,71,500.8154002413239,16.305553908951058,22.521791396803902,雲林縣,75917.0,80044.0,71519.0,75826.66666666667,3480.902788390136,71519.0,80044.0
17,2024-12,34.4,-0.18,12110166,6316617377,77900,0.5114732531329463,56.0,0.5352497684675604,1.123100516405554,0.7187868440449123,0.8787005066652265,94.0,2024-12-01,2024,12,-2.4492935982947064e-16,1.0,72,521.5962668884969,16.30955590569018,22.566449676821147,雲林縣,73942.0,75917.0,80044.0,76634.33333333333,2542.2465567988397,73942.0,80044.0
18,2019-01,30.76,0.52,60496380,40470182106,176324,0.14278217969405774,70.0,0.5829131963879817,0.9954944223939624,0.7507624919044743,0.9155933462465027,120.0,2019-01-01,2019,1,0.49999999999999994,0.8660254037844387,1,668.9686573973518,17.91809410303007,24.423831295626385,高雄市,,,,,,,
18,2019-02,30.76,0.52,56221581,33226314977,165565,0.13194998909760294,70.0,0.5908568887306047,0.9725264716455642,0.7558306124475582,0.9160522362400304,120.0,2019-02-01,2019,2,0.8660254037844386,0.5000000000000001,2,590.9886272497389,17.844811262498904,24.226608018730932,高雄市,176324.0,,,176324.0,0.0,176324.0,176324.0
18,2019-03,30.76,0.52,61187736,38178446674,174844,0.14698550049310535,71.0,0.5780288118252657,0.9942662401512101,0.7464622158924135,0.9183522331991496,121.0,2019-03-01,2019,3,1.0,6.123233995736766e-17,3,623.9558638678836,17.929457351587644,24.36553697015761,高雄市,165565.0,176324.0,,170944.5,5379.5,165565.0,176324.0
18,2019-04,31.48,0.18,61406966,37811334249,176145,0.14581275681329053,69.0,0.5794826267700637,0.989541772522661,0.747023033184867,0.9185963853026056,121.0,2019-04-01,2019,4,0.8660254037844387,-0.4999999999999998,4,615.7499175093587,17.93303385573562,24.35587474251016,高雄市,174844.0,165565.0,176324.0,172244.33333333334,4761.492786464719,165565.0,176324.0
18,2019-05,31.48,0.18,63912336,38932661382,199617,0.1472332039310846,71.0,0.5811303277403367,0.9803311176752547,0.7477675984179329,0.9205666336464372,124.0,2019-05-01,2019,5,0.49999999999999994,-0.8660254037844387,5,609.157227205715,17.973022968005317,24.385099359525203,高雄市,176145.0,174844.0,165565.0,172184.66666666666,4710.848496349204,165565.0,176145.0
18,2019-06,31.48,0.18,63838494,37012911453,209351,0.14693105072309506,71.0,0.5775776090775854,0.9836641364794516,0.7444375802474288,0.919917973002308,123.0,2019-06-01,2019,6,1.2246467991473532e-16,-1.0,6,579.7898592814548,17.97186693626654,24.334532646935095,高雄市,199617.0,176145.0,174844.0,183535.33333333334,11383.852667509167,174844.0,199617.0
18,2019-07,29.06,-0.59,65152766,40211939908,237409,0.15433990937545153,71.0,0.5661910575590672,1.0136263286140805,0.7363549845297436,0.9159427245191709,122.0,2019-07-01,2019,7,-0.4999999999999997,-0.8660254037844388,7,617.194669954611,17.992245331853514,24.41742980113355,高雄市,209351.0,199617.0,176145.0,195037.66666666666,13937.654736560078,176145.0,209351.0
18,2019-08,29.06,-0.59,63975054,39841700930,264995,0.1559532407741305,70.0,0.5693048128609935,1.002217123921333,0.7383450586849055,0.9167420476112456,123.0,2019-08-01,2019,8,-0.8660254037844384,-0.5000000000000004,8,622.769320835587,17.97400379972058,24.40817996280265,高雄市,237409.0,209351.0,199617.0,215459.0,16021.642945299543,199617.0,237409.0
18,2019-09,29.06,-0.59,64018286,38347703820,257194,0.16203770279010593,72.0,0.5667011491724733,1.0035733824729887,0.7359226549739242,0.918621985599552,127.0,2019-09-01,2019,9,-1.0,-1.8369701987210297e-16,9,599.0117233066815,17.974679334884655,24.3699604886777,高雄市,264995.0,237409.0,209351.0,237251.66666666666,22716.840292806763,209351.0,264995.0
18,2019-10,29.14,0.02,66809250,41204804860,255160,0.16490212058958903,72.0,0.5690664622746688,1.0002647221672758,0.7377809509910679,0.9184383000856918,126.0,2019-10-01,2019,10,-0.8660254037844386,0.5000000000000001,10,616.7529924374245,18.017352116942245,24.441820709341783,高雄市,257194.0,264995.0,237409.0,253199.33333333334,11610.767138977319,237409.0,264995.0
18,2019-11,29.14,0.02,63590449,40899580691,243657,0.1678471400634394,70.0,0.5671003029035682,1.0064861512899,0.7363942500233015,0.9166597958759499,125.0,2019-11-01,2019,11,-0.5000000000000004,0.8660254037844384,11,643.1717551011474,17.96797385980292,24.434385647913274,高雄市,255160.0,257194.0,264995.0,259116.33333333334,4238.972385954984,255160.0,264995.0
18,2019-12,29.14,0.02,64800847,42352654353,242686,0.17340983212765723,71.0,0.5609158585014862,1.0276221931861977,0.7325045766762894,0.912831154814998,127.0,2019-12-01,2019,12,-2.4492935982947064e-16,1.0,12,653.5818019940388,17.98682924765663,24.46929693268014,高雄市,243657.0,255160.0,257194.0,252003.66666666666,5960.113104817913,243657.0,257194.0
18,2020-01,29.83,0.17,67277443,46141197918,0,0.1649641767746732,71.0,0.5612583896355605,1.0315978297051158,0.7326231022186738,0.9125260453195285,128.0,2020-01-01,2020,1,0.49999999999999994,0.8660254037844387,13,685.8345956757007,18.024335582419795,24.554972052055472,高雄市,242686.0,243657.0,255160.0,247167.66666666666,5665.318722033406,242686.0,255160.0
18,2022-01,35.59,0.37,124912235,124585457062,288966,0.3143667872086349,79.0,0.515031669467075,1.1328035056779657,0.6956413196833761,0.8970035801536975,255.0,2022-01-01,2022,1,0.49999999999999994,0.8660254037844387,37,997.3839397077476,18.643121936670514,25.548257719497435,高雄市,,,,,,,
18,2022-02,35.59,0.37,109231180,96298689974,256072,0.32124551799220696,78.0,0.5097127172120026,1.1496795555530182,0.6910285689489026,0.8942538934395838,250.0,2022-02-01,2022,2,0.8660254037844386,0.5000000000000001,38,881.6044097848252,18.50897712080925,25.290720552075406,高雄市,288966.0,,,288966.0,0.0,288966.0,288966.0
18,2022-03,35.59,0.37,129888457,124255607528,291721,0.3354304840190688,80.0,0.4996522436970349,1.1679037655794338,0.6828419095008573,0.8949889134490219,253.0,2022-03-01,2022,3,1.0,6.123233995736766e-17,39,956.633178943684,18.68218662472935,25.545606631922883,高雄市,256072.0,288966.0,,272519.0,16447.0,256072.0,288966.0
18,2022-04,38.17,0.44,125655353,116559794445,304267,0.34276784053919296,79.0,0.5102306217455652,1.1319973281872435,0.6897211295089036,0.9007972943261717,258.0,2022-04-01,2022,4,0.8660254037844387,-0.4999999999999998,40,927.6150332011721,18.649053431471863,25.481670235328032,高雄市,291721.0,256072.0,288966.0,278919.6666666667,16194.843013200907,256072.0,291721.0
18,2022-05,38.17,0.44,123909406,113381743446,305324,0.3493186304193888,79.0,0.513221424440272,1.1202748448937814,0.6926023436832551,0.9019389859717348,254.0,2022-05-01,2022,5,0.49999999999999994,-0.8660254037844387,41,915.0374221469515,18.635061267849643,25.45402622274851,高雄市,304267.0,291721.0,256072.0,284020.0,20415.166861919108,256072.0,304267.0
18,2022-06,38.17,0.44,128028372,120918130546,327922,0.3499762849440904,79.0,0.5176033020815477,1.1047357855290612,0.6946789966211552,0.9065231416048937,254.0,2022-06-01,2022,6,1.2246467991473532e-16,-1.0,42,944.4635486421713,18.667762461382544,25.518379546491715,高雄市,305324.0,304267.0,291721.0,300437.3333333333,6178.465954875494,291721.0,305324.0
18,2022-07,37.49,-0.28,138577078,120608828915,357557,0.3486872626943397,79.0,0.5177738852900958,1.1139245542419483,0.6956210535771291,0.9039774601106829,262.0,2022-07-01,2022,7,-0.4999999999999997,-0.8660254037844388,43,870.3375093173779,18.74693725586372,25.515818326818607,高雄市,327922.0,305324.0,304267.0,312504.3333333333,10910.473449346224,304267.0,327922.0
18,2022-08,37.49,-0.28,137936874,122148531524,384505,0.35972204212776343,80.0,0.5152063122674384,1.1279388576761822,0.6945316522107062,0.8999219599539424,276.0,2022-08-01,2022,8,-0.8660254037844384,-0.5000000000000004,44,885.539362911762,18.742306710933356,25.52850361267859,高雄市,357557.0,327922.0,305324.0,330267.6666666667,21388.442148869926,305324.0,357557.0
18,2022-09,37.49,-0.28,136391389,127553443479,399612,0.36440167054827777,80.0,0.5210367316952906,1.105999662729961,0.6986245297347914,0.9049338078080574,262.0,2022-09-01,2022,9,-1.0,-1.8369701987210297e-16,45,935.2015872424322,18.73103917821413,25.571801278268993,高雄市,384505.0,357557.0,327922.0,356661.3333333333,23108.59344245964,327922.0,384505.0
18,2022-10,38.76,0.19,142448253,124674966960,438912,0.3747231915859298,80.0,0.5237252587669403,1.0990741314983516,0.7006523905912697,0.9055947495544224,253.0,2022-10-01,2022,10,-0.8660254037844386,0.5000000000000001,46,875.2298770557754,18.774489361900816,25.548975923377558,高雄市,399612.0,384505.0,357557.0,380558.0,17394.249298738556,357557.0,399612.0
18,2022-11,38.76,0.19,137900344,125840614271,460348,0.38272595607158166,79.0,0.519143784385174,1.1154904047829515,0.6973922124516237,0.9026639556461149,255.0,2022-11-01,2022,11,-0.5000000000000004,0.8660254037844384,47,912.5475007589539,18.742041844573308,25.558281977057693,高雄市,438912.0,399612.0,384505.0,407676.3333333333,22931.86307787098,384505.0,438912.0
18,2022-12,38.76,0.19,140029491,121941085997,445192,0.3912742138011485,79.0,0.5217620879670815,1.1209646048307649,0.7009136882458568,0.9007364170166127,260.0,2022-12-01,2022,12,-2.4492935982947064e-16,1.0,48,870.8243179788464,18.757363615531336,25.526803863389375,高雄市,460348.0,438912.0,399612.0,432957.3333333333,25150.33419702852,399612.0,460348.0
18,2023-01,38.83,-0.09,69219343,56378058879,526092,0.3957126117189526,78.0,0.5305962693549341,1.1014246958164002,0.7077265237839659,0.905471321795123,143.0,2023-01-01,2023,1,0.49999999999999994,0.8660254037844387,49,814.4841663550606,18.052790919096804,24.755345892809455,高雄市,445192.0,460348.0,438912.0,448150.6666666667,8997.807337840086,438912.0,460348.0
18,2023-02,38.83,-0.09,62070947,55312355587,458284,0.41466502839081865,78.0,0.5096833505664239,1.143849472568319,0.6904578723440453,0.895484275437267,142.0,2023-02-01,2023,2,0.8660254037844386,0.5000000000000001,50,891.1150588213194,17.943788611351984,24.736262148872733,高雄市,526092.0,445192.0,460348.0,477210.6666666667,35113.764113552716,445192.0,526092.0
18,2023-03,38.83,-0.09,69792448,63261804483,516936,0.4234308273582838,78.0,0.5103808052578265,1.1380389532920625,0.6909762786942221,0.8993780100677942,143.0,2023-03-01,2023,3,1.0,6.123233995736766e-17,51,906.4276479168634,18.061036381364907,24.870547579298528,高雄市,458284.0,526092.0,445192.0,476522.6666666667,35455.974779373304,445192.0,526092.0
18,2023-04,39.58,0.07,69103321,55474466893,502219,0.4240686782622213,79.0,0.5190762701958698,1.1166778966929505,0.6968716886993029,0.9033719377973166,144.0,2023-04-01,2023,4,0.8660254037844387,-0.4999999999999998,52,802.7757000709126,18.051113362835576,24.739188695876624,高雄市,516936.0,458284.0,526092.0,500437.3333333333,30040.36969738481,458284.0,526092.0
18,2023-05,39.58,0.07,71509246,60861913467,526831,0.43025918634353943,78.0,0.5162470739364191,1.1211987232768337,0.694881833882013,0.9010052210591062,146.0,2023-05-01,2023,5,0.49999999999999994,-0.8660254037844387,53,851.1055125235134,18.085337327973335,24.831873421407355,高雄市,502219.0,516936.0,458284.0,492479.6666666667,24915.25953217336,458284.0,516936.0
18,2023-06,39.58,0.07,70313933,59173820332,521489,0.43750199551488606,79.0,0.5124297845440967,1.1412570049951067,0.6920760071833842,0.8987720541816371,145.0,2023-06-01,2023,6,1.2246467991473532e-16,-1.0,54,841.5660710089991,18.06848054482171,24.803745056921723,高雄市,526831.0,502219.0,516936.0,515328.6666666667,10111.883317276866,502219.0,526831.0
18,2023-07,39.74,0.04,72715012,59429031216,539848,0.4408794844178806,79.0,0.5148861969402379,1.1324388013903177,0.6940689358615523,0.8995420642989099,147.0,2023-07-01,2023,7,-0.4999999999999997,-0.8660254037844388,55,817.2869615424116,18.1020584273741,24.80804868494695,高雄市,521489.0,526831.0,502219.0,516846.3333333333,10570.506179407346,502219.0,526831.0
18,2023-08,39.74,0.04,72770887,66256560680,528509,0.44723816544932316,79.0,0.5105340017336528,1.1452267261204325,0.6910208336473898,0.89689281923965,147.0,2023-08-01,2023,8,-0.8660254037844384,-0.5000000000000004,56,910.4816968906811,18.10282654307965,24.91680032605685,高雄市,539848.0,521489.0,526831.0,529389.3333333334,7710.2538796649815,521489.0,539848.0
18,2023-09,39.74,0.04,70004948,59743786152,506854,0.45087617235284566,80.0,0.5189082563044671,1.1218752122881248,0.6975240235875898,0.9019859281946755,147.0,2023-09-01,2023,9,-1.0,-1.8369701987210297e-16,57,853.4223345469809,18.064076497514506,24.813331024910593,高雄市,528509.0,539848.0,521489.0,529948.6666666666,7563.848241617637,521489.0,539848.0
18,2023-10,39.86,0.04,73731288,64747111594,540776,0.45975953926099866,79.0,0.5187755887197916,1.1210478219211335,0.6975213155099095,0.9008977030212737,143.0,2023-10-01,2023,10,-0.8660254037844386,0.5000000000000001,58,878.1497428066087,18.115937812520187,24.893754927959638,高雄市,506854.0,528509.0,539848.0,525070.3333333334,13687.44754226376,506854.0,539848.0
18,2023-11,39.86,0.04,71037046,62582421739,560022,0.4658798875167191,81.0,0.5177298422724196,1.1296286756019849,0.6972929026356192,0.8993220523274574,145.0,2023-11-01,2023,11,-0.5000000000000004,0.8660254037844384,59,880.9828851695213,18.078712087653578,24.859750272744556,高雄市,540776.0,506854.0,528509.0,525379.6666666666,14024.266263238953,506854.0,540776.0
18,2023-12,39.86,0.04,73192884,63262217998,596711,0.4693687162265665,81.0,0.5179066537321667,1.1358656421283069,0.6980283903008931,0.8986230273423848,146.0,2023-12-01,2023,12,-2.4492935982947064e-16,1.0,60,864.3219742236145,18.108608774753815,24.87055411584379,高雄市,560022.0,540776.0,506854.0,535884.0,21979.654289061662,506854.0,560022.0
18,2024-01,42.43,0.6,71595789,78321375353,606618,0.47538020706776485,79.0,0.5112334743678684,1.1530510936184648,0.6931393688531039,0.8940720102965832,144.0,2024-01-01,2024,1,0.49999999999999994,0.8660254037844387,61,1093.9382950720747,18.08654683131947,25.084086395714174,高雄市,596711.0,560022.0,540776.0,565836.3333333334,23202.527309660803,540776.0,596711.0
18,2024-02,42.43,0.6,69073860,56741631230,639863,0.4803410725852008,79.0,0.5179215536147095,1.136081021711688,0.6980103906166529,0.8987883404807548,144.0,2024-02-01,2024,2,0.8660254037844386,0.5000000000000001,62,821.4631588563315,18.050686939314605,24.7617740151384,高雄市,606618.0,596711.0,560022.0,587783.6666666666,20042.78364454953,560022.0,606618.0
18,2024-03,42.43,0.6,73413856,65297823896,645745,0.49282082390550364,79.0,0.5078200330641447,1.1536966797387085,0.6892956283347929,0.894589707970114,145.0,2024-03-01,2024,3,1.0,6.123233995736766e-17,63,889.4482248146726,18.111623263232573,24.90222454797214,高雄市,639863.0,606618.0,596711.0,614397.3333333334,18455.57361762445,596711.0,639863.0
18,2024-04,44.92,0.48,72697003,64483590210,640953,0.4975116236910069,81.0,0.5117817205312534,1.14500044032223,0.6921577221003182,0.8975602886958077,147.0,2024-04-01,2024,4,0.8660254037844387,-0.4999999999999998,64,887.0185502695344,18.101810731200654,24.889676613045733,高雄市,645745.0,639863.0,606618.0,630742.0,17226.433428503613,606618.0,645745.0
18,2024-05,44.92,0.48,75453677,66768404656,698150,0.5013010963004494,79.0,0.5132301426729929,1.1367704571629127,0.6929539431192996,0.8996713440486142,144.0,2024-05-01,2024,5,0.49999999999999994,-0.8660254037844387,65,884.8926561392097,18.13902948950492,24.924495821420066,高雄市,640953.0,645745.0,639863.0,642187.0,2554.9361374928076,639863.0,645745.0
18,2024-06,44.92,0.48,74508383,63775143969,722948,0.5048900604915826,79.0,0.5118108372432966,1.142455827679116,0.6916568032351473,0.8999228046594434,144.0,2024-06-01,2024,6,1.2246467991473532e-16,-1.0,66,855.945886907786,18.126422213930738,24.878629358439397,高雄市,698150.0,640953.0,645745.0,661616.0,25907.407988192615,640953.0,698150.0
18,2024-07,45.8,0.2,75789449,64876452162,737225,0.5079091154231772,81.0,0.5136802668585203,1.1406162795941976,0.6936934717654433,0.8986441635167449,146.0,2024-07-01,2024,7,-0.4999999999999997,-0.8660254037844388,67,856.0090226015498,18.143469658867833,24.89575056219736,高雄市,722948.0,698150.0,640953.0,687350.3333333334,34334.332733027186,640953.0,722948.0
18,2024-08,45.8,0.2,76445571,62650867674,795002,0.5123809985015352,81.0,0.5097762121322612,1.1492680863791045,0.6904546111638044,0.89777521578065,147.0,2024-08-01,2024,8,-0.8660254037844384,-0.5000000000000004,68,819.5486913689218,18.152089568452617,24.86084336775364,高雄市,737225.0,722948.0,698150.0,719441.0,16143.898599780661,698150.0,737225.0
18,2024-09,45.8,0.2,74726522,62092352567,770879,0.5172920666640956,81.0,0.5153611186041728,1.1322170539667908,0.6951127338697766,0.9001748803456958,147.0,2024-09-01,2024,9,-1.0,-1.8369701987210297e-16,69,830.9279075908283,18.12934564732504,24.851888671249483,高雄市,795002.0,737225.0,722948.0,751725.0,31151.588819833894,722948.0,795002.0
18,2024-10,45.73,-0.04,74833256,62738847945,798219,0.525364672091777,81.0,0.5256474507842795,1.1098292591039456,0.7036790568086467,0.9028396412418564,149.0,2024-10-01,2024,10,-0.8660254037844386,0.5000000000000001,70,838.381907971504,18.13077295643341,24.862246677187787,高雄市,770879.0,795002.0,737225.0,767702.0,23694.098125904686,737225.0,795002.0
18,2024-11,45.73,-0.04,74638243,62386522094,743937,0.5288216256644733,81.0,0.5081057183318202,1.1649885803769309,0.6903387717741426,0.8930913204910249,149.0,2024-11-01,2024,11,-0.5000000000000004,0.8660254037844384,71,835.8519652452162,18.128163587967236,24.85661509692484,高雄市,798219.0,770879.0,795002.0,788033.3333333334,12200.837029573922,770879.0,798219.0
18,2024-12,45.73,-0.04,76188749,68434248107,715697,0.5320996148657068,82.0,0.5102331486738435,1.1651871559686733,0.6929786706433518,0.8915001610014622,149.0,2024-12-01,2024,12,-2.4492935982947064e-16,1.0,72,898.2198684874062,18.148724371962068,24.94913923959816,高雄市,743937.0,798219.0,770879.0,771011.6666666666,22160.732258258577,743937.0,798219.0
