county_label,county_name,month,year,donation_ratio,housing_burden,price_income_ratio,total_county_invoice_count,total_county_invoice_amount,industry_invoice_count,industry_invoice_amount,year,month_num,month_sin,month_cos,donation_ratio_lag1,donation_ratio_lag2,donation_ratio_lag3,industry_label,carrier_type_label
2,台北市,2023-01,2023,0.024753166504223,64.5,-0.55,150601015,164370591585,53842,136174585,2023,1,0.49999999999999994,0.8660254037844387,0.0122014481834901,0.0128267014656738,0.0120813442064104,0,0
2,台北市,2023-01,2023,0.024753166504223,64.5,-0.55,150601015,164370591585,98594,1500321789,2023,1,0.49999999999999994,0.8660254037844387,0.0122014481834901,0.0128267014656738,0.0120813442064104,0,1
2,台北市,2023-01,2023,0.024753166504223,64.5,-0.55,150601015,164370591585,559459,8261240525,2023,1,0.49999999999999994,0.8660254037844387,0.0122014481834901,0.0128267014656738,0.0120813442064104,1,1
2,台北市,2023-01,2023,0.024753166504223,64.5,-0.55,150601015,164370591585,504882,575711196,2023,1,0.49999999999999994,0.8660254037844387,0.0122014481834901,0.0128267014656738,0.0120813442064104,1,0
2,台北市,2023-01,2023,0.024753166504223,64.5,-0.55,150601015,164370591585,208032,216363978,2023,1,0.49999999999999994,0.8660254037844387,0.0122014481834901,0.0128267014656738,0.0120813442064104,2,1
2,台北市,2023-01,2023,0.024753166504223,64.5,-0.55,150601015,164370591585,20428,4779475,2023,1,0.49999999999999994,0.8660254037844387,0.0122014481834901,0.0128267014656738,0.0120813442064104,2,0
2,台北市,2023-01,2023,0.024753166504223,64.5,-0.55,150601015,164370591585,113039,128398143,2023,1,0.49999999999999994,0.8660254037844387,0.0122014481834901,0.0128267014656738,0.0120813442064104,3,0
2,台北市,2023-01,2023,0.024753166504223,64.5,-0.55,150601015,164370591585,75974,474500881,2023,1,0.49999999999999994,0.8660254037844387,0.0122014481834901,0.0128267014656738,0.0120813442064104,3,1
2,台北市,2023-01,2023,0.024753166504223,64.5,-0.55,150601015,164370591585,280296,1504120883,2023,1,0.49999999999999994,0.8660254037844387,0.0122014481834901,0.0128267014656738,0.0120813442064104,5,1
2,台北市,2023-01,2023,0.024753166504223,64.5,-0.55,150601015,164370591585,53093,189486499,2023,1,0.49999999999999994,0.8660254037844387,0.0122014481834901,0.0128267014656738,0.0120813442064104,5,0
2,台北市,2023-01,2023,0.024753166504223,64.5,-0.55,150601015,164370591585,1992,17203026,2023,1,0.49999999999999994,0.8660254037844387,0.0122014481834901,0.0128267014656738,0.0120813442064104,6,0
2,台北市,2023-01,2023,0.024753166504223,64.5,-0.55,150601015,164370591585,1495,68230260,2023,1,0.49999999999999994,0.8660254037844387,0.0122014481834901,0.0128267014656738,0.0120813442064104,6,1
2,台北市,2023-01,2023,0.024753166504223,64.5,-0.55,150601015,164370591585,6779,12058907,2023,1,0.49999999999999994,0.8660254037844387,0.0122014481834901,0.0128267014656738,0.0120813442064104,7,0
2,台北市,2023-01,2023,0.024753166504223,64.5,-0.55,150601015,164370591585,7395,268998459,2023,1,0.49999999999999994,0.8660254037844387,0.0122014481834901,0.0128267014656738,0.0120813442064104,7,1
2,台北市,2023-01,2023,0.024753166504223,64.5,-0.55,150601015,164370591585,9751,122362796,2023,1,0.49999999999999994,0.8660254037844387,0.0122014481834901,0.0128267014656738,0.0120813442064104,8,1
2,台北市,2023-01,2023,0.024753166504223,64.5,-0.55,150601015,164370591585,3034,15205763,2023,1,0.49999999999999994,0.8660254037844387,0.0122014481834901,0.0128267014656738,0.0120813442064104,8,0
2,台北市,2023-01,2023,0.024753166504223,64.5,-0.55,150601015,164370591585,26300,486542304,2023,1,0.49999999999999994,0.8660254037844387,0.0122014481834901,0.0128267014656738,0.0120813442064104,9,1
2,台北市,2023-01,2023,0.024753166504223,64.5,-0.55,150601015,164370591585,4949,25054555,2023,1,0.49999999999999994,0.8660254037844387,0.0122014481834901,0.0128267014656738,0.0120813442064104,9,0
2,台北市,2023-01,2023,0.024753166504223,64.5,-0.55,150601015,164370591585,4172,264481998,2023,1,0.49999999999999994,0.8660254037844387,0.0122014481834901,0.0128267014656738,0.0120813442064104,12,1
2,台北市,2023-01,2023,0.024753166504223,64.5,-0.55,150601015,164370591585,2657,6675905,2023,1,0.49999999999999994,0.8660254037844387,0.0122014481834901,0.0128267014656738,0.0120813442064104,12,0
2,台北市,2023-01,2023,0.024753166504223,64.5,-0.55,150601015,164370591585,8324,19685339,2023,1,0.49999999999999994,0.8660254037844387,0.0122014481834901,0.0128267014656738,0.0120813442064104,13,0
2,台北市,2023-01,2023,0.024753166504223,64.5,-0.55,150601015,164370591585,6033,51857084,2023,1,0.49999999999999994,0.8660254037844387,0.0122014481834901,0.0128267014656738,0.0120813442064104,13,1
2,台北市,2023-01,2023,0.024753166504223,64.5,-0.55,150601015,164370591585,1003,342539,2023,1,0.49999999999999994,0.8660254037844387,0.0122014481834901,0.0128267014656738,0.0120813442064104,14,0
2,台北市,2023-01,2023,0.024753166504223,64.5,-0.55,150601015,164370591585,6545,2297839,2023,1,0.49999999999999994,0.8660254037844387,0.0122014481834901,0.0128267014656738,0.0120813442064104,14,1
2,台北市,2023-01,2023,0.024753166504223,64.5,-0.55,150601015,164370591585,740,6095977,2023,1,0.49999999999999994,0.8660254037844387,0.0122014481834901,0.0128267014656738,0.0120813442064104,15,0
2,台北市,2023-01,2023,0.024753166504223,64.5,-0.55,150601015,164370591585,1366,8578127,2023,1,0.49999999999999994,0.8660254037844387,0.0122014481834901,0.0128267014656738,0.0120813442064104,15,1
2,台北市,2023-01,2023,0.024753166504223,64.5,-0.55,150601015,164370591585,802,1197621,2023,1,0.49999999999999994,0.8660254037844387,0.0122014481834901,0.0128267014656738,0.0120813442064104,16,0
2,台北市,2023-01,2023,0.024753166504223,64.5,-0.55,150601015,164370591585,1250,24653879,2023,1,0.49999999999999994,0.8660254037844387,0.0122014481834901,0.0128267014656738,0.0120813442064104,16,1
2,台北市,2023-01,2023,0.024753166504223,64.5,-0.55,150601015,164370591585,47528,115115707,2023,1,0.49999999999999994,0.8660254037844387,0.0122014481834901,0.0128267014656738,0.0120813442064104,17,1
2,台北市,2023-01,2023,0.024753166504223,64.5,-0.55,150601015,164370591585,133613,167217694,2023,1,0.49999999999999994,0.8660254037844387,0.0122014481834901,0.0128267014656738,0.0120813442064104,17,0
2,台北市,2023-01,2023,0.024753166504223,64.5,-0.55,150601015,164370591585,28267,22845835,2023,1,0.49999999999999994,0.8660254037844387,0.0122014481834901,0.0128267014656738,0.0120813442064104,18,0
2,台北市,2023-01,2023,0.024753166504223,64.5,-0.55,150601015,164370591585,23164,33859256,2023,1,0.49999999999999994,0.8660254037844387,0.0122014481834901,0.0128267014656738,0.0120813442064104,18,1
2,台北市,2023-01,2023,0.024753166504223,64.5,-0.55,150601015,164370591585,661,47090700,2023,1,0.49999999999999994,0.8660254037844387,0.0122014481834901,0.0128267014656738,0.0120813442064104,19,1
2,台北市,2023-01,2023,0.024753166504223,64.5,-0.55,150601015,164370591585,1414,2359079,2023,1,0.49999999999999994,0.8660254037844387,0.0122014481834901,0.0128267014656738,0.0120813442064104,19,0
2,台北市,2023-01,2023,0.024753166504223,64.5,-0.55,150601015,164370591585,2,293108577,2023,1,0.49999999999999994,0.8660254037844387,0.0122014481834901,0.0128267014656738,0.0120813442064104,20,1
2,台北市,2023-01,2023,0.024753166504223,64.5,-0.55,150601015,164370591585,3995,67710722,2023,1,0.49999999999999994,0.8660254037844387,0.0122014481834901,0.0128267014656738,0.0120813442064104,21,1
2,台北市,2023-01,2023,0.024753166504223,64.5,-0.55,150601015,164370591585,4788,12177567,2023,1,0.49999999999999994,0.8660254037844387,0.0122014481834901,0.0128267014656738,0.0120813442064104,21,0
2,台北市,2023-01,2023,0.024753166504223,64.5,-0.55,150601015,164370591585,1876,498246,2023,1,0.49999999999999994,0.8660254037844387,0.0122014481834901,0.0128267014656738,0.0120813442064104,22,0
2,台北市,2023-01,2023,0.024753166504223,64.5,-0.55,150601015,164370591585,4675,1119266,2023,1,0.49999999999999994,0.8660254037844387,0.0122014481834901,0.0128267014656738,0.0120813442064104,22,1
2,台北市,2023-01,2023,0.024753166504223,64.5,-0.55,150601015,164370591585,1115,194705315,2023,1,0.49999999999999994,0.8660254037844387,0.0122014481834901,0.0128267014656738,0.0120813442064104,23,1
2,台北市,2023-01,2023,0.024753166504223,64.5,-0.55,150601015,164370591585,42,37609,2023,1,0.49999999999999994,0.8660254037844387,0.0122014481834901,0.0128267014656738,0.0120813442064104,23,0
2,台北市,2023-01,2023,0.024753166504223,64.5,-0.55,150601015,164370591585,114,135733133,2023,1,0.49999999999999994,0.8660254037844387,0.0122014481834901,0.0128267014656738,0.0120813442064104,24,1
2,台北市,2023-01,2023,0.024753166504223,64.5,-0.55,150601015,164370591585,780,277726422,2023,1,0.49999999999999994,0.8660254037844387,0.0122014481834901,0.0128267014656738,0.0120813442064104,25,1
2,台北市,2023-01,2023,0.024753166504223,64.5,-0.55,150601015,164370591585,371,576479,2023,1,0.49999999999999994,0.8660254037844387,0.0122014481834901,0.0128267014656738,0.0120813442064104,25,0
2,台北市,2023-01,2023,0.024753166504223,64.5,-0.55,150601015,164370591585,3518,19646987,2023,1,0.49999999999999994,0.8660254037844387,0.0122014481834901,0.0128267014656738,0.0120813442064104,26,1
2,台北市,2023-01,2023,0.024753166504223,64.5,-0.55,150601015,164370591585,12411,1701368,2023,1,0.49999999999999994,0.8660254037844387,0.0122014481834901,0.0128267014656738,0.0120813442064104,26,0
2,台北市,2023-01,2023,0.024753166504223,64.5,-0.55,150601015,164370591585,12,380073,2023,1,0.49999999999999994,0.8660254037844387,0.0122014481834901,0.0128267014656738,0.0120813442064104,27,1
2,台北市,2023-01,2023,0.024753166504223,64.5,-0.55,150601015,164370591585,34,62144,2023,1,0.49999999999999994,0.8660254037844387,0.0122014481834901,0.0128267014656738,0.0120813442064104,27,0
2,台北市,2023-01,2023,0.024753166504223,64.5,-0.55,150601015,164370591585,25811,518959814,2023,1,0.49999999999999994,0.8660254037844387,0.0122014481834901,0.0128267014656738,0.0120813442064104,28,1
2,台北市,2023-01,2023,0.024753166504223,64.5,-0.55,150601015,164370591585,50791,145061631,2023,1,0.49999999999999994,0.8660254037844387,0.0122014481834901,0.0128267014656738,0.0120813442064104,28,0
2,台北市,2023-01,2023,0.024753166504223,64.5,-0.55,150601015,164370591585,31581,90474969,2023,1,0.49999999999999994,0.8660254037844387,0.0122014481834901,0.0128267014656738,0.0120813442064104,30,0
2,台北市,2023-01,2023,0.024753166504223,64.5,-0.55,150601015,164370591585,11690,51231454,2023,1,0.49999999999999994,0.8660254037844387,0.0122014481834901,0.0128267014656738,0.0120813442064104,30,1
2,台北市,2023-01,2023,0.024753166504223,64.5,-0.55,150601015,164370591585,855,1194409,2023,1,0.49999999999999994,0.8660254037844387,0.0122014481834901,0.0128267014656738,0.0120813442064104,31,1
2,台北市,2023-01,2023,0.024753166504223,64.5,-0.55,150601015,164370591585,5,5430,2023,1,0.49999999999999994,0.8660254037844387,0.0122014481834901,0.0128267014656738,0.0120813442064104,33,0
2,台北市,2023-01,2023,0.024753166504223,64.5,-0.55,150601015,164370591585,461,30332426,2023,1,0.49999999999999994,0.8660254037844387,0.0122014481834901,0.0128267014656738,0.0120813442064104,33,1
2,台北市,2023-01,2023,0.024753166504223,64.5,-0.55,150601015,164370591585,1,5000,2023,1,0.49999999999999994,0.8660254037844387,0.0122014481834901,0.0128267014656738,0.0120813442064104,34,1
2,台北市,2023-01,2023,0.024753166504223,64.5,-0.55,150601015,164370591585,108361,106712108,2023,1,0.49999999999999994,0.8660254037844387,0.0122014481834901,0.0128267014656738,0.0120813442064104,36,0
2,台北市,2023-01,2023,0.024753166504223,64.5,-0.55,150601015,164370591585,93379,235598765,2023,1,0.49999999999999994,0.8660254037844387,0.0122014481834901,0.0128267014656738,0.0120813442064104,36,1
2,台北市,2023-01,2023,0.024753166504223,64.5,-0.55,150601015,164370591585,11367,308705835,2023,1,0.49999999999999994,0.8660254037844387,0.0122014481834901,0.0128267014656738,0.0120813442064104,37,1
2,台北市,2023-01,2023,0.024753166504223,64.5,-0.55,150601015,164370591585,195724,302029656,2023,1,0.49999999999999994,0.8660254037844387,0.0122014481834901,0.0128267014656738,0.0120813442064104,37,0
2,台北市,2023-01,2023,0.024753166504223,64.5,-0.55,150601015,164370591585,1719,6027384,2023,1,0.49999999999999994,0.8660254037844387,0.0122014481834901,0.0128267014656738,0.0120813442064104,38,0
2,台北市,2023-01,2023,0.024753166504223,64.5,-0.55,150601015,164370591585,3233,23219121,2023,1,0.49999999999999994,0.8660254037844387,0.0122014481834901,0.0128267014656738,0.0120813442064104,38,1
2,台北市,2023-01,2023,0.024753166504223,64.5,-0.55,150601015,164370591585,10648,529420470,2023,1,0.49999999999999994,0.8660254037844387,0.0122014481834901,0.0128267014656738,0.0120813442064104,39,1
2,台北市,2023-01,2023,0.024753166504223,64.5,-0.55,150601015,164370591585,1059,17539888,2023,1,0.49999999999999994,0.8660254037844387,0.0122014481834901,0.0128267014656738,0.0120813442064104,39,0
2,台北市,2023-01,2023,0.024753166504223,64.5,-0.55,150601015,164370591585,4272,39543152,2023,1,0.49999999999999994,0.8660254037844387,0.0122014481834901,0.0128267014656738,0.0120813442064104,40,1
2,台北市,2023-01,2023,0.024753166504223,64.5,-0.55,150601015,164370591585,1316,5104634,2023,1,0.49999999999999994,0.8660254037844387,0.0122014481834901,0.0128267014656738,0.0120813442064104,40,0
2,台北市,2023-01,2023,0.024753166504223,64.5,-0.55,150601015,164370591585,442055,1206395656,2023,1,0.49999999999999994,0.8660254037844387,0.0122014481834901,0.0128267014656738,0.0120813442064104,41,1
2,台北市,2023-01,2023,0.024753166504223,64.5,-0.55,150601015,164370591585,4184100,7891465023,2023,1,0.49999999999999994,0.8660254037844387,0.0122014481834901,0.0128267014656738,0.0120813442064104,41,0
2,台北市,2023-01,2023,0.024753166504223,64.5,-0.55,150601015,164370591585,2662,181287073,2023,1,0.49999999999999994,0.8660254037844387,0.0122014481834901,0.0128267014656738,0.0120813442064104,43,1
2,台北市,2023-01,2023,0.024753166504223,64.5,-0.55,150601015,164370591585,11571,20157446,2023,1,0.49999999999999994,0.8660254037844387,0.0122014481834901,0.0128267014656738,0.0120813442064104,43,0
2,台北市,2023-01,2023,0.024753166504223,64.5,-0.55,150601015,164370591585,3595056,24414021067,2023,1,0.49999999999999994,0.8660254037844387,0.0122014481834901,0.0128267014656738,0.0120813442064104,44,1
2,台北市,2023-01,2023,0.024753166504223,64.5,-0.55,150601015,164370591585,5056745,7274946410,2023,1,0.49999999999999994,0.8660254037844387,0.0122014481834901,0.0128267014656738,0.0120813442064104,44,0
2,台北市,2023-01,2023,0.024753166504223,64.5,-0.55,150601015,164370591585,19567,106149999,2023,1,0.49999999999999994,0.8660254037844387,0.0122014481834901,0.0128267014656738,0.0120813442064104,46,0
2,台北市,2023-01,2023,0.024753166504223,64.5,-0.55,150601015,164370591585,31684,156279885,2023,1,0.49999999999999994,0.8660254037844387,0.0122014481834901,0.0128267014656738,0.0120813442064104,46,1
2,台北市,2023-01,2023,0.024753166504223,64.5,-0.55,150601015,164370591585,1128,10939395,2023,1,0.49999999999999994,0.8660254037844387,0.0122014481834901,0.0128267014656738,0.0120813442064104,48,1
2,台北市,2023-01,2023,0.024753166504223,64.5,-0.55,150601015,164370591585,1032,4306046,2023,1,0.49999999999999994,0.8660254037844387,0.0122014481834901,0.0128267014656738,0.0120813442064104,48,0
2,台北市,2023-01,2023,0.024753166504223,64.5,-0.55,150601015,164370591585,114897,394971451,2023,1,0.49999999999999994,0.8660254037844387,0.0122014481834901,0.0128267014656738,0.0120813442064104,50,0
2,台北市,2023-01,2023,0.024753166504223,64.5,-0.55,150601015,164370591585,52345,438766090,2023,1,0.49999999999999994,0.8660254037844387,0.0122014481834901,0.0128267014656738,0.0120813442064104,50,1
2,台北市,2023-01,2023,0.024753166504223,64.5,-0.55,150601015,164370591585,1,46200,2023,1,0.49999999999999994,0.8660254037844387,0.0122014481834901,0.0128267014656738,0.0120813442064104,51,1
2,台北市,2023-01,2023,0.024753166504223,64.5,-0.55,150601015,164370591585,31317,304305786,2023,1,0.49999999999999994,0.8660254037844387,0.0122014481834901,0.0128267014656738,0.0120813442064104,52,1
2,台北市,2023-01,2023,0.024753166504223,64.5,-0.55,150601015,164370591585,18470,6396252,2023,1,0.49999999999999994,0.8660254037844387,0.0122014481834901,0.0128267014656738,0.0120813442064104,52,0
2,台北市,2023-01,2023,0.024753166504223,64.5,-0.55,150601015,164370591585,5,6400,2023,1,0.49999999999999994,0.8660254037844387,0.0122014481834901,0.0128267014656738,0.0120813442064104,53,0
2,台北市,2023-01,2023,0.024753166504223,64.5,-0.55,150601015,164370591585,2349,10835048,2023,1,0.49999999999999994,0.8660254037844387,0.0122014481834901,0.0128267014656738,0.0120813442064104,53,1
2,台北市,2023-01,2023,0.024753166504223,64.5,-0.55,150601015,164370591585,788,1910462996,2023,1,0.49999999999999994,0.8660254037844387,0.0122014481834901,0.0128267014656738,0.0120813442064104,54,1
2,台北市,2023-01,2023,0.024753166504223,64.5,-0.55,150601015,164370591585,273,58521878,2023,1,0.49999999999999994,0.8660254037844387,0.0122014481834901,0.0128267014656738,0.0120813442064104,56,1
2,台北市,2023-01,2023,0.024753166504223,64.5,-0.55,150601015,164370591585,270,2996861,2023,1,0.49999999999999994,0.8660254037844387,0.0122014481834901,0.0128267014656738,0.0120813442064104,56,0
2,台北市,2023-01,2023,0.024753166504223,64.5,-0.55,150601015,164370591585,129,1348106,2023,1,0.49999999999999994,0.8660254037844387,0.0122014481834901,0.0128267014656738,0.0120813442064104,57,1
2,台北市,2023-01,2023,0.024753166504223,64.5,-0.55,150601015,164370591585,2559,52620687,2023,1,0.49999999999999994,0.8660254037844387,0.0122014481834901,0.0128267014656738,0.0120813442064104,58,1
2,台北市,2023-01,2023,0.024753166504223,64.5,-0.55,150601015,164370591585,1727,336184,2023,1,0.49999999999999994,0.8660254037844387,0.0122014481834901,0.0128267014656738,0.0120813442064104,58,0
2,台北市,2023-01,2023,0.024753166504223,64.5,-0.55,150601015,164370591585,65,1607300,2023,1,0.49999999999999994,0.8660254037844387,0.0122014481834901,0.0128267014656738,0.0120813442064104,59,1
2,台北市,2023-01,2023,0.024753166504223,64.5,-0.55,150601015,164370591585,501,1164155,2023,1,0.49999999999999994,0.8660254037844387,0.0122014481834901,0.0128267014656738,0.0120813442064104,59,0
2,台北市,2023-01,2023,0.024753166504223,64.5,-0.55,150601015,164370591585,41,2891585,2023,1,0.49999999999999994,0.8660254037844387,0.0122014481834901,0.0128267014656738,0.0120813442064104,60,1
2,台北市,2023-01,2023,0.024753166504223,64.5,-0.55,150601015,164370591585,521807,226427726,2023,1,0.49999999999999994,0.8660254037844387,0.0122014481834901,0.0128267014656738,0.0120813442064104,60,0
2,台北市,2023-01,2023,0.024753166504223,64.5,-0.55,150601015,164370591585,562,3016783,2023,1,0.49999999999999994,0.8660254037844387,0.0122014481834901,0.0128267014656738,0.0120813442064104,61,1
2,台北市,2023-01,2023,0.024753166504223,64.5,-0.55,150601015,164370591585,285,1468211,2023,1,0.49999999999999994,0.8660254037844387,0.0122014481834901,0.0128267014656738,0.0120813442064104,61,0
2,台北市,2023-01,2023,0.024753166504223,64.5,-0.55,150601015,164370591585,40744,13766134,2023,1,0.49999999999999994,0.8660254037844387,0.0122014481834901,0.0128267014656738,0.0120813442064104,63,0
2,台北市,2023-01,2023,0.024753166504223,64.5,-0.55,150601015,164370591585,99605,51471791,2023,1,0.49999999999999994,0.8660254037844387,0.0122014481834901,0.0128267014656738,0.0120813442064104,63,1
2,台北市,2023-01,2023,0.024753166504223,64.5,-0.55,150601015,164370591585,936,2151743,2023,1,0.49999999999999994,0.8660254037844387,0.0122014481834901,0.0128267014656738,0.0120813442064104,66,0
2,台北市,2023-01,2023,0.024753166504223,64.5,-0.55,150601015,164370591585,279,31404946,2023,1,0.49999999999999994,0.8660254037844387,0.0122014481834901,0.0128267014656738,0.0120813442064104,66,1
2,台北市,2023-01,2023,0.024753166504223,64.5,-0.55,150601015,164370591585,82036,4680055718,2023,1,0.49999999999999994,0.8660254037844387,0.0122014481834901,0.0128267014656738,0.0120813442064104,67,1
2,台北市,2023-01,2023,0.024753166504223,64.5,-0.55,150601015,164370591585,841430,561211648,2023,1,0.49999999999999994,0.8660254037844387,0.0122014481834901,0.0128267014656738,0.0120813442064104,67,0
2,台北市,2023-01,2023,0.024753166504223,64.5,-0.55,150601015,164370591585,951,1969095,2023,1,0.49999999999999994,0.8660254037844387,0.0122014481834901,0.0128267014656738,0.0120813442064104,68,0
2,台北市,2023-01,2023,0.024753166504223,64.5,-0.55,150601015,164370591585,337,1493513,2023,1,0.49999999999999994,0.8660254037844387,0.0122014481834901,0.0128267014656738,0.0120813442064104,68,1
2,台北市,2023-01,2023,0.024753166504223,64.5,-0.55,150601015,164370591585,920,6112495,2023,1,0.49999999999999994,0.8660254037844387,0.0122014481834901,0.0128267014656738,0.0120813442064104,69,1
2,台北市,2023-01,2023,0.024753166504223,64.5,-0.55,150601015,164370591585,1581,2986312,2023,1,0.49999999999999994,0.8660254037844387,0.0122014481834901,0.0128267014656738,0.0120813442064104,69,0
2,台北市,2023-01,2023,0.024753166504223,64.5,-0.55,150601015,164370591585,3011,8126962,2023,1,0.49999999999999994,0.8660254037844387,0.0122014481834901,0.0128267014656738,0.0120813442064104,70,0
2,台北市,2023-01,2023,0.024753166504223,64.5,-0.55,150601015,164370591585,15723,16299622,2023,1,0.49999999999999994,0.8660254037844387,0.0122014481834901,0.0128267014656738,0.0120813442064104,70,1
2,台北市,2023-01,2023,0.024753166504223,64.5,-0.55,150601015,164370591585,9,25420,2023,1,0.49999999999999994,0.8660254037844387,0.0122014481834901,0.0128267014656738,0.0120813442064104,71,1
2,台北市,2023-01,2023,0.024753166504223,64.5,-0.55,150601015,164370591585,25,24452059,2023,1,0.49999999999999994,0.8660254037844387,0.0122014481834901,0.0128267014656738,0.0120813442064104,72,0
2,台北市,2023-01,2023,0.024753166504223,64.5,-0.55,150601015,164370591585,12701,290126125,2023,1,0.49999999999999994,0.8660254037844387,0.0122014481834901,0.0128267014656738,0.0120813442064104,72,1
2,台北市,2023-01,2023,0.024753166504223,64.5,-0.55,150601015,164370591585,14228,19185816,2023,1,0.49999999999999994,0.8660254037844387,0.0122014481834901,0.0128267014656738,0.0120813442064104,73,0
2,台北市,2023-01,2023,0.024753166504223,64.5,-0.55,150601015,164370591585,22830,46923235,2023,1,0.49999999999999994,0.8660254037844387,0.0122014481834901,0.0128267014656738,0.0120813442064104,73,1
2,台北市,2023-01,2023,0.024753166504223,64.5,-0.55,150601015,164370591585,120484,646907587,2023,1,0.49999999999999994,0.8660254037844387,0.0122014481834901,0.0128267014656738,0.0120813442064104,75,1
2,台北市,2023-01,2023,0.024753166504223,64.5,-0.55,150601015,164370591585,733840,563452107,2023,1,0.49999999999999994,0.8660254037844387,0.0122014481834901,0.0128267014656738,0.0120813442064104,75,0
2,台北市,2023-01,2023,0.024753166504223,64.5,-0.55,150601015,164370591585,490233,714501564,2023,1,0.49999999999999994,0.8660254037844387,0.0122014481834901,0.0128267014656738,0.0120813442064104,77,1
2,台北市,2023-01,2023,0.024753166504223,64.5,-0.55,150601015,164370591585,27869185,12535174377,2023,1,0.49999999999999994,0.8660254037844387,0.0122014481834901,0.0128267014656738,0.0120813442064104,77,0
2,台北市,2023-01,2023,0.024753166504223,64.5,-0.55,150601015,164370591585,2526,102844259,2023,1,0.49999999999999994,0.8660254037844387,0.0122014481834901,0.0128267014656738,0.0120813442064104,78,1
2,台北市,2023-01,2023,0.024753166504223,64.5,-0.55,150601015,164370591585,10247,17018634,2023,1,0.49999999999999994,0.8660254037844387,0.0122014481834901,0.0128267014656738,0.0120813442064104,78,0
2,台北市,2023-01,2023,0.024753166504223,64.5,-0.55,150601015,164370591585,228278,266827162,2023,1,0.49999999999999994,0.8660254037844387,0.0122014481834901,0.0128267014656738,0.0120813442064104,79,0
2,台北市,2023-01,2023,0.024753166504223,64.5,-0.55,150601015,164370591585,273871,424132522,2023,1,0.49999999999999994,0.8660254037844387,0.0122014481834901,0.0128267014656738,0.0120813442064104,79,1
2,台北市,2023-01,2023,0.024753166504223,64.5,-0.55,150601015,164370591585,2185734,4195933310,2023,1,0.49999999999999994,0.8660254037844387,0.0122014481834901,0.0128267014656738,0.0120813442064104,80,1
2,台北市,2023-01,2023,0.024753166504223,64.5,-0.55,150601015,164370591585,1278525,266378216,2023,1,0.49999999999999994,0.8660254037844387,0.0122014481834901,0.0128267014656738,0.0120813442064104,80,0
2,台北市,2023-01,2023,0.024753166504223,64.5,-0.55,150601015,164370591585,6244,2436958,2023,1,0.49999999999999994,0.8660254037844387,0.0122014481834901,0.0128267014656738,0.0120813442064104,81,0
2,台北市,2023-01,2023,0.024753166504223,64.5,-0.55,150601015,164370591585,8365,7731627,2023,1,0.49999999999999994,0.8660254037844387,0.0122014481834901,0.0128267014656738,0.0120813442064104,81,1
2,台北市,2023-01,2023,0.024753166504223,64.5,-0.55,150601015,164370591585,3043,60547197,2023,1,0.49999999999999994,0.8660254037844387,0.0122014481834901,0.0128267014656738,0.0120813442064104,83,1
2,台北市,2023-01,2023,0.024753166504223,64.5,-0.55,150601015,164370591585,7898,37640819,2023,1,0.49999999999999994,0.8660254037844387,0.0122014481834901,0.0128267014656738,0.0120813442064104,83,0
2,台北市,2023-01,2023,0.024753166504223,64.5,-0.55,150601015,164370591585,1815,214303839,2023,1,0.49999999999999994,0.8660254037844387,0.0122014481834901,0.0128267014656738,0.0120813442064104,84,1
2,台北市,2023-01,2023,0.024753166504223,64.5,-0.55,150601015,164370591585,474,346474,2023,1,0.49999999999999994,0.8660254037844387,0.0122014481834901,0.0128267014656738,0.0120813442064104,84,0
2,台北市,2023-01,2023,0.024753166504223,64.5,-0.55,150601015,164370591585,52089,86051007,2023,1,0.49999999999999994,0.8660254037844387,0.0122014481834901,0.0128267014656738,0.0120813442064104,86,0
2,台北市,2023-01,2023,0.024753166504223,64.5,-0.55,150601015,164370591585,26219,2590367373,2023,1,0.49999999999999994,0.8660254037844387,0.0122014481834901,0.0128267014656738,0.0120813442064104,86,1
2,台北市,2023-01,2023,0.024753166504223,64.5,-0.55,150601015,164370591585,109315,103310776,2023,1,0.49999999999999994,0.8660254037844387,0.0122014481834901,0.0128267014656738,0.0120813442064104,87,1
2,台北市,2023-01,2023,0.024753166504223,64.5,-0.55,150601015,164370591585,173604,142392177,2023,1,0.49999999999999994,0.8660254037844387,0.0122014481834901,0.0128267014656738,0.0120813442064104,87,0
2,台北市,2023-01,2023,0.024753166504223,64.5,-0.55,150601015,164370591585,36227411,25558585599,2023,1,0.49999999999999994,0.8660254037844387,0.0122014481834901,0.0128267014656738,0.0120813442064104,88,0
2,台北市,2023-01,2023,0.024753166504223,64.5,-0.55,150601015,164370591585,30846977,25702795720,2023,1,0.49999999999999994,0.8660254037844387,0.0122014481834901,0.0128267014656738,0.0120813442064104,88,1
2,台北市,2023-01,2023,0.024753166504223,64.5,-0.55,150601015,164370591585,12841636,9176705700,2023,1,0.49999999999999994,0.8660254037844387,0.0122014481834901,0.0128267014656738,0.0120813442064104,89,0
2,台北市,2023-01,2023,0.024753166504223,64.5,-0.55,150601015,164370591585,105265,500372011,2023,1,0.49999999999999994,0.8660254037844387,0.0122014481834901,0.0128267014656738,0.0120813442064104,89,1
2,台北市,2023-01,2023,0.024753166504223,64.5,-0.55,150601015,164370591585,736479,1134343629,2023,1,0.49999999999999994,0.8660254037844387,0.0122014481834901,0.0128267014656738,0.0120813442064104,90,0
2,台北市,2023-01,2023,0.024753166504223,64.5,-0.55,150601015,164370591585,18727,32596362,2023,1,0.49999999999999994,0.8660254037844387,0.0122014481834901,0.0128267014656738,0.0120813442064104,90,1
2,台北市,2023-01,2023,0.024753166504223,64.5,-0.55,150601015,164370591585,4501,558588552,2023,1,0.49999999999999994,0.8660254037844387,0.0122014481834901,0.0128267014656738,0.0120813442064104,91,1
2,台北市,2023-01,2023,0.024753166504223,64.5,-0.55,150601015,164370591585,9522,7464000,2023,1,0.49999999999999994,0.8660254037844387,0.0122014481834901,0.0128267014656738,0.0120813442064104,91,0
2,台北市,2023-01,2023,0.024753166504223,64.5,-0.55,150601015,164370591585,47223,62856131,2023,1,0.49999999999999994,0.8660254037844387,0.0122014481834901,0.0128267014656738,0.0120813442064104,93,0
2,台北市,2023-01,2023,0.024753166504223,64.5,-0.55,150601015,164370591585,1225,340172111,2023,1,0.49999999999999994,0.8660254037844387,0.0122014481834901,0.0128267014656738,0.0120813442064104,93,1
2,台北市,2023-01,2023,0.024753166504223,64.5,-0.55,150601015,164370591585,25367,49144939,2023,1,0.49999999999999994,0.8660254037844387,0.0122014481834901,0.0128267014656738,0.0120813442064104,94,0
2,台北市,2023-01,2023,0.024753166504223,64.5,-0.55,150601015,164370591585,3848,412246296,2023,1,0.49999999999999994,0.8660254037844387,0.0122014481834901,0.0128267014656738,0.0120813442064104,94,1
2,台北市,2023-01,2023,0.024753166504223,64.5,-0.55,150601015,164370591585,79908,445731278,2023,1,0.49999999999999994,0.8660254037844387,0.0122014481834901,0.0128267014656738,0.0120813442064104,95,1
2,台北市,2023-01,2023,0.024753166504223,64.5,-0.55,150601015,164370591585,907998,503232753,2023,1,0.49999999999999994,0.8660254037844387,0.0122014481834901,0.0128267014656738,0.0120813442064104,95,0
2,台北市,2023-01,2023,0.024753166504223,64.5,-0.55,150601015,164370591585,5821,316462512,2023,1,0.49999999999999994,0.8660254037844387,0.0122014481834901,0.0128267014656738,0.0120813442064104,97,1
2,台北市,2023-01,2023,0.024753166504223,64.5,-0.55,150601015,164370591585,136,478500,2023,1,0.49999999999999994,0.8660254037844387,0.0122014481834901,0.0128267014656738,0.0120813442064104,97,0
2,台北市,2023-01,2023,0.024753166504223,64.5,-0.55,150601015,164370591585,558123,446426755,2023,1,0.49999999999999994,0.8660254037844387,0.0122014481834901,0.0128267014656738,0.0120813442064104,98,1
2,台北市,2023-01,2023,0.024753166504223,64.5,-0.55,150601015,164370591585,298416,158620451,2023,1,0.49999999999999994,0.8660254037844387,0.0122014481834901,0.0128267014656738,0.0120813442064104,98,0
2,台北市,2023-01,2023,0.024753166504223,64.5,-0.55,150601015,164370591585,12250,2432112,2023,1,0.49999999999999994,0.8660254037844387,0.0122014481834901,0.0128267014656738,0.0120813442064104,100,0
2,台北市,2023-01,2023,0.024753166504223,64.5,-0.55,150601015,164370591585,14140,8139492,2023,1,0.49999999999999994,0.8660254037844387,0.0122014481834901,0.0128267014656738,0.0120813442064104,100,1
2,台北市,2023-01,2023,0.024753166504223,64.5,-0.55,150601015,164370591585,6295292,2411436714,2023,1,0.49999999999999994,0.8660254037844387,0.0122014481834901,0.0128267014656738,0.0120813442064104,101,0
2,台北市,2023-01,2023,0.024753166504223,64.5,-0.55,150601015,164370591585,9864545,4924102993,2023,1,0.49999999999999994,0.8660254037844387,0.0122014481834901,0.0128267014656738,0.0120813442064104,101,1
2,台北市,2023-02,2023,0.0242952287937318,64.5,-0.55,149638846,154092960259,91192,1880638979,2023,2,0.8660254037844386,0.5000000000000001,0.024753166504223,0.0122014481834901,0.0128267014656738,0,1
2,台北市,2023-02,2023,0.0242952287937318,64.5,-0.55,149638846,154092960259,60233,197760179,2023,2,0.8660254037844386,0.5000000000000001,0.024753166504223,0.0122014481834901,0.0128267014656738,0,0
2,台北市,2023-02,2023,0.0242952287937318,64.5,-0.55,149638846,154092960259,486444,835386648,2023,2,0.8660254037844386,0.5000000000000001,0.024753166504223,0.0122014481834901,0.0128267014656738,1,0
2,台北市,2023-02,2023,0.0242952287937318,64.5,-0.55,149638846,154092960259,513774,7181981872,2023,2,0.8660254037844386,0.5000000000000001,0.024753166504223,0.0122014481834901,0.0128267014656738,1,1
2,台北市,2023-02,2023,0.0242952287937318,64.5,-0.55,149638846,154092960259,200224,224733308,2023,2,0.8660254037844386,0.5000000000000001,0.024753166504223,0.0122014481834901,0.0128267014656738,2,1
2,台北市,2023-02,2023,0.0242952287937318,64.5,-0.55,149638846,154092960259,19918,5293483,2023,2,0.8660254037844386,0.5000000000000001,0.024753166504223,0.0122014481834901,0.0128267014656738,2,0
2,台北市,2023-02,2023,0.0242952287937318,64.5,-0.55,149638846,154092960259,78738,528678463,2023,2,0.8660254037844386,0.5000000000000001,0.024753166504223,0.0122014481834901,0.0128267014656738,3,1
2,台北市,2023-02,2023,0.0242952287937318,64.5,-0.55,149638846,154092960259,109235,149261892,2023,2,0.8660254037844386,0.5000000000000001,0.024753166504223,0.0122014481834901,0.0128267014656738,3,0
2,台北市,2023-02,2023,0.0242952287937318,64.5,-0.55,149638846,154092960259,50298,141187485,2023,2,0.8660254037844386,0.5000000000000001,0.024753166504223,0.0122014481834901,0.0128267014656738,5,0
2,台北市,2023-02,2023,0.0242952287937318,64.5,-0.55,149638846,154092960259,265371,1254335132,2023,2,0.8660254037844386,0.5000000000000001,0.024753166504223,0.0122014481834901,0.0128267014656738,5,1
2,台北市,2023-02,2023,0.0242952287937318,64.5,-0.55,149638846,154092960259,1426,65053346,2023,2,0.8660254037844386,0.5000000000000001,0.024753166504223,0.0122014481834901,0.0128267014656738,6,1
2,台北市,2023-02,2023,0.0242952287937318,64.5,-0.55,149638846,154092960259,1902,15133410,2023,2,0.8660254037844386,0.5000000000000001,0.024753166504223,0.0122014481834901,0.0128267014656738,6,0
2,台北市,2023-02,2023,0.0242952287937318,64.5,-0.55,149638846,154092960259,7003,370138149,2023,2,0.8660254037844386,0.5000000000000001,0.024753166504223,0.0122014481834901,0.0128267014656738,7,1
2,台北市,2023-02,2023,0.0242952287937318,64.5,-0.55,149638846,154092960259,12760,17281201,2023,2,0.8660254037844386,0.5000000000000001,0.024753166504223,0.0122014481834901,0.0128267014656738,7,0
2,台北市,2023-02,2023,0.0242952287937318,64.5,-0.55,149638846,154092960259,8760,67290184,2023,2,0.8660254037844386,0.5000000000000001,0.024753166504223,0.0122014481834901,0.0128267014656738,8,1
2,台北市,2023-02,2023,0.0242952287937318,64.5,-0.55,149638846,154092960259,3063,13299319,2023,2,0.8660254037844386,0.5000000000000001,0.024753166504223,0.0122014481834901,0.0128267014656738,8,0
2,台北市,2023-02,2023,0.0242952287937318,64.5,-0.55,149638846,154092960259,5527,25841953,2023,2,0.8660254037844386,0.5000000000000001,0.024753166504223,0.0122014481834901,0.0128267014656738,9,0
2,台北市,2023-02,2023,0.0242952287937318,64.5,-0.55,149638846,154092960259,25589,645218617,2023,2,0.8660254037844386,0.5000000000000001,0.024753166504223,0.0122014481834901,0.0128267014656738,9,1
2,台北市,2023-02,2023,0.0242952287937318,64.5,-0.55,149638846,154092960259,3997,375109645,2023,2,0.8660254037844386,0.5000000000000001,0.024753166504223,0.0122014481834901,0.0128267014656738,12,1
2,台北市,2023-02,2023,0.0242952287937318,64.5,-0.55,149638846,154092960259,2521,5742665,2023,2,0.8660254037844386,0.5000000000000001,0.024753166504223,0.0122014481834901,0.0128267014656738,12,0
2,台北市,2023-02,2023,0.0242952287937318,64.5,-0.55,149638846,154092960259,8626,101432716,2023,2,0.8660254037844386,0.5000000000000001,0.024753166504223,0.0122014481834901,0.0128267014656738,13,1
2,台北市,2023-02,2023,0.0242952287937318,64.5,-0.55,149638846,154092960259,8835,25501923,2023,2,0.8660254037844386,0.5000000000000001,0.024753166504223,0.0122014481834901,0.0128267014656738,13,0
2,台北市,2023-02,2023,0.0242952287937318,64.5,-0.55,149638846,154092960259,1028,332594,2023,2,0.8660254037844386,0.5000000000000001,0.024753166504223,0.0122014481834901,0.0128267014656738,14,0
2,台北市,2023-02,2023,0.0242952287937318,64.5,-0.55,149638846,154092960259,6500,1957983,2023,2,0.8660254037844386,0.5000000000000001,0.024753166504223,0.0122014481834901,0.0128267014656738,14,1
2,台北市,2023-02,2023,0.0242952287937318,64.5,-0.55,149638846,154092960259,572,6176802,2023,2,0.8660254037844386,0.5000000000000001,0.024753166504223,0.0122014481834901,0.0128267014656738,15,0
2,台北市,2023-02,2023,0.0242952287937318,64.5,-0.55,149638846,154092960259,1645,10273579,2023,2,0.8660254037844386,0.5000000000000001,0.024753166504223,0.0122014481834901,0.0128267014656738,15,1
2,台北市,2023-02,2023,0.0242952287937318,64.5,-0.55,149638846,154092960259,1048,22247585,2023,2,0.8660254037844386,0.5000000000000001,0.024753166504223,0.0122014481834901,0.0128267014656738,16,1
2,台北市,2023-02,2023,0.0242952287937318,64.5,-0.55,149638846,154092960259,831,3207903,2023,2,0.8660254037844386,0.5000000000000001,0.024753166504223,0.0122014481834901,0.0128267014656738,16,0
2,台北市,2023-02,2023,0.0242952287937318,64.5,-0.55,149638846,154092960259,111320,142673905,2023,2,0.8660254037844386,0.5000000000000001,0.024753166504223,0.0122014481834901,0.0128267014656738,17,0
2,台北市,2023-02,2023,0.0242952287937318,64.5,-0.55,149638846,154092960259,52561,101432291,2023,2,0.8660254037844386,0.5000000000000001,0.024753166504223,0.0122014481834901,0.0128267014656738,17,1
2,台北市,2023-02,2023,0.0242952287937318,64.5,-0.55,149638846,154092960259,25727,45594277,2023,2,0.8660254037844386,0.5000000000000001,0.024753166504223,0.0122014481834901,0.0128267014656738,18,1
2,台北市,2023-02,2023,0.0242952287937318,64.5,-0.55,149638846,154092960259,34165,22374361,2023,2,0.8660254037844386,0.5000000000000001,0.024753166504223,0.0122014481834901,0.0128267014656738,18,0
2,台北市,2023-02,2023,0.0242952287937318,64.5,-0.55,149638846,154092960259,746,49553529,2023,2,0.8660254037844386,0.5000000000000001,0.024753166504223,0.0122014481834901,0.0128267014656738,19,1
2,台北市,2023-02,2023,0.0242952287937318,64.5,-0.55,149638846,154092960259,1304,1974165,2023,2,0.8660254037844386,0.5000000000000001,0.024753166504223,0.0122014481834901,0.0128267014656738,19,0
2,台北市,2023-02,2023,0.0242952287937318,64.5,-0.55,149638846,154092960259,2,511917301,2023,2,0.8660254037844386,0.5000000000000001,0.024753166504223,0.0122014481834901,0.0128267014656738,20,1
2,台北市,2023-02,2023,0.0242952287937318,64.5,-0.55,149638846,154092960259,7930,77495201,2023,2,0.8660254037844386,0.5000000000000001,0.024753166504223,0.0122014481834901,0.0128267014656738,21,1
2,台北市,2023-02,2023,0.0242952287937318,64.5,-0.55,149638846,154092960259,4347,12855460,2023,2,0.8660254037844386,0.5000000000000001,0.024753166504223,0.0122014481834901,0.0128267014656738,21,0
2,台北市,2023-02,2023,0.0242952287937318,64.5,-0.55,149638846,154092960259,5152,1211613,2023,2,0.8660254037844386,0.5000000000000001,0.024753166504223,0.0122014481834901,0.0128267014656738,22,1
2,台北市,2023-02,2023,0.0242952287937318,64.5,-0.55,149638846,154092960259,2419,582675,2023,2,0.8660254037844386,0.5000000000000001,0.024753166504223,0.0122014481834901,0.0128267014656738,22,0
2,台北市,2023-02,2023,0.0242952287937318,64.5,-0.55,149638846,154092960259,70,79893,2023,2,0.8660254037844386,0.5000000000000001,0.024753166504223,0.0122014481834901,0.0128267014656738,23,0
2,台北市,2023-02,2023,0.0242952287937318,64.5,-0.55,149638846,154092960259,1215,160127285,2023,2,0.8660254037844386,0.5000000000000001,0.024753166504223,0.0122014481834901,0.0128267014656738,23,1
2,台北市,2023-02,2023,0.0242952287937318,64.5,-0.55,149638846,154092960259,141,349577333,2023,2,0.8660254037844386,0.5000000000000001,0.024753166504223,0.0122014481834901,0.0128267014656738,24,1
2,台北市,2023-02,2023,0.0242952287937318,64.5,-0.55,149638846,154092960259,948,303562807,2023,2,0.8660254037844386,0.5000000000000001,0.024753166504223,0.0122014481834901,0.0128267014656738,25,1
2,台北市,2023-02,2023,0.0242952287937318,64.5,-0.55,149638846,154092960259,207,527018,2023,2,0.8660254037844386,0.5000000000000001,0.024753166504223,0.0122014481834901,0.0128267014656738,25,0
2,台北市,2023-02,2023,0.0242952287937318,64.5,-0.55,149638846,154092960259,5767,44625345,2023,2,0.8660254037844386,0.5000000000000001,0.024753166504223,0.0122014481834901,0.0128267014656738,26,1
2,台北市,2023-02,2023,0.0242952287937318,64.5,-0.55,149638846,154092960259,17860,2778663,2023,2,0.8660254037844386,0.5000000000000001,0.024753166504223,0.0122014481834901,0.0128267014656738,26,0
2,台北市,2023-02,2023,0.0242952287937318,64.5,-0.55,149638846,154092960259,60,115231,2023,2,0.8660254037844386,0.5000000000000001,0.024753166504223,0.0122014481834901,0.0128267014656738,27,0
2,台北市,2023-02,2023,0.0242952287937318,64.5,-0.55,149638846,154092960259,5,55244,2023,2,0.8660254037844386,0.5000000000000001,0.024753166504223,0.0122014481834901,0.0128267014656738,27,1
2,台北市,2023-02,2023,0.0242952287937318,64.5,-0.55,149638846,154092960259,26395,692703569,2023,2,0.8660254037844386,0.5000000000000001,0.024753166504223,0.0122014481834901,0.0128267014656738,28,1
2,台北市,2023-02,2023,0.0242952287937318,64.5,-0.55,149638846,154092960259,47445,139907381,2023,2,0.8660254037844386,0.5000000000000001,0.024753166504223,0.0122014481834901,0.0128267014656738,28,0
2,台北市,2023-02,2023,0.0242952287937318,64.5,-0.55,149638846,154092960259,9976,108727909,2023,2,0.8660254037844386,0.5000000000000001,0.024753166504223,0.0122014481834901,0.0128267014656738,30,1
2,台北市,2023-02,2023,0.0242952287937318,64.5,-0.55,149638846,154092960259,31651,127415403,2023,2,0.8660254037844386,0.5000000000000001,0.024753166504223,0.0122014481834901,0.0128267014656738,30,0
2,台北市,2023-02,2023,0.0242952287937318,64.5,-0.55,149638846,154092960259,827,1040970,2023,2,0.8660254037844386,0.5000000000000001,0.024753166504223,0.0122014481834901,0.0128267014656738,31,1
2,台北市,2023-02,2023,0.0242952287937318,64.5,-0.55,149638846,154092960259,9,12040,2023,2,0.8660254037844386,0.5000000000000001,0.024753166504223,0.0122014481834901,0.0128267014656738,33,0
2,台北市,2023-02,2023,0.0242952287937318,64.5,-0.55,149638846,154092960259,569,69081885,2023,2,0.8660254037844386,0.5000000000000001,0.024753166504223,0.0122014481834901,0.0128267014656738,33,1
2,台北市,2023-02,2023,0.0242952287937318,64.5,-0.55,149638846,154092960259,4,13500,2023,2,0.8660254037844386,0.5000000000000001,0.024753166504223,0.0122014481834901,0.0128267014656738,34,1
2,台北市,2023-02,2023,0.0242952287937318,64.5,-0.55,149638846,154092960259,117382,131386641,2023,2,0.8660254037844386,0.5000000000000001,0.024753166504223,0.0122014481834901,0.0128267014656738,36,0
2,台北市,2023-02,2023,0.0242952287937318,64.5,-0.55,149638846,154092960259,105454,267793440,2023,2,0.8660254037844386,0.5000000000000001,0.024753166504223,0.0122014481834901,0.0128267014656738,36,1
2,台北市,2023-02,2023,0.0242952287937318,64.5,-0.55,149638846,154092960259,188262,287665819,2023,2,0.8660254037844386,0.5000000000000001,0.024753166504223,0.0122014481834901,0.0128267014656738,37,0
2,台北市,2023-02,2023,0.0242952287937318,64.5,-0.55,149638846,154092960259,11805,109330293,2023,2,0.8660254037844386,0.5000000000000001,0.024753166504223,0.0122014481834901,0.0128267014656738,37,1
2,台北市,2023-02,2023,0.0242952287937318,64.5,-0.55,149638846,154092960259,1722,5777530,2023,2,0.8660254037844386,0.5000000000000001,0.024753166504223,0.0122014481834901,0.0128267014656738,38,0
2,台北市,2023-02,2023,0.0242952287937318,64.5,-0.55,149638846,154092960259,3141,47069291,2023,2,0.8660254037844386,0.5000000000000001,0.024753166504223,0.0122014481834901,0.0128267014656738,38,1
2,台北市,2023-02,2023,0.0242952287937318,64.5,-0.55,149638846,154092960259,879,20968891,2023,2,0.8660254037844386,0.5000000000000001,0.024753166504223,0.0122014481834901,0.0128267014656738,39,0
2,台北市,2023-02,2023,0.0242952287937318,64.5,-0.55,149638846,154092960259,6657,331155699,2023,2,0.8660254037844386,0.5000000000000001,0.024753166504223,0.0122014481834901,0.0128267014656738,39,1
2,台北市,2023-02,2023,0.0242952287937318,64.5,-0.55,149638846,154092960259,4562,40295176,2023,2,0.8660254037844386,0.5000000000000001,0.024753166504223,0.0122014481834901,0.0128267014656738,40,1
2,台北市,2023-02,2023,0.0242952287937318,64.5,-0.55,149638846,154092960259,1150,4131806,2023,2,0.8660254037844386,0.5000000000000001,0.024753166504223,0.0122014481834901,0.0128267014656738,40,0
2,台北市,2023-02,2023,0.0242952287937318,64.5,-0.55,149638846,154092960259,3922312,7332550657,2023,2,0.8660254037844386,0.5000000000000001,0.024753166504223,0.0122014481834901,0.0128267014656738,41,0
2,台北市,2023-02,2023,0.0242952287937318,64.5,-0.55,149638846,154092960259,385453,797930414,2023,2,0.8660254037844386,0.5000000000000001,0.024753166504223,0.0122014481834901,0.0128267014656738,41,1
2,台北市,2023-02,2023,0.0242952287937318,64.5,-0.55,149638846,154092960259,10351,15304761,2023,2,0.8660254037844386,0.5000000000000001,0.024753166504223,0.0122014481834901,0.0128267014656738,43,0
2,台北市,2023-02,2023,0.0242952287937318,64.5,-0.55,149638846,154092960259,2272,227658416,2023,2,0.8660254037844386,0.5000000000000001,0.024753166504223,0.0122014481834901,0.0128267014656738,43,1
2,台北市,2023-02,2023,0.0242952287937318,64.5,-0.55,149638846,154092960259,3304840,23232113205,2023,2,0.8660254037844386,0.5000000000000001,0.024753166504223,0.0122014481834901,0.0128267014656738,44,1
2,台北市,2023-02,2023,0.0242952287937318,64.5,-0.55,149638846,154092960259,5034257,6808575979,2023,2,0.8660254037844386,0.5000000000000001,0.024753166504223,0.0122014481834901,0.0128267014656738,44,0
2,台北市,2023-02,2023,0.0242952287937318,64.5,-0.55,149638846,154092960259,37225,230014581,2023,2,0.8660254037844386,0.5000000000000001,0.024753166504223,0.0122014481834901,0.0128267014656738,46,1
2,台北市,2023-02,2023,0.0242952287937318,64.5,-0.55,149638846,154092960259,24087,132714115,2023,2,0.8660254037844386,0.5000000000000001,0.024753166504223,0.0122014481834901,0.0128267014656738,46,0
2,台北市,2023-02,2023,0.0242952287937318,64.5,-0.55,149638846,154092960259,1376,48785130,2023,2,0.8660254037844386,0.5000000000000001,0.024753166504223,0.0122014481834901,0.0128267014656738,48,1
2,台北市,2023-02,2023,0.0242952287937318,64.5,-0.55,149638846,154092960259,956,3604710,2023,2,0.8660254037844386,0.5000000000000001,0.024753166504223,0.0122014481834901,0.0128267014656738,48,0
2,台北市,2023-02,2023,0.0242952287937318,64.5,-0.55,149638846,154092960259,47959,382043338,2023,2,0.8660254037844386,0.5000000000000001,0.024753166504223,0.0122014481834901,0.0128267014656738,50,1
2,台北市,2023-02,2023,0.0242952287937318,64.5,-0.55,149638846,154092960259,114735,391489238,2023,2,0.8660254037844386,0.5000000000000001,0.024753166504223,0.0122014481834901,0.0128267014656738,50,0
2,台北市,2023-02,2023,0.0242952287937318,64.5,-0.55,149638846,154092960259,26358,280721049,2023,2,0.8660254037844386,0.5000000000000001,0.024753166504223,0.0122014481834901,0.0128267014656738,52,1
2,台北市,2023-02,2023,0.0242952287937318,64.5,-0.55,149638846,154092960259,18226,5714156,2023,2,0.8660254037844386,0.5000000000000001,0.024753166504223,0.0122014481834901,0.0128267014656738,52,0
2,台北市,2023-02,2023,0.0242952287937318,64.5,-0.55,149638846,154092960259,5,6400,2023,2,0.8660254037844386,0.5000000000000001,0.024753166504223,0.0122014481834901,0.0128267014656738,53,0
2,台北市,2023-02,2023,0.0242952287937318,64.5,-0.55,149638846,154092960259,2789,22186517,2023,2,0.8660254037844386,0.5000000000000001,0.024753166504223,0.0122014481834901,0.0128267014656738,53,1
2,台北市,2023-02,2023,0.0242952287937318,64.5,-0.55,149638846,154092960259,1166,1754853412,2023,2,0.8660254037844386,0.5000000000000001,0.024753166504223,0.0122014481834901,0.0128267014656738,54,1
2,台北市,2023-02,2023,0.0242952287937318,64.5,-0.55,149638846,154092960259,258,3053527,2023,2,0.8660254037844386,0.5000000000000001,0.024753166504223,0.0122014481834901,0.0128267014656738,56,0
2,台北市,2023-02,2023,0.0242952287937318,64.5,-0.55,149638846,154092960259,226,27236756,2023,2,0.8660254037844386,0.5000000000000001,0.024753166504223,0.0122014481834901,0.0128267014656738,56,1
2,台北市,2023-02,2023,0.0242952287937318,64.5,-0.55,149638846,154092960259,123,44219883,2023,2,0.8660254037844386,0.5000000000000001,0.024753166504223,0.0122014481834901,0.0128267014656738,57,1
2,台北市,2023-02,2023,0.0242952287937318,64.5,-0.55,149638846,154092960259,2181,424566,2023,2,0.8660254037844386,0.5000000000000001,0.024753166504223,0.0122014481834901,0.0128267014656738,58,0
2,台北市,2023-02,2023,0.0242952287937318,64.5,-0.55,149638846,154092960259,2700,47726599,2023,2,0.8660254037844386,0.5000000000000001,0.024753166504223,0.0122014481834901,0.0128267014656738,58,1
2,台北市,2023-02,2023,0.0242952287937318,64.5,-0.55,149638846,154092960259,231,647421,2023,2,0.8660254037844386,0.5000000000000001,0.024753166504223,0.0122014481834901,0.0128267014656738,59,0
2,台北市,2023-02,2023,0.0242952287937318,64.5,-0.55,149638846,154092960259,66,1944945,2023,2,0.8660254037844386,0.5000000000000001,0.024753166504223,0.0122014481834901,0.0128267014656738,59,1
2,台北市,2023-02,2023,0.0242952287937318,64.5,-0.55,149638846,154092960259,8,339072,2023,2,0.8660254037844386,0.5000000000000001,0.024753166504223,0.0122014481834901,0.0128267014656738,60,1
2,台北市,2023-02,2023,0.0242952287937318,64.5,-0.55,149638846,154092960259,686644,303123061,2023,2,0.8660254037844386,0.5000000000000001,0.024753166504223,0.0122014481834901,0.0128267014656738,60,0
2,台北市,2023-02,2023,0.0242952287937318,64.5,-0.55,149638846,154092960259,260,1427704,2023,2,0.8660254037844386,0.5000000000000001,0.024753166504223,0.0122014481834901,0.0128267014656738,61,0
2,台北市,2023-02,2023,0.0242952287937318,64.5,-0.55,149638846,154092960259,524,2555753,2023,2,0.8660254037844386,0.5000000000000001,0.024753166504223,0.0122014481834901,0.0128267014656738,61,1
2,台北市,2023-02,2023,0.0242952287937318,64.5,-0.55,149638846,154092960259,49,38075,2023,2,0.8660254037844386,0.5000000000000001,0.024753166504223,0.0122014481834901,0.0128267014656738,62,1
2,台北市,2023-02,2023,0.0242952287937318,64.5,-0.55,149638846,154092960259,90686,48836906,2023,2,0.8660254037844386,0.5000000000000001,0.024753166504223,0.0122014481834901,0.0128267014656738,63,1
2,台北市,2023-02,2023,0.0242952287937318,64.5,-0.55,149638846,154092960259,41221,12864840,2023,2,0.8660254037844386,0.5000000000000001,0.024753166504223,0.0122014481834901,0.0128267014656738,63,0
2,台北市,2023-02,2023,0.0242952287937318,64.5,-0.55,149638846,154092960259,448,35261243,2023,2,0.8660254037844386,0.5000000000000001,0.024753166504223,0.0122014481834901,0.0128267014656738,66,1
2,台北市,2023-02,2023,0.0242952287937318,64.5,-0.55,149638846,154092960259,2270,7188818,2023,2,0.8660254037844386,0.5000000000000001,0.024753166504223,0.0122014481834901,0.0128267014656738,66,0
2,台北市,2023-02,2023,0.0242952287937318,64.5,-0.55,149638846,154092960259,780983,462492862,2023,2,0.8660254037844386,0.5000000000000001,0.024753166504223,0.0122014481834901,0.0128267014656738,67,0
2,台北市,2023-02,2023,0.0242952287937318,64.5,-0.55,149638846,154092960259,76082,4754144185,2023,2,0.8660254037844386,0.5000000000000001,0.024753166504223,0.0122014481834901,0.0128267014656738,67,1
2,台北市,2023-02,2023,0.0242952287937318,64.5,-0.55,149638846,154092960259,1634,3368347,2023,2,0.8660254037844386,0.5000000000000001,0.024753166504223,0.0122014481834901,0.0128267014656738,68,0
2,台北市,2023-02,2023,0.0242952287937318,64.5,-0.55,149638846,154092960259,315,1357827,2023,2,0.8660254037844386,0.5000000000000001,0.024753166504223,0.0122014481834901,0.0128267014656738,68,1
2,台北市,2023-02,2023,0.0242952287937318,64.5,-0.55,149638846,154092960259,1413,2646576,2023,2,0.8660254037844386,0.5000000000000001,0.024753166504223,0.0122014481834901,0.0128267014656738,69,0
2,台北市,2023-02,2023,0.0242952287937318,64.5,-0.55,149638846,154092960259,1077,9434022,2023,2,0.8660254037844386,0.5000000000000001,0.024753166504223,0.0122014481834901,0.0128267014656738,69,1
2,台北市,2023-02,2023,0.0242952287937318,64.5,-0.55,149638846,154092960259,8980,7651286,2023,2,0.8660254037844386,0.5000000000000001,0.024753166504223,0.0122014481834901,0.0128267014656738,70,1
2,台北市,2023-02,2023,0.0242952287937318,64.5,-0.55,149638846,154092960259,2682,5730747,2023,2,0.8660254037844386,0.5000000000000001,0.024753166504223,0.0122014481834901,0.0128267014656738,70,0
2,台北市,2023-02,2023,0.0242952287937318,64.5,-0.55,149638846,154092960259,9,22302,2023,2,0.8660254037844386,0.5000000000000001,0.024753166504223,0.0122014481834901,0.0128267014656738,71,1
2,台北市,2023-02,2023,0.0242952287937318,64.5,-0.55,149638846,154092960259,55,19645989,2023,2,0.8660254037844386,0.5000000000000001,0.024753166504223,0.0122014481834901,0.0128267014656738,72,0
2,台北市,2023-02,2023,0.0242952287937318,64.5,-0.55,149638846,154092960259,10308,201891181,2023,2,0.8660254037844386,0.5000000000000001,0.024753166504223,0.0122014481834901,0.0128267014656738,72,1
2,台北市,2023-02,2023,0.0242952287937318,64.5,-0.55,149638846,154092960259,15932,22307035,2023,2,0.8660254037844386,0.5000000000000001,0.024753166504223,0.0122014481834901,0.0128267014656738,73,0
2,台北市,2023-02,2023,0.0242952287937318,64.5,-0.55,149638846,154092960259,32081,167865952,2023,2,0.8660254037844386,0.5000000000000001,0.024753166504223,0.0122014481834901,0.0128267014656738,73,1
2,台北市,2023-02,2023,0.0242952287937318,64.5,-0.55,149638846,154092960259,773465,598135617,2023,2,0.8660254037844386,0.5000000000000001,0.024753166504223,0.0122014481834901,0.0128267014656738,75,0
2,台北市,2023-02,2023,0.0242952287937318,64.5,-0.55,149638846,154092960259,126526,749742995,2023,2,0.8660254037844386,0.5000000000000001,0.024753166504223,0.0122014481834901,0.0128267014656738,75,1
2,台北市,2023-02,2023,0.0242952287937318,64.5,-0.55,149638846,154092960259,27080844,12096704097,2023,2,0.8660254037844386,0.5000000000000001,0.024753166504223,0.0122014481834901,0.0128267014656738,77,0
2,台北市,2023-02,2023,0.0242952287937318,64.5,-0.55,149638846,154092960259,468416,797846666,2023,2,0.8660254037844386,0.5000000000000001,0.024753166504223,0.0122014481834901,0.0128267014656738,77,1
2,台北市,2023-02,2023,0.0242952287937318,64.5,-0.55,149638846,154092960259,7096,11825252,2023,2,0.8660254037844386,0.5000000000000001,0.024753166504223,0.0122014481834901,0.0128267014656738,78,0
2,台北市,2023-02,2023,0.0242952287937318,64.5,-0.55,149638846,154092960259,1965,99545539,2023,2,0.8660254037844386,0.5000000000000001,0.024753166504223,0.0122014481834901,0.0128267014656738,78,1
2,台北市,2023-02,2023,0.0242952287937318,64.5,-0.55,149638846,154092960259,283107,386587514,2023,2,0.8660254037844386,0.5000000000000001,0.024753166504223,0.0122014481834901,0.0128267014656738,79,1
2,台北市,2023-02,2023,0.0242952287937318,64.5,-0.55,149638846,154092960259,253144,298299188,2023,2,0.8660254037844386,0.5000000000000001,0.024753166504223,0.0122014481834901,0.0128267014656738,79,0
2,台北市,2023-02,2023,0.0242952287937318,64.5,-0.55,149638846,154092960259,1279517,250721314,2023,2,0.8660254037844386,0.5000000000000001,0.024753166504223,0.0122014481834901,0.0128267014656738,80,0
2,台北市,2023-02,2023,0.0242952287937318,64.5,-0.55,149638846,154092960259,2000905,3221189843,2023,2,0.8660254037844386,0.5000000000000001,0.024753166504223,0.0122014481834901,0.0128267014656738,80,1
2,台北市,2023-02,2023,0.0242952287937318,64.5,-0.55,149638846,154092960259,6860,6463555,2023,2,0.8660254037844386,0.5000000000000001,0.024753166504223,0.0122014481834901,0.0128267014656738,81,1
2,台北市,2023-02,2023,0.0242952287937318,64.5,-0.55,149638846,154092960259,3217,2321456,2023,2,0.8660254037844386,0.5000000000000001,0.024753166504223,0.0122014481834901,0.0128267014656738,81,0
2,台北市,2023-02,2023,0.0242952287937318,64.5,-0.55,149638846,154092960259,3103,55834435,2023,2,0.8660254037844386,0.5000000000000001,0.024753166504223,0.0122014481834901,0.0128267014656738,83,1
2,台北市,2023-02,2023,0.0242952287937318,64.5,-0.55,149638846,154092960259,7137,42722679,2023,2,0.8660254037844386,0.5000000000000001,0.024753166504223,0.0122014481834901,0.0128267014656738,83,0
2,台北市,2023-02,2023,0.0242952287937318,64.5,-0.55,149638846,154092960259,348,248468,2023,2,0.8660254037844386,0.5000000000000001,0.024753166504223,0.0122014481834901,0.0128267014656738,84,0
2,台北市,2023-02,2023,0.0242952287937318,64.5,-0.55,149638846,154092960259,2468,275310531,2023,2,0.8660254037844386,0.5000000000000001,0.024753166504223,0.0122014481834901,0.0128267014656738,84,1
2,台北市,2023-02,2023,0.0242952287937318,64.5,-0.55,149638846,154092960259,46415,92499158,2023,2,0.8660254037844386,0.5000000000000001,0.024753166504223,0.0122014481834901,0.0128267014656738,86,0
2,台北市,2023-02,2023,0.0242952287937318,64.5,-0.55,149638846,154092960259,25220,2390977841,2023,2,0.8660254037844386,0.5000000000000001,0.024753166504223,0.0122014481834901,0.0128267014656738,86,1
2,台北市,2023-02,2023,0.0242952287937318,64.5,-0.55,149638846,154092960259,102238,87153463,2023,2,0.8660254037844386,0.5000000000000001,0.024753166504223,0.0122014481834901,0.0128267014656738,87,1
2,台北市,2023-02,2023,0.0242952287937318,64.5,-0.55,149638846,154092960259,163799,190980648,2023,2,0.8660254037844386,0.5000000000000001,0.024753166504223,0.0122014481834901,0.0128267014656738,87,0
2,台北市,2023-02,2023,0.0242952287937318,64.5,-0.55,149638846,154092960259,35521055,21957331780,2023,2,0.8660254037844386,0.5000000000000001,0.024753166504223,0.0122014481834901,0.0128267014656738,88,0
2,台北市,2023-02,2023,0.0242952287937318,64.5,-0.55,149638846,154092960259,28281253,20938253804,2023,2,0.8660254037844386,0.5000000000000001,0.024753166504223,0.0122014481834901,0.0128267014656738,88,1
2,台北市,2023-02,2023,0.0242952287937318,64.5,-0.55,149638846,154092960259,103765,504574926,2023,2,0.8660254037844386,0.5000000000000001,0.024753166504223,0.0122014481834901,0.0128267014656738,89,1
2,台北市,2023-02,2023,0.0242952287937318,64.5,-0.55,149638846,154092960259,16436526,12014831438,2023,2,0.8660254037844386,0.5000000000000001,0.024753166504223,0.0122014481834901,0.0128267014656738,89,0
2,台北市,2023-02,2023,0.0242952287937318,64.5,-0.55,149638846,154092960259,739825,1261545333,2023,2,0.8660254037844386,0.5000000000000001,0.024753166504223,0.0122014481834901,0.0128267014656738,90,0
2,台北市,2023-02,2023,0.0242952287937318,64.5,-0.55,149638846,154092960259,17683,28996771,2023,2,0.8660254037844386,0.5000000000000001,0.024753166504223,0.0122014481834901,0.0128267014656738,90,1
2,台北市,2023-02,2023,0.0242952287937318,64.5,-0.55,149638846,154092960259,5162,456283353,2023,2,0.8660254037844386,0.5000000000000001,0.024753166504223,0.0122014481834901,0.0128267014656738,91,1
2,台北市,2023-02,2023,0.0242952287937318,64.5,-0.55,149638846,154092960259,5926,12764687,2023,2,0.8660254037844386,0.5000000000000001,0.024753166504223,0.0122014481834901,0.0128267014656738,91,0
2,台北市,2023-02,2023,0.0242952287937318,64.5,-0.55,149638846,154092960259,47152,60831127,2023,2,0.8660254037844386,0.5000000000000001,0.024753166504223,0.0122014481834901,0.0128267014656738,93,0
2,台北市,2023-02,2023,0.0242952287937318,64.5,-0.55,149638846,154092960259,1489,237543892,2023,2,0.8660254037844386,0.5000000000000001,0.024753166504223,0.0122014481834901,0.0128267014656738,93,1
2,台北市,2023-02,2023,0.0242952287937318,64.5,-0.55,149638846,154092960259,4210,340846610,2023,2,0.8660254037844386,0.5000000000000001,0.024753166504223,0.0122014481834901,0.0128267014656738,94,1
2,台北市,2023-02,2023,0.0242952287937318,64.5,-0.55,149638846,154092960259,21416,41603335,2023,2,0.8660254037844386,0.5000000000000001,0.024753166504223,0.0122014481834901,0.0128267014656738,94,0
2,台北市,2023-02,2023,0.0242952287937318,64.5,-0.55,149638846,154092960259,933178,397086753,2023,2,0.8660254037844386,0.5000000000000001,0.024753166504223,0.0122014481834901,0.0128267014656738,95,0
2,台北市,2023-02,2023,0.0242952287937318,64.5,-0.55,149638846,154092960259,71492,405200165,2023,2,0.8660254037844386,0.5000000000000001,0.024753166504223,0.0122014481834901,0.0128267014656738,95,1
2,台北市,2023-02,2023,0.0242952287937318,64.5,-0.55,149638846,154092960259,142,774321,2023,2,0.8660254037844386,0.5000000000000001,0.024753166504223,0.0122014481834901,0.0128267014656738,97,0
2,台北市,2023-02,2023,0.0242952287937318,64.5,-0.55,149638846,154092960259,5654,364841439,2023,2,0.8660254037844386,0.5000000000000001,0.024753166504223,0.0122014481834901,0.0128267014656738,97,1
2,台北市,2023-02,2023,0.0242952287937318,64.5,-0.55,149638846,154092960259,304436,114081228,2023,2,0.8660254037844386,0.5000000000000001,0.024753166504223,0.0122014481834901,0.0128267014656738,98,0
2,台北市,2023-02,2023,0.0242952287937318,64.5,-0.55,149638846,154092960259,547170,389549928,2023,2,0.8660254037844386,0.5000000000000001,0.024753166504223,0.0122014481834901,0.0128267014656738,98,1
2,台北市,2023-02,2023,0.0242952287937318,64.5,-0.55,149638846,154092960259,12958,2150812,2023,2,0.8660254037844386,0.5000000000000001,0.024753166504223,0.0122014481834901,0.0128267014656738,100,0
2,台北市,2023-02,2023,0.0242952287937318,64.5,-0.55,149638846,154092960259,13770,7820494,2023,2,0.8660254037844386,0.5000000000000001,0.024753166504223,0.0122014481834901,0.0128267014656738,100,1
2,台北市,2023-02,2023,0.0242952287937318,64.5,-0.55,149638846,154092960259,9658853,4340881640,2023,2,0.8660254037844386,0.5000000000000001,0.024753166504223,0.0122014481834901,0.0128267014656738,101,1
2,台北市,2023-02,2023,0.0242952287937318,64.5,-0.55,149638846,154092960259,6769232,2314254751,2023,2,0.8660254037844386,0.5000000000000001,0.024753166504223,0.0122014481834901,0.0128267014656738,101,0
2,台北市,2023-03,2023,0.024630714680274,64.5,-0.55,168243555,184172920014,56966,214369887,2023,3,1.0,6.123233995736766e-17,0.0242952287937318,0.024753166504223,0.0122014481834901,0,0
2,台北市,2023-03,2023,0.024630714680274,64.5,-0.55,168243555,184172920014,106030,3754031422,2023,3,1.0,6.123233995736766e-17,0.0242952287937318,0.024753166504223,0.0122014481834901,0,1
2,台北市,2023-03,2023,0.024630714680274,64.5,-0.55,168243555,184172920014,451151,515618834,2023,3,1.0,6.123233995736766e-17,0.0242952287937318,0.024753166504223,0.0122014481834901,1,0
2,台北市,2023-03,2023,0.024630714680274,64.5,-0.55,168243555,184172920014,519039,7002107042,2023,3,1.0,6.123233995736766e-17,0.0242952287937318,0.024753166504223,0.0122014481834901,1,1
2,台北市,2023-03,2023,0.024630714680274,64.5,-0.55,168243555,184172920014,225397,260129497,2023,3,1.0,6.123233995736766e-17,0.0242952287937318,0.024753166504223,0.0122014481834901,2,1
2,台北市,2023-03,2023,0.024630714680274,64.5,-0.55,168243555,184172920014,15224,5832505,2023,3,1.0,6.123233995736766e-17,0.0242952287937318,0.024753166504223,0.0122014481834901,2,0
2,台北市,2023-03,2023,0.024630714680274,64.5,-0.55,168243555,184172920014,86287,542877676,2023,3,1.0,6.123233995736766e-17,0.0242952287937318,0.024753166504223,0.0122014481834901,3,1
2,台北市,2023-03,2023,0.024630714680274,64.5,-0.55,168243555,184172920014,109867,164455024,2023,3,1.0,6.123233995736766e-17,0.0242952287937318,0.024753166504223,0.0122014481834901,3,0
2,台北市,2023-03,2023,0.024630714680274,64.5,-0.55,168243555,184172920014,277956,1461648214,2023,3,1.0,6.123233995736766e-17,0.0242952287937318,0.024753166504223,0.0122014481834901,5,1
2,台北市,2023-03,2023,0.024630714680274,64.5,-0.55,168243555,184172920014,44809,102981747,2023,3,1.0,6.123233995736766e-17,0.0242952287937318,0.024753166504223,0.0122014481834901,5,0
2,台北市,2023-03,2023,0.024630714680274,64.5,-0.55,168243555,184172920014,1465,65210285,2023,3,1.0,6.123233995736766e-17,0.0242952287937318,0.024753166504223,0.0122014481834901,6,1
2,台北市,2023-03,2023,0.024630714680274,64.5,-0.55,168243555,184172920014,1793,13397442,2023,3,1.0,6.123233995736766e-17,0.0242952287937318,0.024753166504223,0.0122014481834901,6,0
2,台北市,2023-03,2023,0.024630714680274,64.5,-0.55,168243555,184172920014,7198,382259356,2023,3,1.0,6.123233995736766e-17,0.0242952287937318,0.024753166504223,0.0122014481834901,7,1
2,台北市,2023-03,2023,0.024630714680274,64.5,-0.55,168243555,184172920014,9502,11960262,2023,3,1.0,6.123233995736766e-17,0.0242952287937318,0.024753166504223,0.0122014481834901,7,0
2,台北市,2023-03,2023,0.024630714680274,64.5,-0.55,168243555,184172920014,10322,80790129,2023,3,1.0,6.123233995736766e-17,0.0242952287937318,0.024753166504223,0.0122014481834901,8,1
2,台北市,2023-03,2023,0.024630714680274,64.5,-0.55,168243555,184172920014,3365,17224031,2023,3,1.0,6.123233995736766e-17,0.0242952287937318,0.024753166504223,0.0122014481834901,8,0
2,台北市,2023-03,2023,0.024630714680274,64.5,-0.55,168243555,184172920014,29405,761004540,2023,3,1.0,6.123233995736766e-17,0.0242952287937318,0.024753166504223,0.0122014481834901,9,1
2,台北市,2023-03,2023,0.024630714680274,64.5,-0.55,168243555,184172920014,8491,31834293,2023,3,1.0,6.123233995736766e-17,0.0242952287937318,0.024753166504223,0.0122014481834901,9,0
2,台北市,2023-03,2023,0.024630714680274,64.5,-0.55,168243555,184172920014,2884,6194377,2023,3,1.0,6.123233995736766e-17,0.0242952287937318,0.024753166504223,0.0122014481834901,12,0
2,台北市,2023-03,2023,0.024630714680274,64.5,-0.55,168243555,184172920014,4705,332591692,2023,3,1.0,6.123233995736766e-17,0.0242952287937318,0.024753166504223,0.0122014481834901,12,1
2,台北市,2023-03,2023,0.024630714680274,64.5,-0.55,168243555,184172920014,13836,30391515,2023,3,1.0,6.123233995736766e-17,0.0242952287937318,0.024753166504223,0.0122014481834901,13,0
2,台北市,2023-03,2023,0.024630714680274,64.5,-0.55,168243555,184172920014,8295,88524218,2023,3,1.0,6.123233995736766e-17,0.0242952287937318,0.024753166504223,0.0122014481834901,13,1
2,台北市,2023-03,2023,0.024630714680274,64.5,-0.55,168243555,184172920014,7513,2174051,2023,3,1.0,6.123233995736766e-17,0.0242952287937318,0.024753166504223,0.0122014481834901,14,1
2,台北市,2023-03,2023,0.024630714680274,64.5,-0.55,168243555,184172920014,1410,395262,2023,3,1.0,6.123233995736766e-17,0.0242952287937318,0.024753166504223,0.0122014481834901,14,0
2,台北市,2023-03,2023,0.024630714680274,64.5,-0.55,168243555,184172920014,1673,11441820,2023,3,1.0,6.123233995736766e-17,0.0242952287937318,0.024753166504223,0.0122014481834901,15,1
2,台北市,2023-03,2023,0.024630714680274,64.5,-0.55,168243555,184172920014,599,5232497,2023,3,1.0,6.123233995736766e-17,0.0242952287937318,0.024753166504223,0.0122014481834901,15,0
2,台北市,2023-03,2023,0.024630714680274,64.5,-0.55,168243555,184172920014,1091,45300985,2023,3,1.0,6.123233995736766e-17,0.0242952287937318,0.024753166504223,0.0122014481834901,16,1
2,台北市,2023-03,2023,0.024630714680274,64.5,-0.55,168243555,184172920014,1026,1527892,2023,3,1.0,6.123233995736766e-17,0.0242952287937318,0.024753166504223,0.0122014481834901,16,0
2,台北市,2023-03,2023,0.024630714680274,64.5,-0.55,168243555,184172920014,44437,123500007,2023,3,1.0,6.123233995736766e-17,0.0242952287937318,0.024753166504223,0.0122014481834901,17,1
2,台北市,2023-03,2023,0.024630714680274,64.5,-0.55,168243555,184172920014,116023,163744585,2023,3,1.0,6.123233995736766e-17,0.0242952287937318,0.024753166504223,0.0122014481834901,17,0
2,台北市,2023-03,2023,0.024630714680274,64.5,-0.55,168243555,184172920014,28901,19105947,2023,3,1.0,6.123233995736766e-17,0.0242952287937318,0.024753166504223,0.0122014481834901,18,0
2,台北市,2023-03,2023,0.024630714680274,64.5,-0.55,168243555,184172920014,20344,103363163,2023,3,1.0,6.123233995736766e-17,0.0242952287937318,0.024753166504223,0.0122014481834901,18,1
2,台北市,2023-03,2023,0.024630714680274,64.5,-0.55,168243555,184172920014,1397,1891275,2023,3,1.0,6.123233995736766e-17,0.0242952287937318,0.024753166504223,0.0122014481834901,19,0
2,台北市,2023-03,2023,0.024630714680274,64.5,-0.55,168243555,184172920014,677,401802880,2023,3,1.0,6.123233995736766e-17,0.0242952287937318,0.024753166504223,0.0122014481834901,19,1
2,台北市,2023-03,2023,0.024630714680274,64.5,-0.55,168243555,184172920014,2,470210158,2023,3,1.0,6.123233995736766e-17,0.0242952287937318,0.024753166504223,0.0122014481834901,20,1
2,台北市,2023-03,2023,0.024630714680274,64.5,-0.55,168243555,184172920014,62796,15699000,2023,3,1.0,6.123233995736766e-17,0.0242952287937318,0.024753166504223,0.0122014481834901,20,0
2,台北市,2023-03,2023,0.024630714680274,64.5,-0.55,168243555,184172920014,7218,29911175,2023,3,1.0,6.123233995736766e-17,0.0242952287937318,0.024753166504223,0.0122014481834901,21,1
2,台北市,2023-03,2023,0.024630714680274,64.5,-0.55,168243555,184172920014,5763,13433962,2023,3,1.0,6.123233995736766e-17,0.0242952287937318,0.024753166504223,0.0122014481834901,21,0
2,台北市,2023-03,2023,0.024630714680274,64.5,-0.55,168243555,184172920014,2721,556390,2023,3,1.0,6.123233995736766e-17,0.0242952287937318,0.024753166504223,0.0122014481834901,22,0
2,台北市,2023-03,2023,0.024630714680274,64.5,-0.55,168243555,184172920014,5188,1226585,2023,3,1.0,6.123233995736766e-17,0.0242952287937318,0.024753166504223,0.0122014481834901,22,1
2,台北市,2023-03,2023,0.024630714680274,64.5,-0.55,168243555,184172920014,1467,193612734,2023,3,1.0,6.123233995736766e-17,0.0242952287937318,0.024753166504223,0.0122014481834901,23,1
2,台北市,2023-03,2023,0.024630714680274,64.5,-0.55,168243555,184172920014,97,72376,2023,3,1.0,6.123233995736766e-17,0.0242952287937318,0.024753166504223,0.0122014481834901,23,0
2,台北市,2023-03,2023,0.024630714680274,64.5,-0.55,168243555,184172920014,148,254512034,2023,3,1.0,6.123233995736766e-17,0.0242952287937318,0.024753166504223,0.0122014481834901,24,1
2,台北市,2023-03,2023,0.024630714680274,64.5,-0.55,168243555,184172920014,252,496296,2023,3,1.0,6.123233995736766e-17,0.0242952287937318,0.024753166504223,0.0122014481834901,25,0
2,台北市,2023-03,2023,0.024630714680274,64.5,-0.55,168243555,184172920014,1104,307075474,2023,3,1.0,6.123233995736766e-17,0.0242952287937318,0.024753166504223,0.0122014481834901,25,1
2,台北市,2023-03,2023,0.024630714680274,64.5,-0.55,168243555,184172920014,21300,5106659,2023,3,1.0,6.123233995736766e-17,0.0242952287937318,0.024753166504223,0.0122014481834901,26,0
2,台北市,2023-03,2023,0.024630714680274,64.5,-0.55,168243555,184172920014,5940,67275263,2023,3,1.0,6.123233995736766e-17,0.0242952287937318,0.024753166504223,0.0122014481834901,26,1
2,台北市,2023-03,2023,0.024630714680274,64.5,-0.55,168243555,184172920014,4,222593,2023,3,1.0,6.123233995736766e-17,0.0242952287937318,0.024753166504223,0.0122014481834901,27,1
2,台北市,2023-03,2023,0.024630714680274,64.5,-0.55,168243555,184172920014,47,109556,2023,3,1.0,6.123233995736766e-17,0.0242952287937318,0.024753166504223,0.0122014481834901,27,0
2,台北市,2023-03,2023,0.024630714680274,64.5,-0.55,168243555,184172920014,31175,3054561815,2023,3,1.0,6.123233995736766e-17,0.0242952287937318,0.024753166504223,0.0122014481834901,28,1
2,台北市,2023-03,2023,0.024630714680274,64.5,-0.55,168243555,184172920014,52988,157892082,2023,3,1.0,6.123233995736766e-17,0.0242952287937318,0.024753166504223,0.0122014481834901,28,0
2,台北市,2023-03,2023,0.024630714680274,64.5,-0.55,168243555,184172920014,29539,92887315,2023,3,1.0,6.123233995736766e-17,0.0242952287937318,0.024753166504223,0.0122014481834901,30,0
2,台北市,2023-03,2023,0.024630714680274,64.5,-0.55,168243555,184172920014,7901,47898062,2023,3,1.0,6.123233995736766e-17,0.0242952287937318,0.024753166504223,0.0122014481834901,30,1
2,台北市,2023-03,2023,0.024630714680274,64.5,-0.55,168243555,184172920014,876,1098403,2023,3,1.0,6.123233995736766e-17,0.0242952287937318,0.024753166504223,0.0122014481834901,31,1
2,台北市,2023-03,2023,0.024630714680274,64.5,-0.55,168243555,184172920014,654,107438014,2023,3,1.0,6.123233995736766e-17,0.0242952287937318,0.024753166504223,0.0122014481834901,33,1
2,台北市,2023-03,2023,0.024630714680274,64.5,-0.55,168243555,184172920014,23,27940,2023,3,1.0,6.123233995736766e-17,0.0242952287937318,0.024753166504223,0.0122014481834901,33,0
2,台北市,2023-03,2023,0.024630714680274,64.5,-0.55,168243555,184172920014,23,95500,2023,3,1.0,6.123233995736766e-17,0.0242952287937318,0.024753166504223,0.0122014481834901,34,0
2,台北市,2023-03,2023,0.024630714680274,64.5,-0.55,168243555,184172920014,15,65000,2023,3,1.0,6.123233995736766e-17,0.0242952287937318,0.024753166504223,0.0122014481834901,34,1
2,台北市,2023-03,2023,0.024630714680274,64.5,-0.55,168243555,184172920014,105287,280845158,2023,3,1.0,6.123233995736766e-17,0.0242952287937318,0.024753166504223,0.0122014481834901,36,1
2,台北市,2023-03,2023,0.024630714680274,64.5,-0.55,168243555,184172920014,119828,102335881,2023,3,1.0,6.123233995736766e-17,0.0242952287937318,0.024753166504223,0.0122014481834901,36,0
2,台北市,2023-03,2023,0.024630714680274,64.5,-0.55,168243555,184172920014,202333,307321638,2023,3,1.0,6.123233995736766e-17,0.0242952287937318,0.024753166504223,0.0122014481834901,37,0
2,台北市,2023-03,2023,0.024630714680274,64.5,-0.55,168243555,184172920014,11406,135958168,2023,3,1.0,6.123233995736766e-17,0.0242952287937318,0.024753166504223,0.0122014481834901,37,1
2,台北市,2023-03,2023,0.024630714680274,64.5,-0.55,168243555,184172920014,3460,35559721,2023,3,1.0,6.123233995736766e-17,0.0242952287937318,0.024753166504223,0.0122014481834901,38,1
2,台北市,2023-03,2023,0.024630714680274,64.5,-0.55,168243555,184172920014,2007,7165852,2023,3,1.0,6.123233995736766e-17,0.0242952287937318,0.024753166504223,0.0122014481834901,38,0
2,台北市,2023-03,2023,0.024630714680274,64.5,-0.55,168243555,184172920014,17949,1346384429,2023,3,1.0,6.123233995736766e-17,0.0242952287937318,0.024753166504223,0.0122014481834901,39,1
2,台北市,2023-03,2023,0.024630714680274,64.5,-0.55,168243555,184172920014,1579,105282950,2023,3,1.0,6.123233995736766e-17,0.0242952287937318,0.024753166504223,0.0122014481834901,39,0
2,台北市,2023-03,2023,0.024630714680274,64.5,-0.55,168243555,184172920014,4963,43631453,2023,3,1.0,6.123233995736766e-17,0.0242952287937318,0.024753166504223,0.0122014481834901,40,1
2,台北市,2023-03,2023,0.024630714680274,64.5,-0.55,168243555,184172920014,1302,4945647,2023,3,1.0,6.123233995736766e-17,0.0242952287937318,0.024753166504223,0.0122014481834901,40,0
2,台北市,2023-03,2023,0.024630714680274,64.5,-0.55,168243555,184172920014,396493,928863966,2023,3,1.0,6.123233995736766e-17,0.0242952287937318,0.024753166504223,0.0122014481834901,41,1
2,台北市,2023-03,2023,0.024630714680274,64.5,-0.55,168243555,184172920014,4234995,7718532883,2023,3,1.0,6.123233995736766e-17,0.0242952287937318,0.024753166504223,0.0122014481834901,41,0
2,台北市,2023-03,2023,0.024630714680274,64.5,-0.55,168243555,184172920014,2911,290485981,2023,3,1.0,6.123233995736766e-17,0.0242952287937318,0.024753166504223,0.0122014481834901,43,1
2,台北市,2023-03,2023,0.024630714680274,64.5,-0.55,168243555,184172920014,15701,22058437,2023,3,1.0,6.123233995736766e-17,0.0242952287937318,0.024753166504223,0.0122014481834901,43,0
2,台北市,2023-03,2023,0.024630714680274,64.5,-0.55,168243555,184172920014,5699304,7166329890,2023,3,1.0,6.123233995736766e-17,0.0242952287937318,0.024753166504223,0.0122014481834901,44,0
2,台北市,2023-03,2023,0.024630714680274,64.5,-0.55,168243555,184172920014,3724449,33033089981,2023,3,1.0,6.123233995736766e-17,0.0242952287937318,0.024753166504223,0.0122014481834901,44,1
2,台北市,2023-03,2023,0.024630714680274,64.5,-0.55,168243555,184172920014,37592,204748848,2023,3,1.0,6.123233995736766e-17,0.0242952287937318,0.024753166504223,0.0122014481834901,46,1
2,台北市,2023-03,2023,0.024630714680274,64.5,-0.55,168243555,184172920014,25195,129688043,2023,3,1.0,6.123233995736766e-17,0.0242952287937318,0.024753166504223,0.0122014481834901,46,0
2,台北市,2023-03,2023,0.024630714680274,64.5,-0.55,168243555,184172920014,1443,106919447,2023,3,1.0,6.123233995736766e-17,0.0242952287937318,0.024753166504223,0.0122014481834901,48,1
2,台北市,2023-03,2023,0.024630714680274,64.5,-0.55,168243555,184172920014,911,3602360,2023,3,1.0,6.123233995736766e-17,0.0242952287937318,0.024753166504223,0.0122014481834901,48,0
2,台北市,2023-03,2023,0.024630714680274,64.5,-0.55,168243555,184172920014,120104,486501326,2023,3,1.0,6.123233995736766e-17,0.0242952287937318,0.024753166504223,0.0122014481834901,50,0
2,台北市,2023-03,2023,0.024630714680274,64.5,-0.55,168243555,184172920014,53766,545794220,2023,3,1.0,6.123233995736766e-17,0.0242952287937318,0.024753166504223,0.0122014481834901,50,1
2,台北市,2023-03,2023,0.024630714680274,64.5,-0.55,168243555,184172920014,1,999,2023,3,1.0,6.123233995736766e-17,0.0242952287937318,0.024753166504223,0.0122014481834901,51,0
2,台北市,2023-03,2023,0.024630714680274,64.5,-0.55,168243555,184172920014,21102,6327161,2023,3,1.0,6.123233995736766e-17,0.0242952287937318,0.024753166504223,0.0122014481834901,52,0
2,台北市,2023-03,2023,0.024630714680274,64.5,-0.55,168243555,184172920014,29378,315247580,2023,3,1.0,6.123233995736766e-17,0.0242952287937318,0.024753166504223,0.0122014481834901,52,1
2,台北市,2023-03,2023,0.024630714680274,64.5,-0.55,168243555,184172920014,5,8600,2023,3,1.0,6.123233995736766e-17,0.0242952287937318,0.024753166504223,0.0122014481834901,53,0
2,台北市,2023-03,2023,0.024630714680274,64.5,-0.55,168243555,184172920014,2909,13465218,2023,3,1.0,6.123233995736766e-17,0.0242952287937318,0.024753166504223,0.0122014481834901,53,1
2,台北市,2023-03,2023,0.024630714680274,64.5,-0.55,168243555,184172920014,1851,2416890227,2023,3,1.0,6.123233995736766e-17,0.0242952287937318,0.024753166504223,0.0122014481834901,54,1
2,台北市,2023-03,2023,0.024630714680274,64.5,-0.55,168243555,184172920014,343,2906985,2023,3,1.0,6.123233995736766e-17,0.0242952287937318,0.024753166504223,0.0122014481834901,56,0
2,台北市,2023-03,2023,0.024630714680274,64.5,-0.55,168243555,184172920014,185,51203536,2023,3,1.0,6.123233995736766e-17,0.0242952287937318,0.024753166504223,0.0122014481834901,56,1
2,台北市,2023-03,2023,0.024630714680274,64.5,-0.55,168243555,184172920014,110,1055077,2023,3,1.0,6.123233995736766e-17,0.0242952287937318,0.024753166504223,0.0122014481834901,57,1
2,台北市,2023-03,2023,0.024630714680274,64.5,-0.55,168243555,184172920014,2908,548961,2023,3,1.0,6.123233995736766e-17,0.0242952287937318,0.024753166504223,0.0122014481834901,58,0
2,台北市,2023-03,2023,0.024630714680274,64.5,-0.55,168243555,184172920014,3587,71377765,2023,3,1.0,6.123233995736766e-17,0.0242952287937318,0.024753166504223,0.0122014481834901,58,1
2,台北市,2023-03,2023,0.024630714680274,64.5,-0.55,168243555,184172920014,235,1357920,2023,3,1.0,6.123233995736766e-17,0.0242952287937318,0.024753166504223,0.0122014481834901,59,0
2,台北市,2023-03,2023,0.024630714680274,64.5,-0.55,168243555,184172920014,98,16268900,2023,3,1.0,6.123233995736766e-17,0.0242952287937318,0.024753166504223,0.0122014481834901,59,1
2,台北市,2023-03,2023,0.024630714680274,64.5,-0.55,168243555,184172920014,851612,373580949,2023,3,1.0,6.123233995736766e-17,0.0242952287937318,0.024753166504223,0.0122014481834901,60,0
2,台北市,2023-03,2023,0.024630714680274,64.5,-0.55,168243555,184172920014,29,1863122,2023,3,1.0,6.123233995736766e-17,0.0242952287937318,0.024753166504223,0.0122014481834901,60,1
2,台北市,2023-03,2023,0.024630714680274,64.5,-0.55,168243555,184172920014,268,1666219,2023,3,1.0,6.123233995736766e-17,0.0242952287937318,0.024753166504223,0.0122014481834901,61,0
2,台北市,2023-03,2023,0.024630714680274,64.5,-0.55,168243555,184172920014,887,3759849,2023,3,1.0,6.123233995736766e-17,0.0242952287937318,0.024753166504223,0.0122014481834901,61,1
2,台北市,2023-03,2023,0.024630714680274,64.5,-0.55,168243555,184172920014,1,230,2023,3,1.0,6.123233995736766e-17,0.0242952287937318,0.024753166504223,0.0122014481834901,62,1
2,台北市,2023-03,2023,0.024630714680274,64.5,-0.55,168243555,184172920014,49155,14556155,2023,3,1.0,6.123233995736766e-17,0.0242952287937318,0.024753166504223,0.0122014481834901,63,0
2,台北市,2023-03,2023,0.024630714680274,64.5,-0.55,168243555,184172920014,104612,63337516,2023,3,1.0,6.123233995736766e-17,0.0242952287937318,0.024753166504223,0.0122014481834901,63,1
2,台北市,2023-03,2023,0.024630714680274,64.5,-0.55,168243555,184172920014,1,13,2023,3,1.0,6.123233995736766e-17,0.0242952287937318,0.024753166504223,0.0122014481834901,65,1
2,台北市,2023-03,2023,0.024630714680274,64.5,-0.55,168243555,184172920014,721,81296709,2023,3,1.0,6.123233995736766e-17,0.0242952287937318,0.024753166504223,0.0122014481834901,66,1
2,台北市,2023-03,2023,0.024630714680274,64.5,-0.55,168243555,184172920014,1486,2620140,2023,3,1.0,6.123233995736766e-17,0.0242952287937318,0.024753166504223,0.0122014481834901,66,0
2,台北市,2023-03,2023,0.024630714680274,64.5,-0.55,168243555,184172920014,847604,584736049,2023,3,1.0,6.123233995736766e-17,0.0242952287937318,0.024753166504223,0.0122014481834901,67,0
2,台北市,2023-03,2023,0.024630714680274,64.5,-0.55,168243555,184172920014,87671,6125875965,2023,3,1.0,6.123233995736766e-17,0.0242952287937318,0.024753166504223,0.0122014481834901,67,1
2,台北市,2023-03,2023,0.024630714680274,64.5,-0.55,168243555,184172920014,1438,2969066,2023,3,1.0,6.123233995736766e-17,0.0242952287937318,0.024753166504223,0.0122014481834901,68,0
2,台北市,2023-03,2023,0.024630714680274,64.5,-0.55,168243555,184172920014,447,1941468,2023,3,1.0,6.123233995736766e-17,0.0242952287937318,0.024753166504223,0.0122014481834901,68,1
2,台北市,2023-03,2023,0.024630714680274,64.5,-0.55,168243555,184172920014,1685,3606976,2023,3,1.0,6.123233995736766e-17,0.0242952287937318,0.024753166504223,0.0122014481834901,69,0
2,台北市,2023-03,2023,0.024630714680274,64.5,-0.55,168243555,184172920014,1094,27983053,2023,3,1.0,6.123233995736766e-17,0.0242952287937318,0.024753166504223,0.0122014481834901,69,1
2,台北市,2023-03,2023,0.024630714680274,64.5,-0.55,168243555,184172920014,11359,10653596,2023,3,1.0,6.123233995736766e-17,0.0242952287937318,0.024753166504223,0.0122014481834901,70,1
2,台北市,2023-03,2023,0.024630714680274,64.5,-0.55,168243555,184172920014,5030,9290250,2023,3,1.0,6.123233995736766e-17,0.0242952287937318,0.024753166504223,0.0122014481834901,70,0
2,台北市,2023-03,2023,0.024630714680274,64.5,-0.55,168243555,184172920014,10,23581,2023,3,1.0,6.123233995736766e-17,0.0242952287937318,0.024753166504223,0.0122014481834901,71,1
2,台北市,2023-03,2023,0.024630714680274,64.5,-0.55,168243555,184172920014,13247,265084452,2023,3,1.0,6.123233995736766e-17,0.0242952287937318,0.024753166504223,0.0122014481834901,72,1
2,台北市,2023-03,2023,0.024630714680274,64.5,-0.55,168243555,184172920014,418,24765623,2023,3,1.0,6.123233995736766e-17,0.0242952287937318,0.024753166504223,0.0122014481834901,72,0
2,台北市,2023-03,2023,0.024630714680274,64.5,-0.55,168243555,184172920014,27877,78774816,2023,3,1.0,6.123233995736766e-17,0.0242952287937318,0.024753166504223,0.0122014481834901,73,1
2,台北市,2023-03,2023,0.024630714680274,64.5,-0.55,168243555,184172920014,20117,29120551,2023,3,1.0,6.123233995736766e-17,0.0242952287937318,0.024753166504223,0.0122014481834901,73,0
2,台北市,2023-03,2023,0.024630714680274,64.5,-0.55,168243555,184172920014,869034,654127518,2023,3,1.0,6.123233995736766e-17,0.0242952287937318,0.024753166504223,0.0122014481834901,75,0
2,台北市,2023-03,2023,0.024630714680274,64.5,-0.55,168243555,184172920014,153710,805725933,2023,3,1.0,6.123233995736766e-17,0.0242952287937318,0.024753166504223,0.0122014481834901,75,1
2,台北市,2023-03,2023,0.024630714680274,64.5,-0.55,168243555,184172920014,541307,841429677,2023,3,1.0,6.123233995736766e-17,0.0242952287937318,0.024753166504223,0.0122014481834901,77,1
2,台北市,2023-03,2023,0.024630714680274,64.5,-0.55,168243555,184172920014,30236973,13719509004,2023,3,1.0,6.123233995736766e-17,0.0242952287937318,0.024753166504223,0.0122014481834901,77,0
2,台北市,2023-03,2023,0.024630714680274,64.5,-0.55,168243555,184172920014,8186,14022750,2023,3,1.0,6.123233995736766e-17,0.0242952287937318,0.024753166504223,0.0122014481834901,78,0
2,台北市,2023-03,2023,0.024630714680274,64.5,-0.55,168243555,184172920014,2543,132194129,2023,3,1.0,6.123233995736766e-17,0.0242952287937318,0.024753166504223,0.0122014481834901,78,1
2,台北市,2023-03,2023,0.024630714680274,64.5,-0.55,168243555,184172920014,264191,286867207,2023,3,1.0,6.123233995736766e-17,0.0242952287937318,0.024753166504223,0.0122014481834901,79,0
2,台北市,2023-03,2023,0.024630714680274,64.5,-0.55,168243555,184172920014,291779,394462716,2023,3,1.0,6.123233995736766e-17,0.0242952287937318,0.024753166504223,0.0122014481834901,79,1
2,台北市,2023-03,2023,0.024630714680274,64.5,-0.55,168243555,184172920014,1386768,281182315,2023,3,1.0,6.123233995736766e-17,0.0242952287937318,0.024753166504223,0.0122014481834901,80,0
2,台北市,2023-03,2023,0.024630714680274,64.5,-0.55,168243555,184172920014,2080518,3512740012,2023,3,1.0,6.123233995736766e-17,0.0242952287937318,0.024753166504223,0.0122014481834901,80,1
2,台北市,2023-03,2023,0.024630714680274,64.5,-0.55,168243555,184172920014,4144,3039274,2023,3,1.0,6.123233995736766e-17,0.0242952287937318,0.024753166504223,0.0122014481834901,81,0
2,台北市,2023-03,2023,0.024630714680274,64.5,-0.55,168243555,184172920014,7710,4485878,2023,3,1.0,6.123233995736766e-17,0.0242952287937318,0.024753166504223,0.0122014481834901,81,1
2,台北市,2023-03,2023,0.024630714680274,64.5,-0.55,168243555,184172920014,3801,65334126,2023,3,1.0,6.123233995736766e-17,0.0242952287937318,0.024753166504223,0.0122014481834901,83,1
2,台北市,2023-03,2023,0.024630714680274,64.5,-0.55,168243555,184172920014,10479,59462179,2023,3,1.0,6.123233995736766e-17,0.0242952287937318,0.024753166504223,0.0122014481834901,83,0
2,台北市,2023-03,2023,0.024630714680274,64.5,-0.55,168243555,184172920014,162,195471,2023,3,1.0,6.123233995736766e-17,0.0242952287937318,0.024753166504223,0.0122014481834901,84,0
2,台北市,2023-03,2023,0.024630714680274,64.5,-0.55,168243555,184172920014,1628,253034155,2023,3,1.0,6.123233995736766e-17,0.0242952287937318,0.024753166504223,0.0122014481834901,84,1
2,台北市,2023-03,2023,0.024630714680274,64.5,-0.55,168243555,184172920014,62552,118821715,2023,3,1.0,6.123233995736766e-17,0.0242952287937318,0.024753166504223,0.0122014481834901,86,0
2,台北市,2023-03,2023,0.024630714680274,64.5,-0.55,168243555,184172920014,32316,3354016101,2023,3,1.0,6.123233995736766e-17,0.0242952287937318,0.024753166504223,0.0122014481834901,86,1
2,台北市,2023-03,2023,0.024630714680274,64.5,-0.55,168243555,184172920014,110592,112747748,2023,3,1.0,6.123233995736766e-17,0.0242952287937318,0.024753166504223,0.0122014481834901,87,1
2,台北市,2023-03,2023,0.024630714680274,64.5,-0.55,168243555,184172920014,181107,202806348,2023,3,1.0,6.123233995736766e-17,0.0242952287937318,0.024753166504223,0.0122014481834901,87,0
2,台北市,2023-03,2023,0.024630714680274,64.5,-0.55,168243555,184172920014,41321812,24613838022,2023,3,1.0,6.123233995736766e-17,0.0242952287937318,0.024753166504223,0.0122014481834901,88,0
2,台北市,2023-03,2023,0.024630714680274,64.5,-0.55,168243555,184172920014,32108043,24321919095,2023,3,1.0,6.123233995736766e-17,0.0242952287937318,0.024753166504223,0.0122014481834901,88,1
2,台北市,2023-03,2023,0.024630714680274,64.5,-0.55,168243555,184172920014,108027,487486565,2023,3,1.0,6.123233995736766e-17,0.0242952287937318,0.024753166504223,0.0122014481834901,89,1
2,台北市,2023-03,2023,0.024630714680274,64.5,-0.55,168243555,184172920014,17462478,12832444972,2023,3,1.0,6.123233995736766e-17,0.0242952287937318,0.024753166504223,0.0122014481834901,89,0
2,台北市,2023-03,2023,0.024630714680274,64.5,-0.55,168243555,184172920014,872021,1454006067,2023,3,1.0,6.123233995736766e-17,0.0242952287937318,0.024753166504223,0.0122014481834901,90,0
2,台北市,2023-03,2023,0.024630714680274,64.5,-0.55,168243555,184172920014,21178,23266076,2023,3,1.0,6.123233995736766e-17,0.0242952287937318,0.024753166504223,0.0122014481834901,90,1
2,台北市,2023-03,2023,0.024630714680274,64.5,-0.55,168243555,184172920014,4689,468937908,2023,3,1.0,6.123233995736766e-17,0.0242952287937318,0.024753166504223,0.0122014481834901,91,1
2,台北市,2023-03,2023,0.024630714680274,64.5,-0.55,168243555,184172920014,11330,13072546,2023,3,1.0,6.123233995736766e-17,0.0242952287937318,0.024753166504223,0.0122014481834901,91,0
2,台北市,2023-03,2023,0.024630714680274,64.5,-0.55,168243555,184172920014,38917,47129493,2023,3,1.0,6.123233995736766e-17,0.0242952287937318,0.024753166504223,0.0122014481834901,93,0
2,台北市,2023-03,2023,0.024630714680274,64.5,-0.55,168243555,184172920014,1347,326941562,2023,3,1.0,6.123233995736766e-17,0.0242952287937318,0.024753166504223,0.0122014481834901,93,1
2,台北市,2023-03,2023,0.024630714680274,64.5,-0.55,168243555,184172920014,22360,45176578,2023,3,1.0,6.123233995736766e-17,0.0242952287937318,0.024753166504223,0.0122014481834901,94,0
2,台北市,2023-03,2023,0.024630714680274,64.5,-0.55,168243555,184172920014,4487,584376775,2023,3,1.0,6.123233995736766e-17,0.0242952287937318,0.024753166504223,0.0122014481834901,94,1
2,台北市,2023-03,2023,0.024630714680274,64.5,-0.55,168243555,184172920014,81459,528694107,2023,3,1.0,6.123233995736766e-17,0.0242952287937318,0.024753166504223,0.0122014481834901,95,1
2,台北市,2023-03,2023,0.024630714680274,64.5,-0.55,168243555,184172920014,998304,438381207,2023,3,1.0,6.123233995736766e-17,0.0242952287937318,0.024753166504223,0.0122014481834901,95,0
2,台北市,2023-03,2023,0.024630714680274,64.5,-0.55,168243555,184172920014,146,603039,2023,3,1.0,6.123233995736766e-17,0.0242952287937318,0.024753166504223,0.0122014481834901,97,0
2,台北市,2023-03,2023,0.024630714680274,64.5,-0.55,168243555,184172920014,5101,492236147,2023,3,1.0,6.123233995736766e-17,0.0242952287937318,0.024753166504223,0.0122014481834901,97,1
2,台北市,2023-03,2023,0.024630714680274,64.5,-0.55,168243555,184172920014,626634,488348620,2023,3,1.0,6.123233995736766e-17,0.0242952287937318,0.024753166504223,0.0122014481834901,98,1
2,台北市,2023-03,2023,0.024630714680274,64.5,-0.55,168243555,184172920014,364902,137245778,2023,3,1.0,6.123233995736766e-17,0.0242952287937318,0.024753166504223,0.0122014481834901,98,0
2,台北市,2023-03,2023,0.024630714680274,64.5,-0.55,168243555,184172920014,14309,2176628,2023,3,1.0,6.123233995736766e-17,0.0242952287937318,0.024753166504223,0.0122014481834901,100,0
2,台北市,2023-03,2023,0.024630714680274,64.5,-0.55,168243555,184172920014,15636,8953713,2023,3,1.0,6.123233995736766e-17,0.0242952287937318,0.024753166504223,0.0122014481834901,100,1
2,台北市,2023-03,2023,0.024630714680274,64.5,-0.55,168243555,184172920014,7815580,2369274288,2023,3,1.0,6.123233995736766e-17,0.0242952287937318,0.024753166504223,0.0122014481834901,101,0
2,台北市,2023-03,2023,0.024630714680274,64.5,-0.55,168243555,184172920014,10766517,4515596278,2023,3,1.0,6.123233995736766e-17,0.0242952287937318,0.024753166504223,0.0122014481834901,101,1
2,台北市,2023-04,2023,0.0236730099314099,66.54,0.3,157588199,167111986727,96890,3497266826,2023,4,0.8660254037844387,-0.49999999999999983,0.024630714680274,0.0242952287937318,0.024753166504223,0,1
2,台北市,2023-04,2023,0.0236730099314099,66.54,0.3,157588199,167111986727,48870,744330459,2023,4,0.8660254037844387,-0.49999999999999983,0.024630714680274,0.0242952287937318,0.024753166504223,0,0
2,台北市,2023-04,2023,0.0236730099314099,66.54,0.3,157588199,167111986727,459300,574086120,2023,4,0.8660254037844387,-0.49999999999999983,0.024630714680274,0.0242952287937318,0.024753166504223,1,0
2,台北市,2023-04,2023,0.0236730099314099,66.54,0.3,157588199,167111986727,555940,8537805898,2023,4,0.8660254037844387,-0.49999999999999983,0.024630714680274,0.0242952287937318,0.024753166504223,1,1
2,台北市,2023-04,2023,0.0236730099314099,66.54,0.3,157588199,167111986727,10358,5211646,2023,4,0.8660254037844387,-0.49999999999999983,0.024630714680274,0.0242952287937318,0.024753166504223,2,0
2,台北市,2023-04,2023,0.0236730099314099,66.54,0.3,157588199,167111986727,229602,204538088,2023,4,0.8660254037844387,-0.49999999999999983,0.024630714680274,0.0242952287937318,0.024753166504223,2,1
2,台北市,2023-04,2023,0.0236730099314099,66.54,0.3,157588199,167111986727,78463,444508484,2023,4,0.8660254037844387,-0.49999999999999983,0.024630714680274,0.0242952287937318,0.024753166504223,3,1
2,台北市,2023-04,2023,0.0236730099314099,66.54,0.3,157588199,167111986727,111542,185171259,2023,4,0.8660254037844387,-0.49999999999999983,0.024630714680274,0.0242952287937318,0.024753166504223,3,0
2,台北市,2023-04,2023,0.0236730099314099,66.54,0.3,157588199,167111986727,283393,1573325544,2023,4,0.8660254037844387,-0.49999999999999983,0.024630714680274,0.0242952287937318,0.024753166504223,5,1
2,台北市,2023-04,2023,0.0236730099314099,66.54,0.3,157588199,167111986727,47072,126375079,2023,4,0.8660254037844387,-0.49999999999999983,0.024630714680274,0.0242952287937318,0.024753166504223,5,0
2,台北市,2023-04,2023,0.0236730099314099,66.54,0.3,157588199,167111986727,1841,13873632,2023,4,0.8660254037844387,-0.49999999999999983,0.024630714680274,0.0242952287937318,0.024753166504223,6,0
2,台北市,2023-04,2023,0.0236730099314099,66.54,0.3,157588199,167111986727,1511,65138825,2023,4,0.8660254037844387,-0.49999999999999983,0.024630714680274,0.0242952287937318,0.024753166504223,6,1
2,台北市,2023-04,2023,0.0236730099314099,66.54,0.3,157588199,167111986727,9708,12732773,2023,4,0.8660254037844387,-0.49999999999999983,0.024630714680274,0.0242952287937318,0.024753166504223,7,0
2,台北市,2023-04,2023,0.0236730099314099,66.54,0.3,157588199,167111986727,6750,260988147,2023,4,0.8660254037844387,-0.49999999999999983,0.024630714680274,0.0242952287937318,0.024753166504223,7,1
2,台北市,2023-04,2023,0.0236730099314099,66.54,0.3,157588199,167111986727,9773,65947731,2023,4,0.8660254037844387,-0.49999999999999983,0.024630714680274,0.0242952287937318,0.024753166504223,8,1
2,台北市,2023-04,2023,0.0236730099314099,66.54,0.3,157588199,167111986727,3032,15108687,2023,4,0.8660254037844387,-0.49999999999999983,0.024630714680274,0.0242952287937318,0.024753166504223,8,0
2,台北市,2023-04,2023,0.0236730099314099,66.54,0.3,157588199,167111986727,23230,740686605,2023,4,0.8660254037844387,-0.49999999999999983,0.024630714680274,0.0242952287937318,0.024753166504223,9,1
2,台北市,2023-04,2023,0.0236730099314099,66.54,0.3,157588199,167111986727,6766,26624390,2023,4,0.8660254037844387,-0.49999999999999983,0.024630714680274,0.0242952287937318,0.024753166504223,9,0
2,台北市,2023-04,2023,0.0236730099314099,66.54,0.3,157588199,167111986727,4308,270011184,2023,4,0.8660254037844387,-0.49999999999999983,0.024630714680274,0.0242952287937318,0.024753166504223,12,1
2,台北市,2023-04,2023,0.0236730099314099,66.54,0.3,157588199,167111986727,3237,12750192,2023,4,0.8660254037844387,-0.49999999999999983,0.024630714680274,0.0242952287937318,0.024753166504223,12,0
2,台北市,2023-04,2023,0.0236730099314099,66.54,0.3,157588199,167111986727,8497,69259840,2023,4,0.8660254037844387,-0.49999999999999983,0.024630714680274,0.0242952287937318,0.024753166504223,13,1
2,台北市,2023-04,2023,0.0236730099314099,66.54,0.3,157588199,167111986727,10383,25380990,2023,4,0.8660254037844387,-0.49999999999999983,0.024630714680274,0.0242952287937318,0.024753166504223,13,0
2,台北市,2023-04,2023,0.0236730099314099,66.54,0.3,157588199,167111986727,6657,2270976,2023,4,0.8660254037844387,-0.49999999999999983,0.024630714680274,0.0242952287937318,0.024753166504223,14,1
2,台北市,2023-04,2023,0.0236730099314099,66.54,0.3,157588199,167111986727,1434,473876,2023,4,0.8660254037844387,-0.49999999999999983,0.024630714680274,0.0242952287937318,0.024753166504223,14,0
2,台北市,2023-04,2023,0.0236730099314099,66.54,0.3,157588199,167111986727,3978,67298845,2023,4,0.8660254037844387,-0.49999999999999983,0.024630714680274,0.0242952287937318,0.024753166504223,15,0
2,台北市,2023-04,2023,0.0236730099314099,66.54,0.3,157588199,167111986727,1721,9057617,2023,4,0.8660254037844387,-0.49999999999999983,0.024630714680274,0.0242952287937318,0.024753166504223,15,1
2,台北市,2023-04,2023,0.0236730099314099,66.54,0.3,157588199,167111986727,927,1426448,2023,4,0.8660254037844387,-0.49999999999999983,0.024630714680274,0.0242952287937318,0.024753166504223,16,0
2,台北市,2023-04,2023,0.0236730099314099,66.54,0.3,157588199,167111986727,1121,19221738,2023,4,0.8660254037844387,-0.49999999999999983,0.024630714680274,0.0242952287937318,0.024753166504223,16,1
2,台北市,2023-04,2023,0.0236730099314099,66.54,0.3,157588199,167111986727,39592,102107088,2023,4,0.8660254037844387,-0.49999999999999983,0.024630714680274,0.0242952287937318,0.024753166504223,17,1
2,台北市,2023-04,2023,0.0236730099314099,66.54,0.3,157588199,167111986727,120006,154065374,2023,4,0.8660254037844387,-0.49999999999999983,0.024630714680274,0.0242952287937318,0.024753166504223,17,0
2,台北市,2023-04,2023,0.0236730099314099,66.54,0.3,157588199,167111986727,21627,32668358,2023,4,0.8660254037844387,-0.49999999999999983,0.024630714680274,0.0242952287937318,0.024753166504223,18,1
2,台北市,2023-04,2023,0.0236730099314099,66.54,0.3,157588199,167111986727,24092,19084269,2023,4,0.8660254037844387,-0.49999999999999983,0.024630714680274,0.0242952287937318,0.024753166504223,18,0
2,台北市,2023-04,2023,0.0236730099314099,66.54,0.3,157588199,167111986727,483,39723363,2023,4,0.8660254037844387,-0.49999999999999983,0.024630714680274,0.0242952287937318,0.024753166504223,19,1
2,台北市,2023-04,2023,0.0236730099314099,66.54,0.3,157588199,167111986727,972,1617937,2023,4,0.8660254037844387,-0.49999999999999983,0.024630714680274,0.0242952287937318,0.024753166504223,19,0
2,台北市,2023-04,2023,0.0236730099314099,66.54,0.3,157588199,167111986727,2,384214544,2023,4,0.8660254037844387,-0.49999999999999983,0.024630714680274,0.0242952287937318,0.024753166504223,20,1
2,台北市,2023-04,2023,0.0236730099314099,66.54,0.3,157588199,167111986727,14768,3786500,2023,4,0.8660254037844387,-0.49999999999999983,0.024630714680274,0.0242952287937318,0.024753166504223,20,0
2,台北市,2023-04,2023,0.0236730099314099,66.54,0.3,157588199,167111986727,7698,148333572,2023,4,0.8660254037844387,-0.49999999999999983,0.024630714680274,0.0242952287937318,0.024753166504223,21,1
2,台北市,2023-04,2023,0.0236730099314099,66.54,0.3,157588199,167111986727,5229,17947163,2023,4,0.8660254037844387,-0.49999999999999983,0.024630714680274,0.0242952287937318,0.024753166504223,21,0
2,台北市,2023-04,2023,0.0236730099314099,66.54,0.3,157588199,167111986727,5789,1493207,2023,4,0.8660254037844387,-0.49999999999999983,0.024630714680274,0.0242952287937318,0.024753166504223,22,1
2,台北市,2023-04,2023,0.0236730099314099,66.54,0.3,157588199,167111986727,3140,705042,2023,4,0.8660254037844387,-0.49999999999999983,0.024630714680274,0.0242952287937318,0.024753166504223,22,0
2,台北市,2023-04,2023,0.0236730099314099,66.54,0.3,157588199,167111986727,60,35493,2023,4,0.8660254037844387,-0.49999999999999983,0.024630714680274,0.0242952287937318,0.024753166504223,23,0
2,台北市,2023-04,2023,0.0236730099314099,66.54,0.3,157588199,167111986727,1822,451569185,2023,4,0.8660254037844387,-0.49999999999999983,0.024630714680274,0.0242952287937318,0.024753166504223,23,1
2,台北市,2023-04,2023,0.0236730099314099,66.54,0.3,157588199,167111986727,131,238902235,2023,4,0.8660254037844387,-0.49999999999999983,0.024630714680274,0.0242952287937318,0.024753166504223,24,1
2,台北市,2023-04,2023,0.0236730099314099,66.54,0.3,157588199,167111986727,914,220991879,2023,4,0.8660254037844387,-0.49999999999999983,0.024630714680274,0.0242952287937318,0.024753166504223,25,1
2,台北市,2023-04,2023,0.0236730099314099,66.54,0.3,157588199,167111986727,331,621202,2023,4,0.8660254037844387,-0.49999999999999983,0.024630714680274,0.0242952287937318,0.024753166504223,25,0
2,台北市,2023-04,2023,0.0236730099314099,66.54,0.3,157588199,167111986727,18721,5172658,2023,4,0.8660254037844387,-0.49999999999999983,0.024630714680274,0.0242952287937318,0.024753166504223,26,0
2,台北市,2023-04,2023,0.0236730099314099,66.54,0.3,157588199,167111986727,5416,31817287,2023,4,0.8660254037844387,-0.49999999999999983,0.024630714680274,0.0242952287937318,0.024753166504223,26,1
2,台北市,2023-04,2023,0.0236730099314099,66.54,0.3,157588199,167111986727,7,209012,2023,4,0.8660254037844387,-0.49999999999999983,0.024630714680274,0.0242952287937318,0.024753166504223,27,1
2,台北市,2023-04,2023,0.0236730099314099,66.54,0.3,157588199,167111986727,28,45143,2023,4,0.8660254037844387,-0.49999999999999983,0.024630714680274,0.0242952287937318,0.024753166504223,27,0
2,台北市,2023-04,2023,0.0236730099314099,66.54,0.3,157588199,167111986727,27528,1706099715,2023,4,0.8660254037844387,-0.49999999999999983,0.024630714680274,0.0242952287937318,0.024753166504223,28,1
2,台北市,2023-04,2023,0.0236730099314099,66.54,0.3,157588199,167111986727,48526,156161052,2023,4,0.8660254037844387,-0.49999999999999983,0.024630714680274,0.0242952287937318,0.024753166504223,28,0
2,台北市,2023-04,2023,0.0236730099314099,66.54,0.3,157588199,167111986727,25622,77213742,2023,4,0.8660254037844387,-0.49999999999999983,0.024630714680274,0.0242952287937318,0.024753166504223,30,0
2,台北市,2023-04,2023,0.0236730099314099,66.54,0.3,157588199,167111986727,9914,131584442,2023,4,0.8660254037844387,-0.49999999999999983,0.024630714680274,0.0242952287937318,0.024753166504223,30,1
2,台北市,2023-04,2023,0.0236730099314099,66.54,0.3,157588199,167111986727,917,1345015,2023,4,0.8660254037844387,-0.49999999999999983,0.024630714680274,0.0242952287937318,0.024753166504223,31,1
2,台北市,2023-04,2023,0.0236730099314099,66.54,0.3,157588199,167111986727,192,333540,2023,4,0.8660254037844387,-0.49999999999999983,0.024630714680274,0.0242952287937318,0.024753166504223,33,0
2,台北市,2023-04,2023,0.0236730099314099,66.54,0.3,157588199,167111986727,671,54578404,2023,4,0.8660254037844387,-0.49999999999999983,0.024630714680274,0.0242952287937318,0.024753166504223,33,1
2,台北市,2023-04,2023,0.0236730099314099,66.54,0.3,157588199,167111986727,28,108000,2023,4,0.8660254037844387,-0.49999999999999983,0.024630714680274,0.0242952287937318,0.024753166504223,34,0
2,台北市,2023-04,2023,0.0236730099314099,66.54,0.3,157588199,167111986727,1,5250,2023,4,0.8660254037844387,-0.49999999999999983,0.024630714680274,0.0242952287937318,0.024753166504223,34,1
2,台北市,2023-04,2023,0.0236730099314099,66.54,0.3,157588199,167111986727,104158,266612885,2023,4,0.8660254037844387,-0.49999999999999983,0.024630714680274,0.0242952287937318,0.024753166504223,36,1
2,台北市,2023-04,2023,0.0236730099314099,66.54,0.3,157588199,167111986727,115019,110999993,2023,4,0.8660254037844387,-0.49999999999999983,0.024630714680274,0.0242952287937318,0.024753166504223,36,0
2,台北市,2023-04,2023,0.0236730099314099,66.54,0.3,157588199,167111986727,191389,296289113,2023,4,0.8660254037844387,-0.49999999999999983,0.024630714680274,0.0242952287937318,0.024753166504223,37,0
2,台北市,2023-04,2023,0.0236730099314099,66.54,0.3,157588199,167111986727,12539,125718535,2023,4,0.8660254037844387,-0.49999999999999983,0.024630714680274,0.0242952287937318,0.024753166504223,37,1
2,台北市,2023-04,2023,0.0236730099314099,66.54,0.3,157588199,167111986727,1530,6517490,2023,4,0.8660254037844387,-0.49999999999999983,0.024630714680274,0.0242952287937318,0.024753166504223,38,0
2,台北市,2023-04,2023,0.0236730099314099,66.54,0.3,157588199,167111986727,2972,28536405,2023,4,0.8660254037844387,-0.49999999999999983,0.024630714680274,0.0242952287937318,0.024753166504223,38,1
2,台北市,2023-04,2023,0.0236730099314099,66.54,0.3,157588199,167111986727,11805,516482315,2023,4,0.8660254037844387,-0.49999999999999983,0.024630714680274,0.0242952287937318,0.024753166504223,39,1
2,台北市,2023-04,2023,0.0236730099314099,66.54,0.3,157588199,167111986727,1257,113333548,2023,4,0.8660254037844387,-0.49999999999999983,0.024630714680274,0.0242952287937318,0.024753166504223,39,0
2,台北市,2023-04,2023,0.0236730099314099,66.54,0.3,157588199,167111986727,1136,4587866,2023,4,0.8660254037844387,-0.49999999999999983,0.024630714680274,0.0242952287937318,0.024753166504223,40,0
2,台北市,2023-04,2023,0.0236730099314099,66.54,0.3,157588199,167111986727,4885,41331691,2023,4,0.8660254037844387,-0.49999999999999983,0.024630714680274,0.0242952287937318,0.024753166504223,40,1
2,台北市,2023-04,2023,0.0236730099314099,66.54,0.3,157588199,167111986727,390012,1430812555,2023,4,0.8660254037844387,-0.49999999999999983,0.024630714680274,0.0242952287937318,0.024753166504223,41,1
2,台北市,2023-04,2023,0.0236730099314099,66.54,0.3,157588199,167111986727,3965501,7300868500,2023,4,0.8660254037844387,-0.49999999999999983,0.024630714680274,0.0242952287937318,0.024753166504223,41,0
2,台北市,2023-04,2023,0.0236730099314099,66.54,0.3,157588199,167111986727,14841,21121822,2023,4,0.8660254037844387,-0.49999999999999983,0.024630714680274,0.0242952287937318,0.024753166504223,43,0
2,台北市,2023-04,2023,0.0236730099314099,66.54,0.3,157588199,167111986727,2875,123766788,2023,4,0.8660254037844387,-0.49999999999999983,0.024630714680274,0.0242952287937318,0.024753166504223,43,1
2,台北市,2023-04,2023,0.0236730099314099,66.54,0.3,157588199,167111986727,5115763,6581433050,2023,4,0.8660254037844387,-0.49999999999999983,0.024630714680274,0.0242952287937318,0.024753166504223,44,0
2,台北市,2023-04,2023,0.0236730099314099,66.54,0.3,157588199,167111986727,3404780,24299863034,2023,4,0.8660254037844387,-0.49999999999999983,0.024630714680274,0.0242952287937318,0.024753166504223,44,1
2,台北市,2023-04,2023,0.0236730099314099,66.54,0.3,157588199,167111986727,21988,137947432,2023,4,0.8660254037844387,-0.49999999999999983,0.024630714680274,0.0242952287937318,0.024753166504223,46,0
2,台北市,2023-04,2023,0.0236730099314099,66.54,0.3,157588199,167111986727,31724,161156872,2023,4,0.8660254037844387,-0.49999999999999983,0.024630714680274,0.0242952287937318,0.024753166504223,46,1
2,台北市,2023-04,2023,0.0236730099314099,66.54,0.3,157588199,167111986727,985,4139437,2023,4,0.8660254037844387,-0.49999999999999983,0.024630714680274,0.0242952287937318,0.024753166504223,48,0
2,台北市,2023-04,2023,0.0236730099314099,66.54,0.3,157588199,167111986727,1721,27066192,2023,4,0.8660254037844387,-0.49999999999999983,0.024630714680274,0.0242952287937318,0.024753166504223,48,1
2,台北市,2023-04,2023,0.0236730099314099,66.54,0.3,157588199,167111986727,115845,419354525,2023,4,0.8660254037844387,-0.49999999999999983,0.024630714680274,0.0242952287937318,0.024753166504223,50,0
2,台北市,2023-04,2023,0.0236730099314099,66.54,0.3,157588199,167111986727,54779,473166650,2023,4,0.8660254037844387,-0.49999999999999983,0.024630714680274,0.0242952287937318,0.024753166504223,50,1
2,台北市,2023-04,2023,0.0236730099314099,66.54,0.3,157588199,167111986727,20486,6599655,2023,4,0.8660254037844387,-0.49999999999999983,0.024630714680274,0.0242952287937318,0.024753166504223,52,0
2,台北市,2023-04,2023,0.0236730099314099,66.54,0.3,157588199,167111986727,27978,320314437,2023,4,0.8660254037844387,-0.49999999999999983,0.024630714680274,0.0242952287937318,0.024753166504223,52,1
2,台北市,2023-04,2023,0.0236730099314099,66.54,0.3,157588199,167111986727,2884,14662916,2023,4,0.8660254037844387,-0.49999999999999983,0.024630714680274,0.0242952287937318,0.024753166504223,53,1
2,台北市,2023-04,2023,0.0236730099314099,66.54,0.3,157588199,167111986727,5,7500,2023,4,0.8660254037844387,-0.49999999999999983,0.024630714680274,0.0242952287937318,0.024753166504223,53,0
2,台北市,2023-04,2023,0.0236730099314099,66.54,0.3,157588199,167111986727,1696,2596974758,2023,4,0.8660254037844387,-0.49999999999999983,0.024630714680274,0.0242952287937318,0.024753166504223,54,1
2,台北市,2023-04,2023,0.0236730099314099,66.54,0.3,157588199,167111986727,271,2523253,2023,4,0.8660254037844387,-0.49999999999999983,0.024630714680274,0.0242952287937318,0.024753166504223,56,0
2,台北市,2023-04,2023,0.0236730099314099,66.54,0.3,157588199,167111986727,195,70870433,2023,4,0.8660254037844387,-0.49999999999999983,0.024630714680274,0.0242952287937318,0.024753166504223,56,1
2,台北市,2023-04,2023,0.0236730099314099,66.54,0.3,157588199,167111986727,90,50705779,2023,4,0.8660254037844387,-0.49999999999999983,0.024630714680274,0.0242952287937318,0.024753166504223,57,1
2,台北市,2023-04,2023,0.0236730099314099,66.54,0.3,157588199,167111986727,3385,63659507,2023,4,0.8660254037844387,-0.49999999999999983,0.024630714680274,0.0242952287937318,0.024753166504223,58,1
2,台北市,2023-04,2023,0.0236730099314099,66.54,0.3,157588199,167111986727,2718,524861,2023,4,0.8660254037844387,-0.49999999999999983,0.024630714680274,0.0242952287937318,0.024753166504223,58,0
2,台北市,2023-04,2023,0.0236730099314099,66.54,0.3,157588199,167111986727,70,2687210,2023,4,0.8660254037844387,-0.49999999999999983,0.024630714680274,0.0242952287937318,0.024753166504223,59,1
2,台北市,2023-04,2023,0.0236730099314099,66.54,0.3,157588199,167111986727,222,713993,2023,4,0.8660254037844387,-0.49999999999999983,0.024630714680274,0.0242952287937318,0.024753166504223,59,0
2,台北市,2023-04,2023,0.0236730099314099,66.54,0.3,157588199,167111986727,632156,268368672,2023,4,0.8660254037844387,-0.49999999999999983,0.024630714680274,0.0242952287937318,0.024753166504223,60,0
2,台北市,2023-04,2023,0.0236730099314099,66.54,0.3,157588199,167111986727,26,2204240,2023,4,0.8660254037844387,-0.49999999999999983,0.024630714680274,0.0242952287937318,0.024753166504223,60,1
2,台北市,2023-04,2023,0.0236730099314099,66.54,0.3,157588199,167111986727,705,3263908,2023,4,0.8660254037844387,-0.49999999999999983,0.024630714680274,0.0242952287937318,0.024753166504223,61,1
2,台北市,2023-04,2023,0.0236730099314099,66.54,0.3,157588199,167111986727,244,1280271,2023,4,0.8660254037844387,-0.49999999999999983,0.024630714680274,0.0242952287937318,0.024753166504223,61,0
2,台北市,2023-04,2023,0.0236730099314099,66.54,0.3,157588199,167111986727,1,297270,2023,4,0.8660254037844387,-0.49999999999999983,0.024630714680274,0.0242952287937318,0.024753166504223,62,1
2,台北市,2023-04,2023,0.0236730099314099,66.54,0.3,157588199,167111986727,48025,15579082,2023,4,0.8660254037844387,-0.49999999999999983,0.024630714680274,0.0242952287937318,0.024753166504223,63,0
2,台北市,2023-04,2023,0.0236730099314099,66.54,0.3,157588199,167111986727,99107,54308427,2023,4,0.8660254037844387,-0.49999999999999983,0.024630714680274,0.0242952287937318,0.024753166504223,63,1
2,台北市,2023-04,2023,0.0236730099314099,66.54,0.3,157588199,167111986727,488,30811089,2023,4,0.8660254037844387,-0.49999999999999983,0.024630714680274,0.0242952287937318,0.024753166504223,66,1
2,台北市,2023-04,2023,0.0236730099314099,66.54,0.3,157588199,167111986727,951,2586938,2023,4,0.8660254037844387,-0.49999999999999983,0.024630714680274,0.0242952287937318,0.024753166504223,66,0
2,台北市,2023-04,2023,0.0236730099314099,66.54,0.3,157588199,167111986727,861243,545132545,2023,4,0.8660254037844387,-0.49999999999999983,0.024630714680274,0.0242952287937318,0.024753166504223,67,0
2,台北市,2023-04,2023,0.0236730099314099,66.54,0.3,157588199,167111986727,95216,5563664205,2023,4,0.8660254037844387,-0.49999999999999983,0.024630714680274,0.0242952287937318,0.024753166504223,67,1
2,台北市,2023-04,2023,0.0236730099314099,66.54,0.3,157588199,167111986727,308,1837915,2023,4,0.8660254037844387,-0.49999999999999983,0.024630714680274,0.0242952287937318,0.024753166504223,68,1
2,台北市,2023-04,2023,0.0236730099314099,66.54,0.3,157588199,167111986727,1141,2537605,2023,4,0.8660254037844387,-0.49999999999999983,0.024630714680274,0.0242952287937318,0.024753166504223,68,0
2,台北市,2023-04,2023,0.0236730099314099,66.54,0.3,157588199,167111986727,987,14110189,2023,4,0.8660254037844387,-0.49999999999999983,0.024630714680274,0.0242952287937318,0.024753166504223,69,1
2,台北市,2023-04,2023,0.0236730099314099,66.54,0.3,157588199,167111986727,1733,3471966,2023,4,0.8660254037844387,-0.49999999999999983,0.024630714680274,0.0242952287937318,0.024753166504223,69,0
2,台北市,2023-04,2023,0.0236730099314099,66.54,0.3,157588199,167111986727,2724,5112943,2023,4,0.8660254037844387,-0.49999999999999983,0.024630714680274,0.0242952287937318,0.024753166504223,70,0
2,台北市,2023-04,2023,0.0236730099314099,66.54,0.3,157588199,167111986727,10830,9724548,2023,4,0.8660254037844387,-0.49999999999999983,0.024630714680274,0.0242952287937318,0.024753166504223,70,1
2,台北市,2023-04,2023,0.0236730099314099,66.54,0.3,157588199,167111986727,9,22302,2023,4,0.8660254037844387,-0.49999999999999983,0.024630714680274,0.0242952287937318,0.024753166504223,71,1
2,台北市,2023-04,2023,0.0236730099314099,66.54,0.3,157588199,167111986727,65,20589126,2023,4,0.8660254037844387,-0.49999999999999983,0.024630714680274,0.0242952287937318,0.024753166504223,72,0
2,台北市,2023-04,2023,0.0236730099314099,66.54,0.3,157588199,167111986727,10835,204977395,2023,4,0.8660254037844387,-0.49999999999999983,0.024630714680274,0.0242952287937318,0.024753166504223,72,1
2,台北市,2023-04,2023,0.0236730099314099,66.54,0.3,157588199,167111986727,33225,182714987,2023,4,0.8660254037844387,-0.49999999999999983,0.024630714680274,0.0242952287937318,0.024753166504223,73,1
2,台北市,2023-04,2023,0.0236730099314099,66.54,0.3,157588199,167111986727,21243,31261453,2023,4,0.8660254037844387,-0.49999999999999983,0.024630714680274,0.0242952287937318,0.024753166504223,73,0
2,台北市,2023-04,2023,0.0236730099314099,66.54,0.3,157588199,167111986727,141845,727833794,2023,4,0.8660254037844387,-0.49999999999999983,0.024630714680274,0.0242952287937318,0.024753166504223,75,1
2,台北市,2023-04,2023,0.0236730099314099,66.54,0.3,157588199,167111986727,706298,521028700,2023,4,0.8660254037844387,-0.49999999999999983,0.024630714680274,0.0242952287937318,0.024753166504223,75,0
2,台北市,2023-04,2023,0.0236730099314099,66.54,0.3,157588199,167111986727,498755,771106806,2023,4,0.8660254037844387,-0.49999999999999983,0.024630714680274,0.0242952287937318,0.024753166504223,77,1
2,台北市,2023-04,2023,0.0236730099314099,66.54,0.3,157588199,167111986727,28310576,12513504950,2023,4,0.8660254037844387,-0.49999999999999983,0.024630714680274,0.0242952287937318,0.024753166504223,77,0
2,台北市,2023-04,2023,0.0236730099314099,66.54,0.3,157588199,167111986727,9071,15430850,2023,4,0.8660254037844387,-0.49999999999999983,0.024630714680274,0.0242952287937318,0.024753166504223,78,0
2,台北市,2023-04,2023,0.0236730099314099,66.54,0.3,157588199,167111986727,2243,136091955,2023,4,0.8660254037844387,-0.49999999999999983,0.024630714680274,0.0242952287937318,0.024753166504223,78,1
2,台北市,2023-04,2023,0.0236730099314099,66.54,0.3,157588199,167111986727,310892,436471281,2023,4,0.8660254037844387,-0.49999999999999983,0.024630714680274,0.0242952287937318,0.024753166504223,79,1
2,台北市,2023-04,2023,0.0236730099314099,66.54,0.3,157588199,167111986727,282434,328712735,2023,4,0.8660254037844387,-0.49999999999999983,0.024630714680274,0.0242952287937318,0.024753166504223,79,0
2,台北市,2023-04,2023,0.0236730099314099,66.54,0.3,157588199,167111986727,1378148,275293069,2023,4,0.8660254037844387,-0.49999999999999983,0.024630714680274,0.0242952287937318,0.024753166504223,80,0
2,台北市,2023-04,2023,0.0236730099314099,66.54,0.3,157588199,167111986727,2016501,3232049433,2023,4,0.8660254037844387,-0.49999999999999983,0.024630714680274,0.0242952287937318,0.024753166504223,80,1
2,台北市,2023-04,2023,0.0236730099314099,66.54,0.3,157588199,167111986727,2878,1732235,2023,4,0.8660254037844387,-0.49999999999999983,0.024630714680274,0.0242952287937318,0.024753166504223,81,0
2,台北市,2023-04,2023,0.0236730099314099,66.54,0.3,157588199,167111986727,6750,4242221,2023,4,0.8660254037844387,-0.49999999999999983,0.024630714680274,0.0242952287937318,0.024753166504223,81,1
2,台北市,2023-04,2023,0.0236730099314099,66.54,0.3,157588199,167111986727,8424,42249874,2023,4,0.8660254037844387,-0.49999999999999983,0.024630714680274,0.0242952287937318,0.024753166504223,83,0
2,台北市,2023-04,2023,0.0236730099314099,66.54,0.3,157588199,167111986727,3552,59200970,2023,4,0.8660254037844387,-0.49999999999999983,0.024630714680274,0.0242952287937318,0.024753166504223,83,1
2,台北市,2023-04,2023,0.0236730099314099,66.54,0.3,157588199,167111986727,232,244146,2023,4,0.8660254037844387,-0.49999999999999983,0.024630714680274,0.0242952287937318,0.024753166504223,84,0
2,台北市,2023-04,2023,0.0236730099314099,66.54,0.3,157588199,167111986727,1911,206958957,2023,4,0.8660254037844387,-0.49999999999999983,0.024630714680274,0.0242952287937318,0.024753166504223,84,1
2,台北市,2023-04,2023,0.0236730099314099,66.54,0.3,157588199,167111986727,26205,2517417028,2023,4,0.8660254037844387,-0.49999999999999983,0.024630714680274,0.0242952287937318,0.024753166504223,86,1
2,台北市,2023-04,2023,0.0236730099314099,66.54,0.3,157588199,167111986727,54796,105419799,2023,4,0.8660254037844387,-0.49999999999999983,0.024630714680274,0.0242952287937318,0.024753166504223,86,0
2,台北市,2023-04,2023,0.0236730099314099,66.54,0.3,157588199,167111986727,108077,98856752,2023,4,0.8660254037844387,-0.49999999999999983,0.024630714680274,0.0242952287937318,0.024753166504223,87,1
2,台北市,2023-04,2023,0.0236730099314099,66.54,0.3,157588199,167111986727,162953,172066188,2023,4,0.8660254037844387,-0.49999999999999983,0.024630714680274,0.0242952287937318,0.024753166504223,87,0
2,台北市,2023-04,2023,0.0236730099314099,66.54,0.3,157588199,167111986727,39336859,23715392149,2023,4,0.8660254037844387,-0.49999999999999983,0.024630714680274,0.0242952287937318,0.024753166504223,88,0
2,台北市,2023-04,2023,0.0236730099314099,66.54,0.3,157588199,167111986727,30773419,24476641847,2023,4,0.8660254037844387,-0.49999999999999983,0.024630714680274,0.0242952287937318,0.024753166504223,88,1
2,台北市,2023-04,2023,0.0236730099314099,66.54,0.3,157588199,167111986727,96504,440403471,2023,4,0.8660254037844387,-0.49999999999999983,0.024630714680274,0.0242952287937318,0.024753166504223,89,1
2,台北市,2023-04,2023,0.0236730099314099,66.54,0.3,157588199,167111986727,15058436,10777314032,2023,4,0.8660254037844387,-0.49999999999999983,0.024630714680274,0.0242952287937318,0.024753166504223,89,0
2,台北市,2023-04,2023,0.0236730099314099,66.54,0.3,157588199,167111986727,17977,27423795,2023,4,0.8660254037844387,-0.49999999999999983,0.024630714680274,0.0242952287937318,0.024753166504223,90,1
2,台北市,2023-04,2023,0.0236730099314099,66.54,0.3,157588199,167111986727,704296,1090352018,2023,4,0.8660254037844387,-0.49999999999999983,0.024630714680274,0.0242952287937318,0.024753166504223,90,0
2,台北市,2023-04,2023,0.0236730099314099,66.54,0.3,157588199,167111986727,3415,437099393,2023,4,0.8660254037844387,-0.49999999999999983,0.024630714680274,0.0242952287937318,0.024753166504223,91,1
2,台北市,2023-04,2023,0.0236730099314099,66.54,0.3,157588199,167111986727,6801,10412364,2023,4,0.8660254037844387,-0.49999999999999983,0.024630714680274,0.0242952287937318,0.024753166504223,91,0
2,台北市,2023-04,2023,0.0236730099314099,66.54,0.3,157588199,167111986727,37635,45951416,2023,4,0.8660254037844387,-0.49999999999999983,0.024630714680274,0.0242952287937318,0.024753166504223,93,0
2,台北市,2023-04,2023,0.0236730099314099,66.54,0.3,157588199,167111986727,1165,410159936,2023,4,0.8660254037844387,-0.49999999999999983,0.024630714680274,0.0242952287937318,0.024753166504223,93,1
2,台北市,2023-04,2023,0.0236730099314099,66.54,0.3,157588199,167111986727,23540,38688063,2023,4,0.8660254037844387,-0.49999999999999983,0.024630714680274,0.0242952287937318,0.024753166504223,94,0
2,台北市,2023-04,2023,0.0236730099314099,66.54,0.3,157588199,167111986727,3334,487439162,2023,4,0.8660254037844387,-0.49999999999999983,0.024630714680274,0.0242952287937318,0.024753166504223,94,1
2,台北市,2023-04,2023,0.0236730099314099,66.54,0.3,157588199,167111986727,995798,333865793,2023,4,0.8660254037844387,-0.49999999999999983,0.024630714680274,0.0242952287937318,0.024753166504223,95,0
2,台北市,2023-04,2023,0.0236730099314099,66.54,0.3,157588199,167111986727,71579,376317347,2023,4,0.8660254037844387,-0.49999999999999983,0.024630714680274,0.0242952287937318,0.024753166504223,95,1
2,台北市,2023-04,2023,0.0236730099314099,66.54,0.3,157588199,167111986727,4503,382344464,2023,4,0.8660254037844387,-0.49999999999999983,0.024630714680274,0.0242952287937318,0.024753166504223,97,1
2,台北市,2023-04,2023,0.0236730099314099,66.54,0.3,157588199,167111986727,130,603523,2023,4,0.8660254037844387,-0.49999999999999983,0.024630714680274,0.0242952287937318,0.024753166504223,97,0
2,台北市,2023-04,2023,0.0236730099314099,66.54,0.3,157588199,167111986727,329811,140756920,2023,4,0.8660254037844387,-0.49999999999999983,0.024630714680274,0.0242952287937318,0.024753166504223,98,0
2,台北市,2023-04,2023,0.0236730099314099,66.54,0.3,157588199,167111986727,563595,396929923,2023,4,0.8660254037844387,-0.49999999999999983,0.024630714680274,0.0242952287937318,0.024753166504223,98,1
2,台北市,2023-04,2023,0.0236730099314099,66.54,0.3,157588199,167111986727,7333,1153693,2023,4,0.8660254037844387,-0.49999999999999983,0.024630714680274,0.0242952287937318,0.024753166504223,100,0
2,台北市,2023-04,2023,0.0236730099314099,66.54,0.3,157588199,167111986727,9482,7207316,2023,4,0.8660254037844387,-0.49999999999999983,0.024630714680274,0.0242952287937318,0.024753166504223,100,1
2,台北市,2023-04,2023,0.0236730099314099,66.54,0.3,157588199,167111986727,10267171,4718416817,2023,4,0.8660254037844387,-0.49999999999999983,0.024630714680274,0.0242952287937318,0.024753166504223,101,1
2,台北市,2023-04,2023,0.0236730099314099,66.54,0.3,157588199,167111986727,7383578,2492581896,2023,4,0.8660254037844387,-0.49999999999999983,0.024630714680274,0.0242952287937318,0.024753166504223,101,0
2,台北市,2023-05,2023,0.0238366411066339,66.54,0.3,168545559,180484974893,56301,854848414,2023,5,0.49999999999999994,-0.8660254037844387,0.0236730099314099,0.024630714680274,0.0242952287937318,0,0
2,台北市,2023-05,2023,0.0238366411066339,66.54,0.3,168545559,180484974893,104406,3148784911,2023,5,0.49999999999999994,-0.8660254037844387,0.0236730099314099,0.024630714680274,0.0242952287937318,0,1
2,台北市,2023-05,2023,0.0238366411066339,66.54,0.3,168545559,180484974893,503840,566487659,2023,5,0.49999999999999994,-0.8660254037844387,0.0236730099314099,0.024630714680274,0.0242952287937318,1,0
2,台北市,2023-05,2023,0.0238366411066339,66.54,0.3,168545559,180484974893,560315,10142161332,2023,5,0.49999999999999994,-0.8660254037844387,0.0236730099314099,0.024630714680274,0.0242952287937318,1,1
2,台北市,2023-05,2023,0.0238366411066339,66.54,0.3,168545559,180484974893,12876,7171713,2023,5,0.49999999999999994,-0.8660254037844387,0.0236730099314099,0.024630714680274,0.0242952287937318,2,0
2,台北市,2023-05,2023,0.0238366411066339,66.54,0.3,168545559,180484974893,243479,221481177,2023,5,0.49999999999999994,-0.8660254037844387,0.0236730099314099,0.024630714680274,0.0242952287937318,2,1
2,台北市,2023-05,2023,0.0238366411066339,66.54,0.3,168545559,180484974893,107932,140819138,2023,5,0.49999999999999994,-0.8660254037844387,0.0236730099314099,0.024630714680274,0.0242952287937318,3,0
2,台北市,2023-05,2023,0.0238366411066339,66.54,0.3,168545559,180484974893,86495,538156920,2023,5,0.49999999999999994,-0.8660254037844387,0.0236730099314099,0.024630714680274,0.0242952287937318,3,1
2,台北市,2023-05,2023,0.0238366411066339,66.54,0.3,168545559,180484974893,49302,137830411,2023,5,0.49999999999999994,-0.8660254037844387,0.0236730099314099,0.024630714680274,0.0242952287937318,5,0
2,台北市,2023-05,2023,0.0238366411066339,66.54,0.3,168545559,180484974893,276009,1483062981,2023,5,0.49999999999999994,-0.8660254037844387,0.0236730099314099,0.024630714680274,0.0242952287937318,5,1
2,台北市,2023-05,2023,0.0238366411066339,66.54,0.3,168545559,180484974893,1408,63756584,2023,5,0.49999999999999994,-0.8660254037844387,0.0236730099314099,0.024630714680274,0.0242952287937318,6,1
2,台北市,2023-05,2023,0.0238366411066339,66.54,0.3,168545559,180484974893,1867,15084219,2023,5,0.49999999999999994,-0.8660254037844387,0.0236730099314099,0.024630714680274,0.0242952287937318,6,0
2,台北市,2023-05,2023,0.0238366411066339,66.54,0.3,168545559,180484974893,9677,12774543,2023,5,0.49999999999999994,-0.8660254037844387,0.0236730099314099,0.024630714680274,0.0242952287937318,7,0
2,台北市,2023-05,2023,0.0238366411066339,66.54,0.3,168545559,180484974893,6686,308215672,2023,5,0.49999999999999994,-0.8660254037844387,0.0236730099314099,0.024630714680274,0.0242952287937318,7,1
2,台北市,2023-05,2023,0.0238366411066339,66.54,0.3,168545559,180484974893,3316,13876445,2023,5,0.49999999999999994,-0.8660254037844387,0.0236730099314099,0.024630714680274,0.0242952287937318,8,0
2,台北市,2023-05,2023,0.0238366411066339,66.54,0.3,168545559,180484974893,9099,40289472,2023,5,0.49999999999999994,-0.8660254037844387,0.0236730099314099,0.024630714680274,0.0242952287937318,8,1
2,台北市,2023-05,2023,0.0238366411066339,66.54,0.3,168545559,180484974893,6455,31156385,2023,5,0.49999999999999994,-0.8660254037844387,0.0236730099314099,0.024630714680274,0.0242952287937318,9,0
2,台北市,2023-05,2023,0.0238366411066339,66.54,0.3,168545559,180484974893,24231,720327495,2023,5,0.49999999999999994,-0.8660254037844387,0.0236730099314099,0.024630714680274,0.0242952287937318,9,1
2,台北市,2023-05,2023,0.0238366411066339,66.54,0.3,168545559,180484974893,5194,357215851,2023,5,0.49999999999999994,-0.8660254037844387,0.0236730099314099,0.024630714680274,0.0242952287937318,12,1
2,台北市,2023-05,2023,0.0238366411066339,66.54,0.3,168545559,180484974893,5228,16342288,2023,5,0.49999999999999994,-0.8660254037844387,0.0236730099314099,0.024630714680274,0.0242952287937318,12,0
2,台北市,2023-05,2023,0.0238366411066339,66.54,0.3,168545559,180484974893,13200,31776584,2023,5,0.49999999999999994,-0.8660254037844387,0.0236730099314099,0.024630714680274,0.0242952287937318,13,0
2,台北市,2023-05,2023,0.0238366411066339,66.54,0.3,168545559,180484974893,9582,75338084,2023,5,0.49999999999999994,-0.8660254037844387,0.0236730099314099,0.024630714680274,0.0242952287937318,13,1
2,台北市,2023-05,2023,0.0238366411066339,66.54,0.3,168545559,180484974893,7077,2151778,2023,5,0.49999999999999994,-0.8660254037844387,0.0236730099314099,0.024630714680274,0.0242952287937318,14,1
2,台北市,2023-05,2023,0.0238366411066339,66.54,0.3,168545559,180484974893,1614,486808,2023,5,0.49999999999999994,-0.8660254037844387,0.0236730099314099,0.024630714680274,0.0242952287937318,14,0
2,台北市,2023-05,2023,0.0238366411066339,66.54,0.3,168545559,180484974893,755,7806898,2023,5,0.49999999999999994,-0.8660254037844387,0.0236730099314099,0.024630714680274,0.0242952287937318,15,0
2,台北市,2023-05,2023,0.0238366411066339,66.54,0.3,168545559,180484974893,1701,10604192,2023,5,0.49999999999999994,-0.8660254037844387,0.0236730099314099,0.024630714680274,0.0242952287937318,15,1
2,台北市,2023-05,2023,0.0238366411066339,66.54,0.3,168545559,180484974893,957,1287969,2023,5,0.49999999999999994,-0.8660254037844387,0.0236730099314099,0.024630714680274,0.0242952287937318,16,0
2,台北市,2023-05,2023,0.0238366411066339,66.54,0.3,168545559,180484974893,1171,19894847,2023,5,0.49999999999999994,-0.8660254037844387,0.0236730099314099,0.024630714680274,0.0242952287937318,16,1
2,台北市,2023-05,2023,0.0238366411066339,66.54,0.3,168545559,180484974893,120982,161720681,2023,5,0.49999999999999994,-0.8660254037844387,0.0236730099314099,0.024630714680274,0.0242952287937318,17,0
2,台北市,2023-05,2023,0.0238366411066339,66.54,0.3,168545559,180484974893,45770,111105815,2023,5,0.49999999999999994,-0.8660254037844387,0.0236730099314099,0.024630714680274,0.0242952287937318,17,1
2,台北市,2023-05,2023,0.0238366411066339,66.54,0.3,168545559,180484974893,16232,17944807,2023,5,0.49999999999999994,-0.8660254037844387,0.0236730099314099,0.024630714680274,0.0242952287937318,18,1
2,台北市,2023-05,2023,0.0238366411066339,66.54,0.3,168545559,180484974893,25573,26014659,2023,5,0.49999999999999994,-0.8660254037844387,0.0236730099314099,0.024630714680274,0.0242952287937318,18,0
2,台北市,2023-05,2023,0.0238366411066339,66.54,0.3,168545559,180484974893,990,1678386,2023,5,0.49999999999999994,-0.8660254037844387,0.0236730099314099,0.024630714680274,0.0242952287937318,19,0
2,台北市,2023-05,2023,0.0238366411066339,66.54,0.3,168545559,180484974893,504,155058655,2023,5,0.49999999999999994,-0.8660254037844387,0.0236730099314099,0.024630714680274,0.0242952287937318,19,1
2,台北市,2023-05,2023,0.0238366411066339,66.54,0.3,168545559,180484974893,16929,8485100,2023,5,0.49999999999999994,-0.8660254037844387,0.0236730099314099,0.024630714680274,0.0242952287937318,20,0
2,台北市,2023-05,2023,0.0238366411066339,66.54,0.3,168545559,180484974893,2,316615985,2023,5,0.49999999999999994,-0.8660254037844387,0.0236730099314099,0.024630714680274,0.0242952287937318,20,1
2,台北市,2023-05,2023,0.0238366411066339,66.54,0.3,168545559,180484974893,6009,11251841,2023,5,0.49999999999999994,-0.8660254037844387,0.0236730099314099,0.024630714680274,0.0242952287937318,21,0
2,台北市,2023-05,2023,0.0238366411066339,66.54,0.3,168545559,180484974893,7176,25077465,2023,5,0.49999999999999994,-0.8660254037844387,0.0236730099314099,0.024630714680274,0.0242952287937318,21,1
2,台北市,2023-05,2023,0.0238366411066339,66.54,0.3,168545559,180484974893,4376,1090851,2023,5,0.49999999999999994,-0.8660254037844387,0.0236730099314099,0.024630714680274,0.0242952287937318,22,1
2,台北市,2023-05,2023,0.0238366411066339,66.54,0.3,168545559,180484974893,2036,469132,2023,5,0.49999999999999994,-0.8660254037844387,0.0236730099314099,0.024630714680274,0.0242952287937318,22,0
2,台北市,2023-05,2023,0.0238366411066339,66.54,0.3,168545559,180484974893,106,725017,2023,5,0.49999999999999994,-0.8660254037844387,0.0236730099314099,0.024630714680274,0.0242952287937318,23,0
2,台北市,2023-05,2023,0.0238366411066339,66.54,0.3,168545559,180484974893,1893,275802047,2023,5,0.49999999999999994,-0.8660254037844387,0.0236730099314099,0.024630714680274,0.0242952287937318,23,1
2,台北市,2023-05,2023,0.0238366411066339,66.54,0.3,168545559,180484974893,142,257959163,2023,5,0.49999999999999994,-0.8660254037844387,0.0236730099314099,0.024630714680274,0.0242952287937318,24,1
2,台北市,2023-05,2023,0.0238366411066339,66.54,0.3,168545559,180484974893,550,732430,2023,5,0.49999999999999994,-0.8660254037844387,0.0236730099314099,0.024630714680274,0.0242952287937318,25,0
2,台北市,2023-05,2023,0.0238366411066339,66.54,0.3,168545559,180484974893,1296,321536447,2023,5,0.49999999999999994,-0.8660254037844387,0.0236730099314099,0.024630714680274,0.0242952287937318,25,1
2,台北市,2023-05,2023,0.0238366411066339,66.54,0.3,168545559,180484974893,23945,5440967,2023,5,0.49999999999999994,-0.8660254037844387,0.0236730099314099,0.024630714680274,0.0242952287937318,26,0
2,台北市,2023-05,2023,0.0238366411066339,66.54,0.3,168545559,180484974893,5942,21879128,2023,5,0.49999999999999994,-0.8660254037844387,0.0236730099314099,0.024630714680274,0.0242952287937318,26,1
2,台北市,2023-05,2023,0.0238366411066339,66.54,0.3,168545559,180484974893,80,557402,2023,5,0.49999999999999994,-0.8660254037844387,0.0236730099314099,0.024630714680274,0.0242952287937318,27,0
2,台北市,2023-05,2023,0.0238366411066339,66.54,0.3,168545559,180484974893,13,477253,2023,5,0.49999999999999994,-0.8660254037844387,0.0236730099314099,0.024630714680274,0.0242952287937318,27,1
2,台北市,2023-05,2023,0.0238366411066339,66.54,0.3,168545559,180484974893,29657,1770516979,2023,5,0.49999999999999994,-0.8660254037844387,0.0236730099314099,0.024630714680274,0.0242952287937318,28,1
2,台北市,2023-05,2023,0.0238366411066339,66.54,0.3,168545559,180484974893,54397,178032808,2023,5,0.49999999999999994,-0.8660254037844387,0.0236730099314099,0.024630714680274,0.0242952287937318,28,0
2,台北市,2023-05,2023,0.0238366411066339,66.54,0.3,168545559,180484974893,23949,78866602,2023,5,0.49999999999999994,-0.8660254037844387,0.0236730099314099,0.024630714680274,0.0242952287937318,30,0
2,台北市,2023-05,2023,0.0238366411066339,66.54,0.3,168545559,180484974893,8735,47096654,2023,5,0.49999999999999994,-0.8660254037844387,0.0236730099314099,0.024630714680274,0.0242952287937318,30,1
2,台北市,2023-05,2023,0.0238366411066339,66.54,0.3,168545559,180484974893,945,1188983,2023,5,0.49999999999999994,-0.8660254037844387,0.0236730099314099,0.024630714680274,0.0242952287937318,31,1
2,台北市,2023-05,2023,0.0238366411066339,66.54,0.3,168545559,180484974893,569,79576454,2023,5,0.49999999999999994,-0.8660254037844387,0.0236730099314099,0.024630714680274,0.0242952287937318,33,1
2,台北市,2023-05,2023,0.0238366411066339,66.54,0.3,168545559,180484974893,193,431154,2023,5,0.49999999999999994,-0.8660254037844387,0.0236730099314099,0.024630714680274,0.0242952287937318,33,0
2,台北市,2023-05,2023,0.0238366411066339,66.54,0.3,168545559,180484974893,2,8500,2023,5,0.49999999999999994,-0.8660254037844387,0.0236730099314099,0.024630714680274,0.0242952287937318,34,1
2,台北市,2023-05,2023,0.0238366411066339,66.54,0.3,168545559,180484974893,30,104250,2023,5,0.49999999999999994,-0.8660254037844387,0.0236730099314099,0.024630714680274,0.0242952287937318,34,0
2,台北市,2023-05,2023,0.0238366411066339,66.54,0.3,168545559,180484974893,82032,291015356,2023,5,0.49999999999999994,-0.8660254037844387,0.0236730099314099,0.024630714680274,0.0242952287937318,36,1
2,台北市,2023-05,2023,0.0238366411066339,66.54,0.3,168545559,180484974893,119063,119560228,2023,5,0.49999999999999994,-0.8660254037844387,0.0236730099314099,0.024630714680274,0.0242952287937318,36,0
2,台北市,2023-05,2023,0.0238366411066339,66.54,0.3,168545559,180484974893,192762,297690389,2023,5,0.49999999999999994,-0.8660254037844387,0.0236730099314099,0.024630714680274,0.0242952287937318,37,0
2,台北市,2023-05,2023,0.0238366411066339,66.54,0.3,168545559,180484974893,10381,261671869,2023,5,0.49999999999999994,-0.8660254037844387,0.0236730099314099,0.024630714680274,0.0242952287937318,37,1
2,台北市,2023-05,2023,0.0238366411066339,66.54,0.3,168545559,180484974893,1499,6683176,2023,5,0.49999999999999994,-0.8660254037844387,0.0236730099314099,0.024630714680274,0.0242952287937318,38,0
2,台北市,2023-05,2023,0.0238366411066339,66.54,0.3,168545559,180484974893,2865,31787386,2023,5,0.49999999999999994,-0.8660254037844387,0.0236730099314099,0.024630714680274,0.0242952287937318,38,1
2,台北市,2023-05,2023,0.0238366411066339,66.54,0.3,168545559,180484974893,6167,1058319603,2023,5,0.49999999999999994,-0.8660254037844387,0.0236730099314099,0.024630714680274,0.0242952287937318,39,1
2,台北市,2023-05,2023,0.0238366411066339,66.54,0.3,168545559,180484974893,1094,71747742,2023,5,0.49999999999999994,-0.8660254037844387,0.0236730099314099,0.024630714680274,0.0242952287937318,39,0
2,台北市,2023-05,2023,0.0238366411066339,66.54,0.3,168545559,180484974893,5166,44859903,2023,5,0.49999999999999994,-0.8660254037844387,0.0236730099314099,0.024630714680274,0.0242952287937318,40,1
2,台北市,2023-05,2023,0.0238366411066339,66.54,0.3,168545559,180484974893,1832,6326130,2023,5,0.49999999999999994,-0.8660254037844387,0.0236730099314099,0.024630714680274,0.0242952287937318,40,0
2,台北市,2023-05,2023,0.0238366411066339,66.54,0.3,168545559,180484974893,378263,950951871,2023,5,0.49999999999999994,-0.8660254037844387,0.0236730099314099,0.024630714680274,0.0242952287937318,41,1
2,台北市,2023-05,2023,0.0238366411066339,66.54,0.3,168545559,180484974893,4226077,8073340297,2023,5,0.49999999999999994,-0.8660254037844387,0.0236730099314099,0.024630714680274,0.0242952287937318,41,0
2,台北市,2023-05,2023,0.0238366411066339,66.54,0.3,168545559,180484974893,2670,171501624,2023,5,0.49999999999999994,-0.8660254037844387,0.0236730099314099,0.024630714680274,0.0242952287937318,43,1
2,台北市,2023-05,2023,0.0238366411066339,66.54,0.3,168545559,180484974893,13924,21655045,2023,5,0.49999999999999994,-0.8660254037844387,0.0236730099314099,0.024630714680274,0.0242952287937318,43,0
2,台北市,2023-05,2023,0.0238366411066339,66.54,0.3,168545559,180484974893,3564139,28033060920,2023,5,0.49999999999999994,-0.8660254037844387,0.0236730099314099,0.024630714680274,0.0242952287937318,44,1
2,台北市,2023-05,2023,0.0238366411066339,66.54,0.3,168545559,180484974893,5565359,7168548816,2023,5,0.49999999999999994,-0.8660254037844387,0.0236730099314099,0.024630714680274,0.0242952287937318,44,0
2,台北市,2023-05,2023,0.0238366411066339,66.54,0.3,168545559,180484974893,23341,187113668,2023,5,0.49999999999999994,-0.8660254037844387,0.0236730099314099,0.024630714680274,0.0242952287937318,46,0
2,台北市,2023-05,2023,0.0238366411066339,66.54,0.3,168545559,180484974893,32542,212508549,2023,5,0.49999999999999994,-0.8660254037844387,0.0236730099314099,0.024630714680274,0.0242952287937318,46,1
2,台北市,2023-05,2023,0.0238366411066339,66.54,0.3,168545559,180484974893,750,2124059,2023,5,0.49999999999999994,-0.8660254037844387,0.0236730099314099,0.024630714680274,0.0242952287937318,48,0
2,台北市,2023-05,2023,0.0238366411066339,66.54,0.3,168545559,180484974893,1424,31370154,2023,5,0.49999999999999994,-0.8660254037844387,0.0236730099314099,0.024630714680274,0.0242952287937318,48,1
2,台北市,2023-05,2023,0.0238366411066339,66.54,0.3,168545559,180484974893,59913,480787572,2023,5,0.49999999999999994,-0.8660254037844387,0.0236730099314099,0.024630714680274,0.0242952287937318,50,1
2,台北市,2023-05,2023,0.0238366411066339,66.54,0.3,168545559,180484974893,120334,462185293,2023,5,0.49999999999999994,-0.8660254037844387,0.0236730099314099,0.024630714680274,0.0242952287937318,50,0
2,台北市,2023-05,2023,0.0238366411066339,66.54,0.3,168545559,180484974893,3,2097,2023,5,0.49999999999999994,-0.8660254037844387,0.0236730099314099,0.024630714680274,0.0242952287937318,51,0
2,台北市,2023-05,2023,0.0238366411066339,66.54,0.3,168545559,180484974893,31815,378111798,2023,5,0.49999999999999994,-0.8660254037844387,0.0236730099314099,0.024630714680274,0.0242952287937318,52,1
2,台北市,2023-05,2023,0.0238366411066339,66.54,0.3,168545559,180484974893,22377,6917593,2023,5,0.49999999999999994,-0.8660254037844387,0.0236730099314099,0.024630714680274,0.0242952287937318,52,0
2,台北市,2023-05,2023,0.0238366411066339,66.54,0.3,168545559,180484974893,5,7500,2023,5,0.49999999999999994,-0.8660254037844387,0.0236730099314099,0.024630714680274,0.0242952287937318,53,0
2,台北市,2023-05,2023,0.0238366411066339,66.54,0.3,168545559,180484974893,2929,17740394,2023,5,0.49999999999999994,-0.8660254037844387,0.0236730099314099,0.024630714680274,0.0242952287937318,53,1
2,台北市,2023-05,2023,0.0238366411066339,66.54,0.3,168545559,180484974893,3,10039,2023,5,0.49999999999999994,-0.8660254037844387,0.0236730099314099,0.024630714680274,0.0242952287937318,54,0
2,台北市,2023-05,2023,0.0238366411066339,66.54,0.3,168545559,180484974893,2253,2090304878,2023,5,0.49999999999999994,-0.8660254037844387,0.0236730099314099,0.024630714680274,0.0242952287937318,54,1
2,台北市,2023-05,2023,0.0238366411066339,66.54,0.3,168545559,180484974893,355,4119893,2023,5,0.49999999999999994,-0.8660254037844387,0.0236730099314099,0.024630714680274,0.0242952287937318,56,0
2,台北市,2023-05,2023,0.0238366411066339,66.54,0.3,168545559,180484974893,318,68236840,2023,5,0.49999999999999994,-0.8660254037844387,0.0236730099314099,0.024630714680274,0.0242952287937318,56,1
2,台北市,2023-05,2023,0.0238366411066339,66.54,0.3,168545559,180484974893,173,1816651,2023,5,0.49999999999999994,-0.8660254037844387,0.0236730099314099,0.024630714680274,0.0242952287937318,57,1
2,台北市,2023-05,2023,0.0238366411066339,66.54,0.3,168545559,180484974893,3107,591846,2023,5,0.49999999999999994,-0.8660254037844387,0.0236730099314099,0.024630714680274,0.0242952287937318,58,0
2,台北市,2023-05,2023,0.0238366411066339,66.54,0.3,168545559,180484974893,3713,63273145,2023,5,0.49999999999999994,-0.8660254037844387,0.0236730099314099,0.024630714680274,0.0242952287937318,58,1
2,台北市,2023-05,2023,0.0238366411066339,66.54,0.3,168545559,180484974893,300,779974,2023,5,0.49999999999999994,-0.8660254037844387,0.0236730099314099,0.024630714680274,0.0242952287937318,59,0
2,台北市,2023-05,2023,0.0238366411066339,66.54,0.3,168545559,180484974893,80,2595231,2023,5,0.49999999999999994,-0.8660254037844387,0.0236730099314099,0.024630714680274,0.0242952287937318,59,1
2,台北市,2023-05,2023,0.0238366411066339,66.54,0.3,168545559,180484974893,13,285725,2023,5,0.49999999999999994,-0.8660254037844387,0.0236730099314099,0.024630714680274,0.0242952287937318,60,1
2,台北市,2023-05,2023,0.0238366411066339,66.54,0.3,168545559,180484974893,797567,331013858,2023,5,0.49999999999999994,-0.8660254037844387,0.0236730099314099,0.024630714680274,0.0242952287937318,60,0
2,台北市,2023-05,2023,0.0238366411066339,66.54,0.3,168545559,180484974893,240,1310878,2023,5,0.49999999999999994,-0.8660254037844387,0.0236730099314099,0.024630714680274,0.0242952287937318,61,0
2,台北市,2023-05,2023,0.0238366411066339,66.54,0.3,168545559,180484974893,760,3419373,2023,5,0.49999999999999994,-0.8660254037844387,0.0236730099314099,0.024630714680274,0.0242952287937318,61,1
2,台北市,2023-05,2023,0.0238366411066339,66.54,0.3,168545559,180484974893,1,1736,2023,5,0.49999999999999994,-0.8660254037844387,0.0236730099314099,0.024630714680274,0.0242952287937318,62,1
2,台北市,2023-05,2023,0.0238366411066339,66.54,0.3,168545559,180484974893,53410,17043711,2023,5,0.49999999999999994,-0.8660254037844387,0.0236730099314099,0.024630714680274,0.0242952287937318,63,0
2,台北市,2023-05,2023,0.0238366411066339,66.54,0.3,168545559,180484974893,104695,60325949,2023,5,0.49999999999999994,-0.8660254037844387,0.0236730099314099,0.024630714680274,0.0242952287937318,63,1
2,台北市,2023-05,2023,0.0238366411066339,66.54,0.3,168545559,180484974893,655,66343666,2023,5,0.49999999999999994,-0.8660254037844387,0.0236730099314099,0.024630714680274,0.0242952287937318,66,1
2,台北市,2023-05,2023,0.0238366411066339,66.54,0.3,168545559,180484974893,1664,4493207,2023,5,0.49999999999999994,-0.8660254037844387,0.0236730099314099,0.024630714680274,0.0242952287937318,66,0
2,台北市,2023-05,2023,0.0238366411066339,66.54,0.3,168545559,180484974893,878265,556307793,2023,5,0.49999999999999994,-0.8660254037844387,0.0236730099314099,0.024630714680274,0.0242952287937318,67,0
2,台北市,2023-05,2023,0.0238366411066339,66.54,0.3,168545559,180484974893,96416,6808706053,2023,5,0.49999999999999994,-0.8660254037844387,0.0236730099314099,0.024630714680274,0.0242952287937318,67,1
2,台北市,2023-05,2023,0.0238366411066339,66.54,0.3,168545559,180484974893,2252,4136002,2023,5,0.49999999999999994,-0.8660254037844387,0.0236730099314099,0.024630714680274,0.0242952287937318,68,0
2,台北市,2023-05,2023,0.0238366411066339,66.54,0.3,168545559,180484974893,414,2209407,2023,5,0.49999999999999994,-0.8660254037844387,0.0236730099314099,0.024630714680274,0.0242952287937318,68,1
2,台北市,2023-05,2023,0.0238366411066339,66.54,0.3,168545559,180484974893,1259,25180604,2023,5,0.49999999999999994,-0.8660254037844387,0.0236730099314099,0.024630714680274,0.0242952287937318,69,1
2,台北市,2023-05,2023,0.0238366411066339,66.54,0.3,168545559,180484974893,2214,6756628,2023,5,0.49999999999999994,-0.8660254037844387,0.0236730099314099,0.024630714680274,0.0242952287937318,69,0
2,台北市,2023-05,2023,0.0238366411066339,66.54,0.3,168545559,180484974893,2598,7125698,2023,5,0.49999999999999994,-0.8660254037844387,0.0236730099314099,0.024630714680274,0.0242952287937318,70,0
2,台北市,2023-05,2023,0.0238366411066339,66.54,0.3,168545559,180484974893,10041,9231113,2023,5,0.49999999999999994,-0.8660254037844387,0.0236730099314099,0.024630714680274,0.0242952287937318,70,1
2,台北市,2023-05,2023,0.0238366411066339,66.54,0.3,168545559,180484974893,14,28022,2023,5,0.49999999999999994,-0.8660254037844387,0.0236730099314099,0.024630714680274,0.0242952287937318,71,1
2,台北市,2023-05,2023,0.0238366411066339,66.54,0.3,168545559,180484974893,13254,278609830,2023,5,0.49999999999999994,-0.8660254037844387,0.0236730099314099,0.024630714680274,0.0242952287937318,72,1
2,台北市,2023-05,2023,0.0238366411066339,66.54,0.3,168545559,180484974893,45,24045680,2023,5,0.49999999999999994,-0.8660254037844387,0.0236730099314099,0.024630714680274,0.0242952287937318,72,0
2,台北市,2023-05,2023,0.0238366411066339,66.54,0.3,168545559,180484974893,37979,68942137,2023,5,0.49999999999999994,-0.8660254037844387,0.0236730099314099,0.024630714680274,0.0242952287937318,73,1
2,台北市,2023-05,2023,0.0238366411066339,66.54,0.3,168545559,180484974893,40006,39108538,2023,5,0.49999999999999994,-0.8660254037844387,0.0236730099314099,0.024630714680274,0.0242952287937318,73,0
2,台北市,2023-05,2023,0.0238366411066339,66.54,0.3,168545559,180484974893,145945,780804621,2023,5,0.49999999999999994,-0.8660254037844387,0.0236730099314099,0.024630714680274,0.0242952287937318,75,1
2,台北市,2023-05,2023,0.0238366411066339,66.54,0.3,168545559,180484974893,724559,577569180,2023,5,0.49999999999999994,-0.8660254037844387,0.0236730099314099,0.024630714680274,0.0242952287937318,75,0
2,台北市,2023-05,2023,0.0238366411066339,66.54,0.3,168545559,180484974893,525129,790159015,2023,5,0.49999999999999994,-0.8660254037844387,0.0236730099314099,0.024630714680274,0.0242952287937318,77,1
2,台北市,2023-05,2023,0.0238366411066339,66.54,0.3,168545559,180484974893,29529435,13544332928,2023,5,0.49999999999999994,-0.8660254037844387,0.0236730099314099,0.024630714680274,0.0242952287937318,77,0
2,台北市,2023-05,2023,0.0238366411066339,66.54,0.3,168545559,180484974893,8001,13610462,2023,5,0.49999999999999994,-0.8660254037844387,0.0236730099314099,0.024630714680274,0.0242952287937318,78,0
2,台北市,2023-05,2023,0.0238366411066339,66.54,0.3,168545559,180484974893,2773,121549100,2023,5,0.49999999999999994,-0.8660254037844387,0.0236730099314099,0.024630714680274,0.0242952287937318,78,1
2,台北市,2023-05,2023,0.0238366411066339,66.54,0.3,168545559,180484974893,283721,395234663,2023,5,0.49999999999999994,-0.8660254037844387,0.0236730099314099,0.024630714680274,0.0242952287937318,79,1
2,台北市,2023-05,2023,0.0238366411066339,66.54,0.3,168545559,180484974893,266070,315844503,2023,5,0.49999999999999994,-0.8660254037844387,0.0236730099314099,0.024630714680274,0.0242952287937318,79,0
2,台北市,2023-05,2023,0.0238366411066339,66.54,0.3,168545559,180484974893,2082469,3172342028,2023,5,0.49999999999999994,-0.8660254037844387,0.0236730099314099,0.024630714680274,0.0242952287937318,80,1
2,台北市,2023-05,2023,0.0238366411066339,66.54,0.3,168545559,180484974893,1460315,280793554,2023,5,0.49999999999999994,-0.8660254037844387,0.0236730099314099,0.024630714680274,0.0242952287937318,80,0
2,台北市,2023-05,2023,0.0238366411066339,66.54,0.3,168545559,180484974893,3817,2223925,2023,5,0.49999999999999994,-0.8660254037844387,0.0236730099314099,0.024630714680274,0.0242952287937318,81,0
2,台北市,2023-05,2023,0.0238366411066339,66.54,0.3,168545559,180484974893,7479,4363629,2023,5,0.49999999999999994,-0.8660254037844387,0.0236730099314099,0.024630714680274,0.0242952287937318,81,1
2,台北市,2023-05,2023,0.0238366411066339,66.54,0.3,168545559,180484974893,4516,70556762,2023,5,0.49999999999999994,-0.8660254037844387,0.0236730099314099,0.024630714680274,0.0242952287937318,83,1
2,台北市,2023-05,2023,0.0238366411066339,66.54,0.3,168545559,180484974893,10095,60059325,2023,5,0.49999999999999994,-0.8660254037844387,0.0236730099314099,0.024630714680274,0.0242952287937318,83,0
2,台北市,2023-05,2023,0.0238366411066339,66.54,0.3,168545559,180484974893,179,236350,2023,5,0.49999999999999994,-0.8660254037844387,0.0236730099314099,0.024630714680274,0.0242952287937318,84,0
2,台北市,2023-05,2023,0.0238366411066339,66.54,0.3,168545559,180484974893,1243,250182476,2023,5,0.49999999999999994,-0.8660254037844387,0.0236730099314099,0.024630714680274,0.0242952287937318,84,1
2,台北市,2023-05,2023,0.0238366411066339,66.54,0.3,168545559,180484974893,63486,122443817,2023,5,0.49999999999999994,-0.8660254037844387,0.0236730099314099,0.024630714680274,0.0242952287937318,86,0
2,台北市,2023-05,2023,0.0238366411066339,66.54,0.3,168545559,180484974893,31056,3444786433,2023,5,0.49999999999999994,-0.8660254037844387,0.0236730099314099,0.024630714680274,0.0242952287937318,86,1
2,台北市,2023-05,2023,0.0238366411066339,66.54,0.3,168545559,180484974893,108539,130541355,2023,5,0.49999999999999994,-0.8660254037844387,0.0236730099314099,0.024630714680274,0.0242952287937318,87,1
2,台北市,2023-05,2023,0.0238366411066339,66.54,0.3,168545559,180484974893,180485,183954771,2023,5,0.49999999999999994,-0.8660254037844387,0.0236730099314099,0.024630714680274,0.0242952287937318,87,0
2,台北市,2023-05,2023,0.0238366411066339,66.54,0.3,168545559,180484974893,43665218,25000420905,2023,5,0.49999999999999994,-0.8660254037844387,0.0236730099314099,0.024630714680274,0.0242952287937318,88,0
2,台北市,2023-05,2023,0.0238366411066339,66.54,0.3,168545559,180484974893,32683978,25151438846,2023,5,0.49999999999999994,-0.8660254037844387,0.0236730099314099,0.024630714680274,0.0242952287937318,88,1
2,台北市,2023-05,2023,0.0238366411066339,66.54,0.3,168545559,180484974893,15833964,11252618257,2023,5,0.49999999999999994,-0.8660254037844387,0.0236730099314099,0.024630714680274,0.0242952287937318,89,0
2,台北市,2023-05,2023,0.0238366411066339,66.54,0.3,168545559,180484974893,101022,1259239718,2023,5,0.49999999999999994,-0.8660254037844387,0.0236730099314099,0.024630714680274,0.0242952287937318,89,1
2,台北市,2023-05,2023,0.0238366411066339,66.54,0.3,168545559,180484974893,19261,24282411,2023,5,0.49999999999999994,-0.8660254037844387,0.0236730099314099,0.024630714680274,0.0242952287937318,90,1
2,台北市,2023-05,2023,0.0238366411066339,66.54,0.3,168545559,180484974893,851500,1231720654,2023,5,0.49999999999999994,-0.8660254037844387,0.0236730099314099,0.024630714680274,0.0242952287937318,90,0
2,台北市,2023-05,2023,0.0238366411066339,66.54,0.3,168545559,180484974893,10903,12127251,2023,5,0.49999999999999994,-0.8660254037844387,0.0236730099314099,0.024630714680274,0.0242952287937318,91,0
2,台北市,2023-05,2023,0.0238366411066339,66.54,0.3,168545559,180484974893,3842,388695093,2023,5,0.49999999999999994,-0.8660254037844387,0.0236730099314099,0.024630714680274,0.0242952287937318,91,1
2,台北市,2023-05,2023,0.0238366411066339,66.54,0.3,168545559,180484974893,1061,287451524,2023,5,0.49999999999999994,-0.8660254037844387,0.0236730099314099,0.024630714680274,0.0242952287937318,93,1
2,台北市,2023-05,2023,0.0238366411066339,66.54,0.3,168545559,180484974893,589,3621748,2023,5,0.49999999999999994,-0.8660254037844387,0.0236730099314099,0.024630714680274,0.0242952287937318,93,0
2,台北市,2023-05,2023,0.0238366411066339,66.54,0.3,168545559,180484974893,3701,503221966,2023,5,0.49999999999999994,-0.8660254037844387,0.0236730099314099,0.024630714680274,0.0242952287937318,94,1
2,台北市,2023-05,2023,0.0238366411066339,66.54,0.3,168545559,180484974893,22980,41350073,2023,5,0.49999999999999994,-0.8660254037844387,0.0236730099314099,0.024630714680274,0.0242952287937318,94,0
2,台北市,2023-05,2023,0.0238366411066339,66.54,0.3,168545559,180484974893,1025724,363906241,2023,5,0.49999999999999994,-0.8660254037844387,0.0236730099314099,0.024630714680274,0.0242952287937318,95,0
2,台北市,2023-05,2023,0.0238366411066339,66.54,0.3,168545559,180484974893,72956,447936921,2023,5,0.49999999999999994,-0.8660254037844387,0.0236730099314099,0.024630714680274,0.0242952287937318,95,1
2,台北市,2023-05,2023,0.0238366411066339,66.54,0.3,168545559,180484974893,4472,508550534,2023,5,0.49999999999999994,-0.8660254037844387,0.0236730099314099,0.024630714680274,0.0242952287937318,97,1
2,台北市,2023-05,2023,0.0238366411066339,66.54,0.3,168545559,180484974893,135,775878,2023,5,0.49999999999999994,-0.8660254037844387,0.0236730099314099,0.024630714680274,0.0242952287937318,97,0
2,台北市,2023-05,2023,0.0238366411066339,66.54,0.3,168545559,180484974893,354785,148089690,2023,5,0.49999999999999994,-0.8660254037844387,0.0236730099314099,0.024630714680274,0.0242952287937318,98,0
2,台北市,2023-05,2023,0.0238366411066339,66.54,0.3,168545559,180484974893,577898,481826581,2023,5,0.49999999999999994,-0.8660254037844387,0.0236730099314099,0.024630714680274,0.0242952287937318,98,1
2,台北市,2023-05,2023,0.0238366411066339,66.54,0.3,168545559,180484974893,8471,1619830,2023,5,0.49999999999999994,-0.8660254037844387,0.0236730099314099,0.024630714680274,0.0242952287937318,100,0
2,台北市,2023-05,2023,0.0238366411066339,66.54,0.3,168545559,180484974893,11423,7456693,2023,5,0.49999999999999994,-0.8660254037844387,0.0236730099314099,0.024630714680274,0.0242952287937318,100,1
2,台北市,2023-05,2023,0.0238366411066339,66.54,0.3,168545559,180484974893,10749660,4723288391,2023,5,0.49999999999999994,-0.8660254037844387,0.0236730099314099,0.024630714680274,0.0242952287937318,101,1
2,台北市,2023-05,2023,0.0238366411066339,66.54,0.3,168545559,180484974893,8070718,2603167269,2023,5,0.49999999999999994,-0.8660254037844387,0.0236730099314099,0.024630714680274,0.0242952287937318,101,0
2,台北市,2023-06,2023,0.0238027336359308,66.54,0.3,165014366,180215260906,96004,2926406587,2023,6,1.2246467991473532e-16,-1.0,0.0238366411066339,0.0236730099314099,0.024630714680274,0,1
2,台北市,2023-06,2023,0.0238027336359308,66.54,0.3,165014366,180215260906,50100,743811440,2023,6,1.2246467991473532e-16,-1.0,0.0238366411066339,0.0236730099314099,0.024630714680274,0,0
2,台北市,2023-06,2023,0.0238027336359308,66.54,0.3,165014366,180215260906,560875,10983891727,2023,6,1.2246467991473532e-16,-1.0,0.0238366411066339,0.0236730099314099,0.024630714680274,1,1
2,台北市,2023-06,2023,0.0238027336359308,66.54,0.3,165014366,180215260906,511084,572958571,2023,6,1.2246467991473532e-16,-1.0,0.0238366411066339,0.0236730099314099,0.024630714680274,1,0
2,台北市,2023-06,2023,0.0238027336359308,66.54,0.3,165014366,180215260906,17155,7839516,2023,6,1.2246467991473532e-16,-1.0,0.0238366411066339,0.0236730099314099,0.024630714680274,2,0
2,台北市,2023-06,2023,0.0238027336359308,66.54,0.3,165014366,180215260906,269564,218810585,2023,6,1.2246467991473532e-16,-1.0,0.0238366411066339,0.0236730099314099,0.024630714680274,2,1
2,台北市,2023-06,2023,0.0238027336359308,66.54,0.3,165014366,180215260906,116084,156710503,2023,6,1.2246467991473532e-16,-1.0,0.0238366411066339,0.0236730099314099,0.024630714680274,3,0
2,台北市,2023-06,2023,0.0238027336359308,66.54,0.3,165014366,180215260906,89710,503875590,2023,6,1.2246467991473532e-16,-1.0,0.0238366411066339,0.0236730099314099,0.024630714680274,3,1
2,台北市,2023-06,2023,0.0238027336359308,66.54,0.3,165014366,180215260906,48282,118583509,2023,6,1.2246467991473532e-16,-1.0,0.0238366411066339,0.0236730099314099,0.024630714680274,5,0
2,台北市,2023-06,2023,0.0238027336359308,66.54,0.3,165014366,180215260906,267186,1429257634,2023,6,1.2246467991473532e-16,-1.0,0.0238366411066339,0.0236730099314099,0.024630714680274,5,1
2,台北市,2023-06,2023,0.0238027336359308,66.54,0.3,165014366,180215260906,1346,63549006,2023,6,1.2246467991473532e-16,-1.0,0.0238366411066339,0.0236730099314099,0.024630714680274,6,1
2,台北市,2023-06,2023,0.0238027336359308,66.54,0.3,165014366,180215260906,1806,13254911,2023,6,1.2246467991473532e-16,-1.0,0.0238366411066339,0.0236730099314099,0.024630714680274,6,0
2,台北市,2023-06,2023,0.0238027336359308,66.54,0.3,165014366,180215260906,11331,17006323,2023,6,1.2246467991473532e-16,-1.0,0.0238366411066339,0.0236730099314099,0.024630714680274,7,0
2,台北市,2023-06,2023,0.0238027336359308,66.54,0.3,165014366,180215260906,7315,325907103,2023,6,1.2246467991473532e-16,-1.0,0.0238366411066339,0.0236730099314099,0.024630714680274,7,1
2,台北市,2023-06,2023,0.0238027336359308,66.54,0.3,165014366,180215260906,7101,43458859,2023,6,1.2246467991473532e-16,-1.0,0.0238366411066339,0.0236730099314099,0.024630714680274,8,1
2,台北市,2023-06,2023,0.0238027336359308,66.54,0.3,165014366,180215260906,4059,16889520,2023,6,1.2246467991473532e-16,-1.0,0.0238366411066339,0.0236730099314099,0.024630714680274,8,0
2,台北市,2023-06,2023,0.0238027336359308,66.54,0.3,165014366,180215260906,21787,700455129,2023,6,1.2246467991473532e-16,-1.0,0.0238366411066339,0.0236730099314099,0.024630714680274,9,1
2,台北市,2023-06,2023,0.0238027336359308,66.54,0.3,165014366,180215260906,6901,28975037,2023,6,1.2246467991473532e-16,-1.0,0.0238366411066339,0.0236730099314099,0.024630714680274,9,0
2,台北市,2023-06,2023,0.0238027336359308,66.54,0.3,165014366,180215260906,4881,12997831,2023,6,1.2246467991473532e-16,-1.0,0.0238366411066339,0.0236730099314099,0.024630714680274,12,0
2,台北市,2023-06,2023,0.0238027336359308,66.54,0.3,165014366,180215260906,4791,380753609,2023,6,1.2246467991473532e-16,-1.0,0.0238366411066339,0.0236730099314099,0.024630714680274,12,1
2,台北市,2023-06,2023,0.0238027336359308,66.54,0.3,165014366,180215260906,10399,26453198,2023,6,1.2246467991473532e-16,-1.0,0.0238366411066339,0.0236730099314099,0.024630714680274,13,0
2,台北市,2023-06,2023,0.0238027336359308,66.54,0.3,165014366,180215260906,10245,137758368,2023,6,1.2246467991473532e-16,-1.0,0.0238366411066339,0.0236730099314099,0.024630714680274,13,1
2,台北市,2023-06,2023,0.0238027336359308,66.54,0.3,165014366,180215260906,1550,469597,2023,6,1.2246467991473532e-16,-1.0,0.0238366411066339,0.0236730099314099,0.024630714680274,14,0
2,台北市,2023-06,2023,0.0238027336359308,66.54,0.3,165014366,180215260906,8179,2482189,2023,6,1.2246467991473532e-16,-1.0,0.0238366411066339,0.0236730099314099,0.024630714680274,14,1
2,台北市,2023-06,2023,0.0238027336359308,66.54,0.3,165014366,180215260906,1956,10096773,2023,6,1.2246467991473532e-16,-1.0,0.0238366411066339,0.0236730099314099,0.024630714680274,15,1
2,台北市,2023-06,2023,0.0238027336359308,66.54,0.3,165014366,180215260906,1459,8461170,2023,6,1.2246467991473532e-16,-1.0,0.0238366411066339,0.0236730099314099,0.024630714680274,15,0
2,台北市,2023-06,2023,0.0238027336359308,66.54,0.3,165014366,180215260906,1024,15556098,2023,6,1.2246467991473532e-16,-1.0,0.0238366411066339,0.0236730099314099,0.024630714680274,16,1
2,台北市,2023-06,2023,0.0238027336359308,66.54,0.3,165014366,180215260906,913,1360995,2023,6,1.2246467991473532e-16,-1.0,0.0238366411066339,0.0236730099314099,0.024630714680274,16,0
2,台北市,2023-06,2023,0.0238027336359308,66.54,0.3,165014366,180215260906,113170,140319020,2023,6,1.2246467991473532e-16,-1.0,0.0238366411066339,0.0236730099314099,0.024630714680274,17,0
2,台北市,2023-06,2023,0.0238027336359308,66.54,0.3,165014366,180215260906,44394,116614343,2023,6,1.2246467991473532e-16,-1.0,0.0238366411066339,0.0236730099314099,0.024630714680274,17,1
2,台北市,2023-06,2023,0.0238027336359308,66.54,0.3,165014366,180215260906,26674,40507557,2023,6,1.2246467991473532e-16,-1.0,0.0238366411066339,0.0236730099314099,0.024630714680274,18,1
2,台北市,2023-06,2023,0.0238027336359308,66.54,0.3,165014366,180215260906,31460,20948677,2023,6,1.2246467991473532e-16,-1.0,0.0238366411066339,0.0236730099314099,0.024630714680274,18,0
2,台北市,2023-06,2023,0.0238027336359308,66.54,0.3,165014366,180215260906,510,297230255,2023,6,1.2246467991473532e-16,-1.0,0.0238366411066339,0.0236730099314099,0.024630714680274,19,1
2,台北市,2023-06,2023,0.0238027336359308,66.54,0.3,165014366,180215260906,878,1332028,2023,6,1.2246467991473532e-16,-1.0,0.0238366411066339,0.0236730099314099,0.024630714680274,19,0
2,台北市,2023-06,2023,0.0238027336359308,66.54,0.3,165014366,180215260906,17,29500,2023,6,1.2246467991473532e-16,-1.0,0.0238366411066339,0.0236730099314099,0.024630714680274,20,0
2,台北市,2023-06,2023,0.0238027336359308,66.54,0.3,165014366,180215260906,2,348950754,2023,6,1.2246467991473532e-16,-1.0,0.0238366411066339,0.0236730099314099,0.024630714680274,20,1
2,台北市,2023-06,2023,0.0238027336359308,66.54,0.3,165014366,180215260906,10175,28892882,2023,6,1.2246467991473532e-16,-1.0,0.0238366411066339,0.0236730099314099,0.024630714680274,21,1
2,台北市,2023-06,2023,0.0238027336359308,66.54,0.3,165014366,180215260906,7742,17356198,2023,6,1.2246467991473532e-16,-1.0,0.0238366411066339,0.0236730099314099,0.024630714680274,21,0
2,台北市,2023-06,2023,0.0238027336359308,66.54,0.3,165014366,180215260906,3118,742711,2023,6,1.2246467991473532e-16,-1.0,0.0238366411066339,0.0236730099314099,0.024630714680274,22,0
2,台北市,2023-06,2023,0.0238027336359308,66.54,0.3,165014366,180215260906,5057,1246830,2023,6,1.2246467991473532e-16,-1.0,0.0238366411066339,0.0236730099314099,0.024630714680274,22,1
2,台北市,2023-06,2023,0.0238027336359308,66.54,0.3,165014366,180215260906,104,78955,2023,6,1.2246467991473532e-16,-1.0,0.0238366411066339,0.0236730099314099,0.024630714680274,23,0
2,台北市,2023-06,2023,0.0238027336359308,66.54,0.3,165014366,180215260906,2116,185652100,2023,6,1.2246467991473532e-16,-1.0,0.0238366411066339,0.0236730099314099,0.024630714680274,23,1
2,台北市,2023-06,2023,0.0238027336359308,66.54,0.3,165014366,180215260906,115,208284296,2023,6,1.2246467991473532e-16,-1.0,0.0238366411066339,0.0236730099314099,0.024630714680274,24,1
2,台北市,2023-06,2023,0.0238027336359308,66.54,0.3,165014366,180215260906,947,200374503,2023,6,1.2246467991473532e-16,-1.0,0.0238366411066339,0.0236730099314099,0.024630714680274,25,1
2,台北市,2023-06,2023,0.0238027336359308,66.54,0.3,165014366,180215260906,253,455256,2023,6,1.2246467991473532e-16,-1.0,0.0238366411066339,0.0236730099314099,0.024630714680274,25,0
2,台北市,2023-06,2023,0.0238027336359308,66.54,0.3,165014366,180215260906,21152,4075387,2023,6,1.2246467991473532e-16,-1.0,0.0238366411066339,0.0236730099314099,0.024630714680274,26,0
2,台北市,2023-06,2023,0.0238027336359308,66.54,0.3,165014366,180215260906,5662,19247101,2023,6,1.2246467991473532e-16,-1.0,0.0238366411066339,0.0236730099314099,0.024630714680274,26,1
2,台北市,2023-06,2023,0.0238027336359308,66.54,0.3,165014366,180215260906,19,395420,2023,6,1.2246467991473532e-16,-1.0,0.0238366411066339,0.0236730099314099,0.024630714680274,27,1
2,台北市,2023-06,2023,0.0238027336359308,66.54,0.3,165014366,180215260906,43,70527,2023,6,1.2246467991473532e-16,-1.0,0.0238366411066339,0.0236730099314099,0.024630714680274,27,0
2,台北市,2023-06,2023,0.0238027336359308,66.54,0.3,165014366,180215260906,27143,1080307994,2023,6,1.2246467991473532e-16,-1.0,0.0238366411066339,0.0236730099314099,0.024630714680274,28,1
2,台北市,2023-06,2023,0.0238027336359308,66.54,0.3,165014366,180215260906,50941,179712021,2023,6,1.2246467991473532e-16,-1.0,0.0238366411066339,0.0236730099314099,0.024630714680274,28,0
2,台北市,2023-06,2023,0.0238027336359308,66.54,0.3,165014366,180215260906,23612,78488978,2023,6,1.2246467991473532e-16,-1.0,0.0238366411066339,0.0236730099314099,0.024630714680274,30,0
2,台北市,2023-06,2023,0.0238027336359308,66.54,0.3,165014366,180215260906,9828,143235002,2023,6,1.2246467991473532e-16,-1.0,0.0238366411066339,0.0236730099314099,0.024630714680274,30,1
2,台北市,2023-06,2023,0.0238027336359308,66.54,0.3,165014366,180215260906,947,1408007,2023,6,1.2246467991473532e-16,-1.0,0.0238366411066339,0.0236730099314099,0.024630714680274,31,1
2,台北市,2023-06,2023,0.0238027336359308,66.54,0.3,165014366,180215260906,137,258873,2023,6,1.2246467991473532e-16,-1.0,0.0238366411066339,0.0236730099314099,0.024630714680274,33,0
2,台北市,2023-06,2023,0.0238027336359308,66.54,0.3,165014366,180215260906,628,78511580,2023,6,1.2246467991473532e-16,-1.0,0.0238366411066339,0.0236730099314099,0.024630714680274,33,1
2,台北市,2023-06,2023,0.0238027336359308,66.54,0.3,165014366,180215260906,29,134500,2023,6,1.2246467991473532e-16,-1.0,0.0238366411066339,0.0236730099314099,0.024630714680274,34,0
2,台北市,2023-06,2023,0.0238027336359308,66.54,0.3,165014366,180215260906,2,7625,2023,6,1.2246467991473532e-16,-1.0,0.0238366411066339,0.0236730099314099,0.024630714680274,34,1
2,台北市,2023-06,2023,0.0238027336359308,66.54,0.3,165014366,180215260906,86596,245649498,2023,6,1.2246467991473532e-16,-1.0,0.0238366411066339,0.0236730099314099,0.024630714680274,36,1
2,台北市,2023-06,2023,0.0238027336359308,66.54,0.3,165014366,180215260906,116171,97208580,2023,6,1.2246467991473532e-16,-1.0,0.0238366411066339,0.0236730099314099,0.024630714680274,36,0
2,台北市,2023-06,2023,0.0238027336359308,66.54,0.3,165014366,180215260906,12434,102494601,2023,6,1.2246467991473532e-16,-1.0,0.0238366411066339,0.0236730099314099,0.024630714680274,37,1
2,台北市,2023-06,2023,0.0238027336359308,66.54,0.3,165014366,180215260906,193222,304046032,2023,6,1.2246467991473532e-16,-1.0,0.0238366411066339,0.0236730099314099,0.024630714680274,37,0
2,台北市,2023-06,2023,0.0238027336359308,66.54,0.3,165014366,180215260906,1641,7149064,2023,6,1.2246467991473532e-16,-1.0,0.0238366411066339,0.0236730099314099,0.024630714680274,38,0
2,台北市,2023-06,2023,0.0238027336359308,66.54,0.3,165014366,180215260906,3411,50094393,2023,6,1.2246467991473532e-16,-1.0,0.0238366411066339,0.0236730099314099,0.024630714680274,38,1
2,台北市,2023-06,2023,0.0238027336359308,66.54,0.3,165014366,180215260906,7046,1344989210,2023,6,1.2246467991473532e-16,-1.0,0.0238366411066339,0.0236730099314099,0.024630714680274,39,1
2,台北市,2023-06,2023,0.0238027336359308,66.54,0.3,165014366,180215260906,1551,246998268,2023,6,1.2246467991473532e-16,-1.0,0.0238366411066339,0.0236730099314099,0.024630714680274,39,0
2,台北市,2023-06,2023,0.0238027336359308,66.54,0.3,165014366,180215260906,1576,5676592,2023,6,1.2246467991473532e-16,-1.0,0.0238366411066339,0.0236730099314099,0.024630714680274,40,0
2,台北市,2023-06,2023,0.0238027336359308,66.54,0.3,165014366,180215260906,5462,41324284,2023,6,1.2246467991473532e-16,-1.0,0.0238366411066339,0.0236730099314099,0.024630714680274,40,1
2,台北市,2023-06,2023,0.0238027336359308,66.54,0.3,165014366,180215260906,4420892,8433361102,2023,6,1.2246467991473532e-16,-1.0,0.0238366411066339,0.0236730099314099,0.024630714680274,41,0
2,台北市,2023-06,2023,0.0238027336359308,66.54,0.3,165014366,180215260906,368085,919170721,2023,6,1.2246467991473532e-16,-1.0,0.0238366411066339,0.0236730099314099,0.024630714680274,41,1
2,台北市,2023-06,2023,0.0238027336359308,66.54,0.3,165014366,180215260906,2678,193055975,2023,6,1.2246467991473532e-16,-1.0,0.0238366411066339,0.0236730099314099,0.024630714680274,43,1
2,台北市,2023-06,2023,0.0238027336359308,66.54,0.3,165014366,180215260906,13051,20033795,2023,6,1.2246467991473532e-16,-1.0,0.0238366411066339,0.0236730099314099,0.024630714680274,43,0
2,台北市,2023-06,2023,0.0238027336359308,66.54,0.3,165014366,180215260906,3379476,29425609319,2023,6,1.2246467991473532e-16,-1.0,0.0238366411066339,0.0236730099314099,0.024630714680274,44,1
2,台北市,2023-06,2023,0.0238027336359308,66.54,0.3,165014366,180215260906,5605262,7842182177,2023,6,1.2246467991473532e-16,-1.0,0.0238366411066339,0.0236730099314099,0.024630714680274,44,0
2,台北市,2023-06,2023,0.0238027336359308,66.54,0.3,165014366,180215260906,38536,235075886,2023,6,1.2246467991473532e-16,-1.0,0.0238366411066339,0.0236730099314099,0.024630714680274,46,1
2,台北市,2023-06,2023,0.0238027336359308,66.54,0.3,165014366,180215260906,28320,197923833,2023,6,1.2246467991473532e-16,-1.0,0.0238366411066339,0.0236730099314099,0.024630714680274,46,0
2,台北市,2023-06,2023,0.0238027336359308,66.54,0.3,165014366,180215260906,1100,3586761,2023,6,1.2246467991473532e-16,-1.0,0.0238366411066339,0.0236730099314099,0.024630714680274,48,0
2,台北市,2023-06,2023,0.0238027336359308,66.54,0.3,165014366,180215260906,1441,51067102,2023,6,1.2246467991473532e-16,-1.0,0.0238366411066339,0.0236730099314099,0.024630714680274,48,1
2,台北市,2023-06,2023,0.0238027336359308,66.54,0.3,165014366,180215260906,63137,440450912,2023,6,1.2246467991473532e-16,-1.0,0.0238366411066339,0.0236730099314099,0.024630714680274,50,1
2,台北市,2023-06,2023,0.0238027336359308,66.54,0.3,165014366,180215260906,117876,450010729,2023,6,1.2246467991473532e-16,-1.0,0.0238366411066339,0.0236730099314099,0.024630714680274,50,0
2,台北市,2023-06,2023,0.0238027336359308,66.54,0.3,165014366,180215260906,2,1398,2023,6,1.2246467991473532e-16,-1.0,0.0238366411066339,0.0236730099314099,0.024630714680274,51,0
2,台北市,2023-06,2023,0.0238027336359308,66.54,0.3,165014366,180215260906,29368,297139415,2023,6,1.2246467991473532e-16,-1.0,0.0238366411066339,0.0236730099314099,0.024630714680274,52,1
2,台北市,2023-06,2023,0.0238027336359308,66.54,0.3,165014366,180215260906,21077,6749901,2023,6,1.2246467991473532e-16,-1.0,0.0238366411066339,0.0236730099314099,0.024630714680274,52,0
2,台北市,2023-06,2023,0.0238027336359308,66.54,0.3,165014366,180215260906,3062,15370653,2023,6,1.2246467991473532e-16,-1.0,0.0238366411066339,0.0236730099314099,0.024630714680274,53,1
2,台北市,2023-06,2023,0.0238027336359308,66.54,0.3,165014366,180215260906,5,7500,2023,6,1.2246467991473532e-16,-1.0,0.0238366411066339,0.0236730099314099,0.024630714680274,53,0
2,台北市,2023-06,2023,0.0238027336359308,66.54,0.3,165014366,180215260906,2157,2505797098,2023,6,1.2246467991473532e-16,-1.0,0.0238366411066339,0.0236730099314099,0.024630714680274,54,1
2,台北市,2023-06,2023,0.0238027336359308,66.54,0.3,165014366,180215260906,131,526694,2023,6,1.2246467991473532e-16,-1.0,0.0238366411066339,0.0236730099314099,0.024630714680274,54,0
2,台北市,2023-06,2023,0.0238027336359308,66.54,0.3,165014366,180215260906,137,46248511,2023,6,1.2246467991473532e-16,-1.0,0.0238366411066339,0.0236730099314099,0.024630714680274,56,1
2,台北市,2023-06,2023,0.0238027336359308,66.54,0.3,165014366,180215260906,493,8420376,2023,6,1.2246467991473532e-16,-1.0,0.0238366411066339,0.0236730099314099,0.024630714680274,56,0
2,台北市,2023-06,2023,0.0238027336359308,66.54,0.3,165014366,180215260906,132,54412100,2023,6,1.2246467991473532e-16,-1.0,0.0238366411066339,0.0236730099314099,0.024630714680274,57,1
2,台北市,2023-06,2023,0.0238027336359308,66.54,0.3,165014366,180215260906,2982,581115,2023,6,1.2246467991473532e-16,-1.0,0.0238366411066339,0.0236730099314099,0.024630714680274,58,0
2,台北市,2023-06,2023,0.0238027336359308,66.54,0.3,165014366,180215260906,3578,65364913,2023,6,1.2246467991473532e-16,-1.0,0.0238366411066339,0.0236730099314099,0.024630714680274,58,1
2,台北市,2023-06,2023,0.0238027336359308,66.54,0.3,165014366,180215260906,97,13016954,2023,6,1.2246467991473532e-16,-1.0,0.0238366411066339,0.0236730099314099,0.024630714680274,59,1
2,台北市,2023-06,2023,0.0238027336359308,66.54,0.3,165014366,180215260906,458,1282068,2023,6,1.2246467991473532e-16,-1.0,0.0238366411066339,0.0236730099314099,0.024630714680274,59,0
2,台北市,2023-06,2023,0.0238027336359308,66.54,0.3,165014366,180215260906,18,1390066,2023,6,1.2246467991473532e-16,-1.0,0.0238366411066339,0.0236730099314099,0.024630714680274,60,1
2,台北市,2023-06,2023,0.0238027336359308,66.54,0.3,165014366,180215260906,747869,312420240,2023,6,1.2246467991473532e-16,-1.0,0.0238366411066339,0.0236730099314099,0.024630714680274,60,0
2,台北市,2023-06,2023,0.0238027336359308,66.54,0.3,165014366,180215260906,1037,4272772,2023,6,1.2246467991473532e-16,-1.0,0.0238366411066339,0.0236730099314099,0.024630714680274,61,1
2,台北市,2023-06,2023,0.0238027336359308,66.54,0.3,165014366,180215260906,252,1337354,2023,6,1.2246467991473532e-16,-1.0,0.0238366411066339,0.0236730099314099,0.024630714680274,61,0
2,台北市,2023-06,2023,0.0238027336359308,66.54,0.3,165014366,180215260906,14,24976,2023,6,1.2246467991473532e-16,-1.0,0.0238366411066339,0.0236730099314099,0.024630714680274,62,1
2,台北市,2023-06,2023,0.0238027336359308,66.54,0.3,165014366,180215260906,52261,17229831,2023,6,1.2246467991473532e-16,-1.0,0.0238366411066339,0.0236730099314099,0.024630714680274,63,0
2,台北市,2023-06,2023,0.0238027336359308,66.54,0.3,165014366,180215260906,100423,56482754,2023,6,1.2246467991473532e-16,-1.0,0.0238366411066339,0.0236730099314099,0.024630714680274,63,1
2,台北市,2023-06,2023,0.0238027336359308,66.54,0.3,165014366,180215260906,1417,3529409,2023,6,1.2246467991473532e-16,-1.0,0.0238366411066339,0.0236730099314099,0.024630714680274,66,0
2,台北市,2023-06,2023,0.0238027336359308,66.54,0.3,165014366,180215260906,406,62692136,2023,6,1.2246467991473532e-16,-1.0,0.0238366411066339,0.0236730099314099,0.024630714680274,66,1
2,台北市,2023-06,2023,0.0238027336359308,66.54,0.3,165014366,180215260906,97954,5882503943,2023,6,1.2246467991473532e-16,-1.0,0.0238366411066339,0.0236730099314099,0.024630714680274,67,1
2,台北市,2023-06,2023,0.0238027336359308,66.54,0.3,165014366,180215260906,887884,592660304,2023,6,1.2246467991473532e-16,-1.0,0.0238366411066339,0.0236730099314099,0.024630714680274,67,0
2,台北市,2023-06,2023,0.0238027336359308,66.54,0.3,165014366,180215260906,2001,5556028,2023,6,1.2246467991473532e-16,-1.0,0.0238366411066339,0.0236730099314099,0.024630714680274,68,0
2,台北市,2023-06,2023,0.0238027336359308,66.54,0.3,165014366,180215260906,363,1625595,2023,6,1.2246467991473532e-16,-1.0,0.0238366411066339,0.0236730099314099,0.024630714680274,68,1
2,台北市,2023-06,2023,0.0238027336359308,66.54,0.3,165014366,180215260906,2170,4356637,2023,6,1.2246467991473532e-16,-1.0,0.0238366411066339,0.0236730099314099,0.024630714680274,69,0
2,台北市,2023-06,2023,0.0238027336359308,66.54,0.3,165014366,180215260906,1288,22661919,2023,6,1.2246467991473532e-16,-1.0,0.0238366411066339,0.0236730099314099,0.024630714680274,69,1
2,台北市,2023-06,2023,0.0238027336359308,66.54,0.3,165014366,180215260906,10969,19717403,2023,6,1.2246467991473532e-16,-1.0,0.0238366411066339,0.0236730099314099,0.024630714680274,70,1
2,台北市,2023-06,2023,0.0238027336359308,66.54,0.3,165014366,180215260906,2611,6212980,2023,6,1.2246467991473532e-16,-1.0,0.0238366411066339,0.0236730099314099,0.024630714680274,70,0
2,台北市,2023-06,2023,0.0238027336359308,66.54,0.3,165014366,180215260906,10,28580,2023,6,1.2246467991473532e-16,-1.0,0.0238366411066339,0.0236730099314099,0.024630714680274,71,1
2,台北市,2023-06,2023,0.0238027336359308,66.54,0.3,165014366,180215260906,12424,270965994,2023,6,1.2246467991473532e-16,-1.0,0.0238366411066339,0.0236730099314099,0.024630714680274,72,1
2,台北市,2023-06,2023,0.0238027336359308,66.54,0.3,165014366,180215260906,19,19869080,2023,6,1.2246467991473532e-16,-1.0,0.0238366411066339,0.0236730099314099,0.024630714680274,72,0
2,台北市,2023-06,2023,0.0238027336359308,66.54,0.3,165014366,180215260906,26503,151542872,2023,6,1.2246467991473532e-16,-1.0,0.0238366411066339,0.0236730099314099,0.024630714680274,73,1
2,台北市,2023-06,2023,0.0238027336359308,66.54,0.3,165014366,180215260906,21597,34334947,2023,6,1.2246467991473532e-16,-1.0,0.0238366411066339,0.0236730099314099,0.024630714680274,73,0
2,台北市,2023-06,2023,0.0238027336359308,66.54,0.3,165014366,180215260906,141152,922285537,2023,6,1.2246467991473532e-16,-1.0,0.0238366411066339,0.0236730099314099,0.024630714680274,75,1
2,台北市,2023-06,2023,0.0238027336359308,66.54,0.3,165014366,180215260906,696827,521591916,2023,6,1.2246467991473532e-16,-1.0,0.0238366411066339,0.0236730099314099,0.024630714680274,75,0
2,台北市,2023-06,2023,0.0238027336359308,66.54,0.3,165014366,180215260906,549805,1159623525,2023,6,1.2246467991473532e-16,-1.0,0.0238366411066339,0.0236730099314099,0.024630714680274,77,1
2,台北市,2023-06,2023,0.0238027336359308,66.54,0.3,165014366,180215260906,29673039,13868382987,2023,6,1.2246467991473532e-16,-1.0,0.0238366411066339,0.0236730099314099,0.024630714680274,77,0
2,台北市,2023-06,2023,0.0238027336359308,66.54,0.3,165014366,180215260906,1933,138735322,2023,6,1.2246467991473532e-16,-1.0,0.0238366411066339,0.0236730099314099,0.024630714680274,78,1
2,台北市,2023-06,2023,0.0238027336359308,66.54,0.3,165014366,180215260906,7826,13143045,2023,6,1.2246467991473532e-16,-1.0,0.0238366411066339,0.0236730099314099,0.024630714680274,78,0
2,台北市,2023-06,2023,0.0238027336359308,66.54,0.3,165014366,180215260906,268231,324763564,2023,6,1.2246467991473532e-16,-1.0,0.0238366411066339,0.0236730099314099,0.024630714680274,79,0
2,台北市,2023-06,2023,0.0238027336359308,66.54,0.3,165014366,180215260906,295763,404281279,2023,6,1.2246467991473532e-16,-1.0,0.0238366411066339,0.0236730099314099,0.024630714680274,79,1
2,台北市,2023-06,2023,0.0238027336359308,66.54,0.3,165014366,180215260906,2004849,4069264055,2023,6,1.2246467991473532e-16,-1.0,0.0238366411066339,0.0236730099314099,0.024630714680274,80,1
2,台北市,2023-06,2023,0.0238027336359308,66.54,0.3,165014366,180215260906,1433441,289073919,2023,6,1.2246467991473532e-16,-1.0,0.0238366411066339,0.0236730099314099,0.024630714680274,80,0
2,台北市,2023-06,2023,0.0238027336359308,66.54,0.3,165014366,180215260906,4421,2153411,2023,6,1.2246467991473532e-16,-1.0,0.0238366411066339,0.0236730099314099,0.024630714680274,81,0
2,台北市,2023-06,2023,0.0238027336359308,66.54,0.3,165014366,180215260906,7828,5086829,2023,6,1.2246467991473532e-16,-1.0,0.0238366411066339,0.0236730099314099,0.024630714680274,81,1
2,台北市,2023-06,2023,0.0238027336359308,66.54,0.3,165014366,180215260906,9485,55450849,2023,6,1.2246467991473532e-16,-1.0,0.0238366411066339,0.0236730099314099,0.024630714680274,83,0
2,台北市,2023-06,2023,0.0238027336359308,66.54,0.3,165014366,180215260906,4525,71369683,2023,6,1.2246467991473532e-16,-1.0,0.0238366411066339,0.0236730099314099,0.024630714680274,83,1
2,台北市,2023-06,2023,0.0238027336359308,66.54,0.3,165014366,180215260906,1442,238124646,2023,6,1.2246467991473532e-16,-1.0,0.0238366411066339,0.0236730099314099,0.024630714680274,84,1
2,台北市,2023-06,2023,0.0238027336359308,66.54,0.3,165014366,180215260906,224,204615,2023,6,1.2246467991473532e-16,-1.0,0.0238366411066339,0.0236730099314099,0.024630714680274,84,0
2,台北市,2023-06,2023,0.0238027336359308,66.54,0.3,165014366,180215260906,29437,3181489582,2023,6,1.2246467991473532e-16,-1.0,0.0238366411066339,0.0236730099314099,0.024630714680274,86,1
2,台北市,2023-06,2023,0.0238027336359308,66.54,0.3,165014366,180215260906,55385,113212870,2023,6,1.2246467991473532e-16,-1.0,0.0238366411066339,0.0236730099314099,0.024630714680274,86,0
2,台北市,2023-06,2023,0.0238027336359308,66.54,0.3,165014366,180215260906,201171,227907959,2023,6,1.2246467991473532e-16,-1.0,0.0238366411066339,0.0236730099314099,0.024630714680274,87,0
2,台北市,2023-06,2023,0.0238027336359308,66.54,0.3,165014366,180215260906,122237,98630774,2023,6,1.2246467991473532e-16,-1.0,0.0238366411066339,0.0236730099314099,0.024630714680274,87,1
2,台北市,2023-06,2023,0.0238027336359308,66.54,0.3,165014366,180215260906,31666409,23657334134,2023,6,1.2246467991473532e-16,-1.0,0.0238366411066339,0.0236730099314099,0.024630714680274,88,1
2,台北市,2023-06,2023,0.0238027336359308,66.54,0.3,165014366,180215260906,43068329,24076554702,2023,6,1.2246467991473532e-16,-1.0,0.0238366411066339,0.0236730099314099,0.024630714680274,88,0
2,台北市,2023-06,2023,0.0238027336359308,66.54,0.3,165014366,180215260906,14885760,10948484713,2023,6,1.2246467991473532e-16,-1.0,0.0238366411066339,0.0236730099314099,0.024630714680274,89,0
2,台北市,2023-06,2023,0.0238027336359308,66.54,0.3,165014366,180215260906,98937,491973542,2023,6,1.2246467991473532e-16,-1.0,0.0238366411066339,0.0236730099314099,0.024630714680274,89,1
2,台北市,2023-06,2023,0.0238027336359308,66.54,0.3,165014366,180215260906,779459,1171183214,2023,6,1.2246467991473532e-16,-1.0,0.0238366411066339,0.0236730099314099,0.024630714680274,90,0
2,台北市,2023-06,2023,0.0238027336359308,66.54,0.3,165014366,180215260906,18643,33425719,2023,6,1.2246467991473532e-16,-1.0,0.0238366411066339,0.0236730099314099,0.024630714680274,90,1
2,台北市,2023-06,2023,0.0238027336359308,66.54,0.3,165014366,180215260906,8398,13591727,2023,6,1.2246467991473532e-16,-1.0,0.0238366411066339,0.0236730099314099,0.024630714680274,91,0
2,台北市,2023-06,2023,0.0238027336359308,66.54,0.3,165014366,180215260906,3919,394785734,2023,6,1.2246467991473532e-16,-1.0,0.0238366411066339,0.0236730099314099,0.024630714680274,91,1
2,台北市,2023-06,2023,0.0238027336359308,66.54,0.3,165014366,180215260906,1119,298835563,2023,6,1.2246467991473532e-16,-1.0,0.0238366411066339,0.0236730099314099,0.024630714680274,93,1
2,台北市,2023-06,2023,0.0238027336359308,66.54,0.3,165014366,180215260906,176,995984,2023,6,1.2246467991473532e-16,-1.0,0.0238366411066339,0.0236730099314099,0.024630714680274,93,0
2,台北市,2023-06,2023,0.0238027336359308,66.54,0.3,165014366,180215260906,24487,47088835,2023,6,1.2246467991473532e-16,-1.0,0.0238366411066339,0.0236730099314099,0.024630714680274,94,0
2,台北市,2023-06,2023,0.0238027336359308,66.54,0.3,165014366,180215260906,3496,588153255,2023,6,1.2246467991473532e-16,-1.0,0.0238366411066339,0.0236730099314099,0.024630714680274,94,1
2,台北市,2023-06,2023,0.0238027336359308,66.54,0.3,165014366,180215260906,73034,437599239,2023,6,1.2246467991473532e-16,-1.0,0.0238366411066339,0.0236730099314099,0.024630714680274,95,1
2,台北市,2023-06,2023,0.0238027336359308,66.54,0.3,165014366,180215260906,1046578,387685566,2023,6,1.2246467991473532e-16,-1.0,0.0238366411066339,0.0236730099314099,0.024630714680274,95,0
2,台北市,2023-06,2023,0.0238027336359308,66.54,0.3,165014366,180215260906,150,851346,2023,6,1.2246467991473532e-16,-1.0,0.0238366411066339,0.0236730099314099,0.024630714680274,97,0
2,台北市,2023-06,2023,0.0238027336359308,66.54,0.3,165014366,180215260906,4261,399223607,2023,6,1.2246467991473532e-16,-1.0,0.0238366411066339,0.0236730099314099,0.024630714680274,97,1
2,台北市,2023-06,2023,0.0238027336359308,66.54,0.3,165014366,180215260906,314170,130854273,2023,6,1.2246467991473532e-16,-1.0,0.0238366411066339,0.0236730099314099,0.024630714680274,98,0
2,台北市,2023-06,2023,0.0238027336359308,66.54,0.3,165014366,180215260906,515703,448895193,2023,6,1.2246467991473532e-16,-1.0,0.0238366411066339,0.0236730099314099,0.024630714680274,98,1
2,台北市,2023-06,2023,0.0238027336359308,66.54,0.3,165014366,180215260906,10447,7024658,2023,6,1.2246467991473532e-16,-1.0,0.0238366411066339,0.0236730099314099,0.024630714680274,100,1
2,台北市,2023-06,2023,0.0238027336359308,66.54,0.3,165014366,180215260906,7902,1222806,2023,6,1.2246467991473532e-16,-1.0,0.0238366411066339,0.0236730099314099,0.024630714680274,100,0
2,台北市,2023-06,2023,0.0238027336359308,66.54,0.3,165014366,180215260906,10217199,4630928297,2023,6,1.2246467991473532e-16,-1.0,0.0238366411066339,0.0236730099314099,0.024630714680274,101,1
2,台北市,2023-06,2023,0.0238027336359308,66.54,0.3,165014366,180215260906,7734674,2537398824,2023,6,1.2246467991473532e-16,-1.0,0.0238366411066339,0.0236730099314099,0.024630714680274,101,0
2,台北市,2023-07,2023,0.0230027642927473,67.13,0.15,172601473,180285931136,47357,290143306,2023,7,-0.4999999999999998,-0.8660254037844388,0.0238027336359308,0.0238366411066339,0.0236730099314099,0,0
2,台北市,2023-07,2023,0.0230027642927473,67.13,0.15,172601473,180285931136,97589,4233690530,2023,7,-0.4999999999999998,-0.8660254037844388,0.0238027336359308,0.0238366411066339,0.0236730099314099,0,1
2,台北市,2023-07,2023,0.0230027642927473,67.13,0.15,172601473,180285931136,626427,12768725076,2023,7,-0.4999999999999998,-0.8660254037844388,0.0238027336359308,0.0238366411066339,0.0236730099314099,1,1
2,台北市,2023-07,2023,0.0230027642927473,67.13,0.15,172601473,180285931136,587956,940812741,2023,7,-0.4999999999999998,-0.8660254037844388,0.0238027336359308,0.0238366411066339,0.0236730099314099,1,0
2,台北市,2023-07,2023,0.0230027642927473,67.13,0.15,172601473,180285931136,288612,231264840,2023,7,-0.4999999999999998,-0.8660254037844388,0.0238027336359308,0.0238366411066339,0.0236730099314099,2,1
2,台北市,2023-07,2023,0.0230027642927473,67.13,0.15,172601473,180285931136,13033,7902370,2023,7,-0.4999999999999998,-0.8660254037844388,0.0238027336359308,0.0238366411066339,0.0236730099314099,2,0
2,台北市,2023-07,2023,0.0230027642927473,67.13,0.15,172601473,180285931136,121836,180625579,2023,7,-0.4999999999999998,-0.8660254037844388,0.0238027336359308,0.0238366411066339,0.0236730099314099,3,0
2,台北市,2023-07,2023,0.0230027642927473,67.13,0.15,172601473,180285931136,94134,456466042,2023,7,-0.4999999999999998,-0.8660254037844388,0.0238027336359308,0.0238366411066339,0.0236730099314099,3,1
2,台北市,2023-07,2023,0.0230027642927473,67.13,0.15,172601473,180285931136,56692,161364896,2023,7,-0.4999999999999998,-0.8660254037844388,0.0238027336359308,0.0238366411066339,0.0236730099314099,5,0
2,台北市,2023-07,2023,0.0230027642927473,67.13,0.15,172601473,180285931136,285243,1551656064,2023,7,-0.4999999999999998,-0.8660254037844388,0.0238027336359308,0.0238366411066339,0.0236730099314099,5,1
2,台北市,2023-07,2023,0.0230027642927473,67.13,0.15,172601473,180285931136,1916,15285367,2023,7,-0.4999999999999998,-0.8660254037844388,0.0238027336359308,0.0238366411066339,0.0236730099314099,6,0
2,台北市,2023-07,2023,0.0230027642927473,67.13,0.15,172601473,180285931136,1417,69425300,2023,7,-0.4999999999999998,-0.8660254037844388,0.0238027336359308,0.0238366411066339,0.0236730099314099,6,1
2,台北市,2023-07,2023,0.0230027642927473,67.13,0.15,172601473,180285931136,9606,12831890,2023,7,-0.4999999999999998,-0.8660254037844388,0.0238027336359308,0.0238366411066339,0.0236730099314099,7,0
2,台北市,2023-07,2023,0.0230027642927473,67.13,0.15,172601473,180285931136,7847,483791266,2023,7,-0.4999999999999998,-0.8660254037844388,0.0238027336359308,0.0238366411066339,0.0236730099314099,7,1
2,台北市,2023-07,2023,0.0230027642927473,67.13,0.15,172601473,180285931136,6277,36140967,2023,7,-0.4999999999999998,-0.8660254037844388,0.0238027336359308,0.0238366411066339,0.0236730099314099,8,1
2,台北市,2023-07,2023,0.0230027642927473,67.13,0.15,172601473,180285931136,4692,15422752,2023,7,-0.4999999999999998,-0.8660254037844388,0.0238027336359308,0.0238366411066339,0.0236730099314099,8,0
2,台北市,2023-07,2023,0.0230027642927473,67.13,0.15,172601473,180285931136,23381,736798308,2023,7,-0.4999999999999998,-0.8660254037844388,0.0238027336359308,0.0238366411066339,0.0236730099314099,9,1
2,台北市,2023-07,2023,0.0230027642927473,67.13,0.15,172601473,180285931136,7287,31812750,2023,7,-0.4999999999999998,-0.8660254037844388,0.0238027336359308,0.0238366411066339,0.0236730099314099,9,0
2,台北市,2023-07,2023,0.0230027642927473,67.13,0.15,172601473,180285931136,2411,5005111,2023,7,-0.4999999999999998,-0.8660254037844388,0.0238027336359308,0.0238366411066339,0.0236730099314099,12,0
2,台北市,2023-07,2023,0.0230027642927473,67.13,0.15,172601473,180285931136,4477,358801578,2023,7,-0.4999999999999998,-0.8660254037844388,0.0238027336359308,0.0238366411066339,0.0236730099314099,12,1
2,台北市,2023-07,2023,0.0230027642927473,67.13,0.15,172601473,180285931136,11748,23406772,2023,7,-0.4999999999999998,-0.8660254037844388,0.0238027336359308,0.0238366411066339,0.0236730099314099,13,0
2,台北市,2023-07,2023,0.0230027642927473,67.13,0.15,172601473,180285931136,12296,62455913,2023,7,-0.4999999999999998,-0.8660254037844388,0.0238027336359308,0.0238366411066339,0.0236730099314099,13,1
2,台北市,2023-07,2023,0.0230027642927473,67.13,0.15,172601473,180285931136,1726,537543,2023,7,-0.4999999999999998,-0.8660254037844388,0.0238027336359308,0.0238366411066339,0.0236730099314099,14,0
2,台北市,2023-07,2023,0.0230027642927473,67.13,0.15,172601473,180285931136,8913,2831605,2023,7,-0.4999999999999998,-0.8660254037844388,0.0238027336359308,0.0238366411066339,0.0236730099314099,14,1
2,台北市,2023-07,2023,0.0230027642927473,67.13,0.15,172601473,180285931136,870,7318856,2023,7,-0.4999999999999998,-0.8660254037844388,0.0238027336359308,0.0238366411066339,0.0236730099314099,15,0
2,台北市,2023-07,2023,0.0230027642927473,67.13,0.15,172601473,180285931136,2694,10425415,2023,7,-0.4999999999999998,-0.8660254037844388,0.0238027336359308,0.0238366411066339,0.0236730099314099,15,1
2,台北市,2023-07,2023,0.0230027642927473,67.13,0.15,172601473,180285931136,1072,13900829,2023,7,-0.4999999999999998,-0.8660254037844388,0.0238027336359308,0.0238366411066339,0.0236730099314099,16,1
2,台北市,2023-07,2023,0.0230027642927473,67.13,0.15,172601473,180285931136,1001,1560309,2023,7,-0.4999999999999998,-0.8660254037844388,0.0238027336359308,0.0238366411066339,0.0236730099314099,16,0
2,台北市,2023-07,2023,0.0230027642927473,67.13,0.15,172601473,180285931136,124881,172849569,2023,7,-0.4999999999999998,-0.8660254037844388,0.0238027336359308,0.0238366411066339,0.0236730099314099,17,0
2,台北市,2023-07,2023,0.0230027642927473,67.13,0.15,172601473,180285931136,49407,112612263,2023,7,-0.4999999999999998,-0.8660254037844388,0.0238027336359308,0.0238366411066339,0.0236730099314099,17,1
2,台北市,2023-07,2023,0.0230027642927473,67.13,0.15,172601473,180285931136,41670,30772759,2023,7,-0.4999999999999998,-0.8660254037844388,0.0238027336359308,0.0238366411066339,0.0236730099314099,18,1
2,台北市,2023-07,2023,0.0230027642927473,67.13,0.15,172601473,180285931136,44996,31990324,2023,7,-0.4999999999999998,-0.8660254037844388,0.0238027336359308,0.0238366411066339,0.0236730099314099,18,0
2,台北市,2023-07,2023,0.0230027642927473,67.13,0.15,172601473,180285931136,473,63685583,2023,7,-0.4999999999999998,-0.8660254037844388,0.0238027336359308,0.0238366411066339,0.0236730099314099,19,1
2,台北市,2023-07,2023,0.0230027642927473,67.13,0.15,172601473,180285931136,866,1302762,2023,7,-0.4999999999999998,-0.8660254037844388,0.0238027336359308,0.0238366411066339,0.0236730099314099,19,0
2,台北市,2023-07,2023,0.0230027642927473,67.13,0.15,172601473,180285931136,2,515048623,2023,7,-0.4999999999999998,-0.8660254037844388,0.0238027336359308,0.0238366411066339,0.0236730099314099,20,1
2,台北市,2023-07,2023,0.0230027642927473,67.13,0.15,172601473,180285931136,15,29100,2023,7,-0.4999999999999998,-0.8660254037844388,0.0238027336359308,0.0238366411066339,0.0236730099314099,20,0
2,台北市,2023-07,2023,0.0230027642927473,67.13,0.15,172601473,180285931136,6084,66465198,2023,7,-0.4999999999999998,-0.8660254037844388,0.0238027336359308,0.0238366411066339,0.0236730099314099,21,1
2,台北市,2023-07,2023,0.0230027642927473,67.13,0.15,172601473,180285931136,7576,25355501,2023,7,-0.4999999999999998,-0.8660254037844388,0.0238027336359308,0.0238366411066339,0.0236730099314099,21,0
2,台北市,2023-07,2023,0.0230027642927473,67.13,0.15,172601473,180285931136,8108,1962781,2023,7,-0.4999999999999998,-0.8660254037844388,0.0238027336359308,0.0238366411066339,0.0236730099314099,22,1
2,台北市,2023-07,2023,0.0230027642927473,67.13,0.15,172601473,180285931136,3476,899675,2023,7,-0.4999999999999998,-0.8660254037844388,0.0238027336359308,0.0238366411066339,0.0236730099314099,22,0
2,台北市,2023-07,2023,0.0230027642927473,67.13,0.15,172601473,180285931136,2214,55397246,2023,7,-0.4999999999999998,-0.8660254037844388,0.0238027336359308,0.0238366411066339,0.0236730099314099,23,1
2,台北市,2023-07,2023,0.0230027642927473,67.13,0.15,172601473,180285931136,87,132680,2023,7,-0.4999999999999998,-0.8660254037844388,0.0238027336359308,0.0238366411066339,0.0236730099314099,23,0
2,台北市,2023-07,2023,0.0230027642927473,67.13,0.15,172601473,180285931136,136,187176961,2023,7,-0.4999999999999998,-0.8660254037844388,0.0238027336359308,0.0238366411066339,0.0236730099314099,24,1
2,台北市,2023-07,2023,0.0230027642927473,67.13,0.15,172601473,180285931136,239,502778,2023,7,-0.4999999999999998,-0.8660254037844388,0.0238027336359308,0.0238366411066339,0.0236730099314099,25,0
2,台北市,2023-07,2023,0.0230027642927473,67.13,0.15,172601473,180285931136,1000,204714057,2023,7,-0.4999999999999998,-0.8660254037844388,0.0238027336359308,0.0238366411066339,0.0236730099314099,25,1
2,台北市,2023-07,2023,0.0230027642927473,67.13,0.15,172601473,180285931136,22235,4299165,2023,7,-0.4999999999999998,-0.8660254037844388,0.0238027336359308,0.0238366411066339,0.0236730099314099,26,0
2,台北市,2023-07,2023,0.0230027642927473,67.13,0.15,172601473,180285931136,5732,23853836,2023,7,-0.4999999999999998,-0.8660254037844388,0.0238027336359308,0.0238366411066339,0.0236730099314099,26,1
2,台北市,2023-07,2023,0.0230027642927473,67.13,0.15,172601473,180285931136,44,1232654,2023,7,-0.4999999999999998,-0.8660254037844388,0.0238027336359308,0.0238366411066339,0.0236730099314099,27,1
2,台北市,2023-07,2023,0.0230027642927473,67.13,0.15,172601473,180285931136,66,226144,2023,7,-0.4999999999999998,-0.8660254037844388,0.0238027336359308,0.0238366411066339,0.0236730099314099,27,0
2,台北市,2023-07,2023,0.0230027642927473,67.13,0.15,172601473,180285931136,52721,157963273,2023,7,-0.4999999999999998,-0.8660254037844388,0.0238027336359308,0.0238366411066339,0.0236730099314099,28,0
2,台北市,2023-07,2023,0.0230027642927473,67.13,0.15,172601473,180285931136,29499,766609631,2023,7,-0.4999999999999998,-0.8660254037844388,0.0238027336359308,0.0238366411066339,0.0236730099314099,28,1
2,台北市,2023-07,2023,0.0230027642927473,67.13,0.15,172601473,180285931136,25074,83145157,2023,7,-0.4999999999999998,-0.8660254037844388,0.0238027336359308,0.0238366411066339,0.0236730099314099,30,0
2,台北市,2023-07,2023,0.0230027642927473,67.13,0.15,172601473,180285931136,11483,51053348,2023,7,-0.4999999999999998,-0.8660254037844388,0.0238027336359308,0.0238366411066339,0.0236730099314099,30,1
2,台北市,2023-07,2023,0.0230027642927473,67.13,0.15,172601473,180285931136,964,1380950,2023,7,-0.4999999999999998,-0.8660254037844388,0.0238027336359308,0.0238366411066339,0.0236730099314099,31,1
2,台北市,2023-07,2023,0.0230027642927473,67.13,0.15,172601473,180285931136,173,299670,2023,7,-0.4999999999999998,-0.8660254037844388,0.0238027336359308,0.0238366411066339,0.0236730099314099,33,0
2,台北市,2023-07,2023,0.0230027642927473,67.13,0.15,172601473,180285931136,607,123006812,2023,7,-0.4999999999999998,-0.8660254037844388,0.0238027336359308,0.0238366411066339,0.0236730099314099,33,1
2,台北市,2023-07,2023,0.0230027642927473,67.13,0.15,172601473,180285931136,1,5000,2023,7,-0.4999999999999998,-0.8660254037844388,0.0238027336359308,0.0238366411066339,0.0236730099314099,34,1
2,台北市,2023-07,2023,0.0230027642927473,67.13,0.15,172601473,180285931136,21,106500,2023,7,-0.4999999999999998,-0.8660254037844388,0.0238027336359308,0.0238366411066339,0.0236730099314099,34,0
2,台北市,2023-07,2023,0.0230027642927473,67.13,0.15,172601473,180285931136,126615,101815548,2023,7,-0.4999999999999998,-0.8660254037844388,0.0238027336359308,0.0238366411066339,0.0236730099314099,36,0
2,台北市,2023-07,2023,0.0230027642927473,67.13,0.15,172601473,180285931136,80657,219108324,2023,7,-0.4999999999999998,-0.8660254037844388,0.0238027336359308,0.0238366411066339,0.0236730099314099,36,1
2,台北市,2023-07,2023,0.0230027642927473,67.13,0.15,172601473,180285931136,9619,253267698,2023,7,-0.4999999999999998,-0.8660254037844388,0.0238027336359308,0.0238366411066339,0.0236730099314099,37,1
2,台北市,2023-07,2023,0.0230027642927473,67.13,0.15,172601473,180285931136,199360,312893873,2023,7,-0.4999999999999998,-0.8660254037844388,0.0238027336359308,0.0238366411066339,0.0236730099314099,37,0
2,台北市,2023-07,2023,0.0230027642927473,67.13,0.15,172601473,180285931136,3231,31377817,2023,7,-0.4999999999999998,-0.8660254037844388,0.0238027336359308,0.0238366411066339,0.0236730099314099,38,1
2,台北市,2023-07,2023,0.0230027642927473,67.13,0.15,172601473,180285931136,1665,7704097,2023,7,-0.4999999999999998,-0.8660254037844388,0.0238027336359308,0.0238366411066339,0.0236730099314099,38,0
2,台北市,2023-07,2023,0.0230027642927473,67.13,0.15,172601473,180285931136,1291,144122110,2023,7,-0.4999999999999998,-0.8660254037844388,0.0238027336359308,0.0238366411066339,0.0236730099314099,39,0
2,台北市,2023-07,2023,0.0230027642927473,67.13,0.15,172601473,180285931136,6735,614268489,2023,7,-0.4999999999999998,-0.8660254037844388,0.0238027336359308,0.0238366411066339,0.0236730099314099,39,1
2,台北市,2023-07,2023,0.0230027642927473,67.13,0.15,172601473,180285931136,4761,40247419,2023,7,-0.4999999999999998,-0.8660254037844388,0.0238027336359308,0.0238366411066339,0.0236730099314099,40,1
2,台北市,2023-07,2023,0.0230027642927473,67.13,0.15,172601473,180285931136,1584,5606914,2023,7,-0.4999999999999998,-0.8660254037844388,0.0238027336359308,0.0238366411066339,0.0236730099314099,40,0
2,台北市,2023-07,2023,0.0230027642927473,67.13,0.15,172601473,180285931136,428518,987443704,2023,7,-0.4999999999999998,-0.8660254037844388,0.0238027336359308,0.0238366411066339,0.0236730099314099,41,1
2,台北市,2023-07,2023,0.0230027642927473,67.13,0.15,172601473,180285931136,4232107,7529636332,2023,7,-0.4999999999999998,-0.8660254037844388,0.0238027336359308,0.0238366411066339,0.0236730099314099,41,0
2,台北市,2023-07,2023,0.0230027642927473,67.13,0.15,172601473,180285931136,13890,20991946,2023,7,-0.4999999999999998,-0.8660254037844388,0.0238027336359308,0.0238366411066339,0.0236730099314099,43,0
2,台北市,2023-07,2023,0.0230027642927473,67.13,0.15,172601473,180285931136,3025,142741730,2023,7,-0.4999999999999998,-0.8660254037844388,0.0238027336359308,0.0238366411066339,0.0236730099314099,43,1
2,台北市,2023-07,2023,0.0230027642927473,67.13,0.15,172601473,180285931136,5658040,7119992648,2023,7,-0.4999999999999998,-0.8660254037844388,0.0238027336359308,0.0238366411066339,0.0236730099314099,44,0
2,台北市,2023-07,2023,0.0230027642927473,67.13,0.15,172601473,180285931136,3560635,26380648908,2023,7,-0.4999999999999998,-0.8660254037844388,0.0238027336359308,0.0238366411066339,0.0236730099314099,44,1
2,台北市,2023-07,2023,0.0230027642927473,67.13,0.15,172601473,180285931136,25753,147361989,2023,7,-0.4999999999999998,-0.8660254037844388,0.0238027336359308,0.0238366411066339,0.0236730099314099,46,0
2,台北市,2023-07,2023,0.0230027642927473,67.13,0.15,172601473,180285931136,37658,208700837,2023,7,-0.4999999999999998,-0.8660254037844388,0.0238027336359308,0.0238366411066339,0.0236730099314099,46,1
2,台北市,2023-07,2023,0.0230027642927473,67.13,0.15,172601473,180285931136,1484,38679777,2023,7,-0.4999999999999998,-0.8660254037844388,0.0238027336359308,0.0238366411066339,0.0236730099314099,48,1
2,台北市,2023-07,2023,0.0230027642927473,67.13,0.15,172601473,180285931136,1027,3948430,2023,7,-0.4999999999999998,-0.8660254037844388,0.0238027336359308,0.0238366411066339,0.0236730099314099,48,0
2,台北市,2023-07,2023,0.0230027642927473,67.13,0.15,172601473,180285931136,122686,462850884,2023,7,-0.4999999999999998,-0.8660254037844388,0.0238027336359308,0.0238366411066339,0.0236730099314099,50,0
2,台北市,2023-07,2023,0.0230027642927473,67.13,0.15,172601473,180285931136,69398,482191831,2023,7,-0.4999999999999998,-0.8660254037844388,0.0238027336359308,0.0238366411066339,0.0236730099314099,50,1
2,台北市,2023-07,2023,0.0230027642927473,67.13,0.15,172601473,180285931136,30884,297259622,2023,7,-0.4999999999999998,-0.8660254037844388,0.0238027336359308,0.0238366411066339,0.0236730099314099,52,1
2,台北市,2023-07,2023,0.0230027642927473,67.13,0.15,172601473,180285931136,22861,7580423,2023,7,-0.4999999999999998,-0.8660254037844388,0.0238027336359308,0.0238366411066339,0.0236730099314099,52,0
2,台北市,2023-07,2023,0.0230027642927473,67.13,0.15,172601473,180285931136,5,7500,2023,7,-0.4999999999999998,-0.8660254037844388,0.0238027336359308,0.0238366411066339,0.0236730099314099,53,0
2,台北市,2023-07,2023,0.0230027642927473,67.13,0.15,172601473,180285931136,3052,13867577,2023,7,-0.4999999999999998,-0.8660254037844388,0.0238027336359308,0.0238366411066339,0.0236730099314099,53,1
2,台北市,2023-07,2023,0.0230027642927473,67.13,0.15,172601473,180285931136,214,551642,2023,7,-0.4999999999999998,-0.8660254037844388,0.0238027336359308,0.0238366411066339,0.0236730099314099,54,0
2,台北市,2023-07,2023,0.0230027642927473,67.13,0.15,172601473,180285931136,1785,1672165060,2023,7,-0.4999999999999998,-0.8660254037844388,0.0238027336359308,0.0238366411066339,0.0236730099314099,54,1
2,台北市,2023-07,2023,0.0230027642927473,67.13,0.15,172601473,180285931136,102,54855459,2023,7,-0.4999999999999998,-0.8660254037844388,0.0238027336359308,0.0238366411066339,0.0236730099314099,56,1
2,台北市,2023-07,2023,0.0230027642927473,67.13,0.15,172601473,180285931136,272,6117417,2023,7,-0.4999999999999998,-0.8660254037844388,0.0238027336359308,0.0238366411066339,0.0236730099314099,56,0
2,台北市,2023-07,2023,0.0230027642927473,67.13,0.15,172601473,180285931136,104,1778761,2023,7,-0.4999999999999998,-0.8660254037844388,0.0238027336359308,0.0238366411066339,0.0236730099314099,57,1
2,台北市,2023-07,2023,0.0230027642927473,67.13,0.15,172601473,180285931136,3420,61483865,2023,7,-0.4999999999999998,-0.8660254037844388,0.0238027336359308,0.0238366411066339,0.0236730099314099,58,1
2,台北市,2023-07,2023,0.0230027642927473,67.13,0.15,172601473,180285931136,3218,651132,2023,7,-0.4999999999999998,-0.8660254037844388,0.0238027336359308,0.0238366411066339,0.0236730099314099,58,0
2,台北市,2023-07,2023,0.0230027642927473,67.13,0.15,172601473,180285931136,565,1098508,2023,7,-0.4999999999999998,-0.8660254037844388,0.0238027336359308,0.0238366411066339,0.0236730099314099,59,0
2,台北市,2023-07,2023,0.0230027642927473,67.13,0.15,172601473,180285931136,63,2400846,2023,7,-0.4999999999999998,-0.8660254037844388,0.0238027336359308,0.0238366411066339,0.0236730099314099,59,1
2,台北市,2023-07,2023,0.0230027642927473,67.13,0.15,172601473,180285931136,732607,298969550,2023,7,-0.4999999999999998,-0.8660254037844388,0.0238027336359308,0.0238366411066339,0.0236730099314099,60,0
2,台北市,2023-07,2023,0.0230027642927473,67.13,0.15,172601473,180285931136,42,2637136,2023,7,-0.4999999999999998,-0.8660254037844388,0.0238027336359308,0.0238366411066339,0.0236730099314099,60,1
2,台北市,2023-07,2023,0.0230027642927473,67.13,0.15,172601473,180285931136,263,1487385,2023,7,-0.4999999999999998,-0.8660254037844388,0.0238027336359308,0.0238366411066339,0.0236730099314099,61,0
2,台北市,2023-07,2023,0.0230027642927473,67.13,0.15,172601473,180285931136,764,2930203,2023,7,-0.4999999999999998,-0.8660254037844388,0.0238027336359308,0.0238366411066339,0.0236730099314099,61,1
2,台北市,2023-07,2023,0.0230027642927473,67.13,0.15,172601473,180285931136,46,50570,2023,7,-0.4999999999999998,-0.8660254037844388,0.0238027336359308,0.0238366411066339,0.0236730099314099,62,1
2,台北市,2023-07,2023,0.0230027642927473,67.13,0.15,172601473,180285931136,104326,58251878,2023,7,-0.4999999999999998,-0.8660254037844388,0.0238027336359308,0.0238366411066339,0.0236730099314099,63,1
2,台北市,2023-07,2023,0.0230027642927473,67.13,0.15,172601473,180285931136,56546,18740054,2023,7,-0.4999999999999998,-0.8660254037844388,0.0238027336359308,0.0238366411066339,0.0236730099314099,63,0
2,台北市,2023-07,2023,0.0230027642927473,67.13,0.15,172601473,180285931136,400,50775608,2023,7,-0.4999999999999998,-0.8660254037844388,0.0238027336359308,0.0238366411066339,0.0236730099314099,66,1
2,台北市,2023-07,2023,0.0230027642927473,67.13,0.15,172601473,180285931136,1990,7077690,2023,7,-0.4999999999999998,-0.8660254037844388,0.0238027336359308,0.0238366411066339,0.0236730099314099,66,0
2,台北市,2023-07,2023,0.0230027642927473,67.13,0.15,172601473,180285931136,104432,5901299182,2023,7,-0.4999999999999998,-0.8660254037844388,0.0238027336359308,0.0238366411066339,0.0236730099314099,67,1
2,台北市,2023-07,2023,0.0230027642927473,67.13,0.15,172601473,180285931136,912159,565512323,2023,7,-0.4999999999999998,-0.8660254037844388,0.0238027336359308,0.0238366411066339,0.0236730099314099,67,0
2,台北市,2023-07,2023,0.0230027642927473,67.13,0.15,172601473,180285931136,1459,3473647,2023,7,-0.4999999999999998,-0.8660254037844388,0.0238027336359308,0.0238366411066339,0.0236730099314099,68,0
2,台北市,2023-07,2023,0.0230027642927473,67.13,0.15,172601473,180285931136,411,1467871,2023,7,-0.4999999999999998,-0.8660254037844388,0.0238027336359308,0.0238366411066339,0.0236730099314099,68,1
2,台北市,2023-07,2023,0.0230027642927473,67.13,0.15,172601473,180285931136,1109,7988096,2023,7,-0.4999999999999998,-0.8660254037844388,0.0238027336359308,0.0238366411066339,0.0236730099314099,69,1
2,台北市,2023-07,2023,0.0230027642927473,67.13,0.15,172601473,180285931136,2292,3874803,2023,7,-0.4999999999999998,-0.8660254037844388,0.0238027336359308,0.0238366411066339,0.0236730099314099,69,0
2,台北市,2023-07,2023,0.0230027642927473,67.13,0.15,172601473,180285931136,2574,6124824,2023,7,-0.4999999999999998,-0.8660254037844388,0.0238027336359308,0.0238366411066339,0.0236730099314099,70,0
2,台北市,2023-07,2023,0.0230027642927473,67.13,0.15,172601473,180285931136,10444,11499036,2023,7,-0.4999999999999998,-0.8660254037844388,0.0238027336359308,0.0238366411066339,0.0236730099314099,70,1
2,台北市,2023-07,2023,0.0230027642927473,67.13,0.15,172601473,180285931136,11,27148,2023,7,-0.4999999999999998,-0.8660254037844388,0.0238027336359308,0.0238366411066339,0.0236730099314099,71,1
2,台北市,2023-07,2023,0.0230027642927473,67.13,0.15,172601473,180285931136,55,26056026,2023,7,-0.4999999999999998,-0.8660254037844388,0.0238027336359308,0.0238366411066339,0.0236730099314099,72,0
2,台北市,2023-07,2023,0.0230027642927473,67.13,0.15,172601473,180285931136,11544,252666018,2023,7,-0.4999999999999998,-0.8660254037844388,0.0238027336359308,0.0238366411066339,0.0236730099314099,72,1
2,台北市,2023-07,2023,0.0230027642927473,67.13,0.15,172601473,180285931136,23612,34004307,2023,7,-0.4999999999999998,-0.8660254037844388,0.0238027336359308,0.0238366411066339,0.0236730099314099,73,0
2,台北市,2023-07,2023,0.0230027642927473,67.13,0.15,172601473,180285931136,50031,88469210,2023,7,-0.4999999999999998,-0.8660254037844388,0.0238027336359308,0.0238366411066339,0.0236730099314099,73,1
2,台北市,2023-07,2023,0.0230027642927473,67.13,0.15,172601473,180285931136,715368,524095877,2023,7,-0.4999999999999998,-0.8660254037844388,0.0238027336359308,0.0238366411066339,0.0236730099314099,75,0
2,台北市,2023-07,2023,0.0230027642927473,67.13,0.15,172601473,180285931136,141376,1071139051,2023,7,-0.4999999999999998,-0.8660254037844388,0.0238027336359308,0.0238366411066339,0.0236730099314099,75,1
2,台北市,2023-07,2023,0.0230027642927473,67.13,0.15,172601473,180285931136,351008,677102707,2023,7,-0.4999999999999998,-0.8660254037844388,0.0238027336359308,0.0238366411066339,0.0236730099314099,77,1
2,台北市,2023-07,2023,0.0230027642927473,67.13,0.15,172601473,180285931136,29371429,13697732303,2023,7,-0.4999999999999998,-0.8660254037844388,0.0238027336359308,0.0238366411066339,0.0236730099314099,77,0
2,台北市,2023-07,2023,0.0230027642927473,67.13,0.15,172601473,180285931136,10080,16922237,2023,7,-0.4999999999999998,-0.8660254037844388,0.0238027336359308,0.0238366411066339,0.0236730099314099,78,0
2,台北市,2023-07,2023,0.0230027642927473,67.13,0.15,172601473,180285931136,2375,108655867,2023,7,-0.4999999999999998,-0.8660254037844388,0.0238027336359308,0.0238366411066339,0.0236730099314099,78,1
2,台北市,2023-07,2023,0.0230027642927473,67.13,0.15,172601473,180285931136,296998,331253562,2023,7,-0.4999999999999998,-0.8660254037844388,0.0238027336359308,0.0238366411066339,0.0236730099314099,79,0
2,台北市,2023-07,2023,0.0230027642927473,67.13,0.15,172601473,180285931136,388245,446155932,2023,7,-0.4999999999999998,-0.8660254037844388,0.0238027336359308,0.0238366411066339,0.0236730099314099,79,1
2,台北市,2023-07,2023,0.0230027642927473,67.13,0.15,172601473,180285931136,2128359,3657527641,2023,7,-0.4999999999999998,-0.8660254037844388,0.0238027336359308,0.0238366411066339,0.0236730099314099,80,1
2,台北市,2023-07,2023,0.0230027642927473,67.13,0.15,172601473,180285931136,1557549,312642240,2023,7,-0.4999999999999998,-0.8660254037844388,0.0238027336359308,0.0238366411066339,0.0236730099314099,80,0
2,台北市,2023-07,2023,0.0230027642927473,67.13,0.15,172601473,180285931136,3861,2138091,2023,7,-0.4999999999999998,-0.8660254037844388,0.0238027336359308,0.0238366411066339,0.0236730099314099,81,0
2,台北市,2023-07,2023,0.0230027642927473,67.13,0.15,172601473,180285931136,7315,4693776,2023,7,-0.4999999999999998,-0.8660254037844388,0.0238027336359308,0.0238366411066339,0.0236730099314099,81,1
2,台北市,2023-07,2023,0.0230027642927473,67.13,0.15,172601473,180285931136,4679,78942663,2023,7,-0.4999999999999998,-0.8660254037844388,0.0238027336359308,0.0238366411066339,0.0236730099314099,83,1
2,台北市,2023-07,2023,0.0230027642927473,67.13,0.15,172601473,180285931136,9761,62373270,2023,7,-0.4999999999999998,-0.8660254037844388,0.0238027336359308,0.0238366411066339,0.0236730099314099,83,0
2,台北市,2023-07,2023,0.0230027642927473,67.13,0.15,172601473,180285931136,1888,224967179,2023,7,-0.4999999999999998,-0.8660254037844388,0.0238027336359308,0.0238366411066339,0.0236730099314099,84,1
2,台北市,2023-07,2023,0.0230027642927473,67.13,0.15,172601473,180285931136,242,192015,2023,7,-0.4999999999999998,-0.8660254037844388,0.0238027336359308,0.0238366411066339,0.0236730099314099,84,0
2,台北市,2023-07,2023,0.0230027642927473,67.13,0.15,172601473,180285931136,57550,115889091,2023,7,-0.4999999999999998,-0.8660254037844388,0.0238027336359308,0.0238366411066339,0.0236730099314099,86,0
2,台北市,2023-07,2023,0.0230027642927473,67.13,0.15,172601473,180285931136,27389,2953484840,2023,7,-0.4999999999999998,-0.8660254037844388,0.0238027336359308,0.0238366411066339,0.0236730099314099,86,1
2,台北市,2023-07,2023,0.0230027642927473,67.13,0.15,172601473,180285931136,135356,100285308,2023,7,-0.4999999999999998,-0.8660254037844388,0.0238027336359308,0.0238366411066339,0.0236730099314099,87,1
2,台北市,2023-07,2023,0.0230027642927473,67.13,0.15,172601473,180285931136,191687,190600631,2023,7,-0.4999999999999998,-0.8660254037844388,0.0238027336359308,0.0238366411066339,0.0236730099314099,87,0
2,台北市,2023-07,2023,0.0230027642927473,67.13,0.15,172601473,180285931136,46226194,26469947399,2023,7,-0.4999999999999998,-0.8660254037844388,0.0238027336359308,0.0238366411066339,0.0236730099314099,88,0
2,台北市,2023-07,2023,0.0230027642927473,67.13,0.15,172601473,180285931136,33483740,24976576509,2023,7,-0.4999999999999998,-0.8660254037844388,0.0238027336359308,0.0238366411066339,0.0236730099314099,88,1
2,台北市,2023-07,2023,0.0230027642927473,67.13,0.15,172601473,180285931136,101521,437599276,2023,7,-0.4999999999999998,-0.8660254037844388,0.0238027336359308,0.0238366411066339,0.0236730099314099,89,1
2,台北市,2023-07,2023,0.0230027642927473,67.13,0.15,172601473,180285931136,15733085,11458296782,2023,7,-0.4999999999999998,-0.8660254037844388,0.0238027336359308,0.0238366411066339,0.0236730099314099,89,0
2,台北市,2023-07,2023,0.0230027642927473,67.13,0.15,172601473,180285931136,783946,1433380443,2023,7,-0.4999999999999998,-0.8660254037844388,0.0238027336359308,0.0238366411066339,0.0236730099314099,90,0
2,台北市,2023-07,2023,0.0230027642927473,67.13,0.15,172601473,180285931136,19229,37489690,2023,7,-0.4999999999999998,-0.8660254037844388,0.0238027336359308,0.0238366411066339,0.0236730099314099,90,1
2,台北市,2023-07,2023,0.0230027642927473,67.13,0.15,172601473,180285931136,4205,503680267,2023,7,-0.4999999999999998,-0.8660254037844388,0.0238027336359308,0.0238366411066339,0.0236730099314099,91,1
2,台北市,2023-07,2023,0.0230027642927473,67.13,0.15,172601473,180285931136,13593,14909424,2023,7,-0.4999999999999998,-0.8660254037844388,0.0238027336359308,0.0238366411066339,0.0236730099314099,91,0
2,台北市,2023-07,2023,0.0230027642927473,67.13,0.15,172601473,180285931136,1042,289016909,2023,7,-0.4999999999999998,-0.8660254037844388,0.0238027336359308,0.0238366411066339,0.0236730099314099,93,1
2,台北市,2023-07,2023,0.0230027642927473,67.13,0.15,172601473,180285931136,180,799733,2023,7,-0.4999999999999998,-0.8660254037844388,0.0238027336359308,0.0238366411066339,0.0236730099314099,93,0
2,台北市,2023-07,2023,0.0230027642927473,67.13,0.15,172601473,180285931136,24730,44537278,2023,7,-0.4999999999999998,-0.8660254037844388,0.0238027336359308,0.0238366411066339,0.0236730099314099,94,0
2,台北市,2023-07,2023,0.0230027642927473,67.13,0.15,172601473,180285931136,3410,431072494,2023,7,-0.4999999999999998,-0.8660254037844388,0.0238027336359308,0.0238366411066339,0.0236730099314099,94,1
2,台北市,2023-07,2023,0.0230027642927473,67.13,0.15,172601473,180285931136,74480,543983858,2023,7,-0.4999999999999998,-0.8660254037844388,0.0238027336359308,0.0238366411066339,0.0236730099314099,95,1
2,台北市,2023-07,2023,0.0230027642927473,67.13,0.15,172601473,180285931136,1069798,367915868,2023,7,-0.4999999999999998,-0.8660254037844388,0.0238027336359308,0.0238366411066339,0.0236730099314099,95,0
2,台北市,2023-07,2023,0.0230027642927473,67.13,0.15,172601473,180285931136,186,878381,2023,7,-0.4999999999999998,-0.8660254037844388,0.0238027336359308,0.0238366411066339,0.0236730099314099,97,0
2,台北市,2023-07,2023,0.0230027642927473,67.13,0.15,172601473,180285931136,4621,383199710,2023,7,-0.4999999999999998,-0.8660254037844388,0.0238027336359308,0.0238366411066339,0.0236730099314099,97,1
2,台北市,2023-07,2023,0.0230027642927473,67.13,0.15,172601473,180285931136,334491,128491217,2023,7,-0.4999999999999998,-0.8660254037844388,0.0238027336359308,0.0238366411066339,0.0236730099314099,98,0
2,台北市,2023-07,2023,0.0230027642927473,67.13,0.15,172601473,180285931136,541469,439436414,2023,7,-0.4999999999999998,-0.8660254037844388,0.0238027336359308,0.0238366411066339,0.0236730099314099,98,1
2,台北市,2023-07,2023,0.0230027642927473,67.13,0.15,172601473,180285931136,8646,1212703,2023,7,-0.4999999999999998,-0.8660254037844388,0.0238027336359308,0.0238366411066339,0.0236730099314099,100,0
2,台北市,2023-07,2023,0.0230027642927473,67.13,0.15,172601473,180285931136,10448,7408634,2023,7,-0.4999999999999998,-0.8660254037844388,0.0238027336359308,0.0238366411066339,0.0236730099314099,100,1
2,台北市,2023-07,2023,0.0230027642927473,67.13,0.15,172601473,180285931136,8404821,2810369856,2023,7,-0.4999999999999998,-0.8660254037844388,0.0238027336359308,0.0238366411066339,0.0236730099314099,101,0
2,台北市,2023-07,2023,0.0230027642927473,67.13,0.15,172601473,180285931136,10913362,4815648353,2023,7,-0.4999999999999998,-0.8660254037844388,0.0238027336359308,0.0238366411066339,0.0236730099314099,101,1
2,台北市,2023-08,2023,0.0230793552541415,67.13,0.15,174927157,188476638833,43355,179671262,2023,8,-0.8660254037844384,-0.5000000000000004,0.0230027642927473,0.0238027336359308,0.0238366411066339,0,0
2,台北市,2023-08,2023,0.0230793552541415,67.13,0.15,174927157,188476638833,99927,3427228290,2023,8,-0.8660254037844384,-0.5000000000000004,0.0230027642927473,0.0238027336359308,0.0238366411066339,0,1
2,台北市,2023-08,2023,0.0230793552541415,67.13,0.15,174927157,188476638833,585185,812989217,2023,8,-0.8660254037844384,-0.5000000000000004,0.0230027642927473,0.0238027336359308,0.0238366411066339,1,0
2,台北市,2023-08,2023,0.0230793552541415,67.13,0.15,174927157,188476638833,618111,13805599635,2023,8,-0.8660254037844384,-0.5000000000000004,0.0230027642927473,0.0238027336359308,0.0238366411066339,1,1
2,台北市,2023-08,2023,0.0230793552541415,67.13,0.15,174927157,188476638833,314054,232181634,2023,8,-0.8660254037844384,-0.5000000000000004,0.0230027642927473,0.0238027336359308,0.0238366411066339,2,1
2,台北市,2023-08,2023,0.0230793552541415,67.13,0.15,174927157,188476638833,15334,9316384,2023,8,-0.8660254037844384,-0.5000000000000004,0.0230027642927473,0.0238027336359308,0.0238366411066339,2,0
2,台北市,2023-08,2023,0.0230793552541415,67.13,0.15,174927157,188476638833,127882,177413934,2023,8,-0.8660254037844384,-0.5000000000000004,0.0230027642927473,0.0238027336359308,0.0238366411066339,3,0
2,台北市,2023-08,2023,0.0230793552541415,67.13,0.15,174927157,188476638833,102437,590883186,2023,8,-0.8660254037844384,-0.5000000000000004,0.0230027642927473,0.0238027336359308,0.0238366411066339,3,1
2,台北市,2023-08,2023,0.0230793552541415,67.13,0.15,174927157,188476638833,56391,150684688,2023,8,-0.8660254037844384,-0.5000000000000004,0.0230027642927473,0.0238027336359308,0.0238366411066339,5,0
2,台北市,2023-08,2023,0.0230793552541415,67.13,0.15,174927157,188476638833,288027,1496325592,2023,8,-0.8660254037844384,-0.5000000000000004,0.0230027642927473,0.0238027336359308,0.0238366411066339,5,1
2,台北市,2023-08,2023,0.0230793552541415,67.13,0.15,174927157,188476638833,1889,14393224,2023,8,-0.8660254037844384,-0.5000000000000004,0.0230027642927473,0.0238027336359308,0.0238366411066339,6,0
2,台北市,2023-08,2023,0.0230793552541415,67.13,0.15,174927157,188476638833,1360,62855427,2023,8,-0.8660254037844384,-0.5000000000000004,0.0230027642927473,0.0238027336359308,0.0238366411066339,6,1
2,台北市,2023-08,2023,0.0230793552541415,67.13,0.15,174927157,188476638833,11075,15764908,2023,8,-0.8660254037844384,-0.5000000000000004,0.0230027642927473,0.0238027336359308,0.0238366411066339,7,0
2,台北市,2023-08,2023,0.0230793552541415,67.13,0.15,174927157,188476638833,6875,446454794,2023,8,-0.8660254037844384,-0.5000000000000004,0.0230027642927473,0.0238027336359308,0.0238366411066339,7,1
2,台北市,2023-08,2023,0.0230793552541415,67.13,0.15,174927157,188476638833,3450,15161440,2023,8,-0.8660254037844384,-0.5000000000000004,0.0230027642927473,0.0238027336359308,0.0238366411066339,8,0
2,台北市,2023-08,2023,0.0230793552541415,67.13,0.15,174927157,188476638833,8304,59527981,2023,8,-0.8660254037844384,-0.5000000000000004,0.0230027642927473,0.0238027336359308,0.0238366411066339,8,1
2,台北市,2023-08,2023,0.0230793552541415,67.13,0.15,174927157,188476638833,21245,517579784,2023,8,-0.8660254037844384,-0.5000000000000004,0.0230027642927473,0.0238027336359308,0.0238366411066339,9,1
2,台北市,2023-08,2023,0.0230793552541415,67.13,0.15,174927157,188476638833,7491,33217668,2023,8,-0.8660254037844384,-0.5000000000000004,0.0230027642927473,0.0238027336359308,0.0238366411066339,9,0
2,台北市,2023-08,2023,0.0230793552541415,67.13,0.15,174927157,188476638833,2741,7992893,2023,8,-0.8660254037844384,-0.5000000000000004,0.0230027642927473,0.0238027336359308,0.0238366411066339,12,0
2,台北市,2023-08,2023,0.0230793552541415,67.13,0.15,174927157,188476638833,4395,512680227,2023,8,-0.8660254037844384,-0.5000000000000004,0.0230027642927473,0.0238027336359308,0.0238366411066339,12,1
2,台北市,2023-08,2023,0.0230793552541415,67.13,0.15,174927157,188476638833,14234,83805668,2023,8,-0.8660254037844384,-0.5000000000000004,0.0230027642927473,0.0238027336359308,0.0238366411066339,13,1
2,台北市,2023-08,2023,0.0230793552541415,67.13,0.15,174927157,188476638833,13810,31422556,2023,8,-0.8660254037844384,-0.5000000000000004,0.0230027642927473,0.0238027336359308,0.0238366411066339,13,0
2,台北市,2023-08,2023,0.0230793552541415,67.13,0.15,174927157,188476638833,9288,3542164,2023,8,-0.8660254037844384,-0.5000000000000004,0.0230027642927473,0.0238027336359308,0.0238366411066339,14,1
2,台北市,2023-08,2023,0.0230793552541415,67.13,0.15,174927157,188476638833,1717,574854,2023,8,-0.8660254037844384,-0.5000000000000004,0.0230027642927473,0.0238027336359308,0.0238366411066339,14,0
2,台北市,2023-08,2023,0.0230793552541415,67.13,0.15,174927157,188476638833,662,6622027,2023,8,-0.8660254037844384,-0.5000000000000004,0.0230027642927473,0.0238027336359308,0.0238366411066339,15,0
2,台北市,2023-08,2023,0.0230793552541415,67.13,0.15,174927157,188476638833,1307,8129055,2023,8,-0.8660254037844384,-0.5000000000000004,0.0230027642927473,0.0238027336359308,0.0238366411066339,15,1
2,台北市,2023-08,2023,0.0230793552541415,67.13,0.15,174927157,188476638833,976,13392173,2023,8,-0.8660254037844384,-0.5000000000000004,0.0230027642927473,0.0238027336359308,0.0238366411066339,16,1
2,台北市,2023-08,2023,0.0230793552541415,67.13,0.15,174927157,188476638833,1025,1509200,2023,8,-0.8660254037844384,-0.5000000000000004,0.0230027642927473,0.0238027336359308,0.0238366411066339,16,0
2,台北市,2023-08,2023,0.0230793552541415,67.13,0.15,174927157,188476638833,43275,116591677,2023,8,-0.8660254037844384,-0.5000000000000004,0.0230027642927473,0.0238027336359308,0.0238366411066339,17,1
2,台北市,2023-08,2023,0.0230793552541415,67.13,0.15,174927157,188476638833,131315,177776545,2023,8,-0.8660254037844384,-0.5000000000000004,0.0230027642927473,0.0238027336359308,0.0238366411066339,17,0
2,台北市,2023-08,2023,0.0230793552541415,67.13,0.15,174927157,188476638833,48411,36348229,2023,8,-0.8660254037844384,-0.5000000000000004,0.0230027642927473,0.0238027336359308,0.0238366411066339,18,0
2,台北市,2023-08,2023,0.0230793552541415,67.13,0.15,174927157,188476638833,38721,32113332,2023,8,-0.8660254037844384,-0.5000000000000004,0.0230027642927473,0.0238027336359308,0.0238366411066339,18,1
2,台北市,2023-08,2023,0.0230793552541415,67.13,0.15,174927157,188476638833,908,1459410,2023,8,-0.8660254037844384,-0.5000000000000004,0.0230027642927473,0.0238027336359308,0.0238366411066339,19,0
2,台北市,2023-08,2023,0.0230793552541415,67.13,0.15,174927157,188476638833,468,66915075,2023,8,-0.8660254037844384,-0.5000000000000004,0.0230027642927473,0.0238027336359308,0.0238366411066339,19,1
2,台北市,2023-08,2023,0.0230793552541415,67.13,0.15,174927157,188476638833,15158,2050662489,2023,8,-0.8660254037844384,-0.5000000000000004,0.0230027642927473,0.0238027336359308,0.0238366411066339,20,0
2,台北市,2023-08,2023,0.0230793552541415,67.13,0.15,174927157,188476638833,12092,237674865,2023,8,-0.8660254037844384,-0.5000000000000004,0.0230027642927473,0.0238027336359308,0.0238366411066339,21,1
2,台北市,2023-08,2023,0.0230793552541415,67.13,0.15,174927157,188476638833,9195,25170855,2023,8,-0.8660254037844384,-0.5000000000000004,0.0230027642927473,0.0238027336359308,0.0238366411066339,21,0
2,台北市,2023-08,2023,0.0230793552541415,67.13,0.15,174927157,188476638833,2918,636041,2023,8,-0.8660254037844384,-0.5000000000000004,0.0230027642927473,0.0238027336359308,0.0238366411066339,22,0
2,台北市,2023-08,2023,0.0230793552541415,67.13,0.15,174927157,188476638833,6160,1495187,2023,8,-0.8660254037844384,-0.5000000000000004,0.0230027642927473,0.0238027336359308,0.0238366411066339,22,1
2,台北市,2023-08,2023,0.0230793552541415,67.13,0.15,174927157,188476638833,1729,46840506,2023,8,-0.8660254037844384,-0.5000000000000004,0.0230027642927473,0.0238027336359308,0.0238366411066339,23,1
2,台北市,2023-08,2023,0.0230793552541415,67.13,0.15,174927157,188476638833,70,739827,2023,8,-0.8660254037844384,-0.5000000000000004,0.0230027642927473,0.0238027336359308,0.0238366411066339,23,0
2,台北市,2023-08,2023,0.0230793552541415,67.13,0.15,174927157,188476638833,105,283092147,2023,8,-0.8660254037844384,-0.5000000000000004,0.0230027642927473,0.0238027336359308,0.0238366411066339,24,1
2,台北市,2023-08,2023,0.0230793552541415,67.13,0.15,174927157,188476638833,1011,219836906,2023,8,-0.8660254037844384,-0.5000000000000004,0.0230027642927473,0.0238027336359308,0.0238366411066339,25,1
2,台北市,2023-08,2023,0.0230793552541415,67.13,0.15,174927157,188476638833,331,649803,2023,8,-0.8660254037844384,-0.5000000000000004,0.0230027642927473,0.0238027336359308,0.0238366411066339,25,0
2,台北市,2023-08,2023,0.0230793552541415,67.13,0.15,174927157,188476638833,24914,4812166,2023,8,-0.8660254037844384,-0.5000000000000004,0.0230027642927473,0.0238027336359308,0.0238366411066339,26,0
2,台北市,2023-08,2023,0.0230793552541415,67.13,0.15,174927157,188476638833,9254,21114456,2023,8,-0.8660254037844384,-0.5000000000000004,0.0230027642927473,0.0238027336359308,0.0238366411066339,26,1
2,台北市,2023-08,2023,0.0230793552541415,67.13,0.15,174927157,188476638833,73,1761808,2023,8,-0.8660254037844384,-0.5000000000000004,0.0230027642927473,0.0238027336359308,0.0238366411066339,27,1
2,台北市,2023-08,2023,0.0230793552541415,67.13,0.15,174927157,188476638833,55,112695,2023,8,-0.8660254037844384,-0.5000000000000004,0.0230027642927473,0.0238027336359308,0.0238366411066339,27,0
2,台北市,2023-08,2023,0.0230793552541415,67.13,0.15,174927157,188476638833,46470,126457093,2023,8,-0.8660254037844384,-0.5000000000000004,0.0230027642927473,0.0238027336359308,0.0238366411066339,28,0
2,台北市,2023-08,2023,0.0230793552541415,67.13,0.15,174927157,188476638833,27534,784072488,2023,8,-0.8660254037844384,-0.5000000000000004,0.0230027642927473,0.0238027336359308,0.0238366411066339,28,1
2,台北市,2023-08,2023,0.0230793552541415,67.13,0.15,174927157,188476638833,25591,91413493,2023,8,-0.8660254037844384,-0.5000000000000004,0.0230027642927473,0.0238027336359308,0.0238366411066339,30,0
2,台北市,2023-08,2023,0.0230793552541415,67.13,0.15,174927157,188476638833,11586,142349822,2023,8,-0.8660254037844384,-0.5000000000000004,0.0230027642927473,0.0238027336359308,0.0238366411066339,30,1
2,台北市,2023-08,2023,0.0230793552541415,67.13,0.15,174927157,188476638833,842,1204188,2023,8,-0.8660254037844384,-0.5000000000000004,0.0230027642927473,0.0238027336359308,0.0238366411066339,31,1
2,台北市,2023-08,2023,0.0230793552541415,67.13,0.15,174927157,188476638833,214,346350,2023,8,-0.8660254037844384,-0.5000000000000004,0.0230027642927473,0.0238027336359308,0.0238366411066339,33,0
2,台北市,2023-08,2023,0.0230793552541415,67.13,0.15,174927157,188476638833,753,105861805,2023,8,-0.8660254037844384,-0.5000000000000004,0.0230027642927473,0.0238027336359308,0.0238366411066339,33,1
2,台北市,2023-08,2023,0.0230793552541415,67.13,0.15,174927157,188476638833,26,99000,2023,8,-0.8660254037844384,-0.5000000000000004,0.0230027642927473,0.0238027336359308,0.0238366411066339,34,0
2,台北市,2023-08,2023,0.0230793552541415,67.13,0.15,174927157,188476638833,2,9500,2023,8,-0.8660254037844384,-0.5000000000000004,0.0230027642927473,0.0238027336359308,0.0238366411066339,34,1
2,台北市,2023-08,2023,0.0230793552541415,67.13,0.15,174927157,188476638833,116946,92321051,2023,8,-0.8660254037844384,-0.5000000000000004,0.0230027642927473,0.0238027336359308,0.0238366411066339,36,0
2,台北市,2023-08,2023,0.0230793552541415,67.13,0.15,174927157,188476638833,75623,274861433,2023,8,-0.8660254037844384,-0.5000000000000004,0.0230027642927473,0.0238027336359308,0.0238366411066339,36,1
2,台北市,2023-08,2023,0.0230793552541415,67.13,0.15,174927157,188476638833,8319,123724882,2023,8,-0.8660254037844384,-0.5000000000000004,0.0230027642927473,0.0238027336359308,0.0238366411066339,37,1
2,台北市,2023-08,2023,0.0230793552541415,67.13,0.15,174927157,188476638833,192187,297340036,2023,8,-0.8660254037844384,-0.5000000000000004,0.0230027642927473,0.0238027336359308,0.0238366411066339,37,0
2,台北市,2023-08,2023,0.0230793552541415,67.13,0.15,174927157,188476638833,3598,46313297,2023,8,-0.8660254037844384,-0.5000000000000004,0.0230027642927473,0.0238027336359308,0.0238366411066339,38,1
2,台北市,2023-08,2023,0.0230793552541415,67.13,0.15,174927157,188476638833,1641,7542466,2023,8,-0.8660254037844384,-0.5000000000000004,0.0230027642927473,0.0238027336359308,0.0238366411066339,38,0
2,台北市,2023-08,2023,0.0230793552541415,67.13,0.15,174927157,188476638833,9857,597879228,2023,8,-0.8660254037844384,-0.5000000000000004,0.0230027642927473,0.0238027336359308,0.0238366411066339,39,1
2,台北市,2023-08,2023,0.0230793552541415,67.13,0.15,174927157,188476638833,1569,134787346,2023,8,-0.8660254037844384,-0.5000000000000004,0.0230027642927473,0.0238027336359308,0.0238366411066339,39,0
2,台北市,2023-08,2023,0.0230793552541415,67.13,0.15,174927157,188476638833,1434,5914895,2023,8,-0.8660254037844384,-0.5000000000000004,0.0230027642927473,0.0238027336359308,0.0238366411066339,40,0
2,台北市,2023-08,2023,0.0230793552541415,67.13,0.15,174927157,188476638833,4724,41966687,2023,8,-0.8660254037844384,-0.5000000000000004,0.0230027642927473,0.0238027336359308,0.0238366411066339,40,1
2,台北市,2023-08,2023,0.0230793552541415,67.13,0.15,174927157,188476638833,369678,972455648,2023,8,-0.8660254037844384,-0.5000000000000004,0.0230027642927473,0.0238027336359308,0.0238366411066339,41,1
2,台北市,2023-08,2023,0.0230793552541415,67.13,0.15,174927157,188476638833,4293724,7882534111,2023,8,-0.8660254037844384,-0.5000000000000004,0.0230027642927473,0.0238027336359308,0.0238366411066339,41,0
2,台北市,2023-08,2023,0.0230793552541415,67.13,0.15,174927157,188476638833,12992,22571906,2023,8,-0.8660254037844384,-0.5000000000000004,0.0230027642927473,0.0238027336359308,0.0238366411066339,43,0
2,台北市,2023-08,2023,0.0230793552541415,67.13,0.15,174927157,188476638833,3245,261161678,2023,8,-0.8660254037844384,-0.5000000000000004,0.0230027642927473,0.0238027336359308,0.0238366411066339,43,1
2,台北市,2023-08,2023,0.0230793552541415,67.13,0.15,174927157,188476638833,5866768,7550240938,2023,8,-0.8660254037844384,-0.5000000000000004,0.0230027642927473,0.0238027336359308,0.0238366411066339,44,0
2,台北市,2023-08,2023,0.0230793552541415,67.13,0.15,174927157,188476638833,3484185,28782931678,2023,8,-0.8660254037844384,-0.5000000000000004,0.0230027642927473,0.0238027336359308,0.0238366411066339,44,1
2,台北市,2023-08,2023,0.0230793552541415,67.13,0.15,174927157,188476638833,28161,194332237,2023,8,-0.8660254037844384,-0.5000000000000004,0.0230027642927473,0.0238027336359308,0.0238366411066339,46,0
2,台北市,2023-08,2023,0.0230793552541415,67.13,0.15,174927157,188476638833,37106,225501100,2023,8,-0.8660254037844384,-0.5000000000000004,0.0230027642927473,0.0238027336359308,0.0238366411066339,46,1
2,台北市,2023-08,2023,0.0230793552541415,67.13,0.15,174927157,188476638833,1067,3947742,2023,8,-0.8660254037844384,-0.5000000000000004,0.0230027642927473,0.0238027336359308,0.0238366411066339,48,0
2,台北市,2023-08,2023,0.0230793552541415,67.13,0.15,174927157,188476638833,1374,36692394,2023,8,-0.8660254037844384,-0.5000000000000004,0.0230027642927473,0.0238027336359308,0.0238366411066339,48,1
2,台北市,2023-08,2023,0.0230793552541415,67.13,0.15,174927157,188476638833,121058,385469874,2023,8,-0.8660254037844384,-0.5000000000000004,0.0230027642927473,0.0238027336359308,0.0238366411066339,50,0
2,台北市,2023-08,2023,0.0230793552541415,67.13,0.15,174927157,188476638833,66778,466946532,2023,8,-0.8660254037844384,-0.5000000000000004,0.0230027642927473,0.0238027336359308,0.0238366411066339,50,1
2,台北市,2023-08,2023,0.0230793552541415,67.13,0.15,174927157,188476638833,1,699,2023,8,-0.8660254037844384,-0.5000000000000004,0.0230027642927473,0.0238027336359308,0.0238366411066339,51,0
2,台北市,2023-08,2023,0.0230793552541415,67.13,0.15,174927157,188476638833,23214,8249523,2023,8,-0.8660254037844384,-0.5000000000000004,0.0230027642927473,0.0238027336359308,0.0238366411066339,52,0
2,台北市,2023-08,2023,0.0230793552541415,67.13,0.15,174927157,188476638833,30509,335845656,2023,8,-0.8660254037844384,-0.5000000000000004,0.0230027642927473,0.0238027336359308,0.0238366411066339,52,1
2,台北市,2023-08,2023,0.0230793552541415,67.13,0.15,174927157,188476638833,3418,13471308,2023,8,-0.8660254037844384,-0.5000000000000004,0.0230027642927473,0.0238027336359308,0.0238366411066339,53,1
2,台北市,2023-08,2023,0.0230793552541415,67.13,0.15,174927157,188476638833,5,7500,2023,8,-0.8660254037844384,-0.5000000000000004,0.0230027642927473,0.0238027336359308,0.0238366411066339,53,0
2,台北市,2023-08,2023,0.0230793552541415,67.13,0.15,174927157,188476638833,317,1274940,2023,8,-0.8660254037844384,-0.5000000000000004,0.0230027642927473,0.0238027336359308,0.0238366411066339,54,0
2,台北市,2023-08,2023,0.0230793552541415,67.13,0.15,174927157,188476638833,1671,2284934549,2023,8,-0.8660254037844384,-0.5000000000000004,0.0230027642927473,0.0238027336359308,0.0238366411066339,54,1
2,台北市,2023-08,2023,0.0230793552541415,67.13,0.15,174927157,188476638833,177,12628390,2023,8,-0.8660254037844384,-0.5000000000000004,0.0230027642927473,0.0238027336359308,0.0238366411066339,56,0
2,台北市,2023-08,2023,0.0230793552541415,67.13,0.15,174927157,188476638833,117,53933073,2023,8,-0.8660254037844384,-0.5000000000000004,0.0230027642927473,0.0238027336359308,0.0238366411066339,56,1
2,台北市,2023-08,2023,0.0230793552541415,67.13,0.15,174927157,188476638833,116,47971708,2023,8,-0.8660254037844384,-0.5000000000000004,0.0230027642927473,0.0238027336359308,0.0238366411066339,57,1
2,台北市,2023-08,2023,0.0230793552541415,67.13,0.15,174927157,188476638833,3457,74254975,2023,8,-0.8660254037844384,-0.5000000000000004,0.0230027642927473,0.0238027336359308,0.0238366411066339,58,1
2,台北市,2023-08,2023,0.0230793552541415,67.13,0.15,174927157,188476638833,3319,674408,2023,8,-0.8660254037844384,-0.5000000000000004,0.0230027642927473,0.0238027336359308,0.0238366411066339,58,0
2,台北市,2023-08,2023,0.0230793552541415,67.13,0.15,174927157,188476638833,68,3789765,2023,8,-0.8660254037844384,-0.5000000000000004,0.0230027642927473,0.0238027336359308,0.0238366411066339,59,1
2,台北市,2023-08,2023,0.0230793552541415,67.13,0.15,174927157,188476638833,483,1023711,2023,8,-0.8660254037844384,-0.5000000000000004,0.0230027642927473,0.0238027336359308,0.0238366411066339,59,0
2,台北市,2023-08,2023,0.0230793552541415,67.13,0.15,174927157,188476638833,7,114640,2023,8,-0.8660254037844384,-0.5000000000000004,0.0230027642927473,0.0238027336359308,0.0238366411066339,60,1
2,台北市,2023-08,2023,0.0230793552541415,67.13,0.15,174927157,188476638833,746414,309391497,2023,8,-0.8660254037844384,-0.5000000000000004,0.0230027642927473,0.0238027336359308,0.0238366411066339,60,0
2,台北市,2023-08,2023,0.0230793552541415,67.13,0.15,174927157,188476638833,777,3199345,2023,8,-0.8660254037844384,-0.5000000000000004,0.0230027642927473,0.0238027336359308,0.0238366411066339,61,1
2,台北市,2023-08,2023,0.0230793552541415,67.13,0.15,174927157,188476638833,254,1460994,2023,8,-0.8660254037844384,-0.5000000000000004,0.0230027642927473,0.0238027336359308,0.0238366411066339,61,0
2,台北市,2023-08,2023,0.0230793552541415,67.13,0.15,174927157,188476638833,12,1096560,2023,8,-0.8660254037844384,-0.5000000000000004,0.0230027642927473,0.0238027336359308,0.0238366411066339,62,1
2,台北市,2023-08,2023,0.0230793552541415,67.13,0.15,174927157,188476638833,101994,62977325,2023,8,-0.8660254037844384,-0.5000000000000004,0.0230027642927473,0.0238027336359308,0.0238366411066339,63,1
2,台北市,2023-08,2023,0.0230793552541415,67.13,0.15,174927157,188476638833,56847,19692065,2023,8,-0.8660254037844384,-0.5000000000000004,0.0230027642927473,0.0238027336359308,0.0238366411066339,63,0
2,台北市,2023-08,2023,0.0230793552541415,67.13,0.15,174927157,188476638833,2196,6484681,2023,8,-0.8660254037844384,-0.5000000000000004,0.0230027642927473,0.0238027336359308,0.0238366411066339,66,0
2,台北市,2023-08,2023,0.0230793552541415,67.13,0.15,174927157,188476638833,404,54542574,2023,8,-0.8660254037844384,-0.5000000000000004,0.0230027642927473,0.0238027336359308,0.0238366411066339,66,1
2,台北市,2023-08,2023,0.0230793552541415,67.13,0.15,174927157,188476638833,102657,5492348048,2023,8,-0.8660254037844384,-0.5000000000000004,0.0230027642927473,0.0238027336359308,0.0238366411066339,67,1
2,台北市,2023-08,2023,0.0230793552541415,67.13,0.15,174927157,188476638833,899627,596945111,2023,8,-0.8660254037844384,-0.5000000000000004,0.0230027642927473,0.0238027336359308,0.0238366411066339,67,0
2,台北市,2023-08,2023,0.0230793552541415,67.13,0.15,174927157,188476638833,436,2292918,2023,8,-0.8660254037844384,-0.5000000000000004,0.0230027642927473,0.0238027336359308,0.0238366411066339,68,1
2,台北市,2023-08,2023,0.0230793552541415,67.13,0.15,174927157,188476638833,2667,7951023,2023,8,-0.8660254037844384,-0.5000000000000004,0.0230027642927473,0.0238027336359308,0.0238366411066339,68,0
2,台北市,2023-08,2023,0.0230793552541415,67.13,0.15,174927157,188476638833,2160,6227601,2023,8,-0.8660254037844384,-0.5000000000000004,0.0230027642927473,0.0238027336359308,0.0238366411066339,69,0
2,台北市,2023-08,2023,0.0230793552541415,67.13,0.15,174927157,188476638833,1381,39451208,2023,8,-0.8660254037844384,-0.5000000000000004,0.0230027642927473,0.0238027336359308,0.0238366411066339,69,1
2,台北市,2023-08,2023,0.0230793552541415,67.13,0.15,174927157,188476638833,2676,5700357,2023,8,-0.8660254037844384,-0.5000000000000004,0.0230027642927473,0.0238027336359308,0.0238366411066339,70,0
2,台北市,2023-08,2023,0.0230793552541415,67.13,0.15,174927157,188476638833,11252,67553854,2023,8,-0.8660254037844384,-0.5000000000000004,0.0230027642927473,0.0238027336359308,0.0238366411066339,70,1
2,台北市,2023-08,2023,0.0230793552541415,67.13,0.15,174927157,188476638833,12,25040,2023,8,-0.8660254037844384,-0.5000000000000004,0.0230027642927473,0.0238027336359308,0.0238366411066339,71,1
2,台北市,2023-08,2023,0.0230793552541415,67.13,0.15,174927157,188476638833,30,21814369,2023,8,-0.8660254037844384,-0.5000000000000004,0.0230027642927473,0.0238027336359308,0.0238366411066339,72,0
2,台北市,2023-08,2023,0.0230793552541415,67.13,0.15,174927157,188476638833,12013,226689165,2023,8,-0.8660254037844384,-0.5000000000000004,0.0230027642927473,0.0238027336359308,0.0238366411066339,72,1
2,台北市,2023-08,2023,0.0230793552541415,67.13,0.15,174927157,188476638833,29445,166021976,2023,8,-0.8660254037844384,-0.5000000000000004,0.0230027642927473,0.0238027336359308,0.0238366411066339,73,1
2,台北市,2023-08,2023,0.0230793552541415,67.13,0.15,174927157,188476638833,22418,36910840,2023,8,-0.8660254037844384,-0.5000000000000004,0.0230027642927473,0.0238027336359308,0.0238366411066339,73,0
2,台北市,2023-08,2023,0.0230793552541415,67.13,0.15,174927157,188476638833,724417,529774583,2023,8,-0.8660254037844384,-0.5000000000000004,0.0230027642927473,0.0238027336359308,0.0238366411066339,75,0
2,台北市,2023-08,2023,0.0230793552541415,67.13,0.15,174927157,188476638833,140793,964470667,2023,8,-0.8660254037844384,-0.5000000000000004,0.0230027642927473,0.0238027336359308,0.0238366411066339,75,1
2,台北市,2023-08,2023,0.0230793552541415,67.13,0.15,174927157,188476638833,31625581,14051663715,2023,8,-0.8660254037844384,-0.5000000000000004,0.0230027642927473,0.0238027336359308,0.0238366411066339,77,0
2,台北市,2023-08,2023,0.0230793552541415,67.13,0.15,174927157,188476638833,463112,648177594,2023,8,-0.8660254037844384,-0.5000000000000004,0.0230027642927473,0.0238027336359308,0.0238366411066339,77,1
2,台北市,2023-08,2023,0.0230793552541415,67.13,0.15,174927157,188476638833,1979,92112919,2023,8,-0.8660254037844384,-0.5000000000000004,0.0230027642927473,0.0238027336359308,0.0238366411066339,78,1
2,台北市,2023-08,2023,0.0230793552541415,67.13,0.15,174927157,188476638833,8848,14302756,2023,8,-0.8660254037844384,-0.5000000000000004,0.0230027642927473,0.0238027336359308,0.0238366411066339,78,0
2,台北市,2023-08,2023,0.0230793552541415,67.13,0.15,174927157,188476638833,301452,323784967,2023,8,-0.8660254037844384,-0.5000000000000004,0.0230027642927473,0.0238027336359308,0.0238366411066339,79,0
2,台北市,2023-08,2023,0.0230793552541415,67.13,0.15,174927157,188476638833,344712,410169638,2023,8,-0.8660254037844384,-0.5000000000000004,0.0230027642927473,0.0238027336359308,0.0238366411066339,79,1
2,台北市,2023-08,2023,0.0230793552541415,67.13,0.15,174927157,188476638833,1550915,295258861,2023,8,-0.8660254037844384,-0.5000000000000004,0.0230027642927473,0.0238027336359308,0.0238366411066339,80,0
2,台北市,2023-08,2023,0.0230793552541415,67.13,0.15,174927157,188476638833,2066893,4078000402,2023,8,-0.8660254037844384,-0.5000000000000004,0.0230027642927473,0.0238027336359308,0.0238366411066339,80,1
2,台北市,2023-08,2023,0.0230793552541415,67.13,0.15,174927157,188476638833,7392,4885991,2023,8,-0.8660254037844384,-0.5000000000000004,0.0230027642927473,0.0238027336359308,0.0238366411066339,81,1
2,台北市,2023-08,2023,0.0230793552541415,67.13,0.15,174927157,188476638833,3973,2221713,2023,8,-0.8660254037844384,-0.5000000000000004,0.0230027642927473,0.0238027336359308,0.0238366411066339,81,0
2,台北市,2023-08,2023,0.0230793552541415,67.13,0.15,174927157,188476638833,10957,58722706,2023,8,-0.8660254037844384,-0.5000000000000004,0.0230027642927473,0.0238027336359308,0.0238366411066339,83,0
2,台北市,2023-08,2023,0.0230793552541415,67.13,0.15,174927157,188476638833,7504,77769456,2023,8,-0.8660254037844384,-0.5000000000000004,0.0230027642927473,0.0238027336359308,0.0238366411066339,83,1
2,台北市,2023-08,2023,0.0230793552541415,67.13,0.15,174927157,188476638833,312,294653,2023,8,-0.8660254037844384,-0.5000000000000004,0.0230027642927473,0.0238027336359308,0.0238366411066339,84,0
2,台北市,2023-08,2023,0.0230793552541415,67.13,0.15,174927157,188476638833,1752,247285892,2023,8,-0.8660254037844384,-0.5000000000000004,0.0230027642927473,0.0238027336359308,0.0238366411066339,84,1
2,台北市,2023-08,2023,0.0230793552541415,67.13,0.15,174927157,188476638833,62441,119687373,2023,8,-0.8660254037844384,-0.5000000000000004,0.0230027642927473,0.0238027336359308,0.0238366411066339,86,0
2,台北市,2023-08,2023,0.0230793552541415,67.13,0.15,174927157,188476638833,28696,2952251134,2023,8,-0.8660254037844384,-0.5000000000000004,0.0230027642927473,0.0238027336359308,0.0238366411066339,86,1
2,台北市,2023-08,2023,0.0230793552541415,67.13,0.15,174927157,188476638833,210649,234938785,2023,8,-0.8660254037844384,-0.5000000000000004,0.0230027642927473,0.0238027336359308,0.0238366411066339,87,0
2,台北市,2023-08,2023,0.0230793552541415,67.13,0.15,174927157,188476638833,127526,111158173,2023,8,-0.8660254037844384,-0.5000000000000004,0.0230027642927473,0.0238027336359308,0.0238366411066339,87,1
2,台北市,2023-08,2023,0.0230793552541415,67.13,0.15,174927157,188476638833,32702856,25402765643,2023,8,-0.8660254037844384,-0.5000000000000004,0.0230027642927473,0.0238027336359308,0.0238366411066339,88,1
2,台北市,2023-08,2023,0.0230793552541415,67.13,0.15,174927157,188476638833,46842198,27119205760,2023,8,-0.8660254037844384,-0.5000000000000004,0.0230027642927473,0.0238027336359308,0.0238366411066339,88,0
2,台北市,2023-08,2023,0.0230793552541415,67.13,0.15,174927157,188476638833,99489,402862421,2023,8,-0.8660254037844384,-0.5000000000000004,0.0230027642927473,0.0238027336359308,0.0238366411066339,89,1
2,台北市,2023-08,2023,0.0230793552541415,67.13,0.15,174927157,188476638833,15843122,11449435046,2023,8,-0.8660254037844384,-0.5000000000000004,0.0230027642927473,0.0238027336359308,0.0238366411066339,89,0
2,台北市,2023-08,2023,0.0230793552541415,67.13,0.15,174927157,188476638833,18337,25498740,2023,8,-0.8660254037844384,-0.5000000000000004,0.0230027642927473,0.0238027336359308,0.0238366411066339,90,1
2,台北市,2023-08,2023,0.0230793552541415,67.13,0.15,174927157,188476638833,793887,2060468708,2023,8,-0.8660254037844384,-0.5000000000000004,0.0230027642927473,0.0238027336359308,0.0238366411066339,90,0
2,台北市,2023-08,2023,0.0230793552541415,67.13,0.15,174927157,188476638833,4040,515433943,2023,8,-0.8660254037844384,-0.5000000000000004,0.0230027642927473,0.0238027336359308,0.0238366411066339,91,1
2,台北市,2023-08,2023,0.0230793552541415,67.13,0.15,174927157,188476638833,8565,12338529,2023,8,-0.8660254037844384,-0.5000000000000004,0.0230027642927473,0.0238027336359308,0.0238366411066339,91,0
2,台北市,2023-08,2023,0.0230793552541415,67.13,0.15,174927157,188476638833,1085,217378958,2023,8,-0.8660254037844384,-0.5000000000000004,0.0230027642927473,0.0238027336359308,0.0238366411066339,93,1
2,台北市,2023-08,2023,0.0230793552541415,67.13,0.15,174927157,188476638833,189,3357953,2023,8,-0.8660254037844384,-0.5000000000000004,0.0230027642927473,0.0238027336359308,0.0238366411066339,93,0
2,台北市,2023-08,2023,0.0230793552541415,67.13,0.15,174927157,188476638833,3747,608033327,2023,8,-0.8660254037844384,-0.5000000000000004,0.0230027642927473,0.0238027336359308,0.0238366411066339,94,1
2,台北市,2023-08,2023,0.0230793552541415,67.13,0.15,174927157,188476638833,25450,44077738,2023,8,-0.8660254037844384,-0.5000000000000004,0.0230027642927473,0.0238027336359308,0.0238366411066339,94,0
2,台北市,2023-08,2023,0.0230793552541415,67.13,0.15,174927157,188476638833,75317,487470697,2023,8,-0.8660254037844384,-0.5000000000000004,0.0230027642927473,0.0238027336359308,0.0238366411066339,95,1
2,台北市,2023-08,2023,0.0230793552541415,67.13,0.15,174927157,188476638833,1236750,436868587,2023,8,-0.8660254037844384,-0.5000000000000004,0.0230027642927473,0.0238027336359308,0.0238366411066339,95,0
2,台北市,2023-08,2023,0.0230793552541415,67.13,0.15,174927157,188476638833,149,738769,2023,8,-0.8660254037844384,-0.5000000000000004,0.0230027642927473,0.0238027336359308,0.0238366411066339,97,0
2,台北市,2023-08,2023,0.0230793552541415,67.13,0.15,174927157,188476638833,5006,477005934,2023,8,-0.8660254037844384,-0.5000000000000004,0.0230027642927473,0.0238027336359308,0.0238366411066339,97,1
2,台北市,2023-08,2023,0.0230793552541415,67.13,0.15,174927157,188476638833,349969,138628644,2023,8,-0.8660254037844384,-0.5000000000000004,0.0230027642927473,0.0238027336359308,0.0238366411066339,98,0
2,台北市,2023-08,2023,0.0230793552541415,67.13,0.15,174927157,188476638833,538449,502456988,2023,8,-0.8660254037844384,-0.5000000000000004,0.0230027642927473,0.0238027336359308,0.0238366411066339,98,1
2,台北市,2023-08,2023,0.0230793552541415,67.13,0.15,174927157,188476638833,10288,7502927,2023,8,-0.8660254037844384,-0.5000000000000004,0.0230027642927473,0.0238027336359308,0.0238366411066339,100,1
2,台北市,2023-08,2023,0.0230793552541415,67.13,0.15,174927157,188476638833,8571,1224746,2023,8,-0.8660254037844384,-0.5000000000000004,0.0230027642927473,0.0238027336359308,0.0238366411066339,100,0
2,台北市,2023-08,2023,0.0230793552541415,67.13,0.15,174927157,188476638833,10561131,4778707069,2023,8,-0.8660254037844384,-0.5000000000000004,0.0230027642927473,0.0238027336359308,0.0238366411066339,101,1
2,台北市,2023-08,2023,0.0230793552541415,67.13,0.15,174927157,188476638833,8522345,2899319550,2023,8,-0.8660254037844384,-0.5000000000000004,0.0230027642927473,0.0238027336359308,0.0238366411066339,101,0
2,台北市,2023-09,2023,0.0226829279214693,67.13,0.15,168377822,185630633875,93452,4682783673,2023,9,-1.0,-1.8369701987210297e-16,0.0230793552541415,0.0230027642927473,0.0238027336359308,0,1
2,台北市,2023-09,2023,0.0226829279214693,67.13,0.15,168377822,185630633875,47803,178678239,2023,9,-1.0,-1.8369701987210297e-16,0.0230793552541415,0.0230027642927473,0.0238027336359308,0,0
2,台北市,2023-09,2023,0.0226829279214693,67.13,0.15,168377822,185630633875,561857,760300665,2023,9,-1.0,-1.8369701987210297e-16,0.0230793552541415,0.0230027642927473,0.0238027336359308,1,0
2,台北市,2023-09,2023,0.0226829279214693,67.13,0.15,168377822,185630633875,561193,13885904075,2023,9,-1.0,-1.8369701987210297e-16,0.0230793552541415,0.0230027642927473,0.0238027336359308,1,1
2,台北市,2023-09,2023,0.0226829279214693,67.13,0.15,168377822,185630633875,314954,216310719,2023,9,-1.0,-1.8369701987210297e-16,0.0230793552541415,0.0230027642927473,0.0238027336359308,2,1
2,台北市,2023-09,2023,0.0226829279214693,67.13,0.15,168377822,185630633875,17566,10937364,2023,9,-1.0,-1.8369701987210297e-16,0.0230793552541415,0.0230027642927473,0.0238027336359308,2,0
2,台北市,2023-09,2023,0.0226829279214693,67.13,0.15,168377822,185630633875,118825,156595392,2023,9,-1.0,-1.8369701987210297e-16,0.0230793552541415,0.0230027642927473,0.0238027336359308,3,0
2,台北市,2023-09,2023,0.0226829279214693,67.13,0.15,168377822,185630633875,91566,570523876,2023,9,-1.0,-1.8369701987210297e-16,0.0230793552541415,0.0230027642927473,0.0238027336359308,3,1
2,台北市,2023-09,2023,0.0226829279214693,67.13,0.15,168377822,185630633875,264478,1382701842,2023,9,-1.0,-1.8369701987210297e-16,0.0230793552541415,0.0230027642927473,0.0238027336359308,5,1
2,台北市,2023-09,2023,0.0226829279214693,67.13,0.15,168377822,185630633875,51795,123698400,2023,9,-1.0,-1.8369701987210297e-16,0.0230793552541415,0.0230027642927473,0.0238027336359308,5,0
2,台北市,2023-09,2023,0.0226829279214693,67.13,0.15,168377822,185630633875,1828,13530541,2023,9,-1.0,-1.8369701987210297e-16,0.0230793552541415,0.0230027642927473,0.0238027336359308,6,0
2,台北市,2023-09,2023,0.0226829279214693,67.13,0.15,168377822,185630633875,1337,61664607,2023,9,-1.0,-1.8369701987210297e-16,0.0230793552541415,0.0230027642927473,0.0238027336359308,6,1
2,台北市,2023-09,2023,0.0226829279214693,67.13,0.15,168377822,185630633875,8702,525926540,2023,9,-1.0,-1.8369701987210297e-16,0.0230793552541415,0.0230027642927473,0.0238027336359308,7,1
2,台北市,2023-09,2023,0.0226829279214693,67.13,0.15,168377822,185630633875,10028,13238536,2023,9,-1.0,-1.8369701987210297e-16,0.0230793552541415,0.0230027642927473,0.0238027336359308,7,0
2,台北市,2023-09,2023,0.0226829279214693,67.13,0.15,168377822,185630633875,7464,36403830,2023,9,-1.0,-1.8369701987210297e-16,0.0230793552541415,0.0230027642927473,0.0238027336359308,8,1
2,台北市,2023-09,2023,0.0226829279214693,67.13,0.15,168377822,185630633875,3174,13491892,2023,9,-1.0,-1.8369701987210297e-16,0.0230793552541415,0.0230027642927473,0.0238027336359308,8,0
2,台北市,2023-09,2023,0.0226829279214693,67.13,0.15,168377822,185630633875,22214,450338275,2023,9,-1.0,-1.8369701987210297e-16,0.0230793552541415,0.0230027642927473,0.0238027336359308,9,1
2,台北市,2023-09,2023,0.0226829279214693,67.13,0.15,168377822,185630633875,7796,31498896,2023,9,-1.0,-1.8369701987210297e-16,0.0230793552541415,0.0230027642927473,0.0238027336359308,9,0
2,台北市,2023-09,2023,0.0226829279214693,67.13,0.15,168377822,185630633875,5561,22063572,2023,9,-1.0,-1.8369701987210297e-16,0.0230793552541415,0.0230027642927473,0.0238027336359308,12,0
2,台北市,2023-09,2023,0.0226829279214693,67.13,0.15,168377822,185630633875,3819,349382794,2023,9,-1.0,-1.8369701987210297e-16,0.0230793552541415,0.0230027642927473,0.0238027336359308,12,1
2,台北市,2023-09,2023,0.0226829279214693,67.13,0.15,168377822,185630633875,12694,27126421,2023,9,-1.0,-1.8369701987210297e-16,0.0230793552541415,0.0230027642927473,0.0238027336359308,13,0
2,台北市,2023-09,2023,0.0226829279214693,67.13,0.15,168377822,185630633875,10692,65380411,2023,9,-1.0,-1.8369701987210297e-16,0.0230793552541415,0.0230027642927473,0.0238027336359308,13,1
2,台北市,2023-09,2023,0.0226829279214693,67.13,0.15,168377822,185630633875,8872,3209088,2023,9,-1.0,-1.8369701987210297e-16,0.0230793552541415,0.0230027642927473,0.0238027336359308,14,1
2,台北市,2023-09,2023,0.0226829279214693,67.13,0.15,168377822,185630633875,1916,955021,2023,9,-1.0,-1.8369701987210297e-16,0.0230793552541415,0.0230027642927473,0.0238027336359308,14,0
2,台北市,2023-09,2023,0.0226829279214693,67.13,0.15,168377822,185630633875,1262,8308634,2023,9,-1.0,-1.8369701987210297e-16,0.0230793552541415,0.0230027642927473,0.0238027336359308,15,1
2,台北市,2023-09,2023,0.0226829279214693,67.13,0.15,168377822,185630633875,1269,6850892,2023,9,-1.0,-1.8369701987210297e-16,0.0230793552541415,0.0230027642927473,0.0238027336359308,15,0
2,台北市,2023-09,2023,0.0226829279214693,67.13,0.15,168377822,185630633875,1096,1920174,2023,9,-1.0,-1.8369701987210297e-16,0.0230793552541415,0.0230027642927473,0.0238027336359308,16,0
2,台北市,2023-09,2023,0.0226829279214693,67.13,0.15,168377822,185630633875,915,6510579,2023,9,-1.0,-1.8369701987210297e-16,0.0230793552541415,0.0230027642927473,0.0238027336359308,16,1
2,台北市,2023-09,2023,0.0226829279214693,67.13,0.15,168377822,185630633875,44507,104352630,2023,9,-1.0,-1.8369701987210297e-16,0.0230793552541415,0.0230027642927473,0.0238027336359308,17,1
2,台北市,2023-09,2023,0.0226829279214693,67.13,0.15,168377822,185630633875,117452,170831115,2023,9,-1.0,-1.8369701987210297e-16,0.0230793552541415,0.0230027642927473,0.0238027336359308,17,0
2,台北市,2023-09,2023,0.0226829279214693,67.13,0.15,168377822,185630633875,30534,20861833,2023,9,-1.0,-1.8369701987210297e-16,0.0230793552541415,0.0230027642927473,0.0238027336359308,18,0
2,台北市,2023-09,2023,0.0226829279214693,67.13,0.15,168377822,185630633875,30884,40005829,2023,9,-1.0,-1.8369701987210297e-16,0.0230793552541415,0.0230027642927473,0.0238027336359308,18,1
2,台北市,2023-09,2023,0.0226829279214693,67.13,0.15,168377822,185630633875,548,69355182,2023,9,-1.0,-1.8369701987210297e-16,0.0230793552541415,0.0230027642927473,0.0238027336359308,19,1
2,台北市,2023-09,2023,0.0226829279214693,67.13,0.15,168377822,185630633875,1129,2249820,2023,9,-1.0,-1.8369701987210297e-16,0.0230793552541415,0.0230027642927473,0.0238027336359308,19,0
2,台北市,2023-09,2023,0.0226829279214693,67.13,0.15,168377822,185630633875,17089,302779274,2023,9,-1.0,-1.8369701987210297e-16,0.0230793552541415,0.0230027642927473,0.0238027336359308,20,0
2,台北市,2023-09,2023,0.0226829279214693,67.13,0.15,168377822,185630633875,7871,32794879,2023,9,-1.0,-1.8369701987210297e-16,0.0230793552541415,0.0230027642927473,0.0238027336359308,21,1
2,台北市,2023-09,2023,0.0226829279214693,67.13,0.15,168377822,185630633875,9555,23889070,2023,9,-1.0,-1.8369701987210297e-16,0.0230793552541415,0.0230027642927473,0.0238027336359308,21,0
2,台北市,2023-09,2023,0.0226829279214693,67.13,0.15,168377822,185630633875,5669,1204530,2023,9,-1.0,-1.8369701987210297e-16,0.0230793552541415,0.0230027642927473,0.0238027336359308,22,1
2,台北市,2023-09,2023,0.0226829279214693,67.13,0.15,168377822,185630633875,2450,517363,2023,9,-1.0,-1.8369701987210297e-16,0.0230793552541415,0.0230027642927473,0.0238027336359308,22,0
2,台北市,2023-09,2023,0.0226829279214693,67.13,0.15,168377822,185630633875,91,182659,2023,9,-1.0,-1.8369701987210297e-16,0.0230793552541415,0.0230027642927473,0.0238027336359308,23,0
2,台北市,2023-09,2023,0.0226829279214693,67.13,0.15,168377822,185630633875,1866,188567949,2023,9,-1.0,-1.8369701987210297e-16,0.0230793552541415,0.0230027642927473,0.0238027336359308,23,1
2,台北市,2023-09,2023,0.0226829279214693,67.13,0.15,168377822,185630633875,98,185309945,2023,9,-1.0,-1.8369701987210297e-16,0.0230793552541415,0.0230027642927473,0.0238027336359308,24,1
2,台北市,2023-09,2023,0.0226829279214693,67.13,0.15,168377822,185630633875,294,442261,2023,9,-1.0,-1.8369701987210297e-16,0.0230793552541415,0.0230027642927473,0.0238027336359308,25,0
2,台北市,2023-09,2023,0.0226829279214693,67.13,0.15,168377822,185630633875,1073,262924772,2023,9,-1.0,-1.8369701987210297e-16,0.0230793552541415,0.0230027642927473,0.0238027336359308,25,1
2,台北市,2023-09,2023,0.0226829279214693,67.13,0.15,168377822,185630633875,25726,5242880,2023,9,-1.0,-1.8369701987210297e-16,0.0230793552541415,0.0230027642927473,0.0238027336359308,26,0
2,台北市,2023-09,2023,0.0226829279214693,67.13,0.15,168377822,185630633875,5881,21854278,2023,9,-1.0,-1.8369701987210297e-16,0.0230793552541415,0.0230027642927473,0.0238027336359308,26,1
2,台北市,2023-09,2023,0.0226829279214693,67.13,0.15,168377822,185630633875,32,123317,2023,9,-1.0,-1.8369701987210297e-16,0.0230793552541415,0.0230027642927473,0.0238027336359308,27,0
2,台北市,2023-09,2023,0.0226829279214693,67.13,0.15,168377822,185630633875,52,1292266,2023,9,-1.0,-1.8369701987210297e-16,0.0230793552541415,0.0230027642927473,0.0238027336359308,27,1
2,台北市,2023-09,2023,0.0226829279214693,67.13,0.15,168377822,185630633875,44521,110270914,2023,9,-1.0,-1.8369701987210297e-16,0.0230793552541415,0.0230027642927473,0.0238027336359308,28,0
2,台北市,2023-09,2023,0.0226829279214693,67.13,0.15,168377822,185630633875,23463,950921159,2023,9,-1.0,-1.8369701987210297e-16,0.0230793552541415,0.0230027642927473,0.0238027336359308,28,1
2,台北市,2023-09,2023,0.0226829279214693,67.13,0.15,168377822,185630633875,26505,87193349,2023,9,-1.0,-1.8369701987210297e-16,0.0230793552541415,0.0230027642927473,0.0238027336359308,30,0
2,台北市,2023-09,2023,0.0226829279214693,67.13,0.15,168377822,185630633875,10237,53114864,2023,9,-1.0,-1.8369701987210297e-16,0.0230793552541415,0.0230027642927473,0.0238027336359308,30,1
2,台北市,2023-09,2023,0.0226829279214693,67.13,0.15,168377822,185630633875,3,5446,2023,9,-1.0,-1.8369701987210297e-16,0.0230793552541415,0.0230027642927473,0.0238027336359308,31,0
2,台北市,2023-09,2023,0.0226829279214693,67.13,0.15,168377822,185630633875,965,1422306,2023,9,-1.0,-1.8369701987210297e-16,0.0230793552541415,0.0230027642927473,0.0238027336359308,31,1
2,台北市,2023-09,2023,0.0226829279214693,67.13,0.15,168377822,185630633875,250,456949,2023,9,-1.0,-1.8369701987210297e-16,0.0230793552541415,0.0230027642927473,0.0238027336359308,33,0
2,台北市,2023-09,2023,0.0226829279214693,67.13,0.15,168377822,185630633875,662,139611471,2023,9,-1.0,-1.8369701987210297e-16,0.0230793552541415,0.0230027642927473,0.0238027336359308,33,1
2,台北市,2023-09,2023,0.0226829279214693,67.13,0.15,168377822,185630633875,20,105500,2023,9,-1.0,-1.8369701987210297e-16,0.0230793552541415,0.0230027642927473,0.0238027336359308,34,0
2,台北市,2023-09,2023,0.0226829279214693,67.13,0.15,168377822,185630633875,2,10250,2023,9,-1.0,-1.8369701987210297e-16,0.0230793552541415,0.0230027642927473,0.0238027336359308,34,1
2,台北市,2023-09,2023,0.0226829279214693,67.13,0.15,168377822,185630633875,107196,80077160,2023,9,-1.0,-1.8369701987210297e-16,0.0230793552541415,0.0230027642927473,0.0238027336359308,36,0
2,台北市,2023-09,2023,0.0226829279214693,67.13,0.15,168377822,185630633875,50809,288688310,2023,9,-1.0,-1.8369701987210297e-16,0.0230793552541415,0.0230027642927473,0.0238027336359308,36,1
2,台北市,2023-09,2023,0.0226829279214693,67.13,0.15,168377822,185630633875,9362,107642298,2023,9,-1.0,-1.8369701987210297e-16,0.0230793552541415,0.0230027642927473,0.0238027336359308,37,1
2,台北市,2023-09,2023,0.0226829279214693,67.13,0.15,168377822,185630633875,189741,293499448,2023,9,-1.0,-1.8369701987210297e-16,0.0230793552541415,0.0230027642927473,0.0238027336359308,37,0
2,台北市,2023-09,2023,0.0226829279214693,67.13,0.15,168377822,185630633875,1628,7244169,2023,9,-1.0,-1.8369701987210297e-16,0.0230793552541415,0.0230027642927473,0.0238027336359308,38,0
2,台北市,2023-09,2023,0.0226829279214693,67.13,0.15,168377822,185630633875,2841,34195800,2023,9,-1.0,-1.8369701987210297e-16,0.0230793552541415,0.0230027642927473,0.0238027336359308,38,1
2,台北市,2023-09,2023,0.0226829279214693,67.13,0.15,168377822,185630633875,6662,709545828,2023,9,-1.0,-1.8369701987210297e-16,0.0230793552541415,0.0230027642927473,0.0238027336359308,39,1
2,台北市,2023-09,2023,0.0226829279214693,67.13,0.15,168377822,185630633875,1212,124334019,2023,9,-1.0,-1.8369701987210297e-16,0.0230793552541415,0.0230027642927473,0.0238027336359308,39,0
2,台北市,2023-09,2023,0.0226829279214693,67.13,0.15,168377822,185630633875,6866,38538545,2023,9,-1.0,-1.8369701987210297e-16,0.0230793552541415,0.0230027642927473,0.0238027336359308,40,1
2,台北市,2023-09,2023,0.0226829279214693,67.13,0.15,168377822,185630633875,1251,5211605,2023,9,-1.0,-1.8369701987210297e-16,0.0230793552541415,0.0230027642927473,0.0238027336359308,40,0
2,台北市,2023-09,2023,0.0226829279214693,67.13,0.15,168377822,185630633875,3892528,7248847082,2023,9,-1.0,-1.8369701987210297e-16,0.0230793552541415,0.0230027642927473,0.0238027336359308,41,0
2,台北市,2023-09,2023,0.0226829279214693,67.13,0.15,168377822,185630633875,292373,706931538,2023,9,-1.0,-1.8369701987210297e-16,0.0230793552541415,0.0230027642927473,0.0238027336359308,41,1
2,台北市,2023-09,2023,0.0226829279214693,67.13,0.15,168377822,185630633875,12251,19404223,2023,9,-1.0,-1.8369701987210297e-16,0.0230793552541415,0.0230027642927473,0.0238027336359308,43,0
2,台北市,2023-09,2023,0.0226829279214693,67.13,0.15,168377822,185630633875,2219,5315914,2023,9,-1.0,-1.8369701987210297e-16,0.0230793552541415,0.0230027642927473,0.0238027336359308,43,1
2,台北市,2023-09,2023,0.0226829279214693,67.13,0.15,168377822,185630633875,5801127,7776921176,2023,9,-1.0,-1.8369701987210297e-16,0.0230793552541415,0.0230027642927473,0.0238027336359308,44,0
2,台北市,2023-09,2023,0.0226829279214693,67.13,0.15,168377822,185630633875,3426381,28146163981,2023,9,-1.0,-1.8369701987210297e-16,0.0230793552541415,0.0230027642927473,0.0238027336359308,44,1
2,台北市,2023-09,2023,0.0226829279214693,67.13,0.15,168377822,185630633875,24122,164390657,2023,9,-1.0,-1.8369701987210297e-16,0.0230793552541415,0.0230027642927473,0.0238027336359308,46,0
2,台北市,2023-09,2023,0.0226829279214693,67.13,0.15,168377822,185630633875,33583,189823734,2023,9,-1.0,-1.8369701987210297e-16,0.0230793552541415,0.0230027642927473,0.0238027336359308,46,1
2,台北市,2023-09,2023,0.0226829279214693,67.13,0.15,168377822,185630633875,676,1932366,2023,9,-1.0,-1.8369701987210297e-16,0.0230793552541415,0.0230027642927473,0.0238027336359308,48,0
2,台北市,2023-09,2023,0.0226829279214693,67.13,0.15,168377822,185630633875,1262,31940255,2023,9,-1.0,-1.8369701987210297e-16,0.0230793552541415,0.0230027642927473,0.0238027336359308,48,1
2,台北市,2023-09,2023,0.0226829279214693,67.13,0.15,168377822,185630633875,119180,381384721,2023,9,-1.0,-1.8369701987210297e-16,0.0230793552541415,0.0230027642927473,0.0238027336359308,50,0
2,台北市,2023-09,2023,0.0226829279214693,67.13,0.15,168377822,185630633875,65570,389761741,2023,9,-1.0,-1.8369701987210297e-16,0.0230793552541415,0.0230027642927473,0.0238027336359308,50,1
2,台北市,2023-09,2023,0.0226829279214693,67.13,0.15,168377822,185630633875,31668,314880166,2023,9,-1.0,-1.8369701987210297e-16,0.0230793552541415,0.0230027642927473,0.0238027336359308,52,1
2,台北市,2023-09,2023,0.0226829279214693,67.13,0.15,168377822,185630633875,22027,7364466,2023,9,-1.0,-1.8369701987210297e-16,0.0230793552541415,0.0230027642927473,0.0238027336359308,52,0
2,台北市,2023-09,2023,0.0226829279214693,67.13,0.15,168377822,185630633875,3037,11969061,2023,9,-1.0,-1.8369701987210297e-16,0.0230793552541415,0.0230027642927473,0.0238027336359308,53,1
2,台北市,2023-09,2023,0.0226829279214693,67.13,0.15,168377822,185630633875,6,8500,2023,9,-1.0,-1.8369701987210297e-16,0.0230793552541415,0.0230027642927473,0.0238027336359308,53,0
2,台北市,2023-09,2023,0.0226829279214693,67.13,0.15,168377822,185630633875,1451,2266551127,2023,9,-1.0,-1.8369701987210297e-16,0.0230793552541415,0.0230027642927473,0.0238027336359308,54,1
2,台北市,2023-09,2023,0.0226829279214693,67.13,0.15,168377822,185630633875,328,1338760,2023,9,-1.0,-1.8369701987210297e-16,0.0230793552541415,0.0230027642927473,0.0238027336359308,54,0
2,台北市,2023-09,2023,0.0226829279214693,67.13,0.15,168377822,185630633875,315,8604795,2023,9,-1.0,-1.8369701987210297e-16,0.0230793552541415,0.0230027642927473,0.0238027336359308,56,0
2,台北市,2023-09,2023,0.0226829279214693,67.13,0.15,168377822,185630633875,167,55653037,2023,9,-1.0,-1.8369701987210297e-16,0.0230793552541415,0.0230027642927473,0.0238027336359308,56,1
2,台北市,2023-09,2023,0.0226829279214693,67.13,0.15,168377822,185630633875,50,685013,2023,9,-1.0,-1.8369701987210297e-16,0.0230793552541415,0.0230027642927473,0.0238027336359308,57,1
2,台北市,2023-09,2023,0.0226829279214693,67.13,0.15,168377822,185630633875,3362,674686,2023,9,-1.0,-1.8369701987210297e-16,0.0230793552541415,0.0230027642927473,0.0238027336359308,58,0
2,台北市,2023-09,2023,0.0226829279214693,67.13,0.15,168377822,185630633875,3277,70864068,2023,9,-1.0,-1.8369701987210297e-16,0.0230793552541415,0.0230027642927473,0.0238027336359308,58,1
2,台北市,2023-09,2023,0.0226829279214693,67.13,0.15,168377822,185630633875,116,23677857,2023,9,-1.0,-1.8369701987210297e-16,0.0230793552541415,0.0230027642927473,0.0238027336359308,59,1
2,台北市,2023-09,2023,0.0226829279214693,67.13,0.15,168377822,185630633875,943,1532220,2023,9,-1.0,-1.8369701987210297e-16,0.0230793552541415,0.0230027642927473,0.0238027336359308,59,0
2,台北市,2023-09,2023,0.0226829279214693,67.13,0.15,168377822,185630633875,684223,289924997,2023,9,-1.0,-1.8369701987210297e-16,0.0230793552541415,0.0230027642927473,0.0238027336359308,60,0
2,台北市,2023-09,2023,0.0226829279214693,67.13,0.15,168377822,185630633875,9,304229,2023,9,-1.0,-1.8369701987210297e-16,0.0230793552541415,0.0230027642927473,0.0238027336359308,60,1
2,台北市,2023-09,2023,0.0226829279214693,67.13,0.15,168377822,185630633875,859,3266354,2023,9,-1.0,-1.8369701987210297e-16,0.0230793552541415,0.0230027642927473,0.0238027336359308,61,1
2,台北市,2023-09,2023,0.0226829279214693,67.13,0.15,168377822,185630633875,267,1488565,2023,9,-1.0,-1.8369701987210297e-16,0.0230793552541415,0.0230027642927473,0.0238027336359308,61,0
2,台北市,2023-09,2023,0.0226829279214693,67.13,0.15,168377822,185630633875,10,18000,2023,9,-1.0,-1.8369701987210297e-16,0.0230793552541415,0.0230027642927473,0.0238027336359308,62,1
2,台北市,2023-09,2023,0.0226829279214693,67.13,0.15,168377822,185630633875,58631,20532684,2023,9,-1.0,-1.8369701987210297e-16,0.0230793552541415,0.0230027642927473,0.0238027336359308,63,0
2,台北市,2023-09,2023,0.0226829279214693,67.13,0.15,168377822,185630633875,101569,59496769,2023,9,-1.0,-1.8369701987210297e-16,0.0230793552541415,0.0230027642927473,0.0238027336359308,63,1
2,台北市,2023-09,2023,0.0226829279214693,67.13,0.15,168377822,185630633875,375,53753702,2023,9,-1.0,-1.8369701987210297e-16,0.0230793552541415,0.0230027642927473,0.0238027336359308,66,1
2,台北市,2023-09,2023,0.0226829279214693,67.13,0.15,168377822,185630633875,1573,1963908,2023,9,-1.0,-1.8369701987210297e-16,0.0230793552541415,0.0230027642927473,0.0238027336359308,66,0
2,台北市,2023-09,2023,0.0226829279214693,67.13,0.15,168377822,185630633875,105318,6204034167,2023,9,-1.0,-1.8369701987210297e-16,0.0230793552541415,0.0230027642927473,0.0238027336359308,67,1
2,台北市,2023-09,2023,0.0226829279214693,67.13,0.15,168377822,185630633875,884432,542481188,2023,9,-1.0,-1.8369701987210297e-16,0.0230793552541415,0.0230027642927473,0.0238027336359308,67,0
2,台北市,2023-09,2023,0.0226829279214693,67.13,0.15,168377822,185630633875,431,2190617,2023,9,-1.0,-1.8369701987210297e-16,0.0230793552541415,0.0230027642927473,0.0238027336359308,68,1
2,台北市,2023-09,2023,0.0226829279214693,67.13,0.15,168377822,185630633875,2155,5504006,2023,9,-1.0,-1.8369701987210297e-16,0.0230793552541415,0.0230027642927473,0.0238027336359308,68,0
2,台北市,2023-09,2023,0.0226829279214693,67.13,0.15,168377822,185630633875,1609,249755424,2023,9,-1.0,-1.8369701987210297e-16,0.0230793552541415,0.0230027642927473,0.0238027336359308,69,1
2,台北市,2023-09,2023,0.0226829279214693,67.13,0.15,168377822,185630633875,2275,5306566,2023,9,-1.0,-1.8369701987210297e-16,0.0230793552541415,0.0230027642927473,0.0238027336359308,69,0
2,台北市,2023-09,2023,0.0226829279214693,67.13,0.15,168377822,185630633875,2614,6310138,2023,9,-1.0,-1.8369701987210297e-16,0.0230793552541415,0.0230027642927473,0.0238027336359308,70,0
2,台北市,2023-09,2023,0.0226829279214693,67.13,0.15,168377822,185630633875,9555,18731440,2023,9,-1.0,-1.8369701987210297e-16,0.0230793552541415,0.0230027642927473,0.0238027336359308,70,1
2,台北市,2023-09,2023,0.0226829279214693,67.13,0.15,168377822,185630633875,12,33123,2023,9,-1.0,-1.8369701987210297e-16,0.0230793552541415,0.0230027642927473,0.0238027336359308,71,1
2,台北市,2023-09,2023,0.0226829279214693,67.13,0.15,168377822,185630633875,16,24739188,2023,9,-1.0,-1.8369701987210297e-16,0.0230793552541415,0.0230027642927473,0.0238027336359308,72,0
2,台北市,2023-09,2023,0.0226829279214693,67.13,0.15,168377822,185630633875,13567,231807474,2023,9,-1.0,-1.8369701987210297e-16,0.0230793552541415,0.0230027642927473,0.0238027336359308,72,1
2,台北市,2023-09,2023,0.0226829279214693,67.13,0.15,168377822,185630633875,27456,127922916,2023,9,-1.0,-1.8369701987210297e-16,0.0230793552541415,0.0230027642927473,0.0238027336359308,73,1
2,台北市,2023-09,2023,0.0226829279214693,67.13,0.15,168377822,185630633875,25099,37238611,2023,9,-1.0,-1.8369701987210297e-16,0.0230793552541415,0.0230027642927473,0.0238027336359308,73,0
2,台北市,2023-09,2023,0.0226829279214693,67.13,0.15,168377822,185630633875,711524,549034448,2023,9,-1.0,-1.8369701987210297e-16,0.0230793552541415,0.0230027642927473,0.0238027336359308,75,0
2,台北市,2023-09,2023,0.0226829279214693,67.13,0.15,168377822,185630633875,129419,896275948,2023,9,-1.0,-1.8369701987210297e-16,0.0230793552541415,0.0230027642927473,0.0238027336359308,75,1
2,台北市,2023-09,2023,0.0226829279214693,67.13,0.15,168377822,185630633875,413530,622302340,2023,9,-1.0,-1.8369701987210297e-16,0.0230793552541415,0.0230027642927473,0.0238027336359308,77,1
2,台北市,2023-09,2023,0.0226829279214693,67.13,0.15,168377822,185630633875,29981378,13153515039,2023,9,-1.0,-1.8369701987210297e-16,0.0230793552541415,0.0230027642927473,0.0238027336359308,77,0
2,台北市,2023-09,2023,0.0226829279214693,67.13,0.15,168377822,185630633875,7682,12534266,2023,9,-1.0,-1.8369701987210297e-16,0.0230793552541415,0.0230027642927473,0.0238027336359308,78,0
2,台北市,2023-09,2023,0.0226829279214693,67.13,0.15,168377822,185630633875,2063,156563325,2023,9,-1.0,-1.8369701987210297e-16,0.0230793552541415,0.0230027642927473,0.0238027336359308,78,1
2,台北市,2023-09,2023,0.0226829279214693,67.13,0.15,168377822,185630633875,291670,322676507,2023,9,-1.0,-1.8369701987210297e-16,0.0230793552541415,0.0230027642927473,0.0238027336359308,79,0
2,台北市,2023-09,2023,0.0226829279214693,67.13,0.15,168377822,185630633875,265614,363663620,2023,9,-1.0,-1.8369701987210297e-16,0.0230793552541415,0.0230027642927473,0.0238027336359308,79,1
2,台北市,2023-09,2023,0.0226829279214693,67.13,0.15,168377822,185630633875,1639537,299905192,2023,9,-1.0,-1.8369701987210297e-16,0.0230793552541415,0.0230027642927473,0.0238027336359308,80,0
2,台北市,2023-09,2023,0.0226829279214693,67.13,0.15,168377822,185630633875,1976755,3382314352,2023,9,-1.0,-1.8369701987210297e-16,0.0230793552541415,0.0230027642927473,0.0238027336359308,80,1
2,台北市,2023-09,2023,0.0226829279214693,67.13,0.15,168377822,185630633875,7858,5287621,2023,9,-1.0,-1.8369701987210297e-16,0.0230793552541415,0.0230027642927473,0.0238027336359308,81,1
2,台北市,2023-09,2023,0.0226829279214693,67.13,0.15,168377822,185630633875,5894,2125265,2023,9,-1.0,-1.8369701987210297e-16,0.0230793552541415,0.0230027642927473,0.0238027336359308,81,0
2,台北市,2023-09,2023,0.0226829279214693,67.13,0.15,168377822,185630633875,10866,55489282,2023,9,-1.0,-1.8369701987210297e-16,0.0230793552541415,0.0230027642927473,0.0238027336359308,83,0
2,台北市,2023-09,2023,0.0226829279214693,67.13,0.15,168377822,185630633875,10628,64108462,2023,9,-1.0,-1.8369701987210297e-16,0.0230793552541415,0.0230027642927473,0.0238027336359308,83,1
2,台北市,2023-09,2023,0.0226829279214693,67.13,0.15,168377822,185630633875,1402,197643924,2023,9,-1.0,-1.8369701987210297e-16,0.0230793552541415,0.0230027642927473,0.0238027336359308,84,1
2,台北市,2023-09,2023,0.0226829279214693,67.13,0.15,168377822,185630633875,247,229915,2023,9,-1.0,-1.8369701987210297e-16,0.0230793552541415,0.0230027642927473,0.0238027336359308,84,0
2,台北市,2023-09,2023,0.0226829279214693,67.13,0.15,168377822,185630633875,25935,2599809060,2023,9,-1.0,-1.8369701987210297e-16,0.0230793552541415,0.0230027642927473,0.0238027336359308,86,1
2,台北市,2023-09,2023,0.0226829279214693,67.13,0.15,168377822,185630633875,54365,105046290,2023,9,-1.0,-1.8369701987210297e-16,0.0230793552541415,0.0230027642927473,0.0238027336359308,86,0
2,台北市,2023-09,2023,0.0226829279214693,67.13,0.15,168377822,185630633875,112150,82218970,2023,9,-1.0,-1.8369701987210297e-16,0.0230793552541415,0.0230027642927473,0.0238027336359308,87,1
2,台北市,2023-09,2023,0.0226829279214693,67.13,0.15,168377822,185630633875,194262,183679117,2023,9,-1.0,-1.8369701987210297e-16,0.0230793552541415,0.0230027642927473,0.0238027336359308,87,0
2,台北市,2023-09,2023,0.0226829279214693,67.13,0.15,168377822,185630633875,45405311,28473475121,2023,9,-1.0,-1.8369701987210297e-16,0.0230793552541415,0.0230027642927473,0.0238027336359308,88,0
2,台北市,2023-09,2023,0.0226829279214693,67.13,0.15,168377822,185630633875,31554655,25398607503,2023,9,-1.0,-1.8369701987210297e-16,0.0230793552541415,0.0230027642927473,0.0238027336359308,88,1
2,台北市,2023-09,2023,0.0226829279214693,67.13,0.15,168377822,185630633875,102750,646097963,2023,9,-1.0,-1.8369701987210297e-16,0.0230793552541415,0.0230027642927473,0.0238027336359308,89,1
2,台北市,2023-09,2023,0.0226829279214693,67.13,0.15,168377822,185630633875,14982933,11087759199,2023,9,-1.0,-1.8369701987210297e-16,0.0230793552541415,0.0230027642927473,0.0238027336359308,89,0
2,台北市,2023-09,2023,0.0226829279214693,67.13,0.15,168377822,185630633875,745682,2286502225,2023,9,-1.0,-1.8369701987210297e-16,0.0230793552541415,0.0230027642927473,0.0238027336359308,90,0
2,台北市,2023-09,2023,0.0226829279214693,67.13,0.15,168377822,185630633875,18517,23098125,2023,9,-1.0,-1.8369701987210297e-16,0.0230793552541415,0.0230027642927473,0.0238027336359308,90,1
2,台北市,2023-09,2023,0.0226829279214693,67.13,0.15,168377822,185630633875,11420,10802995,2023,9,-1.0,-1.8369701987210297e-16,0.0230793552541415,0.0230027642927473,0.0238027336359308,91,0
2,台北市,2023-09,2023,0.0226829279214693,67.13,0.15,168377822,185630633875,3879,414563519,2023,9,-1.0,-1.8369701987210297e-16,0.0230793552541415,0.0230027642927473,0.0238027336359308,91,1
2,台北市,2023-09,2023,0.0226829279214693,67.13,0.15,168377822,185630633875,242,1600695,2023,9,-1.0,-1.8369701987210297e-16,0.0230793552541415,0.0230027642927473,0.0238027336359308,93,0
2,台北市,2023-09,2023,0.0226829279214693,67.13,0.15,168377822,185630633875,1015,364090543,2023,9,-1.0,-1.8369701987210297e-16,0.0230793552541415,0.0230027642927473,0.0238027336359308,93,1
2,台北市,2023-09,2023,0.0226829279214693,67.13,0.15,168377822,185630633875,3030,676351987,2023,9,-1.0,-1.8369701987210297e-16,0.0230793552541415,0.0230027642927473,0.0238027336359308,94,1
2,台北市,2023-09,2023,0.0226829279214693,67.13,0.15,168377822,185630633875,25381,42685982,2023,9,-1.0,-1.8369701987210297e-16,0.0230793552541415,0.0230027642927473,0.0238027336359308,94,0
2,台北市,2023-09,2023,0.0226829279214693,67.13,0.15,168377822,185630633875,1195846,382033626,2023,9,-1.0,-1.8369701987210297e-16,0.0230793552541415,0.0230027642927473,0.0238027336359308,95,0
2,台北市,2023-09,2023,0.0226829279214693,67.13,0.15,168377822,185630633875,78767,484032116,2023,9,-1.0,-1.8369701987210297e-16,0.0230793552541415,0.0230027642927473,0.0238027336359308,95,1
2,台北市,2023-09,2023,0.0226829279214693,67.13,0.15,168377822,185630633875,4785,520005639,2023,9,-1.0,-1.8369701987210297e-16,0.0230793552541415,0.0230027642927473,0.0238027336359308,97,1
2,台北市,2023-09,2023,0.0226829279214693,67.13,0.15,168377822,185630633875,123,497378,2023,9,-1.0,-1.8369701987210297e-16,0.0230793552541415,0.0230027642927473,0.0238027336359308,97,0
2,台北市,2023-09,2023,0.0226829279214693,67.13,0.15,168377822,185630633875,532085,502369647,2023,9,-1.0,-1.8369701987210297e-16,0.0230793552541415,0.0230027642927473,0.0238027336359308,98,1
2,台北市,2023-09,2023,0.0226829279214693,67.13,0.15,168377822,185630633875,359716,170352402,2023,9,-1.0,-1.8369701987210297e-16,0.0230793552541415,0.0230027642927473,0.0238027336359308,98,0
2,台北市,2023-09,2023,0.0226829279214693,67.13,0.15,168377822,185630633875,9000,6944315,2023,9,-1.0,-1.8369701987210297e-16,0.0230793552541415,0.0230027642927473,0.0238027336359308,100,1
2,台北市,2023-09,2023,0.0226829279214693,67.13,0.15,168377822,185630633875,8856,1604359,2023,9,-1.0,-1.8369701987210297e-16,0.0230793552541415,0.0230027642927473,0.0238027336359308,100,0
2,台北市,2023-09,2023,0.0226829279214693,67.13,0.15,168377822,185630633875,8463972,2802793009,2023,9,-1.0,-1.8369701987210297e-16,0.0230793552541415,0.0230027642927473,0.0238027336359308,101,0
2,台北市,2023-09,2023,0.0226829279214693,67.13,0.15,168377822,185630633875,10345879,4493411184,2023,9,-1.0,-1.8369701987210297e-16,0.0230793552541415,0.0230027642927473,0.0238027336359308,101,1
2,台北市,2023-10,2023,0.0230345115493965,67.22,0.04,172957694,193482125131,104564,4475959523,2023,10,-0.8660254037844386,0.5000000000000001,0.0226829279214693,0.0230793552541415,0.0230027642927473,0,1
2,台北市,2023-10,2023,0.0230345115493965,67.22,0.04,172957694,193482125131,52393,205894820,2023,10,-0.8660254037844386,0.5000000000000001,0.0226829279214693,0.0230793552541415,0.0230027642927473,0,0
2,台北市,2023-10,2023,0.0230345115493965,67.22,0.04,172957694,193482125131,579915,15752167365,2023,10,-0.8660254037844386,0.5000000000000001,0.0226829279214693,0.0230793552541415,0.0230027642927473,1,1
2,台北市,2023-10,2023,0.0230345115493965,67.22,0.04,172957694,193482125131,553560,729038540,2023,10,-0.8660254037844386,0.5000000000000001,0.0226829279214693,0.0230793552541415,0.0230027642927473,1,0
2,台北市,2023-10,2023,0.0230345115493965,67.22,0.04,172957694,193482125131,21869,13266843,2023,10,-0.8660254037844386,0.5000000000000001,0.0226829279214693,0.0230793552541415,0.0230027642927473,2,0
2,台北市,2023-10,2023,0.0230345115493965,67.22,0.04,172957694,193482125131,342682,226368495,2023,10,-0.8660254037844386,0.5000000000000001,0.0226829279214693,0.0230793552541415,0.0230027642927473,2,1
2,台北市,2023-10,2023,0.0230345115493965,67.22,0.04,172957694,193482125131,121121,165965280,2023,10,-0.8660254037844386,0.5000000000000001,0.0226829279214693,0.0230793552541415,0.0230027642927473,3,0
2,台北市,2023-10,2023,0.0230345115493965,67.22,0.04,172957694,193482125131,93741,814486714,2023,10,-0.8660254037844386,0.5000000000000001,0.0226829279214693,0.0230793552541415,0.0230027642927473,3,1
2,台北市,2023-10,2023,0.0230345115493965,67.22,0.04,172957694,193482125131,283930,1748732032,2023,10,-0.8660254037844386,0.5000000000000001,0.0226829279214693,0.0230793552541415,0.0230027642927473,5,1
2,台北市,2023-10,2023,0.0230345115493965,67.22,0.04,172957694,193482125131,60175,214082980,2023,10,-0.8660254037844386,0.5000000000000001,0.0226829279214693,0.0230793552541415,0.0230027642927473,5,0
2,台北市,2023-10,2023,0.0230345115493965,67.22,0.04,172957694,193482125131,1415,72301307,2023,10,-0.8660254037844386,0.5000000000000001,0.0226829279214693,0.0230793552541415,0.0230027642927473,6,1
2,台北市,2023-10,2023,0.0230345115493965,67.22,0.04,172957694,193482125131,1849,23738767,2023,10,-0.8660254037844386,0.5000000000000001,0.0226829279214693,0.0230793552541415,0.0230027642927473,6,0
2,台北市,2023-10,2023,0.0230345115493965,67.22,0.04,172957694,193482125131,7692,478396071,2023,10,-0.8660254037844386,0.5000000000000001,0.0226829279214693,0.0230793552541415,0.0230027642927473,7,1
2,台北市,2023-10,2023,0.0230345115493965,67.22,0.04,172957694,193482125131,11166,16133461,2023,10,-0.8660254037844386,0.5000000000000001,0.0226829279214693,0.0230793552541415,0.0230027642927473,7,0
2,台北市,2023-10,2023,0.0230345115493965,67.22,0.04,172957694,193482125131,3209,15034015,2023,10,-0.8660254037844386,0.5000000000000001,0.0226829279214693,0.0230793552541415,0.0230027642927473,8,0
2,台北市,2023-10,2023,0.0230345115493965,67.22,0.04,172957694,193482125131,7738,40221504,2023,10,-0.8660254037844386,0.5000000000000001,0.0226829279214693,0.0230793552541415,0.0230027642927473,8,1
2,台北市,2023-10,2023,0.0230345115493965,67.22,0.04,172957694,193482125131,23650,475072908,2023,10,-0.8660254037844386,0.5000000000000001,0.0226829279214693,0.0230793552541415,0.0230027642927473,9,1
2,台北市,2023-10,2023,0.0230345115493965,67.22,0.04,172957694,193482125131,9043,32853772,2023,10,-0.8660254037844386,0.5000000000000001,0.0226829279214693,0.0230793552541415,0.0230027642927473,9,0
2,台北市,2023-10,2023,0.0230345115493965,67.22,0.04,172957694,193482125131,4663,12306972,2023,10,-0.8660254037844386,0.5000000000000001,0.0226829279214693,0.0230793552541415,0.0230027642927473,12,0
2,台北市,2023-10,2023,0.0230345115493965,67.22,0.04,172957694,193482125131,4861,310436146,2023,10,-0.8660254037844386,0.5000000000000001,0.0226829279214693,0.0230793552541415,0.0230027642927473,12,1
2,台北市,2023-10,2023,0.0230345115493965,67.22,0.04,172957694,193482125131,13667,31208099,2023,10,-0.8660254037844386,0.5000000000000001,0.0226829279214693,0.0230793552541415,0.0230027642927473,13,0
2,台北市,2023-10,2023,0.0230345115493965,67.22,0.04,172957694,193482125131,8158,59957382,2023,10,-0.8660254037844386,0.5000000000000001,0.0226829279214693,0.0230793552541415,0.0230027642927473,13,1
2,台北市,2023-10,2023,0.0230345115493965,67.22,0.04,172957694,193482125131,8409,10825436,2023,10,-0.8660254037844386,0.5000000000000001,0.0226829279214693,0.0230793552541415,0.0230027642927473,14,1
2,台北市,2023-10,2023,0.0230345115493965,67.22,0.04,172957694,193482125131,1965,889028,2023,10,-0.8660254037844386,0.5000000000000001,0.0226829279214693,0.0230793552541415,0.0230027642927473,14,0
2,台北市,2023-10,2023,0.0230345115493965,67.22,0.04,172957694,193482125131,1207,7238819,2023,10,-0.8660254037844386,0.5000000000000001,0.0226829279214693,0.0230793552541415,0.0230027642927473,15,1
2,台北市,2023-10,2023,0.0230345115493965,67.22,0.04,172957694,193482125131,837,7741323,2023,10,-0.8660254037844386,0.5000000000000001,0.0226829279214693,0.0230793552541415,0.0230027642927473,15,0
2,台北市,2023-10,2023,0.0230345115493965,67.22,0.04,172957694,193482125131,944,8824329,2023,10,-0.8660254037844386,0.5000000000000001,0.0226829279214693,0.0230793552541415,0.0230027642927473,16,1
2,台北市,2023-10,2023,0.0230345115493965,67.22,0.04,172957694,193482125131,996,1472546,2023,10,-0.8660254037844386,0.5000000000000001,0.0226829279214693,0.0230793552541415,0.0230027642927473,16,0
2,台北市,2023-10,2023,0.0230345115493965,67.22,0.04,172957694,193482125131,45650,110958821,2023,10,-0.8660254037844386,0.5000000000000001,0.0226829279214693,0.0230793552541415,0.0230027642927473,17,1
2,台北市,2023-10,2023,0.0230345115493965,67.22,0.04,172957694,193482125131,124853,165409913,2023,10,-0.8660254037844386,0.5000000000000001,0.0226829279214693,0.0230793552541415,0.0230027642927473,17,0
2,台北市,2023-10,2023,0.0230345115493965,67.22,0.04,172957694,193482125131,37609,28324996,2023,10,-0.8660254037844386,0.5000000000000001,0.0226829279214693,0.0230793552541415,0.0230027642927473,18,0
2,台北市,2023-10,2023,0.0230345115493965,67.22,0.04,172957694,193482125131,29141,45653726,2023,10,-0.8660254037844386,0.5000000000000001,0.0226829279214693,0.0230793552541415,0.0230027642927473,18,1
2,台北市,2023-10,2023,0.0230345115493965,67.22,0.04,172957694,193482125131,610,69186916,2023,10,-0.8660254037844386,0.5000000000000001,0.0226829279214693,0.0230793552541415,0.0230027642927473,19,1
2,台北市,2023-10,2023,0.0230345115493965,67.22,0.04,172957694,193482125131,1339,2126483,2023,10,-0.8660254037844386,0.5000000000000001,0.0226829279214693,0.0230793552541415,0.0230027642927473,19,0
2,台北市,2023-10,2023,0.0230345115493965,67.22,0.04,172957694,193482125131,2,425751623,2023,10,-0.8660254037844386,0.5000000000000001,0.0226829279214693,0.0230793552541415,0.0230027642927473,20,1
2,台北市,2023-10,2023,0.0230345115493965,67.22,0.04,172957694,193482125131,7994,827275,2023,10,-0.8660254037844386,0.5000000000000001,0.0226829279214693,0.0230793552541415,0.0230027642927473,20,0
2,台北市,2023-10,2023,0.0230345115493965,67.22,0.04,172957694,193482125131,8887,32591374,2023,10,-0.8660254037844386,0.5000000000000001,0.0226829279214693,0.0230793552541415,0.0230027642927473,21,0
2,台北市,2023-10,2023,0.0230345115493965,67.22,0.04,172957694,193482125131,6034,30679766,2023,10,-0.8660254037844386,0.5000000000000001,0.0226829279214693,0.0230793552541415,0.0230027642927473,21,1
2,台北市,2023-10,2023,0.0230345115493965,67.22,0.04,172957694,193482125131,6345,2081528,2023,10,-0.8660254037844386,0.5000000000000001,0.0226829279214693,0.0230793552541415,0.0230027642927473,22,1
2,台北市,2023-10,2023,0.0230345115493965,67.22,0.04,172957694,193482125131,2478,548266,2023,10,-0.8660254037844386,0.5000000000000001,0.0226829279214693,0.0230793552541415,0.0230027642927473,22,0
2,台北市,2023-10,2023,0.0230345115493965,67.22,0.04,172957694,193482125131,2007,120312685,2023,10,-0.8660254037844386,0.5000000000000001,0.0226829279214693,0.0230793552541415,0.0230027642927473,23,1
2,台北市,2023-10,2023,0.0230345115493965,67.22,0.04,172957694,193482125131,84,1277770,2023,10,-0.8660254037844386,0.5000000000000001,0.0226829279214693,0.0230793552541415,0.0230027642927473,23,0
2,台北市,2023-10,2023,0.0230345115493965,67.22,0.04,172957694,193482125131,111,177584126,2023,10,-0.8660254037844386,0.5000000000000001,0.0226829279214693,0.0230793552541415,0.0230027642927473,24,1
2,台北市,2023-10,2023,0.0230345115493965,67.22,0.04,172957694,193482125131,249,482981,2023,10,-0.8660254037844386,0.5000000000000001,0.0226829279214693,0.0230793552541415,0.0230027642927473,25,0
2,台北市,2023-10,2023,0.0230345115493965,67.22,0.04,172957694,193482125131,1068,191282750,2023,10,-0.8660254037844386,0.5000000000000001,0.0226829279214693,0.0230793552541415,0.0230027642927473,25,1
2,台北市,2023-10,2023,0.0230345115493965,67.22,0.04,172957694,193482125131,27197,4313660,2023,10,-0.8660254037844386,0.5000000000000001,0.0226829279214693,0.0230793552541415,0.0230027642927473,26,0
2,台北市,2023-10,2023,0.0230345115493965,67.22,0.04,172957694,193482125131,5557,17275670,2023,10,-0.8660254037844386,0.5000000000000001,0.0226829279214693,0.0230793552541415,0.0230027642927473,26,1
2,台北市,2023-10,2023,0.0230345115493965,67.22,0.04,172957694,193482125131,45,130261,2023,10,-0.8660254037844386,0.5000000000000001,0.0226829279214693,0.0230793552541415,0.0230027642927473,27,0
2,台北市,2023-10,2023,0.0230345115493965,67.22,0.04,172957694,193482125131,54,1389266,2023,10,-0.8660254037844386,0.5000000000000001,0.0226829279214693,0.0230793552541415,0.0230027642927473,27,1
2,台北市,2023-10,2023,0.0230345115493965,67.22,0.04,172957694,193482125131,24085,992648004,2023,10,-0.8660254037844386,0.5000000000000001,0.0226829279214693,0.0230793552541415,0.0230027642927473,28,1
2,台北市,2023-10,2023,0.0230345115493965,67.22,0.04,172957694,193482125131,48009,123105565,2023,10,-0.8660254037844386,0.5000000000000001,0.0226829279214693,0.0230793552541415,0.0230027642927473,28,0
2,台北市,2023-10,2023,0.0230345115493965,67.22,0.04,172957694,193482125131,28339,86828587,2023,10,-0.8660254037844386,0.5000000000000001,0.0226829279214693,0.0230793552541415,0.0230027642927473,30,0
2,台北市,2023-10,2023,0.0230345115493965,67.22,0.04,172957694,193482125131,12623,158780012,2023,10,-0.8660254037844386,0.5000000000000001,0.0226829279214693,0.0230793552541415,0.0230027642927473,30,1
2,台北市,2023-10,2023,0.0230345115493965,67.22,0.04,172957694,193482125131,1086,1493045,2023,10,-0.8660254037844386,0.5000000000000001,0.0226829279214693,0.0230793552541415,0.0230027642927473,31,1
2,台北市,2023-10,2023,0.0230345115493965,67.22,0.04,172957694,193482125131,8,17766,2023,10,-0.8660254037844386,0.5000000000000001,0.0226829279214693,0.0230793552541415,0.0230027642927473,31,0
2,台北市,2023-10,2023,0.0230345115493965,67.22,0.04,172957694,193482125131,264,424822,2023,10,-0.8660254037844386,0.5000000000000001,0.0226829279214693,0.0230793552541415,0.0230027642927473,33,0
2,台北市,2023-10,2023,0.0230345115493965,67.22,0.04,172957694,193482125131,671,94020263,2023,10,-0.8660254037844386,0.5000000000000001,0.0226829279214693,0.0230793552541415,0.0230027642927473,33,1
2,台北市,2023-10,2023,0.0230345115493965,67.22,0.04,172957694,193482125131,27,110000,2023,10,-0.8660254037844386,0.5000000000000001,0.0226829279214693,0.0230793552541415,0.0230027642927473,34,0
2,台北市,2023-10,2023,0.0230345115493965,67.22,0.04,172957694,193482125131,1,5000,2023,10,-0.8660254037844386,0.5000000000000001,0.0226829279214693,0.0230793552541415,0.0230027642927473,34,1
2,台北市,2023-10,2023,0.0230345115493965,67.22,0.04,172957694,193482125131,111649,75277555,2023,10,-0.8660254037844386,0.5000000000000001,0.0226829279214693,0.0230793552541415,0.0230027642927473,36,0
2,台北市,2023-10,2023,0.0230345115493965,67.22,0.04,172957694,193482125131,56475,232614929,2023,10,-0.8660254037844386,0.5000000000000001,0.0226829279214693,0.0230793552541415,0.0230027642927473,36,1
2,台北市,2023-10,2023,0.0230345115493965,67.22,0.04,172957694,193482125131,200327,321411021,2023,10,-0.8660254037844386,0.5000000000000001,0.0226829279214693,0.0230793552541415,0.0230027642927473,37,0
2,台北市,2023-10,2023,0.0230345115493965,67.22,0.04,172957694,193482125131,10124,246999024,2023,10,-0.8660254037844386,0.5000000000000001,0.0226829279214693,0.0230793552541415,0.0230027642927473,37,1
2,台北市,2023-10,2023,0.0230345115493965,67.22,0.04,172957694,193482125131,1741,8250473,2023,10,-0.8660254037844386,0.5000000000000001,0.0226829279214693,0.0230793552541415,0.0230027642927473,38,0
2,台北市,2023-10,2023,0.0230345115493965,67.22,0.04,172957694,193482125131,3484,43934625,2023,10,-0.8660254037844386,0.5000000000000001,0.0226829279214693,0.0230793552541415,0.0230027642927473,38,1
2,台北市,2023-10,2023,0.0230345115493965,67.22,0.04,172957694,193482125131,7268,681495201,2023,10,-0.8660254037844386,0.5000000000000001,0.0226829279214693,0.0230793552541415,0.0230027642927473,39,1
2,台北市,2023-10,2023,0.0230345115493965,67.22,0.04,172957694,193482125131,994,125306143,2023,10,-0.8660254037844386,0.5000000000000001,0.0226829279214693,0.0230793552541415,0.0230027642927473,39,0
2,台北市,2023-10,2023,0.0230345115493965,67.22,0.04,172957694,193482125131,1644,5847708,2023,10,-0.8660254037844386,0.5000000000000001,0.0226829279214693,0.0230793552541415,0.0230027642927473,40,0
2,台北市,2023-10,2023,0.0230345115493965,67.22,0.04,172957694,193482125131,5017,40546434,2023,10,-0.8660254037844386,0.5000000000000001,0.0226829279214693,0.0230793552541415,0.0230027642927473,40,1
2,台北市,2023-10,2023,0.0230345115493965,67.22,0.04,172957694,193482125131,4074294,7534274700,2023,10,-0.8660254037844386,0.5000000000000001,0.0226829279214693,0.0230793552541415,0.0230027642927473,41,0
2,台北市,2023-10,2023,0.0230345115493965,67.22,0.04,172957694,193482125131,234149,834012703,2023,10,-0.8660254037844386,0.5000000000000001,0.0226829279214693,0.0230793552541415,0.0230027642927473,41,1
2,台北市,2023-10,2023,0.0230345115493965,67.22,0.04,172957694,193482125131,11316,19599623,2023,10,-0.8660254037844386,0.5000000000000001,0.0226829279214693,0.0230793552541415,0.0230027642927473,43,0
2,台北市,2023-10,2023,0.0230345115493965,67.22,0.04,172957694,193482125131,1846,4375483,2023,10,-0.8660254037844386,0.5000000000000001,0.0226829279214693,0.0230793552541415,0.0230027642927473,43,1
2,台北市,2023-10,2023,0.0230345115493965,67.22,0.04,172957694,193482125131,3447604,24912265517,2023,10,-0.8660254037844386,0.5000000000000001,0.0226829279214693,0.0230793552541415,0.0230027642927473,44,1
2,台北市,2023-10,2023,0.0230345115493965,67.22,0.04,172957694,193482125131,6027056,7491241744,2023,10,-0.8660254037844386,0.5000000000000001,0.0226829279214693,0.0230793552541415,0.0230027642927473,44,0
2,台北市,2023-10,2023,0.0230345115493965,67.22,0.04,172957694,193482125131,35488,164689803,2023,10,-0.8660254037844386,0.5000000000000001,0.0226829279214693,0.0230793552541415,0.0230027642927473,46,1
2,台北市,2023-10,2023,0.0230345115493965,67.22,0.04,172957694,193482125131,29972,162359028,2023,10,-0.8660254037844386,0.5000000000000001,0.0226829279214693,0.0230793552541415,0.0230027642927473,46,0
2,台北市,2023-10,2023,0.0230345115493965,67.22,0.04,172957694,193482125131,917,2944369,2023,10,-0.8660254037844386,0.5000000000000001,0.0226829279214693,0.0230793552541415,0.0230027642927473,48,0
2,台北市,2023-10,2023,0.0230345115493965,67.22,0.04,172957694,193482125131,1388,57706588,2023,10,-0.8660254037844386,0.5000000000000001,0.0226829279214693,0.0230793552541415,0.0230027642927473,48,1
2,台北市,2023-10,2023,0.0230345115493965,67.22,0.04,172957694,193482125131,64591,492969782,2023,10,-0.8660254037844386,0.5000000000000001,0.0226829279214693,0.0230793552541415,0.0230027642927473,50,1
2,台北市,2023-10,2023,0.0230345115493965,67.22,0.04,172957694,193482125131,122279,451811606,2023,10,-0.8660254037844386,0.5000000000000001,0.0226829279214693,0.0230793552541415,0.0230027642927473,50,0
2,台北市,2023-10,2023,0.0230345115493965,67.22,0.04,172957694,193482125131,28647,328709957,2023,10,-0.8660254037844386,0.5000000000000001,0.0226829279214693,0.0230793552541415,0.0230027642927473,52,1
2,台北市,2023-10,2023,0.0230345115493965,67.22,0.04,172957694,193482125131,23639,8196280,2023,10,-0.8660254037844386,0.5000000000000001,0.0226829279214693,0.0230793552541415,0.0230027642927473,52,0
2,台北市,2023-10,2023,0.0230345115493965,67.22,0.04,172957694,193482125131,6,9000,2023,10,-0.8660254037844386,0.5000000000000001,0.0226829279214693,0.0230793552541415,0.0230027642927473,53,0
2,台北市,2023-10,2023,0.0230345115493965,67.22,0.04,172957694,193482125131,2942,15626250,2023,10,-0.8660254037844386,0.5000000000000001,0.0226829279214693,0.0230793552541415,0.0230027642927473,53,1
2,台北市,2023-10,2023,0.0230345115493965,67.22,0.04,172957694,193482125131,1249,1881573301,2023,10,-0.8660254037844386,0.5000000000000001,0.0226829279214693,0.0230793552541415,0.0230027642927473,54,1
2,台北市,2023-10,2023,0.0230345115493965,67.22,0.04,172957694,193482125131,331,1327952,2023,10,-0.8660254037844386,0.5000000000000001,0.0226829279214693,0.0230793552541415,0.0230027642927473,54,0
2,台北市,2023-10,2023,0.0230345115493965,67.22,0.04,172957694,193482125131,104,34831891,2023,10,-0.8660254037844386,0.5000000000000001,0.0226829279214693,0.0230793552541415,0.0230027642927473,56,1
2,台北市,2023-10,2023,0.0230345115493965,67.22,0.04,172957694,193482125131,66,16565869,2023,10,-0.8660254037844386,0.5000000000000001,0.0226829279214693,0.0230793552541415,0.0230027642927473,56,0
2,台北市,2023-10,2023,0.0230345115493965,67.22,0.04,172957694,193482125131,78,69590936,2023,10,-0.8660254037844386,0.5000000000000001,0.0226829279214693,0.0230793552541415,0.0230027642927473,57,1
2,台北市,2023-10,2023,0.0230345115493965,67.22,0.04,172957694,193482125131,3152,69651306,2023,10,-0.8660254037844386,0.5000000000000001,0.0226829279214693,0.0230793552541415,0.0230027642927473,58,1
2,台北市,2023-10,2023,0.0230345115493965,67.22,0.04,172957694,193482125131,3208,651256,2023,10,-0.8660254037844386,0.5000000000000001,0.0226829279214693,0.0230793552541415,0.0230027642927473,58,0
2,台北市,2023-10,2023,0.0230345115493965,67.22,0.04,172957694,193482125131,858,1218863,2023,10,-0.8660254037844386,0.5000000000000001,0.0226829279214693,0.0230793552541415,0.0230027642927473,59,0
2,台北市,2023-10,2023,0.0230345115493965,67.22,0.04,172957694,193482125131,111,2095941,2023,10,-0.8660254037844386,0.5000000000000001,0.0226829279214693,0.0230793552541415,0.0230027642927473,59,1
2,台北市,2023-10,2023,0.0230345115493965,67.22,0.04,172957694,193482125131,45,3288042,2023,10,-0.8660254037844386,0.5000000000000001,0.0226829279214693,0.0230793552541415,0.0230027642927473,60,1
2,台北市,2023-10,2023,0.0230345115493965,67.22,0.04,172957694,193482125131,736342,309161304,2023,10,-0.8660254037844386,0.5000000000000001,0.0226829279214693,0.0230793552541415,0.0230027642927473,60,0
2,台北市,2023-10,2023,0.0230345115493965,67.22,0.04,172957694,193482125131,732,3579057,2023,10,-0.8660254037844386,0.5000000000000001,0.0226829279214693,0.0230793552541415,0.0230027642927473,61,1
2,台北市,2023-10,2023,0.0230345115493965,67.22,0.04,172957694,193482125131,306,1605451,2023,10,-0.8660254037844386,0.5000000000000001,0.0226829279214693,0.0230793552541415,0.0230027642927473,61,0
2,台北市,2023-10,2023,0.0230345115493965,67.22,0.04,172957694,193482125131,10,18000,2023,10,-0.8660254037844386,0.5000000000000001,0.0226829279214693,0.0230793552541415,0.0230027642927473,62,1
2,台北市,2023-10,2023,0.0230345115493965,67.22,0.04,172957694,193482125131,98946,55557704,2023,10,-0.8660254037844386,0.5000000000000001,0.0226829279214693,0.0230793552541415,0.0230027642927473,63,1
2,台北市,2023-10,2023,0.0230345115493965,67.22,0.04,172957694,193482125131,59621,20069227,2023,10,-0.8660254037844386,0.5000000000000001,0.0226829279214693,0.0230793552541415,0.0230027642927473,63,0
2,台北市,2023-10,2023,0.0230345115493965,67.22,0.04,172957694,193482125131,1703,3261835,2023,10,-0.8660254037844386,0.5000000000000001,0.0226829279214693,0.0230793552541415,0.0230027642927473,66,0
2,台北市,2023-10,2023,0.0230345115493965,67.22,0.04,172957694,193482125131,1705,54259349,2023,10,-0.8660254037844386,0.5000000000000001,0.0226829279214693,0.0230793552541415,0.0230027642927473,66,1
2,台北市,2023-10,2023,0.0230345115493965,67.22,0.04,172957694,193482125131,132808,6453312634,2023,10,-0.8660254037844386,0.5000000000000001,0.0226829279214693,0.0230793552541415,0.0230027642927473,67,1
2,台北市,2023-10,2023,0.0230345115493965,67.22,0.04,172957694,193482125131,867915,603871124,2023,10,-0.8660254037844386,0.5000000000000001,0.0226829279214693,0.0230793552541415,0.0230027642927473,67,0
2,台北市,2023-10,2023,0.0230345115493965,67.22,0.04,172957694,193482125131,2162,3848261,2023,10,-0.8660254037844386,0.5000000000000001,0.0226829279214693,0.0230793552541415,0.0230027642927473,68,0
2,台北市,2023-10,2023,0.0230345115493965,67.22,0.04,172957694,193482125131,419,1877928,2023,10,-0.8660254037844386,0.5000000000000001,0.0226829279214693,0.0230793552541415,0.0230027642927473,68,1
2,台北市,2023-10,2023,0.0230345115493965,67.22,0.04,172957694,193482125131,1557,170081516,2023,10,-0.8660254037844386,0.5000000000000001,0.0226829279214693,0.0230793552541415,0.0230027642927473,69,1
2,台北市,2023-10,2023,0.0230345115493965,67.22,0.04,172957694,193482125131,3153,5961619,2023,10,-0.8660254037844386,0.5000000000000001,0.0226829279214693,0.0230793552541415,0.0230027642927473,69,0
2,台北市,2023-10,2023,0.0230345115493965,67.22,0.04,172957694,193482125131,10617,22891472,2023,10,-0.8660254037844386,0.5000000000000001,0.0226829279214693,0.0230793552541415,0.0230027642927473,70,1
2,台北市,2023-10,2023,0.0230345115493965,67.22,0.04,172957694,193482125131,2725,5663003,2023,10,-0.8660254037844386,0.5000000000000001,0.0226829279214693,0.0230793552541415,0.0230027642927473,70,0
2,台北市,2023-10,2023,0.0230345115493965,67.22,0.04,172957694,193482125131,13,29996,2023,10,-0.8660254037844386,0.5000000000000001,0.0226829279214693,0.0230793552541415,0.0230027642927473,71,1
2,台北市,2023-10,2023,0.0230345115493965,67.22,0.04,172957694,193482125131,14534,269831970,2023,10,-0.8660254037844386,0.5000000000000001,0.0226829279214693,0.0230793552541415,0.0230027642927473,72,1
2,台北市,2023-10,2023,0.0230345115493965,67.22,0.04,172957694,193482125131,165,23867615,2023,10,-0.8660254037844386,0.5000000000000001,0.0226829279214693,0.0230793552541415,0.0230027642927473,72,0
2,台北市,2023-10,2023,0.0230345115493965,67.22,0.04,172957694,193482125131,38593,182436701,2023,10,-0.8660254037844386,0.5000000000000001,0.0226829279214693,0.0230793552541415,0.0230027642927473,73,1
2,台北市,2023-10,2023,0.0230345115493965,67.22,0.04,172957694,193482125131,28879,99088245,2023,10,-0.8660254037844386,0.5000000000000001,0.0226829279214693,0.0230793552541415,0.0230027642927473,73,0
2,台北市,2023-10,2023,0.0230345115493965,67.22,0.04,172957694,193482125131,134594,867104173,2023,10,-0.8660254037844386,0.5000000000000001,0.0226829279214693,0.0230793552541415,0.0230027642927473,75,1
2,台北市,2023-10,2023,0.0230345115493965,67.22,0.04,172957694,193482125131,700575,529751249,2023,10,-0.8660254037844386,0.5000000000000001,0.0226829279214693,0.0230793552541415,0.0230027642927473,75,0
2,台北市,2023-10,2023,0.0230345115493965,67.22,0.04,172957694,193482125131,415531,677958347,2023,10,-0.8660254037844386,0.5000000000000001,0.0226829279214693,0.0230793552541415,0.0230027642927473,77,1
2,台北市,2023-10,2023,0.0230345115493965,67.22,0.04,172957694,193482125131,31368132,13911865659,2023,10,-0.8660254037844386,0.5000000000000001,0.0226829279214693,0.0230793552541415,0.0230027642927473,77,0
2,台北市,2023-10,2023,0.0230345115493965,67.22,0.04,172957694,193482125131,9509,15406948,2023,10,-0.8660254037844386,0.5000000000000001,0.0226829279214693,0.0230793552541415,0.0230027642927473,78,0
2,台北市,2023-10,2023,0.0230345115493965,67.22,0.04,172957694,193482125131,2476,138433781,2023,10,-0.8660254037844386,0.5000000000000001,0.0226829279214693,0.0230793552541415,0.0230027642927473,78,1
2,台北市,2023-10,2023,0.0230345115493965,67.22,0.04,172957694,193482125131,311145,346271665,2023,10,-0.8660254037844386,0.5000000000000001,0.0226829279214693,0.0230793552541415,0.0230027642927473,79,0
2,台北市,2023-10,2023,0.0230345115493965,67.22,0.04,172957694,193482125131,271574,353808874,2023,10,-0.8660254037844386,0.5000000000000001,0.0226829279214693,0.0230793552541415,0.0230027642927473,79,1
2,台北市,2023-10,2023,0.0230345115493965,67.22,0.04,172957694,193482125131,2052788,4149330709,2023,10,-0.8660254037844386,0.5000000000000001,0.0226829279214693,0.0230793552541415,0.0230027642927473,80,1
2,台北市,2023-10,2023,0.0230345115493965,67.22,0.04,172957694,193482125131,1749562,341742089,2023,10,-0.8660254037844386,0.5000000000000001,0.0226829279214693,0.0230793552541415,0.0230027642927473,80,0
2,台北市,2023-10,2023,0.0230345115493965,67.22,0.04,172957694,193482125131,3685,2182249,2023,10,-0.8660254037844386,0.5000000000000001,0.0226829279214693,0.0230793552541415,0.0230027642927473,81,0
2,台北市,2023-10,2023,0.0230345115493965,67.22,0.04,172957694,193482125131,6959,4590051,2023,10,-0.8660254037844386,0.5000000000000001,0.0226829279214693,0.0230793552541415,0.0230027642927473,81,1
2,台北市,2023-10,2023,0.0230345115493965,67.22,0.04,172957694,193482125131,10866,72781153,2023,10,-0.8660254037844386,0.5000000000000001,0.0226829279214693,0.0230793552541415,0.0230027642927473,83,1
2,台北市,2023-10,2023,0.0230345115493965,67.22,0.04,172957694,193482125131,12223,71630474,2023,10,-0.8660254037844386,0.5000000000000001,0.0226829279214693,0.0230793552541415,0.0230027642927473,83,0
2,台北市,2023-10,2023,0.0230345115493965,67.22,0.04,172957694,193482125131,1558,233706917,2023,10,-0.8660254037844386,0.5000000000000001,0.0226829279214693,0.0230793552541415,0.0230027642927473,84,1
2,台北市,2023-10,2023,0.0230345115493965,67.22,0.04,172957694,193482125131,195,241862,2023,10,-0.8660254037844386,0.5000000000000001,0.0226829279214693,0.0230793552541415,0.0230027642927473,84,0
2,台北市,2023-10,2023,0.0230345115493965,67.22,0.04,172957694,193482125131,27208,2495237176,2023,10,-0.8660254037844386,0.5000000000000001,0.0226829279214693,0.0230793552541415,0.0230027642927473,86,1
2,台北市,2023-10,2023,0.0230345115493965,67.22,0.04,172957694,193482125131,60521,131267947,2023,10,-0.8660254037844386,0.5000000000000001,0.0226829279214693,0.0230793552541415,0.0230027642927473,86,0
2,台北市,2023-10,2023,0.0230345115493965,67.22,0.04,172957694,193482125131,116323,93112269,2023,10,-0.8660254037844386,0.5000000000000001,0.0226829279214693,0.0230793552541415,0.0230027642927473,87,1
2,台北市,2023-10,2023,0.0230345115493965,67.22,0.04,172957694,193482125131,202772,207968304,2023,10,-0.8660254037844386,0.5000000000000001,0.0226829279214693,0.0230793552541415,0.0230027642927473,87,0
2,台北市,2023-10,2023,0.0230345115493965,67.22,0.04,172957694,193482125131,31450056,27044586387,2023,10,-0.8660254037844386,0.5000000000000001,0.0226829279214693,0.0230793552541415,0.0230027642927473,88,1
2,台北市,2023-10,2023,0.0230345115493965,67.22,0.04,172957694,193482125131,46456965,32762059101,2023,10,-0.8660254037844386,0.5000000000000001,0.0226829279214693,0.0230793552541415,0.0230027642927473,88,0
2,台北市,2023-10,2023,0.0230345115493965,67.22,0.04,172957694,193482125131,105328,549279139,2023,10,-0.8660254037844386,0.5000000000000001,0.0226829279214693,0.0230793552541415,0.0230027642927473,89,1
2,台北市,2023-10,2023,0.0230345115493965,67.22,0.04,172957694,193482125131,15948545,11599803054,2023,10,-0.8660254037844386,0.5000000000000001,0.0226829279214693,0.0230793552541415,0.0230027642927473,89,0
2,台北市,2023-10,2023,0.0230345115493965,67.22,0.04,172957694,193482125131,792230,2402686608,2023,10,-0.8660254037844386,0.5000000000000001,0.0226829279214693,0.0230793552541415,0.0230027642927473,90,0
2,台北市,2023-10,2023,0.0230345115493965,67.22,0.04,172957694,193482125131,17487,28472080,2023,10,-0.8660254037844386,0.5000000000000001,0.0226829279214693,0.0230793552541415,0.0230027642927473,90,1
2,台北市,2023-10,2023,0.0230345115493965,67.22,0.04,172957694,193482125131,3884,613634462,2023,10,-0.8660254037844386,0.5000000000000001,0.0226829279214693,0.0230793552541415,0.0230027642927473,91,1
2,台北市,2023-10,2023,0.0230345115493965,67.22,0.04,172957694,193482125131,8738,9170823,2023,10,-0.8660254037844386,0.5000000000000001,0.0226829279214693,0.0230793552541415,0.0230027642927473,91,0
2,台北市,2023-10,2023,0.0230345115493965,67.22,0.04,172957694,193482125131,258,1434131,2023,10,-0.8660254037844386,0.5000000000000001,0.0226829279214693,0.0230793552541415,0.0230027642927473,93,0
2,台北市,2023-10,2023,0.0230345115493965,67.22,0.04,172957694,193482125131,1056,281092188,2023,10,-0.8660254037844386,0.5000000000000001,0.0226829279214693,0.0230793552541415,0.0230027642927473,93,1
2,台北市,2023-10,2023,0.0230345115493965,67.22,0.04,172957694,193482125131,25122,46842021,2023,10,-0.8660254037844386,0.5000000000000001,0.0226829279214693,0.0230793552541415,0.0230027642927473,94,0
2,台北市,2023-10,2023,0.0230345115493965,67.22,0.04,172957694,193482125131,3834,416996657,2023,10,-0.8660254037844386,0.5000000000000001,0.0226829279214693,0.0230793552541415,0.0230027642927473,94,1
2,台北市,2023-10,2023,0.0230345115493965,67.22,0.04,172957694,193482125131,88790,477617444,2023,10,-0.8660254037844386,0.5000000000000001,0.0226829279214693,0.0230793552541415,0.0230027642927473,95,1
2,台北市,2023-10,2023,0.0230345115493965,67.22,0.04,172957694,193482125131,1322690,407411211,2023,10,-0.8660254037844386,0.5000000000000001,0.0226829279214693,0.0230793552541415,0.0230027642927473,95,0
2,台北市,2023-10,2023,0.0230345115493965,67.22,0.04,172957694,193482125131,4818,391308553,2023,10,-0.8660254037844386,0.5000000000000001,0.0226829279214693,0.0230793552541415,0.0230027642927473,97,1
2,台北市,2023-10,2023,0.0230345115493965,67.22,0.04,172957694,193482125131,113,818635,2023,10,-0.8660254037844386,0.5000000000000001,0.0226829279214693,0.0230793552541415,0.0230027642927473,97,0
2,台北市,2023-10,2023,0.0230345115493965,67.22,0.04,172957694,193482125131,360736,132412802,2023,10,-0.8660254037844386,0.5000000000000001,0.0226829279214693,0.0230793552541415,0.0230027642927473,98,0
2,台北市,2023-10,2023,0.0230345115493965,67.22,0.04,172957694,193482125131,541804,435556081,2023,10,-0.8660254037844386,0.5000000000000001,0.0226829279214693,0.0230793552541415,0.0230027642927473,98,1
2,台北市,2023-10,2023,0.0230345115493965,67.22,0.04,172957694,193482125131,8542,7626706,2023,10,-0.8660254037844386,0.5000000000000001,0.0226829279214693,0.0230793552541415,0.0230027642927473,100,1
2,台北市,2023-10,2023,0.0230345115493965,67.22,0.04,172957694,193482125131,8106,1185800,2023,10,-0.8660254037844386,0.5000000000000001,0.0226829279214693,0.0230793552541415,0.0230027642927473,100,0
2,台北市,2023-10,2023,0.0230345115493965,67.22,0.04,172957694,193482125131,8679216,2944732645,2023,10,-0.8660254037844386,0.5000000000000001,0.0226829279214693,0.0230793552541415,0.0230027642927473,101,0
2,台北市,2023-10,2023,0.0230345115493965,67.22,0.04,172957694,193482125131,10406370,4813224396,2023,10,-0.8660254037844386,0.5000000000000001,0.0226829279214693,0.0230793552541415,0.0230027642927473,101,1
2,台北市,2023-11,2023,0.0234132595363328,67.22,0.04,177204673,203625632419,103584,4503201437,2023,11,-0.5000000000000004,0.8660254037844384,0.0230345115493965,0.0226829279214693,0.0230793552541415,0,1
2,台北市,2023-11,2023,0.0234132595363328,67.22,0.04,177204673,203625632419,49797,213494044,2023,11,-0.5000000000000004,0.8660254037844384,0.0230345115493965,0.0226829279214693,0.0230793552541415,0,0
2,台北市,2023-11,2023,0.0234132595363328,67.22,0.04,177204673,203625632419,530308,623061127,2023,11,-0.5000000000000004,0.8660254037844384,0.0230345115493965,0.0226829279214693,0.0230793552541415,1,0
2,台北市,2023-11,2023,0.0234132595363328,67.22,0.04,177204673,203625632419,579170,13585131305,2023,11,-0.5000000000000004,0.8660254037844384,0.0230345115493965,0.0226829279214693,0.0230793552541415,1,1
2,台北市,2023-11,2023,0.0234132595363328,67.22,0.04,177204673,203625632419,329005,200220378,2023,11,-0.5000000000000004,0.8660254037844384,0.0230345115493965,0.0226829279214693,0.0230793552541415,2,1
2,台北市,2023-11,2023,0.0234132595363328,67.22,0.04,177204673,203625632419,19329,13020310,2023,11,-0.5000000000000004,0.8660254037844384,0.0230345115493965,0.0226829279214693,0.0230793552541415,2,0
2,台北市,2023-11,2023,0.0234132595363328,67.22,0.04,177204673,203625632419,95267,552492803,2023,11,-0.5000000000000004,0.8660254037844384,0.0230345115493965,0.0226829279214693,0.0230793552541415,3,1
2,台北市,2023-11,2023,0.0234132595363328,67.22,0.04,177204673,203625632419,127896,260875476,2023,11,-0.5000000000000004,0.8660254037844384,0.0230345115493965,0.0226829279214693,0.0230793552541415,3,0
2,台北市,2023-11,2023,0.0234132595363328,67.22,0.04,177204673,203625632419,289464,2101866433,2023,11,-0.5000000000000004,0.8660254037844384,0.0230345115493965,0.0226829279214693,0.0230793552541415,5,1
2,台北市,2023-11,2023,0.0234132595363328,67.22,0.04,177204673,203625632419,63872,216139525,2023,11,-0.5000000000000004,0.8660254037844384,0.0230345115493965,0.0226829279214693,0.0230793552541415,5,0
2,台北市,2023-11,2023,0.0234132595363328,67.22,0.04,177204673,203625632419,1900,15945242,2023,11,-0.5000000000000004,0.8660254037844384,0.0230345115493965,0.0226829279214693,0.0230793552541415,6,0
2,台北市,2023-11,2023,0.0234132595363328,67.22,0.04,177204673,203625632419,1348,66032142,2023,11,-0.5000000000000004,0.8660254037844384,0.0230345115493965,0.0226829279214693,0.0230793552541415,6,1
2,台北市,2023-11,2023,0.0234132595363328,67.22,0.04,177204673,203625632419,8820,334103867,2023,11,-0.5000000000000004,0.8660254037844384,0.0230345115493965,0.0226829279214693,0.0230793552541415,7,1
2,台北市,2023-11,2023,0.0234132595363328,67.22,0.04,177204673,203625632419,9398,11746798,2023,11,-0.5000000000000004,0.8660254037844384,0.0230345115493965,0.0226829279214693,0.0230793552541415,7,0
2,台北市,2023-11,2023,0.0234132595363328,67.22,0.04,177204673,203625632419,8295,47745479,2023,11,-0.5000000000000004,0.8660254037844384,0.0230345115493965,0.0226829279214693,0.0230793552541415,8,1
2,台北市,2023-11,2023,0.0234132595363328,67.22,0.04,177204673,203625632419,3180,12659844,2023,11,-0.5000000000000004,0.8660254037844384,0.0230345115493965,0.0226829279214693,0.0230793552541415,8,0
2,台北市,2023-11,2023,0.0234132595363328,67.22,0.04,177204673,203625632419,24085,473320452,2023,11,-0.5000000000000004,0.8660254037844384,0.0230345115493965,0.0226829279214693,0.0230793552541415,9,1
2,台北市,2023-11,2023,0.0234132595363328,67.22,0.04,177204673,203625632419,8279,30166305,2023,11,-0.5000000000000004,0.8660254037844384,0.0230345115493965,0.0226829279214693,0.0230793552541415,9,0
2,台北市,2023-11,2023,0.0234132595363328,67.22,0.04,177204673,203625632419,4261,11202714,2023,11,-0.5000000000000004,0.8660254037844384,0.0230345115493965,0.0226829279214693,0.0230793552541415,12,0
2,台北市,2023-11,2023,0.0234132595363328,67.22,0.04,177204673,203625632419,6973,298258171,2023,11,-0.5000000000000004,0.8660254037844384,0.0230345115493965,0.0226829279214693,0.0230793552541415,12,1
2,台北市,2023-11,2023,0.0234132595363328,67.22,0.04,177204673,203625632419,17548,37929616,2023,11,-0.5000000000000004,0.8660254037844384,0.0230345115493965,0.0226829279214693,0.0230793552541415,13,0
2,台北市,2023-11,2023,0.0234132595363328,67.22,0.04,177204673,203625632419,8022,73031424,2023,11,-0.5000000000000004,0.8660254037844384,0.0230345115493965,0.0226829279214693,0.0230793552541415,13,1
2,台北市,2023-11,2023,0.0234132595363328,67.22,0.04,177204673,203625632419,9592,10271882,2023,11,-0.5000000000000004,0.8660254037844384,0.0230345115493965,0.0226829279214693,0.0230793552541415,14,1
2,台北市,2023-11,2023,0.0234132595363328,67.22,0.04,177204673,203625632419,1935,783752,2023,11,-0.5000000000000004,0.8660254037844384,0.0230345115493965,0.0226829279214693,0.0230793552541415,14,0
2,台北市,2023-11,2023,0.0234132595363328,67.22,0.04,177204673,203625632419,871,8224577,2023,11,-0.5000000000000004,0.8660254037844384,0.0230345115493965,0.0226829279214693,0.0230793552541415,15,0
2,台北市,2023-11,2023,0.0234132595363328,67.22,0.04,177204673,203625632419,1267,8468373,2023,11,-0.5000000000000004,0.8660254037844384,0.0230345115493965,0.0226829279214693,0.0230793552541415,15,1
2,台北市,2023-11,2023,0.0234132595363328,67.22,0.04,177204673,203625632419,937,1261862,2023,11,-0.5000000000000004,0.8660254037844384,0.0230345115493965,0.0226829279214693,0.0230793552541415,16,0
2,台北市,2023-11,2023,0.0234132595363328,67.22,0.04,177204673,203625632419,954,8086429,2023,11,-0.5000000000000004,0.8660254037844384,0.0230345115493965,0.0226829279214693,0.0230793552541415,16,1
2,台北市,2023-11,2023,0.0234132595363328,67.22,0.04,177204673,203625632419,115786,156051386,2023,11,-0.5000000000000004,0.8660254037844384,0.0230345115493965,0.0226829279214693,0.0230793552541415,17,0
2,台北市,2023-11,2023,0.0234132595363328,67.22,0.04,177204673,203625632419,45282,117991008,2023,11,-0.5000000000000004,0.8660254037844384,0.0230345115493965,0.0226829279214693,0.0230793552541415,17,1
2,台北市,2023-11,2023,0.0234132595363328,67.22,0.04,177204673,203625632419,62702,42219224,2023,11,-0.5000000000000004,0.8660254037844384,0.0230345115493965,0.0226829279214693,0.0230793552541415,18,0
2,台北市,2023-11,2023,0.0234132595363328,67.22,0.04,177204673,203625632419,29474,61141697,2023,11,-0.5000000000000004,0.8660254037844384,0.0230345115493965,0.0226829279214693,0.0230793552541415,18,1
2,台北市,2023-11,2023,0.0234132595363328,67.22,0.04,177204673,203625632419,1149,1826539,2023,11,-0.5000000000000004,0.8660254037844384,0.0230345115493965,0.0226829279214693,0.0230793552541415,19,0
2,台北市,2023-11,2023,0.0234132595363328,67.22,0.04,177204673,203625632419,473,747297322,2023,11,-0.5000000000000004,0.8660254037844384,0.0230345115493965,0.0226829279214693,0.0230793552541415,19,1
2,台北市,2023-11,2023,0.0234132595363328,67.22,0.04,177204673,203625632419,11079,1139025,2023,11,-0.5000000000000004,0.8660254037844384,0.0230345115493965,0.0226829279214693,0.0230793552541415,20,0
2,台北市,2023-11,2023,0.0234132595363328,67.22,0.04,177204673,203625632419,2,379429369,2023,11,-0.5000000000000004,0.8660254037844384,0.0230345115493965,0.0226829279214693,0.0230793552541415,20,1
2,台北市,2023-11,2023,0.0234132595363328,67.22,0.04,177204673,203625632419,6798,69085173,2023,11,-0.5000000000000004,0.8660254037844384,0.0230345115493965,0.0226829279214693,0.0230793552541415,21,1
2,台北市,2023-11,2023,0.0234132595363328,67.22,0.04,177204673,203625632419,8885,25717470,2023,11,-0.5000000000000004,0.8660254037844384,0.0230345115493965,0.0226829279214693,0.0230793552541415,21,0
2,台北市,2023-11,2023,0.0234132595363328,67.22,0.04,177204673,203625632419,8773,3040083,2023,11,-0.5000000000000004,0.8660254037844384,0.0230345115493965,0.0226829279214693,0.0230793552541415,22,1
2,台北市,2023-11,2023,0.0234132595363328,67.22,0.04,177204673,203625632419,1862,517213,2023,11,-0.5000000000000004,0.8660254037844384,0.0230345115493965,0.0226829279214693,0.0230793552541415,22,0
2,台北市,2023-11,2023,0.0234132595363328,67.22,0.04,177204673,203625632419,2362,819656600,2023,11,-0.5000000000000004,0.8660254037844384,0.0230345115493965,0.0226829279214693,0.0230793552541415,23,1
2,台北市,2023-11,2023,0.0234132595363328,67.22,0.04,177204673,203625632419,81,743061,2023,11,-0.5000000000000004,0.8660254037844384,0.0230345115493965,0.0226829279214693,0.0230793552541415,23,0
2,台北市,2023-11,2023,0.0234132595363328,67.22,0.04,177204673,203625632419,108,200611478,2023,11,-0.5000000000000004,0.8660254037844384,0.0230345115493965,0.0226829279214693,0.0230793552541415,24,1
2,台北市,2023-11,2023,0.0234132595363328,67.22,0.04,177204673,203625632419,661,284708022,2023,11,-0.5000000000000004,0.8660254037844384,0.0230345115493965,0.0226829279214693,0.0230793552541415,25,1
2,台北市,2023-11,2023,0.0234132595363328,67.22,0.04,177204673,203625632419,295,547868,2023,11,-0.5000000000000004,0.8660254037844384,0.0230345115493965,0.0226829279214693,0.0230793552541415,25,0
2,台北市,2023-11,2023,0.0234132595363328,67.22,0.04,177204673,203625632419,27127,7320985,2023,11,-0.5000000000000004,0.8660254037844384,0.0230345115493965,0.0226829279214693,0.0230793552541415,26,0
2,台北市,2023-11,2023,0.0234132595363328,67.22,0.04,177204673,203625632419,23277,27415040,2023,11,-0.5000000000000004,0.8660254037844384,0.0230345115493965,0.0226829279214693,0.0230793552541415,26,1
2,台北市,2023-11,2023,0.0234132595363328,67.22,0.04,177204673,203625632419,74,2026918,2023,11,-0.5000000000000004,0.8660254037844384,0.0230345115493965,0.0226829279214693,0.0230793552541415,27,1
2,台北市,2023-11,2023,0.0234132595363328,67.22,0.04,177204673,203625632419,48,396791,2023,11,-0.5000000000000004,0.8660254037844384,0.0230345115493965,0.0226829279214693,0.0230793552541415,27,0
2,台北市,2023-11,2023,0.0234132595363328,67.22,0.04,177204673,203625632419,24108,907434572,2023,11,-0.5000000000000004,0.8660254037844384,0.0230345115493965,0.0226829279214693,0.0230793552541415,28,1
2,台北市,2023-11,2023,0.0234132595363328,67.22,0.04,177204673,203625632419,43636,115796774,2023,11,-0.5000000000000004,0.8660254037844384,0.0230345115493965,0.0226829279214693,0.0230793552541415,28,0
2,台北市,2023-11,2023,0.0234132595363328,67.22,0.04,177204673,203625632419,32708,110815776,2023,11,-0.5000000000000004,0.8660254037844384,0.0230345115493965,0.0226829279214693,0.0230793552541415,30,0
2,台北市,2023-11,2023,0.0234132595363328,67.22,0.04,177204673,203625632419,13322,66363437,2023,11,-0.5000000000000004,0.8660254037844384,0.0230345115493965,0.0226829279214693,0.0230793552541415,30,1
2,台北市,2023-11,2023,0.0234132595363328,67.22,0.04,177204673,203625632419,1035,1394555,2023,11,-0.5000000000000004,0.8660254037844384,0.0230345115493965,0.0226829279214693,0.0230793552541415,31,1
2,台北市,2023-11,2023,0.0234132595363328,67.22,0.04,177204673,203625632419,4,9607,2023,11,-0.5000000000000004,0.8660254037844384,0.0230345115493965,0.0226829279214693,0.0230793552541415,31,0
2,台北市,2023-11,2023,0.0234132595363328,67.22,0.04,177204673,203625632419,261,395266,2023,11,-0.5000000000000004,0.8660254037844384,0.0230345115493965,0.0226829279214693,0.0230793552541415,33,0
2,台北市,2023-11,2023,0.0234132595363328,67.22,0.04,177204673,203625632419,692,101095275,2023,11,-0.5000000000000004,0.8660254037844384,0.0230345115493965,0.0226829279214693,0.0230793552541415,33,1
2,台北市,2023-11,2023,0.0234132595363328,67.22,0.04,177204673,203625632419,4,11675,2023,11,-0.5000000000000004,0.8660254037844384,0.0230345115493965,0.0226829279214693,0.0230793552541415,34,1
2,台北市,2023-11,2023,0.0234132595363328,67.22,0.04,177204673,203625632419,23,71150,2023,11,-0.5000000000000004,0.8660254037844384,0.0230345115493965,0.0226829279214693,0.0230793552541415,34,0
2,台北市,2023-11,2023,0.0234132595363328,67.22,0.04,177204673,203625632419,59786,265732726,2023,11,-0.5000000000000004,0.8660254037844384,0.0230345115493965,0.0226829279214693,0.0230793552541415,36,1
2,台北市,2023-11,2023,0.0234132595363328,67.22,0.04,177204673,203625632419,117152,97969702,2023,11,-0.5000000000000004,0.8660254037844384,0.0230345115493965,0.0226829279214693,0.0230793552541415,36,0
2,台北市,2023-11,2023,0.0234132595363328,67.22,0.04,177204673,203625632419,178696,273585390,2023,11,-0.5000000000000004,0.8660254037844384,0.0230345115493965,0.0226829279214693,0.0230793552541415,37,0
2,台北市,2023-11,2023,0.0234132595363328,67.22,0.04,177204673,203625632419,8818,156376979,2023,11,-0.5000000000000004,0.8660254037844384,0.0230345115493965,0.0226829279214693,0.0230793552541415,37,1
2,台北市,2023-11,2023,0.0234132595363328,67.22,0.04,177204673,203625632419,2843,33027158,2023,11,-0.5000000000000004,0.8660254037844384,0.0230345115493965,0.0226829279214693,0.0230793552541415,38,1
2,台北市,2023-11,2023,0.0234132595363328,67.22,0.04,177204673,203625632419,1779,8745819,2023,11,-0.5000000000000004,0.8660254037844384,0.0230345115493965,0.0226829279214693,0.0230793552541415,38,0
2,台北市,2023-11,2023,0.0234132595363328,67.22,0.04,177204673,203625632419,7012,2228117758,2023,11,-0.5000000000000004,0.8660254037844384,0.0230345115493965,0.0226829279214693,0.0230793552541415,39,1
2,台北市,2023-11,2023,0.0234132595363328,67.22,0.04,177204673,203625632419,1462,111342662,2023,11,-0.5000000000000004,0.8660254037844384,0.0230345115493965,0.0226829279214693,0.0230793552541415,39,0
2,台北市,2023-11,2023,0.0234132595363328,67.22,0.04,177204673,203625632419,6546,44035935,2023,11,-0.5000000000000004,0.8660254037844384,0.0230345115493965,0.0226829279214693,0.0230793552541415,40,1
2,台北市,2023-11,2023,0.0234132595363328,67.22,0.04,177204673,203625632419,3099,8067852,2023,11,-0.5000000000000004,0.8660254037844384,0.0230345115493965,0.0226829279214693,0.0230793552541415,40,0
2,台北市,2023-11,2023,0.0234132595363328,67.22,0.04,177204673,203625632419,233599,645237809,2023,11,-0.5000000000000004,0.8660254037844384,0.0230345115493965,0.0226829279214693,0.0230793552541415,41,1
2,台北市,2023-11,2023,0.0234132595363328,67.22,0.04,177204673,203625632419,6591675,14452307164,2023,11,-0.5000000000000004,0.8660254037844384,0.0230345115493965,0.0226829279214693,0.0230793552541415,41,0
2,台北市,2023-11,2023,0.0234132595363328,67.22,0.04,177204673,203625632419,1927,4895173,2023,11,-0.5000000000000004,0.8660254037844384,0.0230345115493965,0.0226829279214693,0.0230793552541415,43,1
2,台北市,2023-11,2023,0.0234132595363328,67.22,0.04,177204673,203625632419,12531,24079662,2023,11,-0.5000000000000004,0.8660254037844384,0.0230345115493965,0.0226829279214693,0.0230793552541415,43,0
2,台北市,2023-11,2023,0.0234132595363328,67.22,0.04,177204673,203625632419,6074868,7906005463,2023,11,-0.5000000000000004,0.8660254037844384,0.0230345115493965,0.0226829279214693,0.0230793552541415,44,0
2,台北市,2023-11,2023,0.0234132595363328,67.22,0.04,177204673,203625632419,3485835,24745681593,2023,11,-0.5000000000000004,0.8660254037844384,0.0230345115493965,0.0226829279214693,0.0230793552541415,44,1
2,台北市,2023-11,2023,0.0234132595363328,67.22,0.04,177204673,203625632419,35315,208972003,2023,11,-0.5000000000000004,0.8660254037844384,0.0230345115493965,0.0226829279214693,0.0230793552541415,46,0
2,台北市,2023-11,2023,0.0234132595363328,67.22,0.04,177204673,203625632419,39021,213464024,2023,11,-0.5000000000000004,0.8660254037844384,0.0230345115493965,0.0226829279214693,0.0230793552541415,46,1
2,台北市,2023-11,2023,0.0234132595363328,67.22,0.04,177204673,203625632419,596,1380530,2023,11,-0.5000000000000004,0.8660254037844384,0.0230345115493965,0.0226829279214693,0.0230793552541415,48,0
2,台北市,2023-11,2023,0.0234132595363328,67.22,0.04,177204673,203625632419,1637,94752174,2023,11,-0.5000000000000004,0.8660254037844384,0.0230345115493965,0.0226829279214693,0.0230793552541415,48,1
2,台北市,2023-11,2023,0.0234132595363328,67.22,0.04,177204673,203625632419,123648,410605258,2023,11,-0.5000000000000004,0.8660254037844384,0.0230345115493965,0.0226829279214693,0.0230793552541415,50,0
2,台北市,2023-11,2023,0.0234132595363328,67.22,0.04,177204673,203625632419,65728,513342944,2023,11,-0.5000000000000004,0.8660254037844384,0.0230345115493965,0.0226829279214693,0.0230793552541415,50,1
2,台北市,2023-11,2023,0.0234132595363328,67.22,0.04,177204673,203625632419,1,699,2023,11,-0.5000000000000004,0.8660254037844384,0.0230345115493965,0.0226829279214693,0.0230793552541415,51,1
2,台北市,2023-11,2023,0.0234132595363328,67.22,0.04,177204673,203625632419,1,699,2023,11,-0.5000000000000004,0.8660254037844384,0.0230345115493965,0.0226829279214693,0.0230793552541415,51,0
2,台北市,2023-11,2023,0.0234132595363328,67.22,0.04,177204673,203625632419,28340,300818401,2023,11,-0.5000000000000004,0.8660254037844384,0.0230345115493965,0.0226829279214693,0.0230793552541415,52,1
2,台北市,2023-11,2023,0.0234132595363328,67.22,0.04,177204673,203625632419,22423,7822185,2023,11,-0.5000000000000004,0.8660254037844384,0.0230345115493965,0.0226829279214693,0.0230793552541415,52,0
2,台北市,2023-11,2023,0.0234132595363328,67.22,0.04,177204673,203625632419,2918,12948529,2023,11,-0.5000000000000004,0.8660254037844384,0.0230345115493965,0.0226829279214693,0.0230793552541415,53,1
2,台北市,2023-11,2023,0.0234132595363328,67.22,0.04,177204673,203625632419,6,9000,2023,11,-0.5000000000000004,0.8660254037844384,0.0230345115493965,0.0226829279214693,0.0230793552541415,53,0
2,台北市,2023-11,2023,0.0234132595363328,67.22,0.04,177204673,203625632419,326,1298225,2023,11,-0.5000000000000004,0.8660254037844384,0.0230345115493965,0.0226829279214693,0.0230793552541415,54,0
2,台北市,2023-11,2023,0.0234132595363328,67.22,0.04,177204673,203625632419,1240,2199279628,2023,11,-0.5000000000000004,0.8660254037844384,0.0230345115493965,0.0226829279214693,0.0230793552541415,54,1
2,台北市,2023-11,2023,0.0234132595363328,67.22,0.04,177204673,203625632419,122,52241207,2023,11,-0.5000000000000004,0.8660254037844384,0.0230345115493965,0.0226829279214693,0.0230793552541415,56,1
2,台北市,2023-11,2023,0.0234132595363328,67.22,0.04,177204673,203625632419,13,7052879,2023,11,-0.5000000000000004,0.8660254037844384,0.0230345115493965,0.0226829279214693,0.0230793552541415,56,0
2,台北市,2023-11,2023,0.0234132595363328,67.22,0.04,177204673,203625632419,84,1635211,2023,11,-0.5000000000000004,0.8660254037844384,0.0230345115493965,0.0226829279214693,0.0230793552541415,57,1
2,台北市,2023-11,2023,0.0234132595363328,67.22,0.04,177204673,203625632419,3055,603357,2023,11,-0.5000000000000004,0.8660254037844384,0.0230345115493965,0.0226829279214693,0.0230793552541415,58,0
2,台北市,2023-11,2023,0.0234132595363328,67.22,0.04,177204673,203625632419,2882,58607168,2023,11,-0.5000000000000004,0.8660254037844384,0.0230345115493965,0.0226829279214693,0.0230793552541415,58,1
2,台北市,2023-11,2023,0.0234132595363328,67.22,0.04,177204673,203625632419,1247,1545076,2023,11,-0.5000000000000004,0.8660254037844384,0.0230345115493965,0.0226829279214693,0.0230793552541415,59,0
2,台北市,2023-11,2023,0.0234132595363328,67.22,0.04,177204673,203625632419,123,2120087,2023,11,-0.5000000000000004,0.8660254037844384,0.0230345115493965,0.0226829279214693,0.0230793552541415,59,1
2,台北市,2023-11,2023,0.0234132595363328,67.22,0.04,177204673,203625632419,5,33866,2023,11,-0.5000000000000004,0.8660254037844384,0.0230345115493965,0.0226829279214693,0.0230793552541415,60,1
2,台北市,2023-11,2023,0.0234132595363328,67.22,0.04,177204673,203625632419,704281,299725436,2023,11,-0.5000000000000004,0.8660254037844384,0.0230345115493965,0.0226829279214693,0.0230793552541415,60,0
2,台北市,2023-11,2023,0.0234132595363328,67.22,0.04,177204673,203625632419,918,4130721,2023,11,-0.5000000000000004,0.8660254037844384,0.0230345115493965,0.0226829279214693,0.0230793552541415,61,1
2,台北市,2023-11,2023,0.0234132595363328,67.22,0.04,177204673,203625632419,309,1798230,2023,11,-0.5000000000000004,0.8660254037844384,0.0230345115493965,0.0226829279214693,0.0230793552541415,61,0
2,台北市,2023-11,2023,0.0234132595363328,67.22,0.04,177204673,203625632419,11,19200,2023,11,-0.5000000000000004,0.8660254037844384,0.0230345115493965,0.0226829279214693,0.0230793552541415,62,1
2,台北市,2023-11,2023,0.0234132595363328,67.22,0.04,177204673,203625632419,61426,19609138,2023,11,-0.5000000000000004,0.8660254037844384,0.0230345115493965,0.0226829279214693,0.0230793552541415,63,0
2,台北市,2023-11,2023,0.0234132595363328,67.22,0.04,177204673,203625632419,96398,55086435,2023,11,-0.5000000000000004,0.8660254037844384,0.0230345115493965,0.0226829279214693,0.0230793552541415,63,1
2,台北市,2023-11,2023,0.0234132595363328,67.22,0.04,177204673,203625632419,742,59171501,2023,11,-0.5000000000000004,0.8660254037844384,0.0230345115493965,0.0226829279214693,0.0230793552541415,66,1
2,台北市,2023-11,2023,0.0234132595363328,67.22,0.04,177204673,203625632419,1948,4678771,2023,11,-0.5000000000000004,0.8660254037844384,0.0230345115493965,0.0226829279214693,0.0230793552541415,66,0
2,台北市,2023-11,2023,0.0234132595363328,67.22,0.04,177204673,203625632419,968619,688998636,2023,11,-0.5000000000000004,0.8660254037844384,0.0230345115493965,0.0226829279214693,0.0230793552541415,67,0
2,台北市,2023-11,2023,0.0234132595363328,67.22,0.04,177204673,203625632419,175071,6910452520,2023,11,-0.5000000000000004,0.8660254037844384,0.0230345115493965,0.0226829279214693,0.0230793552541415,67,1
2,台北市,2023-11,2023,0.0234132595363328,67.22,0.04,177204673,203625632419,447,2114227,2023,11,-0.5000000000000004,0.8660254037844384,0.0230345115493965,0.0226829279214693,0.0230793552541415,68,1
2,台北市,2023-11,2023,0.0234132595363328,67.22,0.04,177204673,203625632419,3489,20072513,2023,11,-0.5000000000000004,0.8660254037844384,0.0230345115493965,0.0226829279214693,0.0230793552541415,68,0
2,台北市,2023-11,2023,0.0234132595363328,67.22,0.04,177204673,203625632419,3811,5704676,2023,11,-0.5000000000000004,0.8660254037844384,0.0230345115493965,0.0226829279214693,0.0230793552541415,69,0
2,台北市,2023-11,2023,0.0234132595363328,67.22,0.04,177204673,203625632419,1747,196564895,2023,11,-0.5000000000000004,0.8660254037844384,0.0230345115493965,0.0226829279214693,0.0230793552541415,69,1
2,台北市,2023-11,2023,0.0234132595363328,67.22,0.04,177204673,203625632419,3048,6608893,2023,11,-0.5000000000000004,0.8660254037844384,0.0230345115493965,0.0226829279214693,0.0230793552541415,70,0
2,台北市,2023-11,2023,0.0234132595363328,67.22,0.04,177204673,203625632419,9820,22182211,2023,11,-0.5000000000000004,0.8660254037844384,0.0230345115493965,0.0226829279214693,0.0230793552541415,70,1
2,台北市,2023-11,2023,0.0234132595363328,67.22,0.04,177204673,203625632419,10,24780,2023,11,-0.5000000000000004,0.8660254037844384,0.0230345115493965,0.0226829279214693,0.0230793552541415,71,1
2,台北市,2023-11,2023,0.0234132595363328,67.22,0.04,177204673,203625632419,37,21701230,2023,11,-0.5000000000000004,0.8660254037844384,0.0230345115493965,0.0226829279214693,0.0230793552541415,72,0
2,台北市,2023-11,2023,0.0234132595363328,67.22,0.04,177204673,203625632419,15630,276416870,2023,11,-0.5000000000000004,0.8660254037844384,0.0230345115493965,0.0226829279214693,0.0230793552541415,72,1
2,台北市,2023-11,2023,0.0234132595363328,67.22,0.04,177204673,203625632419,43729,111792496,2023,11,-0.5000000000000004,0.8660254037844384,0.0230345115493965,0.0226829279214693,0.0230793552541415,73,1
2,台北市,2023-11,2023,0.0234132595363328,67.22,0.04,177204673,203625632419,23507,40524852,2023,11,-0.5000000000000004,0.8660254037844384,0.0230345115493965,0.0226829279214693,0.0230793552541415,73,0
2,台北市,2023-11,2023,0.0234132595363328,67.22,0.04,177204673,203625632419,150314,978620015,2023,11,-0.5000000000000004,0.8660254037844384,0.0230345115493965,0.0226829279214693,0.0230793552541415,75,1
2,台北市,2023-11,2023,0.0234132595363328,67.22,0.04,177204673,203625632419,774762,597577538,2023,11,-0.5000000000000004,0.8660254037844384,0.0230345115493965,0.0226829279214693,0.0230793552541415,75,0
2,台北市,2023-11,2023,0.0234132595363328,67.22,0.04,177204673,203625632419,345760,681657092,2023,11,-0.5000000000000004,0.8660254037844384,0.0230345115493965,0.0226829279214693,0.0230793552541415,77,1
2,台北市,2023-11,2023,0.0234132595363328,67.22,0.04,177204673,203625632419,32717407,15975002848,2023,11,-0.5000000000000004,0.8660254037844384,0.0230345115493965,0.0226829279214693,0.0230793552541415,77,0
2,台北市,2023-11,2023,0.0234132595363328,67.22,0.04,177204673,203625632419,12795,19434791,2023,11,-0.5000000000000004,0.8660254037844384,0.0230345115493965,0.0226829279214693,0.0230793552541415,78,0
2,台北市,2023-11,2023,0.0234132595363328,67.22,0.04,177204673,203625632419,3220,120760396,2023,11,-0.5000000000000004,0.8660254037844384,0.0230345115493965,0.0226829279214693,0.0230793552541415,78,1
2,台北市,2023-11,2023,0.0234132595363328,67.22,0.04,177204673,203625632419,233565,306984197,2023,11,-0.5000000000000004,0.8660254037844384,0.0230345115493965,0.0226829279214693,0.0230793552541415,79,1
2,台北市,2023-11,2023,0.0234132595363328,67.22,0.04,177204673,203625632419,295512,337435119,2023,11,-0.5000000000000004,0.8660254037844384,0.0230345115493965,0.0226829279214693,0.0230793552541415,79,0
2,台北市,2023-11,2023,0.0234132595363328,67.22,0.04,177204673,203625632419,1827797,315406520,2023,11,-0.5000000000000004,0.8660254037844384,0.0230345115493965,0.0226829279214693,0.0230793552541415,80,0
2,台北市,2023-11,2023,0.0234132595363328,67.22,0.04,177204673,203625632419,1995281,4452949595,2023,11,-0.5000000000000004,0.8660254037844384,0.0230345115493965,0.0226829279214693,0.0230793552541415,80,1
2,台北市,2023-11,2023,0.0234132595363328,67.22,0.04,177204673,203625632419,6970,5254577,2023,11,-0.5000000000000004,0.8660254037844384,0.0230345115493965,0.0226829279214693,0.0230793552541415,81,1
2,台北市,2023-11,2023,0.0234132595363328,67.22,0.04,177204673,203625632419,3321,1965322,2023,11,-0.5000000000000004,0.8660254037844384,0.0230345115493965,0.0226829279214693,0.0230793552541415,81,0
2,台北市,2023-11,2023,0.0234132595363328,67.22,0.04,177204673,203625632419,11467,66605193,2023,11,-0.5000000000000004,0.8660254037844384,0.0230345115493965,0.0226829279214693,0.0230793552541415,83,1
2,台北市,2023-11,2023,0.0234132595363328,67.22,0.04,177204673,203625632419,11868,61257812,2023,11,-0.5000000000000004,0.8660254037844384,0.0230345115493965,0.0226829279214693,0.0230793552541415,83,0
2,台北市,2023-11,2023,0.0234132595363328,67.22,0.04,177204673,203625632419,1270,219788326,2023,11,-0.5000000000000004,0.8660254037844384,0.0230345115493965,0.0226829279214693,0.0230793552541415,84,1
2,台北市,2023-11,2023,0.0234132595363328,67.22,0.04,177204673,203625632419,211,319065,2023,11,-0.5000000000000004,0.8660254037844384,0.0230345115493965,0.0226829279214693,0.0230793552541415,84,0
2,台北市,2023-11,2023,0.0234132595363328,67.22,0.04,177204673,203625632419,27841,2531797696,2023,11,-0.5000000000000004,0.8660254037844384,0.0230345115493965,0.0226829279214693,0.0230793552541415,86,1
2,台北市,2023-11,2023,0.0234132595363328,67.22,0.04,177204673,203625632419,63469,136378499,2023,11,-0.5000000000000004,0.8660254037844384,0.0230345115493965,0.0226829279214693,0.0230793552541415,86,0
2,台北市,2023-11,2023,0.0234132595363328,67.22,0.04,177204673,203625632419,119242,112233537,2023,11,-0.5000000000000004,0.8660254037844384,0.0230345115493965,0.0226829279214693,0.0230793552541415,87,1
2,台北市,2023-11,2023,0.0234132595363328,67.22,0.04,177204673,203625632419,204520,213485267,2023,11,-0.5000000000000004,0.8660254037844384,0.0230345115493965,0.0226829279214693,0.0230793552541415,87,0
2,台北市,2023-11,2023,0.0234132595363328,67.22,0.04,177204673,203625632419,30722172,27244204563,2023,11,-0.5000000000000004,0.8660254037844384,0.0230345115493965,0.0226829279214693,0.0230793552541415,88,1
2,台北市,2023-11,2023,0.0234132595363328,67.22,0.04,177204673,203625632419,48009990,32282964984,2023,11,-0.5000000000000004,0.8660254037844384,0.0230345115493965,0.0226829279214693,0.0230793552541415,88,0
2,台北市,2023-11,2023,0.0234132595363328,67.22,0.04,177204673,203625632419,15297602,11699832351,2023,11,-0.5000000000000004,0.8660254037844384,0.0230345115493965,0.0226829279214693,0.0230793552541415,89,0
2,台北市,2023-11,2023,0.0234132595363328,67.22,0.04,177204673,203625632419,128212,735918373,2023,11,-0.5000000000000004,0.8660254037844384,0.0230345115493965,0.0226829279214693,0.0230793552541415,89,1
2,台北市,2023-11,2023,0.0234132595363328,67.22,0.04,177204673,203625632419,16343,21475293,2023,11,-0.5000000000000004,0.8660254037844384,0.0230345115493965,0.0226829279214693,0.0230793552541415,90,1
2,台北市,2023-11,2023,0.0234132595363328,67.22,0.04,177204673,203625632419,799091,2040929065,2023,11,-0.5000000000000004,0.8660254037844384,0.0230345115493965,0.0226829279214693,0.0230793552541415,90,0
2,台北市,2023-11,2023,0.0234132595363328,67.22,0.04,177204673,203625632419,14258,15573548,2023,11,-0.5000000000000004,0.8660254037844384,0.0230345115493965,0.0226829279214693,0.0230793552541415,91,0
2,台北市,2023-11,2023,0.0234132595363328,67.22,0.04,177204673,203625632419,4072,241512277,2023,11,-0.5000000000000004,0.8660254037844384,0.0230345115493965,0.0226829279214693,0.0230793552541415,91,1
2,台北市,2023-11,2023,0.0234132595363328,67.22,0.04,177204673,203625632419,416,2918686,2023,11,-0.5000000000000004,0.8660254037844384,0.0230345115493965,0.0226829279214693,0.0230793552541415,93,0
2,台北市,2023-11,2023,0.0234132595363328,67.22,0.04,177204673,203625632419,1024,345205351,2023,11,-0.5000000000000004,0.8660254037844384,0.0230345115493965,0.0226829279214693,0.0230793552541415,93,1
2,台北市,2023-11,2023,0.0234132595363328,67.22,0.04,177204673,203625632419,3812,432401172,2023,11,-0.5000000000000004,0.8660254037844384,0.0230345115493965,0.0226829279214693,0.0230793552541415,94,1
2,台北市,2023-11,2023,0.0234132595363328,67.22,0.04,177204673,203625632419,24105,45248442,2023,11,-0.5000000000000004,0.8660254037844384,0.0230345115493965,0.0226829279214693,0.0230793552541415,94,0
2,台北市,2023-11,2023,0.0234132595363328,67.22,0.04,177204673,203625632419,84890,523508315,2023,11,-0.5000000000000004,0.8660254037844384,0.0230345115493965,0.0226829279214693,0.0230793552541415,95,1
2,台北市,2023-11,2023,0.0234132595363328,67.22,0.04,177204673,203625632419,1222070,401016835,2023,11,-0.5000000000000004,0.8660254037844384,0.0230345115493965,0.0226829279214693,0.0230793552541415,95,0
2,台北市,2023-11,2023,0.0234132595363328,67.22,0.04,177204673,203625632419,150,856587,2023,11,-0.5000000000000004,0.8660254037844384,0.0230345115493965,0.0226829279214693,0.0230793552541415,97,0
2,台北市,2023-11,2023,0.0234132595363328,67.22,0.04,177204673,203625632419,5624,411731300,2023,11,-0.5000000000000004,0.8660254037844384,0.0230345115493965,0.0226829279214693,0.0230793552541415,97,1
2,台北市,2023-11,2023,0.0234132595363328,67.22,0.04,177204673,203625632419,578885,458805444,2023,11,-0.5000000000000004,0.8660254037844384,0.0230345115493965,0.0226829279214693,0.0230793552541415,98,1
2,台北市,2023-11,2023,0.0234132595363328,67.22,0.04,177204673,203625632419,419840,171648888,2023,11,-0.5000000000000004,0.8660254037844384,0.0230345115493965,0.0226829279214693,0.0230793552541415,98,0
2,台北市,2023-11,2023,0.0234132595363328,67.22,0.04,177204673,203625632419,8515,6811714,2023,11,-0.5000000000000004,0.8660254037844384,0.0230345115493965,0.0226829279214693,0.0230793552541415,100,1
2,台北市,2023-11,2023,0.0234132595363328,67.22,0.04,177204673,203625632419,8392,1253430,2023,11,-0.5000000000000004,0.8660254037844384,0.0230345115493965,0.0226829279214693,0.0230793552541415,100,0
2,台北市,2023-11,2023,0.0234132595363328,67.22,0.04,177204673,203625632419,10236920,4730652367,2023,11,-0.5000000000000004,0.8660254037844384,0.0230345115493965,0.0226829279214693,0.0230793552541415,101,1
2,台北市,2023-11,2023,0.0234132595363328,67.22,0.04,177204673,203625632419,8812893,2864117677,2023,11,-0.5000000000000004,0.8660254037844384,0.0230345115493965,0.0226829279214693,0.0230793552541415,101,0
2,台北市,2023-12,2023,0.02291502884212,67.22,0.04,178266195,204581491664,112688,5869756799,2023,12,-2.4492935982947064e-16,1.0,0.0234132595363328,0.0230345115493965,0.0226829279214693,0,1
2,台北市,2023-12,2023,0.02291502884212,67.22,0.04,178266195,204581491664,57911,206881815,2023,12,-2.4492935982947064e-16,1.0,0.0234132595363328,0.0230345115493965,0.0226829279214693,0,0
2,台北市,2023-12,2023,0.02291502884212,67.22,0.04,178266195,204581491664,645501,14316448705,2023,12,-2.4492935982947064e-16,1.0,0.0234132595363328,0.0230345115493965,0.0226829279214693,1,1
2,台北市,2023-12,2023,0.02291502884212,67.22,0.04,178266195,204581491664,586364,1219024085,2023,12,-2.4492935982947064e-16,1.0,0.0234132595363328,0.0230345115493965,0.0226829279214693,1,0
2,台北市,2023-12,2023,0.02291502884212,67.22,0.04,178266195,204581491664,25861,14231445,2023,12,-2.4492935982947064e-16,1.0,0.0234132595363328,0.0230345115493965,0.0226829279214693,2,0
2,台北市,2023-12,2023,0.02291502884212,67.22,0.04,178266195,204581491664,337526,232912740,2023,12,-2.4492935982947064e-16,1.0,0.0234132595363328,0.0230345115493965,0.0226829279214693,2,1
2,台北市,2023-12,2023,0.02291502884212,67.22,0.04,178266195,204581491664,90879,564145346,2023,12,-2.4492935982947064e-16,1.0,0.0234132595363328,0.0230345115493965,0.0226829279214693,3,1
2,台北市,2023-12,2023,0.02291502884212,67.22,0.04,178266195,204581491664,131361,194289294,2023,12,-2.4492935982947064e-16,1.0,0.0234132595363328,0.0230345115493965,0.0226829279214693,3,0
2,台北市,2023-12,2023,0.02291502884212,67.22,0.04,178266195,204581491664,314534,2335957812,2023,12,-2.4492935982947064e-16,1.0,0.0234132595363328,0.0230345115493965,0.0226829279214693,5,1
2,台北市,2023-12,2023,0.02291502884212,67.22,0.04,178266195,204581491664,63242,177712366,2023,12,-2.4492935982947064e-16,1.0,0.0234132595363328,0.0230345115493965,0.0226829279214693,5,0
2,台北市,2023-12,2023,0.02291502884212,67.22,0.04,178266195,204581491664,1919,15632775,2023,12,-2.4492935982947064e-16,1.0,0.0234132595363328,0.0230345115493965,0.0226829279214693,6,0
2,台北市,2023-12,2023,0.02291502884212,67.22,0.04,178266195,204581491664,1401,82436101,2023,12,-2.4492935982947064e-16,1.0,0.0234132595363328,0.0230345115493965,0.0226829279214693,6,1
2,台北市,2023-12,2023,0.02291502884212,67.22,0.04,178266195,204581491664,10073,490385522,2023,12,-2.4492935982947064e-16,1.0,0.0234132595363328,0.0230345115493965,0.0226829279214693,7,1
2,台北市,2023-12,2023,0.02291502884212,67.22,0.04,178266195,204581491664,11698,16437643,2023,12,-2.4492935982947064e-16,1.0,0.0234132595363328,0.0230345115493965,0.0226829279214693,7,0
2,台北市,2023-12,2023,0.02291502884212,67.22,0.04,178266195,204581491664,8206,35038079,2023,12,-2.4492935982947064e-16,1.0,0.0234132595363328,0.0230345115493965,0.0226829279214693,8,1
2,台北市,2023-12,2023,0.02291502884212,67.22,0.04,178266195,204581491664,3180,12163539,2023,12,-2.4492935982947064e-16,1.0,0.0234132595363328,0.0230345115493965,0.0226829279214693,8,0
2,台北市,2023-12,2023,0.02291502884212,67.22,0.04,178266195,204581491664,22898,521136265,2023,12,-2.4492935982947064e-16,1.0,0.0234132595363328,0.0230345115493965,0.0226829279214693,9,1
2,台北市,2023-12,2023,0.02291502884212,67.22,0.04,178266195,204581491664,8633,34762643,2023,12,-2.4492935982947064e-16,1.0,0.0234132595363328,0.0230345115493965,0.0226829279214693,9,0
2,台北市,2023-12,2023,0.02291502884212,67.22,0.04,178266195,204581491664,3707,10795317,2023,12,-2.4492935982947064e-16,1.0,0.0234132595363328,0.0230345115493965,0.0226829279214693,12,0
2,台北市,2023-12,2023,0.02291502884212,67.22,0.04,178266195,204581491664,9729,530941314,2023,12,-2.4492935982947064e-16,1.0,0.0234132595363328,0.0230345115493965,0.0226829279214693,12,1
2,台北市,2023-12,2023,0.02291502884212,67.22,0.04,178266195,204581491664,16482,32381833,2023,12,-2.4492935982947064e-16,1.0,0.0234132595363328,0.0230345115493965,0.0226829279214693,13,0
2,台北市,2023-12,2023,0.02291502884212,67.22,0.04,178266195,204581491664,8457,85331663,2023,12,-2.4492935982947064e-16,1.0,0.0234132595363328,0.0230345115493965,0.0226829279214693,13,1
2,台北市,2023-12,2023,0.02291502884212,67.22,0.04,178266195,204581491664,9384,10429428,2023,12,-2.4492935982947064e-16,1.0,0.0234132595363328,0.0230345115493965,0.0226829279214693,14,1
2,台北市,2023-12,2023,0.02291502884212,67.22,0.04,178266195,204581491664,2234,1009180,2023,12,-2.4492935982947064e-16,1.0,0.0234132595363328,0.0230345115493965,0.0226829279214693,14,0
2,台北市,2023-12,2023,0.02291502884212,67.22,0.04,178266195,204581491664,650,7589616,2023,12,-2.4492935982947064e-16,1.0,0.0234132595363328,0.0230345115493965,0.0226829279214693,15,0
2,台北市,2023-12,2023,0.02291502884212,67.22,0.04,178266195,204581491664,1459,9807322,2023,12,-2.4492935982947064e-16,1.0,0.0234132595363328,0.0230345115493965,0.0226829279214693,15,1
2,台北市,2023-12,2023,0.02291502884212,67.22,0.04,178266195,204581491664,973,1492354,2023,12,-2.4492935982947064e-16,1.0,0.0234132595363328,0.0230345115493965,0.0226829279214693,16,0
2,台北市,2023-12,2023,0.02291502884212,67.22,0.04,178266195,204581491664,919,16363274,2023,12,-2.4492935982947064e-16,1.0,0.0234132595363328,0.0230345115493965,0.0226829279214693,16,1
2,台北市,2023-12,2023,0.02291502884212,67.22,0.04,178266195,204581491664,48904,139462999,2023,12,-2.4492935982947064e-16,1.0,0.0234132595363328,0.0230345115493965,0.0226829279214693,17,1
2,台北市,2023-12,2023,0.02291502884212,67.22,0.04,178266195,204581491664,124668,200321618,2023,12,-2.4492935982947064e-16,1.0,0.0234132595363328,0.0230345115493965,0.0226829279214693,17,0
2,台北市,2023-12,2023,0.02291502884212,67.22,0.04,178266195,204581491664,28148,66124925,2023,12,-2.4492935982947064e-16,1.0,0.0234132595363328,0.0230345115493965,0.0226829279214693,18,1
2,台北市,2023-12,2023,0.02291502884212,67.22,0.04,178266195,204581491664,39674,38948772,2023,12,-2.4492935982947064e-16,1.0,0.0234132595363328,0.0230345115493965,0.0226829279214693,18,0
2,台北市,2023-12,2023,0.02291502884212,67.22,0.04,178266195,204581491664,407,40702487,2023,12,-2.4492935982947064e-16,1.0,0.0234132595363328,0.0230345115493965,0.0226829279214693,19,1
2,台北市,2023-12,2023,0.02291502884212,67.22,0.04,178266195,204581491664,880,1434727,2023,12,-2.4492935982947064e-16,1.0,0.0234132595363328,0.0230345115493965,0.0226829279214693,19,0
2,台北市,2023-12,2023,0.02291502884212,67.22,0.04,178266195,204581491664,2350,299225,2023,12,-2.4492935982947064e-16,1.0,0.0234132595363328,0.0230345115493965,0.0226829279214693,20,0
2,台北市,2023-12,2023,0.02291502884212,67.22,0.04,178266195,204581491664,2,366041522,2023,12,-2.4492935982947064e-16,1.0,0.0234132595363328,0.0230345115493965,0.0226829279214693,20,1
2,台北市,2023-12,2023,0.02291502884212,67.22,0.04,178266195,204581491664,16578,58726289,2023,12,-2.4492935982947064e-16,1.0,0.0234132595363328,0.0230345115493965,0.0226829279214693,21,1
2,台北市,2023-12,2023,0.02291502884212,67.22,0.04,178266195,204581491664,9967,26867241,2023,12,-2.4492935982947064e-16,1.0,0.0234132595363328,0.0230345115493965,0.0226829279214693,21,0
2,台北市,2023-12,2023,0.02291502884212,67.22,0.04,178266195,204581491664,7700,1897774,2023,12,-2.4492935982947064e-16,1.0,0.0234132595363328,0.0230345115493965,0.0226829279214693,22,1
2,台北市,2023-12,2023,0.02291502884212,67.22,0.04,178266195,204581491664,1884,510540,2023,12,-2.4492935982947064e-16,1.0,0.0234132595363328,0.0230345115493965,0.0226829279214693,22,0
2,台北市,2023-12,2023,0.02291502884212,67.22,0.04,178266195,204581491664,69,1200676,2023,12,-2.4492935982947064e-16,1.0,0.0234132595363328,0.0230345115493965,0.0226829279214693,23,0
2,台北市,2023-12,2023,0.02291502884212,67.22,0.04,178266195,204581491664,2217,444584502,2023,12,-2.4492935982947064e-16,1.0,0.0234132595363328,0.0230345115493965,0.0226829279214693,23,1
2,台北市,2023-12,2023,0.02291502884212,67.22,0.04,178266195,204581491664,106,199003179,2023,12,-2.4492935982947064e-16,1.0,0.0234132595363328,0.0230345115493965,0.0226829279214693,24,1
2,台北市,2023-12,2023,0.02291502884212,67.22,0.04,178266195,204581491664,528,173906260,2023,12,-2.4492935982947064e-16,1.0,0.0234132595363328,0.0230345115493965,0.0226829279214693,25,1
2,台北市,2023-12,2023,0.02291502884212,67.22,0.04,178266195,204581491664,234,394433,2023,12,-2.4492935982947064e-16,1.0,0.0234132595363328,0.0230345115493965,0.0226829279214693,25,0
2,台北市,2023-12,2023,0.02291502884212,67.22,0.04,178266195,204581491664,33709,5284500,2023,12,-2.4492935982947064e-16,1.0,0.0234132595363328,0.0230345115493965,0.0226829279214693,26,0
2,台北市,2023-12,2023,0.02291502884212,67.22,0.04,178266195,204581491664,6846,33201111,2023,12,-2.4492935982947064e-16,1.0,0.0234132595363328,0.0230345115493965,0.0226829279214693,26,1
2,台北市,2023-12,2023,0.02291502884212,67.22,0.04,178266195,204581491664,64,120841,2023,12,-2.4492935982947064e-16,1.0,0.0234132595363328,0.0230345115493965,0.0226829279214693,27,0
2,台北市,2023-12,2023,0.02291502884212,67.22,0.04,178266195,204581491664,48,1176116,2023,12,-2.4492935982947064e-16,1.0,0.0234132595363328,0.0230345115493965,0.0226829279214693,27,1
2,台北市,2023-12,2023,0.02291502884212,67.22,0.04,178266195,204581491664,23971,1995536339,2023,12,-2.4492935982947064e-16,1.0,0.0234132595363328,0.0230345115493965,0.0226829279214693,28,1
2,台北市,2023-12,2023,0.02291502884212,67.22,0.04,178266195,204581491664,44341,124845489,2023,12,-2.4492935982947064e-16,1.0,0.0234132595363328,0.0230345115493965,0.0226829279214693,28,0
2,台北市,2023-12,2023,0.02291502884212,67.22,0.04,178266195,204581491664,36822,121793928,2023,12,-2.4492935982947064e-16,1.0,0.0234132595363328,0.0230345115493965,0.0226829279214693,30,0
2,台北市,2023-12,2023,0.02291502884212,67.22,0.04,178266195,204581491664,11845,115277242,2023,12,-2.4492935982947064e-16,1.0,0.0234132595363328,0.0230345115493965,0.0226829279214693,30,1
2,台北市,2023-12,2023,0.02291502884212,67.22,0.04,178266195,204581491664,932,1282730,2023,12,-2.4492935982947064e-16,1.0,0.0234132595363328,0.0230345115493965,0.0226829279214693,31,1
2,台北市,2023-12,2023,0.02291502884212,67.22,0.04,178266195,204581491664,836,110351550,2023,12,-2.4492935982947064e-16,1.0,0.0234132595363328,0.0230345115493965,0.0226829279214693,33,1
2,台北市,2023-12,2023,0.02291502884212,67.22,0.04,178266195,204581491664,294,471832,2023,12,-2.4492935982947064e-16,1.0,0.0234132595363328,0.0230345115493965,0.0226829279214693,33,0
2,台北市,2023-12,2023,0.02291502884212,67.22,0.04,178266195,204581491664,30,132500,2023,12,-2.4492935982947064e-16,1.0,0.0234132595363328,0.0230345115493965,0.0226829279214693,34,0
2,台北市,2023-12,2023,0.02291502884212,67.22,0.04,178266195,204581491664,3,12875,2023,12,-2.4492935982947064e-16,1.0,0.0234132595363328,0.0230345115493965,0.0226829279214693,34,1
2,台北市,2023-12,2023,0.02291502884212,67.22,0.04,178266195,204581491664,73749,426390150,2023,12,-2.4492935982947064e-16,1.0,0.0234132595363328,0.0230345115493965,0.0226829279214693,36,1
2,台北市,2023-12,2023,0.02291502884212,67.22,0.04,178266195,204581491664,145752,126641782,2023,12,-2.4492935982947064e-16,1.0,0.0234132595363328,0.0230345115493965,0.0226829279214693,36,0
2,台北市,2023-12,2023,0.02291502884212,67.22,0.04,178266195,204581491664,190132,301947656,2023,12,-2.4492935982947064e-16,1.0,0.0234132595363328,0.0230345115493965,0.0226829279214693,37,0
2,台北市,2023-12,2023,0.02291502884212,67.22,0.04,178266195,204581491664,9566,247194861,2023,12,-2.4492935982947064e-16,1.0,0.0234132595363328,0.0230345115493965,0.0226829279214693,37,1
2,台北市,2023-12,2023,0.02291502884212,67.22,0.04,178266195,204581491664,3726,76645843,2023,12,-2.4492935982947064e-16,1.0,0.0234132595363328,0.0230345115493965,0.0226829279214693,38,1
2,台北市,2023-12,2023,0.02291502884212,67.22,0.04,178266195,204581491664,2030,9691608,2023,12,-2.4492935982947064e-16,1.0,0.0234132595363328,0.0230345115493965,0.0226829279214693,38,0
2,台北市,2023-12,2023,0.02291502884212,67.22,0.04,178266195,204581491664,7731,2493232244,2023,12,-2.4492935982947064e-16,1.0,0.0234132595363328,0.0230345115493965,0.0226829279214693,39,1
2,台北市,2023-12,2023,0.02291502884212,67.22,0.04,178266195,204581491664,2132,97986070,2023,12,-2.4492935982947064e-16,1.0,0.0234132595363328,0.0230345115493965,0.0226829279214693,39,0
2,台北市,2023-12,2023,0.02291502884212,67.22,0.04,178266195,204581491664,6367,49590391,2023,12,-2.4492935982947064e-16,1.0,0.0234132595363328,0.0230345115493965,0.0226829279214693,40,1
2,台北市,2023-12,2023,0.02291502884212,67.22,0.04,178266195,204581491664,3515,7380600,2023,12,-2.4492935982947064e-16,1.0,0.0234132595363328,0.0230345115493965,0.0226829279214693,40,0
2,台北市,2023-12,2023,0.02291502884212,67.22,0.04,178266195,204581491664,284198,792059191,2023,12,-2.4492935982947064e-16,1.0,0.0234132595363328,0.0230345115493965,0.0226829279214693,41,1
2,台北市,2023-12,2023,0.02291502884212,67.22,0.04,178266195,204581491664,5172232,9332310960,2023,12,-2.4492935982947064e-16,1.0,0.0234132595363328,0.0230345115493965,0.0226829279214693,41,0
2,台北市,2023-12,2023,0.02291502884212,67.22,0.04,178266195,204581491664,1732,4548271,2023,12,-2.4492935982947064e-16,1.0,0.0234132595363328,0.0230345115493965,0.0226829279214693,43,1
2,台北市,2023-12,2023,0.02291502884212,67.22,0.04,178266195,204581491664,13046,22842644,2023,12,-2.4492935982947064e-16,1.0,0.0234132595363328,0.0230345115493965,0.0226829279214693,43,0
2,台北市,2023-12,2023,0.02291502884212,67.22,0.04,178266195,204581491664,3564862,29992495639,2023,12,-2.4492935982947064e-16,1.0,0.0234132595363328,0.0230345115493965,0.0226829279214693,44,1
2,台北市,2023-12,2023,0.02291502884212,67.22,0.04,178266195,204581491664,6190577,8567274835,2023,12,-2.4492935982947064e-16,1.0,0.0234132595363328,0.0230345115493965,0.0226829279214693,44,0
2,台北市,2023-12,2023,0.02291502884212,67.22,0.04,178266195,204581491664,40476,227197880,2023,12,-2.4492935982947064e-16,1.0,0.0234132595363328,0.0230345115493965,0.0226829279214693,46,1
2,台北市,2023-12,2023,0.02291502884212,67.22,0.04,178266195,204581491664,30699,221538361,2023,12,-2.4492935982947064e-16,1.0,0.0234132595363328,0.0230345115493965,0.0226829279214693,46,0
2,台北市,2023-12,2023,0.02291502884212,67.22,0.04,178266195,204581491664,1520,55451873,2023,12,-2.4492935982947064e-16,1.0,0.0234132595363328,0.0230345115493965,0.0226829279214693,48,1
2,台北市,2023-12,2023,0.02291502884212,67.22,0.04,178266195,204581491664,759,2145290,2023,12,-2.4492935982947064e-16,1.0,0.0234132595363328,0.0230345115493965,0.0226829279214693,48,0
2,台北市,2023-12,2023,0.02291502884212,67.22,0.04,178266195,204581491664,127068,473112205,2023,12,-2.4492935982947064e-16,1.0,0.0234132595363328,0.0230345115493965,0.0226829279214693,50,0
2,台北市,2023-12,2023,0.02291502884212,67.22,0.04,178266195,204581491664,72057,457530455,2023,12,-2.4492935982947064e-16,1.0,0.0234132595363328,0.0230345115493965,0.0226829279214693,50,1
2,台北市,2023-12,2023,0.02291502884212,67.22,0.04,178266195,204581491664,23596,8611064,2023,12,-2.4492935982947064e-16,1.0,0.0234132595363328,0.0230345115493965,0.0226829279214693,52,0
2,台北市,2023-12,2023,0.02291502884212,67.22,0.04,178266195,204581491664,29048,377407219,2023,12,-2.4492935982947064e-16,1.0,0.0234132595363328,0.0230345115493965,0.0226829279214693,52,1
2,台北市,2023-12,2023,0.02291502884212,67.22,0.04,178266195,204581491664,2920,12411352,2023,12,-2.4492935982947064e-16,1.0,0.0234132595363328,0.0230345115493965,0.0226829279214693,53,1
2,台北市,2023-12,2023,0.02291502884212,67.22,0.04,178266195,204581491664,6,9000,2023,12,-2.4492935982947064e-16,1.0,0.0234132595363328,0.0230345115493965,0.0226829279214693,53,0
2,台北市,2023-12,2023,0.02291502884212,67.22,0.04,178266195,204581491664,321,1259415,2023,12,-2.4492935982947064e-16,1.0,0.0234132595363328,0.0230345115493965,0.0226829279214693,54,0
2,台北市,2023-12,2023,0.02291502884212,67.22,0.04,178266195,204581491664,1245,1971519205,2023,12,-2.4492935982947064e-16,1.0,0.0234132595363328,0.0230345115493965,0.0226829279214693,54,1
2,台北市,2023-12,2023,0.02291502884212,67.22,0.04,178266195,204581491664,126,48399644,2023,12,-2.4492935982947064e-16,1.0,0.0234132595363328,0.0230345115493965,0.0226829279214693,56,1
2,台北市,2023-12,2023,0.02291502884212,67.22,0.04,178266195,204581491664,267,1240744,2023,12,-2.4492935982947064e-16,1.0,0.0234132595363328,0.0230345115493965,0.0226829279214693,56,0
2,台北市,2023-12,2023,0.02291502884212,67.22,0.04,178266195,204581491664,114,57878578,2023,12,-2.4492935982947064e-16,1.0,0.0234132595363328,0.0230345115493965,0.0226829279214693,57,1
2,台北市,2023-12,2023,0.02291502884212,67.22,0.04,178266195,204581491664,2665,53264950,2023,12,-2.4492935982947064e-16,1.0,0.0234132595363328,0.0230345115493965,0.0226829279214693,58,1
2,台北市,2023-12,2023,0.02291502884212,67.22,0.04,178266195,204581491664,2655,539477,2023,12,-2.4492935982947064e-16,1.0,0.0234132595363328,0.0230345115493965,0.0226829279214693,58,0
2,台北市,2023-12,2023,0.02291502884212,67.22,0.04,178266195,204581491664,132,28518820,2023,12,-2.4492935982947064e-16,1.0,0.0234132595363328,0.0230345115493965,0.0226829279214693,59,1
2,台北市,2023-12,2023,0.02291502884212,67.22,0.04,178266195,204581491664,1183,4347075,2023,12,-2.4492935982947064e-16,1.0,0.0234132595363328,0.0230345115493965,0.0226829279214693,59,0
2,台北市,2023-12,2023,0.02291502884212,67.22,0.04,178266195,204581491664,736498,313519621,2023,12,-2.4492935982947064e-16,1.0,0.0234132595363328,0.0230345115493965,0.0226829279214693,60,0
2,台北市,2023-12,2023,0.02291502884212,67.22,0.04,178266195,204581491664,13,179927,2023,12,-2.4492935982947064e-16,1.0,0.0234132595363328,0.0230345115493965,0.0226829279214693,60,1
2,台北市,2023-12,2023,0.02291502884212,67.22,0.04,178266195,204581491664,786,3935819,2023,12,-2.4492935982947064e-16,1.0,0.0234132595363328,0.0230345115493965,0.0226829279214693,61,1
2,台北市,2023-12,2023,0.02291502884212,67.22,0.04,178266195,204581491664,271,1432283,2023,12,-2.4492935982947064e-16,1.0,0.0234132595363328,0.0230345115493965,0.0226829279214693,61,0
2,台北市,2023-12,2023,0.02291502884212,67.22,0.04,178266195,204581491664,12,21480,2023,12,-2.4492935982947064e-16,1.0,0.0234132595363328,0.0230345115493965,0.0226829279214693,62,1
2,台北市,2023-12,2023,0.02291502884212,67.22,0.04,178266195,204581491664,61995,20907486,2023,12,-2.4492935982947064e-16,1.0,0.0234132595363328,0.0230345115493965,0.0226829279214693,63,0
2,台北市,2023-12,2023,0.02291502884212,67.22,0.04,178266195,204581491664,94358,45990196,2023,12,-2.4492935982947064e-16,1.0,0.0234132595363328,0.0230345115493965,0.0226829279214693,63,1
2,台北市,2023-12,2023,0.02291502884212,67.22,0.04,178266195,204581491664,850,51195818,2023,12,-2.4492935982947064e-16,1.0,0.0234132595363328,0.0230345115493965,0.0226829279214693,66,1
2,台北市,2023-12,2023,0.02291502884212,67.22,0.04,178266195,204581491664,1543,4535563,2023,12,-2.4492935982947064e-16,1.0,0.0234132595363328,0.0230345115493965,0.0226829279214693,66,0
2,台北市,2023-12,2023,0.02291502884212,67.22,0.04,178266195,204581491664,217380,6467274006,2023,12,-2.4492935982947064e-16,1.0,0.0234132595363328,0.0230345115493965,0.0226829279214693,67,1
2,台北市,2023-12,2023,0.02291502884212,67.22,0.04,178266195,204581491664,979447,731133574,2023,12,-2.4492935982947064e-16,1.0,0.0234132595363328,0.0230345115493965,0.0226829279214693,67,0
2,台北市,2023-12,2023,0.02291502884212,67.22,0.04,178266195,204581491664,3756,15002134,2023,12,-2.4492935982947064e-16,1.0,0.0234132595363328,0.0230345115493965,0.0226829279214693,68,0
2,台北市,2023-12,2023,0.02291502884212,67.22,0.04,178266195,204581491664,431,1848156,2023,12,-2.4492935982947064e-16,1.0,0.0234132595363328,0.0230345115493965,0.0226829279214693,68,1
2,台北市,2023-12,2023,0.02291502884212,67.22,0.04,178266195,204581491664,4160,5826185,2023,12,-2.4492935982947064e-16,1.0,0.0234132595363328,0.0230345115493965,0.0226829279214693,69,0
2,台北市,2023-12,2023,0.02291502884212,67.22,0.04,178266195,204581491664,1594,193694396,2023,12,-2.4492935982947064e-16,1.0,0.0234132595363328,0.0230345115493965,0.0226829279214693,69,1
2,台北市,2023-12,2023,0.02291502884212,67.22,0.04,178266195,204581491664,10315,42040083,2023,12,-2.4492935982947064e-16,1.0,0.0234132595363328,0.0230345115493965,0.0226829279214693,70,1
2,台北市,2023-12,2023,0.02291502884212,67.22,0.04,178266195,204581491664,3055,5726426,2023,12,-2.4492935982947064e-16,1.0,0.0234132595363328,0.0230345115493965,0.0226829279214693,70,0
2,台北市,2023-12,2023,0.02291502884212,67.22,0.04,178266195,204581491664,13,26109,2023,12,-2.4492935982947064e-16,1.0,0.0234132595363328,0.0230345115493965,0.0226829279214693,71,1
2,台北市,2023-12,2023,0.02291502884212,67.22,0.04,178266195,204581491664,108,46912303,2023,12,-2.4492935982947064e-16,1.0,0.0234132595363328,0.0230345115493965,0.0226829279214693,72,0
2,台北市,2023-12,2023,0.02291502884212,67.22,0.04,178266195,204581491664,15093,356215153,2023,12,-2.4492935982947064e-16,1.0,0.0234132595363328,0.0230345115493965,0.0226829279214693,72,1
2,台北市,2023-12,2023,0.02291502884212,67.22,0.04,178266195,204581491664,38374,194429921,2023,12,-2.4492935982947064e-16,1.0,0.0234132595363328,0.0230345115493965,0.0226829279214693,73,1
2,台北市,2023-12,2023,0.02291502884212,67.22,0.04,178266195,204581491664,30695,53881639,2023,12,-2.4492935982947064e-16,1.0,0.0234132595363328,0.0230345115493965,0.0226829279214693,73,0
2,台北市,2023-12,2023,0.02291502884212,67.22,0.04,178266195,204581491664,159725,355539561,2023,12,-2.4492935982947064e-16,1.0,0.0234132595363328,0.0230345115493965,0.0226829279214693,75,1
2,台北市,2023-12,2023,0.02291502884212,67.22,0.04,178266195,204581491664,799270,562246462,2023,12,-2.4492935982947064e-16,1.0,0.0234132595363328,0.0230345115493965,0.0226829279214693,75,0
2,台北市,2023-12,2023,0.02291502884212,67.22,0.04,178266195,204581491664,32378480,14541278594,2023,12,-2.4492935982947064e-16,1.0,0.0234132595363328,0.0230345115493965,0.0226829279214693,77,0
2,台北市,2023-12,2023,0.02291502884212,67.22,0.04,178266195,204581491664,350616,710617060,2023,12,-2.4492935982947064e-16,1.0,0.0234132595363328,0.0230345115493965,0.0226829279214693,77,1
2,台北市,2023-12,2023,0.02291502884212,67.22,0.04,178266195,204581491664,10286,14734430,2023,12,-2.4492935982947064e-16,1.0,0.0234132595363328,0.0230345115493965,0.0226829279214693,78,0
2,台北市,2023-12,2023,0.02291502884212,67.22,0.04,178266195,204581491664,3123,110898339,2023,12,-2.4492935982947064e-16,1.0,0.0234132595363328,0.0230345115493965,0.0226829279214693,78,1
2,台北市,2023-12,2023,0.02291502884212,67.22,0.04,178266195,204581491664,238702,384483751,2023,12,-2.4492935982947064e-16,1.0,0.0234132595363328,0.0230345115493965,0.0226829279214693,79,1
2,台北市,2023-12,2023,0.02291502884212,67.22,0.04,178266195,204581491664,307817,390506863,2023,12,-2.4492935982947064e-16,1.0,0.0234132595363328,0.0230345115493965,0.0226829279214693,79,0
2,台北市,2023-12,2023,0.02291502884212,67.22,0.04,178266195,204581491664,2049145,3874959969,2023,12,-2.4492935982947064e-16,1.0,0.0234132595363328,0.0230345115493965,0.0226829279214693,80,1
2,台北市,2023-12,2023,0.02291502884212,67.22,0.04,178266195,204581491664,2058698,367416046,2023,12,-2.4492935982947064e-16,1.0,0.0234132595363328,0.0230345115493965,0.0226829279214693,80,0
2,台北市,2023-12,2023,0.02291502884212,67.22,0.04,178266195,204581491664,7370,4835339,2023,12,-2.4492935982947064e-16,1.0,0.0234132595363328,0.0230345115493965,0.0226829279214693,81,1
2,台北市,2023-12,2023,0.02291502884212,67.22,0.04,178266195,204581491664,4261,2604085,2023,12,-2.4492935982947064e-16,1.0,0.0234132595363328,0.0230345115493965,0.0226829279214693,81,0
2,台北市,2023-12,2023,0.02291502884212,67.22,0.04,178266195,204581491664,11303,67566462,2023,12,-2.4492935982947064e-16,1.0,0.0234132595363328,0.0230345115493965,0.0226829279214693,83,1
2,台北市,2023-12,2023,0.02291502884212,67.22,0.04,178266195,204581491664,11849,63823898,2023,12,-2.4492935982947064e-16,1.0,0.0234132595363328,0.0230345115493965,0.0226829279214693,83,0
2,台北市,2023-12,2023,0.02291502884212,67.22,0.04,178266195,204581491664,477,208137852,2023,12,-2.4492935982947064e-16,1.0,0.0234132595363328,0.0230345115493965,0.0226829279214693,84,1
2,台北市,2023-12,2023,0.02291502884212,67.22,0.04,178266195,204581491664,38,117196,2023,12,-2.4492935982947064e-16,1.0,0.0234132595363328,0.0230345115493965,0.0226829279214693,84,0
2,台北市,2023-12,2023,0.02291502884212,67.22,0.04,178266195,204581491664,29846,3564399848,2023,12,-2.4492935982947064e-16,1.0,0.0234132595363328,0.0230345115493965,0.0226829279214693,86,1
2,台北市,2023-12,2023,0.02291502884212,67.22,0.04,178266195,204581491664,62883,134248054,2023,12,-2.4492935982947064e-16,1.0,0.0234132595363328,0.0230345115493965,0.0226829279214693,86,0
2,台北市,2023-12,2023,0.02291502884212,67.22,0.04,178266195,204581491664,228002,228292549,2023,12,-2.4492935982947064e-16,1.0,0.0234132595363328,0.0230345115493965,0.0226829279214693,87,0
2,台北市,2023-12,2023,0.02291502884212,67.22,0.04,178266195,204581491664,171316,144496803,2023,12,-2.4492935982947064e-16,1.0,0.0234132595363328,0.0230345115493965,0.0226829279214693,87,1
2,台北市,2023-12,2023,0.02291502884212,67.22,0.04,178266195,204581491664,31554646,26706804813,2023,12,-2.4492935982947064e-16,1.0,0.0234132595363328,0.0230345115493965,0.0226829279214693,88,1
2,台北市,2023-12,2023,0.02291502884212,67.22,0.04,178266195,204581491664,47618719,29225429402,2023,12,-2.4492935982947064e-16,1.0,0.0234132595363328,0.0230345115493965,0.0226829279214693,88,0
2,台北市,2023-12,2023,0.02291502884212,67.22,0.04,178266195,204581491664,15810941,11587028012,2023,12,-2.4492935982947064e-16,1.0,0.0234132595363328,0.0230345115493965,0.0226829279214693,89,0
2,台北市,2023-12,2023,0.02291502884212,67.22,0.04,178266195,204581491664,131553,552345726,2023,12,-2.4492935982947064e-16,1.0,0.0234132595363328,0.0230345115493965,0.0226829279214693,89,1
2,台北市,2023-12,2023,0.02291502884212,67.22,0.04,178266195,204581491664,768350,1463170597,2023,12,-2.4492935982947064e-16,1.0,0.0234132595363328,0.0230345115493965,0.0226829279214693,90,0
2,台北市,2023-12,2023,0.02291502884212,67.22,0.04,178266195,204581491664,16969,25634916,2023,12,-2.4492935982947064e-16,1.0,0.0234132595363328,0.0230345115493965,0.0226829279214693,90,1
2,台北市,2023-12,2023,0.02291502884212,67.22,0.04,178266195,204581491664,4159,832315199,2023,12,-2.4492935982947064e-16,1.0,0.0234132595363328,0.0230345115493965,0.0226829279214693,91,1
2,台北市,2023-12,2023,0.02291502884212,67.22,0.04,178266195,204581491664,11105,16036404,2023,12,-2.4492935982947064e-16,1.0,0.0234132595363328,0.0230345115493965,0.0226829279214693,91,0
2,台北市,2023-12,2023,0.02291502884212,67.22,0.04,178266195,204581491664,304,1514500,2023,12,-2.4492935982947064e-16,1.0,0.0234132595363328,0.0230345115493965,0.0226829279214693,93,0
2,台北市,2023-12,2023,0.02291502884212,67.22,0.04,178266195,204581491664,1068,218647638,2023,12,-2.4492935982947064e-16,1.0,0.0234132595363328,0.0230345115493965,0.0226829279214693,93,1
2,台北市,2023-12,2023,0.02291502884212,67.22,0.04,178266195,204581491664,4064,900103192,2023,12,-2.4492935982947064e-16,1.0,0.0234132595363328,0.0230345115493965,0.0226829279214693,94,1
2,台北市,2023-12,2023,0.02291502884212,67.22,0.04,178266195,204581491664,26560,57478840,2023,12,-2.4492935982947064e-16,1.0,0.0234132595363328,0.0230345115493965,0.0226829279214693,94,0
2,台北市,2023-12,2023,0.02291502884212,67.22,0.04,178266195,204581491664,89585,561304373,2023,12,-2.4492935982947064e-16,1.0,0.0234132595363328,0.0230345115493965,0.0226829279214693,95,1
2,台北市,2023-12,2023,0.02291502884212,67.22,0.04,178266195,204581491664,1505274,465643667,2023,12,-2.4492935982947064e-16,1.0,0.0234132595363328,0.0230345115493965,0.0226829279214693,95,0
2,台北市,2023-12,2023,0.02291502884212,67.22,0.04,178266195,204581491664,152,865801,2023,12,-2.4492935982947064e-16,1.0,0.0234132595363328,0.0230345115493965,0.0226829279214693,97,0
2,台北市,2023-12,2023,0.02291502884212,67.22,0.04,178266195,204581491664,5196,409717968,2023,12,-2.4492935982947064e-16,1.0,0.0234132595363328,0.0230345115493965,0.0226829279214693,97,1
2,台北市,2023-12,2023,0.02291502884212,67.22,0.04,178266195,204581491664,587033,539619266,2023,12,-2.4492935982947064e-16,1.0,0.0234132595363328,0.0230345115493965,0.0226829279214693,98,1
2,台北市,2023-12,2023,0.02291502884212,67.22,0.04,178266195,204581491664,406776,153587228,2023,12,-2.4492935982947064e-16,1.0,0.0234132595363328,0.0230345115493965,0.0226829279214693,98,0
2,台北市,2023-12,2023,0.02291502884212,67.22,0.04,178266195,204581491664,8263,8337273,2023,12,-2.4492935982947064e-16,1.0,0.0234132595363328,0.0230345115493965,0.0226829279214693,100,1
2,台北市,2023-12,2023,0.02291502884212,67.22,0.04,178266195,204581491664,8028,1269375,2023,12,-2.4492935982947064e-16,1.0,0.0234132595363328,0.0230345115493965,0.0226829279214693,100,0
2,台北市,2023-12,2023,0.02291502884212,67.22,0.04,178266195,204581491664,10584510,5391655403,2023,12,-2.4492935982947064e-16,1.0,0.0234132595363328,0.0230345115493965,0.0226829279214693,101,1
2,台北市,2023-12,2023,0.02291502884212,67.22,0.04,178266195,204581491664,9098856,3310026783,2023,12,-2.4492935982947064e-16,1.0,0.0234132595363328,0.0230345115493965,0.0226829279214693,101,0
2,台北市,2024-01,2024,0.0239797662930429,68.82,0.37,172945472,190981832063,109019,5492036403,2024,1,0.49999999999999994,0.8660254037844387,0.02291502884212,0.0234132595363328,0.0230345115493965,0,1
2,台北市,2024-01,2024,0.0239797662930429,68.82,0.37,172945472,190981832063,57370,278673631,2024,1,0.49999999999999994,0.8660254037844387,0.02291502884212,0.0234132595363328,0.0230345115493965,0,0
2,台北市,2024-01,2024,0.0239797662930429,68.82,0.37,172945472,190981832063,550001,979950884,2024,1,0.49999999999999994,0.8660254037844387,0.02291502884212,0.0234132595363328,0.0230345115493965,1,0
2,台北市,2024-01,2024,0.0239797662930429,68.82,0.37,172945472,190981832063,553158,10566219334,2024,1,0.49999999999999994,0.8660254037844387,0.02291502884212,0.0234132595363328,0.0230345115493965,1,1
2,台北市,2024-01,2024,0.0239797662930429,68.82,0.37,172945472,190981832063,340573,228325411,2024,1,0.49999999999999994,0.8660254037844387,0.02291502884212,0.0234132595363328,0.0230345115493965,2,1
2,台北市,2024-01,2024,0.0239797662930429,68.82,0.37,172945472,190981832063,35110,20630066,2024,1,0.49999999999999994,0.8660254037844387,0.02291502884212,0.0234132595363328,0.0230345115493965,2,0
2,台北市,2024-01,2024,0.0239797662930429,68.82,0.37,172945472,190981832063,89102,427586049,2024,1,0.49999999999999994,0.8660254037844387,0.02291502884212,0.0234132595363328,0.0230345115493965,3,1
2,台北市,2024-01,2024,0.0239797662930429,68.82,0.37,172945472,190981832063,124626,179333515,2024,1,0.49999999999999994,0.8660254037844387,0.02291502884212,0.0234132595363328,0.0230345115493965,3,0
2,台北市,2024-01,2024,0.0239797662930429,68.82,0.37,172945472,190981832063,60336,161300826,2024,1,0.49999999999999994,0.8660254037844387,0.02291502884212,0.0234132595363328,0.0230345115493965,5,0
2,台北市,2024-01,2024,0.0239797662930429,68.82,0.37,172945472,190981832063,278768,1806024777,2024,1,0.49999999999999994,0.8660254037844387,0.02291502884212,0.0234132595363328,0.0230345115493965,5,1
2,台北市,2024-01,2024,0.0239797662930429,68.82,0.37,172945472,190981832063,2081,17599961,2024,1,0.49999999999999994,0.8660254037844387,0.02291502884212,0.0234132595363328,0.0230345115493965,6,0
2,台北市,2024-01,2024,0.0239797662930429,68.82,0.37,172945472,190981832063,1355,62799558,2024,1,0.49999999999999994,0.8660254037844387,0.02291502884212,0.0234132595363328,0.0230345115493965,6,1
2,台北市,2024-01,2024,0.0239797662930429,68.82,0.37,172945472,190981832063,10105,13334991,2024,1,0.49999999999999994,0.8660254037844387,0.02291502884212,0.0234132595363328,0.0230345115493965,7,0
2,台北市,2024-01,2024,0.0239797662930429,68.82,0.37,172945472,190981832063,9579,497609607,2024,1,0.49999999999999994,0.8660254037844387,0.02291502884212,0.0234132595363328,0.0230345115493965,7,1
2,台北市,2024-01,2024,0.0239797662930429,68.82,0.37,172945472,190981832063,3209,14323515,2024,1,0.49999999999999994,0.8660254037844387,0.02291502884212,0.0234132595363328,0.0230345115493965,8,0
2,台北市,2024-01,2024,0.0239797662930429,68.82,0.37,172945472,190981832063,11483,44220910,2024,1,0.49999999999999994,0.8660254037844387,0.02291502884212,0.0234132595363328,0.0230345115493965,8,1
2,台北市,2024-01,2024,0.0239797662930429,68.82,0.37,172945472,190981832063,9094,38376022,2024,1,0.49999999999999994,0.8660254037844387,0.02291502884212,0.0234132595363328,0.0230345115493965,9,0
2,台北市,2024-01,2024,0.0239797662930429,68.82,0.37,172945472,190981832063,22835,586447461,2024,1,0.49999999999999994,0.8660254037844387,0.02291502884212,0.0234132595363328,0.0230345115493965,9,1
2,台北市,2024-01,2024,0.0239797662930429,68.82,0.37,172945472,190981832063,4388,9902427,2024,1,0.49999999999999994,0.8660254037844387,0.02291502884212,0.0234132595363328,0.0230345115493965,12,0
2,台北市,2024-01,2024,0.0239797662930429,68.82,0.37,172945472,190981832063,10200,342065117,2024,1,0.49999999999999994,0.8660254037844387,0.02291502884212,0.0234132595363328,0.0230345115493965,12,1
2,台北市,2024-01,2024,0.0239797662930429,68.82,0.37,172945472,190981832063,8141,51058304,2024,1,0.49999999999999994,0.8660254037844387,0.02291502884212,0.0234132595363328,0.0230345115493965,13,1
2,台北市,2024-01,2024,0.0239797662930429,68.82,0.37,172945472,190981832063,15562,35979396,2024,1,0.49999999999999994,0.8660254037844387,0.02291502884212,0.0234132595363328,0.0230345115493965,13,0
2,台北市,2024-01,2024,0.0239797662930429,68.82,0.37,172945472,190981832063,9374,10457764,2024,1,0.49999999999999994,0.8660254037844387,0.02291502884212,0.0234132595363328,0.0230345115493965,14,1
2,台北市,2024-01,2024,0.0239797662930429,68.82,0.37,172945472,190981832063,2923,1331946,2024,1,0.49999999999999994,0.8660254037844387,0.02291502884212,0.0234132595363328,0.0230345115493965,14,0
2,台北市,2024-01,2024,0.0239797662930429,68.82,0.37,172945472,190981832063,1345,9423573,2024,1,0.49999999999999994,0.8660254037844387,0.02291502884212,0.0234132595363328,0.0230345115493965,15,1
2,台北市,2024-01,2024,0.0239797662930429,68.82,0.37,172945472,190981832063,835,8498503,2024,1,0.49999999999999994,0.8660254037844387,0.02291502884212,0.0234132595363328,0.0230345115493965,15,0
2,台北市,2024-01,2024,0.0239797662930429,68.82,0.37,172945472,190981832063,947,1604026,2024,1,0.49999999999999994,0.8660254037844387,0.02291502884212,0.0234132595363328,0.0230345115493965,16,0
2,台北市,2024-01,2024,0.0239797662930429,68.82,0.37,172945472,190981832063,832,39738335,2024,1,0.49999999999999994,0.8660254037844387,0.02291502884212,0.0234132595363328,0.0230345115493965,16,1
2,台北市,2024-01,2024,0.0239797662930429,68.82,0.37,172945472,190981832063,112889,176281134,2024,1,0.49999999999999994,0.8660254037844387,0.02291502884212,0.0234132595363328,0.0230345115493965,17,0
2,台北市,2024-01,2024,0.0239797662930429,68.82,0.37,172945472,190981832063,41750,113727844,2024,1,0.49999999999999994,0.8660254037844387,0.02291502884212,0.0234132595363328,0.0230345115493965,17,1
2,台北市,2024-01,2024,0.0239797662930429,68.82,0.37,172945472,190981832063,68760,49422680,2024,1,0.49999999999999994,0.8660254037844387,0.02291502884212,0.0234132595363328,0.0230345115493965,18,0
2,台北市,2024-01,2024,0.0239797662930429,68.82,0.37,172945472,190981832063,28119,40770449,2024,1,0.49999999999999994,0.8660254037844387,0.02291502884212,0.0234132595363328,0.0230345115493965,18,1
2,台北市,2024-01,2024,0.0239797662930429,68.82,0.37,172945472,190981832063,569,47974272,2024,1,0.49999999999999994,0.8660254037844387,0.02291502884212,0.0234132595363328,0.0230345115493965,19,1
2,台北市,2024-01,2024,0.0239797662930429,68.82,0.37,172945472,190981832063,1222,2216800,2024,1,0.49999999999999994,0.8660254037844387,0.02291502884212,0.0234132595363328,0.0230345115493965,19,0
2,台北市,2024-01,2024,0.0239797662930429,68.82,0.37,172945472,190981832063,12,32250,2024,1,0.49999999999999994,0.8660254037844387,0.02291502884212,0.0234132595363328,0.0230345115493965,20,0
2,台北市,2024-01,2024,0.0239797662930429,68.82,0.37,172945472,190981832063,2,1001009449,2024,1,0.49999999999999994,0.8660254037844387,0.02291502884212,0.0234132595363328,0.0230345115493965,20,1
2,台北市,2024-01,2024,0.0239797662930429,68.82,0.37,172945472,190981832063,6883,42944839,2024,1,0.49999999999999994,0.8660254037844387,0.02291502884212,0.0234132595363328,0.0230345115493965,21,1
2,台北市,2024-01,2024,0.0239797662930429,68.82,0.37,172945472,190981832063,10709,31173464,2024,1,0.49999999999999994,0.8660254037844387,0.02291502884212,0.0234132595363328,0.0230345115493965,21,0
2,台北市,2024-01,2024,0.0239797662930429,68.82,0.37,172945472,190981832063,6282,1588545,2024,1,0.49999999999999994,0.8660254037844387,0.02291502884212,0.0234132595363328,0.0230345115493965,22,1
2,台北市,2024-01,2024,0.0239797662930429,68.82,0.37,172945472,190981832063,1770,454670,2024,1,0.49999999999999994,0.8660254037844387,0.02291502884212,0.0234132595363328,0.0230345115493965,22,0
2,台北市,2024-01,2024,0.0239797662930429,68.82,0.37,172945472,190981832063,1806,404722162,2024,1,0.49999999999999994,0.8660254037844387,0.02291502884212,0.0234132595363328,0.0230345115493965,23,1
2,台北市,2024-01,2024,0.0239797662930429,68.82,0.37,172945472,190981832063,133,205562,2024,1,0.49999999999999994,0.8660254037844387,0.02291502884212,0.0234132595363328,0.0230345115493965,23,0
2,台北市,2024-01,2024,0.0239797662930429,68.82,0.37,172945472,190981832063,120,298488694,2024,1,0.49999999999999994,0.8660254037844387,0.02291502884212,0.0234132595363328,0.0230345115493965,24,1
2,台北市,2024-01,2024,0.0239797662930429,68.82,0.37,172945472,190981832063,630,843311,2024,1,0.49999999999999994,0.8660254037844387,0.02291502884212,0.0234132595363328,0.0230345115493965,25,0
2,台北市,2024-01,2024,0.0239797662930429,68.82,0.37,172945472,190981832063,1004,430685900,2024,1,0.49999999999999994,0.8660254037844387,0.02291502884212,0.0234132595363328,0.0230345115493965,25,1
2,台北市,2024-01,2024,0.0239797662930429,68.82,0.37,172945472,190981832063,5963,37214374,2024,1,0.49999999999999994,0.8660254037844387,0.02291502884212,0.0234132595363328,0.0230345115493965,26,1
2,台北市,2024-01,2024,0.0239797662930429,68.82,0.37,172945472,190981832063,34720,5521382,2024,1,0.49999999999999994,0.8660254037844387,0.02291502884212,0.0234132595363328,0.0230345115493965,26,0
2,台北市,2024-01,2024,0.0239797662930429,68.82,0.37,172945472,190981832063,63,1956780,2024,1,0.49999999999999994,0.8660254037844387,0.02291502884212,0.0234132595363328,0.0230345115493965,27,1
2,台北市,2024-01,2024,0.0239797662930429,68.82,0.37,172945472,190981832063,35,71827,2024,1,0.49999999999999994,0.8660254037844387,0.02291502884212,0.0234132595363328,0.0230345115493965,27,0
2,台北市,2024-01,2024,0.0239797662930429,68.82,0.37,172945472,190981832063,24566,1024897241,2024,1,0.49999999999999994,0.8660254037844387,0.02291502884212,0.0234132595363328,0.0230345115493965,28,1
2,台北市,2024-01,2024,0.0239797662930429,68.82,0.37,172945472,190981832063,45698,111838693,2024,1,0.49999999999999994,0.8660254037844387,0.02291502884212,0.0234132595363328,0.0230345115493965,28,0
2,台北市,2024-01,2024,0.0239797662930429,68.82,0.37,172945472,190981832063,9770,60324927,2024,1,0.49999999999999994,0.8660254037844387,0.02291502884212,0.0234132595363328,0.0230345115493965,30,1
2,台北市,2024-01,2024,0.0239797662930429,68.82,0.37,172945472,190981832063,30294,99618710,2024,1,0.49999999999999994,0.8660254037844387,0.02291502884212,0.0234132595363328,0.0230345115493965,30,0
2,台北市,2024-01,2024,0.0239797662930429,68.82,0.37,172945472,190981832063,4,9740,2024,1,0.49999999999999994,0.8660254037844387,0.02291502884212,0.0234132595363328,0.0230345115493965,31,0
2,台北市,2024-01,2024,0.0239797662930429,68.82,0.37,172945472,190981832063,1341,1794255,2024,1,0.49999999999999994,0.8660254037844387,0.02291502884212,0.0234132595363328,0.0230345115493965,31,1
2,台北市,2024-01,2024,0.0239797662930429,68.82,0.37,172945472,190981832063,784,97359867,2024,1,0.49999999999999994,0.8660254037844387,0.02291502884212,0.0234132595363328,0.0230345115493965,33,1
2,台北市,2024-01,2024,0.0239797662930429,68.82,0.37,172945472,190981832063,283,448682,2024,1,0.49999999999999994,0.8660254037844387,0.02291502884212,0.0234132595363328,0.0230345115493965,33,0
2,台北市,2024-01,2024,0.0239797662930429,68.82,0.37,172945472,190981832063,35,125500,2024,1,0.49999999999999994,0.8660254037844387,0.02291502884212,0.0234132595363328,0.0230345115493965,34,0
2,台北市,2024-01,2024,0.0239797662930429,68.82,0.37,172945472,190981832063,1,5000,2024,1,0.49999999999999994,0.8660254037844387,0.02291502884212,0.0234132595363328,0.0230345115493965,34,1
2,台北市,2024-01,2024,0.0239797662930429,68.82,0.37,172945472,190981832063,57091,290729465,2024,1,0.49999999999999994,0.8660254037844387,0.02291502884212,0.0234132595363328,0.0230345115493965,36,1
2,台北市,2024-01,2024,0.0239797662930429,68.82,0.37,172945472,190981832063,133839,101666414,2024,1,0.49999999999999994,0.8660254037844387,0.02291502884212,0.0234132595363328,0.0230345115493965,36,0
2,台北市,2024-01,2024,0.0239797662930429,68.82,0.37,172945472,190981832063,192274,311120678,2024,1,0.49999999999999994,0.8660254037844387,0.02291502884212,0.0234132595363328,0.0230345115493965,37,0
2,台北市,2024-01,2024,0.0239797662930429,68.82,0.37,172945472,190981832063,11096,185787585,2024,1,0.49999999999999994,0.8660254037844387,0.02291502884212,0.0234132595363328,0.0230345115493965,37,1
2,台北市,2024-01,2024,0.0239797662930429,68.82,0.37,172945472,190981832063,1983,9471939,2024,1,0.49999999999999994,0.8660254037844387,0.02291502884212,0.0234132595363328,0.0230345115493965,38,0
2,台北市,2024-01,2024,0.0239797662930429,68.82,0.37,172945472,190981832063,3175,37352323,2024,1,0.49999999999999994,0.8660254037844387,0.02291502884212,0.0234132595363328,0.0230345115493965,38,1
2,台北市,2024-01,2024,0.0239797662930429,68.82,0.37,172945472,190981832063,1882,62444545,2024,1,0.49999999999999994,0.8660254037844387,0.02291502884212,0.0234132595363328,0.0230345115493965,39,0
2,台北市,2024-01,2024,0.0239797662930429,68.82,0.37,172945472,190981832063,8331,897347353,2024,1,0.49999999999999994,0.8660254037844387,0.02291502884212,0.0234132595363328,0.0230345115493965,39,1
2,台北市,2024-01,2024,0.0239797662930429,68.82,0.37,172945472,190981832063,2897,4966804,2024,1,0.49999999999999994,0.8660254037844387,0.02291502884212,0.0234132595363328,0.0230345115493965,40,0
2,台北市,2024-01,2024,0.0239797662930429,68.82,0.37,172945472,190981832063,6640,46285341,2024,1,0.49999999999999994,0.8660254037844387,0.02291502884212,0.0234132595363328,0.0230345115493965,40,1
2,台北市,2024-01,2024,0.0239797662930429,68.82,0.37,172945472,190981832063,4789700,9012097464,2024,1,0.49999999999999994,0.8660254037844387,0.02291502884212,0.0234132595363328,0.0230345115493965,41,0
2,台北市,2024-01,2024,0.0239797662930429,68.82,0.37,172945472,190981832063,226024,961242714,2024,1,0.49999999999999994,0.8660254037844387,0.02291502884212,0.0234132595363328,0.0230345115493965,41,1
2,台北市,2024-01,2024,0.0239797662930429,68.82,0.37,172945472,190981832063,11095,21540848,2024,1,0.49999999999999994,0.8660254037844387,0.02291502884212,0.0234132595363328,0.0230345115493965,43,0
2,台北市,2024-01,2024,0.0239797662930429,68.82,0.37,172945472,190981832063,2181,5022481,2024,1,0.49999999999999994,0.8660254037844387,0.02291502884212,0.0234132595363328,0.0230345115493965,43,1
2,台北市,2024-01,2024,0.0239797662930429,68.82,0.37,172945472,190981832063,6234030,8894390994,2024,1,0.49999999999999994,0.8660254037844387,0.02291502884212,0.0234132595363328,0.0230345115493965,44,0
2,台北市,2024-01,2024,0.0239797662930429,68.82,0.37,172945472,190981832063,3491388,27305303285,2024,1,0.49999999999999994,0.8660254037844387,0.02291502884212,0.0234132595363328,0.0230345115493965,44,1
2,台北市,2024-01,2024,0.0239797662930429,68.82,0.37,172945472,190981832063,27403,219382027,2024,1,0.49999999999999994,0.8660254037844387,0.02291502884212,0.0234132595363328,0.0230345115493965,46,0
2,台北市,2024-01,2024,0.0239797662930429,68.82,0.37,172945472,190981832063,34304,184216047,2024,1,0.49999999999999994,0.8660254037844387,0.02291502884212,0.0234132595363328,0.0230345115493965,46,1
2,台北市,2024-01,2024,0.0239797662930429,68.82,0.37,172945472,190981832063,1372,135137552,2024,1,0.49999999999999994,0.8660254037844387,0.02291502884212,0.0234132595363328,0.0230345115493965,48,1
2,台北市,2024-01,2024,0.0239797662930429,68.82,0.37,172945472,190981832063,846,2670172,2024,1,0.49999999999999994,0.8660254037844387,0.02291502884212,0.0234132595363328,0.0230345115493965,48,0
2,台北市,2024-01,2024,0.0239797662930429,68.82,0.37,172945472,190981832063,125552,591088775,2024,1,0.49999999999999994,0.8660254037844387,0.02291502884212,0.0234132595363328,0.0230345115493965,50,0
2,台北市,2024-01,2024,0.0239797662930429,68.82,0.37,172945472,190981832063,72942,501566656,2024,1,0.49999999999999994,0.8660254037844387,0.02291502884212,0.0234132595363328,0.0230345115493965,50,1
2,台北市,2024-01,2024,0.0239797662930429,68.82,0.37,172945472,190981832063,29548,11227825,2024,1,0.49999999999999994,0.8660254037844387,0.02291502884212,0.0234132595363328,0.0230345115493965,52,0
2,台北市,2024-01,2024,0.0239797662930429,68.82,0.37,172945472,190981832063,32257,394707901,2024,1,0.49999999999999994,0.8660254037844387,0.02291502884212,0.0234132595363328,0.0230345115493965,52,1
2,台北市,2024-01,2024,0.0239797662930429,68.82,0.37,172945472,190981832063,2973,15189105,2024,1,0.49999999999999994,0.8660254037844387,0.02291502884212,0.0234132595363328,0.0230345115493965,53,1
2,台北市,2024-01,2024,0.0239797662930429,68.82,0.37,172945472,190981832063,6,9000,2024,1,0.49999999999999994,0.8660254037844387,0.02291502884212,0.0234132595363328,0.0230345115493965,53,0
2,台北市,2024-01,2024,0.0239797662930429,68.82,0.37,172945472,190981832063,322,1257664,2024,1,0.49999999999999994,0.8660254037844387,0.02291502884212,0.0234132595363328,0.0230345115493965,54,0
2,台北市,2024-01,2024,0.0239797662930429,68.82,0.37,172945472,190981832063,1261,2489627217,2024,1,0.49999999999999994,0.8660254037844387,0.02291502884212,0.0234132595363328,0.0230345115493965,54,1
2,台北市,2024-01,2024,0.0239797662930429,68.82,0.37,172945472,190981832063,78,6319279,2024,1,0.49999999999999994,0.8660254037844387,0.02291502884212,0.0234132595363328,0.0230345115493965,56,0
2,台北市,2024-01,2024,0.0239797662930429,68.82,0.37,172945472,190981832063,196,69371227,2024,1,0.49999999999999994,0.8660254037844387,0.02291502884212,0.0234132595363328,0.0230345115493965,56,1
2,台北市,2024-01,2024,0.0239797662930429,68.82,0.37,172945472,190981832063,76,2807929,2024,1,0.49999999999999994,0.8660254037844387,0.02291502884212,0.0234132595363328,0.0230345115493965,57,1
2,台北市,2024-01,2024,0.0239797662930429,68.82,0.37,172945472,190981832063,2698,543475,2024,1,0.49999999999999994,0.8660254037844387,0.02291502884212,0.0234132595363328,0.0230345115493965,58,0
2,台北市,2024-01,2024,0.0239797662930429,68.82,0.37,172945472,190981832063,2410,47959133,2024,1,0.49999999999999994,0.8660254037844387,0.02291502884212,0.0234132595363328,0.0230345115493965,58,1
2,台北市,2024-01,2024,0.0239797662930429,68.82,0.37,172945472,190981832063,86,4531148,2024,1,0.49999999999999994,0.8660254037844387,0.02291502884212,0.0234132595363328,0.0230345115493965,59,1
2,台北市,2024-01,2024,0.0239797662930429,68.82,0.37,172945472,190981832063,762,1591038,2024,1,0.49999999999999994,0.8660254037844387,0.02291502884212,0.0234132595363328,0.0230345115493965,59,0
2,台北市,2024-01,2024,0.0239797662930429,68.82,0.37,172945472,190981832063,62,2890984,2024,1,0.49999999999999994,0.8660254037844387,0.02291502884212,0.0234132595363328,0.0230345115493965,60,1
2,台北市,2024-01,2024,0.0239797662930429,68.82,0.37,172945472,190981832063,741969,313953467,2024,1,0.49999999999999994,0.8660254037844387,0.02291502884212,0.0234132595363328,0.0230345115493965,60,0
2,台北市,2024-01,2024,0.0239797662930429,68.82,0.37,172945472,190981832063,326,2038178,2024,1,0.49999999999999994,0.8660254037844387,0.02291502884212,0.0234132595363328,0.0230345115493965,61,0
2,台北市,2024-01,2024,0.0239797662930429,68.82,0.37,172945472,190981832063,792,3747750,2024,1,0.49999999999999994,0.8660254037844387,0.02291502884212,0.0234132595363328,0.0230345115493965,61,1
2,台北市,2024-01,2024,0.0239797662930429,68.82,0.37,172945472,190981832063,45,51300,2024,1,0.49999999999999994,0.8660254037844387,0.02291502884212,0.0234132595363328,0.0230345115493965,62,1
2,台北市,2024-01,2024,0.0239797662930429,68.82,0.37,172945472,190981832063,92559,50357132,2024,1,0.49999999999999994,0.8660254037844387,0.02291502884212,0.0234132595363328,0.0230345115493965,63,1
2,台北市,2024-01,2024,0.0239797662930429,68.82,0.37,172945472,190981832063,62266,19963445,2024,1,0.49999999999999994,0.8660254037844387,0.02291502884212,0.0234132595363328,0.0230345115493965,63,0
2,台北市,2024-01,2024,0.0239797662930429,68.82,0.37,172945472,190981832063,725,53193015,2024,1,0.49999999999999994,0.8660254037844387,0.02291502884212,0.0234132595363328,0.0230345115493965,66,1
2,台北市,2024-01,2024,0.0239797662930429,68.82,0.37,172945472,190981832063,1304,3308637,2024,1,0.49999999999999994,0.8660254037844387,0.02291502884212,0.0234132595363328,0.0230345115493965,66,0
2,台北市,2024-01,2024,0.0239797662930429,68.82,0.37,172945472,190981832063,958936,678135462,2024,1,0.49999999999999994,0.8660254037844387,0.02291502884212,0.0234132595363328,0.0230345115493965,67,0
2,台北市,2024-01,2024,0.0239797662930429,68.82,0.37,172945472,190981832063,196473,6830287843,2024,1,0.49999999999999994,0.8660254037844387,0.02291502884212,0.0234132595363328,0.0230345115493965,67,1
2,台北市,2024-01,2024,0.0239797662930429,68.82,0.37,172945472,190981832063,542,2496159,2024,1,0.49999999999999994,0.8660254037844387,0.02291502884212,0.0234132595363328,0.0230345115493965,68,1
2,台北市,2024-01,2024,0.0239797662930429,68.82,0.37,172945472,190981832063,2454,6157354,2024,1,0.49999999999999994,0.8660254037844387,0.02291502884212,0.0234132595363328,0.0230345115493965,68,0
2,台北市,2024-01,2024,0.0239797662930429,68.82,0.37,172945472,190981832063,1908,5332861,2024,1,0.49999999999999994,0.8660254037844387,0.02291502884212,0.0234132595363328,0.0230345115493965,69,0
2,台北市,2024-01,2024,0.0239797662930429,68.82,0.37,172945472,190981832063,1535,181254476,2024,1,0.49999999999999994,0.8660254037844387,0.02291502884212,0.0234132595363328,0.0230345115493965,69,1
2,台北市,2024-01,2024,0.0239797662930429,68.82,0.37,172945472,190981832063,3577,6868496,2024,1,0.49999999999999994,0.8660254037844387,0.02291502884212,0.0234132595363328,0.0230345115493965,70,0
2,台北市,2024-01,2024,0.0239797662930429,68.82,0.37,172945472,190981832063,11743,29610087,2024,1,0.49999999999999994,0.8660254037844387,0.02291502884212,0.0234132595363328,0.0230345115493965,70,1
2,台北市,2024-01,2024,0.0239797662930429,68.82,0.37,172945472,190981832063,12,34708,2024,1,0.49999999999999994,0.8660254037844387,0.02291502884212,0.0234132595363328,0.0230345115493965,71,1
2,台北市,2024-01,2024,0.0239797662930429,68.82,0.37,172945472,190981832063,18790,380330477,2024,1,0.49999999999999994,0.8660254037844387,0.02291502884212,0.0234132595363328,0.0230345115493965,72,1
2,台北市,2024-01,2024,0.0239797662930429,68.82,0.37,172945472,190981832063,18,24058065,2024,1,0.49999999999999994,0.8660254037844387,0.02291502884212,0.0234132595363328,0.0230345115493965,72,0
2,台北市,2024-01,2024,0.0239797662930429,68.82,0.37,172945472,190981832063,31726,120517281,2024,1,0.49999999999999994,0.8660254037844387,0.02291502884212,0.0234132595363328,0.0230345115493965,73,1
2,台北市,2024-01,2024,0.0239797662930429,68.82,0.37,172945472,190981832063,34467,61991725,2024,1,0.49999999999999994,0.8660254037844387,0.02291502884212,0.0234132595363328,0.0230345115493965,73,0
2,台北市,2024-01,2024,0.0239797662930429,68.82,0.37,172945472,190981832063,151539,436878574,2024,1,0.49999999999999994,0.8660254037844387,0.02291502884212,0.0234132595363328,0.0230345115493965,75,1
2,台北市,2024-01,2024,0.0239797662930429,68.82,0.37,172945472,190981832063,821745,580768021,2024,1,0.49999999999999994,0.8660254037844387,0.02291502884212,0.0234132595363328,0.0230345115493965,75,0
2,台北市,2024-01,2024,0.0239797662930429,68.82,0.37,172945472,190981832063,33078401,14767397318,2024,1,0.49999999999999994,0.8660254037844387,0.02291502884212,0.0234132595363328,0.0230345115493965,77,0
2,台北市,2024-01,2024,0.0239797662930429,68.82,0.37,172945472,190981832063,354261,609306989,2024,1,0.49999999999999994,0.8660254037844387,0.02291502884212,0.0234132595363328,0.0230345115493965,77,1
2,台北市,2024-01,2024,0.0239797662930429,68.82,0.37,172945472,190981832063,11598,18597321,2024,1,0.49999999999999994,0.8660254037844387,0.02291502884212,0.0234132595363328,0.0230345115493965,78,0
2,台北市,2024-01,2024,0.0239797662930429,68.82,0.37,172945472,190981832063,2450,143327521,2024,1,0.49999999999999994,0.8660254037844387,0.02291502884212,0.0234132595363328,0.0230345115493965,78,1
2,台北市,2024-01,2024,0.0239797662930429,68.82,0.37,172945472,190981832063,308856,367472192,2024,1,0.49999999999999994,0.8660254037844387,0.02291502884212,0.0234132595363328,0.0230345115493965,79,0
2,台北市,2024-01,2024,0.0239797662930429,68.82,0.37,172945472,190981832063,234534,324722814,2024,1,0.49999999999999994,0.8660254037844387,0.02291502884212,0.0234132595363328,0.0230345115493965,79,1
2,台北市,2024-01,2024,0.0239797662930429,68.82,0.37,172945472,190981832063,1955910,3905712653,2024,1,0.49999999999999994,0.8660254037844387,0.02291502884212,0.0234132595363328,0.0230345115493965,80,1
2,台北市,2024-01,2024,0.0239797662930429,68.82,0.37,172945472,190981832063,1909936,364025674,2024,1,0.49999999999999994,0.8660254037844387,0.02291502884212,0.0234132595363328,0.0230345115493965,80,0
2,台北市,2024-01,2024,0.0239797662930429,68.82,0.37,172945472,190981832063,6632,2564990,2024,1,0.49999999999999994,0.8660254037844387,0.02291502884212,0.0234132595363328,0.0230345115493965,81,0
2,台北市,2024-01,2024,0.0239797662930429,68.82,0.37,172945472,190981832063,9084,7024525,2024,1,0.49999999999999994,0.8660254037844387,0.02291502884212,0.0234132595363328,0.0230345115493965,81,1
2,台北市,2024-01,2024,0.0239797662930429,68.82,0.37,172945472,190981832063,12661,72417054,2024,1,0.49999999999999994,0.8660254037844387,0.02291502884212,0.0234132595363328,0.0230345115493965,83,0
2,台北市,2024-01,2024,0.0239797662930429,68.82,0.37,172945472,190981832063,10350,49900663,2024,1,0.49999999999999994,0.8660254037844387,0.02291502884212,0.0234132595363328,0.0230345115493965,83,1
2,台北市,2024-01,2024,0.0239797662930429,68.82,0.37,172945472,190981832063,454,218988241,2024,1,0.49999999999999994,0.8660254037844387,0.02291502884212,0.0234132595363328,0.0230345115493965,84,1
2,台北市,2024-01,2024,0.0239797662930429,68.82,0.37,172945472,190981832063,33,146515,2024,1,0.49999999999999994,0.8660254037844387,0.02291502884212,0.0234132595363328,0.0230345115493965,84,0
2,台北市,2024-01,2024,0.0239797662930429,68.82,0.37,172945472,190981832063,67899,142454917,2024,1,0.49999999999999994,0.8660254037844387,0.02291502884212,0.0234132595363328,0.0230345115493965,86,0
2,台北市,2024-01,2024,0.0239797662930429,68.82,0.37,172945472,190981832063,29974,2808369522,2024,1,0.49999999999999994,0.8660254037844387,0.02291502884212,0.0234132595363328,0.0230345115493965,86,1
2,台北市,2024-01,2024,0.0239797662930429,68.82,0.37,172945472,190981832063,217732,209261600,2024,1,0.49999999999999994,0.8660254037844387,0.02291502884212,0.0234132595363328,0.0230345115493965,87,0
2,台北市,2024-01,2024,0.0239797662930429,68.82,0.37,172945472,190981832063,146109,114791934,2024,1,0.49999999999999994,0.8660254037844387,0.02291502884212,0.0234132595363328,0.0230345115493965,87,1
2,台北市,2024-01,2024,0.0239797662930429,68.82,0.37,172945472,190981832063,29577767,26059027855,2024,1,0.49999999999999994,0.8660254037844387,0.02291502884212,0.0234132595363328,0.0230345115493965,88,1
2,台北市,2024-01,2024,0.0239797662930429,68.82,0.37,172945472,190981832063,45413221,27709070137,2024,1,0.49999999999999994,0.8660254037844387,0.02291502884212,0.0234132595363328,0.0230345115493965,88,0
2,台北市,2024-01,2024,0.0239797662930429,68.82,0.37,172945472,190981832063,15736163,11537698324,2024,1,0.49999999999999994,0.8660254037844387,0.02291502884212,0.0234132595363328,0.0230345115493965,89,0
2,台北市,2024-01,2024,0.0239797662930429,68.82,0.37,172945472,190981832063,101367,412952795,2024,1,0.49999999999999994,0.8660254037844387,0.02291502884212,0.0234132595363328,0.0230345115493965,89,1
2,台北市,2024-01,2024,0.0239797662930429,68.82,0.37,172945472,190981832063,805216,1252998008,2024,1,0.49999999999999994,0.8660254037844387,0.02291502884212,0.0234132595363328,0.0230345115493965,90,0
2,台北市,2024-01,2024,0.0239797662930429,68.82,0.37,172945472,190981832063,16234,22122584,2024,1,0.49999999999999994,0.8660254037844387,0.02291502884212,0.0234132595363328,0.0230345115493965,90,1
2,台北市,2024-01,2024,0.0239797662930429,68.82,0.37,172945472,190981832063,4740,309138715,2024,1,0.49999999999999994,0.8660254037844387,0.02291502884212,0.0234132595363328,0.0230345115493965,91,1
2,台北市,2024-01,2024,0.0239797662930429,68.82,0.37,172945472,190981832063,14306,14532957,2024,1,0.49999999999999994,0.8660254037844387,0.02291502884212,0.0234132595363328,0.0230345115493965,91,0
2,台北市,2024-01,2024,0.0239797662930429,68.82,0.37,172945472,190981832063,285,1118906,2024,1,0.49999999999999994,0.8660254037844387,0.02291502884212,0.0234132595363328,0.0230345115493965,93,0
2,台北市,2024-01,2024,0.0239797662930429,68.82,0.37,172945472,190981832063,1015,360459452,2024,1,0.49999999999999994,0.8660254037844387,0.02291502884212,0.0234132595363328,0.0230345115493965,93,1
2,台北市,2024-01,2024,0.0239797662930429,68.82,0.37,172945472,190981832063,3704,387991586,2024,1,0.49999999999999994,0.8660254037844387,0.02291502884212,0.0234132595363328,0.0230345115493965,94,1
2,台北市,2024-01,2024,0.0239797662930429,68.82,0.37,172945472,190981832063,30642,67054280,2024,1,0.49999999999999994,0.8660254037844387,0.02291502884212,0.0234132595363328,0.0230345115493965,94,0
2,台北市,2024-01,2024,0.0239797662930429,68.82,0.37,172945472,190981832063,1267270,418602936,2024,1,0.49999999999999994,0.8660254037844387,0.02291502884212,0.0234132595363328,0.0230345115493965,95,0
2,台北市,2024-01,2024,0.0239797662930429,68.82,0.37,172945472,190981832063,86094,452148833,2024,1,0.49999999999999994,0.8660254037844387,0.02291502884212,0.0234132595363328,0.0230345115493965,95,1
2,台北市,2024-01,2024,0.0239797662930429,68.82,0.37,172945472,190981832063,158,954737,2024,1,0.49999999999999994,0.8660254037844387,0.02291502884212,0.0234132595363328,0.0230345115493965,97,0
2,台北市,2024-01,2024,0.0239797662930429,68.82,0.37,172945472,190981832063,6518,439973823,2024,1,0.49999999999999994,0.8660254037844387,0.02291502884212,0.0234132595363328,0.0230345115493965,97,1
2,台北市,2024-01,2024,0.0239797662930429,68.82,0.37,172945472,190981832063,573828,499758328,2024,1,0.49999999999999994,0.8660254037844387,0.02291502884212,0.0234132595363328,0.0230345115493965,98,1
2,台北市,2024-01,2024,0.0239797662930429,68.82,0.37,172945472,190981832063,448327,208053188,2024,1,0.49999999999999994,0.8660254037844387,0.02291502884212,0.0234132595363328,0.0230345115493965,98,0
2,台北市,2024-01,2024,0.0239797662930429,68.82,0.37,172945472,190981832063,8681,1485647,2024,1,0.49999999999999994,0.8660254037844387,0.02291502884212,0.0234132595363328,0.0230345115493965,100,0
2,台北市,2024-01,2024,0.0239797662930429,68.82,0.37,172945472,190981832063,8670,7587666,2024,1,0.49999999999999994,0.8660254037844387,0.02291502884212,0.0234132595363328,0.0230345115493965,100,1
2,台北市,2024-01,2024,0.0239797662930429,68.82,0.37,172945472,190981832063,10154804,4941164651,2024,1,0.49999999999999994,0.8660254037844387,0.02291502884212,0.0234132595363328,0.0230345115493965,101,1
2,台北市,2024-01,2024,0.0239797662930429,68.82,0.37,172945472,190981832063,8926789,3122673997,2024,1,0.49999999999999994,0.8660254037844387,0.02291502884212,0.0234132595363328,0.0230345115493965,101,0
2,台北市,2024-02,2024,0.0238940941237424,68.82,0.37,154611553,154243951645,57177,191018957,2024,2,0.8660254037844386,0.5000000000000001,0.0239797662930429,0.02291502884212,0.0234132595363328,0,0
2,台北市,2024-02,2024,0.0238940941237424,68.82,0.37,154611553,154243951645,103371,2675088123,2024,2,0.8660254037844386,0.5000000000000001,0.0239797662930429,0.02291502884212,0.0234132595363328,0,1
2,台北市,2024-02,2024,0.0238940941237424,68.82,0.37,154611553,154243951645,519161,7994204675,2024,2,0.8660254037844386,0.5000000000000001,0.0239797662930429,0.02291502884212,0.0234132595363328,1,1
2,台北市,2024-02,2024,0.0238940941237424,68.82,0.37,154611553,154243951645,550526,721981684,2024,2,0.8660254037844386,0.5000000000000001,0.0239797662930429,0.02291502884212,0.0234132595363328,1,0
2,台北市,2024-02,2024,0.0238940941237424,68.82,0.37,154611553,154243951645,42725,21223696,2024,2,0.8660254037844386,0.5000000000000001,0.0239797662930429,0.02291502884212,0.0234132595363328,2,0
2,台北市,2024-02,2024,0.0238940941237424,68.82,0.37,154611553,154243951645,365873,214067641,2024,2,0.8660254037844386,0.5000000000000001,0.0239797662930429,0.02291502884212,0.0234132595363328,2,1
2,台北市,2024-02,2024,0.0238940941237424,68.82,0.37,154611553,154243951645,80268,461515075,2024,2,0.8660254037844386,0.5000000000000001,0.0239797662930429,0.02291502884212,0.0234132595363328,3,1
2,台北市,2024-02,2024,0.0238940941237424,68.82,0.37,154611553,154243951645,112349,163424474,2024,2,0.8660254037844386,0.5000000000000001,0.0239797662930429,0.02291502884212,0.0234132595363328,3,0
2,台北市,2024-02,2024,0.0238940941237424,68.82,0.37,154611553,154243951645,66757,214158897,2024,2,0.8660254037844386,0.5000000000000001,0.0239797662930429,0.02291502884212,0.0234132595363328,5,0
2,台北市,2024-02,2024,0.0238940941237424,68.82,0.37,154611553,154243951645,266312,1504657667,2024,2,0.8660254037844386,0.5000000000000001,0.0239797662930429,0.02291502884212,0.0234132595363328,5,1
2,台北市,2024-02,2024,0.0238940941237424,68.82,0.37,154611553,154243951645,1288,62118684,2024,2,0.8660254037844386,0.5000000000000001,0.0239797662930429,0.02291502884212,0.0234132595363328,6,1
2,台北市,2024-02,2024,0.0238940941237424,68.82,0.37,154611553,154243951645,1911,14782138,2024,2,0.8660254037844386,0.5000000000000001,0.0239797662930429,0.02291502884212,0.0234132595363328,6,0
2,台北市,2024-02,2024,0.0238940941237424,68.82,0.37,154611553,154243951645,9221,362613889,2024,2,0.8660254037844386,0.5000000000000001,0.0239797662930429,0.02291502884212,0.0234132595363328,7,1
2,台北市,2024-02,2024,0.0238940941237424,68.82,0.37,154611553,154243951645,11881,18272736,2024,2,0.8660254037844386,0.5000000000000001,0.0239797662930429,0.02291502884212,0.0234132595363328,7,0
2,台北市,2024-02,2024,0.0238940941237424,68.82,0.37,154611553,154243951645,2738,12053911,2024,2,0.8660254037844386,0.5000000000000001,0.0239797662930429,0.02291502884212,0.0234132595363328,8,0
2,台北市,2024-02,2024,0.0238940941237424,68.82,0.37,154611553,154243951645,5489,29019076,2024,2,0.8660254037844386,0.5000000000000001,0.0239797662930429,0.02291502884212,0.0234132595363328,8,1
2,台北市,2024-02,2024,0.0238940941237424,68.82,0.37,154611553,154243951645,19981,398822775,2024,2,0.8660254037844386,0.5000000000000001,0.0239797662930429,0.02291502884212,0.0234132595363328,9,1
2,台北市,2024-02,2024,0.0238940941237424,68.82,0.37,154611553,154243951645,8031,30539630,2024,2,0.8660254037844386,0.5000000000000001,0.0239797662930429,0.02291502884212,0.0234132595363328,9,0
2,台北市,2024-02,2024,0.0238940941237424,68.82,0.37,154611553,154243951645,8078,279967280,2024,2,0.8660254037844386,0.5000000000000001,0.0239797662930429,0.02291502884212,0.0234132595363328,12,1
2,台北市,2024-02,2024,0.0238940941237424,68.82,0.37,154611553,154243951645,3436,8603385,2024,2,0.8660254037844386,0.5000000000000001,0.0239797662930429,0.02291502884212,0.0234132595363328,12,0
2,台北市,2024-02,2024,0.0238940941237424,68.82,0.37,154611553,154243951645,17352,41748965,2024,2,0.8660254037844386,0.5000000000000001,0.0239797662930429,0.02291502884212,0.0234132595363328,13,0
2,台北市,2024-02,2024,0.0238940941237424,68.82,0.37,154611553,154243951645,7972,51538508,2024,2,0.8660254037844386,0.5000000000000001,0.0239797662930429,0.02291502884212,0.0234132595363328,13,1
2,台北市,2024-02,2024,0.0238940941237424,68.82,0.37,154611553,154243951645,8000,10176390,2024,2,0.8660254037844386,0.5000000000000001,0.0239797662930429,0.02291502884212,0.0234132595363328,14,1
2,台北市,2024-02,2024,0.0238940941237424,68.82,0.37,154611553,154243951645,2509,1155594,2024,2,0.8660254037844386,0.5000000000000001,0.0239797662930429,0.02291502884212,0.0234132595363328,14,0
2,台北市,2024-02,2024,0.0238940941237424,68.82,0.37,154611553,154243951645,712,9128985,2024,2,0.8660254037844386,0.5000000000000001,0.0239797662930429,0.02291502884212,0.0234132595363328,15,0
2,台北市,2024-02,2024,0.0238940941237424,68.82,0.37,154611553,154243951645,1112,8851115,2024,2,0.8660254037844386,0.5000000000000001,0.0239797662930429,0.02291502884212,0.0234132595363328,15,1
2,台北市,2024-02,2024,0.0238940941237424,68.82,0.37,154611553,154243951645,761,25096415,2024,2,0.8660254037844386,0.5000000000000001,0.0239797662930429,0.02291502884212,0.0234132595363328,16,1
2,台北市,2024-02,2024,0.0238940941237424,68.82,0.37,154611553,154243951645,886,1384745,2024,2,0.8660254037844386,0.5000000000000001,0.0239797662930429,0.02291502884212,0.0234132595363328,16,0
2,台北市,2024-02,2024,0.0238940941237424,68.82,0.37,154611553,154243951645,160670,198754445,2024,2,0.8660254037844386,0.5000000000000001,0.0239797662930429,0.02291502884212,0.0234132595363328,17,0
2,台北市,2024-02,2024,0.0238940941237424,68.82,0.37,154611553,154243951645,75824,135246322,2024,2,0.8660254037844386,0.5000000000000001,0.0239797662930429,0.02291502884212,0.0234132595363328,17,1
2,台北市,2024-02,2024,0.0238940941237424,68.82,0.37,154611553,154243951645,37740,40342402,2024,2,0.8660254037844386,0.5000000000000001,0.0239797662930429,0.02291502884212,0.0234132595363328,18,1
2,台北市,2024-02,2024,0.0238940941237424,68.82,0.37,154611553,154243951645,78971,43407316,2024,2,0.8660254037844386,0.5000000000000001,0.0239797662930429,0.02291502884212,0.0234132595363328,18,0
2,台北市,2024-02,2024,0.0238940941237424,68.82,0.37,154611553,154243951645,518,55373398,2024,2,0.8660254037844386,0.5000000000000001,0.0239797662930429,0.02291502884212,0.0234132595363328,19,1
2,台北市,2024-02,2024,0.0238940941237424,68.82,0.37,154611553,154243951645,1184,1998572,2024,2,0.8660254037844386,0.5000000000000001,0.0239797662930429,0.02291502884212,0.0234132595363328,19,0
2,台北市,2024-02,2024,0.0238940941237424,68.82,0.37,154611553,154243951645,6,206602963,2024,2,0.8660254037844386,0.5000000000000001,0.0239797662930429,0.02291502884212,0.0234132595363328,20,1
2,台北市,2024-02,2024,0.0238940941237424,68.82,0.37,154611553,154243951645,37,44750,2024,2,0.8660254037844386,0.5000000000000001,0.0239797662930429,0.02291502884212,0.0234132595363328,20,0
2,台北市,2024-02,2024,0.0238940941237424,68.82,0.37,154611553,154243951645,4678,31782930,2024,2,0.8660254037844386,0.5000000000000001,0.0239797662930429,0.02291502884212,0.0234132595363328,21,1
2,台北市,2024-02,2024,0.0238940941237424,68.82,0.37,154611553,154243951645,7110,26011400,2024,2,0.8660254037844386,0.5000000000000001,0.0239797662930429,0.02291502884212,0.0234132595363328,21,0
2,台北市,2024-02,2024,0.0238940941237424,68.82,0.37,154611553,154243951645,5449,1282947,2024,2,0.8660254037844386,0.5000000000000001,0.0239797662930429,0.02291502884212,0.0234132595363328,22,1
2,台北市,2024-02,2024,0.0238940941237424,68.82,0.37,154611553,154243951645,2398,614323,2024,2,0.8660254037844386,0.5000000000000001,0.0239797662930429,0.02291502884212,0.0234132595363328,22,0
2,台北市,2024-02,2024,0.0238940941237424,68.82,0.37,154611553,154243951645,1446,177986649,2024,2,0.8660254037844386,0.5000000000000001,0.0239797662930429,0.02291502884212,0.0234132595363328,23,1
2,台北市,2024-02,2024,0.0238940941237424,68.82,0.37,154611553,154243951645,91,701981,2024,2,0.8660254037844386,0.5000000000000001,0.0239797662930429,0.02291502884212,0.0234132595363328,23,0
2,台北市,2024-02,2024,0.0238940941237424,68.82,0.37,154611553,154243951645,81,210804361,2024,2,0.8660254037844386,0.5000000000000001,0.0239797662930429,0.02291502884212,0.0234132595363328,24,1
2,台北市,2024-02,2024,0.0238940941237424,68.82,0.37,154611553,154243951645,453,148905371,2024,2,0.8660254037844386,0.5000000000000001,0.0239797662930429,0.02291502884212,0.0234132595363328,25,1
2,台北市,2024-02,2024,0.0238940941237424,68.82,0.37,154611553,154243951645,357,552544,2024,2,0.8660254037844386,0.5000000000000001,0.0239797662930429,0.02291502884212,0.0234132595363328,25,0
2,台北市,2024-02,2024,0.0238940941237424,68.82,0.37,154611553,154243951645,29579,6512104,2024,2,0.8660254037844386,0.5000000000000001,0.0239797662930429,0.02291502884212,0.0234132595363328,26,0
2,台北市,2024-02,2024,0.0238940941237424,68.82,0.37,154611553,154243951645,3965,36598773,2024,2,0.8660254037844386,0.5000000000000001,0.0239797662930429,0.02291502884212,0.0234132595363328,26,1
2,台北市,2024-02,2024,0.0238940941237424,68.82,0.37,154611553,154243951645,40,855378,2024,2,0.8660254037844386,0.5000000000000001,0.0239797662930429,0.02291502884212,0.0234132595363328,27,1
2,台北市,2024-02,2024,0.0238940941237424,68.82,0.37,154611553,154243951645,54,225597,2024,2,0.8660254037844386,0.5000000000000001,0.0239797662930429,0.02291502884212,0.0234132595363328,27,0
2,台北市,2024-02,2024,0.0238940941237424,68.82,0.37,154611553,154243951645,44074,97967733,2024,2,0.8660254037844386,0.5000000000000001,0.0239797662930429,0.02291502884212,0.0234132595363328,28,0
2,台北市,2024-02,2024,0.0238940941237424,68.82,0.37,154611553,154243951645,22758,780942705,2024,2,0.8660254037844386,0.5000000000000001,0.0239797662930429,0.02291502884212,0.0234132595363328,28,1
2,台北市,2024-02,2024,0.0238940941237424,68.82,0.37,154611553,154243951645,12343,107875885,2024,2,0.8660254037844386,0.5000000000000001,0.0239797662930429,0.02291502884212,0.0234132595363328,30,1
2,台北市,2024-02,2024,0.0238940941237424,68.82,0.37,154611553,154243951645,21094,67408872,2024,2,0.8660254037844386,0.5000000000000001,0.0239797662930429,0.02291502884212,0.0234132595363328,30,0
2,台北市,2024-02,2024,0.0238940941237424,68.82,0.37,154611553,154243951645,1183,1742182,2024,2,0.8660254037844386,0.5000000000000001,0.0239797662930429,0.02291502884212,0.0234132595363328,31,1
2,台北市,2024-02,2024,0.0238940941237424,68.82,0.37,154611553,154243951645,239,403485,2024,2,0.8660254037844386,0.5000000000000001,0.0239797662930429,0.02291502884212,0.0234132595363328,33,0
2,台北市,2024-02,2024,0.0238940941237424,68.82,0.37,154611553,154243951645,633,54194610,2024,2,0.8660254037844386,0.5000000000000001,0.0239797662930429,0.02291502884212,0.0234132595363328,33,1
2,台北市,2024-02,2024,0.0238940941237424,68.82,0.37,154611553,154243951645,1,5000,2024,2,0.8660254037844386,0.5000000000000001,0.0239797662930429,0.02291502884212,0.0234132595363328,34,1
2,台北市,2024-02,2024,0.0238940941237424,68.82,0.37,154611553,154243951645,20,90500,2024,2,0.8660254037844386,0.5000000000000001,0.0239797662930429,0.02291502884212,0.0234132595363328,34,0
2,台北市,2024-02,2024,0.0238940941237424,68.82,0.37,154611553,154243951645,118982,80785401,2024,2,0.8660254037844386,0.5000000000000001,0.0239797662930429,0.02291502884212,0.0234132595363328,36,0
2,台北市,2024-02,2024,0.0238940941237424,68.82,0.37,154611553,154243951645,58858,226458852,2024,2,0.8660254037844386,0.5000000000000001,0.0239797662930429,0.02291502884212,0.0234132595363328,36,1
2,台北市,2024-02,2024,0.0238940941237424,68.82,0.37,154611553,154243951645,7733,39691750,2024,2,0.8660254037844386,0.5000000000000001,0.0239797662930429,0.02291502884212,0.0234132595363328,37,1
2,台北市,2024-02,2024,0.0238940941237424,68.82,0.37,154611553,154243951645,185530,291437485,2024,2,0.8660254037844386,0.5000000000000001,0.0239797662930429,0.02291502884212,0.0234132595363328,37,0
2,台北市,2024-02,2024,0.0238940941237424,68.82,0.37,154611553,154243951645,2761,28458060,2024,2,0.8660254037844386,0.5000000000000001,0.0239797662930429,0.02291502884212,0.0234132595363328,38,1
2,台北市,2024-02,2024,0.0238940941237424,68.82,0.37,154611553,154243951645,1671,7738202,2024,2,0.8660254037844386,0.5000000000000001,0.0239797662930429,0.02291502884212,0.0234132595363328,38,0
2,台北市,2024-02,2024,0.0238940941237424,68.82,0.37,154611553,154243951645,1651,59383421,2024,2,0.8660254037844386,0.5000000000000001,0.0239797662930429,0.02291502884212,0.0234132595363328,39,0
2,台北市,2024-02,2024,0.0238940941237424,68.82,0.37,154611553,154243951645,8921,779885819,2024,2,0.8660254037844386,0.5000000000000001,0.0239797662930429,0.02291502884212,0.0234132595363328,39,1
2,台北市,2024-02,2024,0.0238940941237424,68.82,0.37,154611553,154243951645,1825,4911248,2024,2,0.8660254037844386,0.5000000000000001,0.0239797662930429,0.02291502884212,0.0234132595363328,40,0
2,台北市,2024-02,2024,0.0238940941237424,68.82,0.37,154611553,154243951645,5014,47299179,2024,2,0.8660254037844386,0.5000000000000001,0.0239797662930429,0.02291502884212,0.0234132595363328,40,1
2,台北市,2024-02,2024,0.0238940941237424,68.82,0.37,154611553,154243951645,205723,462962722,2024,2,0.8660254037844386,0.5000000000000001,0.0239797662930429,0.02291502884212,0.0234132595363328,41,1
2,台北市,2024-02,2024,0.0238940941237424,68.82,0.37,154611553,154243951645,4128241,7832594210,2024,2,0.8660254037844386,0.5000000000000001,0.0239797662930429,0.02291502884212,0.0234132595363328,41,0
2,台北市,2024-02,2024,0.0238940941237424,68.82,0.37,154611553,154243951645,11810,20256702,2024,2,0.8660254037844386,0.5000000000000001,0.0239797662930429,0.02291502884212,0.0234132595363328,43,0
2,台北市,2024-02,2024,0.0238940941237424,68.82,0.37,154611553,154243951645,1680,3998645,2024,2,0.8660254037844386,0.5000000000000001,0.0239797662930429,0.02291502884212,0.0234132595363328,43,1
2,台北市,2024-02,2024,0.0238940941237424,68.82,0.37,154611553,154243951645,2962606,20053328157,2024,2,0.8660254037844386,0.5000000000000001,0.0239797662930429,0.02291502884212,0.0234132595363328,44,1
2,台北市,2024-02,2024,0.0238940941237424,68.82,0.37,154611553,154243951645,5727841,7995393311,2024,2,0.8660254037844386,0.5000000000000001,0.0239797662930429,0.02291502884212,0.0234132595363328,44,0
2,台北市,2024-02,2024,0.0238940941237424,68.82,0.37,154611553,154243951645,25174,200409475,2024,2,0.8660254037844386,0.5000000000000001,0.0239797662930429,0.02291502884212,0.0234132595363328,46,0
2,台北市,2024-02,2024,0.0238940941237424,68.82,0.37,154611553,154243951645,29257,221162830,2024,2,0.8660254037844386,0.5000000000000001,0.0239797662930429,0.02291502884212,0.0234132595363328,46,1
2,台北市,2024-02,2024,0.0238940941237424,68.82,0.37,154611553,154243951645,1278,28883474,2024,2,0.8660254037844386,0.5000000000000001,0.0239797662930429,0.02291502884212,0.0234132595363328,48,1
2,台北市,2024-02,2024,0.0238940941237424,68.82,0.37,154611553,154243951645,815,2681680,2024,2,0.8660254037844386,0.5000000000000001,0.0239797662930429,0.02291502884212,0.0234132595363328,48,0
2,台北市,2024-02,2024,0.0238940941237424,68.82,0.37,154611553,154243951645,117692,431400159,2024,2,0.8660254037844386,0.5000000000000001,0.0239797662930429,0.02291502884212,0.0234132595363328,50,0
2,台北市,2024-02,2024,0.0238940941237424,68.82,0.37,154611553,154243951645,60846,374996078,2024,2,0.8660254037844386,0.5000000000000001,0.0239797662930429,0.02291502884212,0.0234132595363328,50,1
2,台北市,2024-02,2024,0.0238940941237424,68.82,0.37,154611553,154243951645,2,1398,2024,2,0.8660254037844386,0.5000000000000001,0.0239797662930429,0.02291502884212,0.0234132595363328,51,0
2,台北市,2024-02,2024,0.0238940941237424,68.82,0.37,154611553,154243951645,26676,9969422,2024,2,0.8660254037844386,0.5000000000000001,0.0239797662930429,0.02291502884212,0.0234132595363328,52,0
2,台北市,2024-02,2024,0.0238940941237424,68.82,0.37,154611553,154243951645,26547,414772948,2024,2,0.8660254037844386,0.5000000000000001,0.0239797662930429,0.02291502884212,0.0234132595363328,52,1
2,台北市,2024-02,2024,0.0238940941237424,68.82,0.37,154611553,154243951645,2842,12113384,2024,2,0.8660254037844386,0.5000000000000001,0.0239797662930429,0.02291502884212,0.0234132595363328,53,1
2,台北市,2024-02,2024,0.0238940941237424,68.82,0.37,154611553,154243951645,6,9000,2024,2,0.8660254037844386,0.5000000000000001,0.0239797662930429,0.02291502884212,0.0234132595363328,53,0
2,台北市,2024-02,2024,0.0238940941237424,68.82,0.37,154611553,154243951645,1127,2307142724,2024,2,0.8660254037844386,0.5000000000000001,0.0239797662930429,0.02291502884212,0.0234132595363328,54,1
2,台北市,2024-02,2024,0.0238940941237424,68.82,0.37,154611553,154243951645,376,1437680,2024,2,0.8660254037844386,0.5000000000000001,0.0239797662930429,0.02291502884212,0.0234132595363328,54,0
2,台北市,2024-02,2024,0.0238940941237424,68.82,0.37,154611553,154243951645,85,62468262,2024,2,0.8660254037844386,0.5000000000000001,0.0239797662930429,0.02291502884212,0.0234132595363328,56,1
2,台北市,2024-02,2024,0.0238940941237424,68.82,0.37,154611553,154243951645,27,15456293,2024,2,0.8660254037844386,0.5000000000000001,0.0239797662930429,0.02291502884212,0.0234132595363328,56,0
2,台北市,2024-02,2024,0.0238940941237424,68.82,0.37,154611553,154243951645,50,48193986,2024,2,0.8660254037844386,0.5000000000000001,0.0239797662930429,0.02291502884212,0.0234132595363328,57,1
2,台北市,2024-02,2024,0.0238940941237424,68.82,0.37,154611553,154243951645,2109,40025804,2024,2,0.8660254037844386,0.5000000000000001,0.0239797662930429,0.02291502884212,0.0234132595363328,58,1
2,台北市,2024-02,2024,0.0238940941237424,68.82,0.37,154611553,154243951645,2365,486177,2024,2,0.8660254037844386,0.5000000000000001,0.0239797662930429,0.02291502884212,0.0234132595363328,58,0
2,台北市,2024-02,2024,0.0238940941237424,68.82,0.37,154611553,154243951645,94,5429418,2024,2,0.8660254037844386,0.5000000000000001,0.0239797662930429,0.02291502884212,0.0234132595363328,59,1
2,台北市,2024-02,2024,0.0238940941237424,68.82,0.37,154611553,154243951645,643,1219747,2024,2,0.8660254037844386,0.5000000000000001,0.0239797662930429,0.02291502884212,0.0234132595363328,59,0
2,台北市,2024-02,2024,0.0238940941237424,68.82,0.37,154611553,154243951645,611747,259753695,2024,2,0.8660254037844386,0.5000000000000001,0.0239797662930429,0.02291502884212,0.0234132595363328,60,0
2,台北市,2024-02,2024,0.0238940941237424,68.82,0.37,154611553,154243951645,9,268092,2024,2,0.8660254037844386,0.5000000000000001,0.0239797662930429,0.02291502884212,0.0234132595363328,60,1
2,台北市,2024-02,2024,0.0238940941237424,68.82,0.37,154611553,154243951645,338,2011832,2024,2,0.8660254037844386,0.5000000000000001,0.0239797662930429,0.02291502884212,0.0234132595363328,61,0
2,台北市,2024-02,2024,0.0238940941237424,68.82,0.37,154611553,154243951645,1243,6322387,2024,2,0.8660254037844386,0.5000000000000001,0.0239797662930429,0.02291502884212,0.0234132595363328,61,1
2,台北市,2024-02,2024,0.0238940941237424,68.82,0.37,154611553,154243951645,12,18900,2024,2,0.8660254037844386,0.5000000000000001,0.0239797662930429,0.02291502884212,0.0234132595363328,62,1
2,台北市,2024-02,2024,0.0238940941237424,68.82,0.37,154611553,154243951645,54275,18792454,2024,2,0.8660254037844386,0.5000000000000001,0.0239797662930429,0.02291502884212,0.0234132595363328,63,0
2,台北市,2024-02,2024,0.0238940941237424,68.82,0.37,154611553,154243951645,80169,38326644,2024,2,0.8660254037844386,0.5000000000000001,0.0239797662930429,0.02291502884212,0.0234132595363328,63,1
2,台北市,2024-02,2024,0.0238940941237424,68.82,0.37,154611553,154243951645,1528,5395686,2024,2,0.8660254037844386,0.5000000000000001,0.0239797662930429,0.02291502884212,0.0234132595363328,66,0
2,台北市,2024-02,2024,0.0238940941237424,68.82,0.37,154611553,154243951645,228,35689276,2024,2,0.8660254037844386,0.5000000000000001,0.0239797662930429,0.02291502884212,0.0234132595363328,66,1
2,台北市,2024-02,2024,0.0238940941237424,68.82,0.37,154611553,154243951645,199280,4004202153,2024,2,0.8660254037844386,0.5000000000000001,0.0239797662930429,0.02291502884212,0.0234132595363328,67,1
2,台北市,2024-02,2024,0.0238940941237424,68.82,0.37,154611553,154243951645,910909,630297749,2024,2,0.8660254037844386,0.5000000000000001,0.0239797662930429,0.02291502884212,0.0234132595363328,67,0
2,台北市,2024-02,2024,0.0238940941237424,68.82,0.37,154611553,154243951645,2709,5574889,2024,2,0.8660254037844386,0.5000000000000001,0.0239797662930429,0.02291502884212,0.0234132595363328,68,0
2,台北市,2024-02,2024,0.0238940941237424,68.82,0.37,154611553,154243951645,372,1687374,2024,2,0.8660254037844386,0.5000000000000001,0.0239797662930429,0.02291502884212,0.0234132595363328,68,1
2,台北市,2024-02,2024,0.0238940941237424,68.82,0.37,154611553,154243951645,1153,191324504,2024,2,0.8660254037844386,0.5000000000000001,0.0239797662930429,0.02291502884212,0.0234132595363328,69,1
2,台北市,2024-02,2024,0.0238940941237424,68.82,0.37,154611553,154243951645,1174,3191251,2024,2,0.8660254037844386,0.5000000000000001,0.0239797662930429,0.02291502884212,0.0234132595363328,69,0
2,台北市,2024-02,2024,0.0238940941237424,68.82,0.37,154611553,154243951645,14729,17426236,2024,2,0.8660254037844386,0.5000000000000001,0.0239797662930429,0.02291502884212,0.0234132595363328,70,1
2,台北市,2024-02,2024,0.0238940941237424,68.82,0.37,154611553,154243951645,4102,7370511,2024,2,0.8660254037844386,0.5000000000000001,0.0239797662930429,0.02291502884212,0.0234132595363328,70,0
2,台北市,2024-02,2024,0.0238940941237424,68.82,0.37,154611553,154243951645,10,25600,2024,2,0.8660254037844386,0.5000000000000001,0.0239797662930429,0.02291502884212,0.0234132595363328,71,1
2,台北市,2024-02,2024,0.0238940941237424,68.82,0.37,154611553,154243951645,11391,207696766,2024,2,0.8660254037844386,0.5000000000000001,0.0239797662930429,0.02291502884212,0.0234132595363328,72,1
2,台北市,2024-02,2024,0.0238940941237424,68.82,0.37,154611553,154243951645,14,22003075,2024,2,0.8660254037844386,0.5000000000000001,0.0239797662930429,0.02291502884212,0.0234132595363328,72,0
2,台北市,2024-02,2024,0.0238940941237424,68.82,0.37,154611553,154243951645,24773,30289262,2024,2,0.8660254037844386,0.5000000000000001,0.0239797662930429,0.02291502884212,0.0234132595363328,73,0
2,台北市,2024-02,2024,0.0238940941237424,68.82,0.37,154611553,154243951645,28297,78603961,2024,2,0.8660254037844386,0.5000000000000001,0.0239797662930429,0.02291502884212,0.0234132595363328,73,1
2,台北市,2024-02,2024,0.0238940941237424,68.82,0.37,154611553,154243951645,764840,538010302,2024,2,0.8660254037844386,0.5000000000000001,0.0239797662930429,0.02291502884212,0.0234132595363328,75,0
2,台北市,2024-02,2024,0.0238940941237424,68.82,0.37,154611553,154243951645,158997,418477572,2024,2,0.8660254037844386,0.5000000000000001,0.0239797662930429,0.02291502884212,0.0234132595363328,75,1
2,台北市,2024-02,2024,0.0238940941237424,68.82,0.37,154611553,154243951645,28486082,12952091183,2024,2,0.8660254037844386,0.5000000000000001,0.0239797662930429,0.02291502884212,0.0234132595363328,77,0
2,台北市,2024-02,2024,0.0238940941237424,68.82,0.37,154611553,154243951645,321975,565133719,2024,2,0.8660254037844386,0.5000000000000001,0.0239797662930429,0.02291502884212,0.0234132595363328,77,1
2,台北市,2024-02,2024,0.0238940941237424,68.82,0.37,154611553,154243951645,1591,93474184,2024,2,0.8660254037844386,0.5000000000000001,0.0239797662930429,0.02291502884212,0.0234132595363328,78,1
2,台北市,2024-02,2024,0.0238940941237424,68.82,0.37,154611553,154243951645,8294,13648585,2024,2,0.8660254037844386,0.5000000000000001,0.0239797662930429,0.02291502884212,0.0234132595363328,78,0
2,台北市,2024-02,2024,0.0238940941237424,68.82,0.37,154611553,154243951645,216169,314514545,2024,2,0.8660254037844386,0.5000000000000001,0.0239797662930429,0.02291502884212,0.0234132595363328,79,1
2,台北市,2024-02,2024,0.0238940941237424,68.82,0.37,154611553,154243951645,298670,375044728,2024,2,0.8660254037844386,0.5000000000000001,0.0239797662930429,0.02291502884212,0.0234132595363328,79,0
2,台北市,2024-02,2024,0.0238940941237424,68.82,0.37,154611553,154243951645,1743979,323317801,2024,2,0.8660254037844386,0.5000000000000001,0.0239797662930429,0.02291502884212,0.0234132595363328,80,0
2,台北市,2024-02,2024,0.0238940941237424,68.82,0.37,154611553,154243951645,1808423,3483790565,2024,2,0.8660254037844386,0.5000000000000001,0.0239797662930429,0.02291502884212,0.0234132595363328,80,1
2,台北市,2024-02,2024,0.0238940941237424,68.82,0.37,154611553,154243951645,3664,1868836,2024,2,0.8660254037844386,0.5000000000000001,0.0239797662930429,0.02291502884212,0.0234132595363328,81,0
2,台北市,2024-02,2024,0.0238940941237424,68.82,0.37,154611553,154243951645,6293,4903665,2024,2,0.8660254037844386,0.5000000000000001,0.0239797662930429,0.02291502884212,0.0234132595363328,81,1
2,台北市,2024-02,2024,0.0238940941237424,68.82,0.37,154611553,154243951645,10184,46966059,2024,2,0.8660254037844386,0.5000000000000001,0.0239797662930429,0.02291502884212,0.0234132595363328,83,0
2,台北市,2024-02,2024,0.0238940941237424,68.82,0.37,154611553,154243951645,7743,42874458,2024,2,0.8660254037844386,0.5000000000000001,0.0239797662930429,0.02291502884212,0.0234132595363328,83,1
2,台北市,2024-02,2024,0.0238940941237424,68.82,0.37,154611553,154243951645,322,191533447,2024,2,0.8660254037844386,0.5000000000000001,0.0239797662930429,0.02291502884212,0.0234132595363328,84,1
2,台北市,2024-02,2024,0.0238940941237424,68.82,0.37,154611553,154243951645,26,160868,2024,2,0.8660254037844386,0.5000000000000001,0.0239797662930429,0.02291502884212,0.0234132595363328,84,0
2,台北市,2024-02,2024,0.0238940941237424,68.82,0.37,154611553,154243951645,49293,115017638,2024,2,0.8660254037844386,0.5000000000000001,0.0239797662930429,0.02291502884212,0.0234132595363328,86,0
2,台北市,2024-02,2024,0.0238940941237424,68.82,0.37,154611553,154243951645,19562,1391090248,2024,2,0.8660254037844386,0.5000000000000001,0.0239797662930429,0.02291502884212,0.0234132595363328,86,1
2,台北市,2024-02,2024,0.0238940941237424,68.82,0.37,154611553,154243951645,205327,215930097,2024,2,0.8660254037844386,0.5000000000000001,0.0239797662930429,0.02291502884212,0.0234132595363328,87,0
2,台北市,2024-02,2024,0.0238940941237424,68.82,0.37,154611553,154243951645,125847,90175167,2024,2,0.8660254037844386,0.5000000000000001,0.0239797662930429,0.02291502884212,0.0234132595363328,87,1
2,台北市,2024-02,2024,0.0238940941237424,68.82,0.37,154611553,154243951645,26520834,20363916019,2024,2,0.8660254037844386,0.5000000000000001,0.0239797662930429,0.02291502884212,0.0234132595363328,88,1
2,台北市,2024-02,2024,0.0238940941237424,68.82,0.37,154611553,154243951645,40768764,24526399202,2024,2,0.8660254037844386,0.5000000000000001,0.0239797662930429,0.02291502884212,0.0234132595363328,88,0
2,台北市,2024-02,2024,0.0238940941237424,68.82,0.37,154611553,154243951645,95709,409664507,2024,2,0.8660254037844386,0.5000000000000001,0.0239797662930429,0.02291502884212,0.0234132595363328,89,1
2,台北市,2024-02,2024,0.0238940941237424,68.82,0.37,154611553,154243951645,14313210,10491207408,2024,2,0.8660254037844386,0.5000000000000001,0.0239797662930429,0.02291502884212,0.0234132595363328,89,0
2,台北市,2024-02,2024,0.0238940941237424,68.82,0.37,154611553,154243951645,712986,1113635223,2024,2,0.8660254037844386,0.5000000000000001,0.0239797662930429,0.02291502884212,0.0234132595363328,90,0
2,台北市,2024-02,2024,0.0238940941237424,68.82,0.37,154611553,154243951645,14187,22913248,2024,2,0.8660254037844386,0.5000000000000001,0.0239797662930429,0.02291502884212,0.0234132595363328,90,1
2,台北市,2024-02,2024,0.0238940941237424,68.82,0.37,154611553,154243951645,12424,17775800,2024,2,0.8660254037844386,0.5000000000000001,0.0239797662930429,0.02291502884212,0.0234132595363328,91,0
2,台北市,2024-02,2024,0.0238940941237424,68.82,0.37,154611553,154243951645,3468,456077534,2024,2,0.8660254037844386,0.5000000000000001,0.0239797662930429,0.02291502884212,0.0234132595363328,91,1
2,台北市,2024-02,2024,0.0238940941237424,68.82,0.37,154611553,154243951645,894,140667372,2024,2,0.8660254037844386,0.5000000000000001,0.0239797662930429,0.02291502884212,0.0234132595363328,93,1
2,台北市,2024-02,2024,0.0238940941237424,68.82,0.37,154611553,154243951645,256,1002936,2024,2,0.8660254037844386,0.5000000000000001,0.0239797662930429,0.02291502884212,0.0234132595363328,93,0
2,台北市,2024-02,2024,0.0238940941237424,68.82,0.37,154611553,154243951645,3826,396690221,2024,2,0.8660254037844386,0.5000000000000001,0.0239797662930429,0.02291502884212,0.0234132595363328,94,1
2,台北市,2024-02,2024,0.0238940941237424,68.82,0.37,154611553,154243951645,32229,69223368,2024,2,0.8660254037844386,0.5000000000000001,0.0239797662930429,0.02291502884212,0.0234132595363328,94,0
2,台北市,2024-02,2024,0.0238940941237424,68.82,0.37,154611553,154243951645,84504,375791089,2024,2,0.8660254037844386,0.5000000000000001,0.0239797662930429,0.02291502884212,0.0234132595363328,95,1
2,台北市,2024-02,2024,0.0238940941237424,68.82,0.37,154611553,154243951645,1483364,440723591,2024,2,0.8660254037844386,0.5000000000000001,0.0239797662930429,0.02291502884212,0.0234132595363328,95,0
2,台北市,2024-02,2024,0.0238940941237424,68.82,0.37,154611553,154243951645,5169,339138854,2024,2,0.8660254037844386,0.5000000000000001,0.0239797662930429,0.02291502884212,0.0234132595363328,97,1
2,台北市,2024-02,2024,0.0238940941237424,68.82,0.37,154611553,154243951645,135,661724,2024,2,0.8660254037844386,0.5000000000000001,0.0239797662930429,0.02291502884212,0.0234132595363328,97,0
2,台北市,2024-02,2024,0.0238940941237424,68.82,0.37,154611553,154243951645,463460,401260394,2024,2,0.8660254037844386,0.5000000000000001,0.0239797662930429,0.02291502884212,0.0234132595363328,98,1
2,台北市,2024-02,2024,0.0238940941237424,68.82,0.37,154611553,154243951645,363180,170803154,2024,2,0.8660254037844386,0.5000000000000001,0.0239797662930429,0.02291502884212,0.0234132595363328,98,0
2,台北市,2024-02,2024,0.0238940941237424,68.82,0.37,154611553,154243951645,7437,1325136,2024,2,0.8660254037844386,0.5000000000000001,0.0239797662930429,0.02291502884212,0.0234132595363328,100,0
2,台北市,2024-02,2024,0.0238940941237424,68.82,0.37,154611553,154243951645,7622,5998866,2024,2,0.8660254037844386,0.5000000000000001,0.0239797662930429,0.02291502884212,0.0234132595363328,100,1
2,台北市,2024-02,2024,0.0238940941237424,68.82,0.37,154611553,154243951645,8902846,4515031957,2024,2,0.8660254037844386,0.5000000000000001,0.0239797662930429,0.02291502884212,0.0234132595363328,101,1
2,台北市,2024-02,2024,0.0238940941237424,68.82,0.37,154611553,154243951645,8111575,3164454367,2024,2,0.8660254037844386,0.5000000000000001,0.0239797662930429,0.02291502884212,0.0234132595363328,101,0
2,台北市,2024-03,2024,0.023639623180607,68.82,0.37,175684907,186381026722,56716,257187814,2024,3,1.0,6.123233995736766e-17,0.0238940941237424,0.0239797662930429,0.02291502884212,0,0
2,台北市,2024-03,2024,0.023639623180607,68.82,0.37,175684907,186381026722,114724,6332647996,2024,3,1.0,6.123233995736766e-17,0.0238940941237424,0.0239797662930429,0.02291502884212,0,1
2,台北市,2024-03,2024,0.023639623180607,68.82,0.37,175684907,186381026722,574303,11284130331,2024,3,1.0,6.123233995736766e-17,0.0238940941237424,0.0239797662930429,0.02291502884212,1,1
2,台北市,2024-03,2024,0.023639623180607,68.82,0.37,175684907,186381026722,547132,643163624,2024,3,1.0,6.123233995736766e-17,0.0238940941237424,0.0239797662930429,0.02291502884212,1,0
2,台北市,2024-03,2024,0.023639623180607,68.82,0.37,175684907,186381026722,49572,25858596,2024,3,1.0,6.123233995736766e-17,0.0238940941237424,0.0239797662930429,0.02291502884212,2,0
2,台北市,2024-03,2024,0.023639623180607,68.82,0.37,175684907,186381026722,346317,198169016,2024,3,1.0,6.123233995736766e-17,0.0238940941237424,0.0239797662930429,0.02291502884212,2,1
2,台北市,2024-03,2024,0.023639623180607,68.82,0.37,175684907,186381026722,91876,418634055,2024,3,1.0,6.123233995736766e-17,0.0238940941237424,0.0239797662930429,0.02291502884212,3,1
2,台北市,2024-03,2024,0.023639623180607,68.82,0.37,175684907,186381026722,124317,165245592,2024,3,1.0,6.123233995736766e-17,0.0238940941237424,0.0239797662930429,0.02291502884212,3,0
2,台北市,2024-03,2024,0.023639623180607,68.82,0.37,175684907,186381026722,282754,1992405261,2024,3,1.0,6.123233995736766e-17,0.0238940941237424,0.0239797662930429,0.02291502884212,5,1
2,台北市,2024-03,2024,0.023639623180607,68.82,0.37,175684907,186381026722,57099,143933479,2024,3,1.0,6.123233995736766e-17,0.0238940941237424,0.0239797662930429,0.02291502884212,5,0
2,台北市,2024-03,2024,0.023639623180607,68.82,0.37,175684907,186381026722,1811,12653500,2024,3,1.0,6.123233995736766e-17,0.0238940941237424,0.0239797662930429,0.02291502884212,6,0
2,台北市,2024-03,2024,0.023639623180607,68.82,0.37,175684907,186381026722,1322,60841070,2024,3,1.0,6.123233995736766e-17,0.0238940941237424,0.0239797662930429,0.02291502884212,6,1
2,台北市,2024-03,2024,0.023639623180607,68.82,0.37,175684907,186381026722,8865,466883089,2024,3,1.0,6.123233995736766e-17,0.0238940941237424,0.0239797662930429,0.02291502884212,7,1
2,台北市,2024-03,2024,0.023639623180607,68.82,0.37,175684907,186381026722,10243,13688113,2024,3,1.0,6.123233995736766e-17,0.0238940941237424,0.0239797662930429,0.02291502884212,7,0
2,台北市,2024-03,2024,0.023639623180607,68.82,0.37,175684907,186381026722,3395,12639229,2024,3,1.0,6.123233995736766e-17,0.0238940941237424,0.0239797662930429,0.02291502884212,8,0
2,台北市,2024-03,2024,0.023639623180607,68.82,0.37,175684907,186381026722,8045,37330644,2024,3,1.0,6.123233995736766e-17,0.0238940941237424,0.0239797662930429,0.02291502884212,8,1
2,台北市,2024-03,2024,0.023639623180607,68.82,0.37,175684907,186381026722,10908,37605163,2024,3,1.0,6.123233995736766e-17,0.0238940941237424,0.0239797662930429,0.02291502884212,9,0
2,台北市,2024-03,2024,0.023639623180607,68.82,0.37,175684907,186381026722,20735,592440360,2024,3,1.0,6.123233995736766e-17,0.0238940941237424,0.0239797662930429,0.02291502884212,9,1
2,台北市,2024-03,2024,0.023639623180607,68.82,0.37,175684907,186381026722,4242,11820137,2024,3,1.0,6.123233995736766e-17,0.0238940941237424,0.0239797662930429,0.02291502884212,12,0
2,台北市,2024-03,2024,0.023639623180607,68.82,0.37,175684907,186381026722,9880,344597410,2024,3,1.0,6.123233995736766e-17,0.0238940941237424,0.0239797662930429,0.02291502884212,12,1
2,台北市,2024-03,2024,0.023639623180607,68.82,0.37,175684907,186381026722,26460,50037802,2024,3,1.0,6.123233995736766e-17,0.0238940941237424,0.0239797662930429,0.02291502884212,13,0
2,台北市,2024-03,2024,0.023639623180607,68.82,0.37,175684907,186381026722,8169,76196219,2024,3,1.0,6.123233995736766e-17,0.0238940941237424,0.0239797662930429,0.02291502884212,13,1
2,台北市,2024-03,2024,0.023639623180607,68.82,0.37,175684907,186381026722,9789,10367444,2024,3,1.0,6.123233995736766e-17,0.0238940941237424,0.0239797662930429,0.02291502884212,14,1
2,台北市,2024-03,2024,0.023639623180607,68.82,0.37,175684907,186381026722,2952,981407,2024,3,1.0,6.123233995736766e-17,0.0238940941237424,0.0239797662930429,0.02291502884212,14,0
2,台北市,2024-03,2024,0.023639623180607,68.82,0.37,175684907,186381026722,3732,66565507,2024,3,1.0,6.123233995736766e-17,0.0238940941237424,0.0239797662930429,0.02291502884212,15,0
2,台北市,2024-03,2024,0.023639623180607,68.82,0.37,175684907,186381026722,1122,8605531,2024,3,1.0,6.123233995736766e-17,0.0238940941237424,0.0239797662930429,0.02291502884212,15,1
2,台北市,2024-03,2024,0.023639623180607,68.82,0.37,175684907,186381026722,960,1368698,2024,3,1.0,6.123233995736766e-17,0.0238940941237424,0.0239797662930429,0.02291502884212,16,0
2,台北市,2024-03,2024,0.023639623180607,68.82,0.37,175684907,186381026722,847,81042437,2024,3,1.0,6.123233995736766e-17,0.0238940941237424,0.0239797662930429,0.02291502884212,16,1
2,台北市,2024-03,2024,0.023639623180607,68.82,0.37,175684907,186381026722,125095,179775399,2024,3,1.0,6.123233995736766e-17,0.0238940941237424,0.0239797662930429,0.02291502884212,17,0
2,台北市,2024-03,2024,0.023639623180607,68.82,0.37,175684907,186381026722,48364,114764559,2024,3,1.0,6.123233995736766e-17,0.0238940941237424,0.0239797662930429,0.02291502884212,17,1
2,台北市,2024-03,2024,0.023639623180607,68.82,0.37,175684907,186381026722,73088,51635947,2024,3,1.0,6.123233995736766e-17,0.0238940941237424,0.0239797662930429,0.02291502884212,18,0
2,台北市,2024-03,2024,0.023639623180607,68.82,0.37,175684907,186381026722,36978,26115550,2024,3,1.0,6.123233995736766e-17,0.0238940941237424,0.0239797662930429,0.02291502884212,18,1
2,台北市,2024-03,2024,0.023639623180607,68.82,0.37,175684907,186381026722,1010,1637063,2024,3,1.0,6.123233995736766e-17,0.0238940941237424,0.0239797662930429,0.02291502884212,19,0
2,台北市,2024-03,2024,0.023639623180607,68.82,0.37,175684907,186381026722,412,412947345,2024,3,1.0,6.123233995736766e-17,0.0238940941237424,0.0239797662930429,0.02291502884212,19,1
2,台北市,2024-03,2024,0.023639623180607,68.82,0.37,175684907,186381026722,30,105050,2024,3,1.0,6.123233995736766e-17,0.0238940941237424,0.0239797662930429,0.02291502884212,20,0
2,台北市,2024-03,2024,0.023639623180607,68.82,0.37,175684907,186381026722,2,435684241,2024,3,1.0,6.123233995736766e-17,0.0238940941237424,0.0239797662930429,0.02291502884212,20,1
2,台北市,2024-03,2024,0.023639623180607,68.82,0.37,175684907,186381026722,5697,30550080,2024,3,1.0,6.123233995736766e-17,0.0238940941237424,0.0239797662930429,0.02291502884212,21,1
2,台北市,2024-03,2024,0.023639623180607,68.82,0.37,175684907,186381026722,8435,26287282,2024,3,1.0,6.123233995736766e-17,0.0238940941237424,0.0239797662930429,0.02291502884212,21,0
2,台北市,2024-03,2024,0.023639623180607,68.82,0.37,175684907,186381026722,3012,600629,2024,3,1.0,6.123233995736766e-17,0.0238940941237424,0.0239797662930429,0.02291502884212,22,0
2,台北市,2024-03,2024,0.023639623180607,68.82,0.37,175684907,186381026722,6744,1567940,2024,3,1.0,6.123233995736766e-17,0.0238940941237424,0.0239797662930429,0.02291502884212,22,1
2,台北市,2024-03,2024,0.023639623180607,68.82,0.37,175684907,186381026722,162,205102,2024,3,1.0,6.123233995736766e-17,0.0238940941237424,0.0239797662930429,0.02291502884212,23,0
2,台北市,2024-03,2024,0.023639623180607,68.82,0.37,175684907,186381026722,1911,261910189,2024,3,1.0,6.123233995736766e-17,0.0238940941237424,0.0239797662930429,0.02291502884212,23,1
2,台北市,2024-03,2024,0.023639623180607,68.82,0.37,175684907,186381026722,121,223317317,2024,3,1.0,6.123233995736766e-17,0.0238940941237424,0.0239797662930429,0.02291502884212,24,1
2,台北市,2024-03,2024,0.023639623180607,68.82,0.37,175684907,186381026722,594,264749690,2024,3,1.0,6.123233995736766e-17,0.0238940941237424,0.0239797662930429,0.02291502884212,25,1
2,台北市,2024-03,2024,0.023639623180607,68.82,0.37,175684907,186381026722,234,406064,2024,3,1.0,6.123233995736766e-17,0.0238940941237424,0.0239797662930429,0.02291502884212,25,0
2,台北市,2024-03,2024,0.023639623180607,68.82,0.37,175684907,186381026722,5440,70278737,2024,3,1.0,6.123233995736766e-17,0.0238940941237424,0.0239797662930429,0.02291502884212,26,1
2,台北市,2024-03,2024,0.023639623180607,68.82,0.37,175684907,186381026722,39110,7471492,2024,3,1.0,6.123233995736766e-17,0.0238940941237424,0.0239797662930429,0.02291502884212,26,0
2,台北市,2024-03,2024,0.023639623180607,68.82,0.37,175684907,186381026722,36,236662,2024,3,1.0,6.123233995736766e-17,0.0238940941237424,0.0239797662930429,0.02291502884212,27,0
2,台北市,2024-03,2024,0.023639623180607,68.82,0.37,175684907,186381026722,58,1839980,2024,3,1.0,6.123233995736766e-17,0.0238940941237424,0.0239797662930429,0.02291502884212,27,1
2,台北市,2024-03,2024,0.023639623180607,68.82,0.37,175684907,186381026722,24322,1085155460,2024,3,1.0,6.123233995736766e-17,0.0238940941237424,0.0239797662930429,0.02291502884212,28,1
2,台北市,2024-03,2024,0.023639623180607,68.82,0.37,175684907,186381026722,45706,113558199,2024,3,1.0,6.123233995736766e-17,0.0238940941237424,0.0239797662930429,0.02291502884212,28,0
2,台北市,2024-03,2024,0.023639623180607,68.82,0.37,175684907,186381026722,10417,59607913,2024,3,1.0,6.123233995736766e-17,0.0238940941237424,0.0239797662930429,0.02291502884212,30,1
2,台北市,2024-03,2024,0.023639623180607,68.82,0.37,175684907,186381026722,21311,72596026,2024,3,1.0,6.123233995736766e-17,0.0238940941237424,0.0239797662930429,0.02291502884212,30,0
2,台北市,2024-03,2024,0.023639623180607,68.82,0.37,175684907,186381026722,4,10462,2024,3,1.0,6.123233995736766e-17,0.0238940941237424,0.0239797662930429,0.02291502884212,31,0
2,台北市,2024-03,2024,0.023639623180607,68.82,0.37,175684907,186381026722,1287,1634964,2024,3,1.0,6.123233995736766e-17,0.0238940941237424,0.0239797662930429,0.02291502884212,31,1
2,台北市,2024-03,2024,0.023639623180607,68.82,0.37,175684907,186381026722,323,524607,2024,3,1.0,6.123233995736766e-17,0.0238940941237424,0.0239797662930429,0.02291502884212,33,0
2,台北市,2024-03,2024,0.023639623180607,68.82,0.37,175684907,186381026722,830,108831507,2024,3,1.0,6.123233995736766e-17,0.0238940941237424,0.0239797662930429,0.02291502884212,33,1
2,台北市,2024-03,2024,0.023639623180607,68.82,0.37,175684907,186381026722,3,14750,2024,3,1.0,6.123233995736766e-17,0.0238940941237424,0.0239797662930429,0.02291502884212,34,1
2,台北市,2024-03,2024,0.023639623180607,68.82,0.37,175684907,186381026722,31,114625,2024,3,1.0,6.123233995736766e-17,0.0238940941237424,0.0239797662930429,0.02291502884212,34,0
2,台北市,2024-03,2024,0.023639623180607,68.82,0.37,175684907,186381026722,58686,292275655,2024,3,1.0,6.123233995736766e-17,0.0238940941237424,0.0239797662930429,0.02291502884212,36,1
2,台北市,2024-03,2024,0.023639623180607,68.82,0.37,175684907,186381026722,136955,101346144,2024,3,1.0,6.123233995736766e-17,0.0238940941237424,0.0239797662930429,0.02291502884212,36,0
2,台北市,2024-03,2024,0.023639623180607,68.82,0.37,175684907,186381026722,185994,289759929,2024,3,1.0,6.123233995736766e-17,0.0238940941237424,0.0239797662930429,0.02291502884212,37,0
2,台北市,2024-03,2024,0.023639623180607,68.82,0.37,175684907,186381026722,10579,99128269,2024,3,1.0,6.123233995736766e-17,0.0238940941237424,0.0239797662930429,0.02291502884212,37,1
2,台北市,2024-03,2024,0.023639623180607,68.82,0.37,175684907,186381026722,2597,49102047,2024,3,1.0,6.123233995736766e-17,0.0238940941237424,0.0239797662930429,0.02291502884212,38,1
2,台北市,2024-03,2024,0.023639623180607,68.82,0.37,175684907,186381026722,1839,8718738,2024,3,1.0,6.123233995736766e-17,0.0238940941237424,0.0239797662930429,0.02291502884212,38,0
2,台北市,2024-03,2024,0.023639623180607,68.82,0.37,175684907,186381026722,2974,86066168,2024,3,1.0,6.123233995736766e-17,0.0238940941237424,0.0239797662930429,0.02291502884212,39,0
2,台北市,2024-03,2024,0.023639623180607,68.82,0.37,175684907,186381026722,18204,1187176584,2024,3,1.0,6.123233995736766e-17,0.0238940941237424,0.0239797662930429,0.02291502884212,39,1
2,台北市,2024-03,2024,0.023639623180607,68.82,0.37,175684907,186381026722,5971,44654389,2024,3,1.0,6.123233995736766e-17,0.0238940941237424,0.0239797662930429,0.02291502884212,40,1
2,台北市,2024-03,2024,0.023639623180607,68.82,0.37,175684907,186381026722,2103,4739648,2024,3,1.0,6.123233995736766e-17,0.0238940941237424,0.0239797662930429,0.02291502884212,40,0
2,台北市,2024-03,2024,0.023639623180607,68.82,0.37,175684907,186381026722,251545,585725676,2024,3,1.0,6.123233995736766e-17,0.0238940941237424,0.0239797662930429,0.02291502884212,41,1
2,台北市,2024-03,2024,0.023639623180607,68.82,0.37,175684907,186381026722,4723597,8455749969,2024,3,1.0,6.123233995736766e-17,0.0238940941237424,0.0239797662930429,0.02291502884212,41,0
2,台北市,2024-03,2024,0.023639623180607,68.82,0.37,175684907,186381026722,1812,4443908,2024,3,1.0,6.123233995736766e-17,0.0238940941237424,0.0239797662930429,0.02291502884212,43,1
2,台北市,2024-03,2024,0.023639623180607,68.82,0.37,175684907,186381026722,10356,17464248,2024,3,1.0,6.123233995736766e-17,0.0238940941237424,0.0239797662930429,0.02291502884212,43,0
2,台北市,2024-03,2024,0.023639623180607,68.82,0.37,175684907,186381026722,3242108,27599771968,2024,3,1.0,6.123233995736766e-17,0.0238940941237424,0.0239797662930429,0.02291502884212,44,1
2,台北市,2024-03,2024,0.023639623180607,68.82,0.37,175684907,186381026722,6303751,9912857071,2024,3,1.0,6.123233995736766e-17,0.0238940941237424,0.0239797662930429,0.02291502884212,44,0
2,台北市,2024-03,2024,0.023639623180607,68.82,0.37,175684907,186381026722,41558,232995488,2024,3,1.0,6.123233995736766e-17,0.0238940941237424,0.0239797662930429,0.02291502884212,46,1
2,台北市,2024-03,2024,0.023639623180607,68.82,0.37,175684907,186381026722,41102,248224544,2024,3,1.0,6.123233995736766e-17,0.0238940941237424,0.0239797662930429,0.02291502884212,46,0
2,台北市,2024-03,2024,0.023639623180607,68.82,0.37,175684907,186381026722,1870,160910826,2024,3,1.0,6.123233995736766e-17,0.0238940941237424,0.0239797662930429,0.02291502884212,48,1
2,台北市,2024-03,2024,0.023639623180607,68.82,0.37,175684907,186381026722,748,1925387,2024,3,1.0,6.123233995736766e-17,0.0238940941237424,0.0239797662930429,0.02291502884212,48,0
2,台北市,2024-03,2024,0.023639623180607,68.82,0.37,175684907,186381026722,69348,469689321,2024,3,1.0,6.123233995736766e-17,0.0238940941237424,0.0239797662930429,0.02291502884212,50,1
2,台北市,2024-03,2024,0.023639623180607,68.82,0.37,175684907,186381026722,120938,404932746,2024,3,1.0,6.123233995736766e-17,0.0238940941237424,0.0239797662930429,0.02291502884212,50,0
2,台北市,2024-03,2024,0.023639623180607,68.82,0.37,175684907,186381026722,27891,395711044,2024,3,1.0,6.123233995736766e-17,0.0238940941237424,0.0239797662930429,0.02291502884212,52,1
2,台北市,2024-03,2024,0.023639623180607,68.82,0.37,175684907,186381026722,23916,8279053,2024,3,1.0,6.123233995736766e-17,0.0238940941237424,0.0239797662930429,0.02291502884212,52,0
2,台北市,2024-03,2024,0.023639623180607,68.82,0.37,175684907,186381026722,6,9000,2024,3,1.0,6.123233995736766e-17,0.0238940941237424,0.0239797662930429,0.02291502884212,53,0
2,台北市,2024-03,2024,0.023639623180607,68.82,0.37,175684907,186381026722,2883,23530666,2024,3,1.0,6.123233995736766e-17,0.0238940941237424,0.0239797662930429,0.02291502884212,53,1
2,台北市,2024-03,2024,0.023639623180607,68.82,0.37,175684907,186381026722,383,1481200,2024,3,1.0,6.123233995736766e-17,0.0238940941237424,0.0239797662930429,0.02291502884212,54,0
2,台北市,2024-03,2024,0.023639623180607,68.82,0.37,175684907,186381026722,1118,2266611317,2024,3,1.0,6.123233995736766e-17,0.0238940941237424,0.0239797662930429,0.02291502884212,54,1
2,台北市,2024-03,2024,0.023639623180607,68.82,0.37,175684907,186381026722,243,14190094,2024,3,1.0,6.123233995736766e-17,0.0238940941237424,0.0239797662930429,0.02291502884212,56,0
2,台北市,2024-03,2024,0.023639623180607,68.82,0.37,175684907,186381026722,125,77185563,2024,3,1.0,6.123233995736766e-17,0.0238940941237424,0.0239797662930429,0.02291502884212,56,1
2,台北市,2024-03,2024,0.023639623180607,68.82,0.37,175684907,186381026722,72,2189374,2024,3,1.0,6.123233995736766e-17,0.0238940941237424,0.0239797662930429,0.02291502884212,57,1
2,台北市,2024-03,2024,0.023639623180607,68.82,0.37,175684907,186381026722,2760,51461787,2024,3,1.0,6.123233995736766e-17,0.0238940941237424,0.0239797662930429,0.02291502884212,58,1
2,台北市,2024-03,2024,0.023639623180607,68.82,0.37,175684907,186381026722,3109,620651,2024,3,1.0,6.123233995736766e-17,0.0238940941237424,0.0239797662930429,0.02291502884212,58,0
2,台北市,2024-03,2024,0.023639623180607,68.82,0.37,175684907,186381026722,684,2275925,2024,3,1.0,6.123233995736766e-17,0.0238940941237424,0.0239797662930429,0.02291502884212,59,0
2,台北市,2024-03,2024,0.023639623180607,68.82,0.37,175684907,186381026722,89,10810472,2024,3,1.0,6.123233995736766e-17,0.0238940941237424,0.0239797662930429,0.02291502884212,59,1
2,台北市,2024-03,2024,0.023639623180607,68.82,0.37,175684907,186381026722,14,575347,2024,3,1.0,6.123233995736766e-17,0.0238940941237424,0.0239797662930429,0.02291502884212,60,1
2,台北市,2024-03,2024,0.023639623180607,68.82,0.37,175684907,186381026722,698414,301535689,2024,3,1.0,6.123233995736766e-17,0.0238940941237424,0.0239797662930429,0.02291502884212,60,0
2,台北市,2024-03,2024,0.023639623180607,68.82,0.37,175684907,186381026722,790,3165412,2024,3,1.0,6.123233995736766e-17,0.0238940941237424,0.0239797662930429,0.02291502884212,61,1
2,台北市,2024-03,2024,0.023639623180607,68.82,0.37,175684907,186381026722,296,1481339,2024,3,1.0,6.123233995736766e-17,0.0238940941237424,0.0239797662930429,0.02291502884212,61,0
2,台北市,2024-03,2024,0.023639623180607,68.82,0.37,175684907,186381026722,9,16200,2024,3,1.0,6.123233995736766e-17,0.0238940941237424,0.0239797662930429,0.02291502884212,62,1
2,台北市,2024-03,2024,0.023639623180607,68.82,0.37,175684907,186381026722,62744,20761010,2024,3,1.0,6.123233995736766e-17,0.0238940941237424,0.0239797662930429,0.02291502884212,63,0
2,台北市,2024-03,2024,0.023639623180607,68.82,0.37,175684907,186381026722,88188,41974350,2024,3,1.0,6.123233995736766e-17,0.0238940941237424,0.0239797662930429,0.02291502884212,63,1
2,台北市,2024-03,2024,0.023639623180607,68.82,0.37,175684907,186381026722,1035,57473118,2024,3,1.0,6.123233995736766e-17,0.0238940941237424,0.0239797662930429,0.02291502884212,66,1
2,台北市,2024-03,2024,0.023639623180607,68.82,0.37,175684907,186381026722,1127,2366360,2024,3,1.0,6.123233995736766e-17,0.0238940941237424,0.0239797662930429,0.02291502884212,66,0
2,台北市,2024-03,2024,0.023639623180607,68.82,0.37,175684907,186381026722,966284,671429711,2024,3,1.0,6.123233995736766e-17,0.0238940941237424,0.0239797662930429,0.02291502884212,67,0
2,台北市,2024-03,2024,0.023639623180607,68.82,0.37,175684907,186381026722,218862,6543390609,2024,3,1.0,6.123233995736766e-17,0.0238940941237424,0.0239797662930429,0.02291502884212,67,1
2,台北市,2024-03,2024,0.023639623180607,68.82,0.37,175684907,186381026722,402,1518824,2024,3,1.0,6.123233995736766e-17,0.0238940941237424,0.0239797662930429,0.02291502884212,68,1
2,台北市,2024-03,2024,0.023639623180607,68.82,0.37,175684907,186381026722,2916,15188483,2024,3,1.0,6.123233995736766e-17,0.0238940941237424,0.0239797662930429,0.02291502884212,68,0
2,台北市,2024-03,2024,0.023639623180607,68.82,0.37,175684907,186381026722,1273,3338124,2024,3,1.0,6.123233995736766e-17,0.0238940941237424,0.0239797662930429,0.02291502884212,69,0
2,台北市,2024-03,2024,0.023639623180607,68.82,0.37,175684907,186381026722,1630,233177784,2024,3,1.0,6.123233995736766e-17,0.0238940941237424,0.0239797662930429,0.02291502884212,69,1
2,台北市,2024-03,2024,0.023639623180607,68.82,0.37,175684907,186381026722,9152,72976396,2024,3,1.0,6.123233995736766e-17,0.0238940941237424,0.0239797662930429,0.02291502884212,70,1
2,台北市,2024-03,2024,0.023639623180607,68.82,0.37,175684907,186381026722,3013,5493862,2024,3,1.0,6.123233995736766e-17,0.0238940941237424,0.0239797662930429,0.02291502884212,70,0
2,台北市,2024-03,2024,0.023639623180607,68.82,0.37,175684907,186381026722,8,20480,2024,3,1.0,6.123233995736766e-17,0.0238940941237424,0.0239797662930429,0.02291502884212,71,1
2,台北市,2024-03,2024,0.023639623180607,68.82,0.37,175684907,186381026722,15222,231206218,2024,3,1.0,6.123233995736766e-17,0.0238940941237424,0.0239797662930429,0.02291502884212,72,1
2,台北市,2024-03,2024,0.023639623180607,68.82,0.37,175684907,186381026722,15,25582972,2024,3,1.0,6.123233995736766e-17,0.0238940941237424,0.0239797662930429,0.02291502884212,72,0
2,台北市,2024-03,2024,0.023639623180607,68.82,0.37,175684907,186381026722,38388,77835768,2024,3,1.0,6.123233995736766e-17,0.0238940941237424,0.0239797662930429,0.02291502884212,73,1
2,台北市,2024-03,2024,0.023639623180607,68.82,0.37,175684907,186381026722,26035,44479370,2024,3,1.0,6.123233995736766e-17,0.0238940941237424,0.0239797662930429,0.02291502884212,73,0
2,台北市,2024-03,2024,0.023639623180607,68.82,0.37,175684907,186381026722,220279,399608838,2024,3,1.0,6.123233995736766e-17,0.0238940941237424,0.0239797662930429,0.02291502884212,75,1
2,台北市,2024-03,2024,0.023639623180607,68.82,0.37,175684907,186381026722,961157,611068402,2024,3,1.0,6.123233995736766e-17,0.0238940941237424,0.0239797662930429,0.02291502884212,75,0
2,台北市,2024-03,2024,0.023639623180607,68.82,0.37,175684907,186381026722,32326748,14312526523,2024,3,1.0,6.123233995736766e-17,0.0238940941237424,0.0239797662930429,0.02291502884212,77,0
2,台北市,2024-03,2024,0.023639623180607,68.82,0.37,175684907,186381026722,338950,649785497,2024,3,1.0,6.123233995736766e-17,0.0238940941237424,0.0239797662930429,0.02291502884212,77,1
2,台北市,2024-03,2024,0.023639623180607,68.82,0.37,175684907,186381026722,1808,108130864,2024,3,1.0,6.123233995736766e-17,0.0238940941237424,0.0239797662930429,0.02291502884212,78,1
2,台北市,2024-03,2024,0.023639623180607,68.82,0.37,175684907,186381026722,9868,15626892,2024,3,1.0,6.123233995736766e-17,0.0238940941237424,0.0239797662930429,0.02291502884212,78,0
2,台北市,2024-03,2024,0.023639623180607,68.82,0.37,175684907,186381026722,338434,377360416,2024,3,1.0,6.123233995736766e-17,0.0238940941237424,0.0239797662930429,0.02291502884212,79,0
2,台北市,2024-03,2024,0.023639623180607,68.82,0.37,175684907,186381026722,235993,320739583,2024,3,1.0,6.123233995736766e-17,0.0238940941237424,0.0239797662930429,0.02291502884212,79,1
2,台北市,2024-03,2024,0.023639623180607,68.82,0.37,175684907,186381026722,2029953,388267912,2024,3,1.0,6.123233995736766e-17,0.0238940941237424,0.0239797662930429,0.02291502884212,80,0
2,台北市,2024-03,2024,0.023639623180607,68.82,0.37,175684907,186381026722,1927075,3552366034,2024,3,1.0,6.123233995736766e-17,0.0238940941237424,0.0239797662930429,0.02291502884212,80,1
2,台北市,2024-03,2024,0.023639623180607,68.82,0.37,175684907,186381026722,6469,4235724,2024,3,1.0,6.123233995736766e-17,0.0238940941237424,0.0239797662930429,0.02291502884212,81,1
2,台北市,2024-03,2024,0.023639623180607,68.82,0.37,175684907,186381026722,3472,2062349,2024,3,1.0,6.123233995736766e-17,0.0238940941237424,0.0239797662930429,0.02291502884212,81,0
2,台北市,2024-03,2024,0.023639623180607,68.82,0.37,175684907,186381026722,9382,49889766,2024,3,1.0,6.123233995736766e-17,0.0238940941237424,0.0239797662930429,0.02291502884212,83,1
2,台北市,2024-03,2024,0.023639623180607,68.82,0.37,175684907,186381026722,12948,65111347,2024,3,1.0,6.123233995736766e-17,0.0238940941237424,0.0239797662930429,0.02291502884212,83,0
2,台北市,2024-03,2024,0.023639623180607,68.82,0.37,175684907,186381026722,33,177150,2024,3,1.0,6.123233995736766e-17,0.0238940941237424,0.0239797662930429,0.02291502884212,84,0
2,台北市,2024-03,2024,0.023639623180607,68.82,0.37,175684907,186381026722,494,214692011,2024,3,1.0,6.123233995736766e-17,0.0238940941237424,0.0239797662930429,0.02291502884212,84,1
2,台北市,2024-03,2024,0.023639623180607,68.82,0.37,175684907,186381026722,62171,137221488,2024,3,1.0,6.123233995736766e-17,0.0238940941237424,0.0239797662930429,0.02291502884212,86,0
2,台北市,2024-03,2024,0.023639623180607,68.82,0.37,175684907,186381026722,25861,2381186635,2024,3,1.0,6.123233995736766e-17,0.0238940941237424,0.0239797662930429,0.02291502884212,86,1
2,台北市,2024-03,2024,0.023639623180607,68.82,0.37,175684907,186381026722,214882,237206985,2024,3,1.0,6.123233995736766e-17,0.0238940941237424,0.0239797662930429,0.02291502884212,87,0
2,台北市,2024-03,2024,0.023639623180607,68.82,0.37,175684907,186381026722,147520,101445314,2024,3,1.0,6.123233995736766e-17,0.0238940941237424,0.0239797662930429,0.02291502884212,87,1
2,台北市,2024-03,2024,0.023639623180607,68.82,0.37,175684907,186381026722,29269723,22993190406,2024,3,1.0,6.123233995736766e-17,0.0238940941237424,0.0239797662930429,0.02291502884212,88,1
2,台北市,2024-03,2024,0.023639623180607,68.82,0.37,175684907,186381026722,46809136,25428661303,2024,3,1.0,6.123233995736766e-17,0.0238940941237424,0.0239797662930429,0.02291502884212,88,0
2,台北市,2024-03,2024,0.023639623180607,68.82,0.37,175684907,186381026722,16897442,12389197382,2024,3,1.0,6.123233995736766e-17,0.0238940941237424,0.0239797662930429,0.02291502884212,89,0
2,台北市,2024-03,2024,0.023639623180607,68.82,0.37,175684907,186381026722,99045,447701244,2024,3,1.0,6.123233995736766e-17,0.0238940941237424,0.0239797662930429,0.02291502884212,89,1
2,台北市,2024-03,2024,0.023639623180607,68.82,0.37,175684907,186381026722,16083,21837863,2024,3,1.0,6.123233995736766e-17,0.0238940941237424,0.0239797662930429,0.02291502884212,90,1
2,台北市,2024-03,2024,0.023639623180607,68.82,0.37,175684907,186381026722,813150,1304532318,2024,3,1.0,6.123233995736766e-17,0.0238940941237424,0.0239797662930429,0.02291502884212,90,0
2,台北市,2024-03,2024,0.023639623180607,68.82,0.37,175684907,186381026722,3903,314007948,2024,3,1.0,6.123233995736766e-17,0.0238940941237424,0.0239797662930429,0.02291502884212,91,1
2,台北市,2024-03,2024,0.023639623180607,68.82,0.37,175684907,186381026722,15870,14762497,2024,3,1.0,6.123233995736766e-17,0.0238940941237424,0.0239797662930429,0.02291502884212,91,0
2,台北市,2024-03,2024,0.023639623180607,68.82,0.37,175684907,186381026722,277,1774780,2024,3,1.0,6.123233995736766e-17,0.0238940941237424,0.0239797662930429,0.02291502884212,93,0
2,台北市,2024-03,2024,0.023639623180607,68.82,0.37,175684907,186381026722,1029,347744127,2024,3,1.0,6.123233995736766e-17,0.0238940941237424,0.0239797662930429,0.02291502884212,93,1
2,台北市,2024-03,2024,0.023639623180607,68.82,0.37,175684907,186381026722,28304,63930149,2024,3,1.0,6.123233995736766e-17,0.0238940941237424,0.0239797662930429,0.02291502884212,94,0
2,台北市,2024-03,2024,0.023639623180607,68.82,0.37,175684907,186381026722,4442,662437271,2024,3,1.0,6.123233995736766e-17,0.0238940941237424,0.0239797662930429,0.02291502884212,94,1
2,台北市,2024-03,2024,0.023639623180607,68.82,0.37,175684907,186381026722,86372,370768064,2024,3,1.0,6.123233995736766e-17,0.0238940941237424,0.0239797662930429,0.02291502884212,95,1
2,台北市,2024-03,2024,0.023639623180607,68.82,0.37,175684907,186381026722,1418547,439798364,2024,3,1.0,6.123233995736766e-17,0.0238940941237424,0.0239797662930429,0.02291502884212,95,0
2,台北市,2024-03,2024,0.023639623180607,68.82,0.37,175684907,186381026722,4937,439778559,2024,3,1.0,6.123233995736766e-17,0.0238940941237424,0.0239797662930429,0.02291502884212,97,1
2,台北市,2024-03,2024,0.023639623180607,68.82,0.37,175684907,186381026722,157,814397,2024,3,1.0,6.123233995736766e-17,0.0238940941237424,0.0239797662930429,0.02291502884212,97,0
2,台北市,2024-03,2024,0.023639623180607,68.82,0.37,175684907,186381026722,454505,176350566,2024,3,1.0,6.123233995736766e-17,0.0238940941237424,0.0239797662930429,0.02291502884212,98,0
2,台北市,2024-03,2024,0.023639623180607,68.82,0.37,175684907,186381026722,555387,490365594,2024,3,1.0,6.123233995736766e-17,0.0238940941237424,0.0239797662930429,0.02291502884212,98,1
2,台北市,2024-03,2024,0.023639623180607,68.82,0.37,175684907,186381026722,8808,1557461,2024,3,1.0,6.123233995736766e-17,0.0238940941237424,0.0239797662930429,0.02291502884212,100,0
2,台北市,2024-03,2024,0.023639623180607,68.82,0.37,175684907,186381026722,8060,6325636,2024,3,1.0,6.123233995736766e-17,0.0238940941237424,0.0239797662930429,0.02291502884212,100,1
2,台北市,2024-03,2024,0.023639623180607,68.82,0.37,175684907,186381026722,10343243,4890458201,2024,3,1.0,6.123233995736766e-17,0.0238940941237424,0.0239797662930429,0.02291502884212,101,1
2,台北市,2024-03,2024,0.023639623180607,68.82,0.37,175684907,186381026722,9700205,3278146212,2024,3,1.0,6.123233995736766e-17,0.0238940941237424,0.0239797662930429,0.02291502884212,101,0
2,台北市,2024-04,2024,0.0232152372769777,70.69,0.28,169902851,179156878122,103773,5375557491,2024,4,0.8660254037844387,-0.49999999999999983,0.023639623180607,0.0238940941237424,0.0239797662930429,0,1
2,台北市,2024-04,2024,0.0232152372769777,70.69,0.28,169902851,179156878122,60619,216713006,2024,4,0.8660254037844387,-0.49999999999999983,0.023639623180607,0.0238940941237424,0.0239797662930429,0,0
2,台北市,2024-04,2024,0.0232152372769777,70.69,0.28,169902851,179156878122,551028,793245068,2024,4,0.8660254037844387,-0.49999999999999983,0.023639623180607,0.0238940941237424,0.0239797662930429,1,0
2,台北市,2024-04,2024,0.0232152372769777,70.69,0.28,169902851,179156878122,531001,16343999241,2024,4,0.8660254037844387,-0.49999999999999983,0.023639623180607,0.0238940941237424,0.0239797662930429,1,1
2,台北市,2024-04,2024,0.0232152372769777,70.69,0.28,169902851,179156878122,54814,29637020,2024,4,0.8660254037844387,-0.49999999999999983,0.023639623180607,0.0238940941237424,0.0239797662930429,2,0
2,台北市,2024-04,2024,0.0232152372769777,70.69,0.28,169902851,179156878122,340860,228858885,2024,4,0.8660254037844387,-0.49999999999999983,0.023639623180607,0.0238940941237424,0.0239797662930429,2,1
2,台北市,2024-04,2024,0.0232152372769777,70.69,0.28,169902851,179156878122,87413,477202943,2024,4,0.8660254037844387,-0.49999999999999983,0.023639623180607,0.0238940941237424,0.0239797662930429,3,1
2,台北市,2024-04,2024,0.0232152372769777,70.69,0.28,169902851,179156878122,129116,193572943,2024,4,0.8660254037844387,-0.49999999999999983,0.023639623180607,0.0238940941237424,0.0239797662930429,3,0
2,台北市,2024-04,2024,0.0232152372769777,70.69,0.28,169902851,179156878122,257056,1537790105,2024,4,0.8660254037844387,-0.49999999999999983,0.023639623180607,0.0238940941237424,0.0239797662930429,5,1
2,台北市,2024-04,2024,0.0232152372769777,70.69,0.28,169902851,179156878122,58435,152118637,2024,4,0.8660254037844387,-0.49999999999999983,0.023639623180607,0.0238940941237424,0.0239797662930429,5,0
2,台北市,2024-04,2024,0.0232152372769777,70.69,0.28,169902851,179156878122,1337,59965258,2024,4,0.8660254037844387,-0.49999999999999983,0.023639623180607,0.0238940941237424,0.0239797662930429,6,1
2,台北市,2024-04,2024,0.0232152372769777,70.69,0.28,169902851,179156878122,1940,14028369,2024,4,0.8660254037844387,-0.49999999999999983,0.023639623180607,0.0238940941237424,0.0239797662930429,6,0
2,台北市,2024-04,2024,0.0232152372769777,70.69,0.28,169902851,179156878122,12248,18080617,2024,4,0.8660254037844387,-0.49999999999999983,0.023639623180607,0.0238940941237424,0.0239797662930429,7,0
2,台北市,2024-04,2024,0.0232152372769777,70.69,0.28,169902851,179156878122,8427,409452445,2024,4,0.8660254037844387,-0.49999999999999983,0.023639623180607,0.0238940941237424,0.0239797662930429,7,1
2,台北市,2024-04,2024,0.0232152372769777,70.69,0.28,169902851,179156878122,9964,42298384,2024,4,0.8660254037844387,-0.49999999999999983,0.023639623180607,0.0238940941237424,0.0239797662930429,8,1
2,台北市,2024-04,2024,0.0232152372769777,70.69,0.28,169902851,179156878122,3013,13928205,2024,4,0.8660254037844387,-0.49999999999999983,0.023639623180607,0.0238940941237424,0.0239797662930429,8,0
2,台北市,2024-04,2024,0.0232152372769777,70.69,0.28,169902851,179156878122,18427,471511510,2024,4,0.8660254037844387,-0.49999999999999983,0.023639623180607,0.0238940941237424,0.0239797662930429,9,1
2,台北市,2024-04,2024,0.0232152372769777,70.69,0.28,169902851,179156878122,8486,31784651,2024,4,0.8660254037844387,-0.49999999999999983,0.023639623180607,0.0238940941237424,0.0239797662930429,9,0
2,台北市,2024-04,2024,0.0232152372769777,70.69,0.28,169902851,179156878122,9482,276812862,2024,4,0.8660254037844387,-0.49999999999999983,0.023639623180607,0.0238940941237424,0.0239797662930429,12,1
2,台北市,2024-04,2024,0.0232152372769777,70.69,0.28,169902851,179156878122,4674,17480209,2024,4,0.8660254037844387,-0.49999999999999983,0.023639623180607,0.0238940941237424,0.0239797662930429,12,0
2,台北市,2024-04,2024,0.0232152372769777,70.69,0.28,169902851,179156878122,7130,57305697,2024,4,0.8660254037844387,-0.49999999999999983,0.023639623180607,0.0238940941237424,0.0239797662930429,13,1
2,台北市,2024-04,2024,0.0232152372769777,70.69,0.28,169902851,179156878122,13937,29525080,2024,4,0.8660254037844387,-0.49999999999999983,0.023639623180607,0.0238940941237424,0.0239797662930429,13,0
2,台北市,2024-04,2024,0.0232152372769777,70.69,0.28,169902851,179156878122,8713,10356010,2024,4,0.8660254037844387,-0.49999999999999983,0.023639623180607,0.0238940941237424,0.0239797662930429,14,1
2,台北市,2024-04,2024,0.0232152372769777,70.69,0.28,169902851,179156878122,2718,962773,2024,4,0.8660254037844387,-0.49999999999999983,0.023639623180607,0.0238940941237424,0.0239797662930429,14,0
2,台北市,2024-04,2024,0.0232152372769777,70.69,0.28,169902851,179156878122,1247,9859683,2024,4,0.8660254037844387,-0.49999999999999983,0.023639623180607,0.0238940941237424,0.0239797662930429,15,1
2,台北市,2024-04,2024,0.0232152372769777,70.69,0.28,169902851,179156878122,956,8195693,2024,4,0.8660254037844387,-0.49999999999999983,0.023639623180607,0.0238940941237424,0.0239797662930429,15,0
2,台北市,2024-04,2024,0.0232152372769777,70.69,0.28,169902851,179156878122,992,1667454,2024,4,0.8660254037844387,-0.49999999999999983,0.023639623180607,0.0238940941237424,0.0239797662930429,16,0
2,台北市,2024-04,2024,0.0232152372769777,70.69,0.28,169902851,179156878122,781,42439514,2024,4,0.8660254037844387,-0.49999999999999983,0.023639623180607,0.0238940941237424,0.0239797662930429,16,1
2,台北市,2024-04,2024,0.0232152372769777,70.69,0.28,169902851,179156878122,46109,109383460,2024,4,0.8660254037844387,-0.49999999999999983,0.023639623180607,0.0238940941237424,0.0239797662930429,17,1
2,台北市,2024-04,2024,0.0232152372769777,70.69,0.28,169902851,179156878122,125077,179786859,2024,4,0.8660254037844387,-0.49999999999999983,0.023639623180607,0.0238940941237424,0.0239797662930429,17,0
2,台北市,2024-04,2024,0.0232152372769777,70.69,0.28,169902851,179156878122,32112,24725227,2024,4,0.8660254037844387,-0.49999999999999983,0.023639623180607,0.0238940941237424,0.0239797662930429,18,1
2,台北市,2024-04,2024,0.0232152372769777,70.69,0.28,169902851,179156878122,56747,43972886,2024,4,0.8660254037844387,-0.49999999999999983,0.023639623180607,0.0238940941237424,0.0239797662930429,18,0
2,台北市,2024-04,2024,0.0232152372769777,70.69,0.28,169902851,179156878122,837,1515312,2024,4,0.8660254037844387,-0.49999999999999983,0.023639623180607,0.0238940941237424,0.0239797662930429,19,0
2,台北市,2024-04,2024,0.0232152372769777,70.69,0.28,169902851,179156878122,367,34364695,2024,4,0.8660254037844387,-0.49999999999999983,0.023639623180607,0.0238940941237424,0.0239797662930429,19,1
2,台北市,2024-04,2024,0.0232152372769777,70.69,0.28,169902851,179156878122,7,215511389,2024,4,0.8660254037844387,-0.49999999999999983,0.023639623180607,0.0238940941237424,0.0239797662930429,20,1
2,台北市,2024-04,2024,0.0232152372769777,70.69,0.28,169902851,179156878122,78,65250,2024,4,0.8660254037844387,-0.49999999999999983,0.023639623180607,0.0238940941237424,0.0239797662930429,20,0
2,台北市,2024-04,2024,0.0232152372769777,70.69,0.28,169902851,179156878122,5279,172546839,2024,4,0.8660254037844387,-0.49999999999999983,0.023639623180607,0.0238940941237424,0.0239797662930429,21,1
2,台北市,2024-04,2024,0.0232152372769777,70.69,0.28,169902851,179156878122,8573,26087193,2024,4,0.8660254037844387,-0.49999999999999983,0.023639623180607,0.0238940941237424,0.0239797662930429,21,0
2,台北市,2024-04,2024,0.0232152372769777,70.69,0.28,169902851,179156878122,7846,1904405,2024,4,0.8660254037844387,-0.49999999999999983,0.023639623180607,0.0238940941237424,0.0239797662930429,22,1
2,台北市,2024-04,2024,0.0232152372769777,70.69,0.28,169902851,179156878122,5362,2312774,2024,4,0.8660254037844387,-0.49999999999999983,0.023639623180607,0.0238940941237424,0.0239797662930429,22,0
2,台北市,2024-04,2024,0.0232152372769777,70.69,0.28,169902851,179156878122,1868,448815990,2024,4,0.8660254037844387,-0.49999999999999983,0.023639623180607,0.0238940941237424,0.0239797662930429,23,1
2,台北市,2024-04,2024,0.0232152372769777,70.69,0.28,169902851,179156878122,159,237819,2024,4,0.8660254037844387,-0.49999999999999983,0.023639623180607,0.0238940941237424,0.0239797662930429,23,0
2,台北市,2024-04,2024,0.0232152372769777,70.69,0.28,169902851,179156878122,128,277824393,2024,4,0.8660254037844387,-0.49999999999999983,0.023639623180607,0.0238940941237424,0.0239797662930429,24,1
2,台北市,2024-04,2024,0.0232152372769777,70.69,0.28,169902851,179156878122,495,723279,2024,4,0.8660254037844387,-0.49999999999999983,0.023639623180607,0.0238940941237424,0.0239797662930429,25,0
2,台北市,2024-04,2024,0.0232152372769777,70.69,0.28,169902851,179156878122,596,326909068,2024,4,0.8660254037844387,-0.49999999999999983,0.023639623180607,0.0238940941237424,0.0239797662930429,25,1
2,台北市,2024-04,2024,0.0232152372769777,70.69,0.28,169902851,179156878122,36508,12883316,2024,4,0.8660254037844387,-0.49999999999999983,0.023639623180607,0.0238940941237424,0.0239797662930429,26,0
2,台北市,2024-04,2024,0.0232152372769777,70.69,0.28,169902851,179156878122,5913,29844792,2024,4,0.8660254037844387,-0.49999999999999983,0.023639623180607,0.0238940941237424,0.0239797662930429,26,1
2,台北市,2024-04,2024,0.0232152372769777,70.69,0.28,169902851,179156878122,71,1644079,2024,4,0.8660254037844387,-0.49999999999999983,0.023639623180607,0.0238940941237424,0.0239797662930429,27,1
2,台北市,2024-04,2024,0.0232152372769777,70.69,0.28,169902851,179156878122,50,236543,2024,4,0.8660254037844387,-0.49999999999999983,0.023639623180607,0.0238940941237424,0.0239797662930429,27,0
2,台北市,2024-04,2024,0.0232152372769777,70.69,0.28,169902851,179156878122,47527,121342148,2024,4,0.8660254037844387,-0.49999999999999983,0.023639623180607,0.0238940941237424,0.0239797662930429,28,0
2,台北市,2024-04,2024,0.0232152372769777,70.69,0.28,169902851,179156878122,24810,1284095997,2024,4,0.8660254037844387,-0.49999999999999983,0.023639623180607,0.0238940941237424,0.0239797662930429,28,1
2,台北市,2024-04,2024,0.0232152372769777,70.69,0.28,169902851,179156878122,17984,60856644,2024,4,0.8660254037844387,-0.49999999999999983,0.023639623180607,0.0238940941237424,0.0239797662930429,30,0
2,台北市,2024-04,2024,0.0232152372769777,70.69,0.28,169902851,179156878122,11697,191169146,2024,4,0.8660254037844387,-0.49999999999999983,0.023639623180607,0.0238940941237424,0.0239797662930429,30,1
2,台北市,2024-04,2024,0.0232152372769777,70.69,0.28,169902851,179156878122,1317,1800669,2024,4,0.8660254037844387,-0.49999999999999983,0.023639623180607,0.0238940941237424,0.0239797662930429,31,1
2,台北市,2024-04,2024,0.0232152372769777,70.69,0.28,169902851,179156878122,4,9470,2024,4,0.8660254037844387,-0.49999999999999983,0.023639623180607,0.0238940941237424,0.0239797662930429,31,0
2,台北市,2024-04,2024,0.0232152372769777,70.69,0.28,169902851,179156878122,671,88870550,2024,4,0.8660254037844387,-0.49999999999999983,0.023639623180607,0.0238940941237424,0.0239797662930429,33,1
2,台北市,2024-04,2024,0.0232152372769777,70.69,0.28,169902851,179156878122,325,528062,2024,4,0.8660254037844387,-0.49999999999999983,0.023639623180607,0.0238940941237424,0.0239797662930429,33,0
2,台北市,2024-04,2024,0.0232152372769777,70.69,0.28,169902851,179156878122,22,125175,2024,4,0.8660254037844387,-0.49999999999999983,0.023639623180607,0.0238940941237424,0.0239797662930429,34,0
2,台北市,2024-04,2024,0.0232152372769777,70.69,0.28,169902851,179156878122,2,7625,2024,4,0.8660254037844387,-0.49999999999999983,0.023639623180607,0.0238940941237424,0.0239797662930429,34,1
2,台北市,2024-04,2024,0.0232152372769777,70.69,0.28,169902851,179156878122,129710,92789256,2024,4,0.8660254037844387,-0.49999999999999983,0.023639623180607,0.0238940941237424,0.0239797662930429,36,0
2,台北市,2024-04,2024,0.0232152372769777,70.69,0.28,169902851,179156878122,55755,291236887,2024,4,0.8660254037844387,-0.49999999999999983,0.023639623180607,0.0238940941237424,0.0239797662930429,36,1
2,台北市,2024-04,2024,0.0232152372769777,70.69,0.28,169902851,179156878122,9951,61062060,2024,4,0.8660254037844387,-0.49999999999999983,0.023639623180607,0.0238940941237424,0.0239797662930429,37,1
2,台北市,2024-04,2024,0.0232152372769777,70.69,0.28,169902851,179156878122,187521,294746933,2024,4,0.8660254037844387,-0.49999999999999983,0.023639623180607,0.0238940941237424,0.0239797662930429,37,0
2,台北市,2024-04,2024,0.0232152372769777,70.69,0.28,169902851,179156878122,1769,8345621,2024,4,0.8660254037844387,-0.49999999999999983,0.023639623180607,0.0238940941237424,0.0239797662930429,38,0
2,台北市,2024-04,2024,0.0232152372769777,70.69,0.28,169902851,179156878122,2922,63795353,2024,4,0.8660254037844387,-0.49999999999999983,0.023639623180607,0.0238940941237424,0.0239797662930429,38,1
2,台北市,2024-04,2024,0.0232152372769777,70.69,0.28,169902851,179156878122,4306,1784847125,2024,4,0.8660254037844387,-0.49999999999999983,0.023639623180607,0.0238940941237424,0.0239797662930429,39,1
2,台北市,2024-04,2024,0.0232152372769777,70.69,0.28,169902851,179156878122,2191,80854586,2024,4,0.8660254037844387,-0.49999999999999983,0.023639623180607,0.0238940941237424,0.0239797662930429,39,0
2,台北市,2024-04,2024,0.0232152372769777,70.69,0.28,169902851,179156878122,5652,45563618,2024,4,0.8660254037844387,-0.49999999999999983,0.023639623180607,0.0238940941237424,0.0239797662930429,40,1
2,台北市,2024-04,2024,0.0232152372769777,70.69,0.28,169902851,179156878122,2112,5604191,2024,4,0.8660254037844387,-0.49999999999999983,0.023639623180607,0.0238940941237424,0.0239797662930429,40,0
2,台北市,2024-04,2024,0.0232152372769777,70.69,0.28,169902851,179156878122,197584,1268211030,2024,4,0.8660254037844387,-0.49999999999999983,0.023639623180607,0.0238940941237424,0.0239797662930429,41,1
2,台北市,2024-04,2024,0.0232152372769777,70.69,0.28,169902851,179156878122,4341104,7852689436,2024,4,0.8660254037844387,-0.49999999999999983,0.023639623180607,0.0238940941237424,0.0239797662930429,41,0
2,台北市,2024-04,2024,0.0232152372769777,70.69,0.28,169902851,179156878122,13947,22997057,2024,4,0.8660254037844387,-0.49999999999999983,0.023639623180607,0.0238940941237424,0.0239797662930429,43,0
2,台北市,2024-04,2024,0.0232152372769777,70.69,0.28,169902851,179156878122,1821,4510596,2024,4,0.8660254037844387,-0.49999999999999983,0.023639623180607,0.0238940941237424,0.0239797662930429,43,1
2,台北市,2024-04,2024,0.0232152372769777,70.69,0.28,169902851,179156878122,6281093,7886139417,2024,4,0.8660254037844387,-0.49999999999999983,0.023639623180607,0.0238940941237424,0.0239797662930429,44,0
2,台北市,2024-04,2024,0.0232152372769777,70.69,0.28,169902851,179156878122,3153415,23701425175,2024,4,0.8660254037844387,-0.49999999999999983,0.023639623180607,0.0238940941237424,0.0239797662930429,44,1
2,台北市,2024-04,2024,0.0232152372769777,70.69,0.28,169902851,179156878122,32879,230784518,2024,4,0.8660254037844387,-0.49999999999999983,0.023639623180607,0.0238940941237424,0.0239797662930429,46,0
2,台北市,2024-04,2024,0.0232152372769777,70.69,0.28,169902851,179156878122,33667,180117052,2024,4,0.8660254037844387,-0.49999999999999983,0.023639623180607,0.0238940941237424,0.0239797662930429,46,1
2,台北市,2024-04,2024,0.0232152372769777,70.69,0.28,169902851,179156878122,744,1950115,2024,4,0.8660254037844387,-0.49999999999999983,0.023639623180607,0.0238940941237424,0.0239797662930429,48,0
2,台北市,2024-04,2024,0.0232152372769777,70.69,0.28,169902851,179156878122,1431,38132119,2024,4,0.8660254037844387,-0.49999999999999983,0.023639623180607,0.0238940941237424,0.0239797662930429,48,1
2,台北市,2024-04,2024,0.0232152372769777,70.69,0.28,169902851,179156878122,119233,428176752,2024,4,0.8660254037844387,-0.49999999999999983,0.023639623180607,0.0238940941237424,0.0239797662930429,50,0
2,台北市,2024-04,2024,0.0232152372769777,70.69,0.28,169902851,179156878122,73198,649064441,2024,4,0.8660254037844387,-0.49999999999999983,0.023639623180607,0.0238940941237424,0.0239797662930429,50,1
2,台北市,2024-04,2024,0.0232152372769777,70.69,0.28,169902851,179156878122,2,1698,2024,4,0.8660254037844387,-0.49999999999999983,0.023639623180607,0.0238940941237424,0.0239797662930429,51,0
2,台北市,2024-04,2024,0.0232152372769777,70.69,0.28,169902851,179156878122,28504,314943106,2024,4,0.8660254037844387,-0.49999999999999983,0.023639623180607,0.0238940941237424,0.0239797662930429,52,1
2,台北市,2024-04,2024,0.0232152372769777,70.69,0.28,169902851,179156878122,22618,7688747,2024,4,0.8660254037844387,-0.49999999999999983,0.023639623180607,0.0238940941237424,0.0239797662930429,52,0
2,台北市,2024-04,2024,0.0232152372769777,70.69,0.28,169902851,179156878122,6,9000,2024,4,0.8660254037844387,-0.49999999999999983,0.023639623180607,0.0238940941237424,0.0239797662930429,53,0
2,台北市,2024-04,2024,0.0232152372769777,70.69,0.28,169902851,179156878122,2749,13189366,2024,4,0.8660254037844387,-0.49999999999999983,0.023639623180607,0.0238940941237424,0.0239797662930429,53,1
2,台北市,2024-04,2024,0.0232152372769777,70.69,0.28,169902851,179156878122,1094,2389860394,2024,4,0.8660254037844387,-0.49999999999999983,0.023639623180607,0.0238940941237424,0.0239797662930429,54,1
2,台北市,2024-04,2024,0.0232152372769777,70.69,0.28,169902851,179156878122,377,1481853,2024,4,0.8660254037844387,-0.49999999999999983,0.023639623180607,0.0238940941237424,0.0239797662930429,54,0
2,台北市,2024-04,2024,0.0232152372769777,70.69,0.28,169902851,179156878122,377,5346854,2024,4,0.8660254037844387,-0.49999999999999983,0.023639623180607,0.0238940941237424,0.0239797662930429,56,0
2,台北市,2024-04,2024,0.0232152372769777,70.69,0.28,169902851,179156878122,107,76174695,2024,4,0.8660254037844387,-0.49999999999999983,0.023639623180607,0.0238940941237424,0.0239797662930429,56,1
2,台北市,2024-04,2024,0.0232152372769777,70.69,0.28,169902851,179156878122,91,56371392,2024,4,0.8660254037844387,-0.49999999999999983,0.023639623180607,0.0238940941237424,0.0239797662930429,57,1
2,台北市,2024-04,2024,0.0232152372769777,70.69,0.28,169902851,179156878122,2779,51005470,2024,4,0.8660254037844387,-0.49999999999999983,0.023639623180607,0.0238940941237424,0.0239797662930429,58,1
2,台北市,2024-04,2024,0.0232152372769777,70.69,0.28,169902851,179156878122,3547,724279,2024,4,0.8660254037844387,-0.49999999999999983,0.023639623180607,0.0238940941237424,0.0239797662930429,58,0
2,台北市,2024-04,2024,0.0232152372769777,70.69,0.28,169902851,179156878122,95,1801149,2024,4,0.8660254037844387,-0.49999999999999983,0.023639623180607,0.0238940941237424,0.0239797662930429,59,1
2,台北市,2024-04,2024,0.0232152372769777,70.69,0.28,169902851,179156878122,1109,740871,2024,4,0.8660254037844387,-0.49999999999999983,0.023639623180607,0.0238940941237424,0.0239797662930429,59,0
2,台北市,2024-04,2024,0.0232152372769777,70.69,0.28,169902851,179156878122,5,44999,2024,4,0.8660254037844387,-0.49999999999999983,0.023639623180607,0.0238940941237424,0.0239797662930429,60,1
2,台北市,2024-04,2024,0.0232152372769777,70.69,0.28,169902851,179156878122,736188,313396528,2024,4,0.8660254037844387,-0.49999999999999983,0.023639623180607,0.0238940941237424,0.0239797662930429,60,0
2,台北市,2024-04,2024,0.0232152372769777,70.69,0.28,169902851,179156878122,1048,3902491,2024,4,0.8660254037844387,-0.49999999999999983,0.023639623180607,0.0238940941237424,0.0239797662930429,61,1
2,台北市,2024-04,2024,0.0232152372769777,70.69,0.28,169902851,179156878122,307,1582449,2024,4,0.8660254037844387,-0.49999999999999983,0.023639623180607,0.0238940941237424,0.0239797662930429,61,0
2,台北市,2024-04,2024,0.0232152372769777,70.69,0.28,169902851,179156878122,11,19320,2024,4,0.8660254037844387,-0.49999999999999983,0.023639623180607,0.0238940941237424,0.0239797662930429,62,1
2,台北市,2024-04,2024,0.0232152372769777,70.69,0.28,169902851,179156878122,84820,40572446,2024,4,0.8660254037844387,-0.49999999999999983,0.023639623180607,0.0238940941237424,0.0239797662930429,63,1
2,台北市,2024-04,2024,0.0232152372769777,70.69,0.28,169902851,179156878122,61533,20388109,2024,4,0.8660254037844387,-0.49999999999999983,0.023639623180607,0.0238940941237424,0.0239797662930429,63,0
2,台北市,2024-04,2024,0.0232152372769777,70.69,0.28,169902851,179156878122,1018,3188199,2024,4,0.8660254037844387,-0.49999999999999983,0.023639623180607,0.0238940941237424,0.0239797662930429,66,0
2,台北市,2024-04,2024,0.0232152372769777,70.69,0.28,169902851,179156878122,314,53279104,2024,4,0.8660254037844387,-0.49999999999999983,0.023639623180607,0.0238940941237424,0.0239797662930429,66,1
2,台北市,2024-04,2024,0.0232152372769777,70.69,0.28,169902851,179156878122,943158,650395469,2024,4,0.8660254037844387,-0.49999999999999983,0.023639623180607,0.0238940941237424,0.0239797662930429,67,0
2,台北市,2024-04,2024,0.0232152372769777,70.69,0.28,169902851,179156878122,196790,5340850011,2024,4,0.8660254037844387,-0.49999999999999983,0.023639623180607,0.0238940941237424,0.0239797662930429,67,1
2,台北市,2024-04,2024,0.0232152372769777,70.69,0.28,169902851,179156878122,3531,15535152,2024,4,0.8660254037844387,-0.49999999999999983,0.023639623180607,0.0238940941237424,0.0239797662930429,68,0
2,台北市,2024-04,2024,0.0232152372769777,70.69,0.28,169902851,179156878122,453,1793006,2024,4,0.8660254037844387,-0.49999999999999983,0.023639623180607,0.0238940941237424,0.0239797662930429,68,1
2,台北市,2024-04,2024,0.0232152372769777,70.69,0.28,169902851,179156878122,1503,164123643,2024,4,0.8660254037844387,-0.49999999999999983,0.023639623180607,0.0238940941237424,0.0239797662930429,69,1
2,台北市,2024-04,2024,0.0232152372769777,70.69,0.28,169902851,179156878122,1210,2906895,2024,4,0.8660254037844387,-0.49999999999999983,0.023639623180607,0.0238940941237424,0.0239797662930429,69,0
2,台北市,2024-04,2024,0.0232152372769777,70.69,0.28,169902851,179156878122,9108,15808239,2024,4,0.8660254037844387,-0.49999999999999983,0.023639623180607,0.0238940941237424,0.0239797662930429,70,1
2,台北市,2024-04,2024,0.0232152372769777,70.69,0.28,169902851,179156878122,3132,5563081,2024,4,0.8660254037844387,-0.49999999999999983,0.023639623180607,0.0238940941237424,0.0239797662930429,70,0
2,台北市,2024-04,2024,0.0232152372769777,70.69,0.28,169902851,179156878122,9,25003,2024,4,0.8660254037844387,-0.49999999999999983,0.023639623180607,0.0238940941237424,0.0239797662930429,71,1
2,台北市,2024-04,2024,0.0232152372769777,70.69,0.28,169902851,179156878122,14078,228892084,2024,4,0.8660254037844387,-0.49999999999999983,0.023639623180607,0.0238940941237424,0.0239797662930429,72,1
2,台北市,2024-04,2024,0.0232152372769777,70.69,0.28,169902851,179156878122,107,20578945,2024,4,0.8660254037844387,-0.49999999999999983,0.023639623180607,0.0238940941237424,0.0239797662930429,72,0
2,台北市,2024-04,2024,0.0232152372769777,70.69,0.28,169902851,179156878122,35159,75758623,2024,4,0.8660254037844387,-0.49999999999999983,0.023639623180607,0.0238940941237424,0.0239797662930429,73,1
2,台北市,2024-04,2024,0.0232152372769777,70.69,0.28,169902851,179156878122,25597,46273906,2024,4,0.8660254037844387,-0.49999999999999983,0.023639623180607,0.0238940941237424,0.0239797662930429,73,0
2,台北市,2024-04,2024,0.0232152372769777,70.69,0.28,169902851,179156878122,800462,519609139,2024,4,0.8660254037844387,-0.49999999999999983,0.023639623180607,0.0238940941237424,0.0239797662930429,75,0
2,台北市,2024-04,2024,0.0232152372769777,70.69,0.28,169902851,179156878122,180181,391770036,2024,4,0.8660254037844387,-0.49999999999999983,0.023639623180607,0.0238940941237424,0.0239797662930429,75,1
2,台北市,2024-04,2024,0.0232152372769777,70.69,0.28,169902851,179156878122,318039,585133503,2024,4,0.8660254037844387,-0.49999999999999983,0.023639623180607,0.0238940941237424,0.0239797662930429,77,1
2,台北市,2024-04,2024,0.0232152372769777,70.69,0.28,169902851,179156878122,31176926,13992947813,2024,4,0.8660254037844387,-0.49999999999999983,0.023639623180607,0.0238940941237424,0.0239797662930429,77,0
2,台北市,2024-04,2024,0.0232152372769777,70.69,0.28,169902851,179156878122,1780,97867206,2024,4,0.8660254037844387,-0.49999999999999983,0.023639623180607,0.0238940941237424,0.0239797662930429,78,1
2,台北市,2024-04,2024,0.0232152372769777,70.69,0.28,169902851,179156878122,11318,17881459,2024,4,0.8660254037844387,-0.49999999999999983,0.023639623180607,0.0238940941237424,0.0239797662930429,78,0
2,台北市,2024-04,2024,0.0232152372769777,70.69,0.28,169902851,179156878122,256836,315020962,2024,4,0.8660254037844387,-0.49999999999999983,0.023639623180607,0.0238940941237424,0.0239797662930429,79,1
2,台北市,2024-04,2024,0.0232152372769777,70.69,0.28,169902851,179156878122,354951,393795757,2024,4,0.8660254037844387,-0.49999999999999983,0.023639623180607,0.0238940941237424,0.0239797662930429,79,0
2,台北市,2024-04,2024,0.0232152372769777,70.69,0.28,169902851,179156878122,1955437,372633028,2024,4,0.8660254037844387,-0.49999999999999983,0.023639623180607,0.0238940941237424,0.0239797662930429,80,0
2,台北市,2024-04,2024,0.0232152372769777,70.69,0.28,169902851,179156878122,1804076,3431254309,2024,4,0.8660254037844387,-0.49999999999999983,0.023639623180607,0.0238940941237424,0.0239797662930429,80,1
2,台北市,2024-04,2024,0.0232152372769777,70.69,0.28,169902851,179156878122,3438,1974758,2024,4,0.8660254037844387,-0.49999999999999983,0.023639623180607,0.0238940941237424,0.0239797662930429,81,0
2,台北市,2024-04,2024,0.0232152372769777,70.69,0.28,169902851,179156878122,6412,3984712,2024,4,0.8660254037844387,-0.49999999999999983,0.023639623180607,0.0238940941237424,0.0239797662930429,81,1
2,台北市,2024-04,2024,0.0232152372769777,70.69,0.28,169902851,179156878122,12994,69504802,2024,4,0.8660254037844387,-0.49999999999999983,0.023639623180607,0.0238940941237424,0.0239797662930429,83,0
2,台北市,2024-04,2024,0.0232152372769777,70.69,0.28,169902851,179156878122,9388,56431935,2024,4,0.8660254037844387,-0.49999999999999983,0.023639623180607,0.0238940941237424,0.0239797662930429,83,1
2,台北市,2024-04,2024,0.0232152372769777,70.69,0.28,169902851,179156878122,23,120489,2024,4,0.8660254037844387,-0.49999999999999983,0.023639623180607,0.0238940941237424,0.0239797662930429,84,0
2,台北市,2024-04,2024,0.0232152372769777,70.69,0.28,169902851,179156878122,592,214081032,2024,4,0.8660254037844387,-0.49999999999999983,0.023639623180607,0.0238940941237424,0.0239797662930429,84,1
2,台北市,2024-04,2024,0.0232152372769777,70.69,0.28,169902851,179156878122,23825,1505885789,2024,4,0.8660254037844387,-0.49999999999999983,0.023639623180607,0.0238940941237424,0.0239797662930429,86,1
2,台北市,2024-04,2024,0.0232152372769777,70.69,0.28,169902851,179156878122,66704,128182807,2024,4,0.8660254037844387,-0.49999999999999983,0.023639623180607,0.0238940941237424,0.0239797662930429,86,0
2,台北市,2024-04,2024,0.0232152372769777,70.69,0.28,169902851,179156878122,139235,130211065,2024,4,0.8660254037844387,-0.49999999999999983,0.023639623180607,0.0238940941237424,0.0239797662930429,87,1
2,台北市,2024-04,2024,0.0232152372769777,70.69,0.28,169902851,179156878122,216572,217770539,2024,4,0.8660254037844387,-0.49999999999999983,0.023639623180607,0.0238940941237424,0.0239797662930429,87,0
2,台北市,2024-04,2024,0.0232152372769777,70.69,0.28,169902851,179156878122,28397925,23109981464,2024,4,0.8660254037844387,-0.49999999999999983,0.023639623180607,0.0238940941237424,0.0239797662930429,88,1
2,台北市,2024-04,2024,0.0232152372769777,70.69,0.28,169902851,179156878122,46638294,24186500773,2024,4,0.8660254037844387,-0.49999999999999983,0.023639623180607,0.0238940941237424,0.0239797662930429,88,0
2,台北市,2024-04,2024,0.0232152372769777,70.69,0.28,169902851,179156878122,95345,473552596,2024,4,0.8660254037844387,-0.49999999999999983,0.023639623180607,0.0238940941237424,0.0239797662930429,89,1
2,台北市,2024-04,2024,0.0232152372769777,70.69,0.28,169902851,179156878122,15260531,11170974424,2024,4,0.8660254037844387,-0.49999999999999983,0.023639623180607,0.0238940941237424,0.0239797662930429,89,0
2,台北市,2024-04,2024,0.0232152372769777,70.69,0.28,169902851,179156878122,793925,1294896734,2024,4,0.8660254037844387,-0.49999999999999983,0.023639623180607,0.0238940941237424,0.0239797662930429,90,0
2,台北市,2024-04,2024,0.0232152372769777,70.69,0.28,169902851,179156878122,16422,28682704,2024,4,0.8660254037844387,-0.49999999999999983,0.023639623180607,0.0238940941237424,0.0239797662930429,90,1
2,台北市,2024-04,2024,0.0232152372769777,70.69,0.28,169902851,179156878122,11321,10528918,2024,4,0.8660254037844387,-0.49999999999999983,0.023639623180607,0.0238940941237424,0.0239797662930429,91,0
2,台北市,2024-04,2024,0.0232152372769777,70.69,0.28,169902851,179156878122,3660,347422535,2024,4,0.8660254037844387,-0.49999999999999983,0.023639623180607,0.0238940941237424,0.0239797662930429,91,1
2,台北市,2024-04,2024,0.0232152372769777,70.69,0.28,169902851,179156878122,1027,229189836,2024,4,0.8660254037844387,-0.49999999999999983,0.023639623180607,0.0238940941237424,0.0239797662930429,93,1
2,台北市,2024-04,2024,0.0232152372769777,70.69,0.28,169902851,179156878122,266,1015745,2024,4,0.8660254037844387,-0.49999999999999983,0.023639623180607,0.0238940941237424,0.0239797662930429,93,0
2,台北市,2024-04,2024,0.0232152372769777,70.69,0.28,169902851,179156878122,4434,421130582,2024,4,0.8660254037844387,-0.49999999999999983,0.023639623180607,0.0238940941237424,0.0239797662930429,94,1
2,台北市,2024-04,2024,0.0232152372769777,70.69,0.28,169902851,179156878122,27786,54446320,2024,4,0.8660254037844387,-0.49999999999999983,0.023639623180607,0.0238940941237424,0.0239797662930429,94,0
2,台北市,2024-04,2024,0.0232152372769777,70.69,0.28,169902851,179156878122,1457513,427640518,2024,4,0.8660254037844387,-0.49999999999999983,0.023639623180607,0.0238940941237424,0.0239797662930429,95,0
2,台北市,2024-04,2024,0.0232152372769777,70.69,0.28,169902851,179156878122,85141,786861282,2024,4,0.8660254037844387,-0.49999999999999983,0.023639623180607,0.0238940941237424,0.0239797662930429,95,1
2,台北市,2024-04,2024,0.0232152372769777,70.69,0.28,169902851,179156878122,144,945109,2024,4,0.8660254037844387,-0.49999999999999983,0.023639623180607,0.0238940941237424,0.0239797662930429,97,0
2,台北市,2024-04,2024,0.0232152372769777,70.69,0.28,169902851,179156878122,4696,451367321,2024,4,0.8660254037844387,-0.49999999999999983,0.023639623180607,0.0238940941237424,0.0239797662930429,97,1
2,台北市,2024-04,2024,0.0232152372769777,70.69,0.28,169902851,179156878122,435718,172627761,2024,4,0.8660254037844387,-0.49999999999999983,0.023639623180607,0.0238940941237424,0.0239797662930429,98,0
2,台北市,2024-04,2024,0.0232152372769777,70.69,0.28,169902851,179156878122,511199,443491850,2024,4,0.8660254037844387,-0.49999999999999983,0.023639623180607,0.0238940941237424,0.0239797662930429,98,1
2,台北市,2024-04,2024,0.0232152372769777,70.69,0.28,169902851,179156878122,8837,1627605,2024,4,0.8660254037844387,-0.49999999999999983,0.023639623180607,0.0238940941237424,0.0239797662930429,100,0
2,台北市,2024-04,2024,0.0232152372769777,70.69,0.28,169902851,179156878122,8485,8068089,2024,4,0.8660254037844387,-0.49999999999999983,0.023639623180607,0.0238940941237424,0.0239797662930429,100,1
2,台北市,2024-04,2024,0.0232152372769777,70.69,0.28,169902851,179156878122,9806686,4522245599,2024,4,0.8660254037844387,-0.49999999999999983,0.023639623180607,0.0238940941237424,0.0239797662930429,101,1
2,台北市,2024-04,2024,0.0232152372769777,70.69,0.28,169902851,179156878122,9432640,3125908496,2024,4,0.8660254037844387,-0.49999999999999983,0.023639623180607,0.0238940941237424,0.0239797662930429,101,0
2,台北市,2024-05,2024,0.0229261342604628,70.69,0.28,178599146,189978489197,103635,4989734038,2024,5,0.49999999999999994,-0.8660254037844387,0.0232152372769777,0.023639623180607,0.0238940941237424,0,1
2,台北市,2024-05,2024,0.0229261342604628,70.69,0.28,178599146,189978489197,57998,324180016,2024,5,0.49999999999999994,-0.8660254037844387,0.0232152372769777,0.023639623180607,0.0238940941237424,0,0
2,台北市,2024-05,2024,0.0229261342604628,70.69,0.28,178599146,189978489197,524068,16579818630,2024,5,0.49999999999999994,-0.8660254037844387,0.0232152372769777,0.023639623180607,0.0238940941237424,1,1
2,台北市,2024-05,2024,0.0229261342604628,70.69,0.28,178599146,189978489197,577359,1784469287,2024,5,0.49999999999999994,-0.8660254037844387,0.0232152372769777,0.023639623180607,0.0238940941237424,1,0
2,台北市,2024-05,2024,0.0229261342604628,70.69,0.28,178599146,189978489197,353083,196025643,2024,5,0.49999999999999994,-0.8660254037844387,0.0232152372769777,0.023639623180607,0.0238940941237424,2,1
2,台北市,2024-05,2024,0.0229261342604628,70.69,0.28,178599146,189978489197,56559,31286500,2024,5,0.49999999999999994,-0.8660254037844387,0.0232152372769777,0.023639623180607,0.0238940941237424,2,0
2,台北市,2024-05,2024,0.0229261342604628,70.69,0.28,178599146,189978489197,85087,502682389,2024,5,0.49999999999999994,-0.8660254037844387,0.0232152372769777,0.023639623180607,0.0238940941237424,3,1
2,台北市,2024-05,2024,0.0229261342604628,70.69,0.28,178599146,189978489197,131588,239543428,2024,5,0.49999999999999994,-0.8660254037844387,0.0232152372769777,0.023639623180607,0.0238940941237424,3,0
2,台北市,2024-05,2024,0.0229261342604628,70.69,0.28,178599146,189978489197,270015,1731274679,2024,5,0.49999999999999994,-0.8660254037844387,0.0232152372769777,0.023639623180607,0.0238940941237424,5,1
2,台北市,2024-05,2024,0.0229261342604628,70.69,0.28,178599146,189978489197,68663,184373155,2024,5,0.49999999999999994,-0.8660254037844387,0.0232152372769777,0.023639623180607,0.0238940941237424,5,0
2,台北市,2024-05,2024,0.0229261342604628,70.69,0.28,178599146,189978489197,1955,14810448,2024,5,0.49999999999999994,-0.8660254037844387,0.0232152372769777,0.023639623180607,0.0238940941237424,6,0
2,台北市,2024-05,2024,0.0229261342604628,70.69,0.28,178599146,189978489197,1274,68985708,2024,5,0.49999999999999994,-0.8660254037844387,0.0232152372769777,0.023639623180607,0.0238940941237424,6,1
2,台北市,2024-05,2024,0.0229261342604628,70.69,0.28,178599146,189978489197,8213,500131450,2024,5,0.49999999999999994,-0.8660254037844387,0.0232152372769777,0.023639623180607,0.0238940941237424,7,1
2,台北市,2024-05,2024,0.0229261342604628,70.69,0.28,178599146,189978489197,10348,14334707,2024,5,0.49999999999999994,-0.8660254037844387,0.0232152372769777,0.023639623180607,0.0238940941237424,7,0
2,台北市,2024-05,2024,0.0229261342604628,70.69,0.28,178599146,189978489197,9038,41856795,2024,5,0.49999999999999994,-0.8660254037844387,0.0232152372769777,0.023639623180607,0.0238940941237424,8,1
2,台北市,2024-05,2024,0.0229261342604628,70.69,0.28,178599146,189978489197,3482,14057829,2024,5,0.49999999999999994,-0.8660254037844387,0.0232152372769777,0.023639623180607,0.0238940941237424,8,0
2,台北市,2024-05,2024,0.0229261342604628,70.69,0.28,178599146,189978489197,19026,543797331,2024,5,0.49999999999999994,-0.8660254037844387,0.0232152372769777,0.023639623180607,0.0238940941237424,9,1
2,台北市,2024-05,2024,0.0229261342604628,70.69,0.28,178599146,189978489197,9324,35720056,2024,5,0.49999999999999994,-0.8660254037844387,0.0232152372769777,0.023639623180607,0.0238940941237424,9,0
2,台北市,2024-05,2024,0.0229261342604628,70.69,0.28,178599146,189978489197,4583,12125360,2024,5,0.49999999999999994,-0.8660254037844387,0.0232152372769777,0.023639623180607,0.0238940941237424,12,0
2,台北市,2024-05,2024,0.0229261342604628,70.69,0.28,178599146,189978489197,10791,348523260,2024,5,0.49999999999999994,-0.8660254037844387,0.0232152372769777,0.023639623180607,0.0238940941237424,12,1
2,台北市,2024-05,2024,0.0229261342604628,70.69,0.28,178599146,189978489197,6855,60714441,2024,5,0.49999999999999994,-0.8660254037844387,0.0232152372769777,0.023639623180607,0.0238940941237424,13,1
2,台北市,2024-05,2024,0.0229261342604628,70.69,0.28,178599146,189978489197,18984,46129247,2024,5,0.49999999999999994,-0.8660254037844387,0.0232152372769777,0.023639623180607,0.0238940941237424,13,0
2,台北市,2024-05,2024,0.0229261342604628,70.69,0.28,178599146,189978489197,9178,10395803,2024,5,0.49999999999999994,-0.8660254037844387,0.0232152372769777,0.023639623180607,0.0238940941237424,14,1
2,台北市,2024-05,2024,0.0229261342604628,70.69,0.28,178599146,189978489197,3492,1501534,2024,5,0.49999999999999994,-0.8660254037844387,0.0232152372769777,0.023639623180607,0.0238940941237424,14,0
2,台北市,2024-05,2024,0.0229261342604628,70.69,0.28,178599146,189978489197,1275,8214796,2024,5,0.49999999999999994,-0.8660254037844387,0.0232152372769777,0.023639623180607,0.0238940941237424,15,1
2,台北市,2024-05,2024,0.0229261342604628,70.69,0.28,178599146,189978489197,788,8516952,2024,5,0.49999999999999994,-0.8660254037844387,0.0232152372769777,0.023639623180607,0.0238940941237424,15,0
2,台北市,2024-05,2024,0.0229261342604628,70.69,0.28,178599146,189978489197,1014,1573667,2024,5,0.49999999999999994,-0.8660254037844387,0.0232152372769777,0.023639623180607,0.0238940941237424,16,0
2,台北市,2024-05,2024,0.0229261342604628,70.69,0.28,178599146,189978489197,790,84908486,2024,5,0.49999999999999994,-0.8660254037844387,0.0232152372769777,0.023639623180607,0.0238940941237424,16,1
2,台北市,2024-05,2024,0.0229261342604628,70.69,0.28,178599146,189978489197,140757,214257045,2024,5,0.49999999999999994,-0.8660254037844387,0.0232152372769777,0.023639623180607,0.0238940941237424,17,0
2,台北市,2024-05,2024,0.0229261342604628,70.69,0.28,178599146,189978489197,45731,103973899,2024,5,0.49999999999999994,-0.8660254037844387,0.0232152372769777,0.023639623180607,0.0238940941237424,17,1
2,台北市,2024-05,2024,0.0229261342604628,70.69,0.28,178599146,189978489197,49210,45518688,2024,5,0.49999999999999994,-0.8660254037844387,0.0232152372769777,0.023639623180607,0.0238940941237424,18,0
2,台北市,2024-05,2024,0.0229261342604628,70.69,0.28,178599146,189978489197,29686,32580792,2024,5,0.49999999999999994,-0.8660254037844387,0.0232152372769777,0.023639623180607,0.0238940941237424,18,1
2,台北市,2024-05,2024,0.0229261342604628,70.69,0.28,178599146,189978489197,373,46626381,2024,5,0.49999999999999994,-0.8660254037844387,0.0232152372769777,0.023639623180607,0.0238940941237424,19,1
2,台北市,2024-05,2024,0.0229261342604628,70.69,0.28,178599146,189978489197,836,1792436,2024,5,0.49999999999999994,-0.8660254037844387,0.0232152372769777,0.023639623180607,0.0238940941237424,19,0
2,台北市,2024-05,2024,0.0229261342604628,70.69,0.28,178599146,189978489197,12,199003355,2024,5,0.49999999999999994,-0.8660254037844387,0.0232152372769777,0.023639623180607,0.0238940941237424,20,1
2,台北市,2024-05,2024,0.0229261342604628,70.69,0.28,178599146,189978489197,101,76760,2024,5,0.49999999999999994,-0.8660254037844387,0.0232152372769777,0.023639623180607,0.0238940941237424,20,0
2,台北市,2024-05,2024,0.0229261342604628,70.69,0.28,178599146,189978489197,9593,34464643,2024,5,0.49999999999999994,-0.8660254037844387,0.0232152372769777,0.023639623180607,0.0238940941237424,21,0
2,台北市,2024-05,2024,0.0229261342604628,70.69,0.28,178599146,189978489197,5849,319831185,2024,5,0.49999999999999994,-0.8660254037844387,0.0232152372769777,0.023639623180607,0.0238940941237424,21,1
2,台北市,2024-05,2024,0.0229261342604628,70.69,0.28,178599146,189978489197,6233,4051605,2024,5,0.49999999999999994,-0.8660254037844387,0.0232152372769777,0.023639623180607,0.0238940941237424,22,1
2,台北市,2024-05,2024,0.0229261342604628,70.69,0.28,178599146,189978489197,9984,6835197,2024,5,0.49999999999999994,-0.8660254037844387,0.0232152372769777,0.023639623180607,0.0238940941237424,22,0
2,台北市,2024-05,2024,0.0229261342604628,70.69,0.28,178599146,189978489197,1822,572344770,2024,5,0.49999999999999994,-0.8660254037844387,0.0232152372769777,0.023639623180607,0.0238940941237424,23,1
2,台北市,2024-05,2024,0.0229261342604628,70.69,0.28,178599146,189978489197,181,810555,2024,5,0.49999999999999994,-0.8660254037844387,0.0232152372769777,0.023639623180607,0.0238940941237424,23,0
2,台北市,2024-05,2024,0.0229261342604628,70.69,0.28,178599146,189978489197,147,414951689,2024,5,0.49999999999999994,-0.8660254037844387,0.0232152372769777,0.023639623180607,0.0238940941237424,24,1
2,台北市,2024-05,2024,0.0229261342604628,70.69,0.28,178599146,189978489197,329,934283,2024,5,0.49999999999999994,-0.8660254037844387,0.0232152372769777,0.023639623180607,0.0238940941237424,25,0
2,台北市,2024-05,2024,0.0229261342604628,70.69,0.28,178599146,189978489197,875,1373803520,2024,5,0.49999999999999994,-0.8660254037844387,0.0232152372769777,0.023639623180607,0.0238940941237424,25,1
2,台北市,2024-05,2024,0.0229261342604628,70.69,0.28,178599146,189978489197,35263,7587034,2024,5,0.49999999999999994,-0.8660254037844387,0.0232152372769777,0.023639623180607,0.0238940941237424,26,0
2,台北市,2024-05,2024,0.0229261342604628,70.69,0.28,178599146,189978489197,5784,20999606,2024,5,0.49999999999999994,-0.8660254037844387,0.0232152372769777,0.023639623180607,0.0238940941237424,26,1
2,台北市,2024-05,2024,0.0229261342604628,70.69,0.28,178599146,189978489197,95,2557373,2024,5,0.49999999999999994,-0.8660254037844387,0.0232152372769777,0.023639623180607,0.0238940941237424,27,1
2,台北市,2024-05,2024,0.0229261342604628,70.69,0.28,178599146,189978489197,53,432972,2024,5,0.49999999999999994,-0.8660254037844387,0.0232152372769777,0.023639623180607,0.0238940941237424,27,0
2,台北市,2024-05,2024,0.0229261342604628,70.69,0.28,178599146,189978489197,23828,1615375584,2024,5,0.49999999999999994,-0.8660254037844387,0.0232152372769777,0.023639623180607,0.0238940941237424,28,1
2,台北市,2024-05,2024,0.0229261342604628,70.69,0.28,178599146,189978489197,48455,115916767,2024,5,0.49999999999999994,-0.8660254037844387,0.0232152372769777,0.023639623180607,0.0238940941237424,28,0
2,台北市,2024-05,2024,0.0229261342604628,70.69,0.28,178599146,189978489197,18693,65155262,2024,5,0.49999999999999994,-0.8660254037844387,0.0232152372769777,0.023639623180607,0.0238940941237424,30,0
2,台北市,2024-05,2024,0.0229261342604628,70.69,0.28,178599146,189978489197,12909,63337955,2024,5,0.49999999999999994,-0.8660254037844387,0.0232152372769777,0.023639623180607,0.0238940941237424,30,1
2,台北市,2024-05,2024,0.0229261342604628,70.69,0.28,178599146,189978489197,8,19359,2024,5,0.49999999999999994,-0.8660254037844387,0.0232152372769777,0.023639623180607,0.0238940941237424,31,0
2,台北市,2024-05,2024,0.0229261342604628,70.69,0.28,178599146,189978489197,1515,2090100,2024,5,0.49999999999999994,-0.8660254037844387,0.0232152372769777,0.023639623180607,0.0238940941237424,31,1
2,台北市,2024-05,2024,0.0229261342604628,70.69,0.28,178599146,189978489197,342,546373,2024,5,0.49999999999999994,-0.8660254037844387,0.0232152372769777,0.023639623180607,0.0238940941237424,33,0
2,台北市,2024-05,2024,0.0229261342604628,70.69,0.28,178599146,189978489197,648,73791871,2024,5,0.49999999999999994,-0.8660254037844387,0.0232152372769777,0.023639623180607,0.0238940941237424,33,1
2,台北市,2024-05,2024,0.0229261342604628,70.69,0.28,178599146,189978489197,3,154365,2024,5,0.49999999999999994,-0.8660254037844387,0.0232152372769777,0.023639623180607,0.0238940941237424,34,1
2,台北市,2024-05,2024,0.0229261342604628,70.69,0.28,178599146,189978489197,25,117250,2024,5,0.49999999999999994,-0.8660254037844387,0.0232152372769777,0.023639623180607,0.0238940941237424,34,0
2,台北市,2024-05,2024,0.0229261342604628,70.69,0.28,178599146,189978489197,144974,101356879,2024,5,0.49999999999999994,-0.8660254037844387,0.0232152372769777,0.023639623180607,0.0238940941237424,36,0
2,台北市,2024-05,2024,0.0229261342604628,70.69,0.28,178599146,189978489197,51175,302713517,2024,5,0.49999999999999994,-0.8660254037844387,0.0232152372769777,0.023639623180607,0.0238940941237424,36,1
2,台北市,2024-05,2024,0.0229261342604628,70.69,0.28,178599146,189978489197,187961,296222314,2024,5,0.49999999999999994,-0.8660254037844387,0.0232152372769777,0.023639623180607,0.0238940941237424,37,0
2,台北市,2024-05,2024,0.0229261342604628,70.69,0.28,178599146,189978489197,9912,59998988,2024,5,0.49999999999999994,-0.8660254037844387,0.0232152372769777,0.023639623180607,0.0238940941237424,37,1
2,台北市,2024-05,2024,0.0229261342604628,70.69,0.28,178599146,189978489197,1872,9205538,2024,5,0.49999999999999994,-0.8660254037844387,0.0232152372769777,0.023639623180607,0.0238940941237424,38,0
2,台北市,2024-05,2024,0.0229261342604628,70.69,0.28,178599146,189978489197,2551,29402583,2024,5,0.49999999999999994,-0.8660254037844387,0.0232152372769777,0.023639623180607,0.0238940941237424,38,1
2,台北市,2024-05,2024,0.0229261342604628,70.69,0.28,178599146,189978489197,5537,2317636666,2024,5,0.49999999999999994,-0.8660254037844387,0.0232152372769777,0.023639623180607,0.0238940941237424,39,1
2,台北市,2024-05,2024,0.0229261342604628,70.69,0.28,178599146,189978489197,4750,36903231,2024,5,0.49999999999999994,-0.8660254037844387,0.0232152372769777,0.023639623180607,0.0238940941237424,39,0
2,台北市,2024-05,2024,0.0229261342604628,70.69,0.28,178599146,189978489197,6343,47529469,2024,5,0.49999999999999994,-0.8660254037844387,0.0232152372769777,0.023639623180607,0.0238940941237424,40,1
2,台北市,2024-05,2024,0.0229261342604628,70.69,0.28,178599146,189978489197,2191,6313592,2024,5,0.49999999999999994,-0.8660254037844387,0.0232152372769777,0.023639623180607,0.0238940941237424,40,0
2,台北市,2024-05,2024,0.0229261342604628,70.69,0.28,178599146,189978489197,184707,642147325,2024,5,0.49999999999999994,-0.8660254037844387,0.0232152372769777,0.023639623180607,0.0238940941237424,41,1
2,台北市,2024-05,2024,0.0229261342604628,70.69,0.28,178599146,189978489197,4677998,8466203192,2024,5,0.49999999999999994,-0.8660254037844387,0.0232152372769777,0.023639623180607,0.0238940941237424,41,0
2,台北市,2024-05,2024,0.0229261342604628,70.69,0.28,178599146,189978489197,9642,17547097,2024,5,0.49999999999999994,-0.8660254037844387,0.0232152372769777,0.023639623180607,0.0238940941237424,43,0
2,台北市,2024-05,2024,0.0229261342604628,70.69,0.28,178599146,189978489197,1796,4368749,2024,5,0.49999999999999994,-0.8660254037844387,0.0232152372769777,0.023639623180607,0.0238940941237424,43,1
2,台北市,2024-05,2024,0.0229261342604628,70.69,0.28,178599146,189978489197,6524274,8288957343,2024,5,0.49999999999999994,-0.8660254037844387,0.0232152372769777,0.023639623180607,0.0238940941237424,44,0
2,台北市,2024-05,2024,0.0229261342604628,70.69,0.28,178599146,189978489197,3280258,26513785162,2024,5,0.49999999999999994,-0.8660254037844387,0.0232152372769777,0.023639623180607,0.0238940941237424,44,1
2,台北市,2024-05,2024,0.0229261342604628,70.69,0.28,178599146,189978489197,38133,249811144,2024,5,0.49999999999999994,-0.8660254037844387,0.0232152372769777,0.023639623180607,0.0238940941237424,46,1
2,台北市,2024-05,2024,0.0229261342604628,70.69,0.28,178599146,189978489197,36026,262639112,2024,5,0.49999999999999994,-0.8660254037844387,0.0232152372769777,0.023639623180607,0.0238940941237424,46,0
2,台北市,2024-05,2024,0.0229261342604628,70.69,0.28,178599146,189978489197,586,1690421,2024,5,0.49999999999999994,-0.8660254037844387,0.0232152372769777,0.023639623180607,0.0238940941237424,48,0
2,台北市,2024-05,2024,0.0229261342604628,70.69,0.28,178599146,189978489197,1445,51595987,2024,5,0.49999999999999994,-0.8660254037844387,0.0232152372769777,0.023639623180607,0.0238940941237424,48,1
2,台北市,2024-05,2024,0.0229261342604628,70.69,0.28,178599146,189978489197,69233,658059297,2024,5,0.49999999999999994,-0.8660254037844387,0.0232152372769777,0.023639623180607,0.0238940941237424,50,1
2,台北市,2024-05,2024,0.0229261342604628,70.69,0.28,178599146,189978489197,123293,431344718,2024,5,0.49999999999999994,-0.8660254037844387,0.0232152372769777,0.023639623180607,0.0238940941237424,50,0
2,台北市,2024-05,2024,0.0229261342604628,70.69,0.28,178599146,189978489197,31654,364978974,2024,5,0.49999999999999994,-0.8660254037844387,0.0232152372769777,0.023639623180607,0.0238940941237424,52,1
2,台北市,2024-05,2024,0.0229261342604628,70.69,0.28,178599146,189978489197,24202,8188059,2024,5,0.49999999999999994,-0.8660254037844387,0.0232152372769777,0.023639623180607,0.0238940941237424,52,0
2,台北市,2024-05,2024,0.0229261342604628,70.69,0.28,178599146,189978489197,3109,20933301,2024,5,0.49999999999999994,-0.8660254037844387,0.0232152372769777,0.023639623180607,0.0238940941237424,53,1
2,台北市,2024-05,2024,0.0229261342604628,70.69,0.28,178599146,189978489197,698,119159,2024,5,0.49999999999999994,-0.8660254037844387,0.0232152372769777,0.023639623180607,0.0238940941237424,53,0
2,台北市,2024-05,2024,0.0229261342604628,70.69,0.28,178599146,189978489197,371,1462811,2024,5,0.49999999999999994,-0.8660254037844387,0.0232152372769777,0.023639623180607,0.0238940941237424,54,0
2,台北市,2024-05,2024,0.0229261342604628,70.69,0.28,178599146,189978489197,1154,2289067250,2024,5,0.49999999999999994,-0.8660254037844387,0.0232152372769777,0.023639623180607,0.0238940941237424,54,1
2,台北市,2024-05,2024,0.0229261342604628,70.69,0.28,178599146,189978489197,136,59609727,2024,5,0.49999999999999994,-0.8660254037844387,0.0232152372769777,0.023639623180607,0.0238940941237424,56,1
2,台北市,2024-05,2024,0.0229261342604628,70.69,0.28,178599146,189978489197,365,5678553,2024,5,0.49999999999999994,-0.8660254037844387,0.0232152372769777,0.023639623180607,0.0238940941237424,56,0
2,台北市,2024-05,2024,0.0229261342604628,70.69,0.28,178599146,189978489197,84,2499064,2024,5,0.49999999999999994,-0.8660254037844387,0.0232152372769777,0.023639623180607,0.0238940941237424,57,1
2,台北市,2024-05,2024,0.0229261342604628,70.69,0.28,178599146,189978489197,3775,762054,2024,5,0.49999999999999994,-0.8660254037844387,0.0232152372769777,0.023639623180607,0.0238940941237424,58,0
2,台北市,2024-05,2024,0.0229261342604628,70.69,0.28,178599146,189978489197,3049,58762459,2024,5,0.49999999999999994,-0.8660254037844387,0.0232152372769777,0.023639623180607,0.0238940941237424,58,1
2,台北市,2024-05,2024,0.0229261342604628,70.69,0.28,178599146,189978489197,137,2907419,2024,5,0.49999999999999994,-0.8660254037844387,0.0232152372769777,0.023639623180607,0.0238940941237424,59,1
2,台北市,2024-05,2024,0.0229261342604628,70.69,0.28,178599146,189978489197,1719,2216049,2024,5,0.49999999999999994,-0.8660254037844387,0.0232152372769777,0.023639623180607,0.0238940941237424,59,0
2,台北市,2024-05,2024,0.0229261342604628,70.69,0.28,178599146,189978489197,768333,323896299,2024,5,0.49999999999999994,-0.8660254037844387,0.0232152372769777,0.023639623180607,0.0238940941237424,60,0
2,台北市,2024-05,2024,0.0229261342604628,70.69,0.28,178599146,189978489197,6,240927,2024,5,0.49999999999999994,-0.8660254037844387,0.0232152372769777,0.023639623180607,0.0238940941237424,60,1
2,台北市,2024-05,2024,0.0229261342604628,70.69,0.28,178599146,189978489197,366,1847136,2024,5,0.49999999999999994,-0.8660254037844387,0.0232152372769777,0.023639623180607,0.0238940941237424,61,0
2,台北市,2024-05,2024,0.0229261342604628,70.69,0.28,178599146,189978489197,787,3509581,2024,5,0.49999999999999994,-0.8660254037844387,0.0232152372769777,0.023639623180607,0.0238940941237424,61,1
2,台北市,2024-05,2024,0.0229261342604628,70.69,0.28,178599146,189978489197,12,5519800,2024,5,0.49999999999999994,-0.8660254037844387,0.0232152372769777,0.023639623180607,0.0238940941237424,62,1
2,台北市,2024-05,2024,0.0229261342604628,70.69,0.28,178599146,189978489197,88989,45481835,2024,5,0.49999999999999994,-0.8660254037844387,0.0232152372769777,0.023639623180607,0.0238940941237424,63,1
2,台北市,2024-05,2024,0.0229261342604628,70.69,0.28,178599146,189978489197,66160,21734732,2024,5,0.49999999999999994,-0.8660254037844387,0.0232152372769777,0.023639623180607,0.0238940941237424,63,0
2,台北市,2024-05,2024,0.0229261342604628,70.69,0.28,178599146,189978489197,447,45959923,2024,5,0.49999999999999994,-0.8660254037844387,0.0232152372769777,0.023639623180607,0.0238940941237424,66,1
2,台北市,2024-05,2024,0.0229261342604628,70.69,0.28,178599146,189978489197,1379,4280543,2024,5,0.49999999999999994,-0.8660254037844387,0.0232152372769777,0.023639623180607,0.0238940941237424,66,0
2,台北市,2024-05,2024,0.0229261342604628,70.69,0.28,178599146,189978489197,205302,6122802308,2024,5,0.49999999999999994,-0.8660254037844387,0.0232152372769777,0.023639623180607,0.0238940941237424,67,1
2,台北市,2024-05,2024,0.0229261342604628,70.69,0.28,178599146,189978489197,1003671,693079021,2024,5,0.49999999999999994,-0.8660254037844387,0.0232152372769777,0.023639623180607,0.0238940941237424,67,0
2,台北市,2024-05,2024,0.0229261342604628,70.69,0.28,178599146,189978489197,4448,11994196,2024,5,0.49999999999999994,-0.8660254037844387,0.0232152372769777,0.023639623180607,0.0238940941237424,68,0
2,台北市,2024-05,2024,0.0229261342604628,70.69,0.28,178599146,189978489197,459,1942952,2024,5,0.49999999999999994,-0.8660254037844387,0.0232152372769777,0.023639623180607,0.0238940941237424,68,1
2,台北市,2024-05,2024,0.0229261342604628,70.69,0.28,178599146,189978489197,1213,6154194,2024,5,0.49999999999999994,-0.8660254037844387,0.0232152372769777,0.023639623180607,0.0238940941237424,69,0
2,台北市,2024-05,2024,0.0229261342604628,70.69,0.28,178599146,189978489197,1497,195351454,2024,5,0.49999999999999994,-0.8660254037844387,0.0232152372769777,0.023639623180607,0.0238940941237424,69,1
2,台北市,2024-05,2024,0.0229261342604628,70.69,0.28,178599146,189978489197,3261,5339061,2024,5,0.49999999999999994,-0.8660254037844387,0.0232152372769777,0.023639623180607,0.0238940941237424,70,0
2,台北市,2024-05,2024,0.0229261342604628,70.69,0.28,178599146,189978489197,8289,60524986,2024,5,0.49999999999999994,-0.8660254037844387,0.0232152372769777,0.023639623180607,0.0238940941237424,70,1
2,台北市,2024-05,2024,0.0229261342604628,70.69,0.28,178599146,189978489197,12,38994,2024,5,0.49999999999999994,-0.8660254037844387,0.0232152372769777,0.023639623180607,0.0238940941237424,71,1
2,台北市,2024-05,2024,0.0229261342604628,70.69,0.28,178599146,189978489197,26,22600490,2024,5,0.49999999999999994,-0.8660254037844387,0.0232152372769777,0.023639623180607,0.0238940941237424,72,0
2,台北市,2024-05,2024,0.0229261342604628,70.69,0.28,178599146,189978489197,13458,242590883,2024,5,0.49999999999999994,-0.8660254037844387,0.0232152372769777,0.023639623180607,0.0238940941237424,72,1
2,台北市,2024-05,2024,0.0229261342604628,70.69,0.28,178599146,189978489197,32808,49837927,2024,5,0.49999999999999994,-0.8660254037844387,0.0232152372769777,0.023639623180607,0.0238940941237424,73,0
2,台北市,2024-05,2024,0.0229261342604628,70.69,0.28,178599146,189978489197,42112,85441504,2024,5,0.49999999999999994,-0.8660254037844387,0.0232152372769777,0.023639623180607,0.0238940941237424,73,1
2,台北市,2024-05,2024,0.0229261342604628,70.69,0.28,178599146,189978489197,189402,460648727,2024,5,0.49999999999999994,-0.8660254037844387,0.0232152372769777,0.023639623180607,0.0238940941237424,75,1
2,台北市,2024-05,2024,0.0229261342604628,70.69,0.28,178599146,189978489197,788808,533329787,2024,5,0.49999999999999994,-0.8660254037844387,0.0232152372769777,0.023639623180607,0.0238940941237424,75,0
2,台北市,2024-05,2024,0.0229261342604628,70.69,0.28,178599146,189978489197,333659,584009378,2024,5,0.49999999999999994,-0.8660254037844387,0.0232152372769777,0.023639623180607,0.0238940941237424,77,1
2,台北市,2024-05,2024,0.0229261342604628,70.69,0.28,178599146,189978489197,32170225,14122856670,2024,5,0.49999999999999994,-0.8660254037844387,0.0232152372769777,0.023639623180607,0.0238940941237424,77,0
2,台北市,2024-05,2024,0.0229261342604628,70.69,0.28,178599146,189978489197,2079,144338725,2024,5,0.49999999999999994,-0.8660254037844387,0.0232152372769777,0.023639623180607,0.0238940941237424,78,1
2,台北市,2024-05,2024,0.0229261342604628,70.69,0.28,178599146,189978489197,9281,15265642,2024,5,0.49999999999999994,-0.8660254037844387,0.0232152372769777,0.023639623180607,0.0238940941237424,78,0
2,台北市,2024-05,2024,0.0229261342604628,70.69,0.28,178599146,189978489197,280034,348167436,2024,5,0.49999999999999994,-0.8660254037844387,0.0232152372769777,0.023639623180607,0.0238940941237424,79,1
2,台北市,2024-05,2024,0.0229261342604628,70.69,0.28,178599146,189978489197,375060,434733030,2024,5,0.49999999999999994,-0.8660254037844387,0.0232152372769777,0.023639623180607,0.0238940941237424,79,0
2,台北市,2024-05,2024,0.0229261342604628,70.69,0.28,178599146,189978489197,1874453,3959023054,2024,5,0.49999999999999994,-0.8660254037844387,0.0232152372769777,0.023639623180607,0.0238940941237424,80,1
2,台北市,2024-05,2024,0.0229261342604628,70.69,0.28,178599146,189978489197,2109548,380089716,2024,5,0.49999999999999994,-0.8660254037844387,0.0232152372769777,0.023639623180607,0.0238940941237424,80,0
2,台北市,2024-05,2024,0.0229261342604628,70.69,0.28,178599146,189978489197,7181,4722506,2024,5,0.49999999999999994,-0.8660254037844387,0.0232152372769777,0.023639623180607,0.0238940941237424,81,1
2,台北市,2024-05,2024,0.0229261342604628,70.69,0.28,178599146,189978489197,4150,2049995,2024,5,0.49999999999999994,-0.8660254037844387,0.0232152372769777,0.023639623180607,0.0238940941237424,81,0
2,台北市,2024-05,2024,0.0229261342604628,70.69,0.28,178599146,189978489197,10274,61335999,2024,5,0.49999999999999994,-0.8660254037844387,0.0232152372769777,0.023639623180607,0.0238940941237424,83,1
2,台北市,2024-05,2024,0.0229261342604628,70.69,0.28,178599146,189978489197,13621,69518326,2024,5,0.49999999999999994,-0.8660254037844387,0.0232152372769777,0.023639623180607,0.0238940941237424,83,0
2,台北市,2024-05,2024,0.0229261342604628,70.69,0.28,178599146,189978489197,795,238284664,2024,5,0.49999999999999994,-0.8660254037844387,0.0232152372769777,0.023639623180607,0.0238940941237424,84,1
2,台北市,2024-05,2024,0.0229261342604628,70.69,0.28,178599146,189978489197,45,251258,2024,5,0.49999999999999994,-0.8660254037844387,0.0232152372769777,0.023639623180607,0.0238940941237424,84,0
2,台北市,2024-05,2024,0.0229261342604628,70.69,0.28,178599146,189978489197,20758,2216175697,2024,5,0.49999999999999994,-0.8660254037844387,0.0232152372769777,0.023639623180607,0.0238940941237424,86,1
2,台北市,2024-05,2024,0.0229261342604628,70.69,0.28,178599146,189978489197,74225,132024177,2024,5,0.49999999999999994,-0.8660254037844387,0.0232152372769777,0.023639623180607,0.0238940941237424,86,0
2,台北市,2024-05,2024,0.0229261342604628,70.69,0.28,178599146,189978489197,234255,261222707,2024,5,0.49999999999999994,-0.8660254037844387,0.0232152372769777,0.023639623180607,0.0238940941237424,87,0
2,台北市,2024-05,2024,0.0229261342604628,70.69,0.28,178599146,189978489197,141811,158775696,2024,5,0.49999999999999994,-0.8660254037844387,0.0232152372769777,0.023639623180607,0.0238940941237424,87,1
2,台北市,2024-05,2024,0.0229261342604628,70.69,0.28,178599146,189978489197,49797382,24192729271,2024,5,0.49999999999999994,-0.8660254037844387,0.0232152372769777,0.023639623180607,0.0238940941237424,88,0
2,台北市,2024-05,2024,0.0229261342604628,70.69,0.28,178599146,189978489197,29608515,23603843090,2024,5,0.49999999999999994,-0.8660254037844387,0.0232152372769777,0.023639623180607,0.0238940941237424,88,1
2,台北市,2024-05,2024,0.0229261342604628,70.69,0.28,178599146,189978489197,16165753,11838781567,2024,5,0.49999999999999994,-0.8660254037844387,0.0232152372769777,0.023639623180607,0.0238940941237424,89,0
2,台北市,2024-05,2024,0.0229261342604628,70.69,0.28,178599146,189978489197,97284,404359951,2024,5,0.49999999999999994,-0.8660254037844387,0.0232152372769777,0.023639623180607,0.0238940941237424,89,1
2,台北市,2024-05,2024,0.0229261342604628,70.69,0.28,178599146,189978489197,17562,19502768,2024,5,0.49999999999999994,-0.8660254037844387,0.0232152372769777,0.023639623180607,0.0238940941237424,90,1
2,台北市,2024-05,2024,0.0229261342604628,70.69,0.28,178599146,189978489197,797248,1292389002,2024,5,0.49999999999999994,-0.8660254037844387,0.0232152372769777,0.023639623180607,0.0238940941237424,90,0
2,台北市,2024-05,2024,0.0229261342604628,70.69,0.28,178599146,189978489197,15801,21365504,2024,5,0.49999999999999994,-0.8660254037844387,0.0232152372769777,0.023639623180607,0.0238940941237424,91,0
2,台北市,2024-05,2024,0.0229261342604628,70.69,0.28,178599146,189978489197,4080,269975208,2024,5,0.49999999999999994,-0.8660254037844387,0.0232152372769777,0.023639623180607,0.0238940941237424,91,1
2,台北市,2024-05,2024,0.0229261342604628,70.69,0.28,178599146,189978489197,1176,240288244,2024,5,0.49999999999999994,-0.8660254037844387,0.0232152372769777,0.023639623180607,0.0238940941237424,93,1
2,台北市,2024-05,2024,0.0229261342604628,70.69,0.28,178599146,189978489197,417,1773921,2024,5,0.49999999999999994,-0.8660254037844387,0.0232152372769777,0.023639623180607,0.0238940941237424,93,0
2,台北市,2024-05,2024,0.0229261342604628,70.69,0.28,178599146,189978489197,4337,523504556,2024,5,0.49999999999999994,-0.8660254037844387,0.0232152372769777,0.023639623180607,0.0238940941237424,94,1
2,台北市,2024-05,2024,0.0229261342604628,70.69,0.28,178599146,189978489197,26690,49281860,2024,5,0.49999999999999994,-0.8660254037844387,0.0232152372769777,0.023639623180607,0.0238940941237424,94,0
2,台北市,2024-05,2024,0.0229261342604628,70.69,0.28,178599146,189978489197,1455303,436890203,2024,5,0.49999999999999994,-0.8660254037844387,0.0232152372769777,0.023639623180607,0.0238940941237424,95,0
2,台北市,2024-05,2024,0.0229261342604628,70.69,0.28,178599146,189978489197,86119,388550185,2024,5,0.49999999999999994,-0.8660254037844387,0.0232152372769777,0.023639623180607,0.0238940941237424,95,1
2,台北市,2024-05,2024,0.0229261342604628,70.69,0.28,178599146,189978489197,4272,467886461,2024,5,0.49999999999999994,-0.8660254037844387,0.0232152372769777,0.023639623180607,0.0238940941237424,97,1
2,台北市,2024-05,2024,0.0229261342604628,70.69,0.28,178599146,189978489197,338,1512360,2024,5,0.49999999999999994,-0.8660254037844387,0.0232152372769777,0.023639623180607,0.0238940941237424,97,0
2,台北市,2024-05,2024,0.0229261342604628,70.69,0.28,178599146,189978489197,525860,552277864,2024,5,0.49999999999999994,-0.8660254037844387,0.0232152372769777,0.023639623180607,0.0238940941237424,98,1
2,台北市,2024-05,2024,0.0229261342604628,70.69,0.28,178599146,189978489197,468730,174623116,2024,5,0.49999999999999994,-0.8660254037844387,0.0232152372769777,0.023639623180607,0.0238940941237424,98,0
2,台北市,2024-05,2024,0.0229261342604628,70.69,0.28,178599146,189978489197,9809,1904320,2024,5,0.49999999999999994,-0.8660254037844387,0.0232152372769777,0.023639623180607,0.0238940941237424,100,0
2,台北市,2024-05,2024,0.0229261342604628,70.69,0.28,178599146,189978489197,11463,8317083,2024,5,0.49999999999999994,-0.8660254037844387,0.0232152372769777,0.023639623180607,0.0238940941237424,100,1
2,台北市,2024-05,2024,0.0229261342604628,70.69,0.28,178599146,189978489197,10252689,4654736666,2024,5,0.49999999999999994,-0.8660254037844387,0.0232152372769777,0.023639623180607,0.0238940941237424,101,1
2,台北市,2024-05,2024,0.0229261342604628,70.69,0.28,178599146,189978489197,10132704,3424762549,2024,5,0.49999999999999994,-0.8660254037844387,0.0232152372769777,0.023639623180607,0.0238940941237424,101,0
2,台北市,2024-06,2024,0.0238527598546631,70.69,0.28,174431178,185227295698,65167,393594891,2024,6,1.2246467991473532e-16,-1.0,0.0229261342604628,0.0232152372769777,0.023639623180607,0,0
2,台北市,2024-06,2024,0.0238527598546631,70.69,0.28,174431178,185227295698,96973,5009753661,2024,6,1.2246467991473532e-16,-1.0,0.0229261342604628,0.0232152372769777,0.023639623180607,0,1
2,台北市,2024-06,2024,0.0238527598546631,70.69,0.28,174431178,185227295698,568676,1176147211,2024,6,1.2246467991473532e-16,-1.0,0.0229261342604628,0.0232152372769777,0.023639623180607,1,0
2,台北市,2024-06,2024,0.0238527598546631,70.69,0.28,174431178,185227295698,507050,15120752980,2024,6,1.2246467991473532e-16,-1.0,0.0229261342604628,0.0232152372769777,0.023639623180607,1,1
2,台北市,2024-06,2024,0.0238527598546631,70.69,0.28,174431178,185227295698,56412,31722854,2024,6,1.2246467991473532e-16,-1.0,0.0229261342604628,0.0232152372769777,0.023639623180607,2,0
2,台北市,2024-06,2024,0.0238527598546631,70.69,0.28,174431178,185227295698,361627,203891679,2024,6,1.2246467991473532e-16,-1.0,0.0229261342604628,0.0232152372769777,0.023639623180607,2,1
2,台北市,2024-06,2024,0.0238527598546631,70.69,0.28,174431178,185227295698,82835,447012233,2024,6,1.2246467991473532e-16,-1.0,0.0229261342604628,0.0232152372769777,0.023639623180607,3,1
2,台北市,2024-06,2024,0.0238527598546631,70.69,0.28,174431178,185227295698,124874,198973933,2024,6,1.2246467991473532e-16,-1.0,0.0229261342604628,0.0232152372769777,0.023639623180607,3,0
2,台北市,2024-06,2024,0.0238527598546631,70.69,0.28,174431178,185227295698,270163,1838289124,2024,6,1.2246467991473532e-16,-1.0,0.0229261342604628,0.0232152372769777,0.023639623180607,5,1
2,台北市,2024-06,2024,0.0238527598546631,70.69,0.28,174431178,185227295698,70281,186694951,2024,6,1.2246467991473532e-16,-1.0,0.0229261342604628,0.0232152372769777,0.023639623180607,5,0
2,台北市,2024-06,2024,0.0238527598546631,70.69,0.28,174431178,185227295698,1779,12426364,2024,6,1.2246467991473532e-16,-1.0,0.0229261342604628,0.0232152372769777,0.023639623180607,6,0
2,台北市,2024-06,2024,0.0238527598546631,70.69,0.28,174431178,185227295698,1257,60353545,2024,6,1.2246467991473532e-16,-1.0,0.0229261342604628,0.0232152372769777,0.023639623180607,6,1
2,台北市,2024-06,2024,0.0238527598546631,70.69,0.28,174431178,185227295698,7625,462739937,2024,6,1.2246467991473532e-16,-1.0,0.0229261342604628,0.0232152372769777,0.023639623180607,7,1
2,台北市,2024-06,2024,0.0238527598546631,70.69,0.28,174431178,185227295698,12333,20196733,2024,6,1.2246467991473532e-16,-1.0,0.0229261342604628,0.0232152372769777,0.023639623180607,7,0
2,台北市,2024-06,2024,0.0238527598546631,70.69,0.28,174431178,185227295698,3048,12731083,2024,6,1.2246467991473532e-16,-1.0,0.0229261342604628,0.0232152372769777,0.023639623180607,8,0
2,台北市,2024-06,2024,0.0238527598546631,70.69,0.28,174431178,185227295698,7327,43718147,2024,6,1.2246467991473532e-16,-1.0,0.0229261342604628,0.0232152372769777,0.023639623180607,8,1
2,台北市,2024-06,2024,0.0238527598546631,70.69,0.28,174431178,185227295698,17481,527908918,2024,6,1.2246467991473532e-16,-1.0,0.0229261342604628,0.0232152372769777,0.023639623180607,9,1
2,台北市,2024-06,2024,0.0238527598546631,70.69,0.28,174431178,185227295698,10524,45152540,2024,6,1.2246467991473532e-16,-1.0,0.0229261342604628,0.0232152372769777,0.023639623180607,9,0
2,台北市,2024-06,2024,0.0238527598546631,70.69,0.28,174431178,185227295698,8449,348438614,2024,6,1.2246467991473532e-16,-1.0,0.0229261342604628,0.0232152372769777,0.023639623180607,12,1
2,台北市,2024-06,2024,0.0238527598546631,70.69,0.28,174431178,185227295698,2508,7884424,2024,6,1.2246467991473532e-16,-1.0,0.0229261342604628,0.0232152372769777,0.023639623180607,12,0
2,台北市,2024-06,2024,0.0238527598546631,70.69,0.28,174431178,185227295698,13535,40154093,2024,6,1.2246467991473532e-16,-1.0,0.0229261342604628,0.0232152372769777,0.023639623180607,13,0
2,台北市,2024-06,2024,0.0238527598546631,70.69,0.28,174431178,185227295698,11033,143743863,2024,6,1.2246467991473532e-16,-1.0,0.0229261342604628,0.0232152372769777,0.023639623180607,13,1
2,台北市,2024-06,2024,0.0238527598546631,70.69,0.28,174431178,185227295698,3162,1514717,2024,6,1.2246467991473532e-16,-1.0,0.0229261342604628,0.0232152372769777,0.023639623180607,14,0
2,台北市,2024-06,2024,0.0238527598546631,70.69,0.28,174431178,185227295698,9101,10726981,2024,6,1.2246467991473532e-16,-1.0,0.0229261342604628,0.0232152372769777,0.023639623180607,14,1
2,台北市,2024-06,2024,0.0238527598546631,70.69,0.28,174431178,185227295698,1989,10041254,2024,6,1.2246467991473532e-16,-1.0,0.0229261342604628,0.0232152372769777,0.023639623180607,15,1
2,台北市,2024-06,2024,0.0238527598546631,70.69,0.28,174431178,185227295698,1279,9343801,2024,6,1.2246467991473532e-16,-1.0,0.0229261342604628,0.0232152372769777,0.023639623180607,15,0
2,台北市,2024-06,2024,0.0238527598546631,70.69,0.28,174431178,185227295698,1003,1499888,2024,6,1.2246467991473532e-16,-1.0,0.0229261342604628,0.0232152372769777,0.023639623180607,16,0
2,台北市,2024-06,2024,0.0238527598546631,70.69,0.28,174431178,185227295698,727,42268657,2024,6,1.2246467991473532e-16,-1.0,0.0229261342604628,0.0232152372769777,0.023639623180607,16,1
2,台北市,2024-06,2024,0.0238527598546631,70.69,0.28,174431178,185227295698,40228,101521902,2024,6,1.2246467991473532e-16,-1.0,0.0229261342604628,0.0232152372769777,0.023639623180607,17,1
2,台北市,2024-06,2024,0.0238527598546631,70.69,0.28,174431178,185227295698,124001,184592338,2024,6,1.2246467991473532e-16,-1.0,0.0229261342604628,0.0232152372769777,0.023639623180607,17,0
2,台北市,2024-06,2024,0.0238527598546631,70.69,0.28,174431178,185227295698,46963,40890383,2024,6,1.2246467991473532e-16,-1.0,0.0229261342604628,0.0232152372769777,0.023639623180607,18,0
2,台北市,2024-06,2024,0.0238527598546631,70.69,0.28,174431178,185227295698,35091,38837763,2024,6,1.2246467991473532e-16,-1.0,0.0229261342604628,0.0232152372769777,0.023639623180607,18,1
2,台北市,2024-06,2024,0.0238527598546631,70.69,0.28,174431178,185227295698,406,359386082,2024,6,1.2246467991473532e-16,-1.0,0.0229261342604628,0.0232152372769777,0.023639623180607,19,1
2,台北市,2024-06,2024,0.0238527598546631,70.69,0.28,174431178,185227295698,979,1662339,2024,6,1.2246467991473532e-16,-1.0,0.0229261342604628,0.0232152372769777,0.023639623180607,19,0
2,台北市,2024-06,2024,0.0238527598546631,70.69,0.28,174431178,185227295698,14,32950,2024,6,1.2246467991473532e-16,-1.0,0.0229261342604628,0.0232152372769777,0.023639623180607,20,0
2,台北市,2024-06,2024,0.0238527598546631,70.69,0.28,174431178,185227295698,1,218805312,2024,6,1.2246467991473532e-16,-1.0,0.0229261342604628,0.0232152372769777,0.023639623180607,20,1
2,台北市,2024-06,2024,0.0238527598546631,70.69,0.28,174431178,185227295698,8661,28207648,2024,6,1.2246467991473532e-16,-1.0,0.0229261342604628,0.0232152372769777,0.023639623180607,21,0
2,台北市,2024-06,2024,0.0238527598546631,70.69,0.28,174431178,185227295698,5117,31616505,2024,6,1.2246467991473532e-16,-1.0,0.0229261342604628,0.0232152372769777,0.023639623180607,21,1
2,台北市,2024-06,2024,0.0238527598546631,70.69,0.28,174431178,185227295698,7918,3712161,2024,6,1.2246467991473532e-16,-1.0,0.0229261342604628,0.0232152372769777,0.023639623180607,22,0
2,台北市,2024-06,2024,0.0238527598546631,70.69,0.28,174431178,185227295698,6511,2642074,2024,6,1.2246467991473532e-16,-1.0,0.0229261342604628,0.0232152372769777,0.023639623180607,22,1
2,台北市,2024-06,2024,0.0238527598546631,70.69,0.28,174431178,185227295698,214,608872,2024,6,1.2246467991473532e-16,-1.0,0.0229261342604628,0.0232152372769777,0.023639623180607,23,0
2,台北市,2024-06,2024,0.0238527598546631,70.69,0.28,174431178,185227295698,1422,289027073,2024,6,1.2246467991473532e-16,-1.0,0.0229261342604628,0.0232152372769777,0.023639623180607,23,1
2,台北市,2024-06,2024,0.0238527598546631,70.69,0.28,174431178,185227295698,137,231325811,2024,6,1.2246467991473532e-16,-1.0,0.0229261342604628,0.0232152372769777,0.023639623180607,24,1
2,台北市,2024-06,2024,0.0238527598546631,70.69,0.28,174431178,185227295698,304,4151246,2024,6,1.2246467991473532e-16,-1.0,0.0229261342604628,0.0232152372769777,0.023639623180607,25,0
2,台北市,2024-06,2024,0.0238527598546631,70.69,0.28,174431178,185227295698,647,668580142,2024,6,1.2246467991473532e-16,-1.0,0.0229261342604628,0.0232152372769777,0.023639623180607,25,1
2,台北市,2024-06,2024,0.0238527598546631,70.69,0.28,174431178,185227295698,50279,7746203,2024,6,1.2246467991473532e-16,-1.0,0.0229261342604628,0.0232152372769777,0.023639623180607,26,0
2,台北市,2024-06,2024,0.0238527598546631,70.69,0.28,174431178,185227295698,4946,34247316,2024,6,1.2246467991473532e-16,-1.0,0.0229261342604628,0.0232152372769777,0.023639623180607,26,1
2,台北市,2024-06,2024,0.0238527598546631,70.69,0.28,174431178,185227295698,47,1376950,2024,6,1.2246467991473532e-16,-1.0,0.0229261342604628,0.0232152372769777,0.023639623180607,27,1
2,台北市,2024-06,2024,0.0238527598546631,70.69,0.28,174431178,185227295698,54,509859,2024,6,1.2246467991473532e-16,-1.0,0.0229261342604628,0.0232152372769777,0.023639623180607,27,0
2,台北市,2024-06,2024,0.0238527598546631,70.69,0.28,174431178,185227295698,45657,114640031,2024,6,1.2246467991473532e-16,-1.0,0.0229261342604628,0.0232152372769777,0.023639623180607,28,0
2,台北市,2024-06,2024,0.0238527598546631,70.69,0.28,174431178,185227295698,23225,1915057685,2024,6,1.2246467991473532e-16,-1.0,0.0229261342604628,0.0232152372769777,0.023639623180607,28,1
2,台北市,2024-06,2024,0.0238527598546631,70.69,0.28,174431178,185227295698,8504,148137853,2024,6,1.2246467991473532e-16,-1.0,0.0229261342604628,0.0232152372769777,0.023639623180607,30,1
2,台北市,2024-06,2024,0.0238527598546631,70.69,0.28,174431178,185227295698,20136,64889758,2024,6,1.2246467991473532e-16,-1.0,0.0229261342604628,0.0232152372769777,0.023639623180607,30,0
2,台北市,2024-06,2024,0.0238527598546631,70.69,0.28,174431178,185227295698,1221,1794514,2024,6,1.2246467991473532e-16,-1.0,0.0229261342604628,0.0232152372769777,0.023639623180607,31,1
2,台北市,2024-06,2024,0.0238527598546631,70.69,0.28,174431178,185227295698,623,100228807,2024,6,1.2246467991473532e-16,-1.0,0.0229261342604628,0.0232152372769777,0.023639623180607,33,1
2,台北市,2024-06,2024,0.0238527598546631,70.69,0.28,174431178,185227295698,367,626942,2024,6,1.2246467991473532e-16,-1.0,0.0229261342604628,0.0232152372769777,0.023639623180607,33,0
2,台北市,2024-06,2024,0.0238527598546631,70.69,0.28,174431178,185227295698,2,10250,2024,6,1.2246467991473532e-16,-1.0,0.0229261342604628,0.0232152372769777,0.023639623180607,34,1
2,台北市,2024-06,2024,0.0238527598546631,70.69,0.28,174431178,185227295698,22,92125,2024,6,1.2246467991473532e-16,-1.0,0.0229261342604628,0.0232152372769777,0.023639623180607,34,0
2,台北市,2024-06,2024,0.0238527598546631,70.69,0.28,174431178,185227295698,51870,271557878,2024,6,1.2246467991473532e-16,-1.0,0.0229261342604628,0.0232152372769777,0.023639623180607,36,1
2,台北市,2024-06,2024,0.0238527598546631,70.69,0.28,174431178,185227295698,152500,104169448,2024,6,1.2246467991473532e-16,-1.0,0.0229261342604628,0.0232152372769777,0.023639623180607,36,0
2,台北市,2024-06,2024,0.0238527598546631,70.69,0.28,174431178,185227295698,8370,61030060,2024,6,1.2246467991473532e-16,-1.0,0.0229261342604628,0.0232152372769777,0.023639623180607,37,1
2,台北市,2024-06,2024,0.0238527598546631,70.69,0.28,174431178,185227295698,186502,294895088,2024,6,1.2246467991473532e-16,-1.0,0.0229261342604628,0.0232152372769777,0.023639623180607,37,0
2,台北市,2024-06,2024,0.0238527598546631,70.69,0.28,174431178,185227295698,1823,9051426,2024,6,1.2246467991473532e-16,-1.0,0.0229261342604628,0.0232152372769777,0.023639623180607,38,0
2,台北市,2024-06,2024,0.0238527598546631,70.69,0.28,174431178,185227295698,3080,94943161,2024,6,1.2246467991473532e-16,-1.0,0.0229261342604628,0.0232152372769777,0.023639623180607,38,1
2,台北市,2024-06,2024,0.0238527598546631,70.69,0.28,174431178,185227295698,6764,142761011,2024,6,1.2246467991473532e-16,-1.0,0.0229261342604628,0.0232152372769777,0.023639623180607,39,0
2,台北市,2024-06,2024,0.0238527598546631,70.69,0.28,174431178,185227295698,4013,867584467,2024,6,1.2246467991473532e-16,-1.0,0.0229261342604628,0.0232152372769777,0.023639623180607,39,1
2,台北市,2024-06,2024,0.0238527598546631,70.69,0.28,174431178,185227295698,2263,5932437,2024,6,1.2246467991473532e-16,-1.0,0.0229261342604628,0.0232152372769777,0.023639623180607,40,0
2,台北市,2024-06,2024,0.0238527598546631,70.69,0.28,174431178,185227295698,6644,47428839,2024,6,1.2246467991473532e-16,-1.0,0.0229261342604628,0.0232152372769777,0.023639623180607,40,1
2,台北市,2024-06,2024,0.0238527598546631,70.69,0.28,174431178,185227295698,5064158,9208149886,2024,6,1.2246467991473532e-16,-1.0,0.0229261342604628,0.0232152372769777,0.023639623180607,41,0
2,台北市,2024-06,2024,0.0238527598546631,70.69,0.28,174431178,185227295698,228027,761248537,2024,6,1.2246467991473532e-16,-1.0,0.0229261342604628,0.0232152372769777,0.023639623180607,41,1
2,台北市,2024-06,2024,0.0238527598546631,70.69,0.28,174431178,185227295698,1714,4356296,2024,6,1.2246467991473532e-16,-1.0,0.0229261342604628,0.0232152372769777,0.023639623180607,43,1
2,台北市,2024-06,2024,0.0238527598546631,70.69,0.28,174431178,185227295698,8541,17144967,2024,6,1.2246467991473532e-16,-1.0,0.0229261342604628,0.0232152372769777,0.023639623180607,43,0
2,台北市,2024-06,2024,0.0238527598546631,70.69,0.28,174431178,185227295698,3094586,27141029567,2024,6,1.2246467991473532e-16,-1.0,0.0229261342604628,0.0232152372769777,0.023639623180607,44,1
2,台北市,2024-06,2024,0.0238527598546631,70.69,0.28,174431178,185227295698,6378755,8162753706,2024,6,1.2246467991473532e-16,-1.0,0.0229261342604628,0.0232152372769777,0.023639623180607,44,0
2,台北市,2024-06,2024,0.0238527598546631,70.69,0.28,174431178,185227295698,32018,229586679,2024,6,1.2246467991473532e-16,-1.0,0.0229261342604628,0.0232152372769777,0.023639623180607,46,1
2,台北市,2024-06,2024,0.0238527598546631,70.69,0.28,174431178,185227295698,35229,260625309,2024,6,1.2246467991473532e-16,-1.0,0.0229261342604628,0.0232152372769777,0.023639623180607,46,0
2,台北市,2024-06,2024,0.0238527598546631,70.69,0.28,174431178,185227295698,746,2640326,2024,6,1.2246467991473532e-16,-1.0,0.0229261342604628,0.0232152372769777,0.023639623180607,48,0
2,台北市,2024-06,2024,0.0238527598546631,70.69,0.28,174431178,185227295698,1400,82925941,2024,6,1.2246467991473532e-16,-1.0,0.0229261342604628,0.0232152372769777,0.023639623180607,48,1
2,台北市,2024-06,2024,0.0238527598546631,70.69,0.28,174431178,185227295698,120061,459786697,2024,6,1.2246467991473532e-16,-1.0,0.0229261342604628,0.0232152372769777,0.023639623180607,50,0
2,台北市,2024-06,2024,0.0238527598546631,70.69,0.28,174431178,185227295698,70214,594007734,2024,6,1.2246467991473532e-16,-1.0,0.0229261342604628,0.0232152372769777,0.023639623180607,50,1
2,台北市,2024-06,2024,0.0238527598546631,70.69,0.28,174431178,185227295698,28983,304680102,2024,6,1.2246467991473532e-16,-1.0,0.0229261342604628,0.0232152372769777,0.023639623180607,52,1
2,台北市,2024-06,2024,0.0238527598546631,70.69,0.28,174431178,185227295698,24193,8346990,2024,6,1.2246467991473532e-16,-1.0,0.0229261342604628,0.0232152372769777,0.023639623180607,52,0
2,台北市,2024-06,2024,0.0238527598546631,70.69,0.28,174431178,185227295698,540,93330,2024,6,1.2246467991473532e-16,-1.0,0.0229261342604628,0.0232152372769777,0.023639623180607,53,0
2,台北市,2024-06,2024,0.0238527598546631,70.69,0.28,174431178,185227295698,3175,35660252,2024,6,1.2246467991473532e-16,-1.0,0.0229261342604628,0.0232152372769777,0.023639623180607,53,1
2,台北市,2024-06,2024,0.0238527598546631,70.69,0.28,174431178,185227295698,1089,2663276567,2024,6,1.2246467991473532e-16,-1.0,0.0229261342604628,0.0232152372769777,0.023639623180607,54,1
2,台北市,2024-06,2024,0.0238527598546631,70.69,0.28,174431178,185227295698,369,1459159,2024,6,1.2246467991473532e-16,-1.0,0.0229261342604628,0.0232152372769777,0.023639623180607,54,0
2,台北市,2024-06,2024,0.0238527598546631,70.69,0.28,174431178,185227295698,1,1000,2024,6,1.2246467991473532e-16,-1.0,0.0229261342604628,0.0232152372769777,0.023639623180607,55,1
2,台北市,2024-06,2024,0.0238527598546631,70.69,0.28,174431178,185227295698,1062,16493188,2024,6,1.2246467991473532e-16,-1.0,0.0229261342604628,0.0232152372769777,0.023639623180607,56,0
2,台北市,2024-06,2024,0.0238527598546631,70.69,0.28,174431178,185227295698,132,34709510,2024,6,1.2246467991473532e-16,-1.0,0.0229261342604628,0.0232152372769777,0.023639623180607,56,1
2,台北市,2024-06,2024,0.0238527598546631,70.69,0.28,174431178,185227295698,102,50570776,2024,6,1.2246467991473532e-16,-1.0,0.0229261342604628,0.0232152372769777,0.023639623180607,57,1
2,台北市,2024-06,2024,0.0238527598546631,70.69,0.28,174431178,185227295698,2769,49474470,2024,6,1.2246467991473532e-16,-1.0,0.0229261342604628,0.0232152372769777,0.023639623180607,58,1
2,台北市,2024-06,2024,0.0238527598546631,70.69,0.28,174431178,185227295698,3536,737737,2024,6,1.2246467991473532e-16,-1.0,0.0229261342604628,0.0232152372769777,0.023639623180607,58,0
2,台北市,2024-06,2024,0.0238527598546631,70.69,0.28,174431178,185227295698,102,14280578,2024,6,1.2246467991473532e-16,-1.0,0.0229261342604628,0.0232152372769777,0.023639623180607,59,1
2,台北市,2024-06,2024,0.0238527598546631,70.69,0.28,174431178,185227295698,2148,2906507,2024,6,1.2246467991473532e-16,-1.0,0.0229261342604628,0.0232152372769777,0.023639623180607,59,0
2,台北市,2024-06,2024,0.0238527598546631,70.69,0.28,174431178,185227295698,680307,284706767,2024,6,1.2246467991473532e-16,-1.0,0.0229261342604628,0.0232152372769777,0.023639623180607,60,0
2,台北市,2024-06,2024,0.0238527598546631,70.69,0.28,174431178,185227295698,14,290130,2024,6,1.2246467991473532e-16,-1.0,0.0229261342604628,0.0232152372769777,0.023639623180607,60,1
2,台北市,2024-06,2024,0.0238527598546631,70.69,0.28,174431178,185227295698,364,1788390,2024,6,1.2246467991473532e-16,-1.0,0.0229261342604628,0.0232152372769777,0.023639623180607,61,0
2,台北市,2024-06,2024,0.0238527598546631,70.69,0.28,174431178,185227295698,736,2780110,2024,6,1.2246467991473532e-16,-1.0,0.0229261342604628,0.0232152372769777,0.023639623180607,61,1
2,台北市,2024-06,2024,0.0238527598546631,70.69,0.28,174431178,185227295698,11,19800,2024,6,1.2246467991473532e-16,-1.0,0.0229261342604628,0.0232152372769777,0.023639623180607,62,1
2,台北市,2024-06,2024,0.0238527598546631,70.69,0.28,174431178,185227295698,62319,21743665,2024,6,1.2246467991473532e-16,-1.0,0.0229261342604628,0.0232152372769777,0.023639623180607,63,0
2,台北市,2024-06,2024,0.0238527598546631,70.69,0.28,174431178,185227295698,83877,36090241,2024,6,1.2246467991473532e-16,-1.0,0.0229261342604628,0.0232152372769777,0.023639623180607,63,1
2,台北市,2024-06,2024,0.0238527598546631,70.69,0.28,174431178,185227295698,1382,3514936,2024,6,1.2246467991473532e-16,-1.0,0.0229261342604628,0.0232152372769777,0.023639623180607,66,0
2,台北市,2024-06,2024,0.0238527598546631,70.69,0.28,174431178,185227295698,298,50285194,2024,6,1.2246467991473532e-16,-1.0,0.0229261342604628,0.0232152372769777,0.023639623180607,66,1
2,台北市,2024-06,2024,0.0238527598546631,70.69,0.28,174431178,185227295698,977320,354392485,2024,6,1.2246467991473532e-16,-1.0,0.0229261342604628,0.0232152372769777,0.023639623180607,67,0
2,台北市,2024-06,2024,0.0238527598546631,70.69,0.28,174431178,185227295698,206075,5205369394,2024,6,1.2246467991473532e-16,-1.0,0.0229261342604628,0.0232152372769777,0.023639623180607,67,1
2,台北市,2024-06,2024,0.0238527598546631,70.69,0.28,174431178,185227295698,438,1910115,2024,6,1.2246467991473532e-16,-1.0,0.0229261342604628,0.0232152372769777,0.023639623180607,68,1
2,台北市,2024-06,2024,0.0238527598546631,70.69,0.28,174431178,185227295698,5378,17182532,2024,6,1.2246467991473532e-16,-1.0,0.0229261342604628,0.0232152372769777,0.023639623180607,68,0
2,台北市,2024-06,2024,0.0238527598546631,70.69,0.28,174431178,185227295698,1347,140039117,2024,6,1.2246467991473532e-16,-1.0,0.0229261342604628,0.0232152372769777,0.023639623180607,69,1
2,台北市,2024-06,2024,0.0238527598546631,70.69,0.28,174431178,185227295698,1418,3916414,2024,6,1.2246467991473532e-16,-1.0,0.0229261342604628,0.0232152372769777,0.023639623180607,69,0
2,台北市,2024-06,2024,0.0238527598546631,70.69,0.28,174431178,185227295698,3591,4443245,2024,6,1.2246467991473532e-16,-1.0,0.0229261342604628,0.0232152372769777,0.023639623180607,70,0
2,台北市,2024-06,2024,0.0238527598546631,70.69,0.28,174431178,185227295698,7976,15975794,2024,6,1.2246467991473532e-16,-1.0,0.0229261342604628,0.0232152372769777,0.023639623180607,70,1
2,台北市,2024-06,2024,0.0238527598546631,70.69,0.28,174431178,185227295698,11,20870,2024,6,1.2246467991473532e-16,-1.0,0.0229261342604628,0.0232152372769777,0.023639623180607,71,1
2,台北市,2024-06,2024,0.0238527598546631,70.69,0.28,174431178,185227295698,11059,249383100,2024,6,1.2246467991473532e-16,-1.0,0.0229261342604628,0.0232152372769777,0.023639623180607,72,1
2,台北市,2024-06,2024,0.0238527598546631,70.69,0.28,174431178,185227295698,10,21768894,2024,6,1.2246467991473532e-16,-1.0,0.0229261342604628,0.0232152372769777,0.023639623180607,72,0
2,台北市,2024-06,2024,0.0238527598546631,70.69,0.28,174431178,185227295698,40605,63919443,2024,6,1.2246467991473532e-16,-1.0,0.0229261342604628,0.0232152372769777,0.023639623180607,73,1
2,台北市,2024-06,2024,0.0238527598546631,70.69,0.28,174431178,185227295698,27427,46120070,2024,6,1.2246467991473532e-16,-1.0,0.0229261342604628,0.0232152372769777,0.023639623180607,73,0
2,台北市,2024-06,2024,0.0238527598546631,70.69,0.28,174431178,185227295698,760845,515404123,2024,6,1.2246467991473532e-16,-1.0,0.0229261342604628,0.0232152372769777,0.023639623180607,75,0
2,台北市,2024-06,2024,0.0238527598546631,70.69,0.28,174431178,185227295698,182793,422410630,2024,6,1.2246467991473532e-16,-1.0,0.0229261342604628,0.0232152372769777,0.023639623180607,75,1
2,台北市,2024-06,2024,0.0238527598546631,70.69,0.28,174431178,185227295698,32245898,14207162038,2024,6,1.2246467991473532e-16,-1.0,0.0229261342604628,0.0232152372769777,0.023639623180607,77,0
2,台北市,2024-06,2024,0.0238527598546631,70.69,0.28,174431178,185227295698,322571,1122366451,2024,6,1.2246467991473532e-16,-1.0,0.0229261342604628,0.0232152372769777,0.023639623180607,77,1
2,台北市,2024-06,2024,0.0238527598546631,70.69,0.28,174431178,185227295698,1812,118560731,2024,6,1.2246467991473532e-16,-1.0,0.0229261342604628,0.0232152372769777,0.023639623180607,78,1
2,台北市,2024-06,2024,0.0238527598546631,70.69,0.28,174431178,185227295698,8850,14479925,2024,6,1.2246467991473532e-16,-1.0,0.0229261342604628,0.0232152372769777,0.023639623180607,78,0
2,台北市,2024-06,2024,0.0238527598546631,70.69,0.28,174431178,185227295698,296300,370859366,2024,6,1.2246467991473532e-16,-1.0,0.0229261342604628,0.0232152372769777,0.023639623180607,79,1
2,台北市,2024-06,2024,0.0238527598546631,70.69,0.28,174431178,185227295698,387788,455540226,2024,6,1.2246467991473532e-16,-1.0,0.0229261342604628,0.0232152372769777,0.023639623180607,79,0
2,台北市,2024-06,2024,0.0238527598546631,70.69,0.28,174431178,185227295698,2063205,385603552,2024,6,1.2246467991473532e-16,-1.0,0.0229261342604628,0.0232152372769777,0.023639623180607,80,0
2,台北市,2024-06,2024,0.0238527598546631,70.69,0.28,174431178,185227295698,1787736,4231742213,2024,6,1.2246467991473532e-16,-1.0,0.0229261342604628,0.0232152372769777,0.023639623180607,80,1
2,台北市,2024-06,2024,0.0238527598546631,70.69,0.28,174431178,185227295698,4321,754737,2024,6,1.2246467991473532e-16,-1.0,0.0229261342604628,0.0232152372769777,0.023639623180607,81,0
2,台北市,2024-06,2024,0.0238527598546631,70.69,0.28,174431178,185227295698,6522,3731515,2024,6,1.2246467991473532e-16,-1.0,0.0229261342604628,0.0232152372769777,0.023639623180607,81,1
2,台北市,2024-06,2024,0.0238527598546631,70.69,0.28,174431178,185227295698,12666,71419645,2024,6,1.2246467991473532e-16,-1.0,0.0229261342604628,0.0232152372769777,0.023639623180607,83,0
2,台北市,2024-06,2024,0.0238527598546631,70.69,0.28,174431178,185227295698,9680,65269146,2024,6,1.2246467991473532e-16,-1.0,0.0229261342604628,0.0232152372769777,0.023639623180607,83,1
2,台北市,2024-06,2024,0.0238527598546631,70.69,0.28,174431178,185227295698,617,211722432,2024,6,1.2246467991473532e-16,-1.0,0.0229261342604628,0.0232152372769777,0.023639623180607,84,1
2,台北市,2024-06,2024,0.0238527598546631,70.69,0.28,174431178,185227295698,23,139432,2024,6,1.2246467991473532e-16,-1.0,0.0229261342604628,0.0232152372769777,0.023639623180607,84,0
2,台北市,2024-06,2024,0.0238527598546631,70.69,0.28,174431178,185227295698,16861,2011042920,2024,6,1.2246467991473532e-16,-1.0,0.0229261342604628,0.0232152372769777,0.023639623180607,86,1
2,台北市,2024-06,2024,0.0238527598546631,70.69,0.28,174431178,185227295698,89568,369079072,2024,6,1.2246467991473532e-16,-1.0,0.0229261342604628,0.0232152372769777,0.023639623180607,86,0
2,台北市,2024-06,2024,0.0238527598546631,70.69,0.28,174431178,185227295698,139033,127421929,2024,6,1.2246467991473532e-16,-1.0,0.0229261342604628,0.0232152372769777,0.023639623180607,87,1
2,台北市,2024-06,2024,0.0238527598546631,70.69,0.28,174431178,185227295698,243663,231319933,2024,6,1.2246467991473532e-16,-1.0,0.0229261342604628,0.0232152372769777,0.023639623180607,87,0
2,台北市,2024-06,2024,0.0238527598546631,70.69,0.28,174431178,185227295698,28600086,22522651542,2024,6,1.2246467991473532e-16,-1.0,0.0229261342604628,0.0232152372769777,0.023639623180607,88,1
2,台北市,2024-06,2024,0.0238527598546631,70.69,0.28,174431178,185227295698,48780558,24061304143,2024,6,1.2246467991473532e-16,-1.0,0.0229261342604628,0.0232152372769777,0.023639623180607,88,0
2,台北市,2024-06,2024,0.0238527598546631,70.69,0.28,174431178,185227295698,15229968,11361980860,2024,6,1.2246467991473532e-16,-1.0,0.0229261342604628,0.0232152372769777,0.023639623180607,89,0
2,台北市,2024-06,2024,0.0238527598546631,70.69,0.28,174431178,185227295698,95199,394991840,2024,6,1.2246467991473532e-16,-1.0,0.0229261342604628,0.0232152372769777,0.023639623180607,89,1
2,台北市,2024-06,2024,0.0238527598546631,70.69,0.28,174431178,185227295698,16294,25850549,2024,6,1.2246467991473532e-16,-1.0,0.0229261342604628,0.0232152372769777,0.023639623180607,90,1
2,台北市,2024-06,2024,0.0238527598546631,70.69,0.28,174431178,185227295698,728044,1276143925,2024,6,1.2246467991473532e-16,-1.0,0.0229261342604628,0.0232152372769777,0.023639623180607,90,0
2,台北市,2024-06,2024,0.0238527598546631,70.69,0.28,174431178,185227295698,4651,428928679,2024,6,1.2246467991473532e-16,-1.0,0.0229261342604628,0.0232152372769777,0.023639623180607,91,1
2,台北市,2024-06,2024,0.0238527598546631,70.69,0.28,174431178,185227295698,12930,17045720,2024,6,1.2246467991473532e-16,-1.0,0.0229261342604628,0.0232152372769777,0.023639623180607,91,0
2,台北市,2024-06,2024,0.0238527598546631,70.69,0.28,174431178,185227295698,1400,210829385,2024,6,1.2246467991473532e-16,-1.0,0.0229261342604628,0.0232152372769777,0.023639623180607,93,1
2,台北市,2024-06,2024,0.0238527598546631,70.69,0.28,174431178,185227295698,571,1728799,2024,6,1.2246467991473532e-16,-1.0,0.0229261342604628,0.0232152372769777,0.023639623180607,93,0
2,台北市,2024-06,2024,0.0238527598546631,70.69,0.28,174431178,185227295698,28927,59174055,2024,6,1.2246467991473532e-16,-1.0,0.0229261342604628,0.0232152372769777,0.023639623180607,94,0
2,台北市,2024-06,2024,0.0238527598546631,70.69,0.28,174431178,185227295698,2949,420649787,2024,6,1.2246467991473532e-16,-1.0,0.0229261342604628,0.0232152372769777,0.023639623180607,94,1
2,台北市,2024-06,2024,0.0238527598546631,70.69,0.28,174431178,185227295698,86912,374907651,2024,6,1.2246467991473532e-16,-1.0,0.0229261342604628,0.0232152372769777,0.023639623180607,95,1
2,台北市,2024-06,2024,0.0238527598546631,70.69,0.28,174431178,185227295698,1604592,427940982,2024,6,1.2246467991473532e-16,-1.0,0.0229261342604628,0.0232152372769777,0.023639623180607,95,0
2,台北市,2024-06,2024,0.0238527598546631,70.69,0.28,174431178,185227295698,360,1582678,2024,6,1.2246467991473532e-16,-1.0,0.0229261342604628,0.0232152372769777,0.023639623180607,97,0
2,台北市,2024-06,2024,0.0238527598546631,70.69,0.28,174431178,185227295698,4236,458989032,2024,6,1.2246467991473532e-16,-1.0,0.0229261342604628,0.0232152372769777,0.023639623180607,97,1
2,台北市,2024-06,2024,0.0238527598546631,70.69,0.28,174431178,185227295698,417160,163057596,2024,6,1.2246467991473532e-16,-1.0,0.0229261342604628,0.0232152372769777,0.023639623180607,98,0
2,台北市,2024-06,2024,0.0238527598546631,70.69,0.28,174431178,185227295698,463041,455101859,2024,6,1.2246467991473532e-16,-1.0,0.0229261342604628,0.0232152372769777,0.023639623180607,98,1
2,台北市,2024-06,2024,0.0238527598546631,70.69,0.28,174431178,185227295698,9127,1863340,2024,6,1.2246467991473532e-16,-1.0,0.0229261342604628,0.0232152372769777,0.023639623180607,100,0
2,台北市,2024-06,2024,0.0238527598546631,70.69,0.28,174431178,185227295698,8950,6550324,2024,6,1.2246467991473532e-16,-1.0,0.0229261342604628,0.0232152372769777,0.023639623180607,100,1
2,台北市,2024-06,2024,0.0238527598546631,70.69,0.28,174431178,185227295698,9754752,4705728067,2024,6,1.2246467991473532e-16,-1.0,0.0229261342604628,0.0232152372769777,0.023639623180607,101,1
2,台北市,2024-06,2024,0.0238527598546631,70.69,0.28,174431178,185227295698,9608362,3379668567,2024,6,1.2246467991473532e-16,-1.0,0.0229261342604628,0.0232152372769777,0.023639623180607,101,0
2,台北市,2024-07,2024,0.0237509811057909,71.82,0.24,179297688,188575628721,100910,4358436463,2024,7,-0.4999999999999998,-0.8660254037844388,0.0238527598546631,0.0229261342604628,0.0232152372769777,0,1
2,台北市,2024-07,2024,0.0237509811057909,71.82,0.24,179297688,188575628721,63898,666395814,2024,7,-0.4999999999999998,-0.8660254037844388,0.0238527598546631,0.0229261342604628,0.0232152372769777,0,0
2,台北市,2024-07,2024,0.0237509811057909,71.82,0.24,179297688,188575628721,589389,998154983,2024,7,-0.4999999999999998,-0.8660254037844388,0.0238527598546631,0.0229261342604628,0.0232152372769777,1,0
2,台北市,2024-07,2024,0.0237509811057909,71.82,0.24,179297688,188575628721,509888,15053146451,2024,7,-0.4999999999999998,-0.8660254037844388,0.0238527598546631,0.0229261342604628,0.0232152372769777,1,1
2,台北市,2024-07,2024,0.0237509811057909,71.82,0.24,179297688,188575628721,58593,31960184,2024,7,-0.4999999999999998,-0.8660254037844388,0.0238527598546631,0.0229261342604628,0.0232152372769777,2,0
2,台北市,2024-07,2024,0.0237509811057909,71.82,0.24,179297688,188575628721,351156,197496287,2024,7,-0.4999999999999998,-0.8660254037844388,0.0238527598546631,0.0229261342604628,0.0232152372769777,2,1
2,台北市,2024-07,2024,0.0237509811057909,71.82,0.24,179297688,188575628721,88405,567392711,2024,7,-0.4999999999999998,-0.8660254037844388,0.0238527598546631,0.0229261342604628,0.0232152372769777,3,1
2,台北市,2024-07,2024,0.0237509811057909,71.82,0.24,179297688,188575628721,134809,204787999,2024,7,-0.4999999999999998,-0.8660254037844388,0.0238527598546631,0.0229261342604628,0.0232152372769777,3,0
2,台北市,2024-07,2024,0.0237509811057909,71.82,0.24,179297688,188575628721,78787,225765645,2024,7,-0.4999999999999998,-0.8660254037844388,0.0238527598546631,0.0229261342604628,0.0232152372769777,5,0
2,台北市,2024-07,2024,0.0237509811057909,71.82,0.24,179297688,188575628721,269876,1597259989,2024,7,-0.4999999999999998,-0.8660254037844388,0.0238527598546631,0.0229261342604628,0.0232152372769777,5,1
2,台北市,2024-07,2024,0.0237509811057909,71.82,0.24,179297688,188575628721,2018,15294924,2024,7,-0.4999999999999998,-0.8660254037844388,0.0238527598546631,0.0229261342604628,0.0232152372769777,6,0
2,台北市,2024-07,2024,0.0237509811057909,71.82,0.24,179297688,188575628721,1335,61222406,2024,7,-0.4999999999999998,-0.8660254037844388,0.0238527598546631,0.0229261342604628,0.0232152372769777,6,1
2,台北市,2024-07,2024,0.0237509811057909,71.82,0.24,179297688,188575628721,8815,448692482,2024,7,-0.4999999999999998,-0.8660254037844388,0.0238527598546631,0.0229261342604628,0.0232152372769777,7,1
2,台北市,2024-07,2024,0.0237509811057909,71.82,0.24,179297688,188575628721,10673,17889073,2024,7,-0.4999999999999998,-0.8660254037844388,0.0238527598546631,0.0229261342604628,0.0232152372769777,7,0
2,台北市,2024-07,2024,0.0237509811057909,71.82,0.24,179297688,188575628721,7777,34256635,2024,7,-0.4999999999999998,-0.8660254037844388,0.0238527598546631,0.0229261342604628,0.0232152372769777,8,1
2,台北市,2024-07,2024,0.0237509811057909,71.82,0.24,179297688,188575628721,3411,14707918,2024,7,-0.4999999999999998,-0.8660254037844388,0.0238527598546631,0.0229261342604628,0.0232152372769777,8,0
2,台北市,2024-07,2024,0.0237509811057909,71.82,0.24,179297688,188575628721,10418,42927794,2024,7,-0.4999999999999998,-0.8660254037844388,0.0238527598546631,0.0229261342604628,0.0232152372769777,9,0
2,台北市,2024-07,2024,0.0237509811057909,71.82,0.24,179297688,188575628721,18538,619056631,2024,7,-0.4999999999999998,-0.8660254037844388,0.0238527598546631,0.0229261342604628,0.0232152372769777,9,1
2,台北市,2024-07,2024,0.0237509811057909,71.82,0.24,179297688,188575628721,9400,389979327,2024,7,-0.4999999999999998,-0.8660254037844388,0.0238527598546631,0.0229261342604628,0.0232152372769777,12,1
2,台北市,2024-07,2024,0.0237509811057909,71.82,0.24,179297688,188575628721,3671,10340982,2024,7,-0.4999999999999998,-0.8660254037844388,0.0238527598546631,0.0229261342604628,0.0232152372769777,12,0
2,台北市,2024-07,2024,0.0237509811057909,71.82,0.24,179297688,188575628721,8489,78426759,2024,7,-0.4999999999999998,-0.8660254037844388,0.0238527598546631,0.0229261342604628,0.0232152372769777,13,1
2,台北市,2024-07,2024,0.0237509811057909,71.82,0.24,179297688,188575628721,14610,37565491,2024,7,-0.4999999999999998,-0.8660254037844388,0.0238527598546631,0.0229261342604628,0.0232152372769777,13,0
2,台北市,2024-07,2024,0.0237509811057909,71.82,0.24,179297688,188575628721,3058,1445638,2024,7,-0.4999999999999998,-0.8660254037844388,0.0238527598546631,0.0229261342604628,0.0232152372769777,14,0
2,台北市,2024-07,2024,0.0237509811057909,71.82,0.24,179297688,188575628721,8149,10445712,2024,7,-0.4999999999999998,-0.8660254037844388,0.0238527598546631,0.0229261342604628,0.0232152372769777,14,1
2,台北市,2024-07,2024,0.0237509811057909,71.82,0.24,179297688,188575628721,828,8161345,2024,7,-0.4999999999999998,-0.8660254037844388,0.0238527598546631,0.0229261342604628,0.0232152372769777,15,0
2,台北市,2024-07,2024,0.0237509811057909,71.82,0.24,179297688,188575628721,1342,9251762,2024,7,-0.4999999999999998,-0.8660254037844388,0.0238527598546631,0.0229261342604628,0.0232152372769777,15,1
2,台北市,2024-07,2024,0.0237509811057909,71.82,0.24,179297688,188575628721,754,20597952,2024,7,-0.4999999999999998,-0.8660254037844388,0.0238527598546631,0.0229261342604628,0.0232152372769777,16,1
2,台北市,2024-07,2024,0.0237509811057909,71.82,0.24,179297688,188575628721,990,1493351,2024,7,-0.4999999999999998,-0.8660254037844388,0.0238527598546631,0.0229261342604628,0.0232152372769777,16,0
2,台北市,2024-07,2024,0.0237509811057909,71.82,0.24,179297688,188575628721,60067,122989973,2024,7,-0.4999999999999998,-0.8660254037844388,0.0238527598546631,0.0229261342604628,0.0232152372769777,17,1
2,台北市,2024-07,2024,0.0237509811057909,71.82,0.24,179297688,188575628721,156682,204149687,2024,7,-0.4999999999999998,-0.8660254037844388,0.0238527598546631,0.0229261342604628,0.0232152372769777,17,0
2,台北市,2024-07,2024,0.0237509811057909,71.82,0.24,179297688,188575628721,35951,48657619,2024,7,-0.4999999999999998,-0.8660254037844388,0.0238527598546631,0.0229261342604628,0.0232152372769777,18,1
2,台北市,2024-07,2024,0.0237509811057909,71.82,0.24,179297688,188575628721,50041,46750824,2024,7,-0.4999999999999998,-0.8660254037844388,0.0238527598546631,0.0229261342604628,0.0232152372769777,18,0
2,台北市,2024-07,2024,0.0237509811057909,71.82,0.24,179297688,188575628721,784,1153767,2024,7,-0.4999999999999998,-0.8660254037844388,0.0238527598546631,0.0229261342604628,0.0232152372769777,19,0
2,台北市,2024-07,2024,0.0237509811057909,71.82,0.24,179297688,188575628721,373,50272056,2024,7,-0.4999999999999998,-0.8660254037844388,0.0238527598546631,0.0229261342604628,0.0232152372769777,19,1
2,台北市,2024-07,2024,0.0237509811057909,71.82,0.24,179297688,188575628721,12,32250,2024,7,-0.4999999999999998,-0.8660254037844388,0.0238527598546631,0.0229261342604628,0.0232152372769777,20,0
2,台北市,2024-07,2024,0.0237509811057909,71.82,0.24,179297688,188575628721,1,257828650,2024,7,-0.4999999999999998,-0.8660254037844388,0.0238527598546631,0.0229261342604628,0.0232152372769777,20,1
2,台北市,2024-07,2024,0.0237509811057909,71.82,0.24,179297688,188575628721,9050,37019330,2024,7,-0.4999999999999998,-0.8660254037844388,0.0238527598546631,0.0229261342604628,0.0232152372769777,21,0
2,台北市,2024-07,2024,0.0237509811057909,71.82,0.24,179297688,188575628721,5353,35972020,2024,7,-0.4999999999999998,-0.8660254037844388,0.0238527598546631,0.0229261342604628,0.0232152372769777,21,1
2,台北市,2024-07,2024,0.0237509811057909,71.82,0.24,179297688,188575628721,6565,2789781,2024,7,-0.4999999999999998,-0.8660254037844388,0.0238527598546631,0.0229261342604628,0.0232152372769777,22,0
2,台北市,2024-07,2024,0.0237509811057909,71.82,0.24,179297688,188575628721,7502,2265401,2024,7,-0.4999999999999998,-0.8660254037844388,0.0238527598546631,0.0229261342604628,0.0232152372769777,22,1
2,台北市,2024-07,2024,0.0237509811057909,71.82,0.24,179297688,188575628721,182,317758,2024,7,-0.4999999999999998,-0.8660254037844388,0.0238527598546631,0.0229261342604628,0.0232152372769777,23,0
2,台北市,2024-07,2024,0.0237509811057909,71.82,0.24,179297688,188575628721,1675,192334128,2024,7,-0.4999999999999998,-0.8660254037844388,0.0238527598546631,0.0229261342604628,0.0232152372769777,23,1
2,台北市,2024-07,2024,0.0237509811057909,71.82,0.24,179297688,188575628721,137,233811801,2024,7,-0.4999999999999998,-0.8660254037844388,0.0238527598546631,0.0229261342604628,0.0232152372769777,24,1
2,台北市,2024-07,2024,0.0237509811057909,71.82,0.24,179297688,188575628721,605,363837407,2024,7,-0.4999999999999998,-0.8660254037844388,0.0238527598546631,0.0229261342604628,0.0232152372769777,25,1
2,台北市,2024-07,2024,0.0237509811057909,71.82,0.24,179297688,188575628721,315,2847279,2024,7,-0.4999999999999998,-0.8660254037844388,0.0238527598546631,0.0229261342604628,0.0232152372769777,25,0
2,台北市,2024-07,2024,0.0237509811057909,71.82,0.24,179297688,188575628721,28359,6973583,2024,7,-0.4999999999999998,-0.8660254037844388,0.0238527598546631,0.0229261342604628,0.0232152372769777,26,0
2,台北市,2024-07,2024,0.0237509811057909,71.82,0.24,179297688,188575628721,5627,115534957,2024,7,-0.4999999999999998,-0.8660254037844388,0.0238527598546631,0.0229261342604628,0.0232152372769777,26,1
2,台北市,2024-07,2024,0.0237509811057909,71.82,0.24,179297688,188575628721,41,1029552,2024,7,-0.4999999999999998,-0.8660254037844388,0.0238527598546631,0.0229261342604628,0.0232152372769777,27,1
2,台北市,2024-07,2024,0.0237509811057909,71.82,0.24,179297688,188575628721,37,496565,2024,7,-0.4999999999999998,-0.8660254037844388,0.0238527598546631,0.0229261342604628,0.0232152372769777,27,0
2,台北市,2024-07,2024,0.0237509811057909,71.82,0.24,179297688,188575628721,49129,124872560,2024,7,-0.4999999999999998,-0.8660254037844388,0.0238527598546631,0.0229261342604628,0.0232152372769777,28,0
2,台北市,2024-07,2024,0.0237509811057909,71.82,0.24,179297688,188575628721,24191,1884107162,2024,7,-0.4999999999999998,-0.8660254037844388,0.0238527598546631,0.0229261342604628,0.0232152372769777,28,1
2,台北市,2024-07,2024,0.0237509811057909,71.82,0.24,179297688,188575628721,21096,68441735,2024,7,-0.4999999999999998,-0.8660254037844388,0.0238527598546631,0.0229261342604628,0.0232152372769777,30,0
2,台北市,2024-07,2024,0.0237509811057909,71.82,0.24,179297688,188575628721,10069,57507609,2024,7,-0.4999999999999998,-0.8660254037844388,0.0238527598546631,0.0229261342604628,0.0232152372769777,30,1
2,台北市,2024-07,2024,0.0237509811057909,71.82,0.24,179297688,188575628721,8,14631,2024,7,-0.4999999999999998,-0.8660254037844388,0.0238527598546631,0.0229261342604628,0.0232152372769777,31,0
2,台北市,2024-07,2024,0.0237509811057909,71.82,0.24,179297688,188575628721,1489,5193448,2024,7,-0.4999999999999998,-0.8660254037844388,0.0238527598546631,0.0229261342604628,0.0232152372769777,31,1
2,台北市,2024-07,2024,0.0237509811057909,71.82,0.24,179297688,188575628721,755,129247392,2024,7,-0.4999999999999998,-0.8660254037844388,0.0238527598546631,0.0229261342604628,0.0232152372769777,33,1
2,台北市,2024-07,2024,0.0237509811057909,71.82,0.24,179297688,188575628721,356,873301,2024,7,-0.4999999999999998,-0.8660254037844388,0.0238527598546631,0.0229261342604628,0.0232152372769777,33,0
2,台北市,2024-07,2024,0.0237509811057909,71.82,0.24,179297688,188575628721,28,133000,2024,7,-0.4999999999999998,-0.8660254037844388,0.0238527598546631,0.0229261342604628,0.0232152372769777,34,0
2,台北市,2024-07,2024,0.0237509811057909,71.82,0.24,179297688,188575628721,1,5000,2024,7,-0.4999999999999998,-0.8660254037844388,0.0238527598546631,0.0229261342604628,0.0232152372769777,34,1
2,台北市,2024-07,2024,0.0237509811057909,71.82,0.24,179297688,188575628721,158963,110398071,2024,7,-0.4999999999999998,-0.8660254037844388,0.0238527598546631,0.0229261342604628,0.0232152372769777,36,0
2,台北市,2024-07,2024,0.0237509811057909,71.82,0.24,179297688,188575628721,53393,279317860,2024,7,-0.4999999999999998,-0.8660254037844388,0.0238527598546631,0.0229261342604628,0.0232152372769777,36,1
2,台北市,2024-07,2024,0.0237509811057909,71.82,0.24,179297688,188575628721,10187,72937826,2024,7,-0.4999999999999998,-0.8660254037844388,0.0238527598546631,0.0229261342604628,0.0232152372769777,37,1
2,台北市,2024-07,2024,0.0237509811057909,71.82,0.24,179297688,188575628721,193496,306520100,2024,7,-0.4999999999999998,-0.8660254037844388,0.0238527598546631,0.0229261342604628,0.0232152372769777,37,0
2,台北市,2024-07,2024,0.0237509811057909,71.82,0.24,179297688,188575628721,1800,8645373,2024,7,-0.4999999999999998,-0.8660254037844388,0.0238527598546631,0.0229261342604628,0.0232152372769777,38,0
2,台北市,2024-07,2024,0.0237509811057909,71.82,0.24,179297688,188575628721,2651,41012883,2024,7,-0.4999999999999998,-0.8660254037844388,0.0238527598546631,0.0229261342604628,0.0232152372769777,38,1
2,台北市,2024-07,2024,0.0237509811057909,71.82,0.24,179297688,188575628721,5185,741258879,2024,7,-0.4999999999999998,-0.8660254037844388,0.0238527598546631,0.0229261342604628,0.0232152372769777,39,1
2,台北市,2024-07,2024,0.0237509811057909,71.82,0.24,179297688,188575628721,7184,129845328,2024,7,-0.4999999999999998,-0.8660254037844388,0.0238527598546631,0.0229261342604628,0.0232152372769777,39,0
2,台北市,2024-07,2024,0.0237509811057909,71.82,0.24,179297688,188575628721,1902,5669919,2024,7,-0.4999999999999998,-0.8660254037844388,0.0238527598546631,0.0229261342604628,0.0232152372769777,40,0
2,台北市,2024-07,2024,0.0237509811057909,71.82,0.24,179297688,188575628721,5230,48797794,2024,7,-0.4999999999999998,-0.8660254037844388,0.0238527598546631,0.0229261342604628,0.0232152372769777,40,1
2,台北市,2024-07,2024,0.0237509811057909,71.82,0.24,179297688,188575628721,244066,555659893,2024,7,-0.4999999999999998,-0.8660254037844388,0.0238527598546631,0.0229261342604628,0.0232152372769777,41,1
2,台北市,2024-07,2024,0.0237509811057909,71.82,0.24,179297688,188575628721,4709848,8108179211,2024,7,-0.4999999999999998,-0.8660254037844388,0.0238527598546631,0.0229261342604628,0.0232152372769777,41,0
2,台北市,2024-07,2024,0.0237509811057909,71.82,0.24,179297688,188575628721,7969,16379183,2024,7,-0.4999999999999998,-0.8660254037844388,0.0238527598546631,0.0229261342604628,0.0232152372769777,43,0
2,台北市,2024-07,2024,0.0237509811057909,71.82,0.24,179297688,188575628721,1691,4013600,2024,7,-0.4999999999999998,-0.8660254037844388,0.0238527598546631,0.0229261342604628,0.0232152372769777,43,1
2,台北市,2024-07,2024,0.0237509811057909,71.82,0.24,179297688,188575628721,6446524,8534134322,2024,7,-0.4999999999999998,-0.8660254037844388,0.0238527598546631,0.0229261342604628,0.0232152372769777,44,0
2,台北市,2024-07,2024,0.0237509811057909,71.82,0.24,179297688,188575628721,3221462,26949837505,2024,7,-0.4999999999999998,-0.8660254037844388,0.0238527598546631,0.0229261342604628,0.0232152372769777,44,1
2,台北市,2024-07,2024,0.0237509811057909,71.82,0.24,179297688,188575628721,35263,214065808,2024,7,-0.4999999999999998,-0.8660254037844388,0.0238527598546631,0.0229261342604628,0.0232152372769777,46,1
2,台北市,2024-07,2024,0.0237509811057909,71.82,0.24,179297688,188575628721,44476,236086256,2024,7,-0.4999999999999998,-0.8660254037844388,0.0238527598546631,0.0229261342604628,0.0232152372769777,46,0
2,台北市,2024-07,2024,0.0237509811057909,71.82,0.24,179297688,188575628721,1458,44869854,2024,7,-0.4999999999999998,-0.8660254037844388,0.0238527598546631,0.0229261342604628,0.0232152372769777,48,1
2,台北市,2024-07,2024,0.0237509811057909,71.82,0.24,179297688,188575628721,849,3030237,2024,7,-0.4999999999999998,-0.8660254037844388,0.0238527598546631,0.0229261342604628,0.0232152372769777,48,0
2,台北市,2024-07,2024,0.0237509811057909,71.82,0.24,179297688,188575628721,121443,430030785,2024,7,-0.4999999999999998,-0.8660254037844388,0.0238527598546631,0.0229261342604628,0.0232152372769777,50,0
2,台北市,2024-07,2024,0.0237509811057909,71.82,0.24,179297688,188575628721,66769,623548516,2024,7,-0.4999999999999998,-0.8660254037844388,0.0238527598546631,0.0229261342604628,0.0232152372769777,50,1
2,台北市,2024-07,2024,0.0237509811057909,71.82,0.24,179297688,188575628721,2,1698,2024,7,-0.4999999999999998,-0.8660254037844388,0.0238527598546631,0.0229261342604628,0.0232152372769777,51,0
2,台北市,2024-07,2024,0.0237509811057909,71.82,0.24,179297688,188575628721,27451,9674081,2024,7,-0.4999999999999998,-0.8660254037844388,0.0238527598546631,0.0229261342604628,0.0232152372769777,52,0
2,台北市,2024-07,2024,0.0237509811057909,71.82,0.24,179297688,188575628721,30743,378730270,2024,7,-0.4999999999999998,-0.8660254037844388,0.0238527598546631,0.0229261342604628,0.0232152372769777,52,1
2,台北市,2024-07,2024,0.0237509811057909,71.82,0.24,179297688,188575628721,536,91170,2024,7,-0.4999999999999998,-0.8660254037844388,0.0238527598546631,0.0229261342604628,0.0232152372769777,53,0
2,台北市,2024-07,2024,0.0237509811057909,71.82,0.24,179297688,188575628721,3160,17521119,2024,7,-0.4999999999999998,-0.8660254037844388,0.0238527598546631,0.0229261342604628,0.0232152372769777,53,1
2,台北市,2024-07,2024,0.0237509811057909,71.82,0.24,179297688,188575628721,1119,2361205036,2024,7,-0.4999999999999998,-0.8660254037844388,0.0238527598546631,0.0229261342604628,0.0232152372769777,54,1
2,台北市,2024-07,2024,0.0237509811057909,71.82,0.24,179297688,188575628721,363,1558816,2024,7,-0.4999999999999998,-0.8660254037844388,0.0238527598546631,0.0229261342604628,0.0232152372769777,54,0
2,台北市,2024-07,2024,0.0237509811057909,71.82,0.24,179297688,188575628721,34,13392089,2024,7,-0.4999999999999998,-0.8660254037844388,0.0238527598546631,0.0229261342604628,0.0232152372769777,56,0
2,台北市,2024-07,2024,0.0237509811057909,71.82,0.24,179297688,188575628721,60,4582208,2024,7,-0.4999999999999998,-0.8660254037844388,0.0238527598546631,0.0229261342604628,0.0232152372769777,56,1
2,台北市,2024-07,2024,0.0237509811057909,71.82,0.24,179297688,188575628721,118,3238368,2024,7,-0.4999999999999998,-0.8660254037844388,0.0238527598546631,0.0229261342604628,0.0232152372769777,57,1
2,台北市,2024-07,2024,0.0237509811057909,71.82,0.24,179297688,188575628721,3067,60164097,2024,7,-0.4999999999999998,-0.8660254037844388,0.0238527598546631,0.0229261342604628,0.0232152372769777,58,1
2,台北市,2024-07,2024,0.0237509811057909,71.82,0.24,179297688,188575628721,3833,795312,2024,7,-0.4999999999999998,-0.8660254037844388,0.0238527598546631,0.0229261342604628,0.0232152372769777,58,0
2,台北市,2024-07,2024,0.0237509811057909,71.82,0.24,179297688,188575628721,83,2200292,2024,7,-0.4999999999999998,-0.8660254037844388,0.0238527598546631,0.0229261342604628,0.0232152372769777,59,1
2,台北市,2024-07,2024,0.0237509811057909,71.82,0.24,179297688,188575628721,2481,2360295,2024,7,-0.4999999999999998,-0.8660254037844388,0.0238527598546631,0.0229261342604628,0.0232152372769777,59,0
2,台北市,2024-07,2024,0.0237509811057909,71.82,0.24,179297688,188575628721,756880,311567200,2024,7,-0.4999999999999998,-0.8660254037844388,0.0238527598546631,0.0229261342604628,0.0232152372769777,60,0
2,台北市,2024-07,2024,0.0237509811057909,71.82,0.24,179297688,188575628721,10,187920,2024,7,-0.4999999999999998,-0.8660254037844388,0.0238527598546631,0.0229261342604628,0.0232152372769777,60,1
2,台北市,2024-07,2024,0.0237509811057909,71.82,0.24,179297688,188575628721,1043,3359886,2024,7,-0.4999999999999998,-0.8660254037844388,0.0238527598546631,0.0229261342604628,0.0232152372769777,61,1
2,台北市,2024-07,2024,0.0237509811057909,71.82,0.24,179297688,188575628721,296,1604783,2024,7,-0.4999999999999998,-0.8660254037844388,0.0238527598546631,0.0229261342604628,0.0232152372769777,61,0
2,台北市,2024-07,2024,0.0237509811057909,71.82,0.24,179297688,188575628721,46,50365,2024,7,-0.4999999999999998,-0.8660254037844388,0.0238527598546631,0.0229261342604628,0.0232152372769777,62,1
2,台北市,2024-07,2024,0.0237509811057909,71.82,0.24,179297688,188575628721,65369,22353226,2024,7,-0.4999999999999998,-0.8660254037844388,0.0238527598546631,0.0229261342604628,0.0232152372769777,63,0
2,台北市,2024-07,2024,0.0237509811057909,71.82,0.24,179297688,188575628721,85632,37623934,2024,7,-0.4999999999999998,-0.8660254037844388,0.0238527598546631,0.0229261342604628,0.0232152372769777,63,1
2,台北市,2024-07,2024,0.0237509811057909,71.82,0.24,179297688,188575628721,346,37785782,2024,7,-0.4999999999999998,-0.8660254037844388,0.0238527598546631,0.0229261342604628,0.0232152372769777,66,1
2,台北市,2024-07,2024,0.0237509811057909,71.82,0.24,179297688,188575628721,2167,7618248,2024,7,-0.4999999999999998,-0.8660254037844388,0.0238527598546631,0.0229261342604628,0.0232152372769777,66,0
2,台北市,2024-07,2024,0.0237509811057909,71.82,0.24,179297688,188575628721,971979,344854704,2024,7,-0.4999999999999998,-0.8660254037844388,0.0238527598546631,0.0229261342604628,0.0232152372769777,67,0
2,台北市,2024-07,2024,0.0237509811057909,71.82,0.24,179297688,188575628721,209773,6181002354,2024,7,-0.4999999999999998,-0.8660254037844388,0.0238527598546631,0.0229261342604628,0.0232152372769777,67,1
2,台北市,2024-07,2024,0.0237509811057909,71.82,0.24,179297688,188575628721,4078,9697698,2024,7,-0.4999999999999998,-0.8660254037844388,0.0238527598546631,0.0229261342604628,0.0232152372769777,68,0
2,台北市,2024-07,2024,0.0237509811057909,71.82,0.24,179297688,188575628721,419,1986491,2024,7,-0.4999999999999998,-0.8660254037844388,0.0238527598546631,0.0229261342604628,0.0232152372769777,68,1
2,台北市,2024-07,2024,0.0237509811057909,71.82,0.24,179297688,188575628721,1342,222900830,2024,7,-0.4999999999999998,-0.8660254037844388,0.0238527598546631,0.0229261342604628,0.0232152372769777,69,1
2,台北市,2024-07,2024,0.0237509811057909,71.82,0.24,179297688,188575628721,1592,3633645,2024,7,-0.4999999999999998,-0.8660254037844388,0.0238527598546631,0.0229261342604628,0.0232152372769777,69,0
2,台北市,2024-07,2024,0.0237509811057909,71.82,0.24,179297688,188575628721,8457,15432476,2024,7,-0.4999999999999998,-0.8660254037844388,0.0238527598546631,0.0229261342604628,0.0232152372769777,70,1
2,台北市,2024-07,2024,0.0237509811057909,71.82,0.24,179297688,188575628721,4045,8229140,2024,7,-0.4999999999999998,-0.8660254037844388,0.0238527598546631,0.0229261342604628,0.0232152372769777,70,0
2,台北市,2024-07,2024,0.0237509811057909,71.82,0.24,179297688,188575628721,10,24610,2024,7,-0.4999999999999998,-0.8660254037844388,0.0238527598546631,0.0229261342604628,0.0232152372769777,71,1
2,台北市,2024-07,2024,0.0237509811057909,71.82,0.24,179297688,188575628721,12804,278824139,2024,7,-0.4999999999999998,-0.8660254037844388,0.0238527598546631,0.0229261342604628,0.0232152372769777,72,1
2,台北市,2024-07,2024,0.0237509811057909,71.82,0.24,179297688,188575628721,37,22837919,2024,7,-0.4999999999999998,-0.8660254037844388,0.0238527598546631,0.0229261342604628,0.0232152372769777,72,0
2,台北市,2024-07,2024,0.0237509811057909,71.82,0.24,179297688,188575628721,39388,85976303,2024,7,-0.4999999999999998,-0.8660254037844388,0.0238527598546631,0.0229261342604628,0.0232152372769777,73,1
2,台北市,2024-07,2024,0.0237509811057909,71.82,0.24,179297688,188575628721,29632,52595948,2024,7,-0.4999999999999998,-0.8660254037844388,0.0238527598546631,0.0229261342604628,0.0232152372769777,73,0
2,台北市,2024-07,2024,0.0237509811057909,71.82,0.24,179297688,188575628721,183783,585371295,2024,7,-0.4999999999999998,-0.8660254037844388,0.0238527598546631,0.0229261342604628,0.0232152372769777,75,1
2,台北市,2024-07,2024,0.0237509811057909,71.82,0.24,179297688,188575628721,816691,537441566,2024,7,-0.4999999999999998,-0.8660254037844388,0.0238527598546631,0.0229261342604628,0.0232152372769777,75,0
2,台北市,2024-07,2024,0.0237509811057909,71.82,0.24,179297688,188575628721,32712254,15003647247,2024,7,-0.4999999999999998,-0.8660254037844388,0.0238527598546631,0.0229261342604628,0.0232152372769777,77,0
2,台北市,2024-07,2024,0.0237509811057909,71.82,0.24,179297688,188575628721,326596,686263729,2024,7,-0.4999999999999998,-0.8660254037844388,0.0238527598546631,0.0229261342604628,0.0232152372769777,77,1
2,台北市,2024-07,2024,0.0237509811057909,71.82,0.24,179297688,188575628721,11400,18859230,2024,7,-0.4999999999999998,-0.8660254037844388,0.0238527598546631,0.0229261342604628,0.0232152372769777,78,0
2,台北市,2024-07,2024,0.0237509811057909,71.82,0.24,179297688,188575628721,2238,96081620,2024,7,-0.4999999999999998,-0.8660254037844388,0.0238527598546631,0.0229261342604628,0.0232152372769777,78,1
2,台北市,2024-07,2024,0.0237509811057909,71.82,0.24,179297688,188575628721,416147,442286869,2024,7,-0.4999999999999998,-0.8660254037844388,0.0238527598546631,0.0229261342604628,0.0232152372769777,79,0
2,台北市,2024-07,2024,0.0237509811057909,71.82,0.24,179297688,188575628721,337216,340666726,2024,7,-0.4999999999999998,-0.8660254037844388,0.0238527598546631,0.0229261342604628,0.0232152372769777,79,1
2,台北市,2024-07,2024,0.0237509811057909,71.82,0.24,179297688,188575628721,2006922,413505468,2024,7,-0.4999999999999998,-0.8660254037844388,0.0238527598546631,0.0229261342604628,0.0232152372769777,80,0
2,台北市,2024-07,2024,0.0237509811057909,71.82,0.24,179297688,188575628721,1777115,5090054234,2024,7,-0.4999999999999998,-0.8660254037844388,0.0238527598546631,0.0229261342604628,0.0232152372769777,80,1
2,台北市,2024-07,2024,0.0237509811057909,71.82,0.24,179297688,188575628721,6546,4462244,2024,7,-0.4999999999999998,-0.8660254037844388,0.0238527598546631,0.0229261342604628,0.0232152372769777,81,1
2,台北市,2024-07,2024,0.0237509811057909,71.82,0.24,179297688,188575628721,3975,642254,2024,7,-0.4999999999999998,-0.8660254037844388,0.0238527598546631,0.0229261342604628,0.0232152372769777,81,0
2,台北市,2024-07,2024,0.0237509811057909,71.82,0.24,179297688,188575628721,14924,78527828,2024,7,-0.4999999999999998,-0.8660254037844388,0.0238527598546631,0.0229261342604628,0.0232152372769777,83,0
2,台北市,2024-07,2024,0.0237509811057909,71.82,0.24,179297688,188575628721,9455,59588471,2024,7,-0.4999999999999998,-0.8660254037844388,0.0238527598546631,0.0229261342604628,0.0232152372769777,83,1
2,台北市,2024-07,2024,0.0237509811057909,71.82,0.24,179297688,188575628721,25,146288,2024,7,-0.4999999999999998,-0.8660254037844388,0.0238527598546631,0.0229261342604628,0.0232152372769777,84,0
2,台北市,2024-07,2024,0.0237509811057909,71.82,0.24,179297688,188575628721,537,248821315,2024,7,-0.4999999999999998,-0.8660254037844388,0.0238527598546631,0.0229261342604628,0.0232152372769777,84,1
2,台北市,2024-07,2024,0.0237509811057909,71.82,0.24,179297688,188575628721,21662,1713325608,2024,7,-0.4999999999999998,-0.8660254037844388,0.0238527598546631,0.0229261342604628,0.0232152372769777,86,1
2,台北市,2024-07,2024,0.0237509811057909,71.82,0.24,179297688,188575628721,93873,446922412,2024,7,-0.4999999999999998,-0.8660254037844388,0.0238527598546631,0.0229261342604628,0.0232152372769777,86,0
2,台北市,2024-07,2024,0.0237509811057909,71.82,0.24,179297688,188575628721,137472,122113607,2024,7,-0.4999999999999998,-0.8660254037844388,0.0238527598546631,0.0229261342604628,0.0232152372769777,87,1
2,台北市,2024-07,2024,0.0237509811057909,71.82,0.24,179297688,188575628721,231993,238635866,2024,7,-0.4999999999999998,-0.8660254037844388,0.0238527598546631,0.0229261342604628,0.0232152372769777,87,0
2,台北市,2024-07,2024,0.0237509811057909,71.82,0.24,179297688,188575628721,51108712,25565790835,2024,7,-0.4999999999999998,-0.8660254037844388,0.0238527598546631,0.0229261342604628,0.0232152372769777,88,0
2,台北市,2024-07,2024,0.0237509811057909,71.82,0.24,179297688,188575628721,29476482,23958421136,2024,7,-0.4999999999999998,-0.8660254037844388,0.0238527598546631,0.0229261342604628,0.0232152372769777,88,1
2,台北市,2024-07,2024,0.0237509811057909,71.82,0.24,179297688,188575628721,15961238,12048859648,2024,7,-0.4999999999999998,-0.8660254037844388,0.0238527598546631,0.0229261342604628,0.0232152372769777,89,0
2,台北市,2024-07,2024,0.0237509811057909,71.82,0.24,179297688,188575628721,96487,403734532,2024,7,-0.4999999999999998,-0.8660254037844388,0.0238527598546631,0.0229261342604628,0.0232152372769777,89,1
2,台北市,2024-07,2024,0.0237509811057909,71.82,0.24,179297688,188575628721,835826,1684943413,2024,7,-0.4999999999999998,-0.8660254037844388,0.0238527598546631,0.0229261342604628,0.0232152372769777,90,0
2,台北市,2024-07,2024,0.0237509811057909,71.82,0.24,179297688,188575628721,16105,24810487,2024,7,-0.4999999999999998,-0.8660254037844388,0.0238527598546631,0.0229261342604628,0.0232152372769777,90,1
2,台北市,2024-07,2024,0.0237509811057909,71.82,0.24,179297688,188575628721,17436,10460772,2024,7,-0.4999999999999998,-0.8660254037844388,0.0238527598546631,0.0229261342604628,0.0232152372769777,91,0
2,台北市,2024-07,2024,0.0237509811057909,71.82,0.24,179297688,188575628721,4075,407126420,2024,7,-0.4999999999999998,-0.8660254037844388,0.0238527598546631,0.0229261342604628,0.0232152372769777,91,1
2,台北市,2024-07,2024,0.0237509811057909,71.82,0.24,179297688,188575628721,1520,222775252,2024,7,-0.4999999999999998,-0.8660254037844388,0.0238527598546631,0.0229261342604628,0.0232152372769777,93,1
2,台北市,2024-07,2024,0.0237509811057909,71.82,0.24,179297688,188575628721,837,2105925,2024,7,-0.4999999999999998,-0.8660254037844388,0.0238527598546631,0.0229261342604628,0.0232152372769777,93,0
2,台北市,2024-07,2024,0.0237509811057909,71.82,0.24,179297688,188575628721,2884,434098650,2024,7,-0.4999999999999998,-0.8660254037844388,0.0238527598546631,0.0229261342604628,0.0232152372769777,94,1
2,台北市,2024-07,2024,0.0237509811057909,71.82,0.24,179297688,188575628721,27713,56900250,2024,7,-0.4999999999999998,-0.8660254037844388,0.0238527598546631,0.0229261342604628,0.0232152372769777,94,0
2,台北市,2024-07,2024,0.0237509811057909,71.82,0.24,179297688,188575628721,67129,476344251,2024,7,-0.4999999999999998,-0.8660254037844388,0.0238527598546631,0.0229261342604628,0.0232152372769777,95,1
2,台北市,2024-07,2024,0.0237509811057909,71.82,0.24,179297688,188575628721,1212869,405401615,2024,7,-0.4999999999999998,-0.8660254037844388,0.0238527598546631,0.0229261342604628,0.0232152372769777,95,0
2,台北市,2024-07,2024,0.0237509811057909,71.82,0.24,179297688,188575628721,4178,473644036,2024,7,-0.4999999999999998,-0.8660254037844388,0.0238527598546631,0.0229261342604628,0.0232152372769777,97,1
2,台北市,2024-07,2024,0.0237509811057909,71.82,0.24,179297688,188575628721,350,1695790,2024,7,-0.4999999999999998,-0.8660254037844388,0.0238527598546631,0.0229261342604628,0.0232152372769777,97,0
2,台北市,2024-07,2024,0.0237509811057909,71.82,0.24,179297688,188575628721,470365,403383531,2024,7,-0.4999999999999998,-0.8660254037844388,0.0238527598546631,0.0229261342604628,0.0232152372769777,98,1
2,台北市,2024-07,2024,0.0237509811057909,71.82,0.24,179297688,188575628721,419926,165296067,2024,7,-0.4999999999999998,-0.8660254037844388,0.0238527598546631,0.0229261342604628,0.0232152372769777,98,0
2,台北市,2024-07,2024,0.0237509811057909,71.82,0.24,179297688,188575628721,10416,6545279,2024,7,-0.4999999999999998,-0.8660254037844388,0.0238527598546631,0.0229261342604628,0.0232152372769777,100,1
2,台北市,2024-07,2024,0.0237509811057909,71.82,0.24,179297688,188575628721,9077,1831557,2024,7,-0.4999999999999998,-0.8660254037844388,0.0238527598546631,0.0229261342604628,0.0232152372769777,100,0
2,台北市,2024-07,2024,0.0237509811057909,71.82,0.24,179297688,188575628721,10016856,4577056752,2024,7,-0.4999999999999998,-0.8660254037844388,0.0238527598546631,0.0229261342604628,0.0232152372769777,101,1
2,台北市,2024-07,2024,0.0237509811057909,71.82,0.24,179297688,188575628721,9979711,3427124057,2024,7,-0.4999999999999998,-0.8660254037844388,0.0238527598546631,0.0229261342604628,0.0232152372769777,101,0
2,台北市,2024-08,2024,0.0233831583482942,71.82,0.24,183443397,193385122852,100634,4687895324,2024,8,-0.8660254037844384,-0.5000000000000004,0.0237509811057909,0.0238527598546631,0.0229261342604628,0,1
2,台北市,2024-08,2024,0.0233831583482942,71.82,0.24,183443397,193385122852,64422,581759106,2024,8,-0.8660254037844384,-0.5000000000000004,0.0237509811057909,0.0238527598546631,0.0229261342604628,0,0
2,台北市,2024-08,2024,0.0233831583482942,71.82,0.24,183443397,193385122852,612032,999783578,2024,8,-0.8660254037844384,-0.5000000000000004,0.0237509811057909,0.0238527598546631,0.0229261342604628,1,0
2,台北市,2024-08,2024,0.0233831583482942,71.82,0.24,183443397,193385122852,543596,21580962560,2024,8,-0.8660254037844384,-0.5000000000000004,0.0237509811057909,0.0238527598546631,0.0229261342604628,1,1
2,台北市,2024-08,2024,0.0233831583482942,71.82,0.24,183443397,193385122852,371246,209731779,2024,8,-0.8660254037844384,-0.5000000000000004,0.0237509811057909,0.0238527598546631,0.0229261342604628,2,1
2,台北市,2024-08,2024,0.0233831583482942,71.82,0.24,183443397,193385122852,57284,32187537,2024,8,-0.8660254037844384,-0.5000000000000004,0.0237509811057909,0.0238527598546631,0.0229261342604628,2,0
2,台北市,2024-08,2024,0.0233831583482942,71.82,0.24,183443397,193385122852,160115,279067449,2024,8,-0.8660254037844384,-0.5000000000000004,0.0237509811057909,0.0238527598546631,0.0229261342604628,3,0
2,台北市,2024-08,2024,0.0233831583482942,71.82,0.24,183443397,193385122852,114172,580566822,2024,8,-0.8660254037844384,-0.5000000000000004,0.0237509811057909,0.0238527598546631,0.0229261342604628,3,1
2,台北市,2024-08,2024,0.0233831583482942,71.82,0.24,183443397,193385122852,81294,222346855,2024,8,-0.8660254037844384,-0.5000000000000004,0.0237509811057909,0.0238527598546631,0.0229261342604628,5,0
2,台北市,2024-08,2024,0.0233831583482942,71.82,0.24,183443397,193385122852,283512,1642109819,2024,8,-0.8660254037844384,-0.5000000000000004,0.0237509811057909,0.0238527598546631,0.0229261342604628,5,1
2,台北市,2024-08,2024,0.0233831583482942,71.82,0.24,183443397,193385122852,1983,14863753,2024,8,-0.8660254037844384,-0.5000000000000004,0.0237509811057909,0.0238527598546631,0.0229261342604628,6,0
2,台北市,2024-08,2024,0.0233831583482942,71.82,0.24,183443397,193385122852,1213,85657882,2024,8,-0.8660254037844384,-0.5000000000000004,0.0237509811057909,0.0238527598546631,0.0229261342604628,6,1
2,台北市,2024-08,2024,0.0233831583482942,71.82,0.24,183443397,193385122852,13831,25266998,2024,8,-0.8660254037844384,-0.5000000000000004,0.0237509811057909,0.0238527598546631,0.0229261342604628,7,0
2,台北市,2024-08,2024,0.0233831583482942,71.82,0.24,183443397,193385122852,8549,900250463,2024,8,-0.8660254037844384,-0.5000000000000004,0.0237509811057909,0.0238527598546631,0.0229261342604628,7,1
2,台北市,2024-08,2024,0.0233831583482942,71.82,0.24,183443397,193385122852,7330,42609978,2024,8,-0.8660254037844384,-0.5000000000000004,0.0237509811057909,0.0238527598546631,0.0229261342604628,8,1
2,台北市,2024-08,2024,0.0233831583482942,71.82,0.24,183443397,193385122852,3329,14131590,2024,8,-0.8660254037844384,-0.5000000000000004,0.0237509811057909,0.0238527598546631,0.0229261342604628,8,0
2,台北市,2024-08,2024,0.0233831583482942,71.82,0.24,183443397,193385122852,10829,48671966,2024,8,-0.8660254037844384,-0.5000000000000004,0.0237509811057909,0.0238527598546631,0.0229261342604628,9,0
2,台北市,2024-08,2024,0.0233831583482942,71.82,0.24,183443397,193385122852,17984,370421071,2024,8,-0.8660254037844384,-0.5000000000000004,0.0237509811057909,0.0238527598546631,0.0229261342604628,9,1
2,台北市,2024-08,2024,0.0233831583482942,71.82,0.24,183443397,193385122852,10216,373176504,2024,8,-0.8660254037844384,-0.5000000000000004,0.0237509811057909,0.0238527598546631,0.0229261342604628,12,1
2,台北市,2024-08,2024,0.0233831583482942,71.82,0.24,183443397,193385122852,5362,14096990,2024,8,-0.8660254037844384,-0.5000000000000004,0.0237509811057909,0.0238527598546631,0.0229261342604628,12,0
2,台北市,2024-08,2024,0.0233831583482942,71.82,0.24,183443397,193385122852,13233,36916572,2024,8,-0.8660254037844384,-0.5000000000000004,0.0237509811057909,0.0238527598546631,0.0229261342604628,13,0
2,台北市,2024-08,2024,0.0233831583482942,71.82,0.24,183443397,193385122852,8736,79378392,2024,8,-0.8660254037844384,-0.5000000000000004,0.0237509811057909,0.0238527598546631,0.0229261342604628,13,1
2,台北市,2024-08,2024,0.0233831583482942,71.82,0.24,183443397,193385122852,3247,1668859,2024,8,-0.8660254037844384,-0.5000000000000004,0.0237509811057909,0.0238527598546631,0.0229261342604628,14,0
2,台北市,2024-08,2024,0.0233831583482942,71.82,0.24,183443397,193385122852,8342,11081208,2024,8,-0.8660254037844384,-0.5000000000000004,0.0237509811057909,0.0238527598546631,0.0229261342604628,14,1
2,台北市,2024-08,2024,0.0233831583482942,71.82,0.24,183443397,193385122852,1181,8411317,2024,8,-0.8660254037844384,-0.5000000000000004,0.0237509811057909,0.0238527598546631,0.0229261342604628,15,1
2,台北市,2024-08,2024,0.0233831583482942,71.82,0.24,183443397,193385122852,879,9030774,2024,8,-0.8660254037844384,-0.5000000000000004,0.0237509811057909,0.0238527598546631,0.0229261342604628,15,0
2,台北市,2024-08,2024,0.0233831583482942,71.82,0.24,183443397,193385122852,1147,1734460,2024,8,-0.8660254037844384,-0.5000000000000004,0.0237509811057909,0.0238527598546631,0.0229261342604628,16,0
2,台北市,2024-08,2024,0.0233831583482942,71.82,0.24,183443397,193385122852,812,28634376,2024,8,-0.8660254037844384,-0.5000000000000004,0.0237509811057909,0.0238527598546631,0.0229261342604628,16,1
2,台北市,2024-08,2024,0.0233831583482942,71.82,0.24,183443397,193385122852,142738,232932971,2024,8,-0.8660254037844384,-0.5000000000000004,0.0237509811057909,0.0238527598546631,0.0229261342604628,17,0
2,台北市,2024-08,2024,0.0233831583482942,71.82,0.24,183443397,193385122852,45924,117672736,2024,8,-0.8660254037844384,-0.5000000000000004,0.0237509811057909,0.0238527598546631,0.0229261342604628,17,1
2,台北市,2024-08,2024,0.0233831583482942,71.82,0.24,183443397,193385122852,42772,35239681,2024,8,-0.8660254037844384,-0.5000000000000004,0.0237509811057909,0.0238527598546631,0.0229261342604628,18,1
2,台北市,2024-08,2024,0.0233831583482942,71.82,0.24,183443397,193385122852,51956,45536107,2024,8,-0.8660254037844384,-0.5000000000000004,0.0237509811057909,0.0238527598546631,0.0229261342604628,18,0
2,台北市,2024-08,2024,0.0233831583482942,71.82,0.24,183443397,193385122852,326,37930330,2024,8,-0.8660254037844384,-0.5000000000000004,0.0237509811057909,0.0238527598546631,0.0229261342604628,19,1
2,台北市,2024-08,2024,0.0233831583482942,71.82,0.24,183443397,193385122852,871,1303889,2024,8,-0.8660254037844384,-0.5000000000000004,0.0237509811057909,0.0238527598546631,0.0229261342604628,19,0
2,台北市,2024-08,2024,0.0233831583482942,71.82,0.24,183443397,193385122852,2,2330152037,2024,8,-0.8660254037844384,-0.5000000000000004,0.0237509811057909,0.0238527598546631,0.0229261342604628,20,1
2,台北市,2024-08,2024,0.0233831583482942,71.82,0.24,183443397,193385122852,17,66315,2024,8,-0.8660254037844384,-0.5000000000000004,0.0237509811057909,0.0238527598546631,0.0229261342604628,20,0
2,台北市,2024-08,2024,0.0233831583482942,71.82,0.24,183443397,193385122852,8331,62243542,2024,8,-0.8660254037844384,-0.5000000000000004,0.0237509811057909,0.0238527598546631,0.0229261342604628,21,1
2,台北市,2024-08,2024,0.0233831583482942,71.82,0.24,183443397,193385122852,8581,16590860,2024,8,-0.8660254037844384,-0.5000000000000004,0.0237509811057909,0.0238527598546631,0.0229261342604628,21,0
2,台北市,2024-08,2024,0.0233831583482942,71.82,0.24,183443397,193385122852,12550,4750745,2024,8,-0.8660254037844384,-0.5000000000000004,0.0237509811057909,0.0238527598546631,0.0229261342604628,22,1
2,台北市,2024-08,2024,0.0233831583482942,71.82,0.24,183443397,193385122852,8458,4812643,2024,8,-0.8660254037844384,-0.5000000000000004,0.0237509811057909,0.0238527598546631,0.0229261342604628,22,0
2,台北市,2024-08,2024,0.0233831583482942,71.82,0.24,183443397,193385122852,1379,111233250,2024,8,-0.8660254037844384,-0.5000000000000004,0.0237509811057909,0.0238527598546631,0.0229261342604628,23,1
2,台北市,2024-08,2024,0.0233831583482942,71.82,0.24,183443397,193385122852,146,124829,2024,8,-0.8660254037844384,-0.5000000000000004,0.0237509811057909,0.0238527598546631,0.0229261342604628,23,0
2,台北市,2024-08,2024,0.0233831583482942,71.82,0.24,183443397,193385122852,2,600,2024,8,-0.8660254037844384,-0.5000000000000004,0.0237509811057909,0.0238527598546631,0.0229261342604628,24,0
2,台北市,2024-08,2024,0.0233831583482942,71.82,0.24,183443397,193385122852,111,316011970,2024,8,-0.8660254037844384,-0.5000000000000004,0.0237509811057909,0.0238527598546631,0.0229261342604628,24,1
2,台北市,2024-08,2024,0.0233831583482942,71.82,0.24,183443397,193385122852,857,534652342,2024,8,-0.8660254037844384,-0.5000000000000004,0.0237509811057909,0.0238527598546631,0.0229261342604628,25,1
2,台北市,2024-08,2024,0.0233831583482942,71.82,0.24,183443397,193385122852,267,1016193,2024,8,-0.8660254037844384,-0.5000000000000004,0.0237509811057909,0.0238527598546631,0.0229261342604628,25,0
2,台北市,2024-08,2024,0.0233831583482942,71.82,0.24,183443397,193385122852,9970,30255988,2024,8,-0.8660254037844384,-0.5000000000000004,0.0237509811057909,0.0238527598546631,0.0229261342604628,26,1
2,台北市,2024-08,2024,0.0233831583482942,71.82,0.24,183443397,193385122852,28313,6435940,2024,8,-0.8660254037844384,-0.5000000000000004,0.0237509811057909,0.0238527598546631,0.0229261342604628,26,0
2,台北市,2024-08,2024,0.0233831583482942,71.82,0.24,183443397,193385122852,43,1107254,2024,8,-0.8660254037844384,-0.5000000000000004,0.0237509811057909,0.0238527598546631,0.0229261342604628,27,1
2,台北市,2024-08,2024,0.0233831583482942,71.82,0.24,183443397,193385122852,40,580103,2024,8,-0.8660254037844384,-0.5000000000000004,0.0237509811057909,0.0238527598546631,0.0229261342604628,27,0
2,台北市,2024-08,2024,0.0233831583482942,71.82,0.24,183443397,193385122852,25395,1382180188,2024,8,-0.8660254037844384,-0.5000000000000004,0.0237509811057909,0.0238527598546631,0.0229261342604628,28,1
2,台北市,2024-08,2024,0.0233831583482942,71.82,0.24,183443397,193385122852,48490,123744881,2024,8,-0.8660254037844384,-0.5000000000000004,0.0237509811057909,0.0238527598546631,0.0229261342604628,28,0
2,台北市,2024-08,2024,0.0233831583482942,71.82,0.24,183443397,193385122852,11128,131222800,2024,8,-0.8660254037844384,-0.5000000000000004,0.0237509811057909,0.0238527598546631,0.0229261342604628,30,1
2,台北市,2024-08,2024,0.0233831583482942,71.82,0.24,183443397,193385122852,19501,57433586,2024,8,-0.8660254037844384,-0.5000000000000004,0.0237509811057909,0.0238527598546631,0.0229261342604628,30,0
2,台北市,2024-08,2024,0.0233831583482942,71.82,0.24,183443397,193385122852,1743,2631845,2024,8,-0.8660254037844384,-0.5000000000000004,0.0237509811057909,0.0238527598546631,0.0229261342604628,31,1
2,台北市,2024-08,2024,0.0233831583482942,71.82,0.24,183443397,193385122852,7,13765,2024,8,-0.8660254037844384,-0.5000000000000004,0.0237509811057909,0.0238527598546631,0.0229261342604628,31,0
2,台北市,2024-08,2024,0.0233831583482942,71.82,0.24,183443397,193385122852,399,751575,2024,8,-0.8660254037844384,-0.5000000000000004,0.0237509811057909,0.0238527598546631,0.0229261342604628,33,0
2,台北市,2024-08,2024,0.0233831583482942,71.82,0.24,183443397,193385122852,847,99760241,2024,8,-0.8660254037844384,-0.5000000000000004,0.0237509811057909,0.0238527598546631,0.0229261342604628,33,1
2,台北市,2024-08,2024,0.0233831583482942,71.82,0.24,183443397,193385122852,20,101000,2024,8,-0.8660254037844384,-0.5000000000000004,0.0237509811057909,0.0238527598546631,0.0229261342604628,34,0
2,台北市,2024-08,2024,0.0233831583482942,71.82,0.24,183443397,193385122852,2,224450,2024,8,-0.8660254037844384,-0.5000000000000004,0.0237509811057909,0.0238527598546631,0.0229261342604628,34,1
2,台北市,2024-08,2024,0.0233831583482942,71.82,0.24,183443397,193385122852,76506,338045588,2024,8,-0.8660254037844384,-0.5000000000000004,0.0237509811057909,0.0238527598546631,0.0229261342604628,36,1
2,台北市,2024-08,2024,0.0233831583482942,71.82,0.24,183443397,193385122852,185768,127219150,2024,8,-0.8660254037844384,-0.5000000000000004,0.0237509811057909,0.0238527598546631,0.0229261342604628,36,0
2,台北市,2024-08,2024,0.0233831583482942,71.82,0.24,183443397,193385122852,9487,66045146,2024,8,-0.8660254037844384,-0.5000000000000004,0.0237509811057909,0.0238527598546631,0.0229261342604628,37,1
2,台北市,2024-08,2024,0.0233831583482942,71.82,0.24,183443397,193385122852,186575,290721812,2024,8,-0.8660254037844384,-0.5000000000000004,0.0237509811057909,0.0238527598546631,0.0229261342604628,37,0
2,台北市,2024-08,2024,0.0233831583482942,71.82,0.24,183443397,193385122852,1986,9691904,2024,8,-0.8660254037844384,-0.5000000000000004,0.0237509811057909,0.0238527598546631,0.0229261342604628,38,0
2,台北市,2024-08,2024,0.0233831583482942,71.82,0.24,183443397,193385122852,2856,56259462,2024,8,-0.8660254037844384,-0.5000000000000004,0.0237509811057909,0.0238527598546631,0.0229261342604628,38,1
2,台北市,2024-08,2024,0.0233831583482942,71.82,0.24,183443397,193385122852,7750,31737648,2024,8,-0.8660254037844384,-0.5000000000000004,0.0237509811057909,0.0238527598546631,0.0229261342604628,39,0
2,台北市,2024-08,2024,0.0233831583482942,71.82,0.24,183443397,193385122852,4808,1055957141,2024,8,-0.8660254037844384,-0.5000000000000004,0.0237509811057909,0.0238527598546631,0.0229261342604628,39,1
2,台北市,2024-08,2024,0.0233831583482942,71.82,0.24,183443397,193385122852,2813,6332208,2024,8,-0.8660254037844384,-0.5000000000000004,0.0237509811057909,0.0238527598546631,0.0229261342604628,40,0
2,台北市,2024-08,2024,0.0233831583482942,71.82,0.24,183443397,193385122852,5621,48118184,2024,8,-0.8660254037844384,-0.5000000000000004,0.0237509811057909,0.0238527598546631,0.0229261342604628,40,1
2,台北市,2024-08,2024,0.0233831583482942,71.82,0.24,183443397,193385122852,4791008,8318940027,2024,8,-0.8660254037844384,-0.5000000000000004,0.0237509811057909,0.0238527598546631,0.0229261342604628,41,0
2,台北市,2024-08,2024,0.0233831583482942,71.82,0.24,183443397,193385122852,203283,1314157766,2024,8,-0.8660254037844384,-0.5000000000000004,0.0237509811057909,0.0238527598546631,0.0229261342604628,41,1
2,台北市,2024-08,2024,0.0233831583482942,71.82,0.24,183443397,193385122852,1922,4497862,2024,8,-0.8660254037844384,-0.5000000000000004,0.0237509811057909,0.0238527598546631,0.0229261342604628,43,1
2,台北市,2024-08,2024,0.0233831583482942,71.82,0.24,183443397,193385122852,7972,17864047,2024,8,-0.8660254037844384,-0.5000000000000004,0.0237509811057909,0.0238527598546631,0.0229261342604628,43,0
2,台北市,2024-08,2024,0.0233831583482942,71.82,0.24,183443397,193385122852,3231723,23852447833,2024,8,-0.8660254037844384,-0.5000000000000004,0.0237509811057909,0.0238527598546631,0.0229261342604628,44,1
2,台北市,2024-08,2024,0.0233831583482942,71.82,0.24,183443397,193385122852,6697574,8378619028,2024,8,-0.8660254037844384,-0.5000000000000004,0.0237509811057909,0.0238527598546631,0.0229261342604628,44,0
2,台北市,2024-08,2024,0.0233831583482942,71.82,0.24,183443397,193385122852,35098,239321076,2024,8,-0.8660254037844384,-0.5000000000000004,0.0237509811057909,0.0238527598546631,0.0229261342604628,46,1
2,台北市,2024-08,2024,0.0233831583482942,71.82,0.24,183443397,193385122852,47931,302962686,2024,8,-0.8660254037844384,-0.5000000000000004,0.0237509811057909,0.0238527598546631,0.0229261342604628,46,0
2,台北市,2024-08,2024,0.0233831583482942,71.82,0.24,183443397,193385122852,815,2458088,2024,8,-0.8660254037844384,-0.5000000000000004,0.0237509811057909,0.0238527598546631,0.0229261342604628,48,0
2,台北市,2024-08,2024,0.0233831583482942,71.82,0.24,183443397,193385122852,1380,49005419,2024,8,-0.8660254037844384,-0.5000000000000004,0.0237509811057909,0.0238527598546631,0.0229261342604628,48,1
2,台北市,2024-08,2024,0.0233831583482942,71.82,0.24,183443397,193385122852,121243,425543828,2024,8,-0.8660254037844384,-0.5000000000000004,0.0237509811057909,0.0238527598546631,0.0229261342604628,50,0
2,台北市,2024-08,2024,0.0233831583482942,71.82,0.24,183443397,193385122852,72215,536424586,2024,8,-0.8660254037844384,-0.5000000000000004,0.0237509811057909,0.0238527598546631,0.0229261342604628,50,1
2,台北市,2024-08,2024,0.0233831583482942,71.82,0.24,183443397,193385122852,2,1398,2024,8,-0.8660254037844384,-0.5000000000000004,0.0237509811057909,0.0238527598546631,0.0229261342604628,51,0
2,台北市,2024-08,2024,0.0233831583482942,71.82,0.24,183443397,193385122852,2,1398,2024,8,-0.8660254037844384,-0.5000000000000004,0.0237509811057909,0.0238527598546631,0.0229261342604628,51,1
2,台北市,2024-08,2024,0.0233831583482942,71.82,0.24,183443397,193385122852,25695,8886406,2024,8,-0.8660254037844384,-0.5000000000000004,0.0237509811057909,0.0238527598546631,0.0229261342604628,52,0
2,台北市,2024-08,2024,0.0233831583482942,71.82,0.24,183443397,193385122852,30022,392745130,2024,8,-0.8660254037844384,-0.5000000000000004,0.0237509811057909,0.0238527598546631,0.0229261342604628,52,1
2,台北市,2024-08,2024,0.0233831583482942,71.82,0.24,183443397,193385122852,3257,18184316,2024,8,-0.8660254037844384,-0.5000000000000004,0.0237509811057909,0.0238527598546631,0.0229261342604628,53,1
2,台北市,2024-08,2024,0.0233831583482942,71.82,0.24,183443397,193385122852,597,100720,2024,8,-0.8660254037844384,-0.5000000000000004,0.0237509811057909,0.0238527598546631,0.0229261342604628,53,0
2,台北市,2024-08,2024,0.0233831583482942,71.82,0.24,183443397,193385122852,357,1555063,2024,8,-0.8660254037844384,-0.5000000000000004,0.0237509811057909,0.0238527598546631,0.0229261342604628,54,0
2,台北市,2024-08,2024,0.0233831583482942,71.82,0.24,183443397,193385122852,1187,3123814431,2024,8,-0.8660254037844384,-0.5000000000000004,0.0237509811057909,0.0238527598546631,0.0229261342604628,54,1
2,台北市,2024-08,2024,0.0233831583482942,71.82,0.24,183443397,193385122852,73,4812265,2024,8,-0.8660254037844384,-0.5000000000000004,0.0237509811057909,0.0238527598546631,0.0229261342604628,56,1
2,台北市,2024-08,2024,0.0233831583482942,71.82,0.24,183443397,193385122852,91,8812731,2024,8,-0.8660254037844384,-0.5000000000000004,0.0237509811057909,0.0238527598546631,0.0229261342604628,56,0
2,台北市,2024-08,2024,0.0233831583482942,71.82,0.24,183443397,193385122852,139,54094344,2024,8,-0.8660254037844384,-0.5000000000000004,0.0237509811057909,0.0238527598546631,0.0229261342604628,57,1
2,台北市,2024-08,2024,0.0233831583482942,71.82,0.24,183443397,193385122852,4025,828767,2024,8,-0.8660254037844384,-0.5000000000000004,0.0237509811057909,0.0238527598546631,0.0229261342604628,58,0
2,台北市,2024-08,2024,0.0233831583482942,71.82,0.24,183443397,193385122852,3274,70816412,2024,8,-0.8660254037844384,-0.5000000000000004,0.0237509811057909,0.0238527598546631,0.0229261342604628,58,1
2,台北市,2024-08,2024,0.0233831583482942,71.82,0.24,183443397,193385122852,2412,2293684,2024,8,-0.8660254037844384,-0.5000000000000004,0.0237509811057909,0.0238527598546631,0.0229261342604628,59,0
2,台北市,2024-08,2024,0.0233831583482942,71.82,0.24,183443397,193385122852,70,1285190,2024,8,-0.8660254037844384,-0.5000000000000004,0.0237509811057909,0.0238527598546631,0.0229261342604628,59,1
2,台北市,2024-08,2024,0.0233831583482942,71.82,0.24,183443397,193385122852,8,133281,2024,8,-0.8660254037844384,-0.5000000000000004,0.0237509811057909,0.0238527598546631,0.0229261342604628,60,1
2,台北市,2024-08,2024,0.0233831583482942,71.82,0.24,183443397,193385122852,730582,308962669,2024,8,-0.8660254037844384,-0.5000000000000004,0.0237509811057909,0.0238527598546631,0.0229261342604628,60,0
2,台北市,2024-08,2024,0.0233831583482942,71.82,0.24,183443397,193385122852,394,2032446,2024,8,-0.8660254037844384,-0.5000000000000004,0.0237509811057909,0.0238527598546631,0.0229261342604628,61,0
2,台北市,2024-08,2024,0.0233831583482942,71.82,0.24,183443397,193385122852,1270,3929263,2024,8,-0.8660254037844384,-0.5000000000000004,0.0237509811057909,0.0238527598546631,0.0229261342604628,61,1
2,台北市,2024-08,2024,0.0233831583482942,71.82,0.24,183443397,193385122852,12,419800,2024,8,-0.8660254037844384,-0.5000000000000004,0.0237509811057909,0.0238527598546631,0.0229261342604628,62,1
2,台北市,2024-08,2024,0.0233831583482942,71.82,0.24,183443397,193385122852,87831,40972404,2024,8,-0.8660254037844384,-0.5000000000000004,0.0237509811057909,0.0238527598546631,0.0229261342604628,63,1
2,台北市,2024-08,2024,0.0233831583482942,71.82,0.24,183443397,193385122852,69675,24225237,2024,8,-0.8660254037844384,-0.5000000000000004,0.0237509811057909,0.0238527598546631,0.0229261342604628,63,0
2,台北市,2024-08,2024,0.0233831583482942,71.82,0.24,183443397,193385122852,2263,7913378,2024,8,-0.8660254037844384,-0.5000000000000004,0.0237509811057909,0.0238527598546631,0.0229261342604628,66,0
2,台北市,2024-08,2024,0.0233831583482942,71.82,0.24,183443397,193385122852,326,47723836,2024,8,-0.8660254037844384,-0.5000000000000004,0.0237509811057909,0.0238527598546631,0.0229261342604628,66,1
2,台北市,2024-08,2024,0.0233831583482942,71.82,0.24,183443397,193385122852,1032110,358066623,2024,8,-0.8660254037844384,-0.5000000000000004,0.0237509811057909,0.0238527598546631,0.0229261342604628,67,0
2,台北市,2024-08,2024,0.0233831583482942,71.82,0.24,183443397,193385122852,224507,4684063036,2024,8,-0.8660254037844384,-0.5000000000000004,0.0237509811057909,0.0238527598546631,0.0229261342604628,67,1
2,台北市,2024-08,2024,0.0233831583482942,71.82,0.24,183443397,193385122852,4865,13372628,2024,8,-0.8660254037844384,-0.5000000000000004,0.0237509811057909,0.0238527598546631,0.0229261342604628,68,0
2,台北市,2024-08,2024,0.0233831583482942,71.82,0.24,183443397,193385122852,478,2227818,2024,8,-0.8660254037844384,-0.5000000000000004,0.0237509811057909,0.0238527598546631,0.0229261342604628,68,1
2,台北市,2024-08,2024,0.0233831583482942,71.82,0.24,183443397,193385122852,1594,290694469,2024,8,-0.8660254037844384,-0.5000000000000004,0.0237509811057909,0.0238527598546631,0.0229261342604628,69,1
2,台北市,2024-08,2024,0.0233831583482942,71.82,0.24,183443397,193385122852,1388,3144147,2024,8,-0.8660254037844384,-0.5000000000000004,0.0237509811057909,0.0238527598546631,0.0229261342604628,69,0
2,台北市,2024-08,2024,0.0233831583482942,71.82,0.24,183443397,193385122852,4588,6314492,2024,8,-0.8660254037844384,-0.5000000000000004,0.0237509811057909,0.0238527598546631,0.0229261342604628,70,0
2,台北市,2024-08,2024,0.0233831583482942,71.82,0.24,183443397,193385122852,9216,18043363,2024,8,-0.8660254037844384,-0.5000000000000004,0.0237509811057909,0.0238527598546631,0.0229261342604628,70,1
2,台北市,2024-08,2024,0.0233831583482942,71.82,0.24,183443397,193385122852,10,1954845,2024,8,-0.8660254037844384,-0.5000000000000004,0.0237509811057909,0.0238527598546631,0.0229261342604628,71,1
2,台北市,2024-08,2024,0.0233831583482942,71.82,0.24,183443397,193385122852,46,22621327,2024,8,-0.8660254037844384,-0.5000000000000004,0.0237509811057909,0.0238527598546631,0.0229261342604628,72,0
2,台北市,2024-08,2024,0.0233831583482942,71.82,0.24,183443397,193385122852,10110,241464749,2024,8,-0.8660254037844384,-0.5000000000000004,0.0237509811057909,0.0238527598546631,0.0229261342604628,72,1
2,台北市,2024-08,2024,0.0233831583482942,71.82,0.24,183443397,193385122852,29446,94931573,2024,8,-0.8660254037844384,-0.5000000000000004,0.0237509811057909,0.0238527598546631,0.0229261342604628,73,1
2,台北市,2024-08,2024,0.0233831583482942,71.82,0.24,183443397,193385122852,28416,50470784,2024,8,-0.8660254037844384,-0.5000000000000004,0.0237509811057909,0.0238527598546631,0.0229261342604628,73,0
2,台北市,2024-08,2024,0.0233831583482942,71.82,0.24,183443397,193385122852,179301,568416859,2024,8,-0.8660254037844384,-0.5000000000000004,0.0237509811057909,0.0238527598546631,0.0229261342604628,75,1
2,台北市,2024-08,2024,0.0233831583482942,71.82,0.24,183443397,193385122852,813714,566912931,2024,8,-0.8660254037844384,-0.5000000000000004,0.0237509811057909,0.0238527598546631,0.0229261342604628,75,0
2,台北市,2024-08,2024,0.0233831583482942,71.82,0.24,183443397,193385122852,33410503,14775153307,2024,8,-0.8660254037844384,-0.5000000000000004,0.0237509811057909,0.0238527598546631,0.0229261342604628,77,0
2,台北市,2024-08,2024,0.0233831583482942,71.82,0.24,183443397,193385122852,328115,745904797,2024,8,-0.8660254037844384,-0.5000000000000004,0.0237509811057909,0.0238527598546631,0.0229261342604628,77,1
2,台北市,2024-08,2024,0.0233831583482942,71.82,0.24,183443397,193385122852,11011,18512793,2024,8,-0.8660254037844384,-0.5000000000000004,0.0237509811057909,0.0238527598546631,0.0229261342604628,78,0
2,台北市,2024-08,2024,0.0233831583482942,71.82,0.24,183443397,193385122852,1799,128167853,2024,8,-0.8660254037844384,-0.5000000000000004,0.0237509811057909,0.0238527598546631,0.0229261342604628,78,1
2,台北市,2024-08,2024,0.0233831583482942,71.82,0.24,183443397,193385122852,314247,348803382,2024,8,-0.8660254037844384,-0.5000000000000004,0.0237509811057909,0.0238527598546631,0.0229261342604628,79,1
2,台北市,2024-08,2024,0.0233831583482942,71.82,0.24,183443397,193385122852,418955,471332070,2024,8,-0.8660254037844384,-0.5000000000000004,0.0237509811057909,0.0238527598546631,0.0229261342604628,79,0
2,台北市,2024-08,2024,0.0233831583482942,71.82,0.24,183443397,193385122852,2143422,394986921,2024,8,-0.8660254037844384,-0.5000000000000004,0.0237509811057909,0.0238527598546631,0.0229261342604628,80,0
2,台北市,2024-08,2024,0.0233831583482942,71.82,0.24,183443397,193385122852,1828097,5054779482,2024,8,-0.8660254037844384,-0.5000000000000004,0.0237509811057909,0.0238527598546631,0.0229261342604628,80,1
2,台北市,2024-08,2024,0.0233831583482942,71.82,0.24,183443397,193385122852,4824,827090,2024,8,-0.8660254037844384,-0.5000000000000004,0.0237509811057909,0.0238527598546631,0.0229261342604628,81,0
2,台北市,2024-08,2024,0.0233831583482942,71.82,0.24,183443397,193385122852,7080,5164925,2024,8,-0.8660254037844384,-0.5000000000000004,0.0237509811057909,0.0238527598546631,0.0229261342604628,81,1
2,台北市,2024-08,2024,0.0233831583482942,71.82,0.24,183443397,193385122852,15049,79170889,2024,8,-0.8660254037844384,-0.5000000000000004,0.0237509811057909,0.0238527598546631,0.0229261342604628,83,0
2,台北市,2024-08,2024,0.0233831583482942,71.82,0.24,183443397,193385122852,10071,79052776,2024,8,-0.8660254037844384,-0.5000000000000004,0.0237509811057909,0.0238527598546631,0.0229261342604628,83,1
2,台北市,2024-08,2024,0.0233831583482942,71.82,0.24,183443397,193385122852,42,233537,2024,8,-0.8660254037844384,-0.5000000000000004,0.0237509811057909,0.0238527598546631,0.0229261342604628,84,0
2,台北市,2024-08,2024,0.0233831583482942,71.82,0.24,183443397,193385122852,691,208644021,2024,8,-0.8660254037844384,-0.5000000000000004,0.0237509811057909,0.0238527598546631,0.0229261342604628,84,1
2,台北市,2024-08,2024,0.0233831583482942,71.82,0.24,183443397,193385122852,20276,1461840112,2024,8,-0.8660254037844384,-0.5000000000000004,0.0237509811057909,0.0238527598546631,0.0229261342604628,86,1
2,台北市,2024-08,2024,0.0233831583482942,71.82,0.24,183443397,193385122852,68519,537137176,2024,8,-0.8660254037844384,-0.5000000000000004,0.0237509811057909,0.0238527598546631,0.0229261342604628,86,0
2,台北市,2024-08,2024,0.0233831583482942,71.82,0.24,183443397,193385122852,145907,106205086,2024,8,-0.8660254037844384,-0.5000000000000004,0.0237509811057909,0.0238527598546631,0.0229261342604628,87,1
2,台北市,2024-08,2024,0.0233831583482942,71.82,0.24,183443397,193385122852,273417,310348317,2024,8,-0.8660254037844384,-0.5000000000000004,0.0237509811057909,0.0238527598546631,0.0229261342604628,87,0
2,台北市,2024-08,2024,0.0233831583482942,71.82,0.24,183443397,193385122852,52208460,25528027483,2024,8,-0.8660254037844384,-0.5000000000000004,0.0237509811057909,0.0238527598546631,0.0229261342604628,88,0
2,台北市,2024-08,2024,0.0233831583482942,71.82,0.24,183443397,193385122852,29931004,21830406538,2024,8,-0.8660254037844384,-0.5000000000000004,0.0237509811057909,0.0238527598546631,0.0229261342604628,88,1
2,台北市,2024-08,2024,0.0233831583482942,71.82,0.24,183443397,193385122852,99995,475601273,2024,8,-0.8660254037844384,-0.5000000000000004,0.0237509811057909,0.0238527598546631,0.0229261342604628,89,1
2,台北市,2024-08,2024,0.0233831583482942,71.82,0.24,183443397,193385122852,15959821,11727962247,2024,8,-0.8660254037844384,-0.5000000000000004,0.0237509811057909,0.0238527598546631,0.0229261342604628,89,0
2,台北市,2024-08,2024,0.0233831583482942,71.82,0.24,183443397,193385122852,15950,61658745,2024,8,-0.8660254037844384,-0.5000000000000004,0.0237509811057909,0.0238527598546631,0.0229261342604628,90,1
2,台北市,2024-08,2024,0.0233831583482942,71.82,0.24,183443397,193385122852,783060,2181828436,2024,8,-0.8660254037844384,-0.5000000000000004,0.0237509811057909,0.0238527598546631,0.0229261342604628,90,0
2,台北市,2024-08,2024,0.0233831583482942,71.82,0.24,183443397,193385122852,16198,10510173,2024,8,-0.8660254037844384,-0.5000000000000004,0.0237509811057909,0.0238527598546631,0.0229261342604628,91,0
2,台北市,2024-08,2024,0.0233831583482942,71.82,0.24,183443397,193385122852,3962,249322011,2024,8,-0.8660254037844384,-0.5000000000000004,0.0237509811057909,0.0238527598546631,0.0229261342604628,91,1
2,台北市,2024-08,2024,0.0233831583482942,71.82,0.24,183443397,193385122852,1781,222335325,2024,8,-0.8660254037844384,-0.5000000000000004,0.0237509811057909,0.0238527598546631,0.0229261342604628,93,1
2,台北市,2024-08,2024,0.0233831583482942,71.82,0.24,183443397,193385122852,1121,2485119,2024,8,-0.8660254037844384,-0.5000000000000004,0.0237509811057909,0.0238527598546631,0.0229261342604628,93,0
2,台北市,2024-08,2024,0.0233831583482942,71.82,0.24,183443397,193385122852,3385,556934675,2024,8,-0.8660254037844384,-0.5000000000000004,0.0237509811057909,0.0238527598546631,0.0229261342604628,94,1
2,台北市,2024-08,2024,0.0233831583482942,71.82,0.24,183443397,193385122852,25114,49864395,2024,8,-0.8660254037844384,-0.5000000000000004,0.0237509811057909,0.0238527598546631,0.0229261342604628,94,0
2,台北市,2024-08,2024,0.0233831583482942,71.82,0.24,183443397,193385122852,1473836,462699084,2024,8,-0.8660254037844384,-0.5000000000000004,0.0237509811057909,0.0238527598546631,0.0229261342604628,95,0
2,台北市,2024-08,2024,0.0233831583482942,71.82,0.24,183443397,193385122852,73381,438703535,2024,8,-0.8660254037844384,-0.5000000000000004,0.0237509811057909,0.0238527598546631,0.0229261342604628,95,1
2,台北市,2024-08,2024,0.0233831583482942,71.82,0.24,183443397,193385122852,4666,550937657,2024,8,-0.8660254037844384,-0.5000000000000004,0.0237509811057909,0.0238527598546631,0.0229261342604628,97,1
2,台北市,2024-08,2024,0.0233831583482942,71.82,0.24,183443397,193385122852,330,1477888,2024,8,-0.8660254037844384,-0.5000000000000004,0.0237509811057909,0.0238527598546631,0.0229261342604628,97,0
2,台北市,2024-08,2024,0.0233831583482942,71.82,0.24,183443397,193385122852,479016,484634145,2024,8,-0.8660254037844384,-0.5000000000000004,0.0237509811057909,0.0238527598546631,0.0229261342604628,98,1
2,台北市,2024-08,2024,0.0233831583482942,71.82,0.24,183443397,193385122852,456674,177007438,2024,8,-0.8660254037844384,-0.5000000000000004,0.0237509811057909,0.0238527598546631,0.0229261342604628,98,0
2,台北市,2024-08,2024,0.0233831583482942,71.82,0.24,183443397,193385122852,8497,8121663,2024,8,-0.8660254037844384,-0.5000000000000004,0.0237509811057909,0.0238527598546631,0.0229261342604628,100,1
2,台北市,2024-08,2024,0.0233831583482942,71.82,0.24,183443397,193385122852,9850,2205567,2024,8,-0.8660254037844384,-0.5000000000000004,0.0237509811057909,0.0238527598546631,0.0229261342604628,100,0
2,台北市,2024-08,2024,0.0233831583482942,71.82,0.24,183443397,193385122852,10591661,3847129032,2024,8,-0.8660254037844384,-0.5000000000000004,0.0237509811057909,0.0238527598546631,0.0229261342604628,101,0
2,台北市,2024-08,2024,0.0233831583482942,71.82,0.24,183443397,193385122852,10316227,4698262549,2024,8,-0.8660254037844384,-0.5000000000000004,0.0237509811057909,0.0238527598546631,0.0229261342604628,101,1
2,台北市,2024-09,2024,0.0229973426442951,71.82,0.24,175689690,194935896618,64222,265555308,2024,9,-1.0,-1.8369701987210297e-16,0.0233831583482942,0.0237509811057909,0.0238527598546631,0,0
2,台北市,2024-09,2024,0.0229973426442951,71.82,0.24,175689690,194935896618,99926,6066179812,2024,9,-1.0,-1.8369701987210297e-16,0.0233831583482942,0.0237509811057909,0.0238527598546631,0,1
2,台北市,2024-09,2024,0.0229973426442951,71.82,0.24,175689690,194935896618,570689,1635510226,2024,9,-1.0,-1.8369701987210297e-16,0.0233831583482942,0.0237509811057909,0.0238527598546631,1,0
2,台北市,2024-09,2024,0.0229973426442951,71.82,0.24,175689690,194935896618,488607,17272421121,2024,9,-1.0,-1.8369701987210297e-16,0.0233831583482942,0.0237509811057909,0.0238527598546631,1,1
2,台北市,2024-09,2024,0.0229973426442951,71.82,0.24,175689690,194935896618,49027,35838059,2024,9,-1.0,-1.8369701987210297e-16,0.0233831583482942,0.0237509811057909,0.0238527598546631,2,0
2,台北市,2024-09,2024,0.0229973426442951,71.82,0.24,175689690,194935896618,365396,197111669,2024,9,-1.0,-1.8369701987210297e-16,0.0233831583482942,0.0237509811057909,0.0238527598546631,2,1
2,台北市,2024-09,2024,0.0229973426442951,71.82,0.24,175689690,194935896618,143781,231408254,2024,9,-1.0,-1.8369701987210297e-16,0.0233831583482942,0.0237509811057909,0.0238527598546631,3,0
2,台北市,2024-09,2024,0.0229973426442951,71.82,0.24,175689690,194935896618,111694,621931604,2024,9,-1.0,-1.8369701987210297e-16,0.0233831583482942,0.0237509811057909,0.0238527598546631,3,1
2,台北市,2024-09,2024,0.0229973426442951,71.82,0.24,175689690,194935896618,69289,168934374,2024,9,-1.0,-1.8369701987210297e-16,0.0233831583482942,0.0237509811057909,0.0238527598546631,5,0
2,台北市,2024-09,2024,0.0229973426442951,71.82,0.24,175689690,194935896618,265394,1571794477,2024,9,-1.0,-1.8369701987210297e-16,0.0233831583482942,0.0237509811057909,0.0238527598546631,5,1
2,台北市,2024-09,2024,0.0229973426442951,71.82,0.24,175689690,194935896618,1845,13375869,2024,9,-1.0,-1.8369701987210297e-16,0.0233831583482942,0.0237509811057909,0.0238527598546631,6,0
2,台北市,2024-09,2024,0.0229973426442951,71.82,0.24,175689690,194935896618,1204,69888088,2024,9,-1.0,-1.8369701987210297e-16,0.0233831583482942,0.0237509811057909,0.0238527598546631,6,1
2,台北市,2024-09,2024,0.0229973426442951,71.82,0.24,175689690,194935896618,8729,384716974,2024,9,-1.0,-1.8369701987210297e-16,0.0233831583482942,0.0237509811057909,0.0238527598546631,7,1
2,台北市,2024-09,2024,0.0229973426442951,71.82,0.24,175689690,194935896618,11754,21612887,2024,9,-1.0,-1.8369701987210297e-16,0.0233831583482942,0.0237509811057909,0.0238527598546631,7,0
2,台北市,2024-09,2024,0.0229973426442951,71.82,0.24,175689690,194935896618,6601,27837790,2024,9,-1.0,-1.8369701987210297e-16,0.0233831583482942,0.0237509811057909,0.0238527598546631,8,1
2,台北市,2024-09,2024,0.0229973426442951,71.82,0.24,175689690,194935896618,3064,12589973,2024,9,-1.0,-1.8369701987210297e-16,0.0233831583482942,0.0237509811057909,0.0238527598546631,8,0
2,台北市,2024-09,2024,0.0229973426442951,71.82,0.24,175689690,194935896618,15994,405733157,2024,9,-1.0,-1.8369701987210297e-16,0.0233831583482942,0.0237509811057909,0.0238527598546631,9,1
2,台北市,2024-09,2024,0.0229973426442951,71.82,0.24,175689690,194935896618,8854,39981935,2024,9,-1.0,-1.8369701987210297e-16,0.0233831583482942,0.0237509811057909,0.0238527598546631,9,0
2,台北市,2024-09,2024,0.0229973426442951,71.82,0.24,175689690,194935896618,5789,18109375,2024,9,-1.0,-1.8369701987210297e-16,0.0233831583482942,0.0237509811057909,0.0238527598546631,12,0
2,台北市,2024-09,2024,0.0229973426442951,71.82,0.24,175689690,194935896618,11246,302255544,2024,9,-1.0,-1.8369701987210297e-16,0.0233831583482942,0.0237509811057909,0.0238527598546631,12,1
2,台北市,2024-09,2024,0.0229973426442951,71.82,0.24,175689690,194935896618,13230,29504656,2024,9,-1.0,-1.8369701987210297e-16,0.0233831583482942,0.0237509811057909,0.0238527598546631,13,0
2,台北市,2024-09,2024,0.0229973426442951,71.82,0.24,175689690,194935896618,7781,66672355,2024,9,-1.0,-1.8369701987210297e-16,0.0233831583482942,0.0237509811057909,0.0238527598546631,13,1
2,台北市,2024-09,2024,0.0229973426442951,71.82,0.24,175689690,194935896618,7631,10184249,2024,9,-1.0,-1.8369701987210297e-16,0.0233831583482942,0.0237509811057909,0.0238527598546631,14,1
2,台北市,2024-09,2024,0.0229973426442951,71.82,0.24,175689690,194935896618,2640,1430555,2024,9,-1.0,-1.8369701987210297e-16,0.0233831583482942,0.0237509811057909,0.0238527598546631,14,0
2,台北市,2024-09,2024,0.0229973426442951,71.82,0.24,175689690,194935896618,1064,7774575,2024,9,-1.0,-1.8369701987210297e-16,0.0233831583482942,0.0237509811057909,0.0238527598546631,15,1
2,台北市,2024-09,2024,0.0229973426442951,71.82,0.24,175689690,194935896618,1013,9092167,2024,9,-1.0,-1.8369701987210297e-16,0.0233831583482942,0.0237509811057909,0.0238527598546631,15,0
2,台北市,2024-09,2024,0.0229973426442951,71.82,0.24,175689690,194935896618,662,9089389,2024,9,-1.0,-1.8369701987210297e-16,0.0233831583482942,0.0237509811057909,0.0238527598546631,16,1
2,台北市,2024-09,2024,0.0229973426442951,71.82,0.24,175689690,194935896618,1032,1547851,2024,9,-1.0,-1.8369701987210297e-16,0.0233831583482942,0.0237509811057909,0.0238527598546631,16,0
2,台北市,2024-09,2024,0.0229973426442951,71.82,0.24,175689690,194935896618,129012,183848911,2024,9,-1.0,-1.8369701987210297e-16,0.0233831583482942,0.0237509811057909,0.0238527598546631,17,0
2,台北市,2024-09,2024,0.0229973426442951,71.82,0.24,175689690,194935896618,44578,116724757,2024,9,-1.0,-1.8369701987210297e-16,0.0233831583482942,0.0237509811057909,0.0238527598546631,17,1
2,台北市,2024-09,2024,0.0229973426442951,71.82,0.24,175689690,194935896618,45673,43477655,2024,9,-1.0,-1.8369701987210297e-16,0.0233831583482942,0.0237509811057909,0.0238527598546631,18,0
2,台北市,2024-09,2024,0.0229973426442951,71.82,0.24,175689690,194935896618,30538,48766406,2024,9,-1.0,-1.8369701987210297e-16,0.0233831583482942,0.0237509811057909,0.0238527598546631,18,1
2,台北市,2024-09,2024,0.0229973426442951,71.82,0.24,175689690,194935896618,1126,2883789,2024,9,-1.0,-1.8369701987210297e-16,0.0233831583482942,0.0237509811057909,0.0238527598546631,19,0
2,台北市,2024-09,2024,0.0229973426442951,71.82,0.24,175689690,194935896618,308,45283226,2024,9,-1.0,-1.8369701987210297e-16,0.0233831583482942,0.0237509811057909,0.0238527598546631,19,1
2,台北市,2024-09,2024,0.0229973426442951,71.82,0.24,175689690,194935896618,2,387851575,2024,9,-1.0,-1.8369701987210297e-16,0.0233831583482942,0.0237509811057909,0.0238527598546631,20,1
2,台北市,2024-09,2024,0.0229973426442951,71.82,0.24,175689690,194935896618,12,32250,2024,9,-1.0,-1.8369701987210297e-16,0.0233831583482942,0.0237509811057909,0.0238527598546631,20,0
2,台北市,2024-09,2024,0.0229973426442951,71.82,0.24,175689690,194935896618,9070,67509956,2024,9,-1.0,-1.8369701987210297e-16,0.0233831583482942,0.0237509811057909,0.0238527598546631,21,1
2,台北市,2024-09,2024,0.0229973426442951,71.82,0.24,175689690,194935896618,6437,9290856,2024,9,-1.0,-1.8369701987210297e-16,0.0233831583482942,0.0237509811057909,0.0238527598546631,21,0
2,台北市,2024-09,2024,0.0229973426442951,71.82,0.24,175689690,194935896618,8750,5014085,2024,9,-1.0,-1.8369701987210297e-16,0.0233831583482942,0.0237509811057909,0.0238527598546631,22,1
2,台北市,2024-09,2024,0.0229973426442951,71.82,0.24,175689690,194935896618,13770,8924880,2024,9,-1.0,-1.8369701987210297e-16,0.0233831583482942,0.0237509811057909,0.0238527598546631,22,0
2,台北市,2024-09,2024,0.0229973426442951,71.82,0.24,175689690,194935896618,192,419960,2024,9,-1.0,-1.8369701987210297e-16,0.0233831583482942,0.0237509811057909,0.0238527598546631,23,0
2,台北市,2024-09,2024,0.0229973426442951,71.82,0.24,175689690,194935896618,1331,80925659,2024,9,-1.0,-1.8369701987210297e-16,0.0233831583482942,0.0237509811057909,0.0238527598546631,23,1
2,台北市,2024-09,2024,0.0229973426442951,71.82,0.24,175689690,194935896618,101,196611255,2024,9,-1.0,-1.8369701987210297e-16,0.0233831583482942,0.0237509811057909,0.0238527598546631,24,1
2,台北市,2024-09,2024,0.0229973426442951,71.82,0.24,175689690,194935896618,5,1230000,2024,9,-1.0,-1.8369701987210297e-16,0.0233831583482942,0.0237509811057909,0.0238527598546631,24,0
2,台北市,2024-09,2024,0.0229973426442951,71.82,0.24,175689690,194935896618,322,571598,2024,9,-1.0,-1.8369701987210297e-16,0.0233831583482942,0.0237509811057909,0.0238527598546631,25,0
2,台北市,2024-09,2024,0.0229973426442951,71.82,0.24,175689690,194935896618,618,393885422,2024,9,-1.0,-1.8369701987210297e-16,0.0233831583482942,0.0237509811057909,0.0238527598546631,25,1
2,台北市,2024-09,2024,0.0229973426442951,71.82,0.24,175689690,194935896618,25952,5515589,2024,9,-1.0,-1.8369701987210297e-16,0.0233831583482942,0.0237509811057909,0.0238527598546631,26,0
2,台北市,2024-09,2024,0.0229973426442951,71.82,0.24,175689690,194935896618,4950,23533314,2024,9,-1.0,-1.8369701987210297e-16,0.0233831583482942,0.0237509811057909,0.0238527598546631,26,1
2,台北市,2024-09,2024,0.0229973426442951,71.82,0.24,175689690,194935896618,51,1159122,2024,9,-1.0,-1.8369701987210297e-16,0.0233831583482942,0.0237509811057909,0.0238527598546631,27,1
2,台北市,2024-09,2024,0.0229973426442951,71.82,0.24,175689690,194935896618,44,744104,2024,9,-1.0,-1.8369701987210297e-16,0.0233831583482942,0.0237509811057909,0.0238527598546631,27,0
2,台北市,2024-09,2024,0.0229973426442951,71.82,0.24,175689690,194935896618,47993,126750428,2024,9,-1.0,-1.8369701987210297e-16,0.0233831583482942,0.0237509811057909,0.0238527598546631,28,0
2,台北市,2024-09,2024,0.0229973426442951,71.82,0.24,175689690,194935896618,20935,1356690826,2024,9,-1.0,-1.8369701987210297e-16,0.0233831583482942,0.0237509811057909,0.0238527598546631,28,1
2,台北市,2024-09,2024,0.0229973426442951,71.82,0.24,175689690,194935896618,8137,45895099,2024,9,-1.0,-1.8369701987210297e-16,0.0233831583482942,0.0237509811057909,0.0238527598546631,30,1
2,台北市,2024-09,2024,0.0229973426442951,71.82,0.24,175689690,194935896618,22718,64953383,2024,9,-1.0,-1.8369701987210297e-16,0.0233831583482942,0.0237509811057909,0.0238527598546631,30,0
2,台北市,2024-09,2024,0.0229973426442951,71.82,0.24,175689690,194935896618,1781,3395227,2024,9,-1.0,-1.8369701987210297e-16,0.0233831583482942,0.0237509811057909,0.0238527598546631,31,1
2,台北市,2024-09,2024,0.0229973426442951,71.82,0.24,175689690,194935896618,10,21207,2024,9,-1.0,-1.8369701987210297e-16,0.0233831583482942,0.0237509811057909,0.0238527598546631,31,0
2,台北市,2024-09,2024,0.0229973426442951,71.82,0.24,175689690,194935896618,357,660337,2024,9,-1.0,-1.8369701987210297e-16,0.0233831583482942,0.0237509811057909,0.0238527598546631,33,0
2,台北市,2024-09,2024,0.0229973426442951,71.82,0.24,175689690,194935896618,781,83589533,2024,9,-1.0,-1.8369701987210297e-16,0.0233831583482942,0.0237509811057909,0.0238527598546631,33,1
2,台北市,2024-09,2024,0.0229973426442951,71.82,0.24,175689690,194935896618,1,5000,2024,9,-1.0,-1.8369701987210297e-16,0.0233831583482942,0.0237509811057909,0.0238527598546631,34,1
2,台北市,2024-09,2024,0.0229973426442951,71.82,0.24,175689690,194935896618,17,93500,2024,9,-1.0,-1.8369701987210297e-16,0.0233831583482942,0.0237509811057909,0.0238527598546631,34,0
2,台北市,2024-09,2024,0.0229973426442951,71.82,0.24,175689690,194935896618,54479,274570277,2024,9,-1.0,-1.8369701987210297e-16,0.0233831583482942,0.0237509811057909,0.0238527598546631,36,1
2,台北市,2024-09,2024,0.0229973426442951,71.82,0.24,175689690,194935896618,172727,112212934,2024,9,-1.0,-1.8369701987210297e-16,0.0233831583482942,0.0237509811057909,0.0238527598546631,36,0
2,台北市,2024-09,2024,0.0229973426442951,71.82,0.24,175689690,194935896618,189865,309385957,2024,9,-1.0,-1.8369701987210297e-16,0.0233831583482942,0.0237509811057909,0.0238527598546631,37,0
2,台北市,2024-09,2024,0.0229973426442951,71.82,0.24,175689690,194935896618,11538,63545348,2024,9,-1.0,-1.8369701987210297e-16,0.0233831583482942,0.0237509811057909,0.0238527598546631,37,1
2,台北市,2024-09,2024,0.0229973426442951,71.82,0.24,175689690,194935896618,1867,34918470,2024,9,-1.0,-1.8369701987210297e-16,0.0233831583482942,0.0237509811057909,0.0238527598546631,38,1
2,台北市,2024-09,2024,0.0229973426442951,71.82,0.24,175689690,194935896618,1726,7989120,2024,9,-1.0,-1.8369701987210297e-16,0.0233831583482942,0.0237509811057909,0.0238527598546631,38,0
2,台北市,2024-09,2024,0.0229973426442951,71.82,0.24,175689690,194935896618,7226,61570041,2024,9,-1.0,-1.8369701987210297e-16,0.0233831583482942,0.0237509811057909,0.0238527598546631,39,0
2,台北市,2024-09,2024,0.0229973426442951,71.82,0.24,175689690,194935896618,4360,468594039,2024,9,-1.0,-1.8369701987210297e-16,0.0233831583482942,0.0237509811057909,0.0238527598546631,39,1
2,台北市,2024-09,2024,0.0229973426442951,71.82,0.24,175689690,194935896618,8246,50851608,2024,9,-1.0,-1.8369701987210297e-16,0.0233831583482942,0.0237509811057909,0.0238527598546631,40,1
2,台北市,2024-09,2024,0.0229973426442951,71.82,0.24,175689690,194935896618,3046,6153423,2024,9,-1.0,-1.8369701987210297e-16,0.0233831583482942,0.0237509811057909,0.0238527598546631,40,0
2,台北市,2024-09,2024,0.0229973426442951,71.82,0.24,175689690,194935896618,4528181,7777640274,2024,9,-1.0,-1.8369701987210297e-16,0.0233831583482942,0.0237509811057909,0.0238527598546631,41,0
2,台北市,2024-09,2024,0.0229973426442951,71.82,0.24,175689690,194935896618,157706,419877867,2024,9,-1.0,-1.8369701987210297e-16,0.0233831583482942,0.0237509811057909,0.0238527598546631,41,1
2,台北市,2024-09,2024,0.0229973426442951,71.82,0.24,175689690,194935896618,7834,16697089,2024,9,-1.0,-1.8369701987210297e-16,0.0233831583482942,0.0237509811057909,0.0238527598546631,43,0
2,台北市,2024-09,2024,0.0229973426442951,71.82,0.24,175689690,194935896618,1466,3511932,2024,9,-1.0,-1.8369701987210297e-16,0.0233831583482942,0.0237509811057909,0.0238527598546631,43,1
2,台北市,2024-09,2024,0.0229973426442951,71.82,0.24,175689690,194935896618,3060312,25697584417,2024,9,-1.0,-1.8369701987210297e-16,0.0233831583482942,0.0237509811057909,0.0238527598546631,44,1
2,台北市,2024-09,2024,0.0229973426442951,71.82,0.24,175689690,194935896618,6515942,10824500068,2024,9,-1.0,-1.8369701987210297e-16,0.0233831583482942,0.0237509811057909,0.0238527598546631,44,0
2,台北市,2024-09,2024,0.0229973426442951,71.82,0.24,175689690,194935896618,31096,202853503,2024,9,-1.0,-1.8369701987210297e-16,0.0233831583482942,0.0237509811057909,0.0238527598546631,46,1
2,台北市,2024-09,2024,0.0229973426442951,71.82,0.24,175689690,194935896618,37557,235793855,2024,9,-1.0,-1.8369701987210297e-16,0.0233831583482942,0.0237509811057909,0.0238527598546631,46,0
2,台北市,2024-09,2024,0.0229973426442951,71.82,0.24,175689690,194935896618,682,1521447,2024,9,-1.0,-1.8369701987210297e-16,0.0233831583482942,0.0237509811057909,0.0238527598546631,48,0
2,台北市,2024-09,2024,0.0229973426442951,71.82,0.24,175689690,194935896618,1145,75011403,2024,9,-1.0,-1.8369701987210297e-16,0.0233831583482942,0.0237509811057909,0.0238527598546631,48,1
2,台北市,2024-09,2024,0.0229973426442951,71.82,0.24,175689690,194935896618,118815,410516411,2024,9,-1.0,-1.8369701987210297e-16,0.0233831583482942,0.0237509811057909,0.0238527598546631,50,0
2,台北市,2024-09,2024,0.0229973426442951,71.82,0.24,175689690,194935896618,63959,740505535,2024,9,-1.0,-1.8369701987210297e-16,0.0233831583482942,0.0237509811057909,0.0238527598546631,50,1
2,台北市,2024-09,2024,0.0229973426442951,71.82,0.24,175689690,194935896618,2,1398,2024,9,-1.0,-1.8369701987210297e-16,0.0233831583482942,0.0237509811057909,0.0238527598546631,51,0
2,台北市,2024-09,2024,0.0229973426442951,71.82,0.24,175689690,194935896618,31253,465460369,2024,9,-1.0,-1.8369701987210297e-16,0.0233831583482942,0.0237509811057909,0.0238527598546631,52,1
2,台北市,2024-09,2024,0.0229973426442951,71.82,0.24,175689690,194935896618,25399,9238419,2024,9,-1.0,-1.8369701987210297e-16,0.0233831583482942,0.0237509811057909,0.0238527598546631,52,0
2,台北市,2024-09,2024,0.0229973426442951,71.82,0.24,175689690,194935896618,632,105910,2024,9,-1.0,-1.8369701987210297e-16,0.0233831583482942,0.0237509811057909,0.0238527598546631,53,0
2,台北市,2024-09,2024,0.0229973426442951,71.82,0.24,175689690,194935896618,3043,17555128,2024,9,-1.0,-1.8369701987210297e-16,0.0233831583482942,0.0237509811057909,0.0238527598546631,53,1
2,台北市,2024-09,2024,0.0229973426442951,71.82,0.24,175689690,194935896618,376,1576342,2024,9,-1.0,-1.8369701987210297e-16,0.0233831583482942,0.0237509811057909,0.0238527598546631,54,0
2,台北市,2024-09,2024,0.0229973426442951,71.82,0.24,175689690,194935896618,1165,3433463341,2024,9,-1.0,-1.8369701987210297e-16,0.0233831583482942,0.0237509811057909,0.0238527598546631,54,1
2,台北市,2024-09,2024,0.0229973426442951,71.82,0.24,175689690,194935896618,30,6343890,2024,9,-1.0,-1.8369701987210297e-16,0.0233831583482942,0.0237509811057909,0.0238527598546631,56,0
2,台北市,2024-09,2024,0.0229973426442951,71.82,0.24,175689690,194935896618,70,6169709,2024,9,-1.0,-1.8369701987210297e-16,0.0233831583482942,0.0237509811057909,0.0238527598546631,56,1
2,台北市,2024-09,2024,0.0229973426442951,71.82,0.24,175689690,194935896618,97,2762092,2024,9,-1.0,-1.8369701987210297e-16,0.0233831583482942,0.0237509811057909,0.0238527598546631,57,1
2,台北市,2024-09,2024,0.0229973426442951,71.82,0.24,175689690,194935896618,3483,719937,2024,9,-1.0,-1.8369701987210297e-16,0.0233831583482942,0.0237509811057909,0.0238527598546631,58,0
2,台北市,2024-09,2024,0.0229973426442951,71.82,0.24,175689690,194935896618,3114,67913708,2024,9,-1.0,-1.8369701987210297e-16,0.0233831583482942,0.0237509811057909,0.0238527598546631,58,1
2,台北市,2024-09,2024,0.0229973426442951,71.82,0.24,175689690,194935896618,100,15350737,2024,9,-1.0,-1.8369701987210297e-16,0.0233831583482942,0.0237509811057909,0.0238527598546631,59,1
2,台北市,2024-09,2024,0.0229973426442951,71.82,0.24,175689690,194935896618,2367,2188926,2024,9,-1.0,-1.8369701987210297e-16,0.0233831583482942,0.0237509811057909,0.0238527598546631,59,0
2,台北市,2024-09,2024,0.0229973426442951,71.82,0.24,175689690,194935896618,713348,303959966,2024,9,-1.0,-1.8369701987210297e-16,0.0233831583482942,0.0237509811057909,0.0238527598546631,60,0
2,台北市,2024-09,2024,0.0229973426442951,71.82,0.24,175689690,194935896618,19,433661,2024,9,-1.0,-1.8369701987210297e-16,0.0233831583482942,0.0237509811057909,0.0238527598546631,60,1
2,台北市,2024-09,2024,0.0229973426442951,71.82,0.24,175689690,194935896618,818,3165309,2024,9,-1.0,-1.8369701987210297e-16,0.0233831583482942,0.0237509811057909,0.0238527598546631,61,1
2,台北市,2024-09,2024,0.0229973426442951,71.82,0.24,175689690,194935896618,311,1829899,2024,9,-1.0,-1.8369701987210297e-16,0.0233831583482942,0.0237509811057909,0.0238527598546631,61,0
2,台北市,2024-09,2024,0.0229973426442951,71.82,0.24,175689690,194935896618,2,2654540,2024,9,-1.0,-1.8369701987210297e-16,0.0233831583482942,0.0237509811057909,0.0238527598546631,62,1
2,台北市,2024-09,2024,0.0229973426442951,71.82,0.24,175689690,194935896618,66238,23684771,2024,9,-1.0,-1.8369701987210297e-16,0.0233831583482942,0.0237509811057909,0.0238527598546631,63,0
2,台北市,2024-09,2024,0.0229973426442951,71.82,0.24,175689690,194935896618,82736,40362228,2024,9,-1.0,-1.8369701987210297e-16,0.0233831583482942,0.0237509811057909,0.0238527598546631,63,1
2,台北市,2024-09,2024,0.0229973426442951,71.82,0.24,175689690,194935896618,417,62345476,2024,9,-1.0,-1.8369701987210297e-16,0.0233831583482942,0.0237509811057909,0.0238527598546631,66,1
2,台北市,2024-09,2024,0.0229973426442951,71.82,0.24,175689690,194935896618,1560,3165182,2024,9,-1.0,-1.8369701987210297e-16,0.0233831583482942,0.0237509811057909,0.0238527598546631,66,0
2,台北市,2024-09,2024,0.0229973426442951,71.82,0.24,175689690,194935896618,202826,4963887538,2024,9,-1.0,-1.8369701987210297e-16,0.0233831583482942,0.0237509811057909,0.0238527598546631,67,1
2,台北市,2024-09,2024,0.0229973426442951,71.82,0.24,175689690,194935896618,988149,351740555,2024,9,-1.0,-1.8369701987210297e-16,0.0233831583482942,0.0237509811057909,0.0238527598546631,67,0
2,台北市,2024-09,2024,0.0229973426442951,71.82,0.24,175689690,194935896618,467,4662116,2024,9,-1.0,-1.8369701987210297e-16,0.0233831583482942,0.0237509811057909,0.0238527598546631,68,1
2,台北市,2024-09,2024,0.0229973426442951,71.82,0.24,175689690,194935896618,3710,14254804,2024,9,-1.0,-1.8369701987210297e-16,0.0233831583482942,0.0237509811057909,0.0238527598546631,68,0
2,台北市,2024-09,2024,0.0229973426442951,71.82,0.24,175689690,194935896618,1331,2424272,2024,9,-1.0,-1.8369701987210297e-16,0.0233831583482942,0.0237509811057909,0.0238527598546631,69,0
2,台北市,2024-09,2024,0.0229973426442951,71.82,0.24,175689690,194935896618,1337,194008370,2024,9,-1.0,-1.8369701987210297e-16,0.0233831583482942,0.0237509811057909,0.0238527598546631,69,1
2,台北市,2024-09,2024,0.0229973426442951,71.82,0.24,175689690,194935896618,8809,13899485,2024,9,-1.0,-1.8369701987210297e-16,0.0233831583482942,0.0237509811057909,0.0238527598546631,70,1
2,台北市,2024-09,2024,0.0229973426442951,71.82,0.24,175689690,194935896618,4850,5879181,2024,9,-1.0,-1.8369701987210297e-16,0.0233831583482942,0.0237509811057909,0.0238527598546631,70,0
2,台北市,2024-09,2024,0.0229973426442951,71.82,0.24,175689690,194935896618,8,93302,2024,9,-1.0,-1.8369701987210297e-16,0.0233831583482942,0.0237509811057909,0.0238527598546631,71,1
2,台北市,2024-09,2024,0.0229973426442951,71.82,0.24,175689690,194935896618,9956,211667561,2024,9,-1.0,-1.8369701987210297e-16,0.0233831583482942,0.0237509811057909,0.0238527598546631,72,1
2,台北市,2024-09,2024,0.0229973426442951,71.82,0.24,175689690,194935896618,45,72858,2024,9,-1.0,-1.8369701987210297e-16,0.0233831583482942,0.0237509811057909,0.0238527598546631,72,0
2,台北市,2024-09,2024,0.0229973426442951,71.82,0.24,175689690,194935896618,26075,98920492,2024,9,-1.0,-1.8369701987210297e-16,0.0233831583482942,0.0237509811057909,0.0238527598546631,73,1
2,台北市,2024-09,2024,0.0229973426442951,71.82,0.24,175689690,194935896618,29098,52382010,2024,9,-1.0,-1.8369701987210297e-16,0.0233831583482942,0.0237509811057909,0.0238527598546631,73,0
2,台北市,2024-09,2024,0.0229973426442951,71.82,0.24,175689690,194935896618,748226,503474943,2024,9,-1.0,-1.8369701987210297e-16,0.0233831583482942,0.0237509811057909,0.0238527598546631,75,0
2,台北市,2024-09,2024,0.0229973426442951,71.82,0.24,175689690,194935896618,147476,424804066,2024,9,-1.0,-1.8369701987210297e-16,0.0233831583482942,0.0237509811057909,0.0238527598546631,75,1
2,台北市,2024-09,2024,0.0229973426442951,71.82,0.24,175689690,194935896618,32575047,14357833929,2024,9,-1.0,-1.8369701987210297e-16,0.0233831583482942,0.0237509811057909,0.0238527598546631,77,0
2,台北市,2024-09,2024,0.0229973426442951,71.82,0.24,175689690,194935896618,350141,672854203,2024,9,-1.0,-1.8369701987210297e-16,0.0233831583482942,0.0237509811057909,0.0238527598546631,77,1
2,台北市,2024-09,2024,0.0229973426442951,71.82,0.24,175689690,194935896618,1751,138801471,2024,9,-1.0,-1.8369701987210297e-16,0.0233831583482942,0.0237509811057909,0.0238527598546631,78,1
2,台北市,2024-09,2024,0.0229973426442951,71.82,0.24,175689690,194935896618,9030,15139563,2024,9,-1.0,-1.8369701987210297e-16,0.0233831583482942,0.0237509811057909,0.0238527598546631,78,0
2,台北市,2024-09,2024,0.0229973426442951,71.82,0.24,175689690,194935896618,396361,448491155,2024,9,-1.0,-1.8369701987210297e-16,0.0233831583482942,0.0237509811057909,0.0238527598546631,79,0
2,台北市,2024-09,2024,0.0229973426442951,71.82,0.24,175689690,194935896618,266084,315504381,2024,9,-1.0,-1.8369701987210297e-16,0.0233831583482942,0.0237509811057909,0.0238527598546631,79,1
2,台北市,2024-09,2024,0.0229973426442951,71.82,0.24,175689690,194935896618,2077965,420277568,2024,9,-1.0,-1.8369701987210297e-16,0.0233831583482942,0.0237509811057909,0.0238527598546631,80,0
2,台北市,2024-09,2024,0.0229973426442951,71.82,0.24,175689690,194935896618,1720539,4505155952,2024,9,-1.0,-1.8369701987210297e-16,0.0233831583482942,0.0237509811057909,0.0238527598546631,80,1
2,台北市,2024-09,2024,0.0229973426442951,71.82,0.24,175689690,194935896618,8205,5910738,2024,9,-1.0,-1.8369701987210297e-16,0.0233831583482942,0.0237509811057909,0.0238527598546631,81,1
2,台北市,2024-09,2024,0.0229973426442951,71.82,0.24,175689690,194935896618,5215,873956,2024,9,-1.0,-1.8369701987210297e-16,0.0233831583482942,0.0237509811057909,0.0238527598546631,81,0
2,台北市,2024-09,2024,0.0229973426442951,71.82,0.24,175689690,194935896618,9425,73239657,2024,9,-1.0,-1.8369701987210297e-16,0.0233831583482942,0.0237509811057909,0.0238527598546631,83,1
2,台北市,2024-09,2024,0.0229973426442951,71.82,0.24,175689690,194935896618,14057,77973288,2024,9,-1.0,-1.8369701987210297e-16,0.0233831583482942,0.0237509811057909,0.0238527598546631,83,0
2,台北市,2024-09,2024,0.0229973426442951,71.82,0.24,175689690,194935896618,35,173370,2024,9,-1.0,-1.8369701987210297e-16,0.0233831583482942,0.0237509811057909,0.0238527598546631,84,0
2,台北市,2024-09,2024,0.0229973426442951,71.82,0.24,175689690,194935896618,568,191374595,2024,9,-1.0,-1.8369701987210297e-16,0.0233831583482942,0.0237509811057909,0.0238527598546631,84,1
2,台北市,2024-09,2024,0.0229973426442951,71.82,0.24,175689690,194935896618,66892,362461472,2024,9,-1.0,-1.8369701987210297e-16,0.0233831583482942,0.0237509811057909,0.0238527598546631,86,0
2,台北市,2024-09,2024,0.0229973426442951,71.82,0.24,175689690,194935896618,18820,1891490033,2024,9,-1.0,-1.8369701987210297e-16,0.0233831583482942,0.0237509811057909,0.0238527598546631,86,1
2,台北市,2024-09,2024,0.0229973426442951,71.82,0.24,175689690,194935896618,241830,257895781,2024,9,-1.0,-1.8369701987210297e-16,0.0233831583482942,0.0237509811057909,0.0238527598546631,87,0
2,台北市,2024-09,2024,0.0229973426442951,71.82,0.24,175689690,194935896618,136525,119447266,2024,9,-1.0,-1.8369701987210297e-16,0.0233831583482942,0.0237509811057909,0.0238527598546631,87,1
2,台北市,2024-09,2024,0.0229973426442951,71.82,0.24,175689690,194935896618,50070184,27652902482,2024,9,-1.0,-1.8369701987210297e-16,0.0233831583482942,0.0237509811057909,0.0238527598546631,88,0
2,台北市,2024-09,2024,0.0229973426442951,71.82,0.24,175689690,194935896618,28516772,25559205215,2024,9,-1.0,-1.8369701987210297e-16,0.0233831583482942,0.0237509811057909,0.0238527598546631,88,1
2,台北市,2024-09,2024,0.0229973426442951,71.82,0.24,175689690,194935896618,15344108,11399098156,2024,9,-1.0,-1.8369701987210297e-16,0.0233831583482942,0.0237509811057909,0.0238527598546631,89,0
2,台北市,2024-09,2024,0.0229973426442951,71.82,0.24,175689690,194935896618,102586,461029663,2024,9,-1.0,-1.8369701987210297e-16,0.0233831583482942,0.0237509811057909,0.0238527598546631,89,1
2,台北市,2024-09,2024,0.0229973426442951,71.82,0.24,175689690,194935896618,15002,23462220,2024,9,-1.0,-1.8369701987210297e-16,0.0233831583482942,0.0237509811057909,0.0238527598546631,90,1
2,台北市,2024-09,2024,0.0229973426442951,71.82,0.24,175689690,194935896618,781752,2629893935,2024,9,-1.0,-1.8369701987210297e-16,0.0233831583482942,0.0237509811057909,0.0238527598546631,90,0
2,台北市,2024-09,2024,0.0229973426442951,71.82,0.24,175689690,194935896618,3419,604219095,2024,9,-1.0,-1.8369701987210297e-16,0.0233831583482942,0.0237509811057909,0.0238527598546631,91,1
2,台北市,2024-09,2024,0.0229973426442951,71.82,0.24,175689690,194935896618,17944,8813445,2024,9,-1.0,-1.8369701987210297e-16,0.0233831583482942,0.0237509811057909,0.0238527598546631,91,0
2,台北市,2024-09,2024,0.0229973426442951,71.82,0.24,175689690,194935896618,1580,207916672,2024,9,-1.0,-1.8369701987210297e-16,0.0233831583482942,0.0237509811057909,0.0238527598546631,93,1
2,台北市,2024-09,2024,0.0229973426442951,71.82,0.24,175689690,194935896618,907,2180290,2024,9,-1.0,-1.8369701987210297e-16,0.0233831583482942,0.0237509811057909,0.0238527598546631,93,0
2,台北市,2024-09,2024,0.0229973426442951,71.82,0.24,175689690,194935896618,24414,55757466,2024,9,-1.0,-1.8369701987210297e-16,0.0233831583482942,0.0237509811057909,0.0238527598546631,94,0
2,台北市,2024-09,2024,0.0229973426442951,71.82,0.24,175689690,194935896618,2984,577231952,2024,9,-1.0,-1.8369701987210297e-16,0.0233831583482942,0.0237509811057909,0.0238527598546631,94,1
2,台北市,2024-09,2024,0.0229973426442951,71.82,0.24,175689690,194935896618,1100668,463678941,2024,9,-1.0,-1.8369701987210297e-16,0.0233831583482942,0.0237509811057909,0.0238527598546631,95,0
2,台北市,2024-09,2024,0.0229973426442951,71.82,0.24,175689690,194935896618,55102,414753528,2024,9,-1.0,-1.8369701987210297e-16,0.0233831583482942,0.0237509811057909,0.0238527598546631,95,1
2,台北市,2024-09,2024,0.0229973426442951,71.82,0.24,175689690,194935896618,4254,441184477,2024,9,-1.0,-1.8369701987210297e-16,0.0233831583482942,0.0237509811057909,0.0238527598546631,97,1
2,台北市,2024-09,2024,0.0229973426442951,71.82,0.24,175689690,194935896618,295,1094004,2024,9,-1.0,-1.8369701987210297e-16,0.0233831583482942,0.0237509811057909,0.0238527598546631,97,0
2,台北市,2024-09,2024,0.0229973426442951,71.82,0.24,175689690,194935896618,454550,447029665,2024,9,-1.0,-1.8369701987210297e-16,0.0233831583482942,0.0237509811057909,0.0238527598546631,98,1
2,台北市,2024-09,2024,0.0229973426442951,71.82,0.24,175689690,194935896618,422074,177165968,2024,9,-1.0,-1.8369701987210297e-16,0.0233831583482942,0.0237509811057909,0.0238527598546631,98,0
2,台北市,2024-09,2024,0.0229973426442951,71.82,0.24,175689690,194935896618,9107,1998147,2024,9,-1.0,-1.8369701987210297e-16,0.0233831583482942,0.0237509811057909,0.0238527598546631,100,0
2,台北市,2024-09,2024,0.0229973426442951,71.82,0.24,175689690,194935896618,8757,6842434,2024,9,-1.0,-1.8369701987210297e-16,0.0233831583482942,0.0237509811057909,0.0238527598546631,100,1
2,台北市,2024-09,2024,0.0229973426442951,71.82,0.24,175689690,194935896618,10211069,3545296345,2024,9,-1.0,-1.8369701987210297e-16,0.0233831583482942,0.0237509811057909,0.0238527598546631,101,0
2,台北市,2024-09,2024,0.0229973426442951,71.82,0.24,175689690,194935896618,9791224,4487475429,2024,9,-1.0,-1.8369701987210297e-16,0.0233831583482942,0.0237509811057909,0.0238527598546631,101,1
2,台北市,2024-10,2024,0.0238559122968505,71.21,-0.17,176730529,196652748851,101855,6604654838,2024,10,-0.8660254037844386,0.5000000000000001,0.0229973426442951,0.0233831583482942,0.0237509811057909,0,1
2,台北市,2024-10,2024,0.0238559122968505,71.21,-0.17,176730529,196652748851,63900,207866462,2024,10,-0.8660254037844386,0.5000000000000001,0.0229973426442951,0.0233831583482942,0.0237509811057909,0,0
2,台北市,2024-10,2024,0.0238559122968505,71.21,-0.17,176730529,196652748851,486718,17492098953,2024,10,-0.8660254037844386,0.5000000000000001,0.0229973426442951,0.0233831583482942,0.0237509811057909,1,1
2,台北市,2024-10,2024,0.0238559122968505,71.21,-0.17,176730529,196652748851,536328,1423844875,2024,10,-0.8660254037844386,0.5000000000000001,0.0229973426442951,0.0233831583482942,0.0237509811057909,1,0
2,台北市,2024-10,2024,0.0238559122968505,71.21,-0.17,176730529,196652748851,59239,53837205,2024,10,-0.8660254037844386,0.5000000000000001,0.0229973426442951,0.0233831583482942,0.0237509811057909,2,0
2,台北市,2024-10,2024,0.0238559122968505,71.21,-0.17,176730529,196652748851,396311,210778902,2024,10,-0.8660254037844386,0.5000000000000001,0.0229973426442951,0.0233831583482942,0.0237509811057909,2,1
2,台北市,2024-10,2024,0.0238559122968505,71.21,-0.17,176730529,196652748851,145270,276907672,2024,10,-0.8660254037844386,0.5000000000000001,0.0229973426442951,0.0233831583482942,0.0237509811057909,3,0
2,台北市,2024-10,2024,0.0238559122968505,71.21,-0.17,176730529,196652748851,107846,592089904,2024,10,-0.8660254037844386,0.5000000000000001,0.0229973426442951,0.0233831583482942,0.0237509811057909,3,1
2,台北市,2024-10,2024,0.0238559122968505,71.21,-0.17,176730529,196652748851,284264,1642275456,2024,10,-0.8660254037844386,0.5000000000000001,0.0229973426442951,0.0233831583482942,0.0237509811057909,5,1
2,台北市,2024-10,2024,0.0238559122968505,71.21,-0.17,176730529,196652748851,76508,256820433,2024,10,-0.8660254037844386,0.5000000000000001,0.0229973426442951,0.0233831583482942,0.0237509811057909,5,0
2,台北市,2024-10,2024,0.0238559122968505,71.21,-0.17,176730529,196652748851,1972,16573680,2024,10,-0.8660254037844386,0.5000000000000001,0.0229973426442951,0.0233831583482942,0.0237509811057909,6,0
2,台北市,2024-10,2024,0.0238559122968505,71.21,-0.17,176730529,196652748851,1269,60254954,2024,10,-0.8660254037844386,0.5000000000000001,0.0229973426442951,0.0233831583482942,0.0237509811057909,6,1
2,台北市,2024-10,2024,0.0238559122968505,71.21,-0.17,176730529,196652748851,12701,24606159,2024,10,-0.8660254037844386,0.5000000000000001,0.0229973426442951,0.0233831583482942,0.0237509811057909,7,0
2,台北市,2024-10,2024,0.0238559122968505,71.21,-0.17,176730529,196652748851,8150,578825681,2024,10,-0.8660254037844386,0.5000000000000001,0.0229973426442951,0.0233831583482942,0.0237509811057909,7,1
2,台北市,2024-10,2024,0.0238559122968505,71.21,-0.17,176730529,196652748851,2923,12313666,2024,10,-0.8660254037844386,0.5000000000000001,0.0229973426442951,0.0233831583482942,0.0237509811057909,8,0
2,台北市,2024-10,2024,0.0238559122968505,71.21,-0.17,176730529,196652748851,6450,32965745,2024,10,-0.8660254037844386,0.5000000000000001,0.0229973426442951,0.0233831583482942,0.0237509811057909,8,1
2,台北市,2024-10,2024,0.0238559122968505,71.21,-0.17,176730529,196652748851,15776,402584299,2024,10,-0.8660254037844386,0.5000000000000001,0.0229973426442951,0.0233831583482942,0.0237509811057909,9,1
2,台北市,2024-10,2024,0.0238559122968505,71.21,-0.17,176730529,196652748851,9283,42850280,2024,10,-0.8660254037844386,0.5000000000000001,0.0229973426442951,0.0233831583482942,0.0237509811057909,9,0
2,台北市,2024-10,2024,0.0238559122968505,71.21,-0.17,176730529,196652748851,8961,292417556,2024,10,-0.8660254037844386,0.5000000000000001,0.0229973426442951,0.0233831583482942,0.0237509811057909,12,1
2,台北市,2024-10,2024,0.0238559122968505,71.21,-0.17,176730529,196652748851,5947,15483780,2024,10,-0.8660254037844386,0.5000000000000001,0.0229973426442951,0.0233831583482942,0.0237509811057909,12,0
2,台北市,2024-10,2024,0.0238559122968505,71.21,-0.17,176730529,196652748851,15145,35034011,2024,10,-0.8660254037844386,0.5000000000000001,0.0229973426442951,0.0233831583482942,0.0237509811057909,13,0
2,台北市,2024-10,2024,0.0238559122968505,71.21,-0.17,176730529,196652748851,7575,62301670,2024,10,-0.8660254037844386,0.5000000000000001,0.0229973426442951,0.0233831583482942,0.0237509811057909,13,1
2,台北市,2024-10,2024,0.0238559122968505,71.21,-0.17,176730529,196652748851,3204,2307145,2024,10,-0.8660254037844386,0.5000000000000001,0.0229973426442951,0.0233831583482942,0.0237509811057909,14,0
2,台北市,2024-10,2024,0.0238559122968505,71.21,-0.17,176730529,196652748851,7455,10341731,2024,10,-0.8660254037844386,0.5000000000000001,0.0229973426442951,0.0233831583482942,0.0237509811057909,14,1
2,台北市,2024-10,2024,0.0238559122968505,71.21,-0.17,176730529,196652748851,1111,9609522,2024,10,-0.8660254037844386,0.5000000000000001,0.0229973426442951,0.0233831583482942,0.0237509811057909,15,1
2,台北市,2024-10,2024,0.0238559122968505,71.21,-0.17,176730529,196652748851,1221,11259591,2024,10,-0.8660254037844386,0.5000000000000001,0.0229973426442951,0.0233831583482942,0.0237509811057909,15,0
2,台北市,2024-10,2024,0.0238559122968505,71.21,-0.17,176730529,196652748851,990,1645349,2024,10,-0.8660254037844386,0.5000000000000001,0.0229973426442951,0.0233831583482942,0.0237509811057909,16,0
2,台北市,2024-10,2024,0.0238559122968505,71.21,-0.17,176730529,196652748851,672,10776579,2024,10,-0.8660254037844386,0.5000000000000001,0.0229973426442951,0.0233831583482942,0.0237509811057909,16,1
2,台北市,2024-10,2024,0.0238559122968505,71.21,-0.17,176730529,196652748851,47948,115977320,2024,10,-0.8660254037844386,0.5000000000000001,0.0229973426442951,0.0233831583482942,0.0237509811057909,17,1
2,台北市,2024-10,2024,0.0238559122968505,71.21,-0.17,176730529,196652748851,150527,220721839,2024,10,-0.8660254037844386,0.5000000000000001,0.0229973426442951,0.0233831583482942,0.0237509811057909,17,0
2,台北市,2024-10,2024,0.0238559122968505,71.21,-0.17,176730529,196652748851,42915,37282762,2024,10,-0.8660254037844386,0.5000000000000001,0.0229973426442951,0.0233831583482942,0.0237509811057909,18,1
2,台北市,2024-10,2024,0.0238559122968505,71.21,-0.17,176730529,196652748851,46087,44759320,2024,10,-0.8660254037844386,0.5000000000000001,0.0229973426442951,0.0233831583482942,0.0237509811057909,18,0
2,台北市,2024-10,2024,0.0238559122968505,71.21,-0.17,176730529,196652748851,1081,1763877,2024,10,-0.8660254037844386,0.5000000000000001,0.0229973426442951,0.0233831583482942,0.0237509811057909,19,0
2,台北市,2024-10,2024,0.0238559122968505,71.21,-0.17,176730529,196652748851,381,69610235,2024,10,-0.8660254037844386,0.5000000000000001,0.0229973426442951,0.0233831583482942,0.0237509811057909,19,1
2,台北市,2024-10,2024,0.0238559122968505,71.21,-0.17,176730529,196652748851,49,50750,2024,10,-0.8660254037844386,0.5000000000000001,0.0229973426442951,0.0233831583482942,0.0237509811057909,20,0
2,台北市,2024-10,2024,0.0238559122968505,71.21,-0.17,176730529,196652748851,2,427774354,2024,10,-0.8660254037844386,0.5000000000000001,0.0229973426442951,0.0233831583482942,0.0237509811057909,20,1
2,台北市,2024-10,2024,0.0238559122968505,71.21,-0.17,176730529,196652748851,6619,8407647,2024,10,-0.8660254037844386,0.5000000000000001,0.0229973426442951,0.0233831583482942,0.0237509811057909,21,0
2,台北市,2024-10,2024,0.0238559122968505,71.21,-0.17,176730529,196652748851,8375,90918908,2024,10,-0.8660254037844386,0.5000000000000001,0.0229973426442951,0.0233831583482942,0.0237509811057909,21,1
2,台北市,2024-10,2024,0.0238559122968505,71.21,-0.17,176730529,196652748851,11641,5406939,2024,10,-0.8660254037844386,0.5000000000000001,0.0229973426442951,0.0233831583482942,0.0237509811057909,22,1
2,台北市,2024-10,2024,0.0238559122968505,71.21,-0.17,176730529,196652748851,13927,8112354,2024,10,-0.8660254037844386,0.5000000000000001,0.0229973426442951,0.0233831583482942,0.0237509811057909,22,0
2,台北市,2024-10,2024,0.0238559122968505,71.21,-0.17,176730529,196652748851,183,39181304,2024,10,-0.8660254037844386,0.5000000000000001,0.0229973426442951,0.0233831583482942,0.0237509811057909,23,0
2,台北市,2024-10,2024,0.0238559122968505,71.21,-0.17,176730529,196652748851,1125,20263382,2024,10,-0.8660254037844386,0.5000000000000001,0.0229973426442951,0.0233831583482942,0.0237509811057909,23,1
2,台北市,2024-10,2024,0.0238559122968505,71.21,-0.17,176730529,196652748851,130,397134557,2024,10,-0.8660254037844386,0.5000000000000001,0.0229973426442951,0.0233831583482942,0.0237509811057909,24,1
2,台北市,2024-10,2024,0.0238559122968505,71.21,-0.17,176730529,196652748851,3,1000,2024,10,-0.8660254037844386,0.5000000000000001,0.0229973426442951,0.0233831583482942,0.0237509811057909,24,0
2,台北市,2024-10,2024,0.0238559122968505,71.21,-0.17,176730529,196652748851,502,342658133,2024,10,-0.8660254037844386,0.5000000000000001,0.0229973426442951,0.0233831583482942,0.0237509811057909,25,1
2,台北市,2024-10,2024,0.0238559122968505,71.21,-0.17,176730529,196652748851,305,564713,2024,10,-0.8660254037844386,0.5000000000000001,0.0229973426442951,0.0233831583482942,0.0237509811057909,25,0
2,台北市,2024-10,2024,0.0238559122968505,71.21,-0.17,176730529,196652748851,5121,18946129,2024,10,-0.8660254037844386,0.5000000000000001,0.0229973426442951,0.0233831583482942,0.0237509811057909,26,1
2,台北市,2024-10,2024,0.0238559122968505,71.21,-0.17,176730529,196652748851,26824,6828322,2024,10,-0.8660254037844386,0.5000000000000001,0.0229973426442951,0.0233831583482942,0.0237509811057909,26,0
2,台北市,2024-10,2024,0.0238559122968505,71.21,-0.17,176730529,196652748851,42,446814,2024,10,-0.8660254037844386,0.5000000000000001,0.0229973426442951,0.0233831583482942,0.0237509811057909,27,0
2,台北市,2024-10,2024,0.0238559122968505,71.21,-0.17,176730529,196652748851,49,1066305,2024,10,-0.8660254037844386,0.5000000000000001,0.0229973426442951,0.0233831583482942,0.0237509811057909,27,1
2,台北市,2024-10,2024,0.0238559122968505,71.21,-0.17,176730529,196652748851,21126,864946675,2024,10,-0.8660254037844386,0.5000000000000001,0.0229973426442951,0.0233831583482942,0.0237509811057909,28,1
2,台北市,2024-10,2024,0.0238559122968505,71.21,-0.17,176730529,196652748851,46851,127733581,2024,10,-0.8660254037844386,0.5000000000000001,0.0229973426442951,0.0233831583482942,0.0237509811057909,28,0
2,台北市,2024-10,2024,0.0238559122968505,71.21,-0.17,176730529,196652748851,21939,61116172,2024,10,-0.8660254037844386,0.5000000000000001,0.0229973426442951,0.0233831583482942,0.0237509811057909,30,0
2,台北市,2024-10,2024,0.0238559122968505,71.21,-0.17,176730529,196652748851,9944,129644822,2024,10,-0.8660254037844386,0.5000000000000001,0.0229973426442951,0.0233831583482942,0.0237509811057909,30,1
2,台北市,2024-10,2024,0.0238559122968505,71.21,-0.17,176730529,196652748851,6,11709,2024,10,-0.8660254037844386,0.5000000000000001,0.0229973426442951,0.0233831583482942,0.0237509811057909,31,0
2,台北市,2024-10,2024,0.0238559122968505,71.21,-0.17,176730529,196652748851,1608,2605899,2024,10,-0.8660254037844386,0.5000000000000001,0.0229973426442951,0.0233831583482942,0.0237509811057909,31,1
2,台北市,2024-10,2024,0.0238559122968505,71.21,-0.17,176730529,196652748851,731,78453582,2024,10,-0.8660254037844386,0.5000000000000001,0.0229973426442951,0.0233831583482942,0.0237509811057909,33,1
2,台北市,2024-10,2024,0.0238559122968505,71.21,-0.17,176730529,196652748851,399,1165652,2024,10,-0.8660254037844386,0.5000000000000001,0.0229973426442951,0.0233831583482942,0.0237509811057909,33,0
2,台北市,2024-10,2024,0.0238559122968505,71.21,-0.17,176730529,196652748851,2,10250,2024,10,-0.8660254037844386,0.5000000000000001,0.0229973426442951,0.0233831583482942,0.0237509811057909,34,1
2,台北市,2024-10,2024,0.0238559122968505,71.21,-0.17,176730529,196652748851,25,136000,2024,10,-0.8660254037844386,0.5000000000000001,0.0229973426442951,0.0233831583482942,0.0237509811057909,34,0
2,台北市,2024-10,2024,0.0238559122968505,71.21,-0.17,176730529,196652748851,168066,108989625,2024,10,-0.8660254037844386,0.5000000000000001,0.0229973426442951,0.0233831583482942,0.0237509811057909,36,0
2,台北市,2024-10,2024,0.0238559122968505,71.21,-0.17,176730529,196652748851,56374,242217130,2024,10,-0.8660254037844386,0.5000000000000001,0.0229973426442951,0.0233831583482942,0.0237509811057909,36,1
2,台北市,2024-10,2024,0.0238559122968505,71.21,-0.17,176730529,196652748851,203966,328530190,2024,10,-0.8660254037844386,0.5000000000000001,0.0229973426442951,0.0233831583482942,0.0237509811057909,37,0
2,台北市,2024-10,2024,0.0238559122968505,71.21,-0.17,176730529,196652748851,12736,63377105,2024,10,-0.8660254037844386,0.5000000000000001,0.0229973426442951,0.0233831583482942,0.0237509811057909,37,1
2,台北市,2024-10,2024,0.0238559122968505,71.21,-0.17,176730529,196652748851,1824,8593065,2024,10,-0.8660254037844386,0.5000000000000001,0.0229973426442951,0.0233831583482942,0.0237509811057909,38,0
2,台北市,2024-10,2024,0.0238559122968505,71.21,-0.17,176730529,196652748851,2553,54059514,2024,10,-0.8660254037844386,0.5000000000000001,0.0229973426442951,0.0233831583482942,0.0237509811057909,38,1
2,台北市,2024-10,2024,0.0238559122968505,71.21,-0.17,176730529,196652748851,5066,1275459226,2024,10,-0.8660254037844386,0.5000000000000001,0.0229973426442951,0.0233831583482942,0.0237509811057909,39,1
2,台北市,2024-10,2024,0.0238559122968505,71.21,-0.17,176730529,196652748851,8136,49460564,2024,10,-0.8660254037844386,0.5000000000000001,0.0229973426442951,0.0233831583482942,0.0237509811057909,39,0
2,台北市,2024-10,2024,0.0238559122968505,71.21,-0.17,176730529,196652748851,3429,7797221,2024,10,-0.8660254037844386,0.5000000000000001,0.0229973426442951,0.0233831583482942,0.0237509811057909,40,0
2,台北市,2024-10,2024,0.0238559122968505,71.21,-0.17,176730529,196652748851,6727,49121665,2024,10,-0.8660254037844386,0.5000000000000001,0.0229973426442951,0.0233831583482942,0.0237509811057909,40,1
2,台北市,2024-10,2024,0.0238559122968505,71.21,-0.17,176730529,196652748851,4615763,7921929234,2024,10,-0.8660254037844386,0.5000000000000001,0.0229973426442951,0.0233831583482942,0.0237509811057909,41,0
2,台北市,2024-10,2024,0.0238559122968505,71.21,-0.17,176730529,196652748851,162800,546064663,2024,10,-0.8660254037844386,0.5000000000000001,0.0229973426442951,0.0233831583482942,0.0237509811057909,41,1
2,台北市,2024-10,2024,0.0238559122968505,71.21,-0.17,176730529,196652748851,1731,4083992,2024,10,-0.8660254037844386,0.5000000000000001,0.0229973426442951,0.0233831583482942,0.0237509811057909,43,1
2,台北市,2024-10,2024,0.0238559122968505,71.21,-0.17,176730529,196652748851,6868,18943415,2024,10,-0.8660254037844386,0.5000000000000001,0.0229973426442951,0.0233831583482942,0.0237509811057909,43,0
2,台北市,2024-10,2024,0.0238559122968505,71.21,-0.17,176730529,196652748851,3079632,24176709162,2024,10,-0.8660254037844386,0.5000000000000001,0.0229973426442951,0.0233831583482942,0.0237509811057909,44,1
2,台北市,2024-10,2024,0.0238559122968505,71.21,-0.17,176730529,196652748851,6599293,8385024135,2024,10,-0.8660254037844386,0.5000000000000001,0.0229973426442951,0.0233831583482942,0.0237509811057909,44,0
2,台北市,2024-10,2024,0.0238559122968505,71.21,-0.17,176730529,196652748851,43080,267987431,2024,10,-0.8660254037844386,0.5000000000000001,0.0229973426442951,0.0233831583482942,0.0237509811057909,46,0
2,台北市,2024-10,2024,0.0238559122968505,71.21,-0.17,176730529,196652748851,32001,182147386,2024,10,-0.8660254037844386,0.5000000000000001,0.0229973426442951,0.0233831583482942,0.0237509811057909,46,1
2,台北市,2024-10,2024,0.0238559122968505,71.21,-0.17,176730529,196652748851,1665,3634823,2024,10,-0.8660254037844386,0.5000000000000001,0.0229973426442951,0.0233831583482942,0.0237509811057909,48,0
2,台北市,2024-10,2024,0.0238559122968505,71.21,-0.17,176730529,196652748851,1592,79896894,2024,10,-0.8660254037844386,0.5000000000000001,0.0229973426442951,0.0233831583482942,0.0237509811057909,48,1
2,台北市,2024-10,2024,0.0238559122968505,71.21,-0.17,176730529,196652748851,119208,410893075,2024,10,-0.8660254037844386,0.5000000000000001,0.0229973426442951,0.0233831583482942,0.0237509811057909,50,0
2,台北市,2024-10,2024,0.0238559122968505,71.21,-0.17,176730529,196652748851,60997,639853871,2024,10,-0.8660254037844386,0.5000000000000001,0.0229973426442951,0.0233831583482942,0.0237509811057909,50,1
2,台北市,2024-10,2024,0.0238559122968505,71.21,-0.17,176730529,196652748851,4,2796,2024,10,-0.8660254037844386,0.5000000000000001,0.0229973426442951,0.0233831583482942,0.0237509811057909,51,0
2,台北市,2024-10,2024,0.0238559122968505,71.21,-0.17,176730529,196652748851,28456,413749216,2024,10,-0.8660254037844386,0.5000000000000001,0.0229973426442951,0.0233831583482942,0.0237509811057909,52,1
2,台北市,2024-10,2024,0.0238559122968505,71.21,-0.17,176730529,196652748851,26206,9895574,2024,10,-0.8660254037844386,0.5000000000000001,0.0229973426442951,0.0233831583482942,0.0237509811057909,52,0
2,台北市,2024-10,2024,0.0238559122968505,71.21,-0.17,176730529,196652748851,706,123450,2024,10,-0.8660254037844386,0.5000000000000001,0.0229973426442951,0.0233831583482942,0.0237509811057909,53,0
2,台北市,2024-10,2024,0.0238559122968505,71.21,-0.17,176730529,196652748851,3239,13675168,2024,10,-0.8660254037844386,0.5000000000000001,0.0229973426442951,0.0233831583482942,0.0237509811057909,53,1
2,台北市,2024-10,2024,0.0238559122968505,71.21,-0.17,176730529,196652748851,400,1743917,2024,10,-0.8660254037844386,0.5000000000000001,0.0229973426442951,0.0233831583482942,0.0237509811057909,54,0
2,台北市,2024-10,2024,0.0238559122968505,71.21,-0.17,176730529,196652748851,1083,2397074147,2024,10,-0.8660254037844386,0.5000000000000001,0.0229973426442951,0.0233831583482942,0.0237509811057909,54,1
2,台北市,2024-10,2024,0.0238559122968505,71.21,-0.17,176730529,196652748851,65,4772925,2024,10,-0.8660254037844386,0.5000000000000001,0.0229973426442951,0.0233831583482942,0.0237509811057909,56,1
2,台北市,2024-10,2024,0.0238559122968505,71.21,-0.17,176730529,196652748851,14,19042216,2024,10,-0.8660254037844386,0.5000000000000001,0.0229973426442951,0.0233831583482942,0.0237509811057909,56,0
2,台北市,2024-10,2024,0.0238559122968505,71.21,-0.17,176730529,196652748851,96,50464327,2024,10,-0.8660254037844386,0.5000000000000001,0.0229973426442951,0.0233831583482942,0.0237509811057909,57,1
2,台北市,2024-10,2024,0.0238559122968505,71.21,-0.17,176730529,196652748851,3010,71778925,2024,10,-0.8660254037844386,0.5000000000000001,0.0229973426442951,0.0233831583482942,0.0237509811057909,58,1
2,台北市,2024-10,2024,0.0238559122968505,71.21,-0.17,176730529,196652748851,3195,685735,2024,10,-0.8660254037844386,0.5000000000000001,0.0229973426442951,0.0233831583482942,0.0237509811057909,58,0
2,台北市,2024-10,2024,0.0238559122968505,71.21,-0.17,176730529,196652748851,104,2003262,2024,10,-0.8660254037844386,0.5000000000000001,0.0229973426442951,0.0233831583482942,0.0237509811057909,59,1
2,台北市,2024-10,2024,0.0238559122968505,71.21,-0.17,176730529,196652748851,2095,1953551,2024,10,-0.8660254037844386,0.5000000000000001,0.0229973426442951,0.0233831583482942,0.0237509811057909,59,0
2,台北市,2024-10,2024,0.0238559122968505,71.21,-0.17,176730529,196652748851,9,420961,2024,10,-0.8660254037844386,0.5000000000000001,0.0229973426442951,0.0233831583482942,0.0237509811057909,60,1
2,台北市,2024-10,2024,0.0238559122968505,71.21,-0.17,176730529,196652748851,678546,288767839,2024,10,-0.8660254037844386,0.5000000000000001,0.0229973426442951,0.0233831583482942,0.0237509811057909,60,0
2,台北市,2024-10,2024,0.0238559122968505,71.21,-0.17,176730529,196652748851,315,1582732,2024,10,-0.8660254037844386,0.5000000000000001,0.0229973426442951,0.0233831583482942,0.0237509811057909,61,0
2,台北市,2024-10,2024,0.0238559122968505,71.21,-0.17,176730529,196652748851,936,3697154,2024,10,-0.8660254037844386,0.5000000000000001,0.0229973426442951,0.0233831583482942,0.0237509811057909,61,1
2,台北市,2024-10,2024,0.0238559122968505,71.21,-0.17,176730529,196652748851,23,40005,2024,10,-0.8660254037844386,0.5000000000000001,0.0229973426442951,0.0233831583482942,0.0237509811057909,62,1
2,台北市,2024-10,2024,0.0238559122968505,71.21,-0.17,176730529,196652748851,63540,22457130,2024,10,-0.8660254037844386,0.5000000000000001,0.0229973426442951,0.0233831583482942,0.0237509811057909,63,0
2,台北市,2024-10,2024,0.0238559122968505,71.21,-0.17,176730529,196652748851,77774,42555539,2024,10,-0.8660254037844386,0.5000000000000001,0.0229973426442951,0.0233831583482942,0.0237509811057909,63,1
2,台北市,2024-10,2024,0.0238559122968505,71.21,-0.17,176730529,196652748851,490,61291303,2024,10,-0.8660254037844386,0.5000000000000001,0.0229973426442951,0.0233831583482942,0.0237509811057909,66,1
2,台北市,2024-10,2024,0.0238559122968505,71.21,-0.17,176730529,196652748851,1422,2892520,2024,10,-0.8660254037844386,0.5000000000000001,0.0229973426442951,0.0233831583482942,0.0237509811057909,66,0
2,台北市,2024-10,2024,0.0238559122968505,71.21,-0.17,176730529,196652748851,199952,4837418750,2024,10,-0.8660254037844386,0.5000000000000001,0.0229973426442951,0.0233831583482942,0.0237509811057909,67,1
2,台北市,2024-10,2024,0.0238559122968505,71.21,-0.17,176730529,196652748851,899994,462565234,2024,10,-0.8660254037844386,0.5000000000000001,0.0229973426442951,0.0233831583482942,0.0237509811057909,67,0
2,台北市,2024-10,2024,0.0238559122968505,71.21,-0.17,176730529,196652748851,3426,9796466,2024,10,-0.8660254037844386,0.5000000000000001,0.0229973426442951,0.0233831583482942,0.0237509811057909,68,0
2,台北市,2024-10,2024,0.0238559122968505,71.21,-0.17,176730529,196652748851,394,1848810,2024,10,-0.8660254037844386,0.5000000000000001,0.0229973426442951,0.0233831583482942,0.0237509811057909,68,1
2,台北市,2024-10,2024,0.0238559122968505,71.21,-0.17,176730529,196652748851,1292,188303552,2024,10,-0.8660254037844386,0.5000000000000001,0.0229973426442951,0.0233831583482942,0.0237509811057909,69,1
2,台北市,2024-10,2024,0.0238559122968505,71.21,-0.17,176730529,196652748851,2115,4599725,2024,10,-0.8660254037844386,0.5000000000000001,0.0229973426442951,0.0233831583482942,0.0237509811057909,69,0
2,台北市,2024-10,2024,0.0238559122968505,71.21,-0.17,176730529,196652748851,4505,6593722,2024,10,-0.8660254037844386,0.5000000000000001,0.0229973426442951,0.0233831583482942,0.0237509811057909,70,0
2,台北市,2024-10,2024,0.0238559122968505,71.21,-0.17,176730529,196652748851,8732,11266175,2024,10,-0.8660254037844386,0.5000000000000001,0.0229973426442951,0.0233831583482942,0.0237509811057909,70,1
2,台北市,2024-10,2024,0.0238559122968505,71.21,-0.17,176730529,196652748851,7,17920,2024,10,-0.8660254037844386,0.5000000000000001,0.0229973426442951,0.0233831583482942,0.0237509811057909,71,1
2,台北市,2024-10,2024,0.0238559122968505,71.21,-0.17,176730529,196652748851,190,155732,2024,10,-0.8660254037844386,0.5000000000000001,0.0229973426442951,0.0233831583482942,0.0237509811057909,72,0
2,台北市,2024-10,2024,0.0238559122968505,71.21,-0.17,176730529,196652748851,11998,253681463,2024,10,-0.8660254037844386,0.5000000000000001,0.0229973426442951,0.0233831583482942,0.0237509811057909,72,1
2,台北市,2024-10,2024,0.0238559122968505,71.21,-0.17,176730529,196652748851,37315,54312922,2024,10,-0.8660254037844386,0.5000000000000001,0.0229973426442951,0.0233831583482942,0.0237509811057909,73,0
2,台北市,2024-10,2024,0.0238559122968505,71.21,-0.17,176730529,196652748851,37392,70042665,2024,10,-0.8660254037844386,0.5000000000000001,0.0229973426442951,0.0233831583482942,0.0237509811057909,73,1
2,台北市,2024-10,2024,0.0238559122968505,71.21,-0.17,176730529,196652748851,144871,455555929,2024,10,-0.8660254037844386,0.5000000000000001,0.0229973426442951,0.0233831583482942,0.0237509811057909,75,1
2,台北市,2024-10,2024,0.0238559122968505,71.21,-0.17,176730529,196652748851,762501,518893306,2024,10,-0.8660254037844386,0.5000000000000001,0.0229973426442951,0.0233831583482942,0.0237509811057909,75,0
2,台北市,2024-10,2024,0.0238559122968505,71.21,-0.17,176730529,196652748851,32124499,14923757360,2024,10,-0.8660254037844386,0.5000000000000001,0.0229973426442951,0.0233831583482942,0.0237509811057909,77,0
2,台北市,2024-10,2024,0.0238559122968505,71.21,-0.17,176730529,196652748851,375539,712258952,2024,10,-0.8660254037844386,0.5000000000000001,0.0229973426442951,0.0233831583482942,0.0237509811057909,77,1
2,台北市,2024-10,2024,0.0238559122968505,71.21,-0.17,176730529,196652748851,10477,17091533,2024,10,-0.8660254037844386,0.5000000000000001,0.0229973426442951,0.0233831583482942,0.0237509811057909,78,0
2,台北市,2024-10,2024,0.0238559122968505,71.21,-0.17,176730529,196652748851,1796,141055485,2024,10,-0.8660254037844386,0.5000000000000001,0.0229973426442951,0.0233831583482942,0.0237509811057909,78,1
2,台北市,2024-10,2024,0.0238559122968505,71.21,-0.17,176730529,196652748851,249865,329580938,2024,10,-0.8660254037844386,0.5000000000000001,0.0229973426442951,0.0233831583482942,0.0237509811057909,79,1
2,台北市,2024-10,2024,0.0238559122968505,71.21,-0.17,176730529,196652748851,390579,456666982,2024,10,-0.8660254037844386,0.5000000000000001,0.0229973426442951,0.0233831583482942,0.0237509811057909,79,0
2,台北市,2024-10,2024,0.0238559122968505,71.21,-0.17,176730529,196652748851,2150241,421000928,2024,10,-0.8660254037844386,0.5000000000000001,0.0229973426442951,0.0233831583482942,0.0237509811057909,80,0
2,台北市,2024-10,2024,0.0238559122968505,71.21,-0.17,176730529,196652748851,1685786,4971094380,2024,10,-0.8660254037844386,0.5000000000000001,0.0229973426442951,0.0233831583482942,0.0237509811057909,80,1
2,台北市,2024-10,2024,0.0238559122968505,71.21,-0.17,176730529,196652748851,5700,3479377,2024,10,-0.8660254037844386,0.5000000000000001,0.0229973426442951,0.0233831583482942,0.0237509811057909,81,1
2,台北市,2024-10,2024,0.0238559122968505,71.21,-0.17,176730529,196652748851,3421,597859,2024,10,-0.8660254037844386,0.5000000000000001,0.0229973426442951,0.0233831583482942,0.0237509811057909,81,0
2,台北市,2024-10,2024,0.0238559122968505,71.21,-0.17,176730529,196652748851,14702,85784158,2024,10,-0.8660254037844386,0.5000000000000001,0.0229973426442951,0.0233831583482942,0.0237509811057909,83,0
2,台北市,2024-10,2024,0.0238559122968505,71.21,-0.17,176730529,196652748851,9340,71341859,2024,10,-0.8660254037844386,0.5000000000000001,0.0229973426442951,0.0233831583482942,0.0237509811057909,83,1
2,台北市,2024-10,2024,0.0238559122968505,71.21,-0.17,176730529,196652748851,641,242979343,2024,10,-0.8660254037844386,0.5000000000000001,0.0229973426442951,0.0233831583482942,0.0237509811057909,84,1
2,台北市,2024-10,2024,0.0238559122968505,71.21,-0.17,176730529,196652748851,34,252982,2024,10,-0.8660254037844386,0.5000000000000001,0.0229973426442951,0.0233831583482942,0.0237509811057909,84,0
2,台北市,2024-10,2024,0.0238559122968505,71.21,-0.17,176730529,196652748851,18135,1481283904,2024,10,-0.8660254037844386,0.5000000000000001,0.0229973426442951,0.0233831583482942,0.0237509811057909,86,1
2,台北市,2024-10,2024,0.0238559122968505,71.21,-0.17,176730529,196652748851,72715,454139295,2024,10,-0.8660254037844386,0.5000000000000001,0.0229973426442951,0.0233831583482942,0.0237509811057909,86,0
2,台北市,2024-10,2024,0.0238559122968505,71.21,-0.17,176730529,196652748851,239632,294237644,2024,10,-0.8660254037844386,0.5000000000000001,0.0229973426442951,0.0233831583482942,0.0237509811057909,87,0
2,台北市,2024-10,2024,0.0238559122968505,71.21,-0.17,176730529,196652748851,129124,94167225,2024,10,-0.8660254037844386,0.5000000000000001,0.0229973426442951,0.0233831583482942,0.0237509811057909,87,1
2,台北市,2024-10,2024,0.0238559122968505,71.21,-0.17,176730529,196652748851,28082085,25544368825,2024,10,-0.8660254037844386,0.5000000000000001,0.0229973426442951,0.0233831583482942,0.0237509811057909,88,1
2,台北市,2024-10,2024,0.0238559122968505,71.21,-0.17,176730529,196652748851,50555692,31151590624,2024,10,-0.8660254037844386,0.5000000000000001,0.0229973426442951,0.0233831583482942,0.0237509811057909,88,0
2,台北市,2024-10,2024,0.0238559122968505,71.21,-0.17,176730529,196652748851,16438818,12172096464,2024,10,-0.8660254037844386,0.5000000000000001,0.0229973426442951,0.0233831583482942,0.0237509811057909,89,0
2,台北市,2024-10,2024,0.0238559122968505,71.21,-0.17,176730529,196652748851,103888,599829383,2024,10,-0.8660254037844386,0.5000000000000001,0.0229973426442951,0.0233831583482942,0.0237509811057909,89,1
2,台北市,2024-10,2024,0.0238559122968505,71.21,-0.17,176730529,196652748851,13744,28565107,2024,10,-0.8660254037844386,0.5000000000000001,0.0229973426442951,0.0233831583482942,0.0237509811057909,90,1
2,台北市,2024-10,2024,0.0238559122968505,71.21,-0.17,176730529,196652748851,770810,2612455063,2024,10,-0.8660254037844386,0.5000000000000001,0.0229973426442951,0.0233831583482942,0.0237509811057909,90,0
2,台北市,2024-10,2024,0.0238559122968505,71.21,-0.17,176730529,196652748851,3827,276693486,2024,10,-0.8660254037844386,0.5000000000000001,0.0229973426442951,0.0233831583482942,0.0237509811057909,91,1
2,台北市,2024-10,2024,0.0238559122968505,71.21,-0.17,176730529,196652748851,12821,6283655,2024,10,-0.8660254037844386,0.5000000000000001,0.0229973426442951,0.0233831583482942,0.0237509811057909,91,0
2,台北市,2024-10,2024,0.0238559122968505,71.21,-0.17,176730529,196652748851,1566,235624747,2024,10,-0.8660254037844386,0.5000000000000001,0.0229973426442951,0.0233831583482942,0.0237509811057909,93,1
2,台北市,2024-10,2024,0.0238559122968505,71.21,-0.17,176730529,196652748851,981,1925887,2024,10,-0.8660254037844386,0.5000000000000001,0.0229973426442951,0.0233831583482942,0.0237509811057909,93,0
2,台北市,2024-10,2024,0.0238559122968505,71.21,-0.17,176730529,196652748851,2712,428977523,2024,10,-0.8660254037844386,0.5000000000000001,0.0229973426442951,0.0233831583482942,0.0237509811057909,94,1
2,台北市,2024-10,2024,0.0238559122968505,71.21,-0.17,176730529,196652748851,25162,58214043,2024,10,-0.8660254037844386,0.5000000000000001,0.0229973426442951,0.0233831583482942,0.0237509811057909,94,0
2,台北市,2024-10,2024,0.0238559122968505,71.21,-0.17,176730529,196652748851,65874,393203950,2024,10,-0.8660254037844386,0.5000000000000001,0.0229973426442951,0.0233831583482942,0.0237509811057909,95,1
2,台北市,2024-10,2024,0.0238559122968505,71.21,-0.17,176730529,196652748851,1349601,459130956,2024,10,-0.8660254037844386,0.5000000000000001,0.0229973426442951,0.0233831583482942,0.0237509811057909,95,0
2,台北市,2024-10,2024,0.0238559122968505,71.21,-0.17,176730529,196652748851,345,1501990,2024,10,-0.8660254037844386,0.5000000000000001,0.0229973426442951,0.0233831583482942,0.0237509811057909,97,0
2,台北市,2024-10,2024,0.0238559122968505,71.21,-0.17,176730529,196652748851,4753,457921657,2024,10,-0.8660254037844386,0.5000000000000001,0.0229973426442951,0.0233831583482942,0.0237509811057909,97,1
2,台北市,2024-10,2024,0.0238559122968505,71.21,-0.17,176730529,196652748851,448649,171070485,2024,10,-0.8660254037844386,0.5000000000000001,0.0229973426442951,0.0233831583482942,0.0237509811057909,98,0
2,台北市,2024-10,2024,0.0238559122968505,71.21,-0.17,176730529,196652748851,475161,457324209,2024,10,-0.8660254037844386,0.5000000000000001,0.0229973426442951,0.0233831583482942,0.0237509811057909,98,1
2,台北市,2024-10,2024,0.0238559122968505,71.21,-0.17,176730529,196652748851,8392,1996178,2024,10,-0.8660254037844386,0.5000000000000001,0.0229973426442951,0.0233831583482942,0.0237509811057909,100,0
2,台北市,2024-10,2024,0.0238559122968505,71.21,-0.17,176730529,196652748851,7114,9407709,2024,10,-0.8660254037844386,0.5000000000000001,0.0229973426442951,0.0233831583482942,0.0237509811057909,100,1
2,台北市,2024-10,2024,0.0238559122968505,71.21,-0.17,176730529,196652748851,9509189,4613407807,2024,10,-0.8660254037844386,0.5000000000000001,0.0229973426442951,0.0233831583482942,0.0237509811057909,101,1
2,台北市,2024-10,2024,0.0238559122968505,71.21,-0.17,176730529,196652748851,10331689,3652865346,2024,10,-0.8660254037844386,0.5000000000000001,0.0229973426442951,0.0233831583482942,0.0237509811057909,101,0
2,台北市,2024-11,2024,0.0238701612615164,71.21,-0.17,185696567,198100872187,107327,5219952814,2024,11,-0.5000000000000004,0.8660254037844384,0.0238559122968505,0.0229973426442951,0.0233831583482942,0,1
2,台北市,2024-11,2024,0.0238701612615164,71.21,-0.17,185696567,198100872187,65940,203767199,2024,11,-0.5000000000000004,0.8660254037844384,0.0238559122968505,0.0229973426442951,0.0233831583482942,0,0
2,台北市,2024-11,2024,0.0238701612615164,71.21,-0.17,185696567,198100872187,515476,10822422567,2024,11,-0.5000000000000004,0.8660254037844384,0.0238559122968505,0.0229973426442951,0.0233831583482942,1,1
2,台北市,2024-11,2024,0.0238701612615164,71.21,-0.17,185696567,198100872187,549598,1012093824,2024,11,-0.5000000000000004,0.8660254037844384,0.0238559122968505,0.0229973426442951,0.0233831583482942,1,0
2,台北市,2024-11,2024,0.0238701612615164,71.21,-0.17,185696567,198100872187,57809,52182347,2024,11,-0.5000000000000004,0.8660254037844384,0.0238559122968505,0.0229973426442951,0.0233831583482942,2,0
2,台北市,2024-11,2024,0.0238701612615164,71.21,-0.17,185696567,198100872187,378486,200095492,2024,11,-0.5000000000000004,0.8660254037844384,0.0238559122968505,0.0229973426442951,0.0233831583482942,2,1
2,台北市,2024-11,2024,0.0238701612615164,71.21,-0.17,185696567,198100872187,103155,607623867,2024,11,-0.5000000000000004,0.8660254037844384,0.0238559122968505,0.0229973426442951,0.0233831583482942,3,1
2,台北市,2024-11,2024,0.0238701612615164,71.21,-0.17,185696567,198100872187,153381,347567217,2024,11,-0.5000000000000004,0.8660254037844384,0.0238559122968505,0.0229973426442951,0.0233831583482942,3,0
2,台北市,2024-11,2024,0.0238701612615164,71.21,-0.17,185696567,198100872187,308046,2002462770,2024,11,-0.5000000000000004,0.8660254037844384,0.0238559122968505,0.0229973426442951,0.0233831583482942,5,1
2,台北市,2024-11,2024,0.0238701612615164,71.21,-0.17,185696567,198100872187,87112,304991917,2024,11,-0.5000000000000004,0.8660254037844384,0.0238559122968505,0.0229973426442951,0.0233831583482942,5,0
2,台北市,2024-11,2024,0.0238701612615164,71.21,-0.17,185696567,198100872187,1195,59996916,2024,11,-0.5000000000000004,0.8660254037844384,0.0238559122968505,0.0229973426442951,0.0233831583482942,6,1
2,台北市,2024-11,2024,0.0238701612615164,71.21,-0.17,185696567,198100872187,1942,14871427,2024,11,-0.5000000000000004,0.8660254037844384,0.0238559122968505,0.0229973426442951,0.0233831583482942,6,0
2,台北市,2024-11,2024,0.0238701612615164,71.21,-0.17,185696567,198100872187,8486,398938114,2024,11,-0.5000000000000004,0.8660254037844384,0.0238559122968505,0.0229973426442951,0.0233831583482942,7,1
2,台北市,2024-11,2024,0.0238701612615164,71.21,-0.17,185696567,198100872187,10700,17012016,2024,11,-0.5000000000000004,0.8660254037844384,0.0238559122968505,0.0229973426442951,0.0233831583482942,7,0
2,台北市,2024-11,2024,0.0238701612615164,71.21,-0.17,185696567,198100872187,3125,12067607,2024,11,-0.5000000000000004,0.8660254037844384,0.0238559122968505,0.0229973426442951,0.0233831583482942,8,0
2,台北市,2024-11,2024,0.0238701612615164,71.21,-0.17,185696567,198100872187,7937,30051562,2024,11,-0.5000000000000004,0.8660254037844384,0.0238559122968505,0.0229973426442951,0.0233831583482942,8,1
2,台北市,2024-11,2024,0.0238701612615164,71.21,-0.17,185696567,198100872187,19574,461789568,2024,11,-0.5000000000000004,0.8660254037844384,0.0238559122968505,0.0229973426442951,0.0233831583482942,9,1
2,台北市,2024-11,2024,0.0238701612615164,71.21,-0.17,185696567,198100872187,11042,42524107,2024,11,-0.5000000000000004,0.8660254037844384,0.0238559122968505,0.0229973426442951,0.0233831583482942,9,0
2,台北市,2024-11,2024,0.0238701612615164,71.21,-0.17,185696567,198100872187,4293,373521153,2024,11,-0.5000000000000004,0.8660254037844384,0.0238559122968505,0.0229973426442951,0.0233831583482942,12,1
2,台北市,2024-11,2024,0.0238701612615164,71.21,-0.17,185696567,198100872187,4664,13804301,2024,11,-0.5000000000000004,0.8660254037844384,0.0238559122968505,0.0229973426442951,0.0233831583482942,12,0
2,台北市,2024-11,2024,0.0238701612615164,71.21,-0.17,185696567,198100872187,16049,36978755,2024,11,-0.5000000000000004,0.8660254037844384,0.0238559122968505,0.0229973426442951,0.0233831583482942,13,0
2,台北市,2024-11,2024,0.0238701612615164,71.21,-0.17,185696567,198100872187,9240,90909780,2024,11,-0.5000000000000004,0.8660254037844384,0.0238559122968505,0.0229973426442951,0.0233831583482942,13,1
2,台北市,2024-11,2024,0.0238701612615164,71.21,-0.17,185696567,198100872187,8353,11154503,2024,11,-0.5000000000000004,0.8660254037844384,0.0238559122968505,0.0229973426442951,0.0233831583482942,14,1
2,台北市,2024-11,2024,0.0238701612615164,71.21,-0.17,185696567,198100872187,3398,2489739,2024,11,-0.5000000000000004,0.8660254037844384,0.0238559122968505,0.0229973426442951,0.0233831583482942,14,0
2,台北市,2024-11,2024,0.0238701612615164,71.21,-0.17,185696567,198100872187,1631,12667243,2024,11,-0.5000000000000004,0.8660254037844384,0.0238559122968505,0.0229973426442951,0.0233831583482942,15,0
2,台北市,2024-11,2024,0.0238701612615164,71.21,-0.17,185696567,198100872187,1417,9103629,2024,11,-0.5000000000000004,0.8660254037844384,0.0238559122968505,0.0229973426442951,0.0233831583482942,15,1
2,台北市,2024-11,2024,0.0238701612615164,71.21,-0.17,185696567,198100872187,643,7588021,2024,11,-0.5000000000000004,0.8660254037844384,0.0238559122968505,0.0229973426442951,0.0233831583482942,16,1
2,台北市,2024-11,2024,0.0238701612615164,71.21,-0.17,185696567,198100872187,1110,1792623,2024,11,-0.5000000000000004,0.8660254037844384,0.0238559122968505,0.0229973426442951,0.0233831583482942,16,0
2,台北市,2024-11,2024,0.0238701612615164,71.21,-0.17,185696567,198100872187,52186,123420158,2024,11,-0.5000000000000004,0.8660254037844384,0.0238559122968505,0.0229973426442951,0.0233831583482942,17,1
2,台北市,2024-11,2024,0.0238701612615164,71.21,-0.17,185696567,198100872187,157954,236725316,2024,11,-0.5000000000000004,0.8660254037844384,0.0238559122968505,0.0229973426442951,0.0233831583482942,17,0
2,台北市,2024-11,2024,0.0238701612615164,71.21,-0.17,185696567,198100872187,37281,49275543,2024,11,-0.5000000000000004,0.8660254037844384,0.0238559122968505,0.0229973426442951,0.0233831583482942,18,0
2,台北市,2024-11,2024,0.0238701612615164,71.21,-0.17,185696567,198100872187,25380,52180402,2024,11,-0.5000000000000004,0.8660254037844384,0.0238559122968505,0.0229973426442951,0.0233831583482942,18,1
2,台北市,2024-11,2024,0.0238701612615164,71.21,-0.17,185696567,198100872187,861,1396497,2024,11,-0.5000000000000004,0.8660254037844384,0.0238559122968505,0.0229973426442951,0.0233831583482942,19,0
2,台北市,2024-11,2024,0.0238701612615164,71.21,-0.17,185696567,198100872187,300,32124584,2024,11,-0.5000000000000004,0.8660254037844384,0.0238559122968505,0.0229973426442951,0.0233831583482942,19,1
2,台北市,2024-11,2024,0.0238701612615164,71.21,-0.17,185696567,198100872187,12,44640,2024,11,-0.5000000000000004,0.8660254037844384,0.0238559122968505,0.0229973426442951,0.0233831583482942,20,0
2,台北市,2024-11,2024,0.0238701612615164,71.21,-0.17,185696567,198100872187,3,344627569,2024,11,-0.5000000000000004,0.8660254037844384,0.0238559122968505,0.0229973426442951,0.0233831583482942,20,1
2,台北市,2024-11,2024,0.0238701612615164,71.21,-0.17,185696567,198100872187,8653,46692968,2024,11,-0.5000000000000004,0.8660254037844384,0.0238559122968505,0.0229973426442951,0.0233831583482942,21,1
2,台北市,2024-11,2024,0.0238701612615164,71.21,-0.17,185696567,198100872187,7365,9298311,2024,11,-0.5000000000000004,0.8660254037844384,0.0238559122968505,0.0229973426442951,0.0233831583482942,21,0
2,台北市,2024-11,2024,0.0238701612615164,71.21,-0.17,185696567,198100872187,10608,4167156,2024,11,-0.5000000000000004,0.8660254037844384,0.0238559122968505,0.0229973426442951,0.0233831583482942,22,1
2,台北市,2024-11,2024,0.0238701612615164,71.21,-0.17,185696567,198100872187,10926,5569274,2024,11,-0.5000000000000004,0.8660254037844384,0.0238559122968505,0.0229973426442951,0.0233831583482942,22,0
2,台北市,2024-11,2024,0.0238701612615164,71.21,-0.17,185696567,198100872187,197,546171,2024,11,-0.5000000000000004,0.8660254037844384,0.0238559122968505,0.0229973426442951,0.0233831583482942,23,0
2,台北市,2024-11,2024,0.0238701612615164,71.21,-0.17,185696567,198100872187,1187,16500667,2024,11,-0.5000000000000004,0.8660254037844384,0.0238559122968505,0.0229973426442951,0.0233831583482942,23,1
2,台北市,2024-11,2024,0.0238701612615164,71.21,-0.17,185696567,198100872187,3,1000,2024,11,-0.5000000000000004,0.8660254037844384,0.0238559122968505,0.0229973426442951,0.0233831583482942,24,0
2,台北市,2024-11,2024,0.0238701612615164,71.21,-0.17,185696567,198100872187,114,194092158,2024,11,-0.5000000000000004,0.8660254037844384,0.0238559122968505,0.0229973426442951,0.0233831583482942,24,1
2,台北市,2024-11,2024,0.0238701612615164,71.21,-0.17,185696567,198100872187,502,248245222,2024,11,-0.5000000000000004,0.8660254037844384,0.0238559122968505,0.0229973426442951,0.0233831583482942,25,1
2,台北市,2024-11,2024,0.0238701612615164,71.21,-0.17,185696567,198100872187,351,603202,2024,11,-0.5000000000000004,0.8660254037844384,0.0238559122968505,0.0229973426442951,0.0233831583482942,25,0
2,台北市,2024-11,2024,0.0238701612615164,71.21,-0.17,185696567,198100872187,28808,6573618,2024,11,-0.5000000000000004,0.8660254037844384,0.0238559122968505,0.0229973426442951,0.0233831583482942,26,0
2,台北市,2024-11,2024,0.0238701612615164,71.21,-0.17,185696567,198100872187,19474,43892154,2024,11,-0.5000000000000004,0.8660254037844384,0.0238559122968505,0.0229973426442951,0.0233831583482942,26,1
2,台北市,2024-11,2024,0.0238701612615164,71.21,-0.17,185696567,198100872187,238,6876336,2024,11,-0.5000000000000004,0.8660254037844384,0.0238559122968505,0.0229973426442951,0.0233831583482942,27,1
2,台北市,2024-11,2024,0.0238701612615164,71.21,-0.17,185696567,198100872187,37,865149,2024,11,-0.5000000000000004,0.8660254037844384,0.0238559122968505,0.0229973426442951,0.0233831583482942,27,0
2,台北市,2024-11,2024,0.0238701612615164,71.21,-0.17,185696567,198100872187,47805,135753972,2024,11,-0.5000000000000004,0.8660254037844384,0.0238559122968505,0.0229973426442951,0.0233831583482942,28,0
2,台北市,2024-11,2024,0.0238701612615164,71.21,-0.17,185696567,198100872187,22136,1552335313,2024,11,-0.5000000000000004,0.8660254037844384,0.0238559122968505,0.0229973426442951,0.0233831583482942,28,1
2,台北市,2024-11,2024,0.0238701612615164,71.21,-0.17,185696567,198100872187,24940,74088441,2024,11,-0.5000000000000004,0.8660254037844384,0.0238559122968505,0.0229973426442951,0.0233831583482942,30,0
2,台北市,2024-11,2024,0.0238701612615164,71.21,-0.17,185696567,198100872187,10926,66180887,2024,11,-0.5000000000000004,0.8660254037844384,0.0238559122968505,0.0229973426442951,0.0233831583482942,30,1
2,台北市,2024-11,2024,0.0238701612615164,71.21,-0.17,185696567,198100872187,7,12677,2024,11,-0.5000000000000004,0.8660254037844384,0.0238559122968505,0.0229973426442951,0.0233831583482942,31,0
2,台北市,2024-11,2024,0.0238701612615164,71.21,-0.17,185696567,198100872187,1798,3615264,2024,11,-0.5000000000000004,0.8660254037844384,0.0238559122968505,0.0229973426442951,0.0233831583482942,31,1
2,台北市,2024-11,2024,0.0238701612615164,71.21,-0.17,185696567,198100872187,864,62991460,2024,11,-0.5000000000000004,0.8660254037844384,0.0238559122968505,0.0229973426442951,0.0233831583482942,33,1
2,台北市,2024-11,2024,0.0238701612615164,71.21,-0.17,185696567,198100872187,418,657188,2024,11,-0.5000000000000004,0.8660254037844384,0.0238559122968505,0.0229973426442951,0.0233831583482942,33,0
2,台北市,2024-11,2024,0.0238701612615164,71.21,-0.17,185696567,198100872187,1,5000,2024,11,-0.5000000000000004,0.8660254037844384,0.0238559122968505,0.0229973426442951,0.0233831583482942,34,1
2,台北市,2024-11,2024,0.0238701612615164,71.21,-0.17,185696567,198100872187,27,129925,2024,11,-0.5000000000000004,0.8660254037844384,0.0238559122968505,0.0229973426442951,0.0233831583482942,34,0
2,台北市,2024-11,2024,0.0238701612615164,71.21,-0.17,185696567,198100872187,61711,313804990,2024,11,-0.5000000000000004,0.8660254037844384,0.0238559122968505,0.0229973426442951,0.0233831583482942,36,1
2,台北市,2024-11,2024,0.0238701612615164,71.21,-0.17,185696567,198100872187,178795,105307735,2024,11,-0.5000000000000004,0.8660254037844384,0.0238559122968505,0.0229973426442951,0.0233831583482942,36,0
2,台北市,2024-11,2024,0.0238701612615164,71.21,-0.17,185696567,198100872187,191056,307405867,2024,11,-0.5000000000000004,0.8660254037844384,0.0238559122968505,0.0229973426442951,0.0233831583482942,37,0
2,台北市,2024-11,2024,0.0238701612615164,71.21,-0.17,185696567,198100872187,9125,62257727,2024,11,-0.5000000000000004,0.8660254037844384,0.0238559122968505,0.0229973426442951,0.0233831583482942,37,1
2,台北市,2024-11,2024,0.0238701612615164,71.21,-0.17,185696567,198100872187,2014,53692559,2024,11,-0.5000000000000004,0.8660254037844384,0.0238559122968505,0.0229973426442951,0.0233831583482942,38,1
2,台北市,2024-11,2024,0.0238701612615164,71.21,-0.17,185696567,198100872187,2335,10067661,2024,11,-0.5000000000000004,0.8660254037844384,0.0238559122968505,0.0229973426442951,0.0233831583482942,38,0
2,台北市,2024-11,2024,0.0238701612615164,71.21,-0.17,185696567,198100872187,8652,41950695,2024,11,-0.5000000000000004,0.8660254037844384,0.0238559122968505,0.0229973426442951,0.0233831583482942,39,0
2,台北市,2024-11,2024,0.0238701612615164,71.21,-0.17,185696567,198100872187,4811,499795479,2024,11,-0.5000000000000004,0.8660254037844384,0.0238559122968505,0.0229973426442951,0.0233831583482942,39,1
2,台北市,2024-11,2024,0.0238701612615164,71.21,-0.17,185696567,198100872187,2829,6607298,2024,11,-0.5000000000000004,0.8660254037844384,0.0238559122968505,0.0229973426442951,0.0233831583482942,40,0
2,台北市,2024-11,2024,0.0238701612615164,71.21,-0.17,185696567,198100872187,6929,49695210,2024,11,-0.5000000000000004,0.8660254037844384,0.0238559122968505,0.0229973426442951,0.0233831583482942,40,1
2,台北市,2024-11,2024,0.0238701612615164,71.21,-0.17,185696567,198100872187,197596,523706043,2024,11,-0.5000000000000004,0.8660254037844384,0.0238559122968505,0.0229973426442951,0.0233831583482942,41,1
2,台北市,2024-11,2024,0.0238701612615164,71.21,-0.17,185696567,198100872187,7374860,15192547727,2024,11,-0.5000000000000004,0.8660254037844384,0.0238559122968505,0.0229973426442951,0.0233831583482942,41,0
2,台北市,2024-11,2024,0.0238701612615164,71.21,-0.17,185696567,198100872187,1614,4089397,2024,11,-0.5000000000000004,0.8660254037844384,0.0238559122968505,0.0229973426442951,0.0233831583482942,43,1
2,台北市,2024-11,2024,0.0238701612615164,71.21,-0.17,185696567,198100872187,10227,25070619,2024,11,-0.5000000000000004,0.8660254037844384,0.0238559122968505,0.0229973426442951,0.0233831583482942,43,0
2,台北市,2024-11,2024,0.0238701612615164,71.21,-0.17,185696567,198100872187,6710820,9241066890,2024,11,-0.5000000000000004,0.8660254037844384,0.0238559122968505,0.0229973426442951,0.0233831583482942,44,0
2,台北市,2024-11,2024,0.0238701612615164,71.21,-0.17,185696567,198100872187,3222690,23716013970,2024,11,-0.5000000000000004,0.8660254037844384,0.0238559122968505,0.0229973426442951,0.0233831583482942,44,1
2,台北市,2024-11,2024,0.0238701612615164,71.21,-0.17,185696567,198100872187,52048,306594231,2024,11,-0.5000000000000004,0.8660254037844384,0.0238559122968505,0.0229973426442951,0.0233831583482942,46,0
2,台北市,2024-11,2024,0.0238701612615164,71.21,-0.17,185696567,198100872187,36272,217544416,2024,11,-0.5000000000000004,0.8660254037844384,0.0238559122968505,0.0229973426442951,0.0233831583482942,46,1
2,台北市,2024-11,2024,0.0238701612615164,71.21,-0.17,185696567,198100872187,1792,60550735,2024,11,-0.5000000000000004,0.8660254037844384,0.0238559122968505,0.0229973426442951,0.0233831583482942,48,1
2,台北市,2024-11,2024,0.0238701612615164,71.21,-0.17,185696567,198100872187,1712,2737525,2024,11,-0.5000000000000004,0.8660254037844384,0.0238559122968505,0.0229973426442951,0.0233831583482942,48,0
2,台北市,2024-11,2024,0.0238701612615164,71.21,-0.17,185696567,198100872187,127907,452656699,2024,11,-0.5000000000000004,0.8660254037844384,0.0238559122968505,0.0229973426442951,0.0233831583482942,50,0
2,台北市,2024-11,2024,0.0238701612615164,71.21,-0.17,185696567,198100872187,64809,711618489,2024,11,-0.5000000000000004,0.8660254037844384,0.0238559122968505,0.0229973426442951,0.0233831583482942,50,1
2,台北市,2024-11,2024,0.0238701612615164,71.21,-0.17,185696567,198100872187,27351,401160102,2024,11,-0.5000000000000004,0.8660254037844384,0.0238559122968505,0.0229973426442951,0.0233831583482942,52,1
2,台北市,2024-11,2024,0.0238701612615164,71.21,-0.17,185696567,198100872187,24094,9051436,2024,11,-0.5000000000000004,0.8660254037844384,0.0238559122968505,0.0229973426442951,0.0233831583482942,52,0
2,台北市,2024-11,2024,0.0238701612615164,71.21,-0.17,185696567,198100872187,3287,31998825,2024,11,-0.5000000000000004,0.8660254037844384,0.0238559122968505,0.0229973426442951,0.0233831583482942,53,1
2,台北市,2024-11,2024,0.0238701612615164,71.21,-0.17,185696567,198100872187,846,142140,2024,11,-0.5000000000000004,0.8660254037844384,0.0238559122968505,0.0229973426442951,0.0233831583482942,53,0
2,台北市,2024-11,2024,0.0238701612615164,71.21,-0.17,185696567,198100872187,416,1805362,2024,11,-0.5000000000000004,0.8660254037844384,0.0238559122968505,0.0229973426442951,0.0233831583482942,54,0
2,台北市,2024-11,2024,0.0238701612615164,71.21,-0.17,185696567,198100872187,1043,2146907877,2024,11,-0.5000000000000004,0.8660254037844384,0.0238559122968505,0.0229973426442951,0.0233831583482942,54,1
2,台北市,2024-11,2024,0.0238701612615164,71.21,-0.17,185696567,198100872187,81,16182802,2024,11,-0.5000000000000004,0.8660254037844384,0.0238559122968505,0.0229973426442951,0.0233831583482942,56,1
2,台北市,2024-11,2024,0.0238701612615164,71.21,-0.17,185696567,198100872187,47,21247668,2024,11,-0.5000000000000004,0.8660254037844384,0.0238559122968505,0.0229973426442951,0.0233831583482942,56,0
2,台北市,2024-11,2024,0.0238701612615164,71.21,-0.17,185696567,198100872187,87,3653016,2024,11,-0.5000000000000004,0.8660254037844384,0.0238559122968505,0.0229973426442951,0.0233831583482942,57,1
2,台北市,2024-11,2024,0.0238701612615164,71.21,-0.17,185696567,198100872187,3317,704123,2024,11,-0.5000000000000004,0.8660254037844384,0.0238559122968505,0.0229973426442951,0.0233831583482942,58,0
2,台北市,2024-11,2024,0.0238701612615164,71.21,-0.17,185696567,198100872187,2911,66917724,2024,11,-0.5000000000000004,0.8660254037844384,0.0238559122968505,0.0229973426442951,0.0233831583482942,58,1
2,台北市,2024-11,2024,0.0238701612615164,71.21,-0.17,185696567,198100872187,76,1225362,2024,11,-0.5000000000000004,0.8660254037844384,0.0238559122968505,0.0229973426442951,0.0233831583482942,59,1
2,台北市,2024-11,2024,0.0238701612615164,71.21,-0.17,185696567,198100872187,1790,1819906,2024,11,-0.5000000000000004,0.8660254037844384,0.0238559122968505,0.0229973426442951,0.0233831583482942,59,0
2,台北市,2024-11,2024,0.0238701612615164,71.21,-0.17,185696567,198100872187,718813,310781609,2024,11,-0.5000000000000004,0.8660254037844384,0.0238559122968505,0.0229973426442951,0.0233831583482942,60,0
2,台北市,2024-11,2024,0.0238701612615164,71.21,-0.17,185696567,198100872187,14,50720,2024,11,-0.5000000000000004,0.8660254037844384,0.0238559122968505,0.0229973426442951,0.0233831583482942,60,1
2,台北市,2024-11,2024,0.0238701612615164,71.21,-0.17,185696567,198100872187,777,3349035,2024,11,-0.5000000000000004,0.8660254037844384,0.0238559122968505,0.0229973426442951,0.0233831583482942,61,1
2,台北市,2024-11,2024,0.0238701612615164,71.21,-0.17,185696567,198100872187,359,1950494,2024,11,-0.5000000000000004,0.8660254037844384,0.0238559122968505,0.0229973426442951,0.0233831583482942,61,0
2,台北市,2024-11,2024,0.0238701612615164,71.21,-0.17,185696567,198100872187,10,18000,2024,11,-0.5000000000000004,0.8660254037844384,0.0238559122968505,0.0229973426442951,0.0233831583482942,62,1
2,台北市,2024-11,2024,0.0238701612615164,71.21,-0.17,185696567,198100872187,79714,46536417,2024,11,-0.5000000000000004,0.8660254037844384,0.0238559122968505,0.0229973426442951,0.0233831583482942,63,1
2,台北市,2024-11,2024,0.0238701612615164,71.21,-0.17,185696567,198100872187,67620,22935880,2024,11,-0.5000000000000004,0.8660254037844384,0.0238559122968505,0.0229973426442951,0.0233831583482942,63,0
2,台北市,2024-11,2024,0.0238701612615164,71.21,-0.17,185696567,198100872187,1,9,2024,11,-0.5000000000000004,0.8660254037844384,0.0238559122968505,0.0229973426442951,0.0233831583482942,65,1
2,台北市,2024-11,2024,0.0238701612615164,71.21,-0.17,185696567,198100872187,614,56910626,2024,11,-0.5000000000000004,0.8660254037844384,0.0238559122968505,0.0229973426442951,0.0233831583482942,66,1
2,台北市,2024-11,2024,0.0238701612615164,71.21,-0.17,185696567,198100872187,1759,4642901,2024,11,-0.5000000000000004,0.8660254037844384,0.0238559122968505,0.0229973426442951,0.0233831583482942,66,0
2,台北市,2024-11,2024,0.0238701612615164,71.21,-0.17,185696567,198100872187,934245,1021650613,2024,11,-0.5000000000000004,0.8660254037844384,0.0238559122968505,0.0229973426442951,0.0233831583482942,67,0
2,台北市,2024-11,2024,0.0238701612615164,71.21,-0.17,185696567,198100872187,213340,4828081237,2024,11,-0.5000000000000004,0.8660254037844384,0.0238559122968505,0.0229973426442951,0.0233831583482942,67,1
2,台北市,2024-11,2024,0.0238701612615164,71.21,-0.17,185696567,198100872187,435,2121006,2024,11,-0.5000000000000004,0.8660254037844384,0.0238559122968505,0.0229973426442951,0.0233831583482942,68,1
2,台北市,2024-11,2024,0.0238701612615164,71.21,-0.17,185696567,198100872187,4626,30896733,2024,11,-0.5000000000000004,0.8660254037844384,0.0238559122968505,0.0229973426442951,0.0233831583482942,68,0
2,台北市,2024-11,2024,0.0238701612615164,71.21,-0.17,185696567,198100872187,1433,183272494,2024,11,-0.5000000000000004,0.8660254037844384,0.0238559122968505,0.0229973426442951,0.0233831583482942,69,1
2,台北市,2024-11,2024,0.0238701612615164,71.21,-0.17,185696567,198100872187,2645,10156540,2024,11,-0.5000000000000004,0.8660254037844384,0.0238559122968505,0.0229973426442951,0.0233831583482942,69,0
2,台北市,2024-11,2024,0.0238701612615164,71.21,-0.17,185696567,198100872187,8874,19477303,2024,11,-0.5000000000000004,0.8660254037844384,0.0238559122968505,0.0229973426442951,0.0233831583482942,70,1
2,台北市,2024-11,2024,0.0238701612615164,71.21,-0.17,185696567,198100872187,5893,9105106,2024,11,-0.5000000000000004,0.8660254037844384,0.0238559122968505,0.0229973426442951,0.0233831583482942,70,0
2,台北市,2024-11,2024,0.0238701612615164,71.21,-0.17,185696567,198100872187,8,2701920,2024,11,-0.5000000000000004,0.8660254037844384,0.0238559122968505,0.0229973426442951,0.0233831583482942,71,1
2,台北市,2024-11,2024,0.0238701612615164,71.21,-0.17,185696567,198100872187,35,75203,2024,11,-0.5000000000000004,0.8660254037844384,0.0238559122968505,0.0229973426442951,0.0233831583482942,72,0
2,台北市,2024-11,2024,0.0238701612615164,71.21,-0.17,185696567,198100872187,11223,238932784,2024,11,-0.5000000000000004,0.8660254037844384,0.0238559122968505,0.0229973426442951,0.0233831583482942,72,1
2,台北市,2024-11,2024,0.0238701612615164,71.21,-0.17,185696567,198100872187,26145,41601771,2024,11,-0.5000000000000004,0.8660254037844384,0.0238559122968505,0.0229973426442951,0.0233831583482942,73,0
2,台北市,2024-11,2024,0.0238701612615164,71.21,-0.17,185696567,198100872187,39661,124435931,2024,11,-0.5000000000000004,0.8660254037844384,0.0238559122968505,0.0229973426442951,0.0233831583482942,73,1
2,台北市,2024-11,2024,0.0238701612615164,71.21,-0.17,185696567,198100872187,188290,400496595,2024,11,-0.5000000000000004,0.8660254037844384,0.0238559122968505,0.0229973426442951,0.0233831583482942,75,1
2,台北市,2024-11,2024,0.0238701612615164,71.21,-0.17,185696567,198100872187,892562,625095300,2024,11,-0.5000000000000004,0.8660254037844384,0.0238559122968505,0.0229973426442951,0.0233831583482942,75,0
2,台北市,2024-11,2024,0.0238701612615164,71.21,-0.17,185696567,198100872187,34405810,17255308224,2024,11,-0.5000000000000004,0.8660254037844384,0.0238559122968505,0.0229973426442951,0.0233831583482942,77,0
2,台北市,2024-11,2024,0.0238701612615164,71.21,-0.17,185696567,198100872187,348903,819436664,2024,11,-0.5000000000000004,0.8660254037844384,0.0238559122968505,0.0229973426442951,0.0233831583482942,77,1
2,台北市,2024-11,2024,0.0238701612615164,71.21,-0.17,185696567,198100872187,1802,168484101,2024,11,-0.5000000000000004,0.8660254037844384,0.0238559122968505,0.0229973426442951,0.0233831583482942,78,1
2,台北市,2024-11,2024,0.0238701612615164,71.21,-0.17,185696567,198100872187,13404,21815721,2024,11,-0.5000000000000004,0.8660254037844384,0.0238559122968505,0.0229973426442951,0.0233831583482942,78,0
2,台北市,2024-11,2024,0.0238701612615164,71.21,-0.17,185696567,198100872187,233477,341696401,2024,11,-0.5000000000000004,0.8660254037844384,0.0238559122968505,0.0229973426442951,0.0233831583482942,79,1
2,台北市,2024-11,2024,0.0238701612615164,71.21,-0.17,185696567,198100872187,376646,469085590,2024,11,-0.5000000000000004,0.8660254037844384,0.0238559122968505,0.0229973426442951,0.0233831583482942,79,0
2,台北市,2024-11,2024,0.0238701612615164,71.21,-0.17,185696567,198100872187,1752794,4724215817,2024,11,-0.5000000000000004,0.8660254037844384,0.0238559122968505,0.0229973426442951,0.0233831583482942,80,1
2,台北市,2024-11,2024,0.0238701612615164,71.21,-0.17,185696567,198100872187,2377473,415397034,2024,11,-0.5000000000000004,0.8660254037844384,0.0238559122968505,0.0229973426442951,0.0233831583482942,80,0
2,台北市,2024-11,2024,0.0238701612615164,71.21,-0.17,185696567,198100872187,5832,4479801,2024,11,-0.5000000000000004,0.8660254037844384,0.0238559122968505,0.0229973426442951,0.0233831583482942,81,1
2,台北市,2024-11,2024,0.0238701612615164,71.21,-0.17,185696567,198100872187,3526,565249,2024,11,-0.5000000000000004,0.8660254037844384,0.0238559122968505,0.0229973426442951,0.0233831583482942,81,0
2,台北市,2024-11,2024,0.0238701612615164,71.21,-0.17,185696567,198100872187,9677,76931943,2024,11,-0.5000000000000004,0.8660254037844384,0.0238559122968505,0.0229973426442951,0.0233831583482942,83,1
2,台北市,2024-11,2024,0.0238701612615164,71.21,-0.17,185696567,198100872187,14194,84552665,2024,11,-0.5000000000000004,0.8660254037844384,0.0238559122968505,0.0229973426442951,0.0233831583482942,83,0
2,台北市,2024-11,2024,0.0238701612615164,71.21,-0.17,185696567,198100872187,20,133755,2024,11,-0.5000000000000004,0.8660254037844384,0.0238559122968505,0.0229973426442951,0.0233831583482942,84,0
2,台北市,2024-11,2024,0.0238701612615164,71.21,-0.17,185696567,198100872187,489,231735648,2024,11,-0.5000000000000004,0.8660254037844384,0.0238559122968505,0.0229973426442951,0.0233831583482942,84,1
2,台北市,2024-11,2024,0.0238701612615164,71.21,-0.17,185696567,198100872187,80085,819840026,2024,11,-0.5000000000000004,0.8660254037844384,0.0238559122968505,0.0229973426442951,0.0233831583482942,86,0
2,台北市,2024-11,2024,0.0238701612615164,71.21,-0.17,185696567,198100872187,10245,1521976037,2024,11,-0.5000000000000004,0.8660254037844384,0.0238559122968505,0.0229973426442951,0.0233831583482942,86,1
2,台北市,2024-11,2024,0.0238701612615164,71.21,-0.17,185696567,198100872187,230657,247669927,2024,11,-0.5000000000000004,0.8660254037844384,0.0238559122968505,0.0229973426442951,0.0233831583482942,87,0
2,台北市,2024-11,2024,0.0238701612615164,71.21,-0.17,185696567,198100872187,138776,115425628,2024,11,-0.5000000000000004,0.8660254037844384,0.0238559122968505,0.0229973426442951,0.0233831583482942,87,1
2,台北市,2024-11,2024,0.0238701612615164,71.21,-0.17,185696567,198100872187,53676692,31269267957,2024,11,-0.5000000000000004,0.8660254037844384,0.0238559122968505,0.0229973426442951,0.0233831583482942,88,0
2,台北市,2024-11,2024,0.0238701612615164,71.21,-0.17,185696567,198100872187,28142566,25110537295,2024,11,-0.5000000000000004,0.8660254037844384,0.0238559122968505,0.0229973426442951,0.0233831583482942,88,1
2,台北市,2024-11,2024,0.0238701612615164,71.21,-0.17,185696567,198100872187,15432519,11475925742,2024,11,-0.5000000000000004,0.8660254037844384,0.0238559122968505,0.0229973426442951,0.0233831583482942,89,0
2,台北市,2024-11,2024,0.0238701612615164,71.21,-0.17,185696567,198100872187,105484,456688692,2024,11,-0.5000000000000004,0.8660254037844384,0.0238559122968505,0.0229973426442951,0.0233831583482942,89,1
2,台北市,2024-11,2024,0.0238701612615164,71.21,-0.17,185696567,198100872187,13942,23889371,2024,11,-0.5000000000000004,0.8660254037844384,0.0238559122968505,0.0229973426442951,0.0233831583482942,90,1
2,台北市,2024-11,2024,0.0238701612615164,71.21,-0.17,185696567,198100872187,789525,2059867245,2024,11,-0.5000000000000004,0.8660254037844384,0.0238559122968505,0.0229973426442951,0.0233831583482942,90,0
2,台北市,2024-11,2024,0.0238701612615164,71.21,-0.17,185696567,198100872187,20102,12938383,2024,11,-0.5000000000000004,0.8660254037844384,0.0238559122968505,0.0229973426442951,0.0233831583482942,91,0
2,台北市,2024-11,2024,0.0238701612615164,71.21,-0.17,185696567,198100872187,4372,483818977,2024,11,-0.5000000000000004,0.8660254037844384,0.0238559122968505,0.0229973426442951,0.0233831583482942,91,1
2,台北市,2024-11,2024,0.0238701612615164,71.21,-0.17,185696567,198100872187,1526,240700156,2024,11,-0.5000000000000004,0.8660254037844384,0.0238559122968505,0.0229973426442951,0.0233831583482942,93,1
2,台北市,2024-11,2024,0.0238701612615164,71.21,-0.17,185696567,198100872187,1174,3360014,2024,11,-0.5000000000000004,0.8660254037844384,0.0238559122968505,0.0229973426442951,0.0233831583482942,93,0
2,台北市,2024-11,2024,0.0238701612615164,71.21,-0.17,185696567,198100872187,2993,399935150,2024,11,-0.5000000000000004,0.8660254037844384,0.0238559122968505,0.0229973426442951,0.0233831583482942,94,1
2,台北市,2024-11,2024,0.0238701612615164,71.21,-0.17,185696567,198100872187,19521,40371308,2024,11,-0.5000000000000004,0.8660254037844384,0.0238559122968505,0.0229973426442951,0.0233831583482942,94,0
2,台北市,2024-11,2024,0.0238701612615164,71.21,-0.17,185696567,198100872187,67984,369234307,2024,11,-0.5000000000000004,0.8660254037844384,0.0238559122968505,0.0229973426442951,0.0233831583482942,95,1
2,台北市,2024-11,2024,0.0238701612615164,71.21,-0.17,185696567,198100872187,1205971,435049321,2024,11,-0.5000000000000004,0.8660254037844384,0.0238559122968505,0.0229973426442951,0.0233831583482942,95,0
2,台北市,2024-11,2024,0.0238701612615164,71.21,-0.17,185696567,198100872187,328,1193953,2024,11,-0.5000000000000004,0.8660254037844384,0.0238559122968505,0.0229973426442951,0.0233831583482942,97,0
2,台北市,2024-11,2024,0.0238701612615164,71.21,-0.17,185696567,198100872187,5278,691319359,2024,11,-0.5000000000000004,0.8660254037844384,0.0238559122968505,0.0229973426442951,0.0233831583482942,97,1
2,台北市,2024-11,2024,0.0238701612615164,71.21,-0.17,185696567,198100872187,511157,438047744,2024,11,-0.5000000000000004,0.8660254037844384,0.0238559122968505,0.0229973426442951,0.0233831583482942,98,1
2,台北市,2024-11,2024,0.0238701612615164,71.21,-0.17,185696567,198100872187,528994,229474989,2024,11,-0.5000000000000004,0.8660254037844384,0.0238559122968505,0.0229973426442951,0.0233831583482942,98,0
2,台北市,2024-11,2024,0.0238701612615164,71.21,-0.17,185696567,198100872187,7373,6421720,2024,11,-0.5000000000000004,0.8660254037844384,0.0238559122968505,0.0229973426442951,0.0233831583482942,100,1
2,台北市,2024-11,2024,0.0238701612615164,71.21,-0.17,185696567,198100872187,9218,1902837,2024,11,-0.5000000000000004,0.8660254037844384,0.0238559122968505,0.0229973426442951,0.0233831583482942,100,0
2,台北市,2024-11,2024,0.0238701612615164,71.21,-0.17,185696567,198100872187,10793381,3800120755,2024,11,-0.5000000000000004,0.8660254037844384,0.0238559122968505,0.0229973426442951,0.0233831583482942,101,0
2,台北市,2024-11,2024,0.0238701612615164,71.21,-0.17,185696567,198100872187,9905120,4949272849,2024,11,-0.5000000000000004,0.8660254037844384,0.0238559122968505,0.0229973426442951,0.0233831583482942,101,1
2,台北市,2024-12,2024,0.0236805935965678,71.21,-0.17,186912671,207255915709,110558,5332536630,2024,12,-2.4492935982947064e-16,1.0,0.0238701612615164,0.0238559122968505,0.0229973426442951,0,1
2,台北市,2024-12,2024,0.0236805935965678,71.21,-0.17,186912671,207255915709,71910,201450406,2024,12,-2.4492935982947064e-16,1.0,0.0238701612615164,0.0238559122968505,0.0229973426442951,0,0
2,台北市,2024-12,2024,0.0236805935965678,71.21,-0.17,186912671,207255915709,592474,1089872107,2024,12,-2.4492935982947064e-16,1.0,0.0238701612615164,0.0238559122968505,0.0229973426442951,1,0
2,台北市,2024-12,2024,0.0236805935965678,71.21,-0.17,186912671,207255915709,575092,18062108973,2024,12,-2.4492935982947064e-16,1.0,0.0238701612615164,0.0238559122968505,0.0229973426442951,1,1
2,台北市,2024-12,2024,0.0236805935965678,71.21,-0.17,186912671,207255915709,61691,56812425,2024,12,-2.4492935982947064e-16,1.0,0.0238701612615164,0.0238559122968505,0.0229973426442951,2,0
2,台北市,2024-12,2024,0.0236805935965678,71.21,-0.17,186912671,207255915709,404703,207154708,2024,12,-2.4492935982947064e-16,1.0,0.0238701612615164,0.0238559122968505,0.0229973426442951,2,1
2,台北市,2024-12,2024,0.0236805935965678,71.21,-0.17,186912671,207255915709,111326,664817742,2024,12,-2.4492935982947064e-16,1.0,0.0238701612615164,0.0238559122968505,0.0229973426442951,3,1
2,台北市,2024-12,2024,0.0236805935965678,71.21,-0.17,186912671,207255915709,163105,325987730,2024,12,-2.4492935982947064e-16,1.0,0.0238701612615164,0.0238559122968505,0.0229973426442951,3,0
2,台北市,2024-12,2024,0.0236805935965678,71.21,-0.17,186912671,207255915709,85484,259693520,2024,12,-2.4492935982947064e-16,1.0,0.0238701612615164,0.0238559122968505,0.0229973426442951,5,0
2,台北市,2024-12,2024,0.0236805935965678,71.21,-0.17,186912671,207255915709,319880,2205036842,2024,12,-2.4492935982947064e-16,1.0,0.0238701612615164,0.0238559122968505,0.0229973426442951,5,1
2,台北市,2024-12,2024,0.0236805935965678,71.21,-0.17,186912671,207255915709,1881,14372814,2024,12,-2.4492935982947064e-16,1.0,0.0238701612615164,0.0238559122968505,0.0229973426442951,6,0
2,台北市,2024-12,2024,0.0236805935965678,71.21,-0.17,186912671,207255915709,1222,75529113,2024,12,-2.4492935982947064e-16,1.0,0.0238701612615164,0.0238559122968505,0.0229973426442951,6,1
2,台北市,2024-12,2024,0.0236805935965678,71.21,-0.17,186912671,207255915709,7986,583874455,2024,12,-2.4492935982947064e-16,1.0,0.0238701612615164,0.0238559122968505,0.0229973426442951,7,1
2,台北市,2024-12,2024,0.0236805935965678,71.21,-0.17,186912671,207255915709,12670,27159428,2024,12,-2.4492935982947064e-16,1.0,0.0238701612615164,0.0238559122968505,0.0229973426442951,7,0
2,台北市,2024-12,2024,0.0236805935965678,71.21,-0.17,186912671,207255915709,8062,43932213,2024,12,-2.4492935982947064e-16,1.0,0.0238701612615164,0.0238559122968505,0.0229973426442951,8,1
2,台北市,2024-12,2024,0.0236805935965678,71.21,-0.17,186912671,207255915709,3503,14806264,2024,12,-2.4492935982947064e-16,1.0,0.0238701612615164,0.0238559122968505,0.0229973426442951,8,0
2,台北市,2024-12,2024,0.0236805935965678,71.21,-0.17,186912671,207255915709,19770,459942808,2024,12,-2.4492935982947064e-16,1.0,0.0238701612615164,0.0238559122968505,0.0229973426442951,9,1
2,台北市,2024-12,2024,0.0236805935965678,71.21,-0.17,186912671,207255915709,12424,54347099,2024,12,-2.4492935982947064e-16,1.0,0.0238701612615164,0.0238559122968505,0.0229973426442951,9,0
2,台北市,2024-12,2024,0.0236805935965678,71.21,-0.17,186912671,207255915709,4325,671009500,2024,12,-2.4492935982947064e-16,1.0,0.0238701612615164,0.0238559122968505,0.0229973426442951,12,1
2,台北市,2024-12,2024,0.0236805935965678,71.21,-0.17,186912671,207255915709,4841,10234234,2024,12,-2.4492935982947064e-16,1.0,0.0238701612615164,0.0238559122968505,0.0229973426442951,12,0
2,台北市,2024-12,2024,0.0236805935965678,71.21,-0.17,186912671,207255915709,14066,115706366,2024,12,-2.4492935982947064e-16,1.0,0.0238701612615164,0.0238559122968505,0.0229973426442951,13,1
2,台北市,2024-12,2024,0.0236805935965678,71.21,-0.17,186912671,207255915709,17085,33911017,2024,12,-2.4492935982947064e-16,1.0,0.0238701612615164,0.0238559122968505,0.0229973426442951,13,0
2,台北市,2024-12,2024,0.0236805935965678,71.21,-0.17,186912671,207255915709,3860,2940655,2024,12,-2.4492935982947064e-16,1.0,0.0238701612615164,0.0238559122968505,0.0229973426442951,14,0
2,台北市,2024-12,2024,0.0236805935965678,71.21,-0.17,186912671,207255915709,9207,15093599,2024,12,-2.4492935982947064e-16,1.0,0.0238701612615164,0.0238559122968505,0.0229973426442951,14,1
2,台北市,2024-12,2024,0.0236805935965678,71.21,-0.17,186912671,207255915709,1464,12751226,2024,12,-2.4492935982947064e-16,1.0,0.0238701612615164,0.0238559122968505,0.0229973426442951,15,0
2,台北市,2024-12,2024,0.0236805935965678,71.21,-0.17,186912671,207255915709,1953,11271783,2024,12,-2.4492935982947064e-16,1.0,0.0238701612615164,0.0238559122968505,0.0229973426442951,15,1
2,台北市,2024-12,2024,0.0236805935965678,71.21,-0.17,186912671,207255915709,1169,1839466,2024,12,-2.4492935982947064e-16,1.0,0.0238701612615164,0.0238559122968505,0.0229973426442951,16,0
2,台北市,2024-12,2024,0.0236805935965678,71.21,-0.17,186912671,207255915709,710,10577676,2024,12,-2.4492935982947064e-16,1.0,0.0238701612615164,0.0238559122968505,0.0229973426442951,16,1
2,台北市,2024-12,2024,0.0236805935965678,71.21,-0.17,186912671,207255915709,173220,275795071,2024,12,-2.4492935982947064e-16,1.0,0.0238701612615164,0.0238559122968505,0.0229973426442951,17,0
2,台北市,2024-12,2024,0.0236805935965678,71.21,-0.17,186912671,207255915709,58207,136767999,2024,12,-2.4492935982947064e-16,1.0,0.0238701612615164,0.0238559122968505,0.0229973426442951,17,1
2,台北市,2024-12,2024,0.0236805935965678,71.21,-0.17,186912671,207255915709,22645,41099070,2024,12,-2.4492935982947064e-16,1.0,0.0238701612615164,0.0238559122968505,0.0229973426442951,18,1
2,台北市,2024-12,2024,0.0236805935965678,71.21,-0.17,186912671,207255915709,42102,52194140,2024,12,-2.4492935982947064e-16,1.0,0.0238701612615164,0.0238559122968505,0.0229973426442951,18,0
2,台北市,2024-12,2024,0.0236805935965678,71.21,-0.17,186912671,207255915709,263,73903013,2024,12,-2.4492935982947064e-16,1.0,0.0238701612615164,0.0238559122968505,0.0229973426442951,19,1
2,台北市,2024-12,2024,0.0236805935965678,71.21,-0.17,186912671,207255915709,885,1708861,2024,12,-2.4492935982947064e-16,1.0,0.0238701612615164,0.0238559122968505,0.0229973426442951,19,0
2,台北市,2024-12,2024,0.0236805935965678,71.21,-0.17,186912671,207255915709,13,44840,2024,12,-2.4492935982947064e-16,1.0,0.0238701612615164,0.0238559122968505,0.0229973426442951,20,0
2,台北市,2024-12,2024,0.0236805935965678,71.21,-0.17,186912671,207255915709,2,333039600,2024,12,-2.4492935982947064e-16,1.0,0.0238701612615164,0.0238559122968505,0.0229973426442951,20,1
2,台北市,2024-12,2024,0.0236805935965678,71.21,-0.17,186912671,207255915709,8401,10095859,2024,12,-2.4492935982947064e-16,1.0,0.0238701612615164,0.0238559122968505,0.0229973426442951,21,0
2,台北市,2024-12,2024,0.0236805935965678,71.21,-0.17,186912671,207255915709,6154,30371089,2024,12,-2.4492935982947064e-16,1.0,0.0238701612615164,0.0238559122968505,0.0229973426442951,21,1
2,台北市,2024-12,2024,0.0236805935965678,71.21,-0.17,186912671,207255915709,7558,2224436,2024,12,-2.4492935982947064e-16,1.0,0.0238701612615164,0.0238559122968505,0.0229973426442951,22,1
2,台北市,2024-12,2024,0.0236805935965678,71.21,-0.17,186912671,207255915709,4956,1254421,2024,12,-2.4492935982947064e-16,1.0,0.0238701612615164,0.0238559122968505,0.0229973426442951,22,0
2,台北市,2024-12,2024,0.0236805935965678,71.21,-0.17,186912671,207255915709,226,35801158,2024,12,-2.4492935982947064e-16,1.0,0.0238701612615164,0.0238559122968505,0.0229973426442951,23,0
2,台北市,2024-12,2024,0.0236805935965678,71.21,-0.17,186912671,207255915709,1634,109408619,2024,12,-2.4492935982947064e-16,1.0,0.0238701612615164,0.0238559122968505,0.0229973426442951,23,1
2,台北市,2024-12,2024,0.0236805935965678,71.21,-0.17,186912671,207255915709,128,193880345,2024,12,-2.4492935982947064e-16,1.0,0.0238701612615164,0.0238559122968505,0.0229973426442951,24,1
2,台北市,2024-12,2024,0.0236805935965678,71.21,-0.17,186912671,207255915709,5,2890,2024,12,-2.4492935982947064e-16,1.0,0.0238701612615164,0.0238559122968505,0.0229973426442951,24,0
2,台北市,2024-12,2024,0.0236805935965678,71.21,-0.17,186912671,207255915709,518,172163200,2024,12,-2.4492935982947064e-16,1.0,0.0238701612615164,0.0238559122968505,0.0229973426442951,25,1
2,台北市,2024-12,2024,0.0236805935965678,71.21,-0.17,186912671,207255915709,722,1051599,2024,12,-2.4492935982947064e-16,1.0,0.0238701612615164,0.0238559122968505,0.0229973426442951,25,0
2,台北市,2024-12,2024,0.0236805935965678,71.21,-0.17,186912671,207255915709,31954,11508689,2024,12,-2.4492935982947064e-16,1.0,0.0238701612615164,0.0238559122968505,0.0229973426442951,26,0
2,台北市,2024-12,2024,0.0236805935965678,71.21,-0.17,186912671,207255915709,4728,28140305,2024,12,-2.4492935982947064e-16,1.0,0.0238701612615164,0.0238559122968505,0.0229973426442951,26,1
2,台北市,2024-12,2024,0.0236805935965678,71.21,-0.17,186912671,207255915709,67,1169100,2024,12,-2.4492935982947064e-16,1.0,0.0238701612615164,0.0238559122968505,0.0229973426442951,27,0
2,台北市,2024-12,2024,0.0236805935965678,71.21,-0.17,186912671,207255915709,197,2390976,2024,12,-2.4492935982947064e-16,1.0,0.0238701612615164,0.0238559122968505,0.0229973426442951,27,1
2,台北市,2024-12,2024,0.0236805935965678,71.21,-0.17,186912671,207255915709,56930,176468675,2024,12,-2.4492935982947064e-16,1.0,0.0238701612615164,0.0238559122968505,0.0229973426442951,28,0
2,台北市,2024-12,2024,0.0236805935965678,71.21,-0.17,186912671,207255915709,22998,1318668857,2024,12,-2.4492935982947064e-16,1.0,0.0238701612615164,0.0238559122968505,0.0229973426442951,28,1
2,台北市,2024-12,2024,0.0236805935965678,71.21,-0.17,186912671,207255915709,10497,170231294,2024,12,-2.4492935982947064e-16,1.0,0.0238701612615164,0.0238559122968505,0.0229973426442951,30,1
2,台北市,2024-12,2024,0.0236805935965678,71.21,-0.17,186912671,207255915709,32192,90365936,2024,12,-2.4492935982947064e-16,1.0,0.0238701612615164,0.0238559122968505,0.0229973426442951,30,0
2,台北市,2024-12,2024,0.0236805935965678,71.21,-0.17,186912671,207255915709,8,13580,2024,12,-2.4492935982947064e-16,1.0,0.0238701612615164,0.0238559122968505,0.0229973426442951,31,0
2,台北市,2024-12,2024,0.0236805935965678,71.21,-0.17,186912671,207255915709,1673,3109650,2024,12,-2.4492935982947064e-16,1.0,0.0238701612615164,0.0238559122968505,0.0229973426442951,31,1
2,台北市,2024-12,2024,0.0236805935965678,71.21,-0.17,186912671,207255915709,427,668450,2024,12,-2.4492935982947064e-16,1.0,0.0238701612615164,0.0238559122968505,0.0229973426442951,33,0
2,台北市,2024-12,2024,0.0236805935965678,71.21,-0.17,186912671,207255915709,929,93066899,2024,12,-2.4492935982947064e-16,1.0,0.0238701612615164,0.0238559122968505,0.0229973426442951,33,1
2,台北市,2024-12,2024,0.0236805935965678,71.21,-0.17,186912671,207255915709,1,5000,2024,12,-2.4492935982947064e-16,1.0,0.0238701612615164,0.0238559122968505,0.0229973426442951,34,1
2,台北市,2024-12,2024,0.0236805935965678,71.21,-0.17,186912671,207255915709,40,151125,2024,12,-2.4492935982947064e-16,1.0,0.0238701612615164,0.0238559122968505,0.0229973426442951,34,0
2,台北市,2024-12,2024,0.0236805935965678,71.21,-0.17,186912671,207255915709,183387,121370455,2024,12,-2.4492935982947064e-16,1.0,0.0238701612615164,0.0238559122968505,0.0229973426442951,36,0
2,台北市,2024-12,2024,0.0236805935965678,71.21,-0.17,186912671,207255915709,61573,294819140,2024,12,-2.4492935982947064e-16,1.0,0.0238701612615164,0.0238559122968505,0.0229973426442951,36,1
2,台北市,2024-12,2024,0.0236805935965678,71.21,-0.17,186912671,207255915709,208664,338408050,2024,12,-2.4492935982947064e-16,1.0,0.0238701612615164,0.0238559122968505,0.0229973426442951,37,0
2,台北市,2024-12,2024,0.0236805935965678,71.21,-0.17,186912671,207255915709,10474,252294089,2024,12,-2.4492935982947064e-16,1.0,0.0238701612615164,0.0238559122968505,0.0229973426442951,37,1
2,台北市,2024-12,2024,0.0236805935965678,71.21,-0.17,186912671,207255915709,3273,67360207,2024,12,-2.4492935982947064e-16,1.0,0.0238701612615164,0.0238559122968505,0.0229973426442951,38,1
2,台北市,2024-12,2024,0.0236805935965678,71.21,-0.17,186912671,207255915709,2354,11769830,2024,12,-2.4492935982947064e-16,1.0,0.0238701612615164,0.0238559122968505,0.0229973426442951,38,0
2,台北市,2024-12,2024,0.0236805935965678,71.21,-0.17,186912671,207255915709,4596,484006309,2024,12,-2.4492935982947064e-16,1.0,0.0238701612615164,0.0238559122968505,0.0229973426442951,39,1
2,台北市,2024-12,2024,0.0236805935965678,71.21,-0.17,186912671,207255915709,8779,14874905,2024,12,-2.4492935982947064e-16,1.0,0.0238701612615164,0.0238559122968505,0.0229973426442951,39,0
2,台北市,2024-12,2024,0.0236805935965678,71.21,-0.17,186912671,207255915709,3541,8343619,2024,12,-2.4492935982947064e-16,1.0,0.0238701612615164,0.0238559122968505,0.0229973426442951,40,0
2,台北市,2024-12,2024,0.0236805935965678,71.21,-0.17,186912671,207255915709,6132,51142621,2024,12,-2.4492935982947064e-16,1.0,0.0238701612615164,0.0238559122968505,0.0229973426442951,40,1
2,台北市,2024-12,2024,0.0236805935965678,71.21,-0.17,186912671,207255915709,215903,480859054,2024,12,-2.4492935982947064e-16,1.0,0.0238701612615164,0.0238559122968505,0.0229973426442951,41,1
2,台北市,2024-12,2024,0.0236805935965678,71.21,-0.17,186912671,207255915709,5575668,9464807256,2024,12,-2.4492935982947064e-16,1.0,0.0238701612615164,0.0238559122968505,0.0229973426442951,41,0
2,台北市,2024-12,2024,0.0236805935965678,71.21,-0.17,186912671,207255915709,10404,26145648,2024,12,-2.4492935982947064e-16,1.0,0.0238701612615164,0.0238559122968505,0.0229973426442951,43,0
2,台北市,2024-12,2024,0.0236805935965678,71.21,-0.17,186912671,207255915709,1970,5000947,2024,12,-2.4492935982947064e-16,1.0,0.0238701612615164,0.0238559122968505,0.0229973426442951,43,1
2,台北市,2024-12,2024,0.0236805935965678,71.21,-0.17,186912671,207255915709,7065541,9815402623,2024,12,-2.4492935982947064e-16,1.0,0.0238701612615164,0.0238559122968505,0.0229973426442951,44,0
2,台北市,2024-12,2024,0.0236805935965678,71.21,-0.17,186912671,207255915709,3424537,27205981253,2024,12,-2.4492935982947064e-16,1.0,0.0238701612615164,0.0238559122968505,0.0229973426442951,44,1
2,台北市,2024-12,2024,0.0236805935965678,71.21,-0.17,186912671,207255915709,37908,242628823,2024,12,-2.4492935982947064e-16,1.0,0.0238701612615164,0.0238559122968505,0.0229973426442951,46,1
2,台北市,2024-12,2024,0.0236805935965678,71.21,-0.17,186912671,207255915709,54280,348988181,2024,12,-2.4492935982947064e-16,1.0,0.0238701612615164,0.0238559122968505,0.0229973426442951,46,0
2,台北市,2024-12,2024,0.0236805935965678,71.21,-0.17,186912671,207255915709,1676,196418034,2024,12,-2.4492935982947064e-16,1.0,0.0238701612615164,0.0238559122968505,0.0229973426442951,48,1
2,台北市,2024-12,2024,0.0236805935965678,71.21,-0.17,186912671,207255915709,1812,4915497,2024,12,-2.4492935982947064e-16,1.0,0.0238701612615164,0.0238559122968505,0.0229973426442951,48,0
2,台北市,2024-12,2024,0.0236805935965678,71.21,-0.17,186912671,207255915709,131376,499587726,2024,12,-2.4492935982947064e-16,1.0,0.0238701612615164,0.0238559122968505,0.0229973426442951,50,0
2,台北市,2024-12,2024,0.0236805935965678,71.21,-0.17,186912671,207255915709,69553,680991979,2024,12,-2.4492935982947064e-16,1.0,0.0238701612615164,0.0238559122968505,0.0229973426442951,50,1
2,台北市,2024-12,2024,0.0236805935965678,71.21,-0.17,186912671,207255915709,7,54699,2024,12,-2.4492935982947064e-16,1.0,0.0238701612615164,0.0238559122968505,0.0229973426442951,51,1
2,台北市,2024-12,2024,0.0236805935965678,71.21,-0.17,186912671,207255915709,24146,9117166,2024,12,-2.4492935982947064e-16,1.0,0.0238701612615164,0.0238559122968505,0.0229973426442951,52,0
2,台北市,2024-12,2024,0.0236805935965678,71.21,-0.17,186912671,207255915709,28397,372322157,2024,12,-2.4492935982947064e-16,1.0,0.0238701612615164,0.0238559122968505,0.0229973426442951,52,1
2,台北市,2024-12,2024,0.0236805935965678,71.21,-0.17,186912671,207255915709,2399,14793018,2024,12,-2.4492935982947064e-16,1.0,0.0238701612615164,0.0238559122968505,0.0229973426442951,53,1
2,台北市,2024-12,2024,0.0236805935965678,71.21,-0.17,186912671,207255915709,2053,1324303,2024,12,-2.4492935982947064e-16,1.0,0.0238701612615164,0.0238559122968505,0.0229973426442951,53,0
2,台北市,2024-12,2024,0.0236805935965678,71.21,-0.17,186912671,207255915709,1075,3309452678,2024,12,-2.4492935982947064e-16,1.0,0.0238701612615164,0.0238559122968505,0.0229973426442951,54,1
2,台北市,2024-12,2024,0.0236805935965678,71.21,-0.17,186912671,207255915709,416,1791516,2024,12,-2.4492935982947064e-16,1.0,0.0238701612615164,0.0238559122968505,0.0229973426442951,54,0
2,台北市,2024-12,2024,0.0236805935965678,71.21,-0.17,186912671,207255915709,55,28348518,2024,12,-2.4492935982947064e-16,1.0,0.0238701612615164,0.0238559122968505,0.0229973426442951,56,0
2,台北市,2024-12,2024,0.0236805935965678,71.21,-0.17,186912671,207255915709,151,46562776,2024,12,-2.4492935982947064e-16,1.0,0.0238701612615164,0.0238559122968505,0.0229973426442951,56,1
2,台北市,2024-12,2024,0.0236805935965678,71.21,-0.17,186912671,207255915709,89,54631740,2024,12,-2.4492935982947064e-16,1.0,0.0238701612615164,0.0238559122968505,0.0229973426442951,57,1
2,台北市,2024-12,2024,0.0236805935965678,71.21,-0.17,186912671,207255915709,2618,55441252,2024,12,-2.4492935982947064e-16,1.0,0.0238701612615164,0.0238559122968505,0.0229973426442951,58,1
2,台北市,2024-12,2024,0.0236805935965678,71.21,-0.17,186912671,207255915709,3024,614979,2024,12,-2.4492935982947064e-16,1.0,0.0238701612615164,0.0238559122968505,0.0229973426442951,58,0
2,台北市,2024-12,2024,0.0236805935965678,71.21,-0.17,186912671,207255915709,104,22789529,2024,12,-2.4492935982947064e-16,1.0,0.0238701612615164,0.0238559122968505,0.0229973426442951,59,1
2,台北市,2024-12,2024,0.0236805935965678,71.21,-0.17,186912671,207255915709,1830,2113213,2024,12,-2.4492935982947064e-16,1.0,0.0238701612615164,0.0238559122968505,0.0229973426442951,59,0
2,台北市,2024-12,2024,0.0236805935965678,71.21,-0.17,186912671,207255915709,799073,337104344,2024,12,-2.4492935982947064e-16,1.0,0.0238701612615164,0.0238559122968505,0.0229973426442951,60,0
2,台北市,2024-12,2024,0.0236805935965678,71.21,-0.17,186912671,207255915709,19,478522,2024,12,-2.4492935982947064e-16,1.0,0.0238701612615164,0.0238559122968505,0.0229973426442951,60,1
2,台北市,2024-12,2024,0.0236805935965678,71.21,-0.17,186912671,207255915709,938,3967604,2024,12,-2.4492935982947064e-16,1.0,0.0238701612615164,0.0238559122968505,0.0229973426442951,61,1
2,台北市,2024-12,2024,0.0236805935965678,71.21,-0.17,186912671,207255915709,299,1548829,2024,12,-2.4492935982947064e-16,1.0,0.0238701612615164,0.0238559122968505,0.0229973426442951,61,0
2,台北市,2024-12,2024,0.0236805935965678,71.21,-0.17,186912671,207255915709,9,15060,2024,12,-2.4492935982947064e-16,1.0,0.0238701612615164,0.0238559122968505,0.0229973426442951,62,1
2,台北市,2024-12,2024,0.0236805935965678,71.21,-0.17,186912671,207255915709,80958,38135039,2024,12,-2.4492935982947064e-16,1.0,0.0238701612615164,0.0238559122968505,0.0229973426442951,63,1
2,台北市,2024-12,2024,0.0236805935965678,71.21,-0.17,186912671,207255915709,71315,23849227,2024,12,-2.4492935982947064e-16,1.0,0.0238701612615164,0.0238559122968505,0.0229973426442951,63,0
2,台北市,2024-12,2024,0.0236805935965678,71.21,-0.17,186912671,207255915709,1952,4316697,2024,12,-2.4492935982947064e-16,1.0,0.0238701612615164,0.0238559122968505,0.0229973426442951,66,0
2,台北市,2024-12,2024,0.0236805935965678,71.21,-0.17,186912671,207255915709,507,57087812,2024,12,-2.4492935982947064e-16,1.0,0.0238701612615164,0.0238559122968505,0.0229973426442951,66,1
2,台北市,2024-12,2024,0.0236805935965678,71.21,-0.17,186912671,207255915709,991049,1094586997,2024,12,-2.4492935982947064e-16,1.0,0.0238701612615164,0.0238559122968505,0.0229973426442951,67,0
2,台北市,2024-12,2024,0.0236805935965678,71.21,-0.17,186912671,207255915709,244023,4182450328,2024,12,-2.4492935982947064e-16,1.0,0.0238701612615164,0.0238559122968505,0.0229973426442951,67,1
2,台北市,2024-12,2024,0.0236805935965678,71.21,-0.17,186912671,207255915709,435,2180986,2024,12,-2.4492935982947064e-16,1.0,0.0238701612615164,0.0238559122968505,0.0229973426442951,68,1
2,台北市,2024-12,2024,0.0236805935965678,71.21,-0.17,186912671,207255915709,2426,10486595,2024,12,-2.4492935982947064e-16,1.0,0.0238701612615164,0.0238559122968505,0.0229973426442951,68,0
2,台北市,2024-12,2024,0.0236805935965678,71.21,-0.17,186912671,207255915709,1669,182494878,2024,12,-2.4492935982947064e-16,1.0,0.0238701612615164,0.0238559122968505,0.0229973426442951,69,1
2,台北市,2024-12,2024,0.0236805935965678,71.21,-0.17,186912671,207255915709,3454,9323304,2024,12,-2.4492935982947064e-16,1.0,0.0238701612615164,0.0238559122968505,0.0229973426442951,69,0
2,台北市,2024-12,2024,0.0236805935965678,71.21,-0.17,186912671,207255915709,5185,8013363,2024,12,-2.4492935982947064e-16,1.0,0.0238701612615164,0.0238559122968505,0.0229973426442951,70,0
2,台北市,2024-12,2024,0.0236805935965678,71.21,-0.17,186912671,207255915709,9256,12285116,2024,12,-2.4492935982947064e-16,1.0,0.0238701612615164,0.0238559122968505,0.0229973426442951,70,1
2,台北市,2024-12,2024,0.0236805935965678,71.21,-0.17,186912671,207255915709,12,22224,2024,12,-2.4492935982947064e-16,1.0,0.0238701612615164,0.0238559122968505,0.0229973426442951,71,1
2,台北市,2024-12,2024,0.0236805935965678,71.21,-0.17,186912671,207255915709,12485,298575952,2024,12,-2.4492935982947064e-16,1.0,0.0238701612615164,0.0238559122968505,0.0229973426442951,72,1
2,台北市,2024-12,2024,0.0236805935965678,71.21,-0.17,186912671,207255915709,254,328005,2024,12,-2.4492935982947064e-16,1.0,0.0238701612615164,0.0238559122968505,0.0229973426442951,72,0
2,台北市,2024-12,2024,0.0236805935965678,71.21,-0.17,186912671,207255915709,31529,48702636,2024,12,-2.4492935982947064e-16,1.0,0.0238701612615164,0.0238559122968505,0.0229973426442951,73,0
2,台北市,2024-12,2024,0.0236805935965678,71.21,-0.17,186912671,207255915709,34244,88702095,2024,12,-2.4492935982947064e-16,1.0,0.0238701612615164,0.0238559122968505,0.0229973426442951,73,1
2,台北市,2024-12,2024,0.0236805935965678,71.21,-0.17,186912671,207255915709,1010937,629042630,2024,12,-2.4492935982947064e-16,1.0,0.0238701612615164,0.0238559122968505,0.0229973426442951,75,0
2,台北市,2024-12,2024,0.0236805935965678,71.21,-0.17,186912671,207255915709,206250,415988794,2024,12,-2.4492935982947064e-16,1.0,0.0238701612615164,0.0238559122968505,0.0229973426442951,75,1
2,台北市,2024-12,2024,0.0236805935965678,71.21,-0.17,186912671,207255915709,35158975,16521728051,2024,12,-2.4492935982947064e-16,1.0,0.0238701612615164,0.0238559122968505,0.0229973426442951,77,0
2,台北市,2024-12,2024,0.0236805935965678,71.21,-0.17,186912671,207255915709,363888,740881167,2024,12,-2.4492935982947064e-16,1.0,0.0238701612615164,0.0238559122968505,0.0229973426442951,77,1
2,台北市,2024-12,2024,0.0236805935965678,71.21,-0.17,186912671,207255915709,1898,143375196,2024,12,-2.4492935982947064e-16,1.0,0.0238701612615164,0.0238559122968505,0.0229973426442951,78,1
2,台北市,2024-12,2024,0.0236805935965678,71.21,-0.17,186912671,207255915709,11603,19203933,2024,12,-2.4492935982947064e-16,1.0,0.0238701612615164,0.0238559122968505,0.0229973426442951,78,0
2,台北市,2024-12,2024,0.0236805935965678,71.21,-0.17,186912671,207255915709,386978,511176227,2024,12,-2.4492935982947064e-16,1.0,0.0238701612615164,0.0238559122968505,0.0229973426442951,79,0
2,台北市,2024-12,2024,0.0236805935965678,71.21,-0.17,186912671,207255915709,230672,396523696,2024,12,-2.4492935982947064e-16,1.0,0.0238701612615164,0.0238559122968505,0.0229973426442951,79,1
2,台北市,2024-12,2024,0.0236805935965678,71.21,-0.17,186912671,207255915709,1820181,4884801307,2024,12,-2.4492935982947064e-16,1.0,0.0238701612615164,0.0238559122968505,0.0229973426442951,80,1
2,台北市,2024-12,2024,0.0236805935965678,71.21,-0.17,186912671,207255915709,2529059,485163548,2024,12,-2.4492935982947064e-16,1.0,0.0238701612615164,0.0238559122968505,0.0229973426442951,80,0
2,台北市,2024-12,2024,0.0236805935965678,71.21,-0.17,186912671,207255915709,5353,889423,2024,12,-2.4492935982947064e-16,1.0,0.0238701612615164,0.0238559122968505,0.0229973426442951,81,0
2,台北市,2024-12,2024,0.0236805935965678,71.21,-0.17,186912671,207255915709,7190,4829940,2024,12,-2.4492935982947064e-16,1.0,0.0238701612615164,0.0238559122968505,0.0229973426442951,81,1
2,台北市,2024-12,2024,0.0236805935965678,71.21,-0.17,186912671,207255915709,10556,82454448,2024,12,-2.4492935982947064e-16,1.0,0.0238701612615164,0.0238559122968505,0.0229973426442951,83,1
2,台北市,2024-12,2024,0.0236805935965678,71.21,-0.17,186912671,207255915709,14493,87332133,2024,12,-2.4492935982947064e-16,1.0,0.0238701612615164,0.0238559122968505,0.0229973426442951,83,0
2,台北市,2024-12,2024,0.0236805935965678,71.21,-0.17,186912671,207255915709,35,160799,2024,12,-2.4492935982947064e-16,1.0,0.0238701612615164,0.0238559122968505,0.0229973426442951,84,0
2,台北市,2024-12,2024,0.0236805935965678,71.21,-0.17,186912671,207255915709,626,235786248,2024,12,-2.4492935982947064e-16,1.0,0.0238701612615164,0.0238559122968505,0.0229973426442951,84,1
2,台北市,2024-12,2024,0.0236805935965678,71.21,-0.17,186912671,207255915709,84267,883285444,2024,12,-2.4492935982947064e-16,1.0,0.0238701612615164,0.0238559122968505,0.0229973426442951,86,0
2,台北市,2024-12,2024,0.0236805935965678,71.21,-0.17,186912671,207255915709,10327,2660648263,2024,12,-2.4492935982947064e-16,1.0,0.0238701612615164,0.0238559122968505,0.0229973426442951,86,1
2,台北市,2024-12,2024,0.0236805935965678,71.21,-0.17,186912671,207255915709,147053,146580526,2024,12,-2.4492935982947064e-16,1.0,0.0238701612615164,0.0238559122968505,0.0229973426442951,87,1
2,台北市,2024-12,2024,0.0236805935965678,71.21,-0.17,186912671,207255915709,272858,270026667,2024,12,-2.4492935982947064e-16,1.0,0.0238701612615164,0.0238559122968505,0.0229973426442951,87,0
2,台北市,2024-12,2024,0.0236805935965678,71.21,-0.17,186912671,207255915709,28839655,25407785015,2024,12,-2.4492935982947064e-16,1.0,0.0238701612615164,0.0238559122968505,0.0229973426442951,88,1
2,台北市,2024-12,2024,0.0236805935965678,71.21,-0.17,186912671,207255915709,51837976,29476132499,2024,12,-2.4492935982947064e-16,1.0,0.0238701612615164,0.0238559122968505,0.0229973426442951,88,0
2,台北市,2024-12,2024,0.0236805935965678,71.21,-0.17,186912671,207255915709,16306930,12050311732,2024,12,-2.4492935982947064e-16,1.0,0.0238701612615164,0.0238559122968505,0.0229973426442951,89,0
2,台北市,2024-12,2024,0.0236805935965678,71.21,-0.17,186912671,207255915709,108534,544367827,2024,12,-2.4492935982947064e-16,1.0,0.0238701612615164,0.0238559122968505,0.0229973426442951,89,1
2,台北市,2024-12,2024,0.0236805935965678,71.21,-0.17,186912671,207255915709,14216,25222969,2024,12,-2.4492935982947064e-16,1.0,0.0238701612615164,0.0238559122968505,0.0229973426442951,90,1
2,台北市,2024-12,2024,0.0236805935965678,71.21,-0.17,186912671,207255915709,808858,1601956479,2024,12,-2.4492935982947064e-16,1.0,0.0238701612615164,0.0238559122968505,0.0229973426442951,90,0
2,台北市,2024-12,2024,0.0236805935965678,71.21,-0.17,186912671,207255915709,4754,622181462,2024,12,-2.4492935982947064e-16,1.0,0.0238701612615164,0.0238559122968505,0.0229973426442951,91,1
2,台北市,2024-12,2024,0.0236805935965678,71.21,-0.17,186912671,207255915709,29658,13041247,2024,12,-2.4492935982947064e-16,1.0,0.0238701612615164,0.0238559122968505,0.0229973426442951,91,0
2,台北市,2024-12,2024,0.0236805935965678,71.21,-0.17,186912671,207255915709,1382,3218977,2024,12,-2.4492935982947064e-16,1.0,0.0238701612615164,0.0238559122968505,0.0229973426442951,93,0
2,台北市,2024-12,2024,0.0236805935965678,71.21,-0.17,186912671,207255915709,1446,558637869,2024,12,-2.4492935982947064e-16,1.0,0.0238701612615164,0.0238559122968505,0.0229973426442951,93,1
2,台北市,2024-12,2024,0.0236805935965678,71.21,-0.17,186912671,207255915709,4501,1012551479,2024,12,-2.4492935982947064e-16,1.0,0.0238701612615164,0.0238559122968505,0.0229973426442951,94,1
2,台北市,2024-12,2024,0.0236805935965678,71.21,-0.17,186912671,207255915709,22433,57487221,2024,12,-2.4492935982947064e-16,1.0,0.0238701612615164,0.0238559122968505,0.0229973426442951,94,0
2,台北市,2024-12,2024,0.0236805935965678,71.21,-0.17,186912671,207255915709,1487367,529234990,2024,12,-2.4492935982947064e-16,1.0,0.0238701612615164,0.0238559122968505,0.0229973426442951,95,0
2,台北市,2024-12,2024,0.0236805935965678,71.21,-0.17,186912671,207255915709,97419,438658035,2024,12,-2.4492935982947064e-16,1.0,0.0238701612615164,0.0238559122968505,0.0229973426442951,95,1
2,台北市,2024-12,2024,0.0236805935965678,71.21,-0.17,186912671,207255915709,410,1701147,2024,12,-2.4492935982947064e-16,1.0,0.0238701612615164,0.0238559122968505,0.0229973426442951,97,0
2,台北市,2024-12,2024,0.0236805935965678,71.21,-0.17,186912671,207255915709,6127,620414420,2024,12,-2.4492935982947064e-16,1.0,0.0238701612615164,0.0238559122968505,0.0229973426442951,97,1
2,台北市,2024-12,2024,0.0236805935965678,71.21,-0.17,186912671,207255915709,512124,214519384,2024,12,-2.4492935982947064e-16,1.0,0.0238701612615164,0.0238559122968505,0.0229973426442951,98,0
2,台北市,2024-12,2024,0.0236805935965678,71.21,-0.17,186912671,207255915709,526537,460369666,2024,12,-2.4492935982947064e-16,1.0,0.0238701612615164,0.0238559122968505,0.0229973426442951,98,1
2,台北市,2024-12,2024,0.0236805935965678,71.21,-0.17,186912671,207255915709,7585,6656485,2024,12,-2.4492935982947064e-16,1.0,0.0238701612615164,0.0238559122968505,0.0229973426442951,100,1
2,台北市,2024-12,2024,0.0236805935965678,71.21,-0.17,186912671,207255915709,9403,2062901,2024,12,-2.4492935982947064e-16,1.0,0.0238701612615164,0.0238559122968505,0.0229973426442951,100,0
2,台北市,2024-12,2024,0.0236805935965678,71.21,-0.17,186912671,207255915709,10255478,5398255828,2024,12,-2.4492935982947064e-16,1.0,0.0238701612615164,0.0238559122968505,0.0229973426442951,101,1
2,台北市,2024-12,2024,0.0236805935965678,71.21,-0.17,186912671,207255915709,11203122,4219604689,2024,12,-2.4492935982947064e-16,1.0,0.0238701612615164,0.0238559122968505,0.0229973426442951,101,0
