month,industry_invoice_count,industry_invoice_amount,housing_burden,price_income_ratio,total_county_invoice_count,total_county_invoice_amount,donation_count,donation_ratio,industry_label,carrier_type_label,county_label,date,year
2019-01,-0.2586104901784061,-0.338835724674586,-3.2375390961935357,-2.5916163377362835,-1.1648589298172798,-0.9901372616577787,-0.43567719021700047,0.0015737959055469,0,0,4,2019-01-01,2019
2019-01,-0.16347334472888894,-0.2155988833027098,-3.2375390961935357,-2.5916163377362835,-1.1648589298172798,-0.9901372616577787,-0.43567719021700047,0.0015737959055469,0,1,4,2019-01-01,2019
2019-01,-0.25938486970356966,-0.340226027877229,-3.2375390961935357,-2.5916163377362835,-1.1648589298172798,-0.9901372616577787,-0.43567719021700047,0.0015737959055469,3,0,4,2019-01-01,2019
2019-01,-0.25720832149086714,-0.3373149416846925,-3.2375390961935357,-2.5916163377362835,-1.1648589298172798,-0.9901372616577787,-0.43567719021700047,0.0015737959055469,3,1,4,2019-01-01,2019
2019-01,-0.1520201759493095,0.435993398165819,-3.2375390961935357,-2.5916163377362835,-1.1648589298172798,-0.9901372616577787,-0.43567719021700047,0.0015737959055469,4,1,4,2019-01-01,2019
2019-01,-0.2589196046390681,-0.33883664801673374,-3.2375390961935357,-2.5916163377362835,-1.1648589298172798,-0.9901372616577787,-0.43567719021700047,0.0015737959055469,4,0,4,2019-01-01,2019
2019-01,-0.25934662873936404,-0.3383277614574211,-3.2375390961935357,-2.5916163377362835,-1.1648589298172798,-0.9901372616577787,-0.43567719021700047,0.0015737959055469,6,1,4,2019-01-01,2019
2019-01,-0.08533112112174716,-0.1283382220326643,-3.2375390961935357,-2.5916163377362835,-1.1648589298172798,-0.9901372616577787,-0.43567719021700047,0.0015737959055469,8,1,4,2019-01-01,2019
2019-01,-0.2565996528105946,-0.33556867084780656,-3.2375390961935357,-2.5916163377362835,-1.1648589298172798,-0.9901372616577787,-0.43567719021700047,0.0015737959055469,8,0,4,2019-01-01,2019
2019-01,-0.24992660455671606,-0.33650997969482327,-3.2375390961935357,-2.5916163377362835,-1.1648589298172798,-0.9901372616577787,-0.43567719021700047,0.0015737959055469,22,1,4,2019-01-01,2019
2019-01,-0.25920641187061016,-0.3394414948323782,-3.2375390961935357,-2.5916163377362835,-1.1648589298172798,-0.9901372616577787,-0.43567719021700047,0.0015737959055469,36,1,4,2019-01-01,2019
2019-01,-0.2381611345694575,-0.3339244293182443,-3.2375390961935357,-2.5916163377362835,-1.1648589298172798,-0.9901372616577787,-0.43567719021700047,0.0015737959055469,42,1,4,2019-01-01,2019
2019-01,-0.2593338817512955,-0.3402744263948056,-3.2375390961935357,-2.5916163377362835,-1.1648589298172798,-0.9901372616577787,-0.43567719021700047,0.0015737959055469,42,0,4,2019-01-01,2019
2019-01,-0.2587315865650572,-0.33491406935580603,-3.2375390961935357,-2.5916163377362835,-1.1648589298172798,-0.9901372616577787,-0.43567719021700047,0.0015737959055469,43,1,4,2019-01-01,2019
2019-01,0.8712665984815242,4.97148312383884,-3.2375390961935357,-2.5916163377362835,-1.1648589298172798,-0.9901372616577787,-0.43567719021700047,0.0015737959055469,44,1,4,2019-01-01,2019
2019-01,-0.21652312232311793,-0.25877849793372665,-3.2375390961935357,-2.5916163377362835,-1.1648589298172798,-0.9901372616577787,-0.43567719021700047,0.0015737959055469,44,0,4,2019-01-01,2019
2019-01,-0.25942948416180955,-0.3401281343732753,-3.2375390961935357,-2.5916163377362835,-1.1648589298172798,-0.9901372616577787,-0.43567719021700047,0.0015737959055469,45,0,4,2019-01-01,2019
2019-01,-0.25916498415938743,-0.3345319115062687,-3.2375390961935357,-2.5916163377362835,-1.1648589298172798,-0.9901372616577787,-0.43567719021700047,0.0015737959055469,45,1,4,2019-01-01,2019
2019-01,-0.2586487311426117,-0.3351378163181241,-3.2375390961935357,-2.5916163377362835,-1.1648589298172798,-0.9901372616577787,-0.43567719021700047,0.0015737959055469,50,1,4,2019-01-01,2019
2019-01,-0.2587411468061086,-0.32785005949092644,-3.2375390961935357,-2.5916163377362835,-1.1648589298172798,-0.9901372616577787,-0.43567719021700047,0.0015737959055469,50,0,4,2019-01-01,2019
2019-01,-0.1560450374319497,-0.20225147241367358,-3.2375390961935357,-2.5916163377362835,-1.1648589298172798,-0.9901372616577787,-0.43567719021700047,0.0015737959055469,60,0,4,2019-01-01,2019
2019-01,-0.24904706237998708,-0.30541296071896396,-3.2375390961935357,-2.5916163377362835,-1.1648589298172798,-0.9901372616577787,-0.43567719021700047,0.0015737959055469,66,1,4,2019-01-01,2019
2019-01,-0.2593370684983127,-0.34006378896735573,-3.2375390961935357,-2.5916163377362835,-1.1648589298172798,-0.9901372616577787,-0.43567719021700047,0.0015737959055469,66,0,4,2019-01-01,2019
2019-01,-0.24921914671891232,-0.301937500874925,-3.2375390961935357,-2.5916163377362835,-1.1648589298172798,-0.9901372616577787,-0.43567719021700047,0.0015737959055469,67,1,4,2019-01-01,2019
2019-01,-0.25874752030014286,-0.33936151031883144,-3.2375390961935357,-2.5916163377362835,-1.1648589298172798,-0.9901372616577787,-0.43567719021700047,0.0015737959055469,67,0,4,2019-01-01,2019
2019-01,-0.25860092993735473,-0.33948069840106704,-3.2375390961935357,-2.5916163377362835,-1.1648589298172798,-0.9901372616577787,-0.43567719021700047,0.0015737959055469,70,1,4,2019-01-01,2019
2019-01,-0.2586837853598002,-0.28894234501524607,-3.2375390961935357,-2.5916163377362835,-1.1648589298172798,-0.9901372616577787,-0.43567719021700047,0.0015737959055469,78,1,4,2019-01-01,2019
2019-01,-0.2585722492142005,-0.3379818928779189,-3.2375390961935357,-2.5916163377362835,-1.1648589298172798,-0.9901372616577787,-0.43567719021700047,0.0015737959055469,79,0,4,2019-01-01,2019
2019-01,-0.2487666286424793,-0.2925699062418281,-3.2375390961935357,-2.5916163377362835,-1.1648589298172798,-0.9901372616577787,-0.43567719021700047,0.0015737959055469,79,1,4,2019-01-01,2019
2019-01,-0.2049138029396989,-0.33348580332548516,-3.2375390961935357,-2.5916163377362835,-1.1648589298172798,-0.9901372616577787,-0.43567719021700047,0.0015737959055469,80,1,4,2019-01-01,2019
2019-01,-0.24068185146001045,-0.31068526361877163,-3.2375390961935357,-2.5916163377362835,-1.1648589298172798,-0.9901372616577787,-0.43567719021700047,0.0015737959055469,81,1,4,2019-01-01,2019
2019-01,-0.18514322444539985,-0.3061006871105142,-3.2375390961935357,-2.5916163377362835,-1.1648589298172798,-0.9901372616577787,-0.43567719021700047,0.0015737959055469,81,0,4,2019-01-01,2019
2019-01,-0.23653908033773632,-0.3101879188363056,-3.2375390961935357,-2.5916163377362835,-1.1648589298172798,-0.9901372616577787,-0.43567719021700047,0.0015737959055469,87,1,4,2019-01-01,2019
2019-01,-0.170920772507931,-0.29964135093462635,-3.2375390961935357,-2.5916163377362835,-1.1648589298172798,-0.9901372616577787,-0.43567719021700047,0.0015737959055469,87,0,4,2019-01-01,2019
2019-01,0.8211295076609556,0.30033045862353663,-3.2375390961935357,-2.5916163377362835,-1.1648589298172798,-0.9901372616577787,-0.43567719021700047,0.0015737959055469,88,0,4,2019-01-01,2019
2019-01,7.12842205939493,5.061315927788027,-3.2375390961935357,-2.5916163377362835,-1.1648589298172798,-0.9901372616577787,-0.43567719021700047,0.0015737959055469,88,1,4,2019-01-01,2019
2019-01,0.2604468639723729,0.6653474614756235,-3.2375390961935357,-2.5916163377362835,-1.1648589298172798,-0.9901372616577787,-0.43567719021700047,0.0015737959055469,89,0,4,2019-01-01,2019
2019-01,-0.25141162866670047,-0.23300635465121108,-3.2375390961935357,-2.5916163377362835,-1.1648589298172798,-0.9901372616577787,-0.43567719021700047,0.0015737959055469,89,1,4,2019-01-01,2019
2019-01,-0.25920641187061016,-0.33893054037138054,-3.2375390961935357,-2.5916163377362835,-1.1648589298172798,-0.9901372616577787,-0.43567719021700047,0.0015737959055469,90,1,4,2019-01-01,2019
2019-01,-0.046682253297946535,0.5248343787579915,-3.2375390961935357,-2.5916163377362835,-1.1648589298172798,-0.9901372616577787,-0.43567719021700047,0.0015737959055469,90,0,4,2019-01-01,2019
2019-01,-0.25734853835962107,-0.3173375302127972,-3.2375390961935357,-2.5916163377362835,-1.1648589298172798,-0.9901372616577787,-0.43567719021700047,0.0015737959055469,92,0,4,2019-01-01,2019
2019-01,-0.2583555504170354,-0.3276073936327273,-3.2375390961935357,-2.5916163377362835,-1.1648589298172798,-0.9901372616577787,-0.43567719021700047,0.0015737959055469,94,1,4,2019-01-01,2019
2019-01,-0.16861038092050887,-0.006266340288649193,-3.2375390961935357,-2.5916163377362835,-1.1648589298172798,-0.9901372616577787,-0.43567719021700047,0.0015737959055469,99,1,4,2019-01-01,2019
2019-01,-0.258441592586498,-0.3393070523684104,-3.2375390961935357,-2.5916163377362835,-1.1648589298172798,-0.9901372616577787,-0.43567719021700047,0.0015737959055469,99,0,4,2019-01-01,2019
2019-01,-0.23869013457430174,-0.3274996800003067,-3.2375390961935357,-2.5916163377362835,-1.1648589298172798,-0.9901372616577787,-0.43567719021700047,0.0015737959055469,101,0,4,2019-01-01,2019
2019-01,1.007547834669258,0.47181085959971464,-3.2375390961935357,-2.5916163377362835,-1.1648589298172798,-0.9901372616577787,-0.43567719021700047,0.0015737959055469,101,1,4,2019-01-01,2019
2019-02,-0.10382381406217553,-0.16330871902711652,-3.2375390961935357,-2.5916163377362835,-1.0734084236503603,-0.9636089200056822,-0.8618362361153413,0.0012840503495804,0,1,4,2019-02-01,2019
2019-02,-0.25878257451733133,-0.3391122367933877,-3.2375390961935357,-2.5916163377362835,-1.0734084236503603,-0.9636089200056822,-0.8618362361153413,0.0012840503495804,0,0,4,2019-02-01,2019
2019-02,-0.2572879901662955,-0.3370167983524509,-3.2375390961935357,-2.5916163377362835,-1.0734084236503603,-0.9636089200056822,-0.8618362361153413,0.0012840503495804,3,1,4,2019-02-01,2019
2019-02,-0.25938486970356966,-0.3402166405653938,-3.2375390961935357,-2.5916163377362835,-1.0734084236503603,-0.9636089200056822,-0.8618362361153413,0.0012840503495804,3,0,4,2019-02-01,2019
2019-02,-0.17846061595046994,0.4240808225017588,-3.2375390961935357,-2.5916163377362835,-1.0734084236503603,-0.9636089200056822,-0.8618362361153413,0.0012840503495804,4,1,4,2019-02-01,2019
2019-02,-0.2589068576509996,-0.3378941946101797,-3.2375390961935357,-2.5916163377362835,-1.0734084236503603,-0.9636089200056822,-0.8618362361153413,0.0012840503495804,4,0,4,2019-02-01,2019
2019-02,-0.259321134763227,-0.3370319276982673,-3.2375390961935357,-2.5916163377362835,-1.0734084236503603,-0.9636089200056822,-0.8618362361153413,0.0012840503495804,6,1,4,2019-02-01,2019
2019-02,-0.2564689961828921,-0.335110933596219,-3.2375390961935357,-2.5916163377362835,-1.0734084236503603,-0.9636089200056822,-0.8618362361153413,0.0012840503495804,8,0,4,2019-02-01,2019
2019-02,-0.08201371747691072,-0.11308642758209149,-3.2375390961935357,-2.5916163377362835,-1.0734084236503603,-0.9636089200056822,-0.8618362361153413,0.0012840503495804,8,1,4,2019-02-01,2019
2019-02,-0.2435180563052597,-0.3335315279980923,-3.2375390961935357,-2.5916163377362835,-1.0734084236503603,-0.9636089200056822,-0.8618362361153413,0.0012840503495804,22,1,4,2019-02-01,2019
2019-02,-0.2594390444028609,-0.3403016457518688,-3.2375390961935357,-2.5916163377362835,-1.0734084236503603,-0.9636089200056822,-0.8618362361153413,0.0012840503495804,22,0,4,2019-02-01,2019
2019-02,-0.25937212271550114,-0.3399629138377167,-3.2375390961935357,-2.5916163377362835,-1.0734084236503603,-0.9636089200056822,-0.8618362361153413,0.0012840503495804,36,1,4,2019-02-01,2019
2019-02,-0.2592478395818329,-0.34023297217963167,-3.2375390961935357,-2.5916163377362835,-1.0734084236503603,-0.9636089200056822,-0.8618362361153413,0.0012840503495804,42,0,4,2019-02-01,2019
2019-02,-0.22940076701935624,-0.33046237717164206,-3.2375390961935357,-2.5916163377362835,-1.0734084236503603,-0.9636089200056822,-0.8618362361153413,0.0012840503495804,42,1,4,2019-02-01,2019
2019-02,-0.25860092993735473,-0.33462082166057683,-3.2375390961935357,-2.5916163377362835,-1.0734084236503603,-0.9636089200056822,-0.8618362361153413,0.0012840503495804,43,1,4,2019-02-01,2019
2019-02,0.8833730503996161,5.216974245501495,-3.2375390961935357,-2.5916163377362835,-1.0734084236503603,-0.9636089200056822,-0.8618362361153413,0.0012840503495804,44,1,4,2019-02-01,2019
2019-02,-0.2168864114830712,-0.2579086230672428,-3.2375390961935357,-2.5916163377362835,-1.0734084236503603,-0.9636089200056822,-0.8618362361153413,0.0012840503495804,44,0,4,2019-02-01,2019
2019-02,-0.2594358576558438,-0.3401956537678278,-3.2375390961935357,-2.5916163377362835,-1.0734084236503603,-0.9636089200056822,-0.8618362361153413,0.0012840503495804,45,0,4,2019-02-01,2019
2019-02,-0.25904388777273635,-0.330657327400728,-3.2375390961935357,-2.5916163377362835,-1.0734084236503603,-0.9636089200056822,-0.8618362361153413,0.0012840503495804,45,1,4,2019-02-01,2019
2019-02,-0.2586869721068173,-0.3349907067540672,-3.2375390961935357,-2.5916163377362835,-1.0734084236503603,-0.9636089200056822,-0.8618362361153413,0.0012840503495804,50,1,4,2019-02-01,2019
2019-02,-0.25907256849589055,-0.3350593514718622,-3.2375390961935357,-2.5916163377362835,-1.0734084236503603,-0.9636089200056822,-0.8618362361153413,0.0012840503495804,50,0,4,2019-02-01,2019
2019-02,-0.15769577238682508,-0.21634669426089376,-3.2375390961935357,-2.5916163377362835,-1.0734084236503603,-0.9636089200056822,-0.8618362361153413,0.0012840503495804,60,0,4,2019-02-01,2019
2019-02,-0.25901839379659924,-0.33830295625534834,-3.2375390961935357,-2.5916163377362835,-1.0734084236503603,-0.9636089200056822,-0.8618362361153413,0.0012840503495804,66,0,4,2019-02-01,2019
2019-02,-0.24729435152056342,-0.29980947615069137,-3.2375390961935357,-2.5916163377362835,-1.0734084236503603,-0.9636089200056822,-0.8618362361153413,0.0012840503495804,66,1,4,2019-02-01,2019
2019-02,-0.2559495564190992,-0.33889315463254505,-3.2375390961935357,-2.5916163377362835,-1.0734084236503603,-0.9636089200056822,-0.8618362361153413,0.0012840503495804,67,0,4,2019-02-01,2019
2019-02,-0.22238992358166154,-0.28657200068611877,-3.2375390961935357,-2.5916163377362835,-1.0734084236503603,-0.9636089200056822,-0.8618362361153413,0.0012840503495804,67,1,4,2019-02-01,2019
2019-02,-0.2582822552356413,-0.33940301262474226,-3.2375390961935357,-2.5916163377362835,-1.0734084236503603,-0.9636089200056822,-0.8618362361153413,0.0012840503495804,70,1,4,2019-02-01,2019
2019-02,-0.257989074510065,-0.17901326852893812,-3.2375390961935357,-2.5916163377362835,-1.0734084236503603,-0.9636089200056822,-0.8618362361153413,0.0012840503495804,78,1,4,2019-02-01,2019
2019-02,-0.2579125925816538,-0.3304083424197054,-3.2375390961935357,-2.5916163377362835,-1.0734084236503603,-0.9636089200056822,-0.8618362361153413,0.0012840503495804,79,0,4,2019-02-01,2019
2019-02,-0.24555120090219115,-0.27282385930496966,-3.2375390961935357,-2.5916163377362835,-1.0734084236503603,-0.9636089200056822,-0.8618362361153413,0.0012840503495804,79,1,4,2019-02-01,2019
2019-02,-0.19946446554039984,-0.33316846217108875,-3.2375390961935357,-2.5916163377362835,-1.0734084236503603,-0.9636089200056822,-0.8618362361153413,0.0012840503495804,80,1,4,2019-02-01,2019
2019-02,-0.23263212849473008,-0.3277973808977692,-3.2375390961935357,-2.5916163377362835,-1.0734084236503603,-0.9636089200056822,-0.8618362361153413,0.0012840503495804,81,0,4,2019-02-01,2019
2019-02,-0.2483905924944575,-0.32555585241639695,-3.2375390961935357,-2.5916163377362835,-1.0734084236503603,-0.9636089200056822,-0.8618362361153413,0.0012840503495804,81,1,4,2019-02-01,2019
2019-02,-0.24535680933414597,-0.32396315453860197,-3.2375390961935357,-2.5916163377362835,-1.0734084236503603,-0.9636089200056822,-0.8618362361153413,0.0012840503495804,87,1,4,2019-02-01,2019
2019-02,-0.2303727248595821,-0.3273384798503496,-3.2375390961935357,-2.5916163377362835,-1.0734084236503603,-0.9636089200056822,-0.8618362361153413,0.0012840503495804,87,0,4,2019-02-01,2019
2019-02,0.8745808153793435,0.32806858008336,-3.2375390961935357,-2.5916163377362835,-1.0734084236503603,-0.9636089200056822,-0.8618362361153413,0.0012840503495804,88,0,4,2019-02-01,2019
2019-02,7.870640933661566,5.413888808061532,-3.2375390961935357,-2.5916163377362835,-1.0734084236503603,-0.9636089200056822,-0.8618362361153413,0.0012840503495804,88,1,4,2019-02-01,2019
2019-02,-0.2531547792850728,-0.2622370106020959,-3.2375390961935357,-2.5916163377362835,-1.0734084236503603,-0.9636089200056822,-0.8618362361153413,0.0012840503495804,89,1,4,2019-02-01,2019
2019-02,0.02478054856128246,0.23508492876394302,-3.2375390961935357,-2.5916163377362835,-1.0734084236503603,-0.9636089200056822,-0.8618362361153413,0.0012840503495804,89,0,4,2019-02-01,2019
2019-02,-0.08126801867490137,0.33827286697450676,-3.2375390961935357,-2.5916163377362835,-1.0734084236503603,-0.9636089200056822,-0.8618362361153413,0.0012840503495804,90,0,4,2019-02-01,2019
2019-02,-0.2592924540400728,-0.3401616632350146,-3.2375390961935357,-2.5916163377362835,-1.0734084236503603,-0.9636089200056822,-0.8618362361153413,0.0012840503495804,90,1,4,2019-02-01,2019
2019-02,-0.25815478535495595,-0.32619024618076864,-3.2375390961935357,-2.5916163377362835,-1.0734084236503603,-0.9636089200056822,-0.8618362361153413,0.0012840503495804,92,0,4,2019-02-01,2019
2019-02,-0.2584575263215837,-0.3299639359203756,-3.2375390961935357,-2.5916163377362835,-1.0734084236503603,-0.9636089200056822,-0.8618362361153413,0.0012840503495804,94,1,4,2019-02-01,2019
2019-02,-0.25804962270339055,-0.3386476898934606,-3.2375390961935357,-2.5916163377362835,-1.0734084236503603,-0.9636089200056822,-0.8618362361153413,0.0012840503495804,99,0,4,2019-02-01,2019
2019-02,-0.07858796443349171,0.027370312028234513,-3.2375390961935357,-2.5916163377362835,-1.0734084236503603,-0.9636089200056822,-0.8618362361153413,0.0012840503495804,99,1,4,2019-02-01,2019
2019-02,-0.23668885744754162,-0.32487327173369085,-3.2375390961935357,-2.5916163377362835,-1.0734084236503603,-0.9636089200056822,-0.8618362361153413,0.0012840503495804,101,0,4,2019-02-01,2019
2019-02,1.0895364619260803,0.6641950535300831,-3.2375390961935357,-2.5916163377362835,-1.0734084236503603,-0.9636089200056822,-0.8618362361153413,0.0012840503495804,101,1,4,2019-02-01,2019
2019-03,-0.1618927182083905,-0.24314071761096245,-3.2375390961935357,-2.5916163377362835,-1.1344094269521412,-0.9317199639050134,-0.5168969394926889,0.0015047783618495,0,1,4,2019-03-01,2019
2019-03,-0.25864554439559456,-0.3391359743811021,-3.2375390961935357,-2.5916163377362835,-1.1344094269521412,-0.9317199639050134,-0.5168969394926889,0.0015047783618495,0,0,4,2019-03-01,2019
2019-03,-0.2573740323357581,-0.3374776230293449,-3.2375390961935357,-2.5916163377362835,-1.1344094269521412,-0.9317199639050134,-0.5168969394926889,0.0015047783618495,3,1,4,2019-03-01,2019
2019-03,-0.2593784962095354,-0.34022879790367216,-3.2375390961935357,-2.5916163377362835,-1.1344094269521412,-0.9317199639050134,-0.5168969394926889,0.0015047783618495,3,0,4,2019-03-01,2019
2019-03,-0.19845745348298552,0.10061290822927915,-3.2375390961935357,-2.5916163377362835,-1.1344094269521412,-0.9317199639050134,-0.5168969394926889,0.0015047783618495,4,1,4,2019-03-01,2019
2019-03,-0.2588749901808282,-0.3385493347184331,-3.2375390961935357,-2.5916163377362835,-1.1344094269521412,-0.9317199639050134,-0.5168969394926889,0.0015047783618495,4,0,4,2019-03-01,2019
2019-03,-0.259321134763227,-0.3382192783732107,-3.2375390961935357,-2.5916163377362835,-1.1344094269521412,-0.9317199639050134,-0.5168969394926889,0.0015047783618495,6,1,4,2019-03-01,2019
2019-03,-0.08702965728187957,-0.13624958106288215,-3.2375390961935357,-2.5916163377362835,-1.1344094269521412,-0.9317199639050134,-0.5168969394926889,0.0015047783618495,8,1,4,2019-03-01,2019
2019-03,-0.25643075521868647,-0.3352453952964815,-3.2375390961935357,-2.5916163377362835,-1.1344094269521412,-0.9317199639050134,-0.5168969394926889,0.0015047783618495,8,0,4,2019-03-01,2019
2019-03,-0.24897376719859302,-0.3359078836693272,-3.2375390961935357,-2.5916163377362835,-1.1344094269521412,-0.9317199639050134,-0.5168969394926889,0.0015047783618495,22,1,4,2019-03-01,2019
2019-03,-0.25929882753410705,-0.34002667253664665,-3.2375390961935357,-2.5916163377362835,-1.1344094269521412,-0.9317199639050134,-0.5168969394926889,0.0015047783618495,36,1,4,2019-03-01,2019
2019-03,-0.23888133939532977,-0.3342416358185775,-3.2375390961935357,-2.5916163377362835,-1.1344094269521412,-0.9317199639050134,-0.5168969394926889,0.0015047783618495,42,1,4,2019-03-01,2019
2019-03,-0.2593052010281413,-0.34025490155564014,-3.2375390961935357,-2.5916163377362835,-1.1344094269521412,-0.9317199639050134,-0.5168969394926889,0.0015047783618495,42,0,4,2019-03-01,2019
2019-03,-0.25902795403765067,-0.33800290852992704,-3.2375390961935357,-2.5916163377362835,-1.1344094269521412,-0.9317199639050134,-0.5168969394926889,0.0015047783618495,43,1,4,2019-03-01,2019
2019-03,-0.21194376685949642,-0.2495152890540596,-3.2375390961935357,-2.5916163377362835,-1.1344094269521412,-0.9317199639050134,-0.5168969394926889,0.0015047783618495,44,0,4,2019-03-01,2019
2019-03,0.8777325081792889,6.459822429088438,-3.2375390961935357,-2.5916163377362835,-1.1344094269521412,-0.9317199639050134,-0.5168969394926889,0.0015047783618495,44,1,4,2019-03-01,2019
2019-03,-0.2590343275316849,-0.32961163280028144,-3.2375390961935357,-2.5916163377362835,-1.1344094269521412,-0.9317199639050134,-0.5168969394926889,0.0015047783618495,45,1,4,2019-03-01,2019
2019-03,-0.2594358576558438,-0.3401956537678278,-3.2375390961935357,-2.5916163377362835,-1.1344094269521412,-0.9317199639050134,-0.5168969394926889,0.0015047783618495,45,0,4,2019-03-01,2019
2019-03,-0.25869015885383445,-0.3277127892916312,-3.2375390961935357,-2.5916163377362835,-1.1344094269521412,-0.9317199639050134,-0.5168969394926889,0.0015047783618495,50,0,4,2019-03-01,2019
2019-03,-0.2582376407774014,-0.33320803122937775,-3.2375390961935357,-2.5916163377362835,-1.1344094269521412,-0.9317199639050134,-0.5168969394926889,0.0015047783618495,50,1,4,2019-03-01,2019
2019-03,-0.15578691092356184,-0.20999628360399544,-3.2375390961935357,-2.5916163377362835,-1.1344094269521412,-0.9317199639050134,-0.5168969394926889,0.0015047783618495,60,0,4,2019-03-01,2019
2019-03,-0.24805917080467557,-0.3045943986687105,-3.2375390961935357,-2.5916163377362835,-1.1344094269521412,-0.9317199639050134,-0.5168969394926889,0.0015047783618495,66,1,4,2019-03-01,2019
2019-03,-0.259321134763227,-0.3398817270557485,-3.2375390961935357,-2.5916163377362835,-1.1344094269521412,-0.9317199639050134,-0.5168969394926889,0.0015047783618495,66,0,4,2019-03-01,2019
2019-03,-0.2237761585341148,-0.29711853973335584,-3.2375390961935357,-2.5916163377362835,-1.1344094269521412,-0.9317199639050134,-0.5168969394926889,0.0015047783618495,67,1,4,2019-03-01,2019
2019-03,-0.2558698877436709,-0.33867297600290197,-3.2375390961935357,-2.5916163377362835,-1.1344094269521412,-0.9317199639050134,-0.5168969394926889,0.0015047783618495,67,0,4,2019-03-01,2019
2019-03,-0.25846708656263506,-0.3397382627695456,-3.2375390961935357,-2.5916163377362835,-1.1344094269521412,-0.9317199639050134,-0.5168969394926889,0.0015047783618495,70,1,4,2019-03-01,2019
2019-03,-0.25898652632642793,-0.3343229187820195,-3.2375390961935357,-2.5916163377362835,-1.1344094269521412,-0.9317199639050134,-0.5168969394926889,0.0015047783618495,78,1,4,2019-03-01,2019
2019-03,-0.257584357638889,-0.32760137267247236,-3.2375390961935357,-2.5916163377362835,-1.1344094269521412,-0.9317199639050134,-0.5168969394926889,0.0015047783618495,79,0,4,2019-03-01,2019
2019-03,-0.24913629129646686,-0.2995168536350414,-3.2375390961935357,-2.5916163377362835,-1.1344094269521412,-0.9317199639050134,-0.5168969394926889,0.0015047783618495,79,1,4,2019-03-01,2019
2019-03,-0.2034128450946288,-0.3332910839319362,-3.2375390961935357,-2.5916163377362835,-1.1344094269521412,-0.9317199639050134,-0.5168969394926889,0.0015047783618495,80,1,4,2019-03-01,2019
2019-03,-0.2594422311498781,-0.3403014533889213,-3.2375390961935357,-2.5916163377362835,-1.1344094269521412,-0.9317199639050134,-0.5168969394926889,0.0015047783618495,80,0,4,2019-03-01,2019
2019-03,-0.23791256830212104,-0.329648114433264,-3.2375390961935357,-2.5916163377362835,-1.1344094269521412,-0.9317199639050134,-0.5168969394926889,0.0015047783618495,81,0,4,2019-03-01,2019
2019-03,-0.24740588766616312,-0.326053687724379,-3.2375390961935357,-2.5916163377362835,-1.1344094269521412,-0.9317199639050134,-0.5168969394926889,0.0015047783618495,81,1,4,2019-03-01,2019
2019-03,-0.22704257422667712,-0.32550072119565987,-3.2375390961935357,-2.5916163377362835,-1.1344094269521412,-0.9317199639050134,-0.5168969394926889,0.0015047783618495,87,0,4,2019-03-01,2019
2019-03,-0.24193742978476124,-0.31901672408990983,-3.2375390961935357,-2.5916163377362835,-1.1344094269521412,-0.9317199639050134,-0.5168969394926889,0.0015047783618495,87,1,4,2019-03-01,2019
2019-03,7.31294108518102,4.684271335465604,-3.2375390961935357,-2.5916163377362835,-1.1344094269521412,-0.9317199639050134,-0.5168969394926889,0.0015047783618495,88,1,4,2019-03-01,2019
2019-03,0.9024839722613685,0.33003548160281543,-3.2375390961935357,-2.5916163377362835,-1.1344094269521412,-0.9317199639050134,-0.5168969394926889,0.0015047783618495,88,0,4,2019-03-01,2019
2019-03,0.3609568648927779,0.7986839154407955,-3.2375390961935357,-2.5916163377362835,-1.1344094269521412,-0.9317199639050134,-0.5168969394926889,0.0015047783618495,89,0,4,2019-03-01,2019
2019-03,-0.25202029734697307,-0.26623186964052525,-3.2375390961935357,-2.5916163377362835,-1.1344094269521412,-0.9317199639050134,-0.5168969394926889,0.0015047783618495,89,1,4,2019-03-01,2019
2019-03,-0.04244387976515837,0.5440712986818531,-3.2375390961935357,-2.5916163377362835,-1.1344094269521412,-0.9317199639050134,-0.5168969394926889,0.0015047783618495,90,0,4,2019-03-01,2019
2019-03,-0.259203225123593,-0.3380339270552022,-3.2375390961935357,-2.5916163377362835,-1.1344094269521412,-0.9317199639050134,-0.5168969394926889,0.0015047783618495,90,1,4,2019-03-01,2019
2019-03,-0.2573262311305011,-0.32122957125581836,-3.2375390961935357,-2.5916163377362835,-1.1344094269521412,-0.9317199639050134,-0.5168969394926889,0.0015047783618495,92,0,4,2019-03-01,2019
2019-03,-0.2594422311498781,-0.34029761574811984,-3.2375390961935357,-2.5916163377362835,-1.1344094269521412,-0.9317199639050134,-0.5168969394926889,0.0015047783618495,94,0,4,2019-03-01,2019
2019-03,-0.25867103837173167,-0.33349256488308776,-3.2375390961935357,-2.5916163377362835,-1.1344094269521412,-0.9317199639050134,-0.5168969394926889,0.0015047783618495,94,1,4,2019-03-01,2019
2019-03,-0.2584033516222924,-0.3391878065772906,-3.2375390961935357,-2.5916163377362835,-1.1344094269521412,-0.9317199639050134,-0.5168969394926889,0.0015047783618495,99,0,4,2019-03-01,2019
2019-03,-0.17705207376889673,-0.04318971554368835,-3.2375390961935357,-2.5916163377362835,-1.1344094269521412,-0.9317199639050134,-0.5168969394926889,0.0015047783618495,99,1,4,2019-03-01,2019
2019-03,0.9917798104284791,0.4518039396516816,-3.2375390961935357,-2.5916163377362835,-1.1344094269521412,-0.9317199639050134,-0.5168969394926889,0.0015047783618495,101,1,4,2019-03-01,2019
2019-03,-0.23429242369065686,-0.32626322868302843,-3.2375390961935357,-2.5916163377362835,-1.1344094269521412,-0.9317199639050134,-0.5168969394926889,0.0015047783618495,101,0,4,2019-03-01,2019
2019-04,-0.15534395308818022,-0.252622075691177,-1.1178695376098802,2.0679675539645794,-1.0718272461073013,-0.9156599624354345,-0.2531773921457247,0.0015816723892018,0,1,4,2019-04-01,2019
2019-04,-0.25878257451733133,-0.3393418604437502,-1.1178695376098802,2.0679675539645794,-1.0718272461073013,-0.9156599624354345,-0.2531773921457247,0.0015816723892018,0,0,4,2019-04-01,2019
2019-04,-0.2573262311305011,-0.3373731218581466,-1.1178695376098802,2.0679675539645794,-1.0718272461073013,-0.9156599624354345,-0.2531773921457247,0.0015816723892018,3,1,4,2019-04-01,2019
2019-04,-0.2593657492214668,-0.34021203347280254,-1.1178695376098802,2.0679675539645794,-1.0718272461073013,-0.9156599624354345,-0.2531773921457247,0.0015816723892018,3,0,4,2019-04-01,2019
2019-04,-0.17908840511284532,0.14444830738442332,-1.1178695376098802,2.0679675539645794,-1.0718272461073013,-0.9156599624354345,-0.2531773921457247,0.0015816723892018,4,1,4,2019-04-01,2019
2019-04,-0.25876345403522855,-0.337442939989921,-1.1178695376098802,2.0679675539645794,-1.0718272461073013,-0.9156599624354345,-0.2531773921457247,0.0015816723892018,4,0,4,2019-04-01,2019
2019-04,-0.25935618898041546,-0.338794087714612,-1.1178695376098802,2.0679675539645794,-1.0718272461073013,-0.9156599624354345,-0.2531773921457247,0.0015816723892018,6,1,4,2019-04-01,2019
2019-04,-0.0814209825317238,-0.1267995877612481,-1.1178695376098802,2.0679675539645794,-1.0718272461073013,-0.9156599624354345,-0.2531773921457247,0.0015816723892018,8,1,4,2019-04-01,2019
2019-04,-0.25608021304680173,-0.3348872828153746,-1.1178695376098802,2.0679675539645794,-1.0718272461073013,-0.9156599624354345,-0.2531773921457247,0.0015816723892018,8,0,4,2019-04-01,2019
2019-04,-0.25910443596606186,-0.33870022421440726,-1.1178695376098802,2.0679675539645794,-1.0718272461073013,-0.9156599624354345,-0.2531773921457247,0.0015816723892018,9,0,4,2019-04-01,2019
2019-04,-0.2592287190997301,-0.33986246190656205,-1.1178695376098802,2.0679675539645794,-1.0718272461073013,-0.9156599624354345,-0.2531773921457247,0.0015816723892018,9,1,4,2019-04-01,2019
2019-04,-0.248307737072012,-0.3359059600398528,-1.1178695376098802,2.0679675539645794,-1.0718272461073013,-0.9156599624354345,-0.2531773921457247,0.0015816723892018,22,1,4,2019-04-01,2019
2019-04,-0.25933069500427836,-0.33959672211281716,-1.1178695376098802,2.0679675539645794,-1.0718272461073013,-0.9156599624354345,-0.2531773921457247,0.0015816723892018,36,1,4,2019-04-01,2019
2019-04,-0.25919366488254164,-0.34022979819099886,-1.1178695376098802,2.0679675539645794,-1.0718272461073013,-0.9156599624354345,-0.2531773921457247,0.0015816723892018,42,0,4,2019-04-01,2019
2019-04,-0.23309739355923165,-0.33206235598699774,-1.1178695376098802,2.0679675539645794,-1.0718272461073013,-0.9156599624354345,-0.2531773921457247,0.0015816723892018,42,1,4,2019-04-01,2019
2019-04,-0.2590343275316849,-0.3379295509199197,-1.1178695376098802,2.0679675539645794,-1.0718272461073013,-0.9156599624354345,-0.2531773921457247,0.0015816723892018,43,1,4,2019-04-01,2019
2019-04,0.8875923034503014,6.376118789552146,-1.1178695376098802,2.0679675539645794,-1.0718272461073013,-0.9156599624354345,-0.2531773921457247,0.0015816723892018,44,1,4,2019-04-01,2019
2019-04,-0.211338284926241,-0.24620981072852846,-1.1178695376098802,2.0679675539645794,-1.0718272461073013,-0.9156599624354345,-0.2531773921457247,0.0015816723892018,44,0,4,2019-04-01,2019
2019-04,-0.2592637733169186,-0.33189571196562806,-1.1178695376098802,2.0679675539645794,-1.0718272461073013,-0.9156599624354345,-0.2531773921457247,0.0015816723892018,45,1,4,2019-04-01,2019
2019-04,-0.2594390444028609,-0.3402918352415492,-1.1178695376098802,2.0679675539645794,-1.0718272461073013,-0.9156599624354345,-0.2531773921457247,0.0015816723892018,45,0,4,2019-04-01,2019
2019-04,-0.2589323516271366,-0.3291368041008136,-1.1178695376098802,2.0679675539645794,-1.0718272461073013,-0.9156599624354345,-0.2531773921457247,0.0015816723892018,50,0,4,2019-04-01,2019
2019-04,-0.2579253395697223,-0.33218396784237114,-1.1178695376098802,2.0679675539645794,-1.0718272461073013,-0.9156599624354345,-0.2531773921457247,0.0015816723892018,50,1,4,2019-04-01,2019
2019-04,-0.15281048920955873,-0.19489366661916457,-1.1178695376098802,2.0679675539645794,-1.0718272461073013,-0.9156599624354345,-0.2531773921457247,0.0015816723892018,60,0,4,2019-04-01,2019
2019-04,-0.24907255635612416,-0.3084258742377293,-1.1178695376098802,2.0679675539645794,-1.0718272461073013,-0.9156599624354345,-0.2531773921457247,0.0015816723892018,66,1,4,2019-04-01,2019
2019-04,-0.25909168897799334,-0.3387090440555475,-1.1178695376098802,2.0679675539645794,-1.0718272461073013,-0.9156599624354345,-0.2531773921457247,0.0015816723892018,66,0,4,2019-04-01,2019
2019-04,-0.21840967655726123,-0.28766614189487877,-1.1178695376098802,2.0679675539645794,-1.0718272461073013,-0.9156599624354345,-0.2531773921457247,0.0015816723892018,67,1,4,2019-04-01,2019
2019-04,-0.255063640748336,-0.3384432850255079,-1.1178695376098802,2.0679675539645794,-1.0718272461073013,-0.9156599624354345,-0.2531773921457247,0.0015816723892018,67,0,4,2019-04-01,2019
2019-04,-0.25839060463422386,-0.33957496586346136,-1.1178695376098802,2.0679675539645794,-1.0718272461073013,-0.9156599624354345,-0.2531773921457247,0.0015816723892018,70,1,4,2019-04-01,2019
2019-04,-0.25901520704958214,-0.336487280867025,-1.1178695376098802,2.0679675539645794,-1.0718272461073013,-0.9156599624354345,-0.2531773921457247,0.0015816723892018,78,1,4,2019-04-01,2019
2019-04,-0.24886541780001045,-0.29882657843443755,-1.1178695376098802,2.0679675539645794,-1.0718272461073013,-0.9156599624354345,-0.2531773921457247,0.0015816723892018,79,1,4,2019-04-01,2019
2019-04,-0.25750150221644347,-0.32618897658531554,-1.1178695376098802,2.0679675539645794,-1.0718272461073013,-0.9156599624354345,-0.2531773921457247,0.0015816723892018,79,0,4,2019-04-01,2019
2019-04,-0.2594422311498781,-0.3402995297594469,-1.1178695376098802,2.0679675539645794,-1.0718272461073013,-0.9156599624354345,-0.2531773921457247,0.0015816723892018,80,0,4,2019-04-01,2019
2019-04,-0.20099729085564128,-0.3325126776469614,-1.1178695376098802,2.0679675539645794,-1.0718272461073013,-0.9156599624354345,-0.2531773921457247,0.0015816723892018,80,1,4,2019-04-01,2019
2019-04,-0.2440088153458983,-0.33208852696599733,-1.1178695376098802,2.0679675539645794,-1.0718272461073013,-0.9156599624354345,-0.2531773921457247,0.0015816723892018,81,0,4,2019-04-01,2019
2019-04,-0.24712545392865531,-0.3264452040313094,-1.1178695376098802,2.0679675539645794,-1.0718272461073013,-0.9156599624354345,-0.2531773921457247,0.0015816723892018,81,1,4,2019-04-01,2019
2019-04,-0.24271180930992478,-0.3205750082364073,-1.1178695376098802,2.0679675539645794,-1.0718272461073013,-0.9156599624354345,-0.2531773921457247,0.0015816723892018,87,1,4,2019-04-01,2019
2019-04,-0.23963659843839052,-0.3308863354896587,-1.1178695376098802,2.0679675539645794,-1.0718272461073013,-0.9156599624354345,-0.2531773921457247,0.0015816723892018,87,0,4,2019-04-01,2019
2019-04,1.011429292536127,0.373731350294032,-1.1178695376098802,2.0679675539645794,-1.0718272461073013,-0.9156599624354345,-0.2531773921457247,0.0015816723892018,88,0,4,2019-04-01,2019
2019-04,7.701380052593513,5.03969818937255,-1.1178695376098802,2.0679675539645794,-1.0718272461073013,-0.9156599624354345,-0.2531773921457247,0.0015816723892018,88,1,4,2019-04-01,2019
2019-04,0.24020146017252084,0.6191387267475194,-1.1178695376098802,2.0679675539645794,-1.0718272461073013,-0.9156599624354345,-0.2531773921457247,0.0015816723892018,89,0,4,2019-04-01,2019
2019-04,-0.25247918891744037,-0.2671174894142573,-1.1178695376098802,2.0679675539645794,-1.0718272461073013,-0.9156599624354345,-0.2531773921457247,0.0015816723892018,89,1,4,2019-04-01,2019
2019-04,-0.05651655459282193,0.5207392312969129,-1.1178695376098802,2.0679675539645794,-1.0718272461073013,-0.9156599624354345,-0.2531773921457247,0.0015816723892018,90,0,4,2019-04-01,2019
2019-04,-0.25930201428112415,-0.34017511902318825,-1.1178695376098802,2.0679675539645794,-1.0718272461073013,-0.9156599624354345,-0.2531773921457247,0.0015816723892018,90,1,4,2019-04-01,2019
2019-04,-0.2577914961950027,-0.3224699852498139,-1.1178695376098802,2.0679675539645794,-1.0718272461073013,-0.9156599624354345,-0.2531773921457247,0.0015816723892018,92,0,4,2019-04-01,2019
2019-04,-0.2594422311498781,-0.3403004915741841,-1.1178695376098802,2.0679675539645794,-1.0718272461073013,-0.9156599624354345,-0.2531773921457247,0.0015816723892018,94,0,4,2019-04-01,2019
2019-04,-0.2585244480089435,-0.33241457254376555,-1.1178695376098802,2.0679675539645794,-1.0718272461073013,-0.9156599624354345,-0.2531773921457247,0.0015816723892018,94,1,4,2019-04-01,2019
2019-04,-0.2580464359563734,-0.33891962377411317,-1.1178695376098802,2.0679675539645794,-1.0718272461073013,-0.9156599624354345,-0.2531773921457247,0.0015816723892018,99,0,4,2019-04-01,2019
2019-04,-0.17522288098106184,-0.014048517981511823,-1.1178695376098802,2.0679675539645794,-1.0718272461073013,-0.9156599624354345,-0.2531773921457247,0.0015816723892018,99,1,4,2019-04-01,2019
2019-04,-0.23209038150181732,-0.3250966628245562,-1.1178695376098802,2.0679675539645794,-1.0718272461073013,-0.9156599624354345,-0.2531773921457247,0.0015816723892018,101,0,4,2019-04-01,2019
2019-04,1.0478538109419682,0.44705219974209637,-1.1178695376098802,2.0679675539645794,-1.0718272461073013,-0.9156599624354345,-0.2531773921457247,0.0015816723892018,101,1,4,2019-04-01,2019
2019-05,-0.2588048817464513,-0.3392669639301633,-1.1178695376098802,2.0679675539645794,-1.13704673124824,-0.9646202302638447,-0.16951126487980478,0.0016840278297001,0,0,4,2019-05-01,2019
2019-05,-0.18418720034025965,-0.2674921931995811,-1.1178695376098802,2.0679675539645794,-1.13704673124824,-0.9646202302638447,-0.16951126487980478,0.0016840278297001,0,1,4,2019-05-01,2019
2019-05,-0.2593816829565525,-0.34019794288690236,-1.1178695376098802,2.0679675539645794,-1.13704673124824,-0.9646202302638447,-0.16951126487980478,0.0016840278297001,3,0,4,2019-05-01,2019
2019-05,-0.2577309480016771,-0.3380583186769379,-1.1178695376098802,2.0679675539645794,-1.13704673124824,-0.9646202302638447,-0.16951126487980478,0.0016840278297001,3,1,4,2019-05-01,2019
2019-05,-0.2587889480113656,-0.3385634541587754,-1.1178695376098802,2.0679675539645794,-1.13704673124824,-0.9646202302638447,-0.16951126487980478,0.0016840278297001,4,0,4,2019-05-01,2019
2019-05,-0.18811964615940296,0.042017461644257646,-1.1178695376098802,2.0679675539645794,-1.13704673124824,-0.9646202302638447,-0.16951126487980478,0.0016840278297001,4,1,4,2019-05-01,2019
2019-05,-0.25935618898041546,-0.3382230775414227,-1.1178695376098802,2.0679675539645794,-1.13704673124824,-0.9646202302638447,-0.16951126487980478,0.0016840278297001,6,1,4,2019-05-01,2019
2019-05,-0.09668550074379546,-0.1455274191447022,-1.1178695376098802,2.0679675539645794,-1.13704673124824,-0.9646202302638447,-0.16951126487980478,0.0016840278297001,8,1,4,2019-05-01,2019
2019-05,-0.25625229738572697,-0.33507110484795094,-1.1178695376098802,2.0679675539645794,-1.13704673124824,-0.9646202302638447,-0.16951126487980478,0.0016840278297001,8,0,4,2019-05-01,2019
2019-05,-0.2592319058467472,-0.3395592882832448,-1.1178695376098802,2.0679675539645794,-1.13704673124824,-0.9646202302638447,-0.16951126487980478,0.0016840278297001,9,1,4,2019-05-01,2019
2019-05,-0.2590343275316849,-0.338399272383133,-1.1178695376098802,2.0679675539645794,-1.13704673124824,-0.9646202302638447,-0.16951126487980478,0.0016840278297001,9,0,4,2019-05-01,2019
2019-05,-0.2529667612110619,-0.33769031874033245,-1.1178695376098802,2.0679675539645794,-1.13704673124824,-0.9646202302638447,-0.16951126487980478,0.0016840278297001,22,1,4,2019-05-01,2019
2019-05,-0.25931157452217557,-0.33990385841285176,-1.1178695376098802,2.0679675539645794,-1.13704673124824,-0.9646202302638447,-0.16951126487980478,0.0016840278297001,36,1,4,2019-05-01,2019
2019-05,-0.2592478395818329,-0.3402404839527293,-1.1178695376098802,2.0679675539645794,-1.13704673124824,-0.9646202302638447,-0.16951126487980478,0.0016840278297001,42,0,4,2019-05-01,2019
2019-05,-0.2314498453513734,-0.3318952502945542,-1.1178695376098802,2.0679675539645794,-1.13704673124824,-0.9646202302638447,-0.16951126487980478,0.0016840278297001,42,1,4,2019-05-01,2019
2019-05,-0.2590502612667706,-0.33808989505476067,-1.1178695376098802,2.0679675539645794,-1.13704673124824,-0.9646202302638447,-0.16951126487980478,0.0016840278297001,43,1,4,2019-05-01,2019
2019-05,0.8541920079637204,6.063121209745274,-1.1178695376098802,2.0679675539645794,-1.13704673124824,-0.9646202302638447,-0.16951126487980478,0.0016840278297001,44,1,4,2019-05-01,2019
2019-05,-0.2098309535871366,-0.248513039625293,-1.1178695376098802,2.0679675539645794,-1.13704673124824,-0.9646202302638447,-0.16951126487980478,0.0016840278297001,44,0,4,2019-05-01,2019
2019-05,-0.25923509259376437,-0.3307504887761746,-1.1178695376098802,2.0679675539645794,-1.13704673124824,-0.9646202302638447,-0.16951126487980478,0.0016840278297001,45,1,4,2019-05-01,2019
2019-05,-0.2594422311498781,-0.3402985679447097,-1.1178695376098802,2.0679675539645794,-1.13704673124824,-0.9646202302638447,-0.16951126487980478,0.0016840278297001,45,0,4,2019-05-01,2019
2019-05,-0.258132478125836,-0.33341276311434115,-1.1178695376098802,2.0679675539645794,-1.13704673124824,-0.9646202302638447,-0.16951126487980478,0.0016840278297001,50,1,4,2019-05-01,2019
2019-05,-0.2589227913860852,-0.329745603975028,-1.1178695376098802,2.0679675539645794,-1.13704673124824,-0.9646202302638447,-0.16951126487980478,0.0016840278297001,50,0,4,2019-05-01,2019
2019-05,-0.15815147721027523,-0.20127408589586396,-1.1178695376098802,2.0679675539645794,-1.13704673124824,-0.9646202302638447,-0.16951126487980478,0.0016840278297001,60,0,4,2019-05-01,2019
2019-05,-0.2593402552453298,-0.34008709373843843,-1.1178695376098802,2.0679675539645794,-1.13704673124824,-0.9646202302638447,-0.16951126487980478,0.0016840278297001,66,0,4,2019-05-01,2019
2019-05,-0.24944540575712884,-0.3088026363065908,-1.1178695376098802,2.0679675539645794,-1.13704673124824,-0.9646202302638447,-0.16951126487980478,0.0016840278297001,66,1,4,2019-05-01,2019
2019-05,-0.22353396576081264,-0.3036284769825685,-1.1178695376098802,2.0679675539645794,-1.13704673124824,-0.9646202302638447,-0.16951126487980478,0.0016840278297001,67,1,4,2019-05-01,2019
2019-05,-0.2552994600276039,-0.3383650894873724,-1.1178695376098802,2.0679675539645794,-1.13704673124824,-0.9646202302638447,-0.16951126487980478,0.0016840278297001,67,0,4,2019-05-01,2019
2019-05,-0.2585053275268407,-0.3397193823462541,-1.1178695376098802,2.0679675539645794,-1.13704673124824,-0.9646202302638447,-0.16951126487980478,0.0016840278297001,70,1,4,2019-05-01,2019
2019-05,-0.2592382793407815,-0.33677282442620915,-1.1178695376098802,2.0679675539645794,-1.13704673124824,-0.9646202302638447,-0.16951126487980478,0.0016840278297001,78,1,4,2019-05-01,2019
2019-05,-0.2578679781234139,-0.327501161195002,-1.1178695376098802,2.0679675539645794,-1.13704673124824,-0.9646202302638447,-0.16951126487980478,0.0016840278297001,79,0,4,2019-05-01,2019
2019-05,-0.25007319491950425,-0.30015124739941307,-1.1178695376098802,2.0679675539645794,-1.13704673124824,-0.9646202302638447,-0.16951126487980478,0.0016840278297001,79,1,4,2019-05-01,2019
2019-05,-0.20287428484873318,-0.3328472737577435,-1.1178695376098802,2.0679675539645794,-1.13704673124824,-0.9646202302638447,-0.16951126487980478,0.0016840278297001,80,1,4,2019-05-01,2019
2019-05,-0.24587943584495595,-0.33282052568990156,-1.1178695376098802,2.0679675539645794,-1.13704673124824,-0.9646202302638447,-0.16951126487980478,0.0016840278297001,81,0,4,2019-05-01,2019
2019-05,-0.2454715322267628,-0.3254541597442313,-1.1178695376098802,2.0679675539645794,-1.13704673124824,-0.9646202302638447,-0.16951126487980478,0.0016840278297001,81,1,4,2019-05-01,2019
2019-05,-0.2427213695509762,-0.331570291567439,-1.1178695376098802,2.0679675539645794,-1.13704673124824,-0.9646202302638447,-0.16951126487980478,0.0016840278297001,87,0,4,2019-05-01,2019
2019-05,-0.2417844659279388,-0.3198259661553597,-1.1178695376098802,2.0679675539645794,-1.13704673124824,-0.9646202302638447,-0.16951126487980478,0.0016840278297001,87,1,4,2019-05-01,2019
2019-05,7.437883875481791,4.894160413341059,-1.1178695376098802,2.0679675539645794,-1.13704673124824,-0.9646202302638447,-0.16951126487980478,0.0016840278297001,88,1,4,2019-05-01,2019
2019-05,1.0096383407124978,0.3722745856930475,-1.1178695376098802,2.0679675539645794,-1.13704673124824,-0.9646202302638447,-0.16951126487980478,0.0016840278297001,88,0,4,2019-05-01,2019
2019-05,0.22477441786257535,0.5857328522586828,-1.1178695376098802,2.0679675539645794,-1.13704673124824,-0.9646202302638447,-0.16951126487980478,0.0016840278297001,89,0,4,2019-05-01,2019
2019-05,-0.250924056373079,-0.16633102947586445,-1.1178695376098802,2.0679675539645794,-1.13704673124824,-0.9646202302638447,-0.16951126487980478,0.0016840278297001,89,1,4,2019-05-01,2019
2019-05,-0.052252687083896694,0.5082133929382576,-1.1178695376098802,2.0679675539645794,-1.13704673124824,-0.9646202302638447,-0.16951126487980478,0.0016840278297001,90,0,4,2019-05-01,2019
2019-05,-0.2592191588586787,-0.33857640018513835,-1.1178695376098802,2.0679675539645794,-1.13704673124824,-0.9646202302638447,-0.16951126487980478,0.0016840278297001,90,1,4,2019-05-01,2019
2019-05,-0.257370845588741,-0.3195500503616951,-1.1178695376098802,2.0679675539645794,-1.13704673124824,-0.9646202302638447,-0.16951126487980478,0.0016840278297001,92,0,4,2019-05-01,2019
2019-05,-0.2585053275268407,-0.33208290996793205,-1.1178695376098802,2.0679675539645794,-1.13704673124824,-0.9646202302638447,-0.16951126487980478,0.0016840278297001,94,1,4,2019-05-01,2019
2019-05,-0.2584734600566693,-0.3390747356367837,-1.1178695376098802,2.0679675539645794,-1.13704673124824,-0.9646202302638447,-0.16951126487980478,0.0016840278297001,99,0,4,2019-05-01,2019
2019-05,-0.20234209809687181,-0.025432335993788552,-1.1178695376098802,2.0679675539645794,-1.13704673124824,-0.9646202302638447,-0.16951126487980478,0.0016840278297001,99,1,4,2019-05-01,2019
2019-05,-0.23156456824399022,-0.3240370411467148,-1.1178695376098802,2.0679675539645794,-1.13704673124824,-0.9646202302638447,-0.16951126487980478,0.0016840278297001,101,0,4,2019-05-01,2019
2019-05,0.9726497680846239,0.42225791426661163,-1.1178695376098802,2.0679675539645794,-1.13704673124824,-0.9646202302638447,-0.16951126487980478,0.0016840278297001,101,1,4,2019-05-01,2019
2019-06,-0.15576779044145903,-0.22759658918916081,-1.1178695376098802,2.0679675539645794,-0.9962009960864734,-1.0296867048788252,0.18325644131158877,0.0017231721022169,0,1,4,2019-06-01,2019
2019-06,-0.25888455042187963,-0.33956133694863505,-1.1178695376098802,2.0679675539645794,-0.9962009960864734,-1.0296867048788252,0.18325644131158877,0.0017231721022169,0,0,4,2019-06-01,2019
2019-06,-0.2593530022333983,-0.3401845928983498,-1.1178695376098802,2.0679675539645794,-0.9962009960864734,-1.0296867048788252,0.18325644131158877,0.0017231721022169,3,0,4,2019-06-01,2019
2019-06,-0.2570967853452675,-0.33648582852677184,-1.1178695376098802,2.0679675539645794,-0.9962009960864734,-1.0296867048788252,0.18325644131158877,0.0017231721022169,3,1,4,2019-06-01,2019
2019-06,-0.1875046039850961,0.13171932413512105,-1.1178695376098802,2.0679675539645794,-0.9962009960864734,-1.0296867048788252,0.18325644131158877,0.0017231721022169,4,1,4,2019-06-01,2019
2019-06,-0.2587124660829544,-0.33801340192871004,-1.1178695376098802,2.0679675539645794,-0.9962009960864734,-1.0296867048788252,0.18325644131158877,0.0017231721022169,4,0,4,2019-06-01,2019
2019-06,-0.25927970705200426,-0.3368180201007108,-1.1178695376098802,2.0679675539645794,-0.9962009960864734,-1.0296867048788252,0.18325644131158877,0.0017231721022169,6,1,4,2019-06-01,2019
2019-06,-0.080378916257121,-0.11261081981268649,-1.1178695376098802,2.0679675539645794,-0.9962009960864734,-1.0296867048788252,0.18325644131158877,0.0017231721022169,8,1,4,2019-06-01,2019
2019-06,-0.2557838455742083,-0.3342145318792828,-1.1178695376098802,2.0679675539645794,-0.9962009960864734,-1.0296867048788252,0.18325644131158877,0.0017231721022169,8,0,4,2019-06-01,2019
2019-06,-0.2591904781355245,-0.3395005310209484,-1.1178695376098802,2.0679675539645794,-0.9962009960864734,-1.0296867048788252,0.18325644131158877,0.0017231721022169,9,1,4,2019-06-01,2019
2019-06,-0.25895784560327373,-0.3381570393415656,-1.1178695376098802,2.0679675539645794,-0.9962009960864734,-1.0296867048788252,0.18325644131158877,0.0017231721022169,9,0,4,2019-06-01,2019
2019-06,-0.24593361054424723,-0.33506254469678975,-1.1178695376098802,2.0679675539645794,-0.9962009960864734,-1.0296867048788252,0.18325644131158877,0.0017231721022169,22,1,4,2019-06-01,2019
2019-06,-0.2594422311498781,-0.34030260756660596,-1.1178695376098802,2.0679675539645794,-0.9962009960864734,-1.0296867048788252,0.18325644131158877,0.0017231721022169,22,0,4,2019-06-01,2019
2019-06,-0.25930201428112415,-0.33970901398338693,-1.1178695376098802,2.0679675539645794,-0.9962009960864734,-1.0296867048788252,0.18325644131158877,0.0017231721022169,36,1,4,2019-06-01,2019
2019-06,-0.259155423918336,-0.34012431596876863,-1.1178695376098802,2.0679675539645794,-0.9962009960864734,-1.0296867048788252,0.18325644131158877,0.0017231721022169,42,0,4,2019-06-01,2019
2019-06,-0.2260451224103142,-0.32996520551582875,-1.1178695376098802,2.0679675539645794,-0.9962009960864734,-1.0296867048788252,0.18325644131158877,0.0017231721022169,42,1,4,2019-06-01,2019
2019-06,-0.25909168897799334,-0.33872266335222645,-1.1178695376098802,2.0679675539645794,-0.9962009960864734,-1.0296867048788252,0.18325644131158877,0.0017231721022169,43,1,4,2019-06-01,2019
2019-06,-0.2063287186153064,-0.23817203076925117,-1.1178695376098802,2.0679675539645794,-0.9962009960864734,-1.0296867048788252,0.18325644131158877,0.0017231721022169,44,0,4,2019-06-01,2019
2019-06,0.8869677010349432,4.617494846616197,-1.1178695376098802,2.0679675539645794,-0.9962009960864734,-1.0296867048788252,0.18325644131158877,0.0017231721022169,44,1,4,2019-06-01,2019
2019-06,-0.2589801528323936,-0.325212186392643,-1.1178695376098802,2.0679675539645794,-0.9962009960864734,-1.0296867048788252,0.18325644131158877,0.0017231721022169,45,1,4,2019-06-01,2019
2019-06,-0.258964219097308,-0.32860388179121797,-1.1178695376098802,2.0679675539645794,-0.9962009960864734,-1.0296867048788252,0.18325644131158877,0.0017231721022169,50,0,4,2019-06-01,2019
2019-06,-0.2580400624623391,-0.3335383280282844,-1.1178695376098802,2.0679675539645794,-0.9962009960864734,-1.0296867048788252,0.18325644131158877,0.0017231721022169,50,1,4,2019-06-01,2019
2019-06,-0.15523241694258053,-0.21381284142644003,-1.1178695376098802,2.0679675539645794,-0.9962009960864734,-1.0296867048788252,0.18325644131158877,0.0017231721022169,60,0,4,2019-06-01,2019
2019-06,-0.2594390444028609,-0.3402897192491273,-1.1178695376098802,2.0679675539645794,-0.9962009960864734,-1.0296867048788252,0.18325644131158877,0.0017231721022169,66,1,4,2019-06-01,2019
2019-06,-0.2593625624744497,-0.3397288369851209,-1.1178695376098802,2.0679675539645794,-0.9962009960864734,-1.0296867048788252,0.18325644131158877,0.0017231721022169,66,0,4,2019-06-01,2019
2019-06,-0.21341285723439518,-0.28101115336514687,-1.1178695376098802,2.0679675539645794,-0.9962009960864734,-1.0296867048788252,0.18325644131158877,0.0017231721022169,67,1,4,2019-06-01,2019
2019-06,-0.25367103230184845,-0.33840303307875547,-1.1178695376098802,2.0679675539645794,-0.9962009960864734,-1.0296867048788252,0.18325644131158877,0.0017231721022169,67,0,4,2019-06-01,2019
2019-06,-0.257418646793998,-0.3384848931310398,-1.1178695376098802,2.0679675539645794,-0.9962009960864734,-1.0296867048788252,0.18325644131158877,0.0017231721022169,70,1,4,2019-06-01,2019
2019-06,-0.2594358576558438,-0.3402938550524973,-1.1178695376098802,2.0679675539645794,-0.9962009960864734,-1.0296867048788252,0.18325644131158877,0.0017231721022169,70,0,4,2019-06-01,2019
2019-06,-0.247855218995579,-0.289030889679954,-1.1178695376098802,2.0679675539645794,-0.9962009960864734,-1.0296867048788252,0.18325644131158877,0.0017231721022169,78,1,4,2019-06-01,2019
2019-06,-0.2593338817512955,-0.3401413400896173,-1.1178695376098802,2.0679675539645794,-0.9962009960864734,-1.0296867048788252,0.18325644131158877,0.0017231721022169,78,0,4,2019-06-01,2019
2019-06,-0.25736447209470675,-0.326137788805001,-1.1178695376098802,2.0679675539645794,-0.9962009960864734,-1.0296867048788252,0.18325644131158877,0.0017231721022169,79,0,4,2019-06-01,2019
2019-06,-0.24733896597880328,-0.2916781693263674,-1.1178695376098802,2.0679675539645794,-0.9962009960864734,-1.0296867048788252,0.18325644131158877,0.0017231721022169,79,1,4,2019-06-01,2019
2019-06,-0.19332360403838272,-0.33225149685507094,-1.1178695376098802,2.0679675539645794,-0.9962009960864734,-1.0296867048788252,0.18325644131158877,0.0017231721022169,80,1,4,2019-06-01,2019
2019-06,-0.24452188161565688,-0.3229636558999838,-1.1178695376098802,2.0679675539645794,-0.9962009960864734,-1.0296867048788252,0.18325644131158877,0.0017231721022169,81,1,4,2019-06-01,2019
2019-06,-0.23579975502976125,-0.32878580904876203,-1.1178695376098802,2.0679675539645794,-0.9962009960864734,-1.0296867048788252,0.18325644131158877,0.0017231721022169,81,0,4,2019-06-01,2019
2019-06,-0.23900880927601514,-0.3303422946017009,-1.1178695376098802,2.0679675539645794,-0.9962009960864734,-1.0296867048788252,0.18325644131158877,0.0017231721022169,87,0,4,2019-06-01,2019
2019-06,-0.24136381532167714,-0.319306480397643,-1.1178695376098802,2.0679675539645794,-0.9962009960864734,-1.0296867048788252,0.18325644131158877,0.0017231721022169,87,1,4,2019-06-01,2019
2019-06,1.1594122637707767,0.4474206998223652,-1.1178695376098802,2.0679675539645794,-0.9962009960864734,-1.0296867048788252,0.18325644131158877,0.0017231721022169,88,0,4,2019-06-01,2019
2019-06,8.048815146136542,5.3246598602588096,-1.1178695376098802,2.0679675539645794,-0.9962009960864734,-1.0296867048788252,0.18325644131158877,0.0017231721022169,88,1,4,2019-06-01,2019
2019-06,0.19171191755981054,0.5223832996998224,-1.1178695376098802,2.0679675539645794,-0.9962009960864734,-1.0296867048788252,0.18325644131158877,0.0017231721022169,89,0,4,2019-06-01,2019
2019-06,-0.25094636360219896,-0.2527986071680453,-1.1178695376098802,2.0679675539645794,-0.9962009960864734,-1.0296867048788252,0.18325644131158877,0.0017231721022169,89,1,4,2019-06-01,2019
2019-06,-0.06789005469697303,0.474451935541073,-1.1178695376098802,2.0679675539645794,-0.9962009960864734,-1.0296867048788252,0.18325644131158877,0.0017231721022169,90,0,4,2019-06-01,2019
2019-06,-0.2592765203049871,-0.34015363208195887,-1.1178695376098802,2.0679675539645794,-0.9962009960864734,-1.0296867048788252,0.18325644131158877,0.0017231721022169,90,1,4,2019-06-01,2019
2019-06,-0.25789347209955094,-0.3126066905374516,-1.1178695376098802,2.0679675539645794,-0.9962009960864734,-1.0296867048788252,0.18325644131158877,0.0017231721022169,92,0,4,2019-06-01,2019
2019-06,-0.2584129118633438,-0.33235481499414243,-1.1178695376098802,2.0679675539645794,-0.9962009960864734,-1.0296867048788252,0.18325644131158877,0.0017231721022169,94,1,4,2019-06-01,2019
2019-06,-0.2594358576558438,-0.3402805820091238,-1.1178695376098802,2.0679675539645794,-0.9962009960864734,-1.0296867048788252,0.18325644131158877,0.0017231721022169,94,0,4,2019-06-01,2019
2019-06,-0.17295073035784533,-0.043157802530707584,-1.1178695376098802,2.0679675539645794,-0.9962009960864734,-1.0296867048788252,0.18325644131158877,0.0017231721022169,99,1,4,2019-06-01,2019
2019-06,-0.25790303234060236,-0.3386317718595597,-1.1178695376098802,2.0679675539645794,-0.9962009960864734,-1.0296867048788252,0.18325644131158877,0.0017231721022169,99,0,4,2019-06-01,2019
2019-06,1.1283159863775833,0.5126967095909811,-1.1178695376098802,2.0679675539645794,-0.9962009960864734,-1.0296867048788252,0.18325644131158877,0.0017231721022169,101,1,4,2019-06-01,2019
2019-06,-0.2267207127779466,-0.31694186848434946,-1.1178695376098802,2.0679675539645794,-0.9962009960864734,-1.0296867048788252,0.18325644131158877,0.0017231721022169,101,0,4,2019-06-01,2019
2019-07,-0.0839735668924481,-0.14712908113584802,0.07141071090843179,1.186424655534686,-0.6942498815496827,-0.8820499741504052,0.45676150061947923,0.0015942379713088,0,1,4,2019-07-01,2019
2019-07,-0.25863279740752604,-0.3389448714109651,0.07141071090843179,1.186424655534686,-0.6942498815496827,-0.8820499741504052,0.45676150061947923,0.0015942379713088,0,0,4,2019-07-01,2019
2019-07,-0.25562769497036875,-0.3346717497509123,0.07141071090843179,1.186424655534686,-0.6942498815496827,-0.8820499741504052,0.45676150061947923,0.0015942379713088,3,1,4,2019-07-01,2019
2019-07,-0.2592765203049871,-0.3400369062454506,0.07141071090843179,1.186424655534686,-0.6942498815496827,-0.8820499741504052,0.45676150061947923,0.0015942379713088,3,0,4,2019-07-01,2019
2019-07,-0.2584001648752753,-0.3359939276157184,0.07141071090843179,1.186424655534686,-0.6942498815496827,-0.8820499741504052,0.45676150061947923,0.0015942379713088,4,0,4,2019-07-01,2019
2019-07,-0.1543656217539201,0.5472118642525415,0.07141071090843179,1.186424655534686,-0.6942498815496827,-0.8820499741504052,0.45676150061947923,0.0015942379713088,4,1,4,2019-07-01,2019
2019-07,-0.2593402552453298,-0.3381311088162503,0.07141071090843179,1.186424655534686,-0.6942498815496827,-0.8820499741504052,0.45676150061947923,0.0015942379713088,6,1,4,2019-07-01,2019
2019-07,-0.06049042812318797,-0.08818077357818478,0.07141071090843179,1.186424655534686,-0.6942498815496827,-0.8820499741504052,0.45676150061947923,0.0015942379713088,8,1,4,2019-07-01,2019
2019-07,-0.25501902629009615,-0.3327417434447763,0.07141071090843179,1.186424655534686,-0.6942498815496827,-0.8820499741504052,0.45676150061947923,0.0015942379713088,8,0,4,2019-07-01,2019
2019-07,-0.2591872913885073,-0.33972688450120436,0.07141071090843179,1.186424655534686,-0.6942498815496827,-0.8820499741504052,0.45676150061947923,0.0015942379713088,9,1,4,2019-07-01,2019
2019-07,-0.25882400222855406,-0.3377115748460249,0.07141071090843179,1.186424655534686,-0.6942498815496827,-0.8820499741504052,0.45676150061947923,0.0015942379713088,9,0,4,2019-07-01,2019
2019-07,-0.2594358576558438,-0.34030068393713153,0.07141071090843179,1.186424655534686,-0.6942498815496827,-0.8820499741504052,0.45676150061947923,0.0015942379713088,22,0,4,2019-07-01,2019
2019-07,-0.2245537248062955,-0.32633059418722293,0.07141071090843179,1.186424655534686,-0.6942498815496827,-0.8820499741504052,0.45676150061947923,0.0015942379713088,22,1,4,2019-07-01,2019
2019-07,-0.259321134763227,-0.3397879885914596,0.07141071090843179,1.186424655534686,-0.6942498815496827,-0.8820499741504052,0.45676150061947923,0.0015942379713088,36,1,4,2019-07-01,2019
2019-07,-0.2591745444004388,-0.34021095624029685,0.07141071090843179,1.186424655534686,-0.6942498815496827,-0.8820499741504052,0.45676150061947923,0.0015942379713088,42,0,4,2019-07-01,2019
2019-07,-0.224423068178593,-0.329632763870058,0.07141071090843179,1.186424655534686,-0.6942498815496827,-0.8820499741504052,0.45676150061947923,0.0015942379713088,42,1,4,2019-07-01,2019
2019-07,-0.2589482853622223,-0.33749263695739284,0.07141071090843179,1.186424655534686,-0.6942498815496827,-0.8820499741504052,0.45676150061947923,0.0015942379713088,43,1,4,2019-07-01,2019
2019-07,0.9617255993098887,3.949064930558377,0.07141071090843179,1.186424655534686,-0.6942498815496827,-0.8820499741504052,0.45676150061947923,0.0015942379713088,44,1,4,2019-07-01,2019
2019-07,-0.20392272461737027,-0.2320790209723261,0.07141071090843179,1.186424655534686,-0.6942498815496827,-0.8820499741504052,0.45676150061947923,0.0015942379713088,44,0,4,2019-07-01,2019
2019-07,-0.25941355042672387,-0.3397419657562839,0.07141071090843179,1.186424655534686,-0.6942498815496827,-0.8820499741504052,0.45676150061947923,0.0015942379713088,45,0,4,2019-07-01,2019
2019-07,-0.25907256849589055,-0.32711031815838765,0.07141071090843179,1.186424655534686,-0.6942498815496827,-0.8820499741504052,0.45676150061947923,0.0015942379713088,45,1,4,2019-07-01,2019
2019-07,-0.2577914961950027,-0.33206452007015647,0.07141071090843179,1.186424655534686,-0.6942498815496827,-0.8820499741504052,0.45676150061947923,0.0015942379713088,50,1,4,2019-07-01,2019
2019-07,-0.25910443596606186,-0.3348746349515802,0.07141071090843179,1.186424655534686,-0.6942498815496827,-0.8820499741504052,0.45676150061947923,0.0015942379713088,50,0,4,2019-07-01,2019
2019-07,-0.155837898875836,-0.20062141765148522,0.07141071090843179,1.186424655534686,-0.6942498815496827,-0.8820499741504052,0.45676150061947923,0.0015942379713088,60,0,4,2019-07-01,2019
2019-07,-0.2593657492214668,-0.33971035090587165,0.07141071090843179,1.186424655534686,-0.6942498815496827,-0.8820499741504052,0.45676150061947923,0.0015942379713088,66,0,4,2019-07-01,2019
2019-07,-0.2594422311498781,-0.34029452832281337,0.07141071090843179,1.186424655534686,-0.6942498815496827,-0.8820499741504052,0.45676150061947923,0.0015942379713088,66,1,4,2019-07-01,2019
2019-07,-0.2516410744519341,-0.33613622810608923,0.07141071090843179,1.186424655534686,-0.6942498815496827,-0.8820499741504052,0.45676150061947923,0.0015942379713088,67,0,4,2019-07-01,2019
2019-07,-0.19238670041534534,-0.2231167158331965,0.07141071090843179,1.186424655534686,-0.6942498815496827,-0.8820499741504052,0.45676150061947923,0.0015942379713088,67,1,4,2019-07-01,2019
2019-07,-0.2585754359612176,-0.33984311981219667,0.07141071090843179,1.186424655534686,-0.6942498815496827,-0.8820499741504052,0.45676150061947923,0.0015942379713088,70,1,4,2019-07-01,2019
2019-07,-0.2591108094600961,-0.33965403665300775,0.07141071090843179,1.186424655534686,-0.6942498815496827,-0.8820499741504052,0.45676150061947923,0.0015942379713088,78,0,4,2019-07-01,2019
2019-07,-0.24032812254110858,-0.281469188779303,0.07141071090843179,1.186424655534686,-0.6942498815496827,-0.8820499741504052,0.45676150061947923,0.0015942379713088,78,1,4,2019-07-01,2019
2019-07,-0.257300737154364,-0.32756073599982505,0.07141071090843179,1.186424655534686,-0.6942498815496827,-0.8820499741504052,0.45676150061947923,0.0015942379713088,79,0,4,2019-07-01,2019
2019-07,-0.24296356232427838,-0.2848557192327391,0.07141071090843179,1.186424655534686,-0.6942498815496827,-0.8820499741504052,0.45676150061947923,0.0015942379713088,79,1,4,2019-07-01,2019
2019-07,-0.18533761601344503,-0.3311649924553244,0.07141071090843179,1.186424655534686,-0.6942498815496827,-0.8820499741504052,0.45676150061947923,0.0015942379713088,80,1,4,2019-07-01,2019
2019-07,-0.21433064037532976,-0.3211221461678189,0.07141071090843179,1.186424655534686,-0.6942498815496827,-0.8820499741504052,0.45676150061947923,0.0015942379713088,81,0,4,2019-07-01,2019
2019-07,-0.24418408643184067,-0.3126850976748293,0.07141071090843179,1.186424655534686,-0.6942498815496827,-0.8820499741504052,0.45676150061947923,0.0015942379713088,81,1,4,2019-07-01,2019
2019-07,-0.23762894781759614,-0.3140044958950449,0.07141071090843179,1.186424655534686,-0.6942498815496827,-0.8820499741504052,0.45676150061947923,0.0015942379713088,87,1,4,2019-07-01,2019
2019-07,-0.20718595356291544,-0.3183691726999331,0.07141071090843179,1.186424655534686,-0.6942498815496827,-0.8820499741504052,0.45676150061947923,0.0015942379713088,87,0,4,2019-07-01,2019
2019-07,9.202306030193435,6.163741814350382,0.07141071090843179,1.186424655534686,-0.6942498815496827,-0.8820499741504052,0.45676150061947923,0.0015942379713088,88,1,4,2019-07-01,2019
2019-07,1.4247025794531443,0.6065686545290996,0.07141071090843179,1.186424655534686,-0.6942498815496827,-0.8820499741504052,0.45676150061947923,0.0015942379713088,88,0,4,2019-07-01,2019
2019-07,-0.249853309375322,-0.23201557967225947,0.07141071090843179,1.186424655534686,-0.6942498815496827,-0.8820499741504052,0.45676150061947923,0.0015942379713088,89,1,4,2019-07-01,2019
2019-07,0.25056157472522333,0.6366064654074545,0.07141071090843179,1.186424655534686,-0.6942498815496827,-0.8820499741504052,0.45676150061947923,0.0015942379713088,89,0,4,2019-07-01,2019
2019-07,-0.25916817090640454,-0.34003581939479754,0.07141071090843179,1.186424655534686,-0.6942498815496827,-0.8820499741504052,0.45676150061947923,0.0015942379713088,90,1,4,2019-07-01,2019
2019-07,-0.04135082553828143,0.7440836452930667,0.07141071090843179,1.186424655534686,-0.6942498815496827,-0.8820499741504052,0.45676150061947923,0.0015942379713088,90,0,4,2019-07-01,2019
2019-07,-0.2572210684789357,-0.29802449227063255,0.07141071090843179,1.186424655534686,-0.6942498815496827,-0.8820499741504052,0.45676150061947923,0.0015942379713088,92,0,4,2019-07-01,2019
2019-07,-0.2584160986103609,-0.33437575126553465,0.07141071090843179,1.186424655534686,-0.6942498815496827,-0.8820499741504052,0.45676150061947923,0.0015942379713088,94,1,4,2019-07-01,2019
2019-07,-0.25537594195601515,-0.33659188783784444,0.07141071090843179,1.186424655534686,-0.6942498815496827,-0.8820499741504052,0.45676150061947923,0.0015942379713088,99,0,4,2019-07-01,2019
2019-07,-0.07013671134405246,0.11287463226109544,0.07141071090843179,1.186424655534686,-0.6942498815496827,-0.8820499741504052,0.45676150061947923,0.0015942379713088,99,1,4,2019-07-01,2019
2019-07,-0.21958239945956654,-0.31039507449440673,0.07141071090843179,1.186424655534686,-0.6942498815496827,-0.8820499741504052,0.45676150061947923,0.0015942379713088,101,0,4,2019-07-01,2019
2019-07,1.4187401757840867,0.7666572640488293,0.07141071090843179,1.186424655534686,-0.6942498815496827,-0.8820499741504052,0.45676150061947923,0.0015942379713088,101,1,4,2019-07-01,2019
2019-08,-0.1164528924910774,-0.1949862509057688,0.07141071090843179,1.186424655534686,-0.8677017011411685,-0.94215676622251,0.009563604005146746,0.0015357085107529,0,1,4,2019-08-01,2019
2019-08,-0.2581898395721444,-0.3390395909262859,0.07141071090843179,1.186424655534686,-0.8677017011411685,-0.94215676622251,0.009563604005146746,0.0015357085107529,0,0,4,2019-08-01,2019
2019-08,-0.2592765203049871,-0.3400483999315603,0.07141071090843179,1.186424655534686,-0.8677017011411685,-0.94215676622251,0.009563604005146746,0.0015357085107529,3,0,4,2019-08-01,2019
2019-08,-0.2563670202783438,-0.3356485784161743,0.07141071090843179,1.186424655534686,-0.8677017011411685,-0.94215676622251,0.009563604005146746,0.0015357085107529,3,1,4,2019-08-01,2019
2019-08,-0.16537264595110077,0.4145497482177777,0.07141071090843179,1.186424655534686,-0.8677017011411685,-0.94215676622251,0.009563604005146746,0.0015357085107529,4,1,4,2019-08-01,2019
2019-08,-0.2582344540303843,-0.33458727356254275,0.07141071090843179,1.186424655534686,-0.8677017011411685,-0.94215676622251,0.009563604005146746,0.0015357085107529,4,0,4,2019-08-01,2019
2019-08,-0.25931157452217557,-0.33752111629176174,0.07141071090843179,1.186424655534686,-0.8677017011411685,-0.94215676622251,0.009563604005146746,0.0015357085107529,6,1,4,2019-08-01,2019
2019-08,-0.07461409090312567,-0.11815189222266125,0.07141071090843179,1.186424655534686,-0.8677017011411685,-0.94215676622251,0.009563604005146746,0.0015357085107529,8,1,4,2019-08-01,2019
2019-08,-0.2555065985837176,-0.33360598207690007,0.07141071090843179,1.186424655534686,-0.8677017011411685,-0.94215676622251,0.009563604005146746,0.0015357085107529,8,0,4,2019-08-01,2019
2019-08,-0.25929882753410705,-0.3399471881667633,0.07141071090843179,1.186424655534686,-0.8677017011411685,-0.94215676622251,0.009563604005146746,0.0015357085107529,9,1,4,2019-08-01,2019
2019-08,-0.2588718034338111,-0.33791942301073685,0.07141071090843179,1.186424655534686,-0.8677017011411685,-0.94215676622251,0.009563604005146746,0.0015357085107529,9,0,4,2019-08-01,2019
2019-08,-0.2594390444028609,-0.3402999144853418,0.07141071090843179,1.186424655534686,-0.8677017011411685,-0.94215676622251,0.009563604005146746,0.0015357085107529,22,0,4,2019-08-01,2019
2019-08,-0.23397056224192633,-0.33018825997153606,0.07141071090843179,1.186424655534686,-0.8677017011411685,-0.94215676622251,0.009563604005146746,0.0015357085107529,22,1,4,2019-08-01,2019
2019-08,-0.2593530022333983,-0.34002998117934263,0.07141071090843179,1.186424655534686,-0.8677017011411685,-0.94215676622251,0.009563604005146746,0.0015357085107529,36,1,4,2019-08-01,2019
2019-08,-0.22864232122927836,-0.33086580074501915,0.07141071090843179,1.186424655534686,-0.8677017011411685,-0.94215676622251,0.009563604005146746,0.0015357085107529,42,1,4,2019-08-01,2019
2019-08,-0.2591586106653531,-0.3402082535408853,0.07141071090843179,1.186424655534686,-0.8677017011411685,-0.94215676622251,0.009563604005146746,0.0015357085107529,42,0,4,2019-08-01,2019
2019-08,-0.2588909239159139,-0.33709459954654414,0.07141071090843179,1.186424655534686,-0.8677017011411685,-0.94215676622251,0.009563604005146746,0.0015357085107529,43,1,4,2019-08-01,2019
2019-08,0.8806069539887438,3.7017453221350975,0.07141071090843179,1.186424655534686,-0.8677017011411685,-0.94215676622251,0.009563604005146746,0.0015357085107529,44,1,4,2019-08-01,2019
2019-08,-0.2027531884620821,-0.2269570881885345,0.07141071090843179,1.186424655534686,-0.8677017011411685,-0.94215676622251,0.009563604005146746,0.0015357085107529,44,0,4,2019-08-01,2019
2019-08,-0.25868059861278303,-0.31440174461780906,0.07141071090843179,1.186424655534686,-0.8677017011411685,-0.94215676622251,0.009563604005146746,0.0015357085107529,45,1,4,2019-08-01,2019
2019-08,-0.25943267090882666,-0.34019132560151033,0.07141071090843179,1.186424655534686,-0.8677017011411685,-0.94215676622251,0.009563604005146746,0.0015357085107529,45,0,4,2019-08-01,2019
2019-08,-0.2589355383741538,-0.32911516326922624,0.07141071090843179,1.186424655534686,-0.8677017011411685,-0.94215676622251,0.009563604005146746,0.0015357085107529,50,0,4,2019-08-01,2019
2019-08,-0.2578201769181569,-0.33278098548605467,0.07141071090843179,1.186424655534686,-0.8677017011411685,-0.94215676622251,0.009563604005146746,0.0015357085107529,50,1,4,2019-08-01,2019
2019-08,-0.1532885012621288,-0.152892351986414,0.07141071090843179,1.186424655534686,-0.8677017011411685,-0.94215676622251,0.009563604005146746,0.0015357085107529,60,0,4,2019-08-01,2019
2019-08,-0.25942948416180955,-0.3401864299644979,0.07141071090843179,1.186424655534686,-0.8677017011411685,-0.94215676622251,0.009563604005146746,0.0015357085107529,66,1,4,2019-08-01,2019
2019-08,-0.25934662873936404,-0.3396125535833917,0.07141071090843179,1.186424655534686,-0.8677017011411685,-0.94215676622251,0.009563604005146746,0.0015357085107529,66,0,4,2019-08-01,2019
2019-08,-0.25175261059753384,-0.336668534854253,0.07141071090843179,1.186424655534686,-0.8677017011411685,-0.94215676622251,0.009563604005146746,0.0015357085107529,67,0,4,2019-08-01,2019
2019-08,-0.19793482697217554,-0.23724913105630474,0.07141071090843179,1.186424655534686,-0.8677017011411685,-0.94215676622251,0.009563604005146746,0.0015357085107529,67,1,4,2019-08-01,2019
2019-08,-0.2594390444028609,-0.3403022324588585,0.07141071090843179,1.186424655534686,-0.8677017011411685,-0.94215676622251,0.009563604005146746,0.0015357085107529,70,0,4,2019-08-01,2019
2019-08,-0.2583682974051039,-0.33974953523826573,0.07141071090843179,1.186424655534686,-0.8677017011411685,-0.94215676622251,0.009563604005146746,0.0015357085107529,70,1,4,2019-08-01,2019
2019-08,-0.2592000383765759,-0.33983418455328795,0.07141071090843179,1.186424655534686,-0.8677017011411685,-0.94215676622251,0.009563604005146746,0.0015357085107529,78,0,4,2019-08-01,2019
2019-08,-0.2433778394365058,-0.07190967672355458,0.07141071090843179,1.186424655534686,-0.8677017011411685,-0.94215676622251,0.009563604005146746,0.0015357085107529,78,1,4,2019-08-01,2019
2019-08,-0.2436136587157737,-0.28142529155469653,0.07141071090843179,1.186424655534686,-0.8677017011411685,-0.94215676622251,0.009563604005146746,0.0015357085107529,79,1,4,2019-08-01,2019
2019-08,-0.2577341347486943,-0.3311775152832029,0.07141071090843179,1.186424655534686,-0.8677017011411685,-0.94215676622251,0.009563604005146746,0.0015357085107529,79,0,4,2019-08-01,2019
2019-08,-0.2594390444028609,-0.34030318465544834,0.07141071090843179,1.186424655534686,-0.8677017011411685,-0.94215676622251,0.009563604005146746,0.0015357085107529,80,0,4,2019-08-01,2019
2019-08,-0.19292526066124097,-0.331704118469975,0.07141071090843179,1.186424655534686,-0.8677017011411685,-0.94215676622251,0.009563604005146746,0.0015357085107529,80,1,4,2019-08-01,2019
2019-08,-0.20763847163934845,-0.31879344841681295,0.07141071090843179,1.186424655534686,-0.8677017011411685,-0.94215676622251,0.009563604005146746,0.0015357085107529,81,0,4,2019-08-01,2019
2019-08,-0.2454810924678142,-0.3149899039477629,0.07141071090843179,1.186424655534686,-0.8677017011411685,-0.94215676622251,0.009563604005146746,0.0015357085107529,81,1,4,2019-08-01,2019
2019-08,-0.21316110422004161,-0.32094826929962533,0.07141071090843179,1.186424655534686,-0.8677017011411685,-0.94215676622251,0.009563604005146746,0.0015357085107529,87,0,4,2019-08-01,2019
2019-08,-0.24008911651482354,-0.3159492949118392,0.07141071090843179,1.186424655534686,-0.8677017011411685,-0.94215676622251,0.009563604005146746,0.0015357085107529,87,1,4,2019-08-01,2019
2019-08,8.333758130673575,5.61585027223771,0.07141071090843179,1.186424655534686,-0.8677017011411685,-0.94215676622251,0.009563604005146746,0.0015357085107529,88,1,4,2019-08-01,2019
2019-08,1.3445017172729339,0.6530457548051812,0.07141071090843179,1.186424655534686,-0.8677017011411685,-0.94215676622251,0.009563604005146746,0.0015357085107529,88,0,4,2019-08-01,2019
2019-08,-0.2490948635852441,-0.23318581966302787,0.07141071090843179,1.186424655534686,-0.8677017011411685,-0.94215676622251,0.009563604005146746,0.0015357085107529,89,1,4,2019-08-01,2019
2019-08,0.199739333295971,0.5332357631605252,0.07141071090843179,1.186424655534686,-0.8677017011411685,-0.94215676622251,0.009563604005146746,0.0015357085107529,89,0,4,2019-08-01,2019
2019-08,-0.2592669600639357,-0.3401373389403105,0.07141071090843179,1.186424655534686,-0.8677017011411685,-0.94215676622251,0.009563604005146746,0.0015357085107529,90,1,4,2019-08-01,2019
2019-08,-0.061248873913265854,0.8896075134834578,0.07141071090843179,1.186424655534686,-0.8677017011411685,-0.94215676622251,0.009563604005146746,0.0015357085107529,90,0,4,2019-08-01,2019
2019-08,-0.25796039378691077,-0.28949974550990376,0.07141071090843179,1.186424655534686,-0.8677017011411685,-0.94215676622251,0.009563604005146746,0.0015357085107529,92,0,4,2019-08-01,2019
2019-08,-0.2585945564433204,-0.3331923921217506,0.07141071090843179,1.186424655534686,-0.8677017011411685,-0.94215676622251,0.009563604005146746,0.0015357085107529,94,1,4,2019-08-01,2019
2019-08,-0.2594422311498781,-0.34030000104866814,0.07141071090843179,1.186424655534686,-0.8677017011411685,-0.94215676622251,0.009563604005146746,0.0015357085107529,94,0,4,2019-08-01,2019
2019-08,-0.1305287540657581,0.03695129487892973,0.07141071090843179,1.186424655534686,-0.8677017011411685,-0.94215676622251,0.009563604005146746,0.0015357085107529,99,1,4,2019-08-01,2019
2019-08,-0.25576153834508836,-0.33696607224321024,0.07141071090843179,1.186424655534686,-0.8677017011411685,-0.94215676622251,0.009563604005146746,0.0015357085107529,99,0,4,2019-08-01,2019
2019-08,-0.2177787006478687,-0.3090420704672729,0.07141071090843179,1.186424655534686,-0.8677017011411685,-0.94215676622251,0.009563604005146746,0.0015357085107529,101,0,4,2019-08-01,2019
2019-08,1.382185000750543,0.7534371878128528,0.07141071090843179,1.186424655534686,-0.8677017011411685,-0.94215676622251,0.009563604005146746,0.0015357085107529,101,1,4,2019-08-01,2019
2019-09,-0.25811017089671606,-0.3390198063971414,0.07141071090843179,1.186424655534686,-1.0366234513754848,-1.1583449064297056,0.2551799542243972,0.0017959152525845,0,0,4,2019-09-01,2019
2019-09,-0.164473983292269,-0.2662929737307805,0.07141071090843179,1.186424655534686,-1.0366234513754848,-1.1583449064297056,0.2551799542243972,0.0017959152525845,0,1,4,2019-09-01,2019
2019-09,-0.25906619500185624,-0.21725462813652915,0.07141071090843179,1.186424655534686,-1.0366234513754848,-1.1583449064297056,0.2551799542243972,0.0017959152525845,1,1,4,2019-09-01,2019
2019-09,-0.2574218335410151,-0.3376710247367039,0.07141071090843179,1.186424655534686,-1.0366234513754848,-1.1583449064297056,0.2551799542243972,0.0017959152525845,3,1,4,2019-09-01,2019
2019-09,-0.25934344199234693,-0.3401474187587565,0.07141071090843179,1.186424655534686,-1.0366234513754848,-1.1583449064297056,0.2551799542243972,0.0017959152525845,3,0,4,2019-09-01,2019
2019-09,-0.1528742241499014,0.21714976737801656,0.07141071090843179,1.186424655534686,-1.0366234513754848,-1.1583449064297056,0.2551799542243972,0.0017959152525845,4,1,4,2019-09-01,2019
2019-09,-0.2584160986103609,-0.3365389110821187,0.07141071090843179,1.186424655534686,-1.0366234513754848,-1.1583449064297056,0.2551799542243972,0.0017959152525845,4,0,4,2019-09-01,2019
2019-09,-0.25916817090640454,-0.3354067204823545,0.07141071090843179,1.186424655534686,-1.0366234513754848,-1.1583449064297056,0.2551799542243972,0.0017959152525845,6,1,4,2019-09-01,2019
2019-09,-0.2591872913885073,-0.33490912562805675,0.07141071090843179,1.186424655534686,-1.0366234513754848,-1.1583449064297056,0.2551799542243972,0.0017959152525845,6,0,4,2019-09-01,2019
2019-09,-0.08791875969965994,-0.13953588080255322,0.07141071090843179,1.186424655534686,-1.0366234513754848,-1.1583449064297056,0.2551799542243972,0.0017959152525845,8,1,4,2019-09-01,2019
2019-09,-0.2554556106314435,-0.33417039420099204,0.07141071090843179,1.186424655534686,-1.0366234513754848,-1.1583449064297056,0.2551799542243972,0.0017959152525845,8,0,4,2019-09-01,2019
2019-09,-0.259012020302565,-0.33872422149210074,0.07141071090843179,1.186424655534686,-1.0366234513754848,-1.1583449064297056,0.2551799542243972,0.0017959152525845,9,0,4,2019-09-01,2019
2019-09,-0.259321134763227,-0.33999242231385446,0.07141071090843179,1.186424655534686,-1.0366234513754848,-1.1583449064297056,0.2551799542243972,0.0017959152525845,9,1,4,2019-09-01,2019
2019-09,-0.24898651418666154,-0.33646862166112307,0.07141071090843179,1.186424655534686,-1.0366234513754848,-1.1583449064297056,0.2551799542243972,0.0017959152525845,22,1,4,2019-09-01,2019
2019-09,-0.2594358576558438,-0.3402995297594469,0.07141071090843179,1.186424655534686,-1.0366234513754848,-1.1583449064297056,0.2551799542243972,0.0017959152525845,22,0,4,2019-09-01,2019
2019-09,-0.2593402552453298,-0.33995357461661835,0.07141071090843179,1.186424655534686,-1.0366234513754848,-1.1583449064297056,0.2551799542243972,0.0017959152525845,36,1,4,2019-09-01,2019
2019-09,-0.25917773114745596,-0.3402267203838398,0.07141071090843179,1.186424655534686,-1.0366234513754848,-1.1583449064297056,0.2551799542243972,0.0017959152525845,42,0,4,2019-09-01,2019
2019-09,-0.23461747188640453,-0.3329635763957674,0.07141071090843179,1.186424655534686,-1.0366234513754848,-1.1583449064297056,0.2551799542243972,0.0017959152525845,42,1,4,2019-09-01,2019
2019-09,-0.25883993596363974,-0.3369800570294893,0.07141071090843179,1.186424655534686,-1.0366234513754848,-1.1583449064297056,0.2551799542243972,0.0017959152525845,43,1,4,2019-09-01,2019
2019-09,-0.20433062823556342,-0.23331310622535079,0.07141071090843179,1.186424655534686,-1.0366234513754848,-1.1583449064297056,0.2551799542243972,0.0017959152525845,44,0,4,2019-09-01,2019
2019-09,0.7591536516717344,2.22661992788901,0.07141071090843179,1.186424655534686,-1.0366234513754848,-1.1583449064297056,0.2551799542243972,0.0017959152525845,44,1,4,2019-09-01,2019
2019-09,-0.2590247672906335,-0.3297084971624663,0.07141071090843179,1.186424655534686,-1.0366234513754848,-1.1583449064297056,0.2551799542243972,0.0017959152525845,45,1,4,2019-09-01,2019
2019-09,-0.25942948416180955,-0.33962638447931287,0.07141071090843179,1.186424655534686,-1.0366234513754848,-1.1583449064297056,0.2551799542243972,0.0017959152525845,45,0,4,2019-09-01,2019
2019-09,-0.2581197311377675,-0.33388402348113394,0.07141071090843179,1.186424655534686,-1.0366234513754848,-1.1583449064297056,0.2551799542243972,0.0017959152525845,50,1,4,2019-09-01,2019
2019-09,-0.25895465885625657,-0.3303124783448473,0.07141071090843179,1.186424655534686,-1.0366234513754848,-1.1583449064297056,0.2551799542243972,0.0017959152525845,50,0,4,2019-09-01,2019
2019-09,-0.15892266998842164,-0.18876357886411987,0.07141071090843179,1.186424655534686,-1.0366234513754848,-1.1583449064297056,0.2551799542243972,0.0017959152525845,60,0,4,2019-09-01,2019
2019-09,-0.25935937572743256,-0.3399183337246468,0.07141071090843179,1.186424655534686,-1.0366234513754848,-1.1583449064297056,0.2551799542243972,0.0017959152525845,66,0,4,2019-09-01,2019
2019-09,-0.2594358576558438,-0.34028616053459965,0.07141071090843179,1.186424655534686,-1.0366234513754848,-1.1583449064297056,0.2551799542243972,0.0017959152525845,66,1,4,2019-09-01,2019
2019-09,-0.22865825496436404,-0.28330811122982474,0.07141071090843179,1.186424655534686,-1.0366234513754848,-1.1583449064297056,0.2551799542243972,0.0017959152525845,67,1,4,2019-09-01,2019
2019-09,-0.2561120805169731,-0.33790950670079617,0.07141071090843179,1.186424655534686,-1.0366234513754848,-1.1583449064297056,0.2551799542243972,0.0017959152525845,67,0,4,2019-09-01,2019
2019-09,-0.258537194997012,-0.33983027958545486,0.07141071090843179,1.186424655534686,-1.0366234513754848,-1.1583449064297056,0.2551799542243972,0.0017959152525845,70,1,4,2019-09-01,2019
2019-09,-0.2594422311498781,-0.34030076088231054,0.07141071090843179,1.186424655534686,-1.0366234513754848,-1.1583449064297056,0.2551799542243972,0.0017959152525845,70,0,4,2019-09-01,2019
2019-09,-0.24774049610296217,-0.3038235426294229,0.07141071090843179,1.186424655534686,-1.0366234513754848,-1.1583449064297056,0.2551799542243972,0.0017959152525845,78,1,4,2019-09-01,2019
2019-09,-0.25925102632885005,-0.3399423790930772,0.07141071090843179,1.186424655534686,-1.0366234513754848,-1.1583449064297056,0.2551799542243972,0.0017959152525845,78,0,4,2019-09-01,2019
2019-09,-0.24837784550638897,-0.29396398937638835,0.07141071090843179,1.186424655534686,-1.0366234513754848,-1.1583449064297056,0.2551799542243972,0.0017959152525845,79,1,4,2019-09-01,2019
2019-09,-0.25787116487043105,-0.33003375405214996,0.07141071090843179,1.186424655534686,-1.0366234513754848,-1.1583449064297056,0.2551799542243972,0.0017959152525845,79,0,4,2019-09-01,2019
2019-09,-0.2594422311498781,-0.3403033289276589,0.07141071090843179,1.186424655534686,-1.0366234513754848,-1.1583449064297056,0.2551799542243972,0.0017959152525845,80,0,4,2019-09-01,2019
2019-09,-0.1997130318077363,-0.33242244018831596,0.07141071090843179,1.186424655534686,-1.0366234513754848,-1.1583449064297056,0.2551799542243972,0.0017959152525845,80,1,4,2019-09-01,2019
2019-09,-0.22722740555367088,-0.32612346738356385,0.07141071090843179,1.186424655534686,-1.0366234513754848,-1.1583449064297056,0.2551799542243972,0.0017959152525845,81,0,4,2019-09-01,2019
2019-09,-0.24629052621016623,-0.31975307983457363,0.07141071090843179,1.186424655534686,-1.0366234513754848,-1.1583449064297056,0.2551799542243972,0.0017959152525845,81,1,4,2019-09-01,2019
2019-09,-0.22746003808592166,-0.32616676828303326,0.07141071090843179,1.186424655534686,-1.0366234513754848,-1.1583449064297056,0.2551799542243972,0.0017959152525845,87,0,4,2019-09-01,2019
2019-09,-0.23776597793933288,-0.2975879149432637,0.07141071090843179,1.186424655534686,-1.0366234513754848,-1.1583449064297056,0.2551799542243972,0.0017959152525845,87,1,4,2019-09-01,2019
2019-09,1.2589439333569215,0.5351177652931268,0.07141071090843179,1.186424655534686,-1.0366234513754848,-1.1583449064297056,0.2551799542243972,0.0017959152525845,88,0,4,2019-09-01,2019
2019-09,7.722715323873224,5.111127918684304,0.07141071090843179,1.186424655534686,-1.0366234513754848,-1.1583449064297056,0.2551799542243972,0.0017959152525845,88,1,4,2019-09-01,2019
2019-09,-0.25092086962606186,-0.21434686982298343,0.07141071090843179,1.186424655534686,-1.0366234513754848,-1.1583449064297056,0.2551799542243972,0.0017959152525845,89,1,4,2019-09-01,2019
2019-09,0.20983494784625137,0.5546118263869826,0.07141071090843179,1.186424655534686,-1.0366234513754848,-1.1583449064297056,0.2551799542243972,0.0017959152525845,89,0,4,2019-09-01,2019
2019-09,-0.05580272326098392,1.111748937697041,0.07141071090843179,1.186424655534686,-1.0366234513754848,-1.1583449064297056,0.2551799542243972,0.0017959152525845,90,0,4,2019-09-01,2019
2019-09,-0.25913311668921607,-0.3399914124083804,0.07141071090843179,1.186424655534686,-1.0366234513754848,-1.1583449064297056,0.2551799542243972,0.0017959152525845,90,1,4,2019-09-01,2019
2019-09,-0.25748875522837494,-0.28384435180026374,0.07141071090843179,1.186424655534686,-1.0366234513754848,-1.1583449064297056,0.2551799542243972,0.0017959152525845,92,0,4,2019-09-01,2019
2019-09,-0.2594390444028609,-0.34028404454217775,0.07141071090843179,1.186424655534686,-1.0366234513754848,-1.1583449064297056,0.2551799542243972,0.0017959152525845,94,0,4,2019-09-01,2019
2019-09,-0.2585148877678921,-0.3300868077530547,0.07141071090843179,1.186424655534686,-1.0366234513754848,-1.1583449064297056,0.2551799542243972,0.0017959152525845,94,1,4,2019-09-01,2019
2019-09,-0.2573166708894497,-0.33839693517332153,0.07141071090843179,1.186424655534686,-1.0366234513754848,-1.1583449064297056,0.2551799542243972,0.0017959152525845,99,0,4,2019-09-01,2019
2019-09,-0.1845473027531958,-0.04637914130302722,0.07141071090843179,1.186424655534686,-1.0366234513754848,-1.1583449064297056,0.2551799542243972,0.0017959152525845,99,1,4,2019-09-01,2019
2019-09,1.1518628600871863,0.5216402401064404,0.07141071090843179,1.186424655534686,-1.0366234513754848,-1.1583449064297056,0.2551799542243972,0.0017959152525845,101,1,4,2019-09-01,2019
2019-09,-0.2170935500391849,-0.31193183322708534,0.07141071090843179,1.186424655534686,-1.0366234513754848,-1.1583449064297056,0.2551799542243972,0.0017959152525845,101,0,4,2019-09-01,2019
2019-10,-0.14906924821144346,-0.24268185503613235,-0.8347075736769481,-0.7970468659325731,-0.9621544649402003,-1.0954031425952937,0.05995899060391725,0.0016352926293473,0,1,4,2019-10-01,2019
2019-10,-0.2582217070423158,-0.33926402077706747,-0.8347075736769481,-0.7970468659325731,-0.9621544649402003,-1.0954031425952937,0.05995899060391725,0.0016352926293473,0,0,4,2019-10-01,2019
2019-10,-0.25920641187061016,-0.2736983797366342,-0.8347075736769481,-0.7970468659325731,-0.9621544649402003,-1.0954031425952937,0.05995899060391725,0.0016352926293473,1,1,4,2019-10-01,2019
2019-10,-0.25729117691331266,-0.33746308039051826,-0.8347075736769481,-0.7970468659325731,-0.9621544649402003,-1.0954031425952937,0.05995899060391725,0.0016352926293473,3,1,4,2019-10-01,2019
2019-10,-0.2593052010281413,-0.3400880266987335,-0.8347075736769481,-0.7970468659325731,-0.9621544649402003,-1.0954031425952937,0.05995899060391725,0.0016352926293473,3,0,4,2019-10-01,2019
2019-10,-0.1303885371970042,0.44274835771933696,-0.8347075736769481,-0.7970468659325731,-0.9621544649402003,-1.0954031425952937,0.05995899060391725,0.0016352926293473,4,1,4,2019-10-01,2019
2019-10,-0.25825676125950425,-0.3363217525507505,-0.8347075736769481,-0.7970468659325731,-0.9621544649402003,-1.0954031425952937,0.05995899060391725,0.0016352926293473,4,0,4,2019-10-01,2019
2019-10,-0.25915223717131886,-0.33356694201671655,-0.8347075736769481,-0.7970468659325731,-0.9621544649402003,-1.0954031425952937,0.05995899060391725,0.0016352926293473,6,0,4,2019-10-01,2019
2019-10,-0.2592127853646444,-0.3365425467418254,-0.8347075736769481,-0.7970468659325731,-0.9621544649402003,-1.0954031425952937,0.05995899060391725,0.0016352926293473,6,1,4,2019-10-01,2019
2019-10,-0.07755864514695744,-0.12933434470155483,-0.8347075736769481,-0.7970468659325731,-0.9621544649402003,-1.0954031425952937,0.05995899060391725,0.0016352926293473,8,1,4,2019-10-01,2019
2019-10,-0.25472903231153693,-0.33343988628993054,-0.8347075736769481,-0.7970468659325731,-0.9621544649402003,-1.0954031425952937,0.05995899060391725,0.0016352926293473,8,0,4,2019-10-01,2019
2019-10,-0.2593052010281413,-0.3400044449980696,-0.8347075736769481,-0.7970468659325731,-0.9621544649402003,-1.0954031425952937,0.05995899060391725,0.0016352926293473,9,1,4,2019-10-01,2019
2019-10,-0.2591267431951818,-0.33926567509841543,-0.8347075736769481,-0.7970468659325731,-0.9621544649402003,-1.0954031425952937,0.05995899060391725,0.0016352926293473,9,0,4,2019-10-01,2019
2019-10,-0.2594422311498781,-0.34030183811481624,-0.8347075736769481,-0.7970468659325731,-0.9621544649402003,-1.0954031425952937,0.05995899060391725,0.0016352926293473,22,0,4,2019-10-01,2019
2019-10,-0.245857128615836,-0.3350647568706854,-0.8347075736769481,-0.7970468659325731,-0.9621544649402003,-1.0954031425952937,0.05995899060391725,0.0016352926293473,22,1,4,2019-10-01,2019
2019-10,-0.2593402552453298,-0.3399170256566042,-0.8347075736769481,-0.7970468659325731,-0.9621544649402003,-1.0954031425952937,0.05995899060391725,0.0016352926293473,36,1,4,2019-10-01,2019
2019-10,-0.23495845381723787,-0.3332505626770573,-0.8347075736769481,-0.7970468659325731,-0.9621544649402003,-1.0954031425952937,0.05995899060391725,0.0016352926293473,42,1,4,2019-10-01,2019
2019-10,-0.25918091789447306,-0.34022037240657416,-0.8347075736769481,-0.7970468659325731,-0.9621544649402003,-1.0954031425952937,0.05995899060391725,0.0016352926293473,42,0,4,2019-10-01,2019
2019-10,0.7930128387287827,2.332256675274963,-0.8347075736769481,-0.7970468659325731,-0.9621544649402003,-1.0954031425952937,0.05995899060391725,0.0016352926293473,44,1,4,2019-10-01,2019
2019-10,-0.1997895137361475,-0.22449025460496985,-0.8347075736769481,-0.7970468659325731,-0.9621544649402003,-1.0954031425952937,0.05995899060391725,0.0016352926293473,44,0,4,2019-10-01,2019
2019-10,-0.2594390444028609,-0.34023412635731637,-0.8347075736769481,-0.7970468659325731,-0.9621544649402003,-1.0954031425952937,0.05995899060391725,0.0016352926293473,45,0,4,2019-10-01,2019
2019-10,-0.25919685162955874,-0.3366818559883634,-0.8347075736769481,-0.7970468659325731,-0.9621544649402003,-1.0954031425952937,0.05995899060391725,0.0016352926293473,45,1,4,2019-10-01,2019
2019-10,-0.25812929137881885,-0.33405620755539,-0.8347075736769481,-0.7970468659325731,-0.9621544649402003,-1.0954031425952937,0.05995899060391725,0.0016352926293473,50,1,4,2019-10-01,2019
2019-10,-0.2589100443980167,-0.3314273755156364,-0.8347075736769481,-0.7970468659325731,-0.9621544649402003,-1.0954031425952937,0.05995899060391725,0.0016352926293473,50,0,4,2019-10-01,2019
2019-10,-0.1512489831711631,-0.1769617561670499,-0.8347075736769481,-0.7970468659325731,-0.9621544649402003,-1.0954031425952937,0.05995899060391725,0.0016352926293473,60,0,4,2019-10-01,2019
2019-10,-0.25937530946251824,-0.33982973135105465,-0.8347075736769481,-0.7970468659325731,-0.9621544649402003,-1.0954031425952937,0.05995899060391725,0.0016352926293473,66,0,4,2019-10-01,2019
2019-10,-0.2594262974147924,-0.3401260664715903,-0.8347075736769481,-0.7970468659325731,-0.9621544649402003,-1.0954031425952937,0.05995899060391725,0.0016352926293473,66,1,4,2019-10-01,2019
2019-10,-0.25924465283481574,-0.3384682825905281,-0.8347075736769481,-0.7970468659325731,-0.9621544649402003,-1.0954031425952937,0.05995899060391725,0.0016352926293473,67,0,4,2019-10-01,2019
2019-10,-0.2513192130032036,-0.29174579452054095,-0.8347075736769481,-0.7970468659325731,-0.9621544649402003,-1.0954031425952937,0.05995899060391725,0.0016352926293473,67,1,4,2019-10-01,2019
2019-10,-0.25858499620226905,-0.3398840642655599,-0.8347075736769481,-0.7970468659325731,-0.9621544649402003,-1.0954031425952937,0.05995899060391725,0.0016352926293473,70,1,4,2019-10-01,2019
2019-10,-0.25919366488254164,-0.33982038251180896,-0.8347075736769481,-0.7970468659325731,-0.9621544649402003,-1.0954031425952937,0.05995899060391725,0.0016352926293473,78,0,4,2019-10-01,2019
2019-10,-0.2447417671598391,-0.29228377597565425,-0.8347075736769481,-0.7970468659325731,-0.9621544649402003,-1.0954031425952937,0.05995899060391725,0.0016352926293473,78,1,4,2019-10-01,2019
2019-10,-0.24758434549912262,-0.29361971740934995,-0.8347075736769481,-0.7970468659325731,-0.9621544649402003,-1.0954031425952937,0.05995899060391725,0.0016352926293473,79,1,4,2019-10-01,2019
2019-10,-0.25748556848135784,-0.32804198000359014,-0.8347075736769481,-0.7970468659325731,-0.9621544649402003,-1.0954031425952937,0.05995899060391725,0.0016352926293473,79,0,4,2019-10-01,2019
2019-10,-0.20038224868133445,-0.3326195737368554,-0.8347075736769481,-0.7970468659325731,-0.9621544649402003,-1.0954031425952937,0.05995899060391725,0.0016352926293473,80,1,4,2019-10-01,2019
2019-10,-0.2594390444028609,-0.3403030884739746,-0.8347075736769481,-0.7970468659325731,-0.9621544649402003,-1.0954031425952937,0.05995899060391725,0.0016352926293473,80,0,4,2019-10-01,2019
2019-10,-0.23841288758381107,-0.3301558275785972,-0.8347075736769481,-0.7970468659325731,-0.9621544649402003,-1.0954031425952937,0.05995899060391725,0.0016352926293473,81,0,4,2019-10-01,2019
2019-10,-0.2476034659812254,-0.32255787588050056,-0.8347075736769481,-0.7970468659325731,-0.9621544649402003,-1.0954031425952937,0.05995899060391725,0.0016352926293473,81,1,4,2019-10-01,2019
2019-10,-0.23323761042798555,-0.32854918338711264,-0.8347075736769481,-0.7970468659325731,-0.9621544649402003,-1.0954031425952937,0.05995899060391725,0.0016352926293473,87,0,4,2019-10-01,2019
2019-10,-0.236959730943998,-0.30595081713816147,-0.8347075736769481,-0.7970468659325731,-0.9621544649402003,-1.0954031425952937,0.05995899060391725,0.0016352926293473,87,1,4,2019-10-01,2019
2019-10,1.3877076333312361,0.5940988995877713,-0.8347075736769481,-0.7970468659325731,-0.9621544649402003,-1.0954031425952937,0.05995899060391725,0.0016352926293473,88,0,4,2019-10-01,2019
2019-10,7.985089766034915,5.307381070104,-0.8347075736769481,-0.7970468659325731,-0.9621544649402003,-1.0954031425952937,0.05995899060391725,0.0016352926293473,88,1,4,2019-10-01,2019
2019-10,-0.2511981166165525,-0.13079796704161567,-0.8347075736769481,-0.7970468659325731,-0.9621544649402003,-1.0954031425952937,0.05995899060391725,0.0016352926293473,89,1,4,2019-10-01,2019
2019-10,0.24367182767417972,0.6067761372042114,-0.8347075736769481,-0.7970468659325731,-0.9621544649402003,-1.0954031425952937,0.05995899060391725,0.0016352926293473,89,0,4,2019-10-01,2019
2019-10,-0.25927014681095284,-0.34016904035404905,-0.8347075736769481,-0.7970468659325731,-0.9621544649402003,-1.0954031425952937,0.05995899060391725,0.0016352926293473,90,1,4,2019-10-01,2019
2019-10,-0.05596206061184062,1.0876879397772083,-0.8347075736769481,-0.7970468659325731,-0.9621544649402003,-1.0954031425952937,0.05995899060391725,0.0016352926293473,90,0,4,2019-10-01,2019
2019-10,-0.25768633354343723,-0.27481916321361505,-0.8347075736769481,-0.7970468659325731,-0.9621544649402003,-1.0954031425952937,0.05995899060391725,0.0016352926293473,92,0,4,2019-10-01,2019
2019-10,-0.25852763475596063,-0.32691850344534507,-0.8347075736769481,-0.7970468659325731,-0.9621544649402003,-1.0954031425952937,0.05995899060391725,0.0016352926293473,94,1,4,2019-10-01,2019
2019-10,-0.25628735160291544,-0.33746142606917023,-0.8347075736769481,-0.7970468659325731,-0.9621544649402003,-1.0954031425952937,0.05995899060391725,0.0016352926293473,99,0,4,2019-10-01,2019
2019-10,-0.1579029109429388,0.016901266394374757,-0.8347075736769481,-0.7970468659325731,-0.9621544649402003,-1.0954031425952937,0.05995899060391725,0.0016352926293473,99,1,4,2019-10-01,2019
2019-10,-0.2115167427592005,-0.3102955459053998,-0.8347075736769481,-0.7970468659325731,-0.9621544649402003,-1.0954031425952937,0.05995899060391725,0.0016352926293473,101,0,4,2019-10-01,2019
2019-10,1.1885518784954494,0.5478187116428394,-0.8347075736769481,-0.7970468659325731,-0.9621544649402003,-1.0954031425952937,0.05995899060391725,0.0016352926293473,101,1,4,2019-10-01,2019
2019-11,-0.2582535745124871,-0.33926133731395064,-0.8347075736769481,-0.7970468659325731,-1.115199023579923,-1.1630705820025138,0.2869828680974077,0.0018926114074999,0,0,4,2019-11-01,2019
2019-11,-0.1691744351425416,-0.21176051152202519,-0.8347075736769481,-0.7970468659325731,-1.115199023579923,-1.1630705820025138,0.2869828680974077,0.0018926114074999,0,1,4,2019-11-01,2019
2019-11,-0.2591267431951818,-0.2469662010741684,-0.8347075736769481,-0.7970468659325731,-1.115199023579923,-1.1630705820025138,0.2869828680974077,0.0018926114074999,1,1,4,2019-11-01,2019
2019-11,-0.2593370684983127,-0.34018433320837077,-0.8347075736769481,-0.7970468659325731,-1.115199023579923,-1.1630705820025138,0.2869828680974077,0.0018926114074999,3,0,4,2019-11-01,2019
2019-11,-0.25733579137155255,-0.3375797485181423,-0.8347075736769481,-0.7970468659325731,-1.115199023579923,-1.1630705820025138,0.2869828680974077,0.0018926114074999,3,1,4,2019-11-01,2019
2019-11,-0.1324631095051584,0.4099731162992496,-0.8347075736769481,-0.7970468659325731,-1.115199023579923,-1.1630705820025138,0.2869828680974077,0.0018926114074999,4,1,4,2019-11-01,2019
2019-11,-0.25834917692300113,-0.3356781349830489,-0.8347075736769481,-0.7970468659325731,-1.115199023579923,-1.1630705820025138,0.2869828680974077,0.0018926114074999,4,0,4,2019-11-01,2019
2019-11,-0.259155423918336,-0.333663460125596,-0.8347075736769481,-0.7970468659325731,-1.115199023579923,-1.1630705820025138,0.2869828680974077,0.0018926114074999,6,0,4,2019-11-01,2019
2019-11,-0.2591745444004388,-0.3350627082052951,-0.8347075736769481,-0.7970468659325731,-1.115199023579923,-1.1630705820025138,0.2869828680974077,0.0018926114074999,6,1,4,2019-11-01,2019
2019-11,-0.09225910913699639,-0.14002105862859351,-0.8347075736769481,-0.7970468659325731,-1.115199023579923,-1.1630705820025138,0.2869828680974077,0.0018926114074999,8,1,4,2019-11-01,2019
2019-11,-0.25475771303469114,-0.3334570739192846,-0.8347075736769481,-0.7970468659325731,-1.115199023579923,-1.1630705820025138,0.2869828680974077,0.0018926114074999,8,0,4,2019-11-01,2019
2019-11,-0.2593402552453298,-0.34014232114064924,-0.8347075736769481,-0.7970468659325731,-1.115199023579923,-1.1630705820025138,0.2869828680974077,0.0018926114074999,9,1,4,2019-11-01,2019
2019-11,-0.25910443596606186,-0.3392079662141826,-0.8347075736769481,-0.7970468659325731,-1.115199023579923,-1.1630705820025138,0.2869828680974077,0.0018926114074999,9,0,4,2019-11-01,2019
2019-11,-0.25111844794112415,-0.33702204986091605,-0.8347075736769481,-0.7970468659325731,-1.115199023579923,-1.1630705820025138,0.2869828680974077,0.0018926114074999,22,1,4,2019-11-01,2019
2019-11,-0.2593657492214668,-0.33984286012221765,-0.8347075736769481,-0.7970468659325731,-1.115199023579923,-1.1630705820025138,0.2869828680974077,0.0018926114074999,36,1,4,2019-11-01,2019
2019-11,-0.23992659241694972,-0.3344525714085959,-0.8347075736769481,-0.7970468659325731,-1.115199023579923,-1.1630705820025138,0.2869828680974077,0.0018926114074999,42,1,4,2019-11-01,2019
2019-11,-0.25909168897799334,-0.34020286737835687,-0.8347075736769481,-0.7970468659325731,-1.115199023579923,-1.1630705820025138,0.2869828680974077,0.0018926114074999,42,0,4,2019-11-01,2019
2019-11,-0.2012904715812176,-0.2365922404452296,-0.8347075736769481,-0.7970468659325731,-1.115199023579923,-1.1630705820025138,0.2869828680974077,0.0018926114074999,44,0,4,2019-11-01,2019
2019-11,0.7129298861882064,2.409874759078542,-0.8347075736769481,-0.7970468659325731,-1.115199023579923,-1.1630705820025138,0.2869828680974077,0.0018926114074999,44,1,4,2019-11-01,2019
2019-11,-0.2592319058467472,-0.336473478825546,-0.8347075736769481,-0.7970468659325731,-1.115199023579923,-1.1630705820025138,0.2869828680974077,0.0018926114074999,45,1,4,2019-11-01,2019
2019-11,-0.2594422311498781,-0.3402990488520783,-0.8347075736769481,-0.7970468659325731,-1.115199023579923,-1.1630705820025138,0.2869828680974077,0.0018926114074999,45,0,4,2019-11-01,2019
2019-11,-0.2589291648801195,-0.33163874392228654,-0.8347075736769481,-0.7970468659325731,-1.115199023579923,-1.1630705820025138,0.2869828680974077,0.0018926114074999,50,0,4,2019-11-01,2019
2019-11,-0.2579635805339279,-0.33323499089646186,-0.8347075736769481,-0.7970468659325731,-1.115199023579923,-1.1630705820025138,0.2869828680974077,0.0018926114074999,50,1,4,2019-11-01,2019
2019-11,-0.1584223507067316,-0.19740674425529448,-0.8347075736769481,-0.7970468659325731,-1.115199023579923,-1.1630705820025138,0.2869828680974077,0.0018926114074999,60,0,4,2019-11-01,2019
2019-11,-0.25942311066777524,-0.34019452844458525,-0.8347075736769481,-0.7970468659325731,-1.115199023579923,-1.1630705820025138,0.2869828680974077,0.0018926114074999,66,1,4,2019-11-01,2019
2019-11,-0.2593498154863812,-0.3397332132421752,-0.8347075736769481,-0.7970468659325731,-1.115199023579923,-1.1630705820025138,0.2869828680974077,0.0018926114074999,66,0,4,2019-11-01,2019
2019-11,-0.25160283348772855,-0.29617863513585546,-0.8347075736769481,-0.7970468659325731,-1.115199023579923,-1.1630705820025138,0.2869828680974077,0.0018926114074999,67,1,4,2019-11-01,2019
2019-11,-0.2592892672930556,-0.3390107941930537,-0.8347075736769481,-0.7970468659325731,-1.115199023579923,-1.1630705820025138,0.2869828680974077,0.0018926114074999,67,0,4,2019-11-01,2019
2019-11,-0.2594390444028609,-0.3402996163227732,-0.8347075736769481,-0.7970468659325731,-1.115199023579923,-1.1630705820025138,0.2869828680974077,0.0018926114074999,70,0,4,2019-11-01,2019
2019-11,-0.2583587371640525,-0.33961789165518325,-0.8347075736769481,-0.7970468659325731,-1.115199023579923,-1.1630705820025138,0.2869828680974077,0.0018926114074999,70,1,4,2019-11-01,2019
2019-11,-0.25920641187061016,-0.3397327227166593,-0.8347075736769481,-0.7970468659325731,-1.115199023579923,-1.1630705820025138,0.2869828680974077,0.0018926114074999,78,0,4,2019-11-01,2019
2019-11,-0.24495846595700424,-0.29679869786064267,-0.8347075736769481,-0.7970468659325731,-1.115199023579923,-1.1630705820025138,0.2869828680974077,0.0018926114074999,78,1,4,2019-11-01,2019
2019-11,-0.25733897811856965,-0.324647774268551,-0.8347075736769481,-0.7970468659325731,-1.115199023579923,-1.1630705820025138,0.2869828680974077,0.0018926114074999,79,0,4,2019-11-01,2019
2019-11,-0.24993297805075035,-0.3015442052107308,-0.8347075736769481,-0.7970468659325731,-1.115199023579923,-1.1630705820025138,0.2869828680974077,0.0018926114074999,79,1,4,2019-11-01,2019
2019-11,-0.20287428484873318,-0.3331273542092202,-0.8347075736769481,-0.7970468659325731,-1.115199023579923,-1.1630705820025138,0.2869828680974077,0.0018926114074999,80,1,4,2019-11-01,2019
2019-11,-0.24561812258955096,-0.31897700114126293,-0.8347075736769481,-0.7970468659325731,-1.115199023579923,-1.1630705820025138,0.2869828680974077,0.0018926114074999,81,1,4,2019-11-01,2019
2019-11,-0.2191490018652363,-0.32311472814075803,-0.8347075736769481,-0.7970468659325731,-1.115199023579923,-1.1630705820025138,0.2869828680974077,0.0018926114074999,81,0,4,2019-11-01,2019
2019-11,-0.23343518874304783,-0.2870446653024279,-0.8347075736769481,-0.7970468659325731,-1.115199023579923,-1.1630705820025138,0.2869828680974077,0.0018926114074999,87,1,4,2019-11-01,2019
2019-11,-0.19302404981877214,-0.3125564645718743,-0.8347075736769481,-0.7970468659325731,-1.115199023579923,-1.1630705820025138,0.2869828680974077,0.0018926114074999,87,0,4,2019-11-01,2019
2019-11,1.2606106020468826,0.5047283822738781,-0.8347075736769481,-0.7970468659325731,-1.115199023579923,-1.1630705820025138,0.2869828680974077,0.0018926114074999,88,0,4,2019-11-01,2019
2019-11,7.253383970177804,4.922241412136551,-0.8347075736769481,-0.7970468659325731,-1.115199023579923,-1.1630705820025138,0.2869828680974077,0.0018926114074999,88,1,4,2019-11-01,2019
2019-11,0.19102676695112675,0.49936980459214236,-0.8347075736769481,-0.7970468659325731,-1.115199023579923,-1.1630705820025138,0.2869828680974077,0.0018926114074999,89,0,4,2019-11-01,2019
2019-11,-0.2511981166165525,-0.0897742505259169,-0.8347075736769481,-0.7970468659325731,-1.115199023579923,-1.1630705820025138,0.2869828680974077,0.0018926114074999,89,1,4,2019-11-01,2019
2019-11,-0.054550331683250276,0.8383660831428807,-0.8347075736769481,-0.7970468659325731,-1.115199023579923,-1.1630705820025138,0.2869828680974077,0.0018926114074999,90,0,4,2019-11-01,2019
2019-11,-0.25913630343623323,-0.33800444743350655,-0.8347075736769481,-0.7970468659325731,-1.115199023579923,-1.1630705820025138,0.2869828680974077,0.0018926114074999,90,1,4,2019-11-01,2019
2019-11,-0.25760029137397467,-0.2963065180233154,-0.8347075736769481,-0.7970468659325731,-1.115199023579923,-1.1630705820025138,0.2869828680974077,0.0018926114074999,92,0,4,2019-11-01,2019
2019-11,-0.25856906246718336,-0.3302963390935568,-0.8347075736769481,-0.7970468659325731,-1.115199023579923,-1.1630705820025138,0.2869828680974077,0.0018926114074999,94,1,4,2019-11-01,2019
2019-11,-0.18302085093198864,-0.015903060303365968,-0.8347075736769481,-0.7970468659325731,-1.115199023579923,-1.1630705820025138,0.2869828680974077,0.0018926114074999,99,1,4,2019-11-01,2019
2019-11,-0.2574760082403064,-0.3385526529792765,-0.8347075736769481,-0.7970468659325731,-1.115199023579923,-1.1630705820025138,0.2869828680974077,0.0018926114074999,99,0,4,2019-11-01,2019
2019-11,-0.21203299577597617,-0.3103387313871007,-0.8347075736769481,-0.7970468659325731,-1.115199023579923,-1.1630705820025138,0.2869828680974077,0.0018926114074999,101,0,4,2019-11-01,2019
2019-11,1.0678219677513294,0.46913392720495295,-0.8347075736769481,-0.7970468659325731,-1.115199023579923,-1.1630705820025138,0.2869828680974077,0.0018926114074999,101,1,4,2019-11-01,2019
2019-12,-0.2583396166819497,-0.33927937134027336,-0.8347075736769481,-0.7970468659325731,-1.1032291566759753,-1.127195958296191,-0.33244003902922786,0.0015702831251763,0,0,4,2019-12-01,2019
2019-12,-0.16898004357449642,-0.23728971963821519,-0.8347075736769481,-0.7970468659325731,-1.1032291566759753,-1.127195958296191,-0.33244003902922786,0.0015702831251763,0,1,4,2019-12-01,2019
2019-12,-0.2593370684983127,-0.31044360766604656,-0.8347075736769481,-0.7970468659325731,-1.1032291566759753,-1.127195958296191,-0.33244003902922786,0.0015702831251763,1,1,4,2019-12-01,2019
2019-12,-0.2564116347365837,-0.3366481732362662,-0.8347075736769481,-0.7970468659325731,-1.1032291566759753,-1.127195958296191,-0.33244003902922786,0.0015702831251763,3,1,4,2019-12-01,2019
2019-12,-0.2592892672930556,-0.34004652439282274,-0.8347075736769481,-0.7970468659325731,-1.1032291566759753,-1.127195958296191,-0.33244003902922786,0.0015702831251763,3,0,4,2019-12-01,2019
2019-12,-0.25802094198023634,-0.3343738083997655,-0.8347075736769481,-0.7970468659325731,-1.1032291566759753,-1.127195958296191,-0.33244003902922786,0.0015702831251763,4,0,4,2019-12-01,2019
2019-12,-0.12577731426321137,0.44654462125082633,-0.8347075736769481,-0.7970468659325731,-1.1032291566759753,-1.127195958296191,-0.33244003902922786,0.0015702831251763,4,1,4,2019-12-01,2019
2019-12,-0.2591171829541304,-0.33345643912155803,-0.8347075736769481,-0.7970468659325731,-1.1032291566759753,-1.127195958296191,-0.33244003902922786,0.0015702831251763,6,1,4,2019-12-01,2019
2019-12,-0.259059821507822,-0.3296012932918564,-0.8347075736769481,-0.7970468659325731,-1.1032291566759753,-1.127195958296191,-0.33244003902922786,0.0015702831251763,6,0,4,2019-12-01,2019
2019-12,-0.08667274161596057,-0.12063704837696983,-0.8347075736769481,-0.7970468659325731,-1.1032291566759753,-1.127195958296191,-0.33244003902922786,0.0015702831251763,8,1,4,2019-12-01,2019
2019-12,-0.2543179419463267,-0.33243574208613164,-0.8347075736769481,-0.7970468659325731,-1.1032291566759753,-1.127195958296191,-0.33244003902922786,0.0015702831251763,8,0,4,2019-12-01,2019
2019-12,-0.25931476126919273,-0.34006912703914727,-0.8347075736769481,-0.7970468659325731,-1.1032291566759753,-1.127195958296191,-0.33244003902922786,0.0015702831251763,9,1,4,2019-12-01,2019
2019-12,-0.25915223717131886,-0.33938668101050434,-0.8347075736769481,-0.7970468659325731,-1.1032291566759753,-1.127195958296191,-0.33244003902922786,0.0015702831251763,9,0,4,2019-12-01,2019
2019-12,-0.25118855637550114,-0.3370979370436823,-0.8347075736769481,-0.7970468659325731,-1.1032291566759753,-1.127195958296191,-0.33244003902922786,0.0015702831251763,22,1,4,2019-12-01,2019
2019-12,-0.2594422311498781,-0.34030203047776364,-0.8347075736769481,-0.7970468659325731,-1.1032291566759753,-1.127195958296191,-0.33244003902922786,0.0015702831251763,22,0,4,2019-12-01,2019
2019-12,-0.2592287190997301,-0.33942386476824504,-0.8347075736769481,-0.7970468659325731,-1.1032291566759753,-1.127195958296191,-0.33244003902922786,0.0015702831251763,36,1,4,2019-12-01,2019
2019-12,-0.23692786347382666,-0.33350569365425076,-0.8347075736769481,-0.7970468659325731,-1.1032291566759753,-1.127195958296191,-0.33244003902922786,0.0015702831251763,42,1,4,2019-12-01,2019
2019-12,-0.25903114078466777,-0.3401794952802426,-0.8347075736769481,-0.7970468659325731,-1.1032291566759753,-1.127195958296191,-0.33244003902922786,0.0015702831251763,42,0,4,2019-12-01,2019
2019-12,0.6995136812460724,2.5747052787612428,-0.8347075736769481,-0.7970468659325731,-1.1032291566759753,-1.127195958296191,-0.33244003902922786,0.0015702831251763,44,1,4,2019-12-01,2019
2019-12,-0.1990661221632581,-0.22384080843996076,-0.8347075736769481,-0.7970468659325731,-1.1032291566759753,-1.127195958296191,-0.33244003902922786,0.0015702831251763,44,0,4,2019-12-01,2019
2019-12,-0.2594390444028609,-0.3394300492370053,-0.8347075736769481,-0.7970468659325731,-1.1032291566759753,-1.127195958296191,-0.33244003902922786,0.0015702831251763,45,0,4,2019-12-01,2019
2019-12,-0.259107622713079,-0.3286966392044749,-0.8347075736769481,-0.7970468659325731,-1.1032291566759753,-1.127195958296191,-0.33244003902922786,0.0015702831251763,45,1,4,2019-12-01,2019
2019-12,-0.2582217070423158,-0.3336146865002719,-0.8347075736769481,-0.7970468659325731,-1.1032291566759753,-1.127195958296191,-0.33244003902922786,0.0015702831251763,50,1,4,2019-12-01,2019
2019-12,-0.2588654299397768,-0.32995310588643456,-0.8347075736769481,-0.7970468659325731,-1.1032291566759753,-1.127195958296191,-0.33244003902922786,0.0015702831251763,50,0,4,2019-12-01,2019
2019-12,-0.15229104944576588,-0.18465068592113962,-0.8347075736769481,-0.7970468659325731,-1.1032291566759753,-1.127195958296191,-0.33244003902922786,0.0015702831251763,60,0,4,2019-12-01,2019
2019-12,-0.2593338817512955,-0.3395785630505786,-0.8347075736769481,-0.7970468659325731,-1.1032291566759753,-1.127195958296191,-0.33244003902922786,0.0015702831251763,66,1,4,2019-12-01,2019
2019-12,-0.2592637733169186,-0.3391427455568521,-0.8347075736769481,-0.7970468659325731,-1.1032291566759753,-1.127195958296191,-0.33244003902922786,0.0015702831251763,66,0,4,2019-12-01,2019
2019-12,-0.2592956407870899,-0.3392770918393462,-0.8347075736769481,-0.7970468659325731,-1.1032291566759753,-1.127195958296191,-0.33244003902922786,0.0015702831251763,67,0,4,2019-12-01,2019
2019-12,-0.25132558649723785,-0.2951559759983652,-0.8347075736769481,-0.7970468659325731,-1.1032291566759753,-1.127195958296191,-0.33244003902922786,0.0015702831251763,67,1,4,2019-12-01,2019
2019-12,-0.2582918154766927,-0.3396884984750421,-0.8347075736769481,-0.7970468659325731,-1.1032291566759753,-1.127195958296191,-0.33244003902922786,0.0015702831251763,70,1,4,2019-12-01,2019
2019-12,-0.246523158742417,-0.2766982895201524,-0.8347075736769481,-0.7970468659325731,-1.1032291566759753,-1.127195958296191,-0.33244003902922786,0.0015702831251763,78,1,4,2019-12-01,2019
2019-12,-0.25913949018325033,-0.33954485144403923,-0.8347075736769481,-0.7970468659325731,-1.1032291566759753,-1.127195958296191,-0.33244003902922786,0.0015702831251763,78,0,4,2019-12-01,2019
2019-12,-0.24956968889079706,-0.29648443451340534,-0.8347075736769481,-0.7970468659325731,-1.1032291566759753,-1.127195958296191,-0.33244003902922786,0.0015702831251763,79,1,4,2019-12-01,2019
2019-12,-0.25791896607568804,-0.33042883869175543,-0.8347075736769481,-0.7970468659325731,-1.1032291566759753,-1.127195958296191,-0.33244003902922786,0.0015702831251763,79,0,4,2019-12-01,2019
2019-12,-0.1949998329693952,-0.3322725317433738,-0.8347075736769481,-0.7970468659325731,-1.1032291566759753,-1.127195958296191,-0.33244003902922786,0.0015702831251763,80,1,4,2019-12-01,2019
2019-12,-0.24415221896166933,-0.312491532458965,-0.8347075736769481,-0.7970468659325731,-1.1032291566759753,-1.127195958296191,-0.33244003902922786,0.0015702831251763,81,1,4,2019-12-01,2019
2019-12,-0.19248230282585935,-0.31304648994419015,-0.8347075736769481,-0.7970468659325731,-1.1032291566759753,-1.127195958296191,-0.33244003902922786,0.0015702831251763,81,0,4,2019-12-01,2019
2019-12,-0.18321842924705095,-0.3090870545425324,-0.8347075736769481,-0.7970468659325731,-1.1032291566759753,-1.127195958296191,-0.33244003902922786,0.0015702831251763,87,0,4,2019-12-01,2019
2019-12,-0.22971306822703538,-0.2706319123733008,-0.8347075736769481,-0.7970468659325731,-1.1032291566759753,-1.127195958296191,-0.33244003902922786,0.0015702831251763,87,1,4,2019-12-01,2019
2019-12,7.193195879265195,5.198058052319905,-0.8347075736769481,-0.7970468659325731,-1.1032291566759753,-1.127195958296191,-0.33244003902922786,0.0015702831251763,88,1,4,2019-12-01,2019
2019-12,1.2557412526047018,0.5614246583332387,-0.8347075736769481,-0.7970468659325731,-1.1032291566759753,-1.127195958296191,-0.33244003902922786,0.0015702831251763,88,0,4,2019-12-01,2019
2019-12,0.24834041205428098,0.619395079229429,-0.8347075736769481,-0.7970468659325731,-1.1032291566759753,-1.127195958296191,-0.33244003902922786,0.0015702831251763,89,0,4,2019-12-01,2019
2019-12,-0.2514211889077519,-0.22292141935080517,-0.8347075736769481,-0.7970468659325731,-1.1032291566759753,-1.127195958296191,-0.33244003902922786,0.0015702831251763,89,1,4,2019-12-01,2019
2019-12,-0.2592669600639357,-0.3398199016044403,-0.8347075736769481,-0.7970468659325731,-1.1032291566759753,-1.127195958296191,-0.33244003902922786,0.0015702831251763,90,1,4,2019-12-01,2019
2019-12,-0.051401825630321925,0.6347141622390173,-0.8347075736769481,-0.7970468659325731,-1.1032291566759753,-1.127195958296191,-0.33244003902922786,0.0015702831251763,90,0,4,2019-12-01,2019
2019-12,-0.2576417190851974,-0.30838839231742005,-0.8347075736769481,-0.7970468659325731,-1.1032291566759753,-1.127195958296191,-0.33244003902922786,0.0015702831251763,92,0,4,2019-12-01,2019
2019-12,-0.2585180745149092,-0.3308157671423893,-0.8347075736769481,-0.7970468659325731,-1.1032291566759753,-1.127195958296191,-0.33244003902922786,0.0015702831251763,94,1,4,2019-12-01,2019
2019-12,-0.25690876727125656,-0.3380512878112089,-0.8347075736769481,-0.7970468659325731,-1.1032291566759753,-1.127195958296191,-0.33244003902922786,0.0015702831251763,99,0,4,2019-12-01,2019
2019-12,-0.17695647135838272,0.0033978587731097894,-0.8347075736769481,-0.7970468659325731,-1.1032291566759753,-1.127195958296191,-0.33244003902922786,0.0015702831251763,99,1,4,2019-12-01,2019
2019-12,-0.2081961523673469,-0.30372674559426965,-0.8347075736769481,-0.7970468659325731,-1.1032291566759753,-1.127195958296191,-0.33244003902922786,0.0015702831251763,101,0,4,2019-12-01,2019
2019-12,1.0905562209715631,0.5481044764194131,-0.8347075736769481,-0.7970468659325731,-1.1032291566759753,-1.127195958296191,-0.33244003902922786,0.0015702831251763,101,1,4,2019-12-01,2019
2020-01,-0.09872820558177833,-0.09904088346604842,-1.4738445779827087,-0.545177466381175,-0.8091675758134798,-0.5065731840219999,-3.4755464808787595,0.0,0,1,4,2020-01-01,2020
2020-01,-0.258180279331093,-0.33865356658150503,-1.4738445779827087,-0.545177466381175,-0.8091675758134798,-0.5065731840219999,-3.4755464808787595,0.0,0,0,4,2020-01-01,2020
2020-01,-0.25933069500427836,-0.30481241321519487,-1.4738445779827087,-0.545177466381175,-0.8091675758134798,-0.5065731840219999,-3.4755464808787595,0.0,1,1,4,2020-01-01,2020
2020-01,-0.2592924540400728,-0.34005248764419344,-1.4738445779827087,-0.545177466381175,-0.8091675758134798,-0.5065731840219999,-3.4755464808787595,0.0,3,0,4,2020-01-01,2020
2020-01,-0.2568259118488111,-0.3364527709542538,-1.4738445779827087,-0.545177466381175,-0.8091675758134798,-0.5065731840219999,-3.4755464808787595,0.0,3,1,4,2020-01-01,2020
2020-01,-0.06986583784759608,1.936180472002484,-1.4738445779827087,-0.545177466381175,-0.8091675758134798,-0.5065731840219999,-3.4755464808787595,0.0,4,1,4,2020-01-01,2020
2020-01,-0.25786479137639673,-0.32705382116072373,-1.4738445779827087,-0.545177466381175,-0.8091675758134798,-0.5065731840219999,-3.4755464808787595,0.0,4,0,4,2020-01-01,2020
2020-01,-0.25910443596606186,-0.3304824213907656,-1.4738445779827087,-0.545177466381175,-0.8091675758134798,-0.5065731840219999,-3.4755464808787595,0.0,6,0,4,2020-01-01,2020
2020-01,-0.2578807251114824,-0.30272940142066285,-1.4738445779827087,-0.545177466381175,-0.8091675758134798,-0.5065731840219999,-3.4755464808787595,0.0,6,1,4,2020-01-01,2020
2020-01,-0.047029608722814135,0.024418002456061034,-1.4738445779827087,-0.545177466381175,-0.8091675758134798,-0.5065731840219999,-3.4755464808787595,0.0,8,1,4,2020-01-01,2020
2020-01,-0.2537857551944653,-0.33084697803061186,-1.4738445779827087,-0.545177466381175,-0.8091675758134798,-0.5065731840219999,-3.4755464808787595,0.0,8,0,4,2020-01-01,2020
2020-01,-0.25913311668921607,-0.3379705338458724,-1.4738445779827087,-0.545177466381175,-0.8091675758134798,-0.5065731840219999,-3.4755464808787595,0.0,9,1,4,2020-01-01,2020
2020-01,-0.25920959861762727,-0.33932915487107157,-1.4738445779827087,-0.545177466381175,-0.8091675758134798,-0.5065731840219999,-3.4755464808787595,0.0,9,0,4,2020-01-01,2020
2020-01,-0.24184501412126436,-0.33296521148082064,-1.4738445779827087,-0.545177466381175,-0.8091675758134798,-0.5065731840219999,-3.4755464808787595,0.0,22,1,4,2020-01-01,2020
2020-01,-0.2594390444028609,-0.3403022228407111,-1.4738445779827087,-0.545177466381175,-0.8091675758134798,-0.5065731840219999,-3.4755464808787595,0.0,22,0,4,2020-01-01,2020
2020-01,-0.2588016949994341,-0.3313064273124317,-1.4738445779827087,-0.545177466381175,-0.8091675758134798,-0.5065731840219999,-3.4755464808787595,0.0,36,1,4,2020-01-01,2020
2020-01,-0.23861365264589052,-0.3336398475737974,-1.4738445779827087,-0.545177466381175,-0.8091675758134798,-0.5065731840219999,-3.4755464808787595,0.0,42,1,4,2020-01-01,2020
2020-01,-0.2591012492190447,-0.3401970003084599,-1.4738445779827087,-0.545177466381175,-0.8091675758134798,-0.5065731840219999,-3.4755464808787595,0.0,42,0,4,2020-01-01,2020
2020-01,0.9312061231267967,4.1457380487649305,-1.4738445779827087,-0.545177466381175,-0.8091675758134798,-0.5065731840219999,-3.4755464808787595,0.0,44,1,4,2020-01-01,2020
2020-01,-0.19491060405291544,-0.21097812332403837,-1.4738445779827087,-0.545177466381175,-0.8091675758134798,-0.5065731840219999,-3.4755464808787595,0.0,44,0,4,2020-01-01,2020
2020-01,-0.25942948416180955,-0.340115823144639,-1.4738445779827087,-0.545177466381175,-0.8091675758134798,-0.5065731840219999,-3.4755464808787595,0.0,45,0,4,2020-01-01,2020
2020-01,-0.2589387251211709,-0.32388924869419444,-1.4738445779827087,-0.545177466381175,-0.8091675758134798,-0.5065731840219999,-3.4755464808787595,0.0,45,1,4,2020-01-01,2020
2020-01,-0.2589227913860852,-0.3274424808778846,-1.4738445779827087,-0.545177466381175,-0.8091675758134798,-0.5065731840219999,-3.4755464808787595,0.0,50,0,4,2020-01-01,2020
2020-01,-0.2577596287248313,-0.3306427174348697,-1.4738445779827087,-0.545177466381175,-0.8091675758134798,-0.5065731840219999,-3.4755464808787595,0.0,50,1,4,2020-01-01,2020
2020-01,-0.15184490486336713,-0.1804248470735683,-1.4738445779827087,-0.545177466381175,-0.8091675758134798,-0.5065731840219999,-3.4755464808787595,0.0,60,0,4,2020-01-01,2020
2020-01,-0.25943267090882666,-0.3402443023572361,-1.4738445779827087,-0.545177466381175,-0.8091675758134798,-0.5065731840219999,-3.4755464808787595,0.0,66,1,4,2020-01-01,2020
2020-01,-0.25931157452217557,-0.3392900378657091,-1.4738445779827087,-0.545177466381175,-0.8091675758134798,-0.5065731840219999,-3.4755464808787595,0.0,66,0,4,2020-01-01,2020
2020-01,-0.2593402552453298,-0.3392300110079596,-1.4738445779827087,-0.545177466381175,-0.8091675758134798,-0.5065731840219999,-3.4755464808787595,0.0,67,0,4,2020-01-01,2020
2020-01,-0.25064043588855406,-0.2801670551336204,-1.4738445779827087,-0.545177466381175,-0.8091675758134798,-0.5065731840219999,-3.4755464808787595,0.0,67,1,4,2020-01-01,2020
2020-01,-0.25762259860309455,-0.3388445541338736,-1.4738445779827087,-0.545177466381175,-0.8091675758134798,-0.5065731840219999,-3.4755464808787595,0.0,70,1,4,2020-01-01,2020
2020-01,-0.2438207972718874,-0.2775249115779037,-1.4738445779827087,-0.545177466381175,-0.8091675758134798,-0.5065731840219999,-3.4755464808787595,0.0,78,1,4,2020-01-01,2020
2020-01,-0.25917773114745596,-0.3393478814040051,-1.4738445779827087,-0.545177466381175,-0.8091675758134798,-0.5065731840219999,-3.4755464808787595,0.0,78,0,4,2020-01-01,2020
2020-01,-0.24480868884719895,-0.26143733859328133,-1.4738445779827087,-0.545177466381175,-0.8091675758134798,-0.5065731840219999,-3.4755464808787595,0.0,79,1,4,2020-01-01,2020
2020-01,-0.2582217070423158,-0.33483054536402634,-1.4738445779827087,-0.545177466381175,-0.8091675758134798,-0.5065731840219999,-3.4755464808787595,0.0,79,0,4,2020-01-01,2020
2020-01,-0.18871875459862414,-0.3308775925936974,-1.4738445779827087,-0.545177466381175,-0.8091675758134798,-0.5065731840219999,-3.4755464808787595,0.0,80,1,4,2020-01-01,2020
2020-01,-0.24156139363673942,-0.29035303869031803,-1.4738445779827087,-0.545177466381175,-0.8091675758134798,-0.5065731840219999,-3.4755464808787595,0.0,81,1,4,2020-01-01,2020
2020-01,-0.17544595327226123,-0.30657188976842276,-1.4738445779827087,-0.545177466381175,-0.8091675758134798,-0.5065731840219999,-3.4755464808787595,0.0,81,0,4,2020-01-01,2020
2020-01,-0.23180994776430952,-0.26916542382532305,-1.4738445779827087,-0.545177466381175,-0.8091675758134798,-0.5065731840219999,-3.4755464808787595,0.0,87,1,4,2020-01-01,2020
2020-01,-0.1747321219404232,-0.30539806220868454,-1.4738445779827087,-0.545177466381175,-0.8091675758134798,-0.5065731840219999,-3.4755464808787595,0.0,87,0,4,2020-01-01,2020
2020-01,8.624226934538319,7.269055386152718,-1.4738445779827087,-0.545177466381175,-0.8091675758134798,-0.5065731840219999,-3.4755464808787595,0.0,88,1,4,2020-01-01,2020
2020-01,1.4252283927109715,0.7164959035674068,-1.4738445779827087,-0.545177466381175,-0.8091675758134798,-0.5065731840219999,-3.4755464808787595,0.0,88,0,4,2020-01-01,2020
2020-01,-0.25099416480745596,-0.21002962010278728,-1.4738445779827087,-0.545177466381175,-0.8091675758134798,-0.5065731840219999,-3.4755464808787595,0.0,89,1,4,2020-01-01,2020
2020-01,0.05504508498300365,0.30921978126040645,-1.4738445779827087,-0.545177466381175,-0.8091675758134798,-0.5065731840219999,-3.4755464808787595,0.0,89,0,4,2020-01-01,2020
2020-01,-0.259155423918336,-0.34003505956115515,-1.4738445779827087,-0.545177466381175,-0.8091675758134798,-0.5065731840219999,-3.4755464808787595,0.0,90,1,4,2020-01-01,2020
2020-01,-0.04015260865983906,1.3711325979873448,-1.4738445779827087,-0.545177466381175,-0.8091675758134798,-0.5065731840219999,-3.4755464808787595,0.0,90,0,4,2020-01-01,2020
2020-01,-0.2573039239013812,-0.31073396991706415,-1.4738445779827087,-0.545177466381175,-0.8091675758134798,-0.5065731840219999,-3.4755464808787595,0.0,92,0,4,2020-01-01,2020
2020-01,-0.25833324318791545,-0.32654214533867315,-1.4738445779827087,-0.545177466381175,-0.8091675758134798,-0.5065731840219999,-3.4755464808787595,0.0,94,1,4,2020-01-01,2020
2020-01,-0.2594390444028609,-0.34025239121917605,-1.4738445779827087,-0.545177466381175,-0.8091675758134798,-0.5065731840219999,-3.4755464808787595,0.0,94,0,4,2020-01-01,2020
2020-01,-0.08641142836055558,0.4034263607818964,-1.4738445779827087,-0.545177466381175,-0.8091675758134798,-0.5065731840219999,-3.4755464808787595,0.0,99,1,4,2020-01-01,2020
2020-01,-0.2545473877315603,-0.3351969005974312,-1.4738445779827087,-0.545177466381175,-0.8091675758134798,-0.5065731840219999,-3.4755464808787595,0.0,99,0,4,2020-01-01,2020
2020-01,1.2941224336790633,1.6183725681503829,-1.4738445779827087,-0.545177466381175,-0.8091675758134798,-0.5065731840219999,-3.4755464808787595,0.0,101,1,4,2020-01-01,2020
2020-01,-0.19981500771228458,-0.29133749454644614,-1.4738445779827087,-0.545177466381175,-0.8091675758134798,-0.5065731840219999,-3.4755464808787595,0.0,101,0,4,2020-01-01,2020
2022-01,-0.16732293512558677,-0.13129363826643897,0.05523002725511893,0.1789470573290942,0.7659731742689182,0.998300551030008,-1.1519766657568065,0.000563062528989,0,1,4,2022-01-01,2022
2022-01,-0.2574058998059295,-0.3344373554994532,0.05523002725511893,0.1789470573290942,0.7659731742689182,0.998300551030008,-1.1519766657568065,0.000563062528989,0,0,4,2022-01-01,2022
2022-01,-0.2574090865529466,-0.3344412893217284,0.05523002725511893,0.1789470573290942,0.7659731742689182,0.998300551030008,-1.1519766657568065,0.000563062528989,0,0,4,2022-01-01,2022
2022-01,-0.17062440503533755,-0.22673568805417518,0.05523002725511893,0.1789470573290942,0.7659731742689182,0.998300551030008,-1.1519766657568065,0.000563062528989,0,1,4,2022-01-01,2022
2022-01,-0.25924146608779863,-0.26273189313883466,0.05523002725511893,0.1789470573290942,0.7659731742689182,0.998300551030008,-1.1519766657568065,0.000563062528989,1,1,4,2022-01-01,2022
2022-01,-0.2497513334707737,-0.250506419904464,0.05523002725511893,0.1789470573290942,0.7659731742689182,0.998300551030008,-1.1519766657568065,0.000563062528989,5,0,4,2022-01-01,2022
2022-01,-0.10475434419117864,2.362166507084384,0.05523002725511893,0.1789470573290942,0.7659731742689182,0.998300551030008,-1.1519766657568065,0.000563062528989,5,1,4,2022-01-01,2022
2022-01,-0.14581557950694968,0.8891801407231241,0.05523002725511893,0.1789470573290942,0.7659731742689182,0.998300551030008,-1.1519766657568065,0.000563062528989,5,1,4,2022-01-01,2022
2022-01,-0.24976726720585937,-0.2513216540757267,0.05523002725511893,0.1789470573290942,0.7659731742689182,0.998300551030008,-1.1519766657568065,0.000563062528989,5,0,4,2022-01-01,2022
2022-01,-0.25864554439559456,-0.3223000902946324,0.05523002725511893,0.1789470573290942,0.7659731742689182,0.998300551030008,-1.1519766657568065,0.000563062528989,6,1,4,2022-01-01,2022
2022-01,-0.25934344199234693,-0.33760518851794163,0.05523002725511893,0.1789470573290942,0.7659731742689182,0.998300551030008,-1.1519766657568065,0.000563062528989,6,0,4,2022-01-01,2022
2022-01,-0.25925421307586716,-0.3360811353579416,0.05523002725511893,0.1789470573290942,0.7659731742689182,0.998300551030008,-1.1519766657568065,0.000563062528989,6,1,4,2022-01-01,2022
2022-01,-0.25935937572743256,-0.33814142908838063,0.05523002725511893,0.1789470573290942,0.7659731742689182,0.998300551030008,-1.1519766657568065,0.000563062528989,6,0,4,2022-01-01,2022
2022-01,-0.24651041175434846,-0.3171529579647258,0.05523002725511893,0.1789470573290942,0.7659731742689182,0.998300551030008,-1.1519766657568065,0.000563062528989,8,0,4,2022-01-01,2022
2022-01,-0.08037254276308674,-0.027532506563232438,0.05523002725511893,0.1789470573290942,0.7659731742689182,0.998300551030008,-1.1519766657568065,0.000563062528989,8,1,4,2022-01-01,2022
2022-01,-0.24652634548943414,-0.3171885162555606,0.05523002725511893,0.1789470573290942,0.7659731742689182,0.998300551030008,-1.1519766657568065,0.000563062528989,8,0,4,2022-01-01,2022
2022-01,-0.1002450971619341,-0.10527090377228965,0.05523002725511893,0.1789470573290942,0.7659731742689182,0.998300551030008,-1.1519766657568065,0.000563062528989,8,1,4,2022-01-01,2022
2022-01,-0.2585499419850806,-0.3343855136851174,0.05523002725511893,0.1789470573290942,0.7659731742689182,0.998300551030008,-1.1519766657568065,0.000563062528989,9,1,4,2022-01-01,2022
2022-01,-0.2591872913885073,-0.33948434367892105,0.05523002725511893,0.1789470573290942,0.7659731742689182,0.998300551030008,-1.1519766657568065,0.000563062528989,9,0,4,2022-01-01,2022
2022-01,-0.2587411468061086,-0.33831555602840585,0.05523002725511893,0.1789470573290942,0.7659731742689182,0.998300551030008,-1.1519766657568065,0.000563062528989,9,1,4,2022-01-01,2022
2022-01,-0.25754292992766625,-0.3394760816903284,0.05523002725511893,0.1789470573290942,0.7659731742689182,0.998300551030008,-1.1519766657568065,0.000563062528989,18,1,4,2022-01-01,2022
2022-01,-0.2594422311498781,-0.34030289611102715,0.05523002725511893,0.1789470573290942,0.7659731742689182,0.998300551030008,-1.1519766657568065,0.000563062528989,18,0,4,2022-01-01,2022
2022-01,-0.2575779841448547,-0.33954485144403923,0.05523002725511893,0.1789470573290942,0.7659731742689182,0.998300551030008,-1.1519766657568065,0.000563062528989,18,1,4,2022-01-01,2022
2022-01,-0.2594422311498781,-0.3402841407236515,0.05523002725511893,0.1789470573290942,0.7659731742689182,0.998300551030008,-1.1519766657568065,0.000563062528989,22,1,4,2022-01-01,2022
2022-01,-0.25849258053877217,-0.3310116503317703,0.05523002725511893,0.1789470573290942,0.7659731742689182,0.998300551030008,-1.1519766657568065,0.000563062528989,36,1,4,2022-01-01,2022
2022-01,-0.2592000383765759,-0.33911287159111425,0.05523002725511893,0.1789470573290942,0.7659731742689182,0.998300551030008,-1.1519766657568065,0.000563062528989,36,1,4,2022-01-01,2022
2022-01,-0.2513574539674092,-0.33689935115488967,0.05523002725511893,0.1789470573290942,0.7659731742689182,0.998300551030008,-1.1519766657568065,0.000563062528989,41,1,4,2022-01-01,2022
2022-01,-0.2577086407725572,-0.3395638376669518,0.05523002725511893,0.1789470573290942,0.7659731742689182,0.998300551030008,-1.1519766657568065,0.000563062528989,41,0,4,2022-01-01,2022
2022-01,-0.2514052551726662,-0.33695225096543646,0.05523002725511893,0.1789470573290942,0.7659731742689182,0.998300551030008,-1.1519766657568065,0.000563062528989,41,1,4,2022-01-01,2022
2022-01,0.7241058079772952,3.323927767399112,0.05523002725511893,0.1789470573290942,0.7659731742689182,0.998300551030008,-1.1519766657568065,0.000563062528989,44,1,4,2022-01-01,2022
2022-01,-0.12745672994124096,-0.043975672074350235,0.05523002725511893,0.1789470573290942,0.7659731742689182,0.998300551030008,-1.1519766657568065,0.000563062528989,44,0,4,2022-01-01,2022
2022-01,0.645527000028806,2.592335535257325,0.05523002725511893,0.1789470573290942,0.7659731742689182,0.998300551030008,-1.1519766657568065,0.000563062528989,44,1,4,2022-01-01,2022
2022-01,-0.127647934762269,-0.04466425448101657,0.05523002725511893,0.1789470573290942,0.7659731742689182,0.998300551030008,-1.1519766657568065,0.000563062528989,44,0,4,2022-01-01,2022
2022-01,-0.2586232371664746,-0.31496764755474377,0.05523002725511893,0.1789470573290942,0.7659731742689182,0.998300551030008,-1.1519766657568065,0.000563062528989,46,1,4,2022-01-01,2022
2022-01,-0.2586487311426117,-0.31705093827554953,0.05523002725511893,0.1789470573290942,0.7659731742689182,0.998300551030008,-1.1519766657568065,0.000563062528989,46,1,4,2022-01-01,2022
2022-01,-0.2584479660805323,-0.3345683739029565,0.05523002725511893,0.1789470573290942,0.7659731742689182,0.998300551030008,-1.1519766657568065,0.000563062528989,50,1,4,2022-01-01,2022
2022-01,-0.25920641187061016,-0.3350389129086964,0.05523002725511893,0.1789470573290942,0.7659731742689182,0.998300551030008,-1.1519766657568065,0.000563062528989,50,0,4,2022-01-01,2022
2022-01,-0.2585085142738578,-0.33508236769852373,0.05523002725511893,0.1789470573290942,0.7659731742689182,0.998300551030008,-1.1519766657568065,0.000563062528989,50,1,4,2022-01-01,2022
2022-01,-0.2592127853646444,-0.3352022290510754,0.05523002725511893,0.1789470573290942,0.7659731742689182,0.998300551030008,-1.1519766657568065,0.000563062528989,50,0,4,2022-01-01,2022
2022-01,-0.1481259710943718,-0.16355462620098005,0.05523002725511893,0.1789470573290942,0.7659731742689182,0.998300551030008,-1.1519766657568065,0.000563062528989,60,0,4,2022-01-01,2022
2022-01,-0.1552005494724092,-0.20780006621489336,0.05523002725511893,0.1789470573290942,0.7659731742689182,0.998300551030008,-1.1519766657568065,0.000563062528989,60,0,4,2022-01-01,2022
2022-01,-0.2594071769326896,-0.34013033692902356,0.05523002725511893,0.1789470573290942,0.7659731742689182,0.998300551030008,-1.1519766657568065,0.000563062528989,66,1,4,2022-01-01,2022
2022-01,-0.25942948416180955,-0.340222228709017,0.05523002725511893,0.1789470573290942,0.7659731742689182,0.998300551030008,-1.1519766657568065,0.000563062528989,66,0,4,2022-01-01,2022
2022-01,-0.25818665282512726,-0.3290869820974259,0.05523002725511893,0.1789470573290942,0.7659731742689182,0.998300551030008,-1.1519766657568065,0.000563062528989,67,0,4,2022-01-01,2022
2022-01,-0.25142756240178615,-0.28962904226502745,0.05523002725511893,0.1789470573290942,0.7659731742689182,0.998300551030008,-1.1519766657568065,0.000563062528989,67,1,4,2022-01-01,2022
2022-01,-0.25318027326120984,-0.3038282362853405,0.05523002725511893,0.1789470573290942,0.7659731742689182,0.998300551030008,-1.1519766657568065,0.000563062528989,67,1,4,2022-01-01,2022
2022-01,-0.2581962130661787,-0.32917856609670343,0.05523002725511893,0.1789470573290942,0.7659731742689182,0.998300551030008,-1.1519766657568065,0.000563062528989,67,0,4,2022-01-01,2022
2022-01,-0.25804962270339055,-0.33881701737794717,0.05523002725511893,0.1789470573290942,0.7659731742689182,0.998300551030008,-1.1519766657568065,0.000563062528989,70,1,4,2022-01-01,2022
2022-01,-0.25835236367001824,-0.3394902684577023,0.05523002725511893,0.1789470573290942,0.7659731742689182,0.998300551030008,-1.1519766657568065,0.000563062528989,70,1,4,2022-01-01,2022
2022-01,-0.25407256242600734,-0.3349749329923769,0.05523002725511893,0.1789470573290942,0.7659731742689182,0.998300551030008,-1.1519766657568065,0.000563062528989,73,1,4,2022-01-01,2022
2022-01,-0.25934662873936404,-0.3402826210563667,0.05523002725511893,0.1789470573290942,0.7659731742689182,0.998300551030008,-1.1519766657568065,0.000563062528989,73,0,4,2022-01-01,2022
2022-01,-0.2555225323188033,-0.3372536837040794,0.05523002725511893,0.1789470573290942,0.7659731742689182,0.998300551030008,-1.1519766657568065,0.000563062528989,73,1,4,2022-01-01,2022
2022-01,-0.25943267090882666,-0.3402870261678631,0.05523002725511893,0.1789470573290942,0.7659731742689182,0.998300551030008,-1.1519766657568065,0.000563062528989,75,1,4,2022-01-01,2022
2022-01,-0.25555758653599175,-0.32479497039593425,0.05523002725511893,0.1789470573290942,0.7659731742689182,0.998300551030008,-1.1519766657568065,0.000563062528989,75,0,4,2022-01-01,2022
2022-01,-0.255563960030026,-0.324874801019123,0.05523002725511893,0.1789470573290942,0.7659731742689182,0.998300551030008,-1.1519766657568065,0.000563062528989,75,0,4,2022-01-01,2022
2022-01,-0.2582918154766927,-0.3375749779170457,0.05523002725511893,0.1789470573290942,0.7659731742689182,0.998300551030008,-1.1519766657568065,0.000563062528989,78,0,4,2022-01-01,2022
2022-01,-0.2441299117325494,-0.17458495806103586,0.05523002725511893,0.1789470573290942,0.7659731742689182,0.998300551030008,-1.1519766657568065,0.000563062528989,78,1,4,2022-01-01,2022
2022-01,-0.24511142981382666,-0.19911082027965885,0.05523002725511893,0.1789470573290942,0.7659731742689182,0.998300551030008,-1.1519766657568065,0.000563062528989,78,1,4,2022-01-01,2022
2022-01,-0.25726249619015845,-0.3272712009094815,0.05523002725511893,0.1789470573290942,0.7659731742689182,0.998300551030008,-1.1519766657568065,0.000563062528989,79,0,4,2022-01-01,2022
2022-01,-0.251019658783593,-0.27614569809918077,0.05523002725511893,0.1789470573290942,0.7659731742689182,0.998300551030008,-1.1519766657568065,0.000563062528989,79,1,4,2022-01-01,2022
2022-01,-0.25139569493161484,-0.2811704298856295,0.05523002725511893,0.1789470573290942,0.7659731742689182,0.998300551030008,-1.1519766657568065,0.000563062528989,79,1,4,2022-01-01,2022
2022-01,-0.2572848034192784,-0.327471258374822,0.05523002725511893,0.1789470573290942,0.7659731742689182,0.998300551030008,-1.1519766657568065,0.000563062528989,79,0,4,2022-01-01,2022
2022-01,-0.25917773114745596,-0.34029111388049627,0.05523002725511893,0.1789470573290942,0.7659731742689182,0.998300551030008,-1.1519766657568065,0.000563062528989,80,0,4,2022-01-01,2022
2022-01,-0.16465562787224564,-0.33002249120157723,0.05523002725511893,0.1789470573290942,0.7659731742689182,0.998300551030008,-1.1519766657568065,0.000563062528989,80,1,4,2022-01-01,2022
2022-01,-0.16698513994177056,-0.3310361381349798,0.05523002725511893,0.1789470573290942,0.7659731742689182,0.998300551030008,-1.1519766657568065,0.000563062528989,80,1,4,2022-01-01,2022
2022-01,-0.089228512723702,-0.27391421096366503,0.05523002725511893,0.1789470573290942,0.7659731742689182,0.998300551030008,-1.1519766657568065,0.000563062528989,81,0,4,2022-01-01,2022
2022-01,-0.24177809243390455,-0.2544564968487287,0.05523002725511893,0.1789470573290942,0.7659731742689182,0.998300551030008,-1.1519766657568065,0.000563062528989,81,1,4,2022-01-01,2022
2022-01,-0.24462067077318803,-0.2810555122608272,0.05523002725511893,0.1789470573290942,0.7659731742689182,0.998300551030008,-1.1519766657568065,0.000563062528989,81,1,4,2022-01-01,2022
2022-01,-0.08928268742299328,-0.2739448928537822,0.05523002725511893,0.1789470573290942,0.7659731742689182,0.998300551030008,-1.1519766657568065,0.000563062528989,81,0,4,2022-01-01,2022
2022-01,-0.13526107338620202,-0.2895229637176601,0.05523002725511893,0.1789470573290942,0.7659731742689182,0.998300551030008,-1.1519766657568065,0.000563062528989,87,0,4,2022-01-01,2022
2022-01,-0.22856583930086716,-0.23353010124821366,0.05523002725511893,0.1789470573290942,0.7659731742689182,0.998300551030008,-1.1519766657568065,0.000563062528989,87,1,4,2022-01-01,2022
2022-01,-0.23320574295781418,-0.24248667397150947,0.05523002725511893,0.1789470573290942,0.7659731742689182,0.998300551030008,-1.1519766657568065,0.000563062528989,87,1,4,2022-01-01,2022
2022-01,-0.13529294085637336,-0.28953479403892785,0.05523002725511893,0.1789470573290942,0.7659731742689182,0.998300551030008,-1.1519766657568065,0.000563062528989,87,0,4,2022-01-01,2022
2022-01,3.129695089042257,1.9315474681222078,0.05523002725511893,0.1789470573290942,0.7659731742689182,0.998300551030008,-1.1519766657568065,0.000563062528989,88,0,4,2022-01-01,2022
2022-01,5.182753668083793,6.750712841432653,0.05523002725511893,0.1789470573290942,0.7659731742689182,0.998300551030008,-1.1519766657568065,0.000563062528989,88,1,4,2022-01-01,2022
2022-01,5.011230196633574,5.432580821464172,0.05523002725511893,0.1789470573290942,0.7659731742689182,0.998300551030008,-1.1519766657568065,0.000563062528989,88,1,4,2022-01-01,2022
2022-01,3.1061131611154655,1.9062524330400874,0.05523002725511893,0.1789470573290942,0.7659731742689182,0.998300551030008,-1.1519766657568065,0.000563062528989,88,0,4,2022-01-01,2022
2022-01,0.2545641289787436,0.7301835852741746,0.05523002725511893,0.1789470573290942,0.7659731742689182,0.998300551030008,-1.1519766657568065,0.000563062528989,89,0,4,2022-01-01,2022
2022-01,-0.2523389720486865,-0.23107804113901262,0.05523002725511893,0.1789470573290942,0.7659731742689182,0.998300551030008,-1.1519766657568065,0.000563062528989,89,1,4,2022-01-01,2022
2022-01,-0.25285522506546215,-0.2460223241818033,0.05523002725511893,0.1789470573290942,0.7659731742689182,0.998300551030008,-1.1519766657568065,0.000563062528989,89,1,4,2022-01-01,2022
2022-01,0.22772215885342426,0.5932754226642106,0.05523002725511893,0.1789470573290942,0.7659731742689182,0.998300551030008,-1.1519766657568065,0.000563062528989,89,0,4,2022-01-01,2022
2022-01,-0.2591139962071133,-0.33996038426495784,0.05523002725511893,0.1789470573290942,0.7659731742689182,0.998300551030008,-1.1519766657568065,0.000563062528989,90,1,4,2022-01-01,2022
2022-01,-0.03653246404837488,1.511818182178096,0.05523002725511893,0.1789470573290942,0.7659731742689182,0.998300551030008,-1.1519766657568065,0.000563062528989,90,0,4,2022-01-01,2022
2022-01,-0.05387792806263501,0.5062721814904331,0.05523002725511893,0.1789470573290942,0.7659731742689182,0.998300551030008,-1.1519766657568065,0.000563062528989,90,0,4,2022-01-01,2022
2022-01,-0.25720832149086714,-0.30643819751995,0.05523002725511893,0.1789470573290942,0.7659731742689182,0.998300551030008,-1.1519766657568065,0.000563062528989,91,0,4,2022-01-01,2022
2022-01,-0.25751743595152915,-0.31736436484396546,0.05523002725511893,0.1789470573290942,0.7659731742689182,0.998300551030008,-1.1519766657568065,0.000563062528989,91,0,4,2022-01-01,2022
2022-01,-0.25941355042672387,-0.33960791763635834,0.05523002725511893,0.1789470573290942,0.7659731742689182,0.998300551030008,-1.1519766657568065,0.000563062528989,94,0,4,2022-01-01,2022
2022-01,-0.25835236367001824,-0.3250451095546415,0.05523002725511893,0.1789470573290942,0.7659731742689182,0.998300551030008,-1.1519766657568065,0.000563062528989,94,1,4,2022-01-01,2022
2022-01,-0.2583746708991382,-0.32561184927039755,0.05523002725511893,0.1789470573290942,0.7659731742689182,0.998300551030008,-1.1519766657568065,0.000563062528989,94,1,4,2022-01-01,2022
2022-01,-0.2594390444028609,-0.3402538435594292,0.05523002725511893,0.1789470573290942,0.7659731742689182,0.998300551030008,-1.1519766657568065,0.000563062528989,95,1,4,2022-01-01,2022
2022-01,-0.23766718878180174,-0.31845522626447165,0.05523002725511893,0.1789470573290942,0.7659731742689182,0.998300551030008,-1.1519766657568065,0.000563062528989,98,0,4,2022-01-01,2022
2022-01,-0.08042034396834374,0.6751031291188916,0.05523002725511893,0.1789470573290942,0.7659731742689182,0.998300551030008,-1.1519766657568065,0.000563062528989,98,1,4,2022-01-01,2022
2022-01,-0.08670142233911478,0.2535509637940748,0.05523002725511893,0.1789470573290942,0.7659731742689182,0.998300551030008,-1.1519766657568065,0.000563062528989,98,1,4,2022-01-01,2022
2022-01,-0.23768312251688742,-0.31850365363649036,0.05523002725511893,0.1789470573290942,0.7659731742689182,0.998300551030008,-1.1519766657568065,0.000563062528989,98,0,4,2022-01-01,2022
2022-01,1.1951006436156597,0.9049170360545582,0.05523002725511893,0.1789470573290942,0.7659731742689182,0.998300551030008,-1.1519766657568065,0.000563062528989,101,1,4,2022-01-01,2022
2022-01,-0.01367074094745587,-0.1296152042229687,0.05523002725511893,0.1789470573290942,0.7659731742689182,0.998300551030008,-1.1519766657568065,0.000563062528989,101,0,4,2022-01-01,2022
2022-01,-0.013963921673032193,-0.13037536488237852,0.05523002725511893,0.1789470573290942,0.7659731742689182,0.998300551030008,-1.1519766657568065,0.000563062528989,101,0,4,2022-01-01,2022
2022-01,1.1707825771279106,0.7945927018019922,0.05523002725511893,0.1789470573290942,0.7659731742689182,0.998300551030008,-1.1519766657568065,0.000563062528989,101,1,4,2022-01-01,2022
2022-02,-0.2575206226985463,-0.3345481084664434,0.05523002725511893,0.1789470573290942,0.6466519392809565,0.7065120735128285,-1.4078678035350296,0.0005180839622119,0,0,4,2022-02-01,2022
2022-02,-0.11645926598511167,-0.11747886236029567,0.05523002725511893,0.1789470573290942,0.6466519392809565,0.7065120735128285,-1.4078678035350296,0.0005180839622119,0,1,4,2022-02-01,2022
2022-02,-0.11933689854158364,-0.19787245495105354,0.05523002725511893,0.1789470573290942,0.6466519392809565,0.7065120735128285,-1.4078678035350296,0.0005180839622119,0,1,4,2022-02-01,2022
2022-02,-0.2592956407870899,-0.2739382755683902,0.05523002725511893,0.1789470573290942,0.6466519392809565,0.7065120735128285,-1.4078678035350296,0.0005180839622119,1,1,4,2022-02-01,2022
2022-02,-0.10115013331480013,2.9040288077172085,0.05523002725511893,0.1789470573290942,0.6466519392809565,0.7065120735128285,-1.4078678035350296,0.0005180839622119,5,1,4,2022-02-01,2022
2022-02,-0.24976726720585937,-0.237212514769259,0.05523002725511893,0.1789470573290942,0.6466519392809565,0.7065120735128285,-1.4078678035350296,0.0005180839622119,5,0,4,2022-02-01,2022
2022-02,-0.24978957443497932,-0.23767877369941828,0.05523002725511893,0.1789470573290942,0.6466519392809565,0.7065120735128285,-1.4078678035350296,0.0005180839622119,5,0,4,2022-02-01,2022
2022-02,-0.1391265975179855,1.2309497351234404,0.05523002725511893,0.1789470573290942,0.6466519392809565,0.7065120735128285,-1.4078678035350296,0.0005180839622119,5,1,4,2022-02-01,2022
2022-02,-0.25903751427870203,-0.32925428015281694,0.05523002725511893,0.1789470573290942,0.6466519392809565,0.7065120735128285,-1.4078678035350296,0.0005180839622119,6,0,4,2022-02-01,2022
2022-02,-0.25778193595395127,-0.3037734705542035,0.05523002725511893,0.1789470573290942,0.6466519392809565,0.7065120735128285,-1.4078678035350296,0.0005180839622119,6,1,4,2022-02-01,2022
2022-02,-0.2590693817488734,-0.33082758784550964,0.05523002725511893,0.1789470573290942,0.6466519392809565,0.7065120735128285,-1.4078678035350296,0.0005180839622119,6,0,4,2022-02-01,2022
2022-02,-0.2591872913885073,-0.3344265543199543,0.05523002725511893,0.1789470573290942,0.6466519392809565,0.7065120735128285,-1.4078678035350296,0.0005180839622119,6,1,4,2022-02-01,2022
2022-02,-0.08564979582346056,-0.027866842984035436,0.05523002725511893,0.1789470573290942,0.6466519392809565,0.7065120735128285,-1.4078678035350296,0.0005180839622119,8,1,4,2022-02-01,2022
2022-02,-0.2453217551169575,-0.3131191165749972,0.05523002725511893,0.1789470573290942,0.6466519392809565,0.7065120735128285,-1.4078678035350296,0.0005180839622119,8,0,4,2022-02-01,2022
2022-02,-0.24533768885204318,-0.3131596474480234,0.05523002725511893,0.1789470573290942,0.6466519392809565,0.7065120735128285,-1.4078678035350296,0.0005180839622119,8,0,4,2022-02-01,2022
2022-02,-0.10527059720795434,-0.10264991052264433,0.05523002725511893,0.1789470573290942,0.6466519392809565,0.7065120735128285,-1.4078678035350296,0.0005180839622119,8,1,4,2022-02-01,2022
2022-02,-0.2592573998228843,-0.3397115724105879,0.05523002725511893,0.1789470573290942,0.6466519392809565,0.7065120735128285,-1.4078678035350296,0.0005180839622119,9,0,4,2022-02-01,2022
2022-02,-0.25883993596363974,-0.33617480649519893,0.05523002725511893,0.1789470573290942,0.6466519392809565,0.7065120735128285,-1.4078678035350296,0.0005180839622119,9,1,4,2022-02-01,2022
2022-02,-0.25900246006151356,-0.33896903219716384,0.05523002725511893,0.1789470573290942,0.6466519392809565,0.7065120735128285,-1.4078678035350296,0.0005180839622119,9,1,4,2022-02-01,2022
2022-02,-0.2592637733169186,-0.3397356177790183,0.05523002725511893,0.1789470573290942,0.6466519392809565,0.7065120735128285,-1.4078678035350296,0.0005180839622119,9,0,4,2022-02-01,2022
2022-02,-0.25942311066777524,-0.34029577868197175,0.05523002725511893,0.1789470573290942,0.6466519392809565,0.7065120735128285,-1.4078678035350296,0.0005180839622119,18,0,4,2022-02-01,2022
2022-02,-0.25716052028561015,-0.339429472148163,0.05523002725511893,0.1789470573290942,0.6466519392809565,0.7065120735128285,-1.4078678035350296,0.0005180839622119,18,1,4,2022-02-01,2022
2022-02,-0.25720832149086714,-0.3395012235275592,0.05523002725511893,0.1789470573290942,0.6466519392809565,0.7065120735128285,-1.4078678035350296,0.0005180839622119,18,1,4,2022-02-01,2022
2022-02,-0.2594262974147924,-0.3401970964899336,0.05523002725511893,0.1789470573290942,0.6466519392809565,0.7065120735128285,-1.4078678035350296,0.0005180839622119,22,1,4,2022-02-01,2022
2022-02,-0.2594358576558438,-0.3402721180394363,0.05523002725511893,0.1789470573290942,0.6466519392809565,0.7065120735128285,-1.4078678035350296,0.0005180839622119,22,1,4,2022-02-01,2022
2022-02,-0.2587315865650572,-0.33502605344565983,0.05523002725511893,0.1789470573290942,0.6466519392809565,0.7065120735128285,-1.4078678035350296,0.0005180839622119,36,1,4,2022-02-01,2022
2022-02,-0.2591426769302675,-0.33936103902961023,0.05523002725511893,0.1789470573290942,0.6466519392809565,0.7065120735128285,-1.4078678035350296,0.0005180839622119,36,1,4,2022-02-01,2022
2022-02,-0.24983418889321918,-0.3352361907294464,0.05523002725511893,0.1789470573290942,0.6466519392809565,0.7065120735128285,-1.4078678035350296,0.0005180839622119,41,1,4,2022-02-01,2022
2022-02,-0.2573931528178609,-0.3392739370870081,0.05523002725511893,0.1789470573290942,0.6466519392809565,0.7065120735128285,-1.4078678035350296,0.0005180839622119,41,0,4,2022-02-01,2022
2022-02,-0.25739633956487806,-0.3392774958015358,0.05523002725511893,0.1789470573290942,0.6466519392809565,0.7065120735128285,-1.4078678035350296,0.0005180839622119,41,0,4,2022-02-01,2022
2022-02,-0.24986605636339052,-0.33548203057627835,0.05523002725511893,0.1789470573290942,0.6466519392809565,0.7065120735128285,-1.4078678035350296,0.0005180839622119,41,1,4,2022-02-01,2022
2022-02,-0.13077094683906026,-0.07681267161871412,0.05523002725511893,0.1789470573290942,0.6466519392809565,0.7065120735128285,-1.4078678035350296,0.0005180839622119,44,0,4,2022-02-01,2022
2022-02,0.6402369999803637,2.4275908767762155,0.05523002725511893,0.1789470573290942,0.6466519392809565,0.7065120735128285,-1.4078678035350296,0.0005180839622119,44,1,4,2022-02-01,2022
2022-02,0.5670278607557453,1.9197811652433832,0.05523002725511893,0.1789470573290942,0.6466519392809565,0.7065120735128285,-1.4078678035350296,0.0005180839622119,44,1,4,2022-02-01,2022
2022-02,-0.13091116370781417,-0.07720679444358235,0.05523002725511893,0.1789470573290942,0.6466519392809565,0.7065120735128285,-1.4078678035350296,0.0005180839622119,44,0,4,2022-02-01,2022
2022-02,-0.25883993596363974,-0.32076245631054295,0.05523002725511893,0.1789470573290942,0.6466519392809565,0.7065120735128285,-1.4078678035350296,0.0005180839622119,46,1,4,2022-02-01,2022
2022-02,-0.2588558696987254,-0.32204070809630053,0.05523002725511893,0.1789470573290942,0.6466519392809565,0.7065120735128285,-1.4078678035350296,0.0005180839622119,46,1,4,2022-02-01,2022
2022-02,-0.259155423918336,-0.33548523341935327,0.05523002725511893,0.1789470573290942,0.6466519392809565,0.7065120735128285,-1.4078678035350296,0.0005180839622119,50,0,4,2022-02-01,2022
2022-02,-0.25831412270581267,-0.3345112709620081,0.05523002725511893,0.1789470573290942,0.6466519392809565,0.7065120735128285,-1.4078678035350296,0.0005180839622119,50,1,4,2022-02-01,2022
2022-02,-0.2583555504170354,-0.3349309588225915,0.05523002725511893,0.1789470573290942,0.6466519392809565,0.7065120735128285,-1.4078678035350296,0.0005180839622119,50,1,4,2022-02-01,2022
2022-02,-0.14738345903937958,-0.18147055129216222,0.05523002725511893,0.1789470573290942,0.6466519392809565,0.7065120735128285,-1.4078678035350296,0.0005180839622119,60,0,4,2022-02-01,2022
2022-02,-0.15277543499237026,-0.21634082719099676,0.05523002725511893,0.1789470573290942,0.6466519392809565,0.7065120735128285,-1.4078678035350296,0.0005180839622119,60,0,4,2022-02-01,2022
2022-02,-0.2594071769326896,-0.34008001478197253,0.05523002725511893,0.1789470573290942,0.6466519392809565,0.7065120735128285,-1.4078678035350296,0.0005180839622119,66,1,4,2022-02-01,2022
2022-02,-0.2594390444028609,-0.34027231040238376,0.05523002725511893,0.1789470573290942,0.6466519392809565,0.7065120735128285,-1.4078678035350296,0.0005180839622119,66,0,4,2022-02-01,2022
2022-02,-0.2581611588489902,-0.32748006859781487,0.05523002725511893,0.1789470573290942,0.6466519392809565,0.7065120735128285,-1.4078678035350296,0.0005180839622119,67,0,4,2022-02-01,2022
2022-02,-0.2512554780628609,-0.28683662477476846,0.05523002725511893,0.1789470573290942,0.6466519392809565,0.7065120735128285,-1.4078678035350296,0.0005180839622119,67,1,4,2022-02-01,2022
2022-02,-0.252708634702674,-0.3025285264127957,0.05523002725511893,0.1789470573290942,0.6466519392809565,0.7065120735128285,-1.4078678035350296,0.0005180839622119,67,1,4,2022-02-01,2022
2022-02,-0.25816434559600737,-0.327487282208344,0.05523002725511893,0.1789470573290942,0.6466519392809565,0.7065120735128285,-1.4078678035350296,0.0005180839622119,67,0,4,2022-02-01,2022
2022-02,-0.25764809257923166,-0.33912700064960394,0.05523002725511893,0.1789470573290942,0.6466519392809565,0.7065120735128285,-1.4078678035350296,0.0005180839622119,70,1,4,2022-02-01,2022
2022-02,-0.25942311066777524,-0.3402938935250868,0.05523002725511893,0.1789470573290942,0.6466519392809565,0.7065120735128285,-1.4078678035350296,0.0005180839622119,70,0,4,2022-02-01,2022
2022-02,-0.2579094058346366,-0.3396298566305142,0.05523002725511893,0.1789470573290942,0.6466519392809565,0.7065120735128285,-1.4078678035350296,0.0005180839622119,70,1,4,2022-02-01,2022
2022-02,-0.2554874781016148,-0.33558991733535165,0.05523002725511893,0.1789470573290942,0.6466519392809565,0.7065120735128285,-1.4078678035350296,0.0005180839622119,73,1,4,2022-02-01,2022
2022-02,-0.25933069500427836,-0.34026301927202224,0.05523002725511893,0.1789470573290942,0.6466519392809565,0.7065120735128285,-1.4078678035350296,0.0005180839622119,73,0,4,2022-02-01,2022
2022-02,-0.2564976769060463,-0.33799012601206946,0.05523002725511893,0.1789470573290942,0.6466519392809565,0.7065120735128285,-1.4078678035350296,0.0005180839622119,73,1,4,2022-02-01,2022
2022-02,-0.25942311066777524,-0.3397974624666211,0.05523002725511893,0.1789470573290942,0.6466519392809565,0.7065120735128285,-1.4078678035350296,0.0005180839622119,75,1,4,2022-02-01,2022
2022-02,-0.25679404437863973,-0.3125831356945373,0.05523002725511893,0.1789470573290942,0.6466519392809565,0.7065120735128285,-1.4078678035350296,0.0005180839622119,75,0,4,2022-02-01,2022
2022-02,-0.24243456231943414,-0.1786391995413408,0.05523002725511893,0.1789470573290942,0.6466519392809565,0.7065120735128285,-1.4078678035350296,0.0005180839622119,78,1,4,2022-02-01,2022
2022-02,-0.25771501426659144,-0.33653246692337935,0.05523002725511893,0.1789470573290942,0.6466519392809565,0.7065120735128285,-1.4078678035350296,0.0005180839622119,78,0,4,2022-02-01,2022
2022-02,-0.24348937558210548,-0.21105613611737378,0.05523002725511893,0.1789470573290942,0.6466519392809565,0.7065120735128285,-1.4078678035350296,0.0005180839622119,78,1,4,2022-02-01,2022
2022-02,-0.251280972038998,-0.2657308218713209,0.05523002725511893,0.1789470573290942,0.6466519392809565,0.7065120735128285,-1.4078678035350296,0.0005180839622119,79,1,4,2022-02-01,2022
2022-02,-0.25721788173191856,-0.3254988937476591,0.05523002725511893,0.1789470573290942,0.6466519392809565,0.7065120735128285,-1.4078678035350296,0.0005180839622119,79,0,4,2022-02-01,2022
2022-02,-0.25723381546700425,-0.32592978674993106,0.05523002725511893,0.1789470573290942,0.6466519392809565,0.7065120735128285,-1.4078678035350296,0.0005180839622119,79,0,4,2022-02-01,2022
2022-02,-0.2517749178266538,-0.2709515137923297,0.05523002725511893,0.1789470573290942,0.6466519392809565,0.7065120735128285,-1.4078678035350296,0.0005180839622119,79,1,4,2022-02-01,2022
2022-02,-0.15985320011742477,-0.329150202180103,0.05523002725511893,0.1789470573290942,0.6466519392809565,0.7065120735128285,-1.4078678035350296,0.0005180839622119,80,1,4,2022-02-01,2022
2022-02,-0.2570935985982503,-0.3401121682486376,0.05523002725511893,0.1789470573290942,0.6466519392809565,0.7065120735128285,-1.4078678035350296,0.0005180839622119,80,0,4,2022-02-01,2022
2022-02,-0.2570967853452675,-0.34011255297453247,0.05523002725511893,0.1789470573290942,0.6466519392809565,0.7065120735128285,-1.4078678035350296,0.0005180839622119,80,0,4,2022-02-01,2022
2022-02,-0.1632056579794497,-0.33041057382989575,0.05523002725511893,0.1789470573290942,0.6466519392809565,0.7065120735128285,-1.4078678035350296,0.0005180839622119,80,1,4,2022-02-01,2022
2022-02,-0.2464211828378687,-0.2907691678363737,0.05523002725511893,0.1789470573290942,0.6466519392809565,0.7065120735128285,-1.4078678035350296,0.0005180839622119,81,1,4,2022-02-01,2022
2022-02,-0.19977039325404472,-0.31662241133753116,0.05523002725511893,0.1789470573290942,0.6466519392809565,0.7065120735128285,-1.4078678035350296,0.0005180839622119,81,0,4,2022-02-01,2022
2022-02,-0.24881761659475346,-0.3048126825233213,0.05523002725511893,0.1789470573290942,0.6466519392809565,0.7065120735128285,-1.4078678035350296,0.0005180839622119,81,1,4,2022-02-01,2022
2022-02,-0.19978632698913038,-0.3166321737571139,0.05523002725511893,0.1789470573290942,0.6466519392809565,0.7065120735128285,-1.4078678035350296,0.0005180839622119,81,0,4,2022-02-01,2022
2022-02,-0.20721782103308678,-0.31907248049022613,0.05523002725511893,0.1789470573290942,0.6466519392809565,0.7065120735128285,-1.4078678035350296,0.0005180839622119,87,0,4,2022-02-01,2022
2022-02,-0.23734214058605407,-0.29511162672083224,0.05523002725511893,0.1789470573290942,0.6466519392809565,0.7065120735128285,-1.4078678035350296,0.0005180839622119,87,1,4,2022-02-01,2022
2022-02,-0.24068185146001045,-0.3002483522152822,0.05523002725511893,0.1789470573290942,0.6466519392809565,0.7065120735128285,-1.4078678035350296,0.0005180839622119,87,1,4,2022-02-01,2022
2022-02,-0.20725606199729238,-0.31908719625570553,0.05523002725511893,0.1789470573290942,0.6466519392809565,0.7065120735128285,-1.4078678035350296,0.0005180839622119,87,0,4,2022-02-01,2022
2022-02,3.1573719868860652,1.9669864458388624,0.05523002725511893,0.1789470573290942,0.6466519392809565,0.7065120735128285,-1.4078678035350296,0.0005180839622119,88,0,4,2022-02-01,2022
2022-02,5.0539740343743915,5.730903484063558,0.05523002725511893,0.1789470573290942,0.6466519392809565,0.7065120735128285,-1.4078678035350296,0.0005180839622119,88,1,4,2022-02-01,2022
2022-02,3.138710396353729,1.9436774908620573,0.05523002725511893,0.1789470573290942,0.6466519392809565,0.7065120735128285,-1.4078678035350296,0.0005180839622119,88,0,4,2022-02-01,2022
2022-02,4.904592081199221,4.8870429169586425,0.05523002725511893,0.1789470573290942,0.6466519392809565,0.7065120735128285,-1.4078678035350296,0.0005180839622119,88,1,4,2022-02-01,2022
2022-02,0.015634584622108004,0.24916949370387487,0.05523002725511893,0.1789470573290942,0.6466519392809565,0.7065120735128285,-1.4078678035350296,0.0005180839622119,89,0,4,2022-02-01,2022
2022-02,-0.2536933395309684,-0.24806741162124696,0.05523002725511893,0.1789470573290942,0.6466519392809565,0.7065120735128285,-1.4078678035350296,0.0005180839622119,89,1,4,2022-02-01,2022
2022-02,-0.25417772507757275,-0.2610953268908754,0.05523002725511893,0.1789470573290942,0.6466519392809565,0.7065120735128285,-1.4078678035350296,0.0005180839622119,89,1,4,2022-02-01,2022
2022-02,0.0030501206514460047,0.20169282746214337,0.05523002725511893,0.1789470573290942,0.6466519392809565,0.7065120735128285,-1.4078678035350296,0.0005180839622119,89,0,4,2022-02-01,2022
2022-02,-0.06014944619235464,1.3212233676211356,0.05523002725511893,0.1789470573290942,0.6466519392809565,0.7065120735128285,-1.4078678035350296,0.0005180839622119,90,0,4,2022-02-01,2022
2022-02,-0.2591713576534217,-0.3400436293304637,0.05523002725511893,0.1789470573290942,0.6466519392809565,0.7065120735128285,-1.4078678035350296,0.0005180839622119,90,1,4,2022-02-01,2022
2022-02,-0.07789006683673938,0.4033973235949799,0.05523002725511893,0.1789470573290942,0.6466519392809565,0.7065120735128285,-1.4078678035350296,0.0005180839622119,90,0,4,2022-02-01,2022
2022-02,-0.25760985161502603,-0.31331992425583277,0.05523002725511893,0.1789470573290942,0.6466519392809565,0.7065120735128285,-1.4078678035350296,0.0005180839622119,91,0,4,2022-02-01,2022
2022-02,-0.2579125925816538,-0.3242290674589996,0.05523002725511893,0.1789470573290942,0.6466519392809565,0.7065120735128285,-1.4078678035350296,0.0005180839622119,91,0,4,2022-02-01,2022
2022-02,-0.2584001648752753,-0.32552126555844674,0.05523002725511893,0.1789470573290942,0.6466519392809565,0.7065120735128285,-1.4078678035350296,0.0005180839622119,94,1,4,2022-02-01,2022
2022-02,-0.2594262974147924,-0.3402160442402567,0.05523002725511893,0.1789470573290942,0.6466519392809565,0.7065120735128285,-1.4078678035350296,0.0005180839622119,94,0,4,2022-02-01,2022
2022-02,-0.2584320323454466,-0.32629067887562857,0.05523002725511893,0.1789470573290942,0.6466519392809565,0.7065120735128285,-1.4078678035350296,0.0005180839622119,94,1,4,2022-02-01,2022
2022-02,-0.2594390444028609,-0.3403004915741841,0.05523002725511893,0.1789470573290942,0.6466519392809565,0.7065120735128285,-1.4078678035350296,0.0005180839622119,95,1,4,2022-02-01,2022
2022-02,-0.013865132515501042,0.5378941493317165,0.05523002725511893,0.1789470573290942,0.6466519392809565,0.7065120735128285,-1.4078678035350296,0.0005180839622119,98,1,4,2022-02-01,2022
2022-02,-0.23717961648818023,-0.3158387823985333,0.05523002725511893,0.1789470573290942,0.6466519392809565,0.7065120735128285,-1.4078678035350296,0.0005180839622119,98,0,4,2022-02-01,2022
2022-02,-0.23720192371730017,-0.3158673771506707,0.05523002725511893,0.1789470573290942,0.6466519392809565,0.7065120735128285,-1.4078678035350296,0.0005180839622119,98,0,4,2022-02-01,2022
2022-02,-0.019104144611669267,0.16506330584561787,0.05523002725511893,0.1789470573290942,0.6466519392809565,0.7065120735128285,-1.4078678035350296,0.0005180839622119,98,1,4,2022-02-01,2022
2022-02,1.2329655716732455,1.027496380872075,0.05523002725511893,0.1789470573290942,0.6466519392809565,0.7065120735128285,-1.4078678035350296,0.0005180839622119,101,1,4,2022-02-01,2022
2022-02,0.0030437471574117367,-0.09313868809483924,0.05523002725511893,0.1789470573290942,0.6466519392809565,0.7065120735128285,-1.4078678035350296,0.0005180839622119,101,0,4,2022-02-01,2022
2022-02,0.0025370543816874377,-0.09353875493478346,0.05523002725511893,0.1789470573290942,0.6466519392809565,0.7065120735128285,-1.4078678035350296,0.0005180839622119,101,0,4,2022-02-01,2022
2022-02,1.207379179872677,0.9291110240981054,0.05523002725511893,0.1789470573290942,0.6466519392809565,0.7065120735128285,-1.4078678035350296,0.0005180839622119,101,1,4,2022-02-01,2022
2022-03,-0.2570362371519419,-0.33493297863353966,0.05523002725511893,0.1789470573290942,0.7817836585910094,0.7082637025519608,-0.8540078265466003,0.0006325132343182,0,0,4,2022-03-01,2022
2022-03,-0.1710418688945821,-0.19460591088608484,0.05523002725511893,0.1789470573290942,0.7817836585910094,0.7082637025519608,-0.8540078265466003,0.0006325132343182,0,1,4,2022-03-01,2022
2022-03,-0.17448355567308677,-0.2582230403048381,0.05523002725511893,0.1789470573290942,0.7817836585910094,0.7082637025519608,-0.8540078265466003,0.0006325132343182,0,1,4,2022-03-01,2022
2022-03,-0.25916817090640454,-0.2147023469317104,0.05523002725511893,0.1789470573290942,0.7817836585910094,0.7082637025519608,-0.8540078265466003,0.0006325132343182,1,1,4,2022-03-01,2022
2022-03,-0.12261606122221447,1.8375709450677122,0.05523002725511893,0.1789470573290942,0.7817836585910094,0.7082637025519608,-0.8540078265466003,0.0006325132343182,5,1,4,2022-03-01,2022
2022-03,-0.2476321467043796,-0.2782781760256477,0.05523002725511893,0.1789470573290942,0.7817836585910094,0.7082637025519608,-0.8540078265466003,0.0006325132343182,5,0,4,2022-03-01,2022
2022-03,-0.24764170694543103,-0.2784887749805081,0.05523002725511893,0.1789470573290942,0.7817836585910094,0.7082637025519608,-0.8540078265466003,0.0006325132343182,5,0,4,2022-03-01,2022
2022-03,-0.16141789290283753,0.4437870214540545,0.05523002725511893,0.1789470573290942,0.7817836585910094,0.7082637025519608,-0.8540078265466003,0.0006325132343182,5,1,4,2022-03-01,2022
2022-03,-0.259059821507822,-0.331368541308161,0.05523002725511893,0.1789470573290942,0.7817836585910094,0.7082637025519608,-0.8540078265466003,0.0006325132343182,6,0,4,2022-03-01,2022
2022-03,-0.25766721306133444,-0.2987329457697697,0.05523002725511893,0.1789470573290942,0.7817836585910094,0.7082637025519608,-0.8540078265466003,0.0006325132343182,6,1,4,2022-03-01,2022
2022-03,-0.259155423918336,-0.33421165605321856,0.05523002725511893,0.1789470573290942,0.7817836585910094,0.7082637025519608,-0.8540078265466003,0.0006325132343182,6,1,4,2022-03-01,2022
2022-03,-0.25907256849589055,-0.332005503117881,0.05523002725511893,0.1789470573290942,0.7817836585910094,0.7082637025519608,-0.8540078265466003,0.0006325132343182,6,0,4,2022-03-01,2022
2022-03,-0.08247898254141228,-0.033173155652950974,0.05523002725511893,0.1789470573290942,0.7817836585910094,0.7082637025519608,-0.8540078265466003,0.0006325132343182,8,1,4,2022-03-01,2022
2022-03,-0.246570959947674,-0.31793418236688065,0.05523002725511893,0.1789470573290942,0.7817836585910094,0.7082637025519608,-0.8540078265466003,0.0006325132343182,8,0,4,2022-03-01,2022
2022-03,-0.103501952613445,-0.1218941690929508,0.05523002725511893,0.1789470573290942,0.7817836585910094,0.7082637025519608,-0.8540078265466003,0.0006325132343182,8,1,4,2022-03-01,2022
2022-03,-0.24659326717679395,-0.31799103523599737,0.05523002725511893,0.1789470573290942,0.7817836585910094,0.7082637025519608,-0.8540078265466003,0.0006325132343182,8,0,4,2022-03-01,2022
2022-03,-0.2585658757201662,-0.33285531452894657,0.05523002725511893,0.1789470573290942,0.7817836585910094,0.7082637025519608,-0.8540078265466003,0.0006325132343182,9,1,4,2022-03-01,2022
2022-03,-0.2591171829541304,-0.338723115405153,0.05523002725511893,0.1789470573290942,0.7817836585910094,0.7082637025519608,-0.8540078265466003,0.0006325132343182,9,0,4,2022-03-01,2022
2022-03,-0.25912355644816465,-0.338849113135728,0.05523002725511893,0.1789470573290942,0.7817836585910094,0.7082637025519608,-0.8540078265466003,0.0006325132343182,9,0,4,2022-03-01,2022
2022-03,-0.25881125524048554,-0.33834987357822965,0.05523002725511893,0.1789470573290942,0.7817836585910094,0.7082637025519608,-0.8540078265466003,0.0006325132343182,9,1,4,2022-03-01,2022
2022-03,-0.25942311066777524,-0.3402836598162829,0.05523002725511893,0.1789470573290942,0.7817836585910094,0.7082637025519608,-0.8540078265466003,0.0006325132343182,18,0,4,2022-03-01,2022
2022-03,-0.257109532333336,-0.3352594858823817,0.05523002725511893,0.1789470573290942,0.7817836585910094,0.7082637025519608,-0.8540078265466003,0.0006325132343182,18,1,4,2022-03-01,2022
2022-03,-0.2572019479968329,-0.3392208160590718,0.05523002725511893,0.1789470573290942,0.7817836585910094,0.7082637025519608,-0.8540078265466003,0.0006325132343182,18,1,4,2022-03-01,2022
2022-03,-0.258441592586498,-0.3289344094256616,0.05523002725511893,0.1789470573290942,0.7817836585910094,0.7082637025519608,-0.8540078265466003,0.0006325132343182,36,1,4,2022-03-01,2022
2022-03,-0.2594422311498781,-0.34030020302976294,0.05523002725511893,0.1789470573290942,0.7817836585910094,0.7082637025519608,-0.8540078265466003,0.0006325132343182,36,0,4,2022-03-01,2022
2022-03,-0.25916817090640454,-0.3390961360146867,0.05523002725511893,0.1789470573290942,0.7817836585910094,0.7082637025519608,-0.8540078265466003,0.0006325132343182,36,1,4,2022-03-01,2022
2022-03,-0.2568450323309139,-0.339025817739249,0.05523002725511893,0.1789470573290942,0.7817836585910094,0.7082637025519608,-0.8540078265466003,0.0006325132343182,41,0,4,2022-03-01,2022
2022-03,-0.24793807441802448,-0.3342993735572525,0.05523002725511893,0.1789470573290942,0.7817836585910094,0.7082637025519608,-0.8540078265466003,0.0006325132343182,41,1,4,2022-03-01,2022
2022-03,-0.24802092984046997,-0.33446764304552806,0.05523002725511893,0.1789470573290942,0.7817836585910094,0.7082637025519608,-0.8540078265466003,0.0006325132343182,41,1,4,2022-03-01,2022
2022-03,-0.11664728405912257,0.06824793850349783,0.05523002725511893,0.1789470573290942,0.7817836585910094,0.7082637025519608,-0.8540078265466003,0.0006325132343182,44,0,4,2022-03-01,2022
2022-03,0.6857405606380195,2.7963956407175146,0.05523002725511893,0.1789470573290942,0.7817836585910094,0.7082637025519608,-0.8540078265466003,0.0006325132343182,44,1,4,2022-03-01,2022
2022-03,0.6037073189229571,2.056151452197855,0.05523002725511893,0.1789470573290942,0.7817836585910094,0.7082637025519608,-0.8540078265466003,0.0006325132343182,44,1,4,2022-03-01,2022
2022-03,-0.12081873590455092,-0.049327218890356954,0.05523002725511893,0.1789470573290942,0.7817836585910094,0.7082637025519608,-0.8540078265466003,0.0006325132343182,44,0,4,2022-03-01,2022
2022-03,-0.2589355383741538,-0.3210768254574014,0.05523002725511893,0.1789470573290942,0.7817836585910094,0.7082637025519608,-0.8540078265466003,0.0006325132343182,46,1,4,2022-03-01,2022
2022-03,-0.25896103235029083,-0.3231576154598904,0.05523002725511893,0.1789470573290942,0.7817836585910094,0.7082637025519608,-0.8540078265466003,0.0006325132343182,46,1,4,2022-03-01,2022
2022-03,-0.2591108094600961,-0.3360300533772482,0.05523002725511893,0.1789470573290942,0.7817836585910094,0.7082637025519608,-0.8540078265466003,0.0006325132343182,50,0,4,2022-03-01,2022
2022-03,-0.25734853835962107,-0.33083785040875574,0.05523002725511893,0.1789470573290942,0.7817836585910094,0.7082637025519608,-0.8540078265466003,0.0006325132343182,50,1,4,2022-03-01,2022
2022-03,-0.2574632612522379,-0.3324221612620422,0.05523002725511893,0.1789470573290942,0.7817836585910094,0.7082637025519608,-0.8540078265466003,0.0006325132343182,50,1,4,2022-03-01,2022
2022-03,-0.14339365177392788,-0.16097428886027676,0.05523002725511893,0.1789470573290942,0.7817836585910094,0.7082637025519608,-0.8540078265466003,0.0006325132343182,60,0,4,2022-03-01,2022
2022-03,-0.15076778437157584,-0.1997745397753682,0.05523002725511893,0.1789470573290942,0.7817836585910094,0.7082637025519608,-0.8540078265466003,0.0006325132343182,60,0,4,2022-03-01,2022
2022-03,-0.25943267090882666,-0.3402082343045905,0.05523002725511893,0.1789470573290942,0.7817836585910094,0.7082637025519608,-0.8540078265466003,0.0006325132343182,66,1,4,2022-03-01,2022
2022-03,-0.2594390444028609,-0.3402766385687012,0.05523002725511893,0.1789470573290942,0.7817836585910094,0.7082637025519608,-0.8540078265466003,0.0006325132343182,66,0,4,2022-03-01,2022
2022-03,-0.2594358576558438,-0.34023608845938025,0.05523002725511893,0.1789470573290942,0.7817836585910094,0.7082637025519608,-0.8540078265466003,0.0006325132343182,66,1,4,2022-03-01,2022
2022-03,-0.249948911785836,-0.2885501362017049,0.05523002725511893,0.1789470573290942,0.7817836585910094,0.7082637025519608,-0.8540078265466003,0.0006325132343182,67,1,4,2022-03-01,2022
2022-03,-0.2574505142641693,-0.32320879362205757,0.05523002725511893,0.1789470573290942,0.7817836585910094,0.7082637025519608,-0.8540078265466003,0.0006325132343182,67,0,4,2022-03-01,2022
2022-03,-0.25806874318549333,-0.32870835410797417,0.05523002725511893,0.1789470573290942,0.7817836585910094,0.7082637025519608,-0.8540078265466003,0.0006325132343182,67,0,4,2022-03-01,2022
2022-03,-0.2524887491584918,-0.30933652043092363,0.05523002725511893,0.1789470573290942,0.7817836585910094,0.7082637025519608,-0.8540078265466003,0.0006325132343182,67,1,4,2022-03-01,2022
2022-03,-0.2579540202928765,-0.3390987617689193,0.05523002725511893,0.1789470573290942,0.7817836585910094,0.7082637025519608,-0.8540078265466003,0.0006325132343182,70,1,4,2022-03-01,2022
2022-03,-0.2594358576558438,-0.3403025594758691,0.05523002725511893,0.1789470573290942,0.7817836585910094,0.7082637025519608,-0.8540078265466003,0.0006325132343182,70,0,4,2022-03-01,2022
2022-03,-0.2583077492117784,-0.339783785461058,0.05523002725511893,0.1789470573290942,0.7817836585910094,0.7082637025519608,-0.8540078265466003,0.0006325132343182,70,1,4,2022-03-01,2022
2022-03,-0.2540502551968874,-0.33419824835578177,0.05523002725511893,0.1789470573290942,0.7817836585910094,0.7082637025519608,-0.8540078265466003,0.0006325132343182,73,1,4,2022-03-01,2022
2022-03,-0.2593530022333983,-0.34028008186546044,0.05523002725511893,0.1789470573290942,0.7817836585910094,0.7082637025519608,-0.8540078265466003,0.0006325132343182,73,0,4,2022-03-01,2022
2022-03,-0.2554651708724949,-0.33744319006175266,0.05523002725511893,0.1789470573290942,0.7817836585910094,0.7082637025519608,-0.8540078265466003,0.0006325132343182,73,1,4,2022-03-01,2022
2022-03,-0.25940080343865535,-0.33878274791886026,0.05523002725511893,0.1789470573290942,0.7817836585910094,0.7082637025519608,-0.8540078265466003,0.0006325132343182,75,1,4,2022-03-01,2022
2022-03,-0.25535044797987805,-0.2977378907152375,0.05523002725511893,0.1789470573290942,0.7817836585910094,0.7082637025519608,-0.8540078265466003,0.0006325132343182,75,0,4,2022-03-01,2022
2022-03,-0.2555798937651117,-0.298375458468242,0.05523002725511893,0.1789470573290942,0.7817836585910094,0.7082637025519608,-0.8540078265466003,0.0006325132343182,75,0,4,2022-03-01,2022
2022-03,-0.2580719299325105,-0.3375523848888686,0.05523002725511893,0.1789470573290942,0.7817836585910094,0.7082637025519608,-0.8540078265466003,0.0006325132343182,78,0,4,2022-03-01,2022
2022-03,-0.2482025744204466,-0.2847885076189026,0.05523002725511893,0.1789470573290942,0.7817836585910094,0.7082637025519608,-0.8540078265466003,0.0006325132343182,78,1,4,2022-03-01,2022
2022-03,-0.24895783346350733,-0.30083792541289966,0.05523002725511893,0.1789470573290942,0.7817836585910094,0.7082637025519608,-0.8540078265466003,0.0006325132343182,78,1,4,2022-03-01,2022
2022-03,-0.25286797205353073,-0.27156777734890486,0.05523002725511893,0.1789470573290942,0.7817836585910094,0.7082637025519608,-0.8540078265466003,0.0006325132343182,79,1,4,2022-03-01,2022
2022-03,-0.25695338172949644,-0.3235160453398606,0.05523002725511893,0.1789470573290942,0.7817836585910094,0.7082637025519608,-0.8540078265466003,0.0006325132343182,79,0,4,2022-03-01,2022
2022-03,-0.25365828531377993,-0.2849144091680039,0.05523002725511893,0.1789470573290942,0.7817836585910094,0.7082637025519608,-0.8540078265466003,0.0006325132343182,79,1,4,2022-03-01,2022
2022-03,-0.2569756889586164,-0.32387768768105313,0.05523002725511893,0.1789470573290942,0.7817836585910094,0.7082637025519608,-0.8540078265466003,0.0006325132343182,79,0,4,2022-03-01,2022
2022-03,-0.17547144724839828,-0.3307073032944737,0.05523002725511893,0.1789470573290942,0.7817836585910094,0.7082637025519608,-0.8540078265466003,0.0006325132343182,80,1,4,2022-03-01,2022
2022-03,-0.2581962130661787,-0.34018495838794993,0.05523002725511893,0.1789470573290942,0.7817836585910094,0.7082637025519608,-0.8540078265466003,0.0006325132343182,80,0,4,2022-03-01,2022
2022-03,-0.17810688703156807,-0.33172257569478214,0.05523002725511893,0.1789470573290942,0.7817836585910094,0.7082637025519608,-0.8540078265466003,0.0006325132343182,80,1,4,2022-03-01,2022
2022-03,-0.24248873701872542,-0.2877105007905591,0.05523002725511893,0.1789470573290942,0.7817836585910094,0.7082637025519608,-0.8540078265466003,0.0006325132343182,81,1,4,2022-03-01,2022
2022-03,-0.20126497760508055,-0.3134435174495648,0.05523002725511893,0.1789470573290942,0.7817836585910094,0.7082637025519608,-0.8540078265466003,0.0006325132343182,81,0,4,2022-03-01,2022
2022-03,-0.2460069057256413,-0.3048182995213866,0.05523002725511893,0.1789470573290942,0.7817836585910094,0.7082637025519608,-0.8540078265466003,0.0006325132343182,81,1,4,2022-03-01,2022
2022-03,-0.21122037528660703,-0.31695442978481747,0.05523002725511893,0.1789470573290942,0.7817836585910094,0.7082637025519608,-0.8540078265466003,0.0006325132343182,81,0,4,2022-03-01,2022
2022-03,-0.22697246579230018,-0.26633318720494337,0.05523002725511893,0.1789470573290942,0.7817836585910094,0.7082637025519608,-0.8540078265466003,0.0006325132343182,87,1,4,2022-03-01,2022
2022-03,-0.15016867593235467,-0.2948191100048033,0.05523002725511893,0.1789470573290942,0.7817836585910094,0.7082637025519608,-0.8540078265466003,0.0006325132343182,87,0,4,2022-03-01,2022
2022-03,-0.20035038121116308,-0.31491834493131415,0.05523002725511893,0.1789470573290942,0.7817836585910094,0.7082637025519608,-0.8540078265466003,0.0006325132343182,87,0,4,2022-03-01,2022
2022-03,-0.2354396526168251,-0.28533760765237814,0.05523002725511893,0.1789470573290942,0.7817836585910094,0.7082637025519608,-0.8540078265466003,0.0006325132343182,87,1,4,2022-03-01,2022
2022-03,5.0726228779186595,5.965971121256456,0.05523002725511893,0.1789470573290942,0.7817836585910094,0.7082637025519608,-0.8540078265466003,0.0006325132343182,88,1,4,2022-03-01,2022
2022-03,3.3160847353274048,1.8075804843288703,0.05523002725511893,0.1789470573290942,0.7817836585910094,0.7082637025519608,-0.8540078265466003,0.0006325132343182,88,0,4,2022-03-01,2022
2022-03,3.2805843735565325,1.7673422626727595,0.05523002725511893,0.1789470573290942,0.7817836585910094,0.7082637025519608,-0.8540078265466003,0.0006325132343182,88,0,4,2022-03-01,2022
2022-03,4.8820107918358095,4.628143424588905,0.05523002725511893,0.1789470573290942,0.7817836585910094,0.7082637025519608,-0.8540078265466003,0.0006325132343182,88,1,4,2022-03-01,2022
2022-03,0.4758805225716798,1.1889930198400545,0.05523002725511893,0.1789470573290942,0.7817836585910094,0.7082637025519608,-0.8540078265466003,0.0006325132343182,89,0,4,2022-03-01,2022
2022-03,-0.2515390985473859,-0.21797892272438824,0.05523002725511893,0.1789470573290942,0.7817836585910094,0.7082637025519608,-0.8540078265466003,0.0006325132343182,89,1,4,2022-03-01,2022
2022-03,-0.25272138169074254,-0.275346795542156,0.05523002725511893,0.1789470573290942,0.7817836585910094,0.7082637025519608,-0.8540078265466003,0.0006325132343182,89,1,4,2022-03-01,2022
2022-03,0.434420943878767,0.9700289794653002,0.05523002725511893,0.1789470573290942,0.7817836585910094,0.7082637025519608,-0.8540078265466003,0.0006325132343182,89,0,4,2022-03-01,2022
2022-03,-0.0008727649266458969,1.6932301186222418,0.05523002725511893,0.1789470573290942,0.7817836585910094,0.7082637025519608,-0.8540078265466003,0.0006325132343182,90,0,4,2022-03-01,2022
2022-03,-0.2591012492190447,-0.33992161351290073,0.05523002725511893,0.1789470573290942,0.7817836585910094,0.7082637025519608,-0.8540078265466003,0.0006325132343182,90,1,4,2022-03-01,2022
2022-03,-0.022447042232642787,0.7048900121504548,0.05523002725511893,0.1789470573290942,0.7817836585910094,0.7082637025519608,-0.8540078265466003,0.0006325132343182,90,0,4,2022-03-01,2022
2022-03,-0.2566888817270743,-0.30580416924517845,0.05523002725511893,0.1789470573290942,0.7817836585910094,0.7082637025519608,-0.8540078265466003,0.0006325132343182,91,0,4,2022-03-01,2022
2022-03,-0.2570967853452675,-0.31840170127434564,0.05523002725511893,0.1789470573290942,0.7817836585910094,0.7082637025519608,-0.8540078265466003,0.0006325132343182,91,0,4,2022-03-01,2022
2022-03,-0.2585244480089435,-0.3277038347964278,0.05523002725511893,0.1789470573290942,0.7817836585910094,0.7082637025519608,-0.8540078265466003,0.0006325132343182,94,1,4,2022-03-01,2022
2022-03,-0.25942948416180955,-0.3401566040894969,0.05523002725511893,0.1789470573290942,0.7817836585910094,0.7082637025519608,-0.8540078265466003,0.0006325132343182,94,0,4,2022-03-01,2022
2022-03,-0.25943267090882666,-0.3401661260553953,0.05523002725511893,0.1789470573290942,0.7817836585910094,0.7082637025519608,-0.8540078265466003,0.0006325132343182,94,0,4,2022-03-01,2022
2022-03,-0.2585435684910463,-0.3278101826519215,0.05523002725511893,0.1789470573290942,0.7817836585910094,0.7082637025519608,-0.8540078265466003,0.0006325132343182,94,1,4,2022-03-01,2022
2022-03,-0.25942311066777524,-0.3402637502512225,0.05523002725511893,0.1789470573290942,0.7817836585910094,0.7082637025519608,-0.8540078265466003,0.0006325132343182,95,1,4,2022-03-01,2022
2022-03,-0.2454173575274715,-0.3247372999842909,0.05523002725511893,0.1789470573290942,0.7817836585910094,0.7082637025519608,-0.8540078265466003,0.0006325132343182,98,0,4,2022-03-01,2022
2022-03,-0.13422538060563347,0.5333018205966771,0.05523002725511893,0.1789470573290942,0.7817836585910094,0.7082637025519608,-0.8540078265466003,0.0006325132343182,98,1,4,2022-03-01,2022
2022-03,-0.139661971016864,0.11529359632518894,0.05523002725511893,0.1789470573290942,0.7817836585910094,0.7082637025519608,-0.8540078265466003,0.0006325132343182,98,1,4,2022-03-01,2022
2022-03,-0.24543010451554007,-0.32476755867592366,0.05523002725511893,0.1789470573290942,0.7817836585910094,0.7082637025519608,-0.8540078265466003,0.0006325132343182,98,0,4,2022-03-01,2022
2022-03,0.008215837566220149,-0.1293391153026514,0.05523002725511893,0.1789470573290942,0.7817836585910094,0.7082637025519608,-0.8540078265466003,0.0006325132343182,101,0,4,2022-03-01,2022
2022-03,1.2028476256143124,0.795987862169058,0.05523002725511893,0.1789470573290942,0.7817836585910094,0.7082637025519608,-0.8540078265466003,0.0006325132343182,101,1,4,2022-03-01,2022
2022-03,1.1729463783525444,0.6727106630508084,0.05523002725511893,0.1789470573290942,0.7817836585910094,0.7082637025519608,-0.8540078265466003,0.0006325132343182,101,1,4,2022-03-01,2022
2022-03,0.006115771281928872,-0.1304708346131944,0.05523002725511893,0.1789470573290942,0.7817836585910094,0.7082637025519608,-0.8540078265466003,0.0006325132343182,101,0,4,2022-03-01,2022
2022-04,-0.25669844196812575,-0.3337380969492038,0.20894652196156532,-0.3562754167176266,0.7651916232568889,0.83219607117567,-0.9919835451956613,0.000601962711517,0,0,4,2022-04-01,2022
2022-04,-0.15922222420803223,-0.19738219874320076,0.20894652196156532,-0.3562754167176266,0.7651916232568889,0.83219607117567,-0.9919835451956613,0.000601962711517,0,1,4,2022-04-01,2022
2022-04,-0.1626352302633827,-0.25743970952840883,0.20894652196156532,-0.3562754167176266,0.7651916232568889,0.83219607117567,-0.9919835451956613,0.000601962711517,0,1,4,2022-04-01,2022
2022-04,-0.2585945564433204,1.3693968686399787,0.20894652196156532,-0.3562754167176266,0.7651916232568889,0.83219607117567,-0.9919835451956613,0.000601962711517,1,1,4,2022-04-01,2022
2022-04,-0.25892597813310236,0.033532380123291565,0.20894652196156532,-0.3562754167176266,0.7651916232568889,0.83219607117567,-0.9919835451956613,0.000601962711517,1,1,4,2022-04-01,2022
2022-04,-0.12116609132941852,1.893077821786739,0.20894652196156532,-0.3562754167176266,0.7651916232568889,0.83219607117567,-0.9919835451956613,0.000601962711517,5,1,4,2022-04-01,2022
2022-04,-0.24307509846987807,-0.25962597213498073,0.20894652196156532,-0.3562754167176266,0.7651916232568889,0.83219607117567,-0.9919835451956613,0.000601962711517,5,0,4,2022-04-01,2022
2022-04,-0.243097405698998,-0.25981066941896797,0.20894652196156532,-0.3562754167176266,0.7651916232568889,0.83219607117567,-0.9919835451956613,0.000601962711517,5,0,4,2022-04-01,2022
2022-04,-0.15766709166367088,0.535471203354611,0.20894652196156532,-0.3562754167176266,0.7651916232568889,0.83219607117567,-0.9919835451956613,0.000601962711517,5,1,4,2022-04-01,2022
2022-04,-0.2577468817367628,-0.29044178533612075,0.20894652196156532,-0.3562754167176266,0.7651916232568889,0.83219607117567,-0.9919835451956613,0.000601962711517,6,1,4,2022-04-01,2022
2022-04,-0.2591426769302675,-0.3339696538471881,0.20894652196156532,-0.3562754167176266,0.7651916232568889,0.83219607117567,-0.9919835451956613,0.000601962711517,6,0,4,2022-04-01,2022
2022-04,-0.25919685162955874,-0.3360096725229666,0.20894652196156532,-0.3562754167176266,0.7651916232568889,0.83219607117567,-0.9919835451956613,0.000601962711517,6,1,4,2022-04-01,2022
2022-04,-0.2591458636772846,-0.3340226786936507,0.20894652196156532,-0.3562754167176266,0.7651916232568889,0.83219607117567,-0.9919835451956613,0.000601962711517,6,0,4,2022-04-01,2022
2022-04,-0.08352104881601508,-0.03430758728105291,0.20894652196156532,-0.3562754167176266,0.7651916232568889,0.83219607117567,-0.9919835451956613,0.000601962711517,8,1,4,2022-04-01,2022
2022-04,-0.24534087559906032,-0.31535117118120787,0.20894652196156532,-0.3562754167176266,0.7651916232568889,0.83219607117567,-0.9919835451956613,0.000601962711517,8,0,4,2022-04-01,2022
2022-04,-0.24535362258712884,-0.3153783328293868,0.20894652196156532,-0.3562754167176266,0.7651916232568889,0.83219607117567,-0.9919835451956613,0.000601962711517,8,0,4,2022-04-01,2022
2022-04,-0.10330437429838268,-0.1157148845140976,0.20894652196156532,-0.3562754167176266,0.7651916232568889,0.83219607117567,-0.9919835451956613,0.000601962711517,8,1,4,2022-04-01,2022
2022-04,-0.2591012492190447,-0.33843548470798906,0.20894652196156532,-0.3562754167176266,0.7651916232568889,0.83219607117567,-0.9919835451956613,0.000601962711517,9,0,4,2022-04-01,2022
2022-04,-0.2584734600566693,-0.3320332803274918,0.20894652196156532,-0.3562754167176266,0.7651916232568889,0.83219607117567,-0.9919835451956613,0.000601962711517,9,1,4,2022-04-01,2022
2022-04,-0.25910443596606186,-0.3384643391501055,0.20894652196156532,-0.3562754167176266,0.7651916232568889,0.83219607117567,-0.9919835451956613,0.000601962711517,9,0,4,2022-04-01,2022
2022-04,-0.2587538937941771,-0.3379687448704612,0.20894652196156532,-0.3562754167176266,0.7651916232568889,0.83219607117567,-0.9919835451956613,0.000601962711517,9,1,4,2022-04-01,2022
2022-04,-0.25864235764857746,-0.3398865072749924,0.20894652196156532,-0.3562754167176266,0.7651916232568889,0.83219607117567,-0.9919835451956613,0.000601962711517,18,1,4,2022-04-01,2022
2022-04,-0.258655104636646,-0.3399099755545804,0.20894652196156532,-0.3562754167176266,0.7651916232568889,0.83219607117567,-0.9919835451956613,0.000601962711517,18,1,4,2022-04-01,2022
2022-04,-0.2594103636797067,-0.33979121067082924,0.20894652196156532,-0.3562754167176266,0.7651916232568889,0.83219607117567,-0.9919835451956613,0.000601962711517,22,1,4,2022-04-01,2022
2022-04,-0.2594262974147924,-0.340199020119408,0.20894652196156532,-0.3562754167176266,0.7651916232568889,0.83219607117567,-0.9919835451956613,0.000601962711517,22,1,4,2022-04-01,2022
2022-04,-0.25931157452217557,-0.34012267126556794,0.20894652196156532,-0.3562754167176266,0.7651916232568889,0.83219607117567,-0.9919835451956613,0.000601962711517,27,1,4,2022-04-01,2022
2022-04,-0.2594422311498781,-0.3403014533889213,0.20894652196156532,-0.3562754167176266,0.7651916232568889,0.83219607117567,-0.9919835451956613,0.000601962711517,27,0,4,2022-04-01,2022
2022-04,-0.25931476126919273,-0.3401438311897867,0.20894652196156532,-0.3562754167176266,0.7651916232568889,0.83219607117567,-0.9919835451956613,0.000601962711517,27,1,4,2022-04-01,2022
2022-04,-0.2594422311498781,-0.3402870261678631,0.20894652196156532,-0.3562754167176266,0.7651916232568889,0.83219607117567,-0.9919835451956613,0.000601962711517,36,0,4,2022-04-01,2022
2022-04,-0.25858499620226905,-0.32421187021149817,0.20894652196156532,-0.3562754167176266,0.7651916232568889,0.83219607117567,-0.9919835451956613,0.000601962711517,36,1,4,2022-04-01,2022
2022-04,-0.25928289379902136,-0.33955878813958146,0.20894652196156532,-0.3562754167176266,0.7651916232568889,0.83219607117567,-0.9919835451956613,0.000601962711517,36,1,4,2022-04-01,2022
2022-04,-0.256443502206755,-0.33877225452007725,0.20894652196156532,-0.3562754167176266,0.7651916232568889,0.83219607117567,-0.9919835451956613,0.000601962711517,41,0,4,2022-04-01,2022
2022-04,-0.2493752973227519,-0.3349739807957871,0.20894652196156532,-0.3562754167176266,0.7651916232568889,0.83219607117567,-0.9919835451956613,0.000601962711517,41,1,4,2022-04-01,2022
2022-04,-0.24944540575712884,-0.3351341998947122,0.20894652196156532,-0.3562754167176266,0.7651916232568889,0.83219607117567,-0.9919835451956613,0.000601962711517,41,1,4,2022-04-01,2022
2022-04,0.6517315964711659,2.8540137296391688,0.20894652196156532,-0.3562754167176266,0.7651916232568889,0.83219607117567,-0.9919835451956613,0.000601962711517,44,1,4,2022-04-01,2022
2022-04,-0.1085147056713967,0.023417445821231935,0.20894652196156532,-0.3562754167176266,0.7651916232568889,0.83219607117567,-0.9919835451956613,0.000601962711517,44,0,4,2022-04-01,2022
2022-04,0.5731177343054883,2.0456485506852453,0.20894652196156532,-0.3562754167176266,0.7651916232568889,0.83219607117567,-0.9919835451956613,0.000601962711517,44,1,4,2022-04-01,2022
2022-04,-0.10931457917269734,0.012688219682808389,0.20894652196156532,-0.3562754167176266,0.7651916232568889,0.83219607117567,-0.9919835451956613,0.000601962711517,44,0,4,2022-04-01,2022
2022-04,-0.25902795403765067,-0.31284518211969126,0.20894652196156532,-0.3562754167176266,0.7651916232568889,0.83219607117567,-0.9919835451956613,0.000601962711517,46,1,4,2022-04-01,2022
2022-04,-0.25904388777273635,-0.31516392508816704,0.20894652196156532,-0.3562754167176266,0.7651916232568889,0.83219607117567,-0.9919835451956613,0.000601962711517,46,1,4,2022-04-01,2022
2022-04,-0.25710315883930174,-0.3328529965554299,0.20894652196156532,-0.3562754167176266,0.7651916232568889,0.83219607117567,-0.9919835451956613,0.000601962711517,50,1,4,2022-04-01,2022
2022-04,-0.25899927331449646,-0.33348159057693616,0.20894652196156532,-0.3562754167176266,0.7651916232568889,0.83219607117567,-0.9919835451956613,0.000601962711517,50,0,4,2022-04-01,2022
2022-04,-0.2572242552259528,-0.3339980081456412,0.20894652196156532,-0.3562754167176266,0.7651916232568889,0.83219607117567,-0.9919835451956613,0.000601962711517,50,1,4,2022-04-01,2022
2022-04,-0.1459111819174637,-0.14598280956833098,0.20894652196156532,-0.3562754167176266,0.7651916232568889,0.83219607117567,-0.9919835451956613,0.000601962711517,60,0,4,2022-04-01,2022
2022-04,-0.15162501931918487,-0.20124524107189493,0.20894652196156532,-0.3562754167176266,0.7651916232568889,0.83219607117567,-0.9919835451956613,0.000601962711517,60,0,4,2022-04-01,2022
2022-04,-0.2594422311498781,-0.34029375887102364,0.20894652196156532,-0.3562754167176266,0.7651916232568889,0.83219607117567,-0.9919835451956613,0.000601962711517,66,1,4,2022-04-01,2022
2022-04,-0.25114394191726125,-0.2890552813016898,0.20894652196156532,-0.3562754167176266,0.7651916232568889,0.83219607117567,-0.9919835451956613,0.000601962711517,67,1,4,2022-04-01,2022
2022-04,-0.25778193595395127,-0.3268865904323643,0.20894652196156532,-0.3562754167176266,0.7651916232568889,0.83219607117567,-0.9919835451956613,0.000601962711517,67,0,4,2022-04-01,2022
2022-04,-0.2578106166771055,-0.3270492621588693,0.20894652196156532,-0.3562754167176266,0.7651916232568889,0.83219607117567,-0.9919835451956613,0.000601962711517,67,0,4,2022-04-01,2022
2022-04,-0.25301137566930176,-0.30570076454278056,0.20894652196156532,-0.3562754167176266,0.7651916232568889,0.83219607117567,-0.9919835451956613,0.000601962711517,67,1,4,2022-04-01,2022
2022-04,-0.25942311066777524,-0.34029340299957084,0.20894652196156532,-0.3562754167176266,0.7651916232568889,0.83219607117567,-0.9919835451956613,0.000601962711517,70,0,4,2022-04-01,2022
2022-04,-0.2576608395673002,-0.3390546144724812,0.20894652196156532,-0.3562754167176266,0.7651916232568889,0.83219607117567,-0.9919835451956613,0.000601962711517,70,1,4,2022-04-01,2022
2022-04,-0.2579827010160307,-0.33961686251341444,0.20894652196156532,-0.3562754167176266,0.7651916232568889,0.83219607117567,-0.9919835451956613,0.000601962711517,70,1,4,2022-04-01,2022
2022-04,-0.25934344199234693,-0.34027752343825945,0.20894652196156532,-0.3562754167176266,0.7651916232568889,0.83219607117567,-0.9919835451956613,0.000601962711517,73,0,4,2022-04-01,2022
2022-04,-0.2546238696599715,-0.33487402900829577,0.20894652196156532,-0.3562754167176266,0.7651916232568889,0.83219607117567,-0.9919835451956613,0.000601962711517,73,1,4,2022-04-01,2022
2022-04,-0.25583802027349956,-0.33785503913222775,0.20894652196156532,-0.3562754167176266,0.7651916232568889,0.83219607117567,-0.9919835451956613,0.000601962711517,73,1,4,2022-04-01,2022
2022-04,-0.2594358576558438,-0.3402196991362581,0.20894652196156532,-0.3562754167176266,0.7651916232568889,0.83219607117567,-0.9919835451956613,0.000601962711517,75,1,4,2022-04-01,2022
2022-04,-0.2569406347414279,-0.33066319447062503,0.20894652196156532,-0.3562754167176266,0.7651916232568889,0.83219607117567,-0.9919835451956613,0.000601962711517,75,0,4,2022-04-01,2022
2022-04,-0.2569565684765136,-0.3306968579864275,0.20894652196156532,-0.3562754167176266,0.7651916232568889,0.83219607117567,-0.9919835451956613,0.000601962711517,75,0,4,2022-04-01,2022
2022-04,-0.25753655643363194,-0.3367043528350669,0.20894652196156532,-0.3562754167176266,0.7651916232568889,0.83219607117567,-0.9919835451956613,0.000601962711517,78,0,4,2022-04-01,2022
2022-04,-0.24751423706474565,-0.28937847028968844,0.20894652196156532,-0.3562754167176266,0.7651916232568889,0.83219607117567,-0.9919835451956613,0.000601962711517,78,1,4,2022-04-01,2022
2022-04,-0.24816752020325814,-0.3000041474535035,0.20894652196156532,-0.3562754167176266,0.7651916232568889,0.83219607117567,-0.9919835451956613,0.000601962711517,78,1,4,2022-04-01,2022
2022-04,-0.2569693154645821,-0.32293850444460565,0.20894652196156532,-0.3562754167176266,0.7651916232568889,0.83219607117567,-0.9919835451956613,0.000601962711517,79,0,4,2022-04-01,2022
2022-04,-0.2533173033829466,-0.2876961408965325,0.20894652196156532,-0.3562754167176266,0.7651916232568889,0.83219607117567,-0.9919835451956613,0.000601962711517,79,1,4,2022-04-01,2022
2022-04,-0.2570521708870276,-0.32382337400284267,0.20894652196156532,-0.3562754167176266,0.7651916232568889,0.83219607117567,-0.9919835451956613,0.000601962711517,79,0,4,2022-04-01,2022
2022-04,-0.25399608049759614,-0.2948171959934762,0.20894652196156532,-0.3562754167176266,0.7651916232568889,0.83219607117567,-0.9919835451956613,0.000601962711517,79,1,4,2022-04-01,2022
2022-04,-0.18898962809508055,-0.3321481402434099,0.20894652196156532,-0.3562754167176266,0.7651916232568889,0.83219607117567,-0.9919835451956613,0.000601962711517,80,1,4,2022-04-01,2022
2022-04,-0.2495633153967628,-0.33930400341569344,0.20894652196156532,-0.3562754167176266,0.7651916232568889,0.83219607117567,-0.9919835451956613,0.000601962711517,80,0,4,2022-04-01,2022
2022-04,-0.24956650214377993,-0.3393046766860095,0.20894652196156532,-0.3562754167176266,0.7651916232568889,0.83219607117567,-0.9919835451956613,0.000601962711517,80,0,4,2022-04-01,2022
2022-04,-0.19149441125054784,-0.3332384726658106,0.20894652196156532,-0.3562754167176266,0.7651916232568889,0.83219607117567,-0.9919835451956613,0.000601962711517,80,1,4,2022-04-01,2022
2022-04,-0.22202663442170828,-0.3232473527748725,0.20894652196156532,-0.3562754167176266,0.7651916232568889,0.83219607117567,-0.9919835451956613,0.000601962711517,81,0,4,2022-04-01,2022
2022-04,-0.2449552792099871,-0.3066808729962965,0.20894652196156532,-0.3562754167176266,0.7651916232568889,0.83219607117567,-0.9919835451956613,0.000601962711517,81,1,4,2022-04-01,2022
2022-04,-0.23412989959278305,-0.3274441351992326,0.20894652196156532,-0.3562754167176266,0.7651916232568889,0.83219607117567,-0.9919835451956613,0.000601962711517,81,0,4,2022-04-01,2022
2022-04,-0.2477723635731335,-0.3217293398114222,0.20894652196156532,-0.3562754167176266,0.7651916232568889,0.83219607117567,-0.9919835451956613,0.000601962711517,81,1,4,2022-04-01,2022
2022-04,-0.231892803186755,-0.29405304380290703,0.20894652196156532,-0.3562754167176266,0.7651916232568889,0.83219607117567,-0.9919835451956613,0.000601962711517,87,1,4,2022-04-01,2022
2022-04,-0.17916170029423942,-0.3066091216169003,0.20894652196156532,-0.3562754167176266,0.7651916232568889,0.83219607117567,-0.9919835451956613,0.000601962711517,87,0,4,2022-04-01,2022
2022-04,-0.23884947192515843,-0.30445331006490856,0.20894652196156532,-0.3562754167176266,0.7651916232568889,0.83219607117567,-0.9919835451956613,0.000601962711517,87,1,4,2022-04-01,2022
2022-04,-0.23515284538528305,-0.32845121293797996,0.20894652196156532,-0.3562754167176266,0.7651916232568889,0.83219607117567,-0.9919835451956613,0.000601962711517,87,0,4,2022-04-01,2022
2022-04,3.5322417854996018,2.08523709534081,0.20894652196156532,-0.3562754167176266,0.7651916232568889,0.83219607117567,-0.9919835451956613,0.000601962711517,88,0,4,2022-04-01,2022
2022-04,5.072132118878021,6.017779887637927,0.20894652196156532,-0.3562754167176266,0.7651916232568889,0.83219607117567,-0.9919835451956613,0.000601962711517,88,1,4,2022-04-01,2022
2022-04,3.5015597852186358,2.0484953587988937,0.20894652196156532,-0.3562754167176266,0.7651916232568889,0.83219607117567,-0.9919835451956613,0.000601962711517,88,0,4,2022-04-01,2022
2022-04,4.888119785867655,4.875620934137594,0.20894652196156532,-0.3562754167176266,0.7651916232568889,0.83219607117567,-0.9919835451956613,0.000601962711517,88,1,4,2022-04-01,2022
2022-04,-0.25285203831844505,-0.22909428862536113,0.20894652196156532,-0.3562754167176266,0.7651916232568889,0.83219607117567,-0.9919835451956613,0.000601962711517,89,1,4,2022-04-01,2022
2022-04,0.24208164091262988,0.725134356066369,0.20894652196156532,-0.3562754167176266,0.7651916232568889,0.83219607117567,-0.9919835451956613,0.000601962711517,89,0,4,2022-04-01,2022
2022-04,-0.25326631543067246,-0.24558841108125654,0.20894652196156532,-0.3562754167176266,0.7651916232568889,0.83219607117567,-0.9919835451956613,0.000601962711517,89,1,4,2022-04-01,2022
2022-04,0.21542450211430433,0.5910939210405879,0.20894652196156532,-0.3562754167176266,0.7651916232568889,0.83219607117567,-0.9919835451956613,0.000601962711517,89,0,4,2022-04-01,2022
2022-04,-0.25917773114745596,-0.34005407463850984,0.20894652196156532,-0.3562754167176266,0.7651916232568889,0.83219607117567,-0.9919835451956613,0.000601962711517,90,1,4,2022-04-01,2022
2022-04,-0.04084731950957426,1.4475740457321529,0.20894652196156532,-0.3562754167176266,0.7651916232568889,0.83219607117567,-0.9919835451956613,0.000601962711517,90,0,4,2022-04-01,2022
2022-04,-0.060458560653016635,0.47506972838308037,0.20894652196156532,-0.3562754167176266,0.7651916232568889,0.83219607117567,-0.9919835451956613,0.000601962711517,90,0,4,2022-04-01,2022
2022-04,-0.257300737154364,-0.30902258410069694,0.20894652196156532,-0.3562754167176266,0.7651916232568889,0.83219607117567,-0.9919835451956613,0.000601962711517,91,0,4,2022-04-01,2022
2022-04,-0.25766402631431734,-0.32248195022514486,0.20894652196156532,-0.3562754167176266,0.7651916232568889,0.83219607117567,-0.9919835451956613,0.000601962711517,91,0,4,2022-04-01,2022
2022-04,-0.2582790684886242,-0.32742666864360476,0.20894652196156532,-0.3562754167176266,0.7651916232568889,0.83219607117567,-0.9919835451956613,0.000601962711517,94,1,4,2022-04-01,2022
2022-04,-0.2594390444028609,-0.3402952112112768,0.20894652196156532,-0.3562754167176266,0.7651916232568889,0.83219607117567,-0.9919835451956613,0.000601962711517,94,0,4,2022-04-01,2022
2022-04,-0.2582918154766927,-0.3278245425459481,0.20894652196156532,-0.3562754167176266,0.7651916232568889,0.83219607117567,-0.9919835451956613,0.000601962711517,94,1,4,2022-04-01,2022
2022-04,-0.2424982972597768,-0.32327996791261143,0.20894652196156532,-0.3562754167176266,0.7651916232568889,0.83219607117567,-0.9919835451956613,0.000601962711517,98,0,4,2022-04-01,2022
2022-04,-0.14081238669004936,0.44026017184860616,0.20894652196156532,-0.3562754167176266,0.7651916232568889,0.83219607117567,-0.9919835451956613,0.000601962711517,98,1,4,2022-04-01,2022
2022-04,-0.2425078575008282,-0.3233112268915709,0.20894652196156532,-0.3562754167176266,0.7651916232568889,0.83219607117567,-0.9919835451956613,0.000601962711517,98,0,4,2022-04-01,2022
2022-04,-0.14535987468349953,0.06592556949346275,0.20894652196156532,-0.3562754167176266,0.7651916232568889,0.83219607117567,-0.9919835451956613,0.000601962711517,98,1,4,2022-04-01,2022
2022-04,0.04588637405576066,-0.09138094280813833,0.20894652196156532,-0.3562754167176266,0.7651916232568889,0.83219607117567,-0.9919835451956613,0.000601962711517,101,0,4,2022-04-01,2022
2022-04,1.2232778607411583,0.8009416697367846,0.20894652196156532,-0.3562754167176266,0.7651916232568889,0.83219607117567,-0.9919835451956613,0.000601962711517,101,1,4,2022-04-01,2022
2022-04,0.04407311500301144,-0.09231583635085783,0.20894652196156532,-0.3562754167176266,0.7651916232568889,0.83219607117567,-0.9919835451956613,0.000601962711517,101,0,4,2022-04-01,2022
2022-04,1.195964252057303,0.6872293815449713,0.20894652196156532,-0.3562754167176266,0.7651916232568889,0.83219607117567,-0.9919835451956613,0.000601962711517,101,1,4,2022-04-01,2022
2022-05,-0.1948150016424014,-0.2565561480382144,0.20894652196156532,-0.3562754167176266,0.48086155752875726,0.33603231967188935,-0.9631162849109287,0.000660726263618,0,1,4,2022-05-01,2022
2022-05,-0.25658053232849176,-0.33385266832070076,0.20894652196156532,-0.3562754167176266,0.48086155752875726,0.33603231967188935,-0.9631162849109287,0.000660726263618,0,0,4,2022-05-01,2022
2022-05,-0.19709671250666932,-0.28452068068717795,0.20894652196156532,-0.3562754167176266,0.48086155752875726,0.33603231967188935,-0.9631162849109287,0.000660726263618,0,1,4,2022-05-01,2022
2022-05,-0.25883993596363974,-0.11361023188797831,0.20894652196156532,-0.3562754167176266,0.48086155752875726,0.33603231967188935,-0.9631162849109287,0.000660726263618,1,1,4,2022-05-01,2022
2022-05,-0.24690875513149022,-0.29112392358404776,0.20894652196156532,-0.3562754167176266,0.48086155752875726,0.33603231967188935,-0.9631162849109287,0.000660726263618,5,0,4,2022-05-01,2022
2022-05,-0.16782962790131106,0.8246100548808865,0.20894652196156532,-0.3562754167176266,0.48086155752875726,0.33603231967188935,-0.9631162849109287,0.000660726263618,5,1,4,2022-05-01,2022
2022-05,-0.24692468886657587,-0.29142039335864667,0.20894652196156532,-0.3562754167176266,0.48086155752875726,0.33603231967188935,-0.9631162849109287,0.000660726263618,5,0,4,2022-05-01,2022
2022-05,-0.19360085102887337,0.09828825010016949,0.20894652196156532,-0.3562754167176266,0.48086155752875726,0.33603231967188935,-0.9631162849109287,0.000660726263618,5,1,4,2022-05-01,2022
2022-05,-0.2577628154718485,-0.2962371711807623,0.20894652196156532,-0.3562754167176266,0.48086155752875726,0.33603231967188935,-0.9631162849109287,0.000660726263618,6,1,4,2022-05-01,2022
2022-05,-0.2590534480137877,-0.3288091907650237,0.20894652196156532,-0.3562754167176266,0.48086155752875726,0.33603231967188935,-0.9631162849109287,0.000660726263618,6,0,4,2022-05-01,2022
2022-05,-0.2592191588586787,-0.3346431646169223,0.20894652196156532,-0.3562754167176266,0.48086155752875726,0.33603231967188935,-0.9631162849109287,0.000660726263618,6,1,4,2022-05-01,2022
2022-05,-0.25909168897799334,-0.3313956837200452,0.20894652196156532,-0.3562754167176266,0.48086155752875726,0.33603231967188935,-0.9631162849109287,0.000660726263618,6,0,4,2022-05-01,2022
2022-05,-0.10257779597847615,-0.0806355197095401,0.20894652196156532,-0.3562754167176266,0.48086155752875726,0.33603231967188935,-0.9631162849109287,0.000660726263618,8,1,4,2022-05-01,2022
2022-05,-0.24602283946072698,-0.31856638319365144,0.20894652196156532,-0.3562754167176266,0.48086155752875726,0.33603231967188935,-0.9631162849109287,0.000660726263618,8,0,4,2022-05-01,2022
2022-05,-0.12024830818848393,-0.15274497311423066,0.20894652196156532,-0.3562754167176266,0.48086155752875726,0.33603231967188935,-0.9631162849109287,0.000660726263618,8,1,4,2022-05-01,2022
2022-05,-0.2460260262077441,-0.318576347594329,0.20894652196156532,-0.3562754167176266,0.48086155752875726,0.33603231967188935,-0.9631162849109287,0.000660726263618,8,0,4,2022-05-01,2022
2022-05,-0.258964219097308,-0.3378536348827114,0.20894652196156532,-0.3562754167176266,0.48086155752875726,0.33603231967188935,-0.9631162849109287,0.000660726263618,9,0,4,2022-05-01,2022
2022-05,-0.2583555504170354,-0.3310073414017476,0.20894652196156532,-0.3562754167176266,0.48086155752875726,0.33603231967188935,-0.9631162849109287,0.000660726263618,9,1,4,2022-05-01,2022
2022-05,-0.2586837853598002,-0.33752666596279546,0.20894652196156532,-0.3562754167176266,0.48086155752875726,0.33603231967188935,-0.9631162849109287,0.000660726263618,9,1,4,2022-05-01,2022
2022-05,-0.25942948416180955,-0.34029895267060456,0.20894652196156532,-0.3562754167176266,0.48086155752875726,0.33603231967188935,-0.9631162849109287,0.000660726263618,18,0,4,2022-05-01,2022
2022-05,-0.2586200504194575,-0.33980498385786617,0.20894652196156532,-0.3562754167176266,0.48086155752875726,0.33603231967188935,-0.9631162849109287,0.000660726263618,18,1,4,2022-05-01,2022
2022-05,-0.258655104636646,-0.3399931917656442,0.20894652196156532,-0.3562754167176266,0.48086155752875726,0.33603231967188935,-0.9631162849109287,0.000660726263618,18,1,4,2022-05-01,2022
2022-05,-0.25941355042672387,-0.33992826927088227,0.20894652196156532,-0.3562754167176266,0.48086155752875726,0.33603231967188935,-0.9631162849109287,0.000660726263618,22,1,4,2022-05-01,2022
2022-05,-0.2591586106653531,-0.33776724468301483,0.20894652196156532,-0.3562754167176266,0.48086155752875726,0.33603231967188935,-0.9631162849109287,0.000660726263618,27,1,4,2022-05-01,2022
2022-05,-0.25942948416180955,-0.34027962019438657,0.20894652196156532,-0.3562754167176266,0.48086155752875726,0.33603231967188935,-0.9631162849109287,0.000660726263618,27,0,4,2022-05-01,2022
2022-05,-0.2591745444004388,-0.3378404195482221,0.20894652196156532,-0.3562754167176266,0.48086155752875726,0.33603231967188935,-0.9631162849109287,0.000660726263618,27,1,4,2022-05-01,2022
2022-05,-0.2586582913836631,-0.3295045154929979,0.20894652196156532,-0.3562754167176266,0.48086155752875726,0.33603231967188935,-0.9631162849109287,0.000660726263618,36,1,4,2022-05-01,2022
2022-05,-0.2592605865699014,-0.33900601397380975,0.20894652196156532,-0.3562754167176266,0.48086155752875726,0.33603231967188935,-0.9631162849109287,0.000660726263618,36,1,4,2022-05-01,2022
2022-05,-0.2567334961853142,-0.3391465351069167,0.20894652196156532,-0.3562754167176266,0.48086155752875726,0.33603231967188935,-0.9631162849109287,0.000660726263618,41,0,4,2022-05-01,2022
2022-05,-0.25363916483167714,-0.3377932617716565,0.20894652196156532,-0.3562754167176266,0.48086155752875726,0.33603231967188935,-0.9631162849109287,0.000660726263618,41,1,4,2022-05-01,2022
2022-05,-0.2536742190488656,-0.3378116805238741,0.20894652196156532,-0.3562754167176266,0.48086155752875726,0.33603231967188935,-0.9631162849109287,0.000660726263618,41,1,4,2022-05-01,2022
2022-05,-0.2567366829323313,-0.3391486510993386,0.20894652196156532,-0.3562754167176266,0.48086155752875726,0.33603231967188935,-0.9631162849109287,0.000660726263618,41,0,4,2022-05-01,2022
2022-05,0.5615211619101378,2.429103032287916,0.20894652196156532,-0.3562754167176266,0.48086155752875726,0.33603231967188935,-0.9631162849109287,0.000660726263618,44,1,4,2022-05-01,2022
2022-05,-0.11484039850040761,0.12555959324987542,0.20894652196156532,-0.3562754167176266,0.48086155752875726,0.33603231967188935,-0.9631162849109287,0.000660726263618,44,0,4,2022-05-01,2022
2022-05,0.4915752516310645,1.8801917934271444,0.20894652196156532,-0.3562754167176266,0.48086155752875726,0.33603231967188935,-0.9631162849109287,0.000660726263618,44,1,4,2022-05-01,2022
2022-05,-0.11652618767247148,0.028085632884595396,0.20894652196156532,-0.3562754167176266,0.48086155752875726,0.33603231967188935,-0.9631162849109287,0.000660726263618,44,0,4,2022-05-01,2022
2022-05,-0.25916817090640454,-0.3244921718803645,0.20894652196156532,-0.3562754167176266,0.48086155752875726,0.33603231967188935,-0.9631162849109287,0.000660726263618,46,1,4,2022-05-01,2022
2022-05,-0.25943267090882666,-0.33990797497992703,0.20894652196156532,-0.3562754167176266,0.48086155752875726,0.33603231967188935,-0.9631162849109287,0.000660726263618,46,0,4,2022-05-01,2022
2022-05,-0.2591841046414902,-0.3254866113734649,0.20894652196156532,-0.3562754167176266,0.48086155752875726,0.33603231967188935,-0.9631162849109287,0.000660726263618,46,1,4,2022-05-01,2022
2022-05,-0.2590693817488734,-0.3375742661741402,0.20894652196156532,-0.3562754167176266,0.48086155752875726,0.33603231967188935,-0.9631162849109287,0.000660726263618,50,0,4,2022-05-01,2022
2022-05,-0.25723700221402135,-0.33247779262644267,0.20894652196156532,-0.3562754167176266,0.48086155752875726,0.33603231967188935,-0.9631162849109287,0.000660726263618,50,1,4,2022-05-01,2022
2022-05,-0.25734853835962107,-0.3337451374330802,0.20894652196156532,-0.3562754167176266,0.48086155752875726,0.33603231967188935,-0.9631162849109287,0.000660726263618,50,1,4,2022-05-01,2022
2022-05,-0.14668237469561013,-0.14838682703140818,0.20894652196156532,-0.3562754167176266,0.48086155752875726,0.33603231967188935,-0.9631162849109287,0.000660726263618,60,0,4,2022-05-01,2022
2022-05,-0.1535593747585852,-0.190697182357373,0.20894652196156532,-0.3562754167176266,0.48086155752875726,0.33603231967188935,-0.9631162849109287,0.000660726263618,60,0,4,2022-05-01,2022
2022-05,-0.25851170102087495,-0.3336471669839476,0.20894652196156532,-0.3562754167176266,0.48086155752875726,0.33603231967188935,-0.9631162849109287,0.000660726263618,67,0,4,2022-05-01,2022
2022-05,-0.2546971648413656,-0.3143968008900598,0.20894652196156532,-0.3562754167176266,0.48086155752875726,0.33603231967188935,-0.9631162849109287,0.000660726263618,67,1,4,2022-05-01,2022
2022-05,-0.2585531287320977,-0.33389298759448477,0.20894652196156532,-0.3562754167176266,0.48086155752875726,0.33603231967188935,-0.9631162849109287,0.000660726263618,67,0,4,2022-05-01,2022
2022-05,-0.2557838455742083,-0.32246980250501384,0.20894652196156532,-0.3562754167176266,0.48086155752875726,0.33603231967188935,-0.9631162849109287,0.000660726263618,67,1,4,2022-05-01,2022
2022-05,-0.2594358576558438,-0.34029945281426793,0.20894652196156532,-0.3562754167176266,0.48086155752875726,0.33603231967188935,-0.9631162849109287,0.000660726263618,70,0,4,2022-05-01,2022
2022-05,-0.2579125925816538,-0.3391425531939047,0.20894652196156532,-0.3562754167176266,0.48086155752875726,0.33603231967188935,-0.9631162849109287,0.000660726263618,70,1,4,2022-05-01,2022
2022-05,-0.25825676125950425,-0.3396698392691402,0.20894652196156532,-0.3562754167176266,0.48086155752875726,0.33603231967188935,-0.9631162849109287,0.000660726263618,70,1,4,2022-05-01,2022
2022-05,-0.2592860805460385,-0.3402547861378717,0.20894652196156532,-0.3562754167176266,0.48086155752875726,0.33603231967188935,-0.9631162849109287,0.000660726263618,73,0,4,2022-05-01,2022
2022-05,-0.2548628756862566,-0.33571923332677006,0.20894652196156532,-0.3562754167176266,0.48086155752875726,0.33603231967188935,-0.9631162849109287,0.000660726263618,73,1,4,2022-05-01,2022
2022-05,-0.25619174919240145,-0.33838039195984143,0.20894652196156532,-0.3562754167176266,0.48086155752875726,0.33603231967188935,-0.9631162849109287,0.000660726263618,73,1,4,2022-05-01,2022
2022-05,-0.25942948416180955,-0.34019373013835336,0.20894652196156532,-0.3562754167176266,0.48086155752875726,0.33603231967188935,-0.9631162849109287,0.000660726263618,75,1,4,2022-05-01,2022
2022-05,-0.2575397431806491,-0.33501518493912935,0.20894652196156532,-0.3562754167176266,0.48086155752875726,0.33603231967188935,-0.9631162849109287,0.000660726263618,75,0,4,2022-05-01,2022
2022-05,-0.2575493034217005,-0.33516522803813475,0.20894652196156532,-0.3562754167176266,0.48086155752875726,0.33603231967188935,-0.9631162849109287,0.000660726263618,75,0,4,2022-05-01,2022
2022-05,-0.2583874178872067,-0.33768820274791056,0.20894652196156532,-0.3562754167176266,0.48086155752875726,0.33603231967188935,-0.9631162849109287,0.000660726263618,78,0,4,2022-05-01,2022
2022-05,-0.2532599419366382,-0.31103821115473973,0.20894652196156532,-0.3562754167176266,0.48086155752875726,0.33603231967188935,-0.9631162849109287,0.000660726263618,78,1,4,2022-05-01,2022
2022-05,-0.25840972511632665,-0.3377702743994371,0.20894652196156532,-0.3562754167176266,0.48086155752875726,0.33603231967188935,-0.9631162849109287,0.000660726263618,78,0,4,2022-05-01,2022
2022-05,-0.2537220202541226,-0.3176963063460728,0.20894652196156532,-0.3562754167176266,0.48086155752875726,0.33603231967188935,-0.9631162849109287,0.000660726263618,78,1,4,2022-05-01,2022
2022-05,-0.25688008654810235,-0.32734420264803604,0.20894652196156532,-0.3562754167176266,0.48086155752875726,0.33603231967188935,-0.9631162849109287,0.000660726263618,79,0,4,2022-05-01,2022
2022-05,-0.25524528532831264,-0.2945063951792929,0.20894652196156532,-0.3562754167176266,0.48086155752875726,0.33603231967188935,-0.9631162849109287,0.000660726263618,79,1,4,2022-05-01,2022
2022-05,-0.256943821488445,-0.3278030844591609,0.20894652196156532,-0.3562754167176266,0.48086155752875726,0.33603231967188935,-0.9631162849109287,0.000660726263618,79,0,4,2022-05-01,2022
2022-05,-0.25561494798230017,-0.2994864602893454,0.20894652196156532,-0.3562754167176266,0.48086155752875726,0.33603231967188935,-0.9631162849109287,0.000660726263618,79,1,4,2022-05-01,2022
2022-05,-0.21209354396930172,-0.33457924240948705,0.20894652196156532,-0.3562754167176266,0.48086155752875726,0.33603231967188935,-0.9631162849109287,0.000660726263618,80,1,4,2022-05-01,2022
2022-05,-0.25205216481714443,-0.33960122340578736,0.20894652196156532,-0.3562754167176266,0.48086155752875726,0.33603231967188935,-0.9631162849109287,0.000660726263618,80,0,4,2022-05-01,2022
2022-05,-0.2134893391628064,-0.33540165171868935,0.20894652196156532,-0.3562754167176266,0.48086155752875726,0.33603231967188935,-0.9631162849109287,0.000660726263618,80,1,4,2022-05-01,2022
2022-05,-0.25205535156416153,-0.33960131958726103,0.20894652196156532,-0.3562754167176266,0.48086155752875726,0.33603231967188935,-0.9631162849109287,0.000660726263618,80,0,4,2022-05-01,2022
2022-05,-0.2416060080949793,-0.30035439229006006,0.20894652196156532,-0.3562754167176266,0.48086155752875726,0.33603231967188935,-0.9631162849109287,0.000660726263618,81,1,4,2022-05-01,2022
2022-05,-0.22925098990955095,-0.3256643451187547,0.20894652196156532,-0.3562754167176266,0.48086155752875726,0.33603231967188935,-0.9631162849109287,0.000660726263618,81,0,4,2022-05-01,2022
2022-05,-0.24482780932930173,-0.31883388310836547,0.20894652196156532,-0.3562754167176266,0.48086155752875726,0.33603231967188935,-0.9631162849109287,0.000660726263618,81,1,4,2022-05-01,2022
2022-05,-0.2418322671331958,-0.3300145369937004,0.20894652196156532,-0.3562754167176266,0.48086155752875726,0.33603231967188935,-0.9631162849109287,0.000660726263618,81,0,4,2022-05-01,2022
2022-05,-0.23111842366159147,-0.3230428613435934,0.20894652196156532,-0.3562754167176266,0.48086155752875726,0.33603231967188935,-0.9631162849109287,0.000660726263618,87,0,4,2022-05-01,2022
2022-05,-0.23058305016271294,-0.29288814188393014,0.20894652196156532,-0.3562754167176266,0.48086155752875726,0.33603231967188935,-0.9631162849109287,0.000660726263618,87,1,4,2022-05-01,2022
2022-05,-0.24061811651966777,-0.329646873692253,0.20894652196156532,-0.3562754167176266,0.48086155752875726,0.33603231967188935,-0.9631162849109287,0.000660726263618,87,0,4,2022-05-01,2022
2022-05,-0.23688006226856964,-0.3034006038350277,0.20894652196156532,-0.3562754167176266,0.48086155752875726,0.33603231967188935,-0.9631162849109287,0.000660726263618,87,1,4,2022-05-01,2022
2022-05,4.606178717020763,5.269188195577312,0.20894652196156532,-0.3562754167176266,0.48086155752875726,0.33603231967188935,-0.9631162849109287,0.000660726263618,88,1,4,2022-05-01,2022
2022-05,3.3261899101187367,1.9587796461758145,0.20894652196156532,-0.3562754167176266,0.48086155752875726,0.33603231967188935,-0.9631162849109287,0.000660726263618,88,0,4,2022-05-01,2022
2022-05,4.437226950413372,4.260559876819447,0.20894652196156532,-0.3562754167176266,0.48086155752875726,0.33603231967188935,-0.9631162849109287,0.000660726263618,88,1,4,2022-05-01,2022
2022-05,3.2943065062123114,1.9190521769996065,0.20894652196156532,-0.3562754167176266,0.48086155752875726,0.33603231967188935,-0.9631162849109287,0.000660726263618,88,0,4,2022-05-01,2022
2022-05,0.2720753038378947,0.7811272089176682,0.20894652196156532,-0.3562754167176266,0.48086155752875726,0.33603231967188935,-0.9631162849109287,0.000660726263618,89,0,4,2022-05-01,2022
2022-05,-0.25181315879085936,-0.25836900530935775,0.20894652196156532,-0.3562754167176266,0.48086155752875726,0.33603231967188935,-0.9631162849109287,0.000660726263618,89,1,4,2022-05-01,2022
2022-05,0.24479993611824516,0.6453824093231014,0.20894652196156532,-0.3562754167176266,0.48086155752875726,0.33603231967188935,-0.9631162849109287,0.000660726263618,89,0,4,2022-05-01,2022
2022-05,-0.2523867732539435,-0.26867500410896494,0.20894652196156532,-0.3562754167176266,0.48086155752875726,0.33603231967188935,-0.9631162849109287,0.000660726263618,89,1,4,2022-05-01,2022
2022-05,-0.015267301203039983,1.533422993803505,0.20894652196156532,-0.3562754167176266,0.48086155752875726,0.33603231967188935,-0.9631162849109287,0.000660726263618,90,0,4,2022-05-01,2022
2022-05,-0.259107622713079,-0.33981959382372445,0.20894652196156532,-0.3562754167176266,0.48086155752875726,0.33603231967188935,-0.9631162849109287,0.000660726263618,90,1,4,2022-05-01,2022
2022-05,-0.035286445964675506,0.4753730174241661,0.20894652196156532,-0.3562754167176266,0.48086155752875726,0.33603231967188935,-0.9631162849109287,0.000660726263618,90,0,4,2022-05-01,2022
2022-05,-0.2568737130540681,-0.30366397756451907,0.20894652196156532,-0.3562754167176266,0.48086155752875726,0.33603231967188935,-0.9631162849109287,0.000660726263618,91,0,4,2022-05-01,2022
2022-05,-0.25726568293717555,-0.3174598922836656,0.20894652196156532,-0.3562754167176266,0.48086155752875726,0.33603231967188935,-0.9631162849109287,0.000660726263618,91,0,4,2022-05-01,2022
2022-05,-0.25840972511632665,-0.328631226184197,0.20894652196156532,-0.3562754167176266,0.48086155752875726,0.33603231967188935,-0.9631162849109287,0.000660726263618,94,1,4,2022-05-01,2022
2022-05,-0.2594390444028609,-0.34029377810731837,0.20894652196156532,-0.3562754167176266,0.48086155752875726,0.33603231967188935,-0.9631162849109287,0.000660726263618,94,0,4,2022-05-01,2022
2022-05,-0.2584447793335151,-0.32945830991302216,0.20894652196156532,-0.3562754167176266,0.48086155752875726,0.33603231967188935,-0.9631162849109287,0.000660726263618,94,1,4,2022-05-01,2022
2022-05,-0.24870289370213663,-0.32978860671192883,0.20894652196156532,-0.3562754167176266,0.48086155752875726,0.33603231967188935,-0.9631162849109287,0.000660726263618,98,0,4,2022-05-01,2022
2022-05,-0.18056386898177834,0.4285890886287657,0.20894652196156532,-0.3562754167176266,0.48086155752875726,0.33603231967188935,-0.9631162849109287,0.000660726263618,98,1,4,2022-05-01,2022
2022-05,-0.1843114834739279,0.04224947059516843,0.20894652196156532,-0.3562754167176266,0.48086155752875726,0.33603231967188935,-0.9631162849109287,0.000660726263618,98,1,4,2022-05-01,2022
2022-05,-0.2487092671961709,-0.32979893660220655,0.20894652196156532,-0.3562754167176266,0.48086155752875726,0.33603231967188935,-0.9631162849109287,0.000660726263618,98,0,4,2022-05-01,2022
2022-05,1.1080323416135258,0.6228714335611736,0.20894652196156532,-0.3562754167176266,0.48086155752875726,0.33603231967188935,-0.9631162849109287,0.000660726263618,101,1,4,2022-05-01,2022
2022-05,0.025586795556617352,-0.12732518104254614,0.20894652196156532,-0.3562754167176266,0.48086155752875726,0.33603231967188935,-0.9631162849109287,0.000660726263618,101,0,4,2022-05-01,2022
2022-05,1.08460019079654,0.5599784929306583,0.20894652196156532,-0.3562754167176266,0.48086155752875726,0.33603231967188935,-0.9631162849109287,0.000660726263618,101,1,4,2022-05-01,2022
2022-05,0.024219681086266882,-0.12820154815850615,0.20894652196156532,-0.3562754167176266,0.48086155752875726,0.33603231967188935,-0.9631162849109287,0.000660726263618,101,0,4,2022-05-01,2022
2022-06,-0.1501336217151662,-0.1886636559310707,0.20894652196156532,-0.3562754167176266,0.9978175276225874,0.6625669494083418,-0.4797119940411689,0.0006823848855815,0,1,4,2022-06-01,2022
2022-06,-0.255873074490688,-0.33260515613394454,0.20894652196156532,-0.3562754167176266,0.9978175276225874,0.6625669494083418,-0.4797119940411689,0.0006823848855815,0,0,4,2022-06-01,2022
2022-06,-0.15497429043419267,-0.2403572546159069,0.20894652196156532,-0.3562754167176266,0.9978175276225874,0.6625669494083418,-0.4797119940411689,0.0006823848855815,0,1,4,2022-06-01,2022
2022-06,-0.25588263473173944,-0.33262572935117357,0.20894652196156532,-0.3562754167176266,0.9978175276225874,0.6625669494083418,-0.4797119940411689,0.0006823848855815,0,0,4,2022-06-01,2022
2022-06,-0.259059821507822,-0.258094378347441,0.20894652196156532,-0.3562754167176266,0.9978175276225874,0.6625669494083418,-0.4797119940411689,0.0006823848855815,1,1,4,2022-06-01,2022
2022-06,-0.25906300825483913,-0.2582867412948838,0.20894652196156532,-0.3562754167176266,0.9978175276225874,0.6625669494083418,-0.4797119940411689,0.0006823848855815,1,1,4,2022-06-01,2022
2022-06,-0.24165699604725344,-0.26301807149574535,0.20894652196156532,-0.3562754167176266,0.9978175276225874,0.6625669494083418,-0.4797119940411689,0.0006823848855815,5,0,4,2022-06-01,2022
2022-06,-0.11441974789414593,1.3886795709453315,0.20894652196156532,-0.3562754167176266,0.9978175276225874,0.6625669494083418,-0.4797119940411689,0.0006823848855815,5,1,4,2022-06-01,2022
2022-06,-0.15302718800672382,0.4609626858327398,0.20894652196156532,-0.3562754167176266,0.9978175276225874,0.6625669494083418,-0.4797119940411689,0.0006823848855815,5,1,4,2022-06-01,2022
2022-06,-0.24167930327637338,-0.26312887255347245,0.20894652196156532,-0.3562754167176266,0.9978175276225874,0.6625669494083418,-0.4797119940411689,0.0006823848855815,5,0,4,2022-06-01,2022
2022-06,-0.25763853233818024,-0.3017134268955962,0.20894652196156532,-0.3562754167176266,0.9978175276225874,0.6625669494083418,-0.4797119940411689,0.0006823848855815,6,1,4,2022-06-01,2022
2022-06,-0.2590056468085307,-0.3314829010804157,0.20894652196156532,-0.3562754167176266,0.9978175276225874,0.6625669494083418,-0.4797119940411689,0.0006823848855815,6,0,4,2022-06-01,2022
2022-06,-0.2591872913885073,-0.3352569563096228,0.20894652196156532,-0.3562754167176266,0.9978175276225874,0.6625669494083418,-0.4797119940411689,0.0006823848855815,6,1,4,2022-06-01,2022
2022-06,-0.25904707451975345,-0.33236430810559875,0.20894652196156532,-0.3562754167176266,0.9978175276225874,0.6625669494083418,-0.4797119940411689,0.0006823848855815,6,0,4,2022-06-01,2022
2022-06,-0.242479176777674,-0.31230811438857825,0.20894652196156532,-0.3562754167176266,0.9978175276225874,0.6625669494083418,-0.4797119940411689,0.0006823848855815,8,0,4,2022-06-01,2022
2022-06,-0.07609592826609296,-0.03360141328284293,0.20894652196156532,-0.3562754167176266,0.9978175276225874,0.6625669494083418,-0.4797119940411689,0.0006823848855815,8,1,4,2022-06-01,2022
2022-06,-0.09643056098242474,-0.11304664692456032,0.20894652196156532,-0.3562754167176266,0.9978175276225874,0.6625669494083418,-0.4797119940411689,0.0006823848855815,8,1,4,2022-06-01,2022
2022-06,-0.24249192376574255,-0.3123546085129752,0.20894652196156532,-0.3562754167176266,0.9978175276225874,0.6625669494083418,-0.4797119940411689,0.0006823848855815,8,0,4,2022-06-01,2022
2022-06,-0.258084676920579,-0.3289341593538299,0.20894652196156532,-0.3562754167176266,0.9978175276225874,0.6625669494083418,-0.4797119940411689,0.0006823848855815,9,1,4,2022-06-01,2022
2022-06,-0.2589674058443251,-0.3379605886814896,0.20894652196156532,-0.3562754167176266,0.9978175276225874,0.6625669494083418,-0.4797119940411689,0.0006823848855815,9,0,4,2022-06-01,2022
2022-06,-0.2589769660853765,-0.3380557121590001,0.20894652196156532,-0.3562754167176266,0.9978175276225874,0.6625669494083418,-0.4797119940411689,0.0006823848855815,9,0,4,2022-06-01,2022
2022-06,-0.2584862070447379,-0.3368258781271139,0.20894652196156532,-0.3562754167176266,0.9978175276225874,0.6625669494083418,-0.4797119940411689,0.0006823848855815,9,1,4,2022-06-01,2022
2022-06,-0.2573772190827753,-0.33967454254320517,0.20894652196156532,-0.3562754167176266,0.9978175276225874,0.6625669494083418,-0.4797119940411689,0.0006823848855815,18,1,4,2022-06-01,2022
2022-06,-0.25942948416180955,-0.34029654813376153,0.20894652196156532,-0.3562754167176266,0.9978175276225874,0.6625669494083418,-0.4797119940411689,0.0006823848855815,18,0,4,2022-06-01,2022
2022-06,-0.25739633956487806,-0.3396924322973173,0.20894652196156532,-0.3562754167176266,0.9978175276225874,0.6625669494083418,-0.4797119940411689,0.0006823848855815,18,1,4,2022-06-01,2022
2022-06,-0.2594358576558438,-0.3401225558477995,0.20894652196156532,-0.3562754167176266,0.9978175276225874,0.6625669494083418,-0.4797119940411689,0.0006823848855815,22,1,4,2022-06-01,2022
2022-06,-0.2594422311498781,-0.3402841407236515,0.20894652196156532,-0.3562754167176266,0.9978175276225874,0.6625669494083418,-0.4797119940411689,0.0006823848855815,22,1,4,2022-06-01,2022
2022-06,-0.2594422311498781,-0.34029087342681197,0.20894652196156532,-0.3562754167176266,0.9978175276225874,0.6625669494083418,-0.4797119940411689,0.0006823848855815,27,0,4,2022-06-01,2022
2022-06,-0.2592860805460385,-0.338373014840807,0.20894652196156532,-0.3562754167176266,0.9978175276225874,0.6625669494083418,-0.4797119940411689,0.0006823848855815,27,1,4,2022-06-01,2022
2022-06,-0.2592956407870899,-0.33838628788418057,0.20894652196156532,-0.3562754167176266,0.9978175276225874,0.6625669494083418,-0.4797119940411689,0.0006823848855815,27,1,4,2022-06-01,2022
2022-06,-0.25848302029772074,-0.31435671245181274,0.20894652196156532,-0.3562754167176266,0.9978175276225874,0.6625669494083418,-0.4797119940411689,0.0006823848855815,36,1,4,2022-06-01,2022
2022-06,-0.259203225123593,-0.3384608189081673,0.20894652196156532,-0.3562754167176266,0.9978175276225874,0.6625669494083418,-0.4797119940411689,0.0006823848855815,36,1,4,2022-06-01,2022
2022-06,-0.25877620102329707,-0.3396547483959133,0.20894652196156532,-0.3562754167176266,0.9978175276225874,0.6625669494083418,-0.4797119940411689,0.0006823848855815,40,1,4,2022-06-01,2022
2022-06,-0.25877938777031423,-0.3396830257491874,0.20894652196156532,-0.3562754167176266,0.9978175276225874,0.6625669494083418,-0.4797119940411689,0.0006823848855815,40,1,4,2022-06-01,2022
2022-06,-0.247236990074255,-0.3344889953326942,0.20894652196156532,-0.3562754167176266,0.9978175276225874,0.6625669494083418,-0.4797119940411689,0.0006823848855815,41,1,4,2022-06-01,2022
2022-06,-0.25514012267674724,-0.3382821329662877,0.20894652196156532,-0.3562754167176266,0.9978175276225874,0.6625669494083418,-0.4797119940411689,0.0006823848855815,41,0,4,2022-06-01,2022
2022-06,-0.24735489971388896,-0.33456300697672287,0.20894652196156532,-0.3562754167176266,0.9978175276225874,0.6625669494083418,-0.4797119940411689,0.0006823848855815,41,1,4,2022-06-01,2022
2022-06,0.6716296448461503,2.6177389668603297,0.20894652196156532,-0.3562754167176266,0.9978175276225874,0.6625669494083418,-0.4797119940411689,0.0006823848855815,44,1,4,2022-06-01,2022
2022-06,-0.08927312718194187,0.0617127920900228,0.20894652196156532,-0.3562754167176266,0.9978175276225874,0.6625669494083418,-0.4797119940411689,0.0006823848855815,44,0,4,2022-06-01,2022
2022-06,0.5898099151812359,1.8132297897512237,0.20894652196156532,-0.3562754167176266,0.9978175276225874,0.6625669494083418,-0.4797119940411689,0.0006823848855815,44,1,4,2022-06-01,2022
2022-06,-0.09089199466664592,0.05331990051161869,0.20894652196156532,-0.3562754167176266,0.9978175276225874,0.6625669494083418,-0.4797119940411689,0.0006823848855815,44,0,4,2022-06-01,2022
2022-06,-0.2590853154839591,-0.3225678979900623,0.20894652196156532,-0.3562754167176266,0.9978175276225874,0.6625669494083418,-0.4797119940411689,0.0006823848855815,46,1,4,2022-06-01,2022
2022-06,-0.2590980624720276,-0.32460117434453295,0.20894652196156532,-0.3562754167176266,0.9978175276225874,0.6625669494083418,-0.4797119940411689,0.0006823848855815,46,1,4,2022-06-01,2022
2022-06,-0.25849258053877217,-0.33336660562510223,0.20894652196156532,-0.3562754167176266,0.9978175276225874,0.6625669494083418,-0.4797119940411689,0.0006823848855815,50,0,4,2022-06-01,2022
2022-06,-0.25514012267674724,-0.32693808599339474,0.20894652196156532,-0.3562754167176266,0.9978175276225874,0.6625669494083418,-0.4797119940411689,0.0006823848855815,50,1,4,2022-06-01,2022
2022-06,-0.2552994600276039,-0.32932518513524434,0.20894652196156532,-0.3562754167176266,0.9978175276225874,0.6625669494083418,-0.4797119940411689,0.0006823848855815,50,1,4,2022-06-01,2022
2022-06,-0.2584989540328064,-0.33376354656715046,0.20894652196156532,-0.3562754167176266,0.9978175276225874,0.6625669494083418,-0.4797119940411689,0.0006823848855815,50,0,4,2022-06-01,2022
2022-06,-0.14514636263335154,-0.15687207206087958,0.20894652196156532,-0.3562754167176266,0.9978175276225874,0.6625669494083418,-0.4797119940411689,0.0006823848855815,60,0,4,2022-06-01,2022
2022-06,-0.15095580244558676,-0.19770097300155565,0.20894652196156532,-0.3562754167176266,0.9978175276225874,0.6625669494083418,-0.4797119940411689,0.0006823848855815,60,0,4,2022-06-01,2022
2022-06,-0.25809742390864754,-0.3277633422742192,0.20894652196156532,-0.3562754167176266,0.9978175276225874,0.6625669494083418,-0.4797119940411689,0.0006823848855815,67,0,4,2022-06-01,2022
2022-06,-0.2510005383014902,-0.2927235946186875,0.20894652196156532,-0.3562754167176266,0.9978175276225874,0.6625669494083418,-0.4797119940411689,0.0006823848855815,67,1,4,2022-06-01,2022
2022-06,-0.2525461106048002,-0.30748437302776516,0.20894652196156532,-0.3562754167176266,0.9978175276225874,0.6625669494083418,-0.4797119940411689,0.0006823848855815,67,1,4,2022-06-01,2022
2022-06,-0.2581133576437332,-0.32793885422746605,0.20894652196156532,-0.3562754167176266,0.9978175276225874,0.6625669494083418,-0.4797119940411689,0.0006823848855815,67,0,4,2022-06-01,2022
2022-06,-0.259321134763227,-0.3400939707138095,0.20894652196156532,-0.3562754167176266,0.9978175276225874,0.6625669494083418,-0.4797119940411689,0.0006823848855815,70,0,4,2022-06-01,2022
2022-06,-0.25557033352406033,-0.33475646639296613,0.20894652196156532,-0.3562754167176266,0.9978175276225874,0.6625669494083418,-0.4797119940411689,0.0006823848855815,70,1,4,2022-06-01,2022
2022-06,-0.255920875695945,-0.3352577738521495,0.20894652196156532,-0.3562754167176266,0.9978175276225874,0.6625669494083418,-0.4797119940411689,0.0006823848855815,70,1,4,2022-06-01,2022
2022-06,-0.25921597211166153,-0.34025992222856843,0.20894652196156532,-0.3562754167176266,0.9978175276225874,0.6625669494083418,-0.4797119940411689,0.0006823848855815,73,0,4,2022-06-01,2022
2022-06,-0.25468123110627994,-0.3357864064680171,0.20894652196156532,-0.3562754167176266,0.9978175276225874,0.6625669494083418,-0.4797119940411689,0.0006823848855815,73,1,4,2022-06-01,2022
2022-06,-0.25586670099665376,-0.3382498737000015,0.20894652196156532,-0.3562754167176266,0.9978175276225874,0.6625669494083418,-0.4797119940411689,0.0006823848855815,73,1,4,2022-06-01,2022
2022-06,-0.2593052010281413,-0.3387914042514952,0.20894652196156532,-0.3562754167176266,0.9978175276225874,0.6625669494083418,-0.4797119940411689,0.0006823848855815,75,1,4,2022-06-01,2022
2022-06,-0.2566474540158516,-0.33180801369788887,0.20894652196156532,-0.3562754167176266,0.9978175276225874,0.6625669494083418,-0.4797119940411689,0.0006823848855815,75,0,4,2022-06-01,2022
2022-06,-0.2566506407628687,-0.3319330496137267,0.20894652196156532,-0.3562754167176266,0.9978175276225874,0.6625669494083418,-0.4797119940411689,0.0006823848855815,75,0,4,2022-06-01,2022
2022-06,-0.25935618898041546,-0.3392011373295484,0.20894652196156532,-0.3562754167176266,0.9978175276225874,0.6625669494083418,-0.4797119940411689,0.0006823848855815,75,1,4,2022-06-01,2022
2022-06,-0.25771501426659144,-0.33697214129420205,0.20894652196156532,-0.3562754167176266,0.9978175276225874,0.6625669494083418,-0.4797119940411689,0.0006823848855815,78,0,4,2022-06-01,2022
2022-06,-0.249901110580579,-0.3028008834919326,0.20894652196156532,-0.3562754167176266,0.9978175276225874,0.6625669494083418,-0.4797119940411689,0.0006823848855815,78,1,4,2022-06-01,2022
2022-06,-0.25772138776062575,-0.3369949940123582,0.20894652196156532,-0.3562754167176266,0.9978175276225874,0.6625669494083418,-0.4797119940411689,0.0006823848855815,78,0,4,2022-06-01,2022
2022-06,-0.25038549612718336,-0.3084644814812811,0.20894652196156532,-0.3562754167176266,0.9978175276225874,0.6625669494083418,-0.4797119940411689,0.0006823848855815,78,1,4,2022-06-01,2022
2022-06,-0.25670481546216,-0.31974309619760133,0.20894652196156532,-0.3562754167176266,0.9978175276225874,0.6625669494083418,-0.4797119940411689,0.0006823848855815,79,0,4,2022-06-01,2022
2022-06,-0.2544995865263033,-0.29115690421138685,0.20894652196156532,-0.3562754167176266,0.9978175276225874,0.6625669494083418,-0.4797119940411689,0.0006823848855815,79,1,4,2022-06-01,2022
2022-06,-0.2567621769084684,-0.3203153759662437,0.20894652196156532,-0.3562754167176266,0.9978175276225874,0.6625669494083418,-0.4797119940411689,0.0006823848855815,79,0,4,2022-06-01,2022
2022-06,-0.25497441183185626,-0.2967812313050148,0.20894652196156532,-0.3562754167176266,0.9978175276225874,0.6625669494083418,-0.4797119940411689,0.0006823848855815,79,1,4,2022-06-01,2022
2022-06,-0.24851168888110858,-0.3392542679756321,0.20894652196156532,-0.3562754167176266,0.9978175276225874,0.6625669494083418,-0.4797119940411689,0.0006823848855815,80,0,4,2022-06-01,2022
2022-06,-0.19473214621995594,-0.3330781285309696,0.20894652196156532,-0.3562754167176266,0.9978175276225874,0.6625669494083418,-0.4797119940411689,0.0006823848855815,80,1,4,2022-06-01,2022
2022-06,-0.24851806237514287,-0.339254652701527,0.20894652196156532,-0.3562754167176266,0.9978175276225874,0.6625669494083418,-0.4797119940411689,0.0006823848855815,80,0,4,2022-06-01,2022
2022-06,-0.19710627274772072,-0.3338476765022146,0.20894652196156532,-0.3562754167176266,0.9978175276225874,0.6625669494083418,-0.4797119940411689,0.0006823848855815,80,1,4,2022-06-01,2022
2022-06,-0.21946130307291545,-0.32128529880169254,0.20894652196156532,-0.3562754167176266,0.9978175276225874,0.6625669494083418,-0.4797119940411689,0.0006823848855815,81,0,4,2022-06-01,2022
2022-06,-0.24347025510000267,-0.2996139295964684,0.20894652196156532,-0.3562754167176266,0.9978175276225874,0.6625669494083418,-0.4797119940411689,0.0006823848855815,81,1,4,2022-06-01,2022
2022-06,-0.24660920091187963,-0.31687640737333467,0.20894652196156532,-0.3562754167176266,0.9978175276225874,0.6625669494083418,-0.4797119940411689,0.0006823848855815,81,1,4,2022-06-01,2022
2022-06,-0.2318736827046522,-0.32558134050693316,0.20894652196156532,-0.3562754167176266,0.9978175276225874,0.6625669494083418,-0.4797119940411689,0.0006823848855815,81,0,4,2022-06-01,2022
2022-06,-0.23129050800051668,-0.29315674788559193,0.20894652196156532,-0.3562754167176266,0.9978175276225874,0.6625669494083418,-0.4797119940411689,0.0006823848855815,87,1,4,2022-06-01,2022
2022-06,-0.22955054412916154,-0.3235448324549455,0.20894652196156532,-0.3562754167176266,0.9978175276225874,0.6625669494083418,-0.4797119940411689,0.0006823848855815,87,0,4,2022-06-01,2022
2022-06,-0.23797948998948087,-0.3022454547174862,0.20894652196156532,-0.3562754167176266,0.9978175276225874,0.6625669494083418,-0.4797119940411689,0.0006823848855815,87,1,4,2022-06-01,2022
2022-06,-0.2390343032521522,-0.329968985447746,0.20894652196156532,-0.3562754167176266,0.9978175276225874,0.6625669494083418,-0.4797119940411689,0.0006823848855815,87,0,4,2022-06-01,2022
2022-06,3.93038121083225,2.249055747447372,0.20894652196156532,-0.3562754167176266,0.9978175276225874,0.6625669494083418,-0.4797119940411689,0.0006823848855815,88,0,4,2022-06-01,2022
2022-06,5.2595447109556694,6.231979982674081,0.20894652196156532,-0.3562754167176266,0.9978175276225874,0.6625669494083418,-0.4797119940411689,0.0006823848855815,88,1,4,2022-06-01,2022
2022-06,5.064487112783917,4.85306049224373,0.20894652196156532,-0.3562754167176266,0.9978175276225874,0.6625669494083418,-0.4797119940411689,0.0006823848855815,88,1,4,2022-06-01,2022
2022-06,3.9010790720097033,2.2101582185897586,0.20894652196156532,-0.3562754167176266,0.9978175276225874,0.6625669494083418,-0.4797119940411689,0.0006823848855815,88,0,4,2022-06-01,2022
2022-06,-0.2523867732539435,-0.26890421417899046,0.20894652196156532,-0.3562754167176266,0.9978175276225874,0.6625669494083418,-0.4797119940411689,0.0006823848855815,89,1,4,2022-06-01,2022
2022-06,0.2288789480206439,0.7251840145612514,0.20894652196156532,-0.3562754167176266,0.9978175276225874,0.6625669494083418,-0.4797119940411689,0.0006823848855815,89,0,4,2022-06-01,2022
2022-06,0.20285278513171087,0.5941101432020492,0.20894652196156532,-0.3562754167176266,0.9978175276225874,0.6625669494083418,-0.4797119940411689,0.0006823848855815,89,0,4,2022-06-01,2022
2022-06,-0.2527883033781024,-0.2819215494865095,0.20894652196156532,-0.3562754167176266,0.9978175276225874,0.6625669494083418,-0.4797119940411689,0.0006823848855815,89,1,4,2022-06-01,2022
2022-06,-0.028667572410088275,1.5576075560626277,0.20894652196156532,-0.3562754167176266,0.9978175276225874,0.6625669494083418,-0.4797119940411689,0.0006823848855815,90,0,4,2022-06-01,2022
2022-06,-0.25920959861762727,-0.3401005879992015,0.20894652196156532,-0.3562754167176266,0.9978175276225874,0.6625669494083418,-0.4797119940411689,0.0006823848855815,90,1,4,2022-06-01,2022
2022-06,-0.051226554544379556,0.4849749966905747,0.20894652196156532,-0.3562754167176266,0.9978175276225874,0.6625669494083418,-0.4797119940411689,0.0006823848855815,90,0,4,2022-06-01,2022
2022-06,-0.25711590582737026,-0.2921959815264414,0.20894652196156532,-0.3562754167176266,0.9978175276225874,0.6625669494083418,-0.4797119940411689,0.0006823848855815,91,0,4,2022-06-01,2022
2022-06,-0.2574791949873235,-0.31107251908641614,0.20894652196156532,-0.3562754167176266,0.9978175276225874,0.6625669494083418,-0.4797119940411689,0.0006823848855815,91,0,4,2022-06-01,2022
2022-06,-0.2586582913836631,-0.3342352974594593,0.20894652196156532,-0.3562754167176266,0.9978175276225874,0.6625669494083418,-0.4797119940411689,0.0006823848855815,94,1,4,2022-06-01,2022
2022-06,-0.25943267090882666,-0.3402694345763195,0.20894652196156532,-0.3562754167176266,0.9978175276225874,0.6625669494083418,-0.4797119940411689,0.0006823848855815,94,0,4,2022-06-01,2022
2022-06,-0.25867422511874877,-0.33443365251271495,0.20894652196156532,-0.3562754167176266,0.9978175276225874,0.6625669494083418,-0.4797119940411689,0.0006823848855815,94,1,4,2022-06-01,2022
2022-06,-0.23610886949042323,-0.31854784902366534,0.20894652196156532,-0.3562754167176266,0.9978175276225874,0.6625669494083418,-0.4797119940411689,0.0006823848855815,98,0,4,2022-06-01,2022
2022-06,-0.12758738656894344,0.45720447169225464,0.20894652196156532,-0.3562754167176266,0.9978175276225874,0.6625669494083418,-0.4797119940411689,0.0006823848855815,98,1,4,2022-06-01,2022
2022-06,-0.13242168179393565,0.08161630733565794,0.20894652196156532,-0.3562754167176266,0.9978175276225874,0.6625669494083418,-0.4797119940411689,0.0006823848855815,98,1,4,2022-06-01,2022
2022-06,-0.2361248032255089,-0.3185675469894835,0.20894652196156532,-0.3562754167176266,0.9978175276225874,0.6625669494083418,-0.4797119940411689,0.0006823848855815,98,0,4,2022-06-01,2022
2022-06,0.10365891072938217,-0.06076747619141341,0.20894652196156532,-0.3562754167176266,0.9978175276225874,0.6625669494083418,-0.4797119940411689,0.0006823848855815,101,0,4,2022-06-01,2022
2022-06,1.3817707236383157,0.8308552141510914,0.20894652196156532,-0.3562754167176266,0.9978175276225874,0.6625669494083418,-0.4797119940411689,0.0006823848855815,101,1,4,2022-06-01,2022
2022-06,1.3547726029091567,0.7425802230591799,0.20894652196156532,-0.3562754167176266,0.9978175276225874,0.6625669494083418,-0.4797119940411689,0.0006823848855815,101,1,4,2022-06-01,2022
2022-06,0.10256904324952236,-0.0615269154897703,0.20894652196156532,-0.3562754167176266,0.9978175276225874,0.6625669494083418,-0.4797119940411689,0.0006823848855815,101,0,4,2022-06-01,2022
2022-07,-0.059355946185088285,-0.0401314043693265,0.39502438397463746,-0.07292234222230383,1.9028957757634302,2.2534350587553256,0.44501888626636765,0.000723458211508,0,1,4,2022-07-01,2022
2022-07,-0.25463342990102295,-0.3300760450461453,0.39502438397463746,-0.07292234222230383,1.9028957757634302,2.2534350587553256,0.44501888626636765,0.000723458211508,0,0,4,2022-07-01,2022
2022-07,-0.06752039204298549,-0.13768668617063798,0.39502438397463746,-0.07292234222230383,1.9028957757634302,2.2534350587553256,0.44501888626636765,0.000723458211508,0,1,4,2022-07-01,2022
2022-07,-0.2546398033950572,-0.3300906165394141,0.39502438397463746,-0.07292234222230383,1.9028957757634302,2.2534350587553256,0.44501888626636765,0.000723458211508,0,0,4,2022-07-01,2022
2022-07,-0.258655104636646,2.9784849351903433,0.39502438397463746,-0.07292234222230383,1.9028957757634302,2.2534350587553256,0.44501888626636765,0.000723458211508,1,1,4,2022-07-01,2022
2022-07,-0.25882081548153696,2.9684820619233165,0.39502438397463746,-0.07292234222230383,1.9028957757634302,2.2534350587553256,0.44501888626636765,0.000723458211508,1,1,4,2022-07-01,2022
2022-07,-0.2594358576558438,-0.3403004915741841,0.39502438397463746,-0.07292234222230383,1.9028957757634302,2.2534350587553256,0.44501888626636765,0.000723458211508,3,0,4,2022-07-01,2022
2022-07,-0.2594390444028609,-0.3403014533889213,0.39502438397463746,-0.07292234222230383,1.9028957757634302,2.2534350587553256,0.44501888626636765,0.000723458211508,3,1,4,2022-07-01,2022
2022-07,-0.2594422311498781,-0.34030241520365856,0.39502438397463746,-0.07292234222230383,1.9028957757634302,2.2534350587553256,0.44501888626636765,0.000723458211508,3,1,4,2022-07-01,2022
2022-07,-0.22990745979508054,-0.14105528839737247,0.39502438397463746,-0.07292234222230383,1.9028957757634302,2.2534350587553256,0.44501888626636765,0.000723458211508,5,0,4,2022-07-01,2022
2022-07,0.027431922079537912,3.888924020817305,0.39502438397463746,-0.07292234222230383,1.9028957757634302,2.2534350587553256,0.44501888626636765,0.000723458211508,5,1,4,2022-07-01,2022
2022-07,-0.22997119473542324,-0.14225948044836456,0.39502438397463746,-0.07292234222230383,1.9028957757634302,2.2534350587553256,0.44501888626636765,0.000723458211508,5,0,4,2022-07-01,2022
2022-07,-0.039161530337510395,1.8912965697478605,0.39502438397463746,-0.07292234222230383,1.9028957757634302,2.2534350587553256,0.44501888626636765,0.000723458211508,5,1,4,2022-07-01,2022
2022-07,-0.2576417190851974,-0.29209870358391954,0.39502438397463746,-0.07292234222230383,1.9028957757634302,2.2534350587553256,0.44501888626636765,0.000723458211508,6,1,4,2022-07-01,2022
2022-07,-0.25902795403765067,-0.33008876985511865,0.39502438397463746,-0.07292234222230383,1.9028957757634302,2.2534350587553256,0.44501888626636765,0.000723458211508,6,0,4,2022-07-01,2022
2022-07,-0.25906300825483913,-0.33090561025699244,0.39502438397463746,-0.07292234222230383,1.9028957757634302,2.2534350587553256,0.44501888626636765,0.000723458211508,6,0,4,2022-07-01,2022
2022-07,-0.25919366488254164,-0.33525633113004366,0.39502438397463746,-0.07292234222230383,1.9028957757634302,2.2534350587553256,0.44501888626636765,0.000723458211508,6,1,4,2022-07-01,2022
2022-07,-0.04658983763444965,0.03302494590423214,0.39502438397463746,-0.07292234222230383,1.9028957757634302,2.2534350587553256,0.44501888626636765,0.000723458211508,8,1,4,2022-07-01,2022
2022-07,-0.2372497249225572,-0.2990745919825756,0.39502438397463746,-0.07292234222230383,1.9028957757634302,2.2534350587553256,0.44501888626636765,0.000723458211508,8,0,4,2022-07-01,2022
2022-07,-0.2372784056457114,-0.2991442946965815,0.39502438397463746,-0.07292234222230383,1.9028957757634302,2.2534350587553256,0.44501888626636765,0.000723458211508,8,0,4,2022-07-01,2022
2022-07,-0.07242798244937178,-0.06655171460325064,0.39502438397463746,-0.07292234222230383,1.9028957757634302,2.2534350587553256,0.44501888626636765,0.000723458211508,8,1,4,2022-07-01,2022
2022-07,-0.2581133576437332,-0.32866015757149236,0.39502438397463746,-0.07292234222230383,1.9028957757634302,2.2534350587553256,0.44501888626636765,0.000723458211508,9,1,4,2022-07-01,2022
2022-07,-0.2589355383741538,-0.33800867941835033,0.39502438397463746,-0.07292234222230383,1.9028957757634302,2.2534350587553256,0.44501888626636765,0.000723458211508,9,0,4,2022-07-01,2022
2022-07,-0.25894191186818805,-0.33802406845414573,0.39502438397463746,-0.07292234222230383,1.9028957757634302,2.2534350587553256,0.44501888626636765,0.000723458211508,9,0,4,2022-07-01,2022
2022-07,-0.2584702733096522,-0.33663299579971295,0.39502438397463746,-0.07292234222230383,1.9028957757634302,2.2534350587553256,0.44501888626636765,0.000723458211508,9,1,4,2022-07-01,2022
2022-07,-0.25943267090882666,-0.3402995297594469,0.39502438397463746,-0.07292234222230383,1.9028957757634302,2.2534350587553256,0.44501888626636765,0.000723458211508,18,0,4,2022-07-01,2022
2022-07,-0.25613438774609304,-0.3390951934362442,0.39502438397463746,-0.07292234222230383,1.9028957757634302,2.2534350587553256,0.44501888626636765,0.000723458211508,18,1,4,2022-07-01,2022
2022-07,-0.25616625521626435,-0.33917463933353814,0.39502438397463746,-0.07292234222230383,1.9028957757634302,2.2534350587553256,0.44501888626636765,0.000723458211508,18,1,4,2022-07-01,2022
2022-07,-0.25941355042672387,-0.3401100522562157,0.39502438397463746,-0.07292234222230383,1.9028957757634302,2.2534350587553256,0.44501888626636765,0.000723458211508,22,1,4,2022-07-01,2022
2022-07,-0.25941992392075813,-0.34017353202887185,0.39502438397463746,-0.07292234222230383,1.9028957757634302,2.2534350587553256,0.44501888626636765,0.000723458211508,22,1,4,2022-07-01,2022
2022-07,-0.25879213475838275,-0.33350306790001816,0.39502438397463746,-0.07292234222230383,1.9028957757634302,2.2534350587553256,0.44501888626636765,0.000723458211508,27,1,4,2022-07-01,2022
2022-07,-0.25879532150539986,-0.3335094639680206,0.39502438397463746,-0.07292234222230383,1.9028957757634302,2.2534350587553256,0.44501888626636765,0.000723458211508,27,1,4,2022-07-01,2022
2022-07,-0.25784567089429394,-0.29113601359529456,0.39502438397463746,-0.07292234222230383,1.9028957757634302,2.2534350587553256,0.44501888626636765,0.000723458211508,36,1,4,2022-07-01,2022
2022-07,-0.25927970705200426,-0.3398444663528288,0.39502438397463746,-0.07292234222230383,1.9028957757634302,2.2534350587553256,0.44501888626636765,0.000723458211508,36,1,4,2022-07-01,2022
2022-07,-0.2578520443883282,-0.338432974371525,0.39502438397463746,-0.07292234222230383,1.9028957757634302,2.2534350587553256,0.44501888626636765,0.000723458211508,40,1,4,2022-07-01,2022
2022-07,-0.2578870986055167,-0.338575900041475,0.39502438397463746,-0.07292234222230383,1.9028957757634302,2.2534350587553256,0.44501888626636765,0.000723458211508,40,1,4,2022-07-01,2022
2022-07,-0.2554014359321522,-0.3382432083238726,0.39502438397463746,-0.07292234222230383,1.9028957757634302,2.2534350587553256,0.44501888626636765,0.000723458211508,41,0,4,2022-07-01,2022
2022-07,-0.24788071297171607,-0.3342753378069695,0.39502438397463746,-0.07292234222230383,1.9028957757634302,2.2534350587553256,0.44501888626636765,0.000723458211508,41,1,4,2022-07-01,2022
2022-07,-0.2480049961053843,-0.3343709325737012,0.39502438397463746,-0.07292234222230383,1.9028957757634302,2.2534350587553256,0.44501888626636765,0.000723458211508,41,1,4,2022-07-01,2022
2022-07,-0.2554141829202207,-0.3382508066602966,0.39502438397463746,-0.07292234222230383,1.9028957757634302,2.2534350587553256,0.44501888626636765,0.000723458211508,41,0,4,2022-07-01,2022
2022-07,0.7134174584818278,2.707689458460763,0.39502438397463746,-0.07292234222230383,1.9028957757634302,2.2534350587553256,0.44501888626636765,0.000723458211508,44,1,4,2022-07-01,2022
2022-07,-0.08279765724312567,0.060076879876084795,0.39502438397463746,-0.07292234222230383,1.9028957757634302,2.2534350587553256,0.44501888626636765,0.000723458211508,44,0,4,2022-07-01,2022
2022-07,0.6179170238723574,1.7918501870465335,0.39502438397463746,-0.07292234222230383,1.9028957757634302,2.2534350587553256,0.44501888626636765,0.000723458211508,44,1,4,2022-07-01,2022
2022-07,-0.08301435604029078,0.0593204799122975,0.39502438397463746,-0.07292234222230383,1.9028957757634302,2.2534350587553256,0.44501888626636765,0.000723458211508,44,0,4,2022-07-01,2022
2022-07,-0.2589514721092394,-0.31744685969397635,0.39502438397463746,-0.07292234222230383,1.9028957757634302,2.2534350587553256,0.44501888626636765,0.000723458211508,46,1,4,2022-07-01,2022
2022-07,-0.25895784560327373,-0.3182795988934563,0.39502438397463746,-0.07292234222230383,1.9028957757634302,2.2534350587553256,0.44501888626636765,0.000723458211508,46,1,4,2022-07-01,2022
2022-07,-0.25225930337325814,-0.3235184691129984,0.39502438397463746,-0.07292234222230383,1.9028957757634302,2.2534350587553256,0.44501888626636765,0.000723458211508,50,1,4,2022-07-01,2022
2022-07,-0.2581420383668874,-0.3342952858446193,0.39502438397463746,-0.07292234222230383,1.9028957757634302,2.2534350587553256,0.44501888626636765,0.000723458211508,50,0,4,2022-07-01,2022
2022-07,-0.2524823756644575,-0.3257618058060766,0.39502438397463746,-0.07292234222230383,1.9028957757634302,2.2534350587553256,0.44501888626636765,0.000723458211508,50,1,4,2022-07-01,2022
2022-07,-0.25937212271550114,-0.3397224890078553,0.39502438397463746,-0.07292234222230383,1.9028957757634302,2.2534350587553256,0.44501888626636765,0.000723458211508,58,1,4,2022-07-01,2022
2022-07,-0.2593784962095354,-0.339784045151037,0.39502438397463746,-0.07292234222230383,1.9028957757634302,2.2534350587553256,0.44501888626636765,0.000723458211508,58,1,4,2022-07-01,2022
2022-07,-0.14677160361208988,-0.14775200045040474,0.39502438397463746,-0.07292234222230383,1.9028957757634302,2.2534350587553256,0.44501888626636765,0.000723458211508,60,0,4,2022-07-01,2022
2022-07,-0.15382068801399018,-0.19545162496636984,0.39502438397463746,-0.07292234222230383,1.9028957757634302,2.2534350587553256,0.44501888626636765,0.000723458211508,60,0,4,2022-07-01,2022
2022-07,-0.2454428515036086,-0.24009571795256365,0.39502438397463746,-0.07292234222230383,1.9028957757634302,2.2534350587553256,0.44501888626636765,0.000723458211508,67,1,4,2022-07-01,2022
2022-07,-0.25610570702293883,-0.3074132756823903,0.39502438397463746,-0.07292234222230383,1.9028957757634302,2.2534350587553256,0.44501888626636765,0.000723458211508,67,0,4,2022-07-01,2022
2022-07,-0.24815477321518958,-0.26537017019930775,0.39502438397463746,-0.07292234222230383,1.9028957757634302,2.2534350587553256,0.44501888626636765,0.000723458211508,67,1,4,2022-07-01,2022
2022-07,-0.25614713473416156,-0.30769272133614045,0.39502438397463746,-0.07292234222230383,1.9028957757634302,2.2534350587553256,0.44501888626636765,0.000723458211508,67,0,4,2022-07-01,2022
2022-07,-0.25761941185607745,-0.32590223075770985,0.39502438397463746,-0.07292234222230383,1.9028957757634302,2.2534350587553256,0.44501888626636765,0.000723458211508,70,1,4,2022-07-01,2022
2022-07,-0.25942948416180955,-0.34029264316592844,0.39502438397463746,-0.07292234222230383,1.9028957757634302,2.2534350587553256,0.44501888626636765,0.000723458211508,70,0,4,2022-07-01,2022
2022-07,-0.25789984559358525,-0.32705278240080754,0.39502438397463746,-0.07292234222230383,1.9028957757634302,2.2534350587553256,0.44501888626636765,0.000723458211508,70,1,4,2022-07-01,2022
2022-07,-0.254493213032269,-0.33479881509584564,0.39502438397463746,-0.07292234222230383,1.9028957757634302,2.2534350587553256,0.44501888626636765,0.000723458211508,73,1,4,2022-07-01,2022
2022-07,-0.2592637733169186,-0.3402236425766807,0.39502438397463746,-0.07292234222230383,1.9028957757634302,2.2534350587553256,0.44501888626636765,0.000723458211508,73,0,4,2022-07-01,2022
2022-07,-0.2557710985861397,-0.33775314447896726,0.39502438397463746,-0.07292234222230383,1.9028957757634302,2.2534350587553256,0.44501888626636765,0.000723458211508,73,1,4,2022-07-01,2022
2022-07,-0.25760347812099177,-0.327853849040991,0.39502438397463746,-0.07292234222230383,1.9028957757634302,2.2534350587553256,0.44501888626636765,0.000723458211508,75,0,4,2022-07-01,2022
2022-07,-0.259321134763227,-0.337666090627102,0.39502438397463746,-0.07292234222230383,1.9028957757634302,2.2534350587553256,0.44501888626636765,0.000723458211508,75,1,4,2022-07-01,2022
2022-07,-0.25760985161502603,-0.32798177040104054,0.39502438397463746,-0.07292234222230383,1.9028957757634302,2.2534350587553256,0.44501888626636765,0.000723458211508,75,0,4,2022-07-01,2022
2022-07,-0.25938805645058677,-0.3395387343023105,0.39502438397463746,-0.07292234222230383,1.9028957757634302,2.2534350587553256,0.44501888626636765,0.000723458211508,75,1,4,2022-07-01,2022
2022-07,-0.22938802003128772,-0.09502144044293588,0.39502438397463746,-0.07292234222230383,1.9028957757634302,2.2534350587553256,0.44501888626636765,0.000723458211508,78,1,4,2022-07-01,2022
2022-07,-0.25405344194390456,-0.3281529541879699,0.39502438397463746,-0.07292234222230383,1.9028957757634302,2.2534350587553256,0.44501888626636765,0.000723458211508,78,0,4,2022-07-01,2022
2022-07,-0.2307360140195354,-0.12114340536352357,0.39502438397463746,-0.07292234222230383,1.9028957757634302,2.2534350587553256,0.44501888626636765,0.000723458211508,78,1,4,2022-07-01,2022
2022-07,-0.2541235503782815,-0.32930146678382466,0.39502438397463746,-0.07292234222230383,1.9028957757634302,2.2534350587553256,0.44501888626636765,0.000723458211508,78,0,4,2022-07-01,2022
2022-07,-0.25522616484620986,-0.3133204243994961,0.39502438397463746,-0.07292234222230383,1.9028957757634302,2.2534350587553256,0.44501888626636765,0.000723458211508,79,0,4,2022-07-01,2022
2022-07,-0.24680996597395907,-0.2564533011883641,0.39502438397463746,-0.07292234222230383,1.9028957757634302,2.2534350587553256,0.44501888626636765,0.000723458211508,79,1,4,2022-07-01,2022
2022-07,-0.24724017682127214,-0.2654977645423466,0.39502438397463746,-0.07292234222230383,1.9028957757634302,2.2534350587553256,0.44501888626636765,0.000723458211508,79,1,4,2022-07-01,2022
2022-07,-0.255277152798484,-0.3138172017112672,0.39502438397463746,-0.07292234222230383,1.9028957757634302,2.2534350587553256,0.44501888626636765,0.000723458211508,79,0,4,2022-07-01,2022
2022-07,-0.1534669590950883,-0.32724051901936435,0.39502438397463746,-0.07292234222230383,1.9028957757634302,2.2534350587553256,0.44501888626636765,0.000723458211508,80,1,4,2022-07-01,2022
2022-07,-0.23944220687034534,-0.3382090735188489,0.39502438397463746,-0.07292234222230383,1.9028957757634302,2.2534350587553256,0.44501888626636765,0.000723458211508,80,0,4,2022-07-01,2022
2022-07,-0.1599583627689902,-0.3295523946306164,0.39502438397463746,-0.07292234222230383,1.9028957757634302,2.2534350587553256,0.44501888626636765,0.000723458211508,80,1,4,2022-07-01,2022
2022-07,-0.2394549538584139,-0.33821157423716564,0.39502438397463746,-0.07292234222230383,1.9028957757634302,2.2534350587553256,0.44501888626636765,0.000723458211508,80,0,4,2022-07-01,2022
2022-07,-0.2435849779926195,-0.2951185133143507,0.39502438397463746,-0.07292234222230383,1.9028957757634302,2.2534350587553256,0.44501888626636765,0.000723458211508,81,1,4,2022-07-01,2022
2022-07,-0.21376658615329705,-0.31878016575529206,0.39502438397463746,-0.07292234222230383,1.9028957757634302,2.2534350587553256,0.44501888626636765,0.000723458211508,81,0,4,2022-07-01,2022
2022-07,-0.24659326717679395,-0.31573103029352323,0.39502438397463746,-0.07292234222230383,1.9028957757634302,2.2534350587553256,0.44501888626636765,0.000723458211508,81,1,4,2022-07-01,2022
2022-07,-0.2246461404697924,-0.3225328783154804,0.39502438397463746,-0.07292234222230383,1.9028957757634302,2.2534350587553256,0.44501888626636765,0.000723458211508,81,0,4,2022-07-01,2022
2022-07,-0.23075513450163818,-0.2802293230197076,0.39502438397463746,-0.07292234222230383,1.9028957757634302,2.2534350587553256,0.44501888626636765,0.000723458211508,87,1,4,2022-07-01,2022
2022-07,-0.2082790077897924,-0.3181707599377932,0.39502438397463746,-0.07292234222230383,1.9028957757634302,2.2534350587553256,0.44501888626636765,0.000723458211508,87,0,4,2022-07-01,2022
2022-07,-0.23605150804411482,-0.2889934269959395,0.39502438397463746,-0.07292234222230383,1.9028957757634302,2.2534350587553256,0.44501888626636765,0.000723458211508,87,1,4,2022-07-01,2022
2022-07,-0.21547468255448085,-0.32149738856939564,0.39502438397463746,-0.07292234222230383,1.9028957757634302,2.2534350587553256,0.44501888626636765,0.000723458211508,87,0,4,2022-07-01,2022
2022-07,6.5244092165143766,8.053601300084713,0.39502438397463746,-0.07292234222230383,1.9028957757634302,2.2534350587553256,0.44501888626636765,0.000723458211508,88,1,4,2022-07-01,2022
2022-07,4.953272828632959,3.0643911785655913,0.39502438397463746,-0.07292234222230383,1.9028957757634302,2.2534350587553256,0.44501888626636765,0.000723458211508,88,0,4,2022-07-01,2022
2022-07,4.921873810273138,3.0270800092266548,0.39502438397463746,-0.07292234222230383,1.9028957757634302,2.2534350587553256,0.44501888626636765,0.000723458211508,88,0,4,2022-07-01,2022
2022-07,6.279099804629439,6.5756772846433105,0.39502438397463746,-0.07292234222230383,1.9028957757634302,2.2534350587553256,0.44501888626636765,0.000723458211508,88,1,4,2022-07-01,2022
2022-07,-0.2520617250581958,-0.2069805038773132,0.39502438397463746,-0.07292234222230383,1.9028957757634302,2.2534350587553256,0.44501888626636765,0.000723458211508,89,1,4,2022-07-01,2022
2022-07,0.24127858066431213,0.7542448909747232,0.39502438397463746,-0.07292234222230383,1.9028957757634302,2.2534350587553256,0.44501888626636765,0.000723458211508,89,0,4,2022-07-01,2022
2022-07,-0.25261940578619424,-0.22610748837671116,0.39502438397463746,-0.07292234222230383,1.9028957757634302,2.2534350587553256,0.44501888626636765,0.000723458211508,89,1,4,2022-07-01,2022
2022-07,0.21466605632422645,0.6158194175260671,0.39502438397463746,-0.07292234222230383,1.9028957757634302,2.2534350587553256,0.44501888626636765,0.000723458211508,89,0,4,2022-07-01,2022
2022-07,-0.026500584438437183,2.0700836656834123,0.39502438397463746,-0.07292234222230383,1.9028957757634302,2.2534350587553256,0.44501888626636765,0.000723458211508,90,0,4,2022-07-01,2022
2022-07,-0.2591267431951818,-0.3398001266934432,0.39502438397463746,-0.07292234222230383,1.9028957757634302,2.2534350587553256,0.44501888626636765,0.000723458211508,90,1,4,2022-07-01,2022
2022-07,-0.04639863281342161,0.7144307911451344,0.39502438397463746,-0.07292234222230383,1.9028957757634302,2.2534350587553256,0.44501888626636765,0.000723458211508,90,0,4,2022-07-01,2022
2022-07,-0.25699162269370207,-0.27548244989269266,0.39502438397463746,-0.07292234222230383,1.9028957757634302,2.2534350587553256,0.44501888626636765,0.000723458211508,91,0,4,2022-07-01,2022
2022-07,-0.2573421648655868,-0.29701837634662237,0.39502438397463746,-0.07292234222230383,1.9028957757634302,2.2534350587553256,0.44501888626636765,0.000723458211508,91,0,4,2022-07-01,2022
2022-07,-0.2582631347535385,-0.33193985926206615,0.39502438397463746,-0.07292234222230383,1.9028957757634302,2.2534350587553256,0.44501888626636765,0.000723458211508,94,1,4,2022-07-01,2022
2022-07,-0.25940399018567245,-0.3401296636587075,0.39502438397463746,-0.07292234222230383,1.9028957757634302,2.2534350587553256,0.44501888626636765,0.000723458211508,94,0,4,2022-07-01,2022
2022-07,-0.2582918154766927,-0.33212732657249655,0.39502438397463746,-0.07292234222230383,1.9028957757634302,2.2534350587553256,0.44501888626636765,0.000723458211508,94,1,4,2022-07-01,2022
2022-07,0.01722477138365785,0.681451241038568,0.39502438397463746,-0.07292234222230383,1.9028957757634302,2.2534350587553256,0.44501888626636765,0.000723458211508,98,1,4,2022-07-01,2022
2022-07,-0.2026034113522768,-0.2821197506494072,0.39502438397463746,-0.07292234222230383,1.9028957757634302,2.2534350587553256,0.44501888626636765,0.000723458211508,98,0,4,2022-07-01,2022
2022-07,-0.202632092075431,-0.28216079128424415,0.39502438397463746,-0.07292234222230383,1.9028957757634302,2.2534350587553256,0.44501888626636765,0.000723458211508,98,0,4,2022-07-01,2022
2022-07,0.009184608659428873,0.2750530151329598,0.39502438397463746,-0.07292234222230383,1.9028957757634302,2.2534350587553256,0.44501888626636765,0.000723458211508,98,1,4,2022-07-01,2022
2022-07,1.7486959619381366,1.2962687380108098,0.39502438397463746,-0.07292234222230383,1.9028957757634302,2.2534350587553256,0.44501888626636765,0.000723458211508,101,1,4,2022-07-01,2022
2022-07,0.21163864665794918,0.07248525180088411,0.39502438397463746,-0.07292234222230383,1.9028957757634302,2.2534350587553256,0.44501888626636765,0.000723458211508,101,0,4,2022-07-01,2022
2022-07,0.21097899002540246,0.07156095745656872,0.39502438397463746,-0.07292234222230383,1.9028957757634302,2.2534350587553256,0.44501888626636765,0.000723458211508,101,0,4,2022-07-01,2022
2022-07,1.7151745700649046,1.144260641879132,0.39502438397463746,-0.07292234222230383,1.9028957757634302,2.2534350587553256,0.44501888626636765,0.000723458211508,101,1,4,2022-07-01,2022
2022-08,-0.2548565021922223,-0.33230013582633183,0.39502438397463746,-0.07292234222230383,1.7305633472414863,1.6126373573656245,0.4596971542077571,0.0007534045821948,0,0,4,2022-08-01,2022
2022-08,-0.08665680788087489,-0.11186337434410265,0.39502438397463746,-0.07292234222230383,1.7305633472414863,1.6126373573656245,0.4596971542077571,0.0007534045821948,0,1,4,2022-08-01,2022
2022-08,-0.2546971648413656,-0.3320067534770394,0.39502438397463746,-0.07292234222230383,1.7305633472414863,1.6126373573656245,0.4596971542077571,0.0007534045821948,0,0,4,2022-08-01,2022
2022-08,-0.0899232235734372,-0.18438565787030026,0.39502438397463746,-0.07292234222230383,1.7305633472414863,1.6126373573656245,0.4596971542077571,0.0007534045821948,0,1,4,2022-08-01,2022
2022-08,-0.25934662873936404,-0.30731390098374134,0.39502438397463746,-0.07292234222230383,1.7305633472414863,1.6126373573656245,0.4596971542077571,0.0007534045821948,1,1,4,2022-08-01,2022
2022-08,-0.2593402552453298,-0.3056788159304773,0.39502438397463746,-0.07292234222230383,1.7305633472414863,1.6126373573656245,0.4596971542077571,0.0007534045821948,1,1,4,2022-08-01,2022
2022-08,0.004477783315122018,3.7070313597493523,0.39502438397463746,-0.07292234222230383,1.7305633472414863,1.6126373573656245,0.4596971542077571,0.0007534045821948,5,1,4,2022-08-01,2022
2022-08,-0.2292637368976195,-0.13843122695871543,0.39502438397463746,-0.07292234222230383,1.7305633472414863,1.6126373573656245,0.4596971542077571,0.0007534045821948,5,0,4,2022-08-01,2022
2022-08,-0.2286072670120899,-0.13474130166457246,0.39502438397463746,-0.07292234222230383,1.7305633472414863,1.6126373573656245,0.4596971542077571,0.0007534045821948,5,0,4,2022-08-01,2022
2022-08,-0.04748212679924716,1.777782040284166,0.39502438397463746,-0.07292234222230383,1.7305633472414863,1.6126373573656245,0.4596971542077571,0.0007534045821948,5,1,4,2022-08-01,2022
2022-08,-0.2575875443859061,-0.2931362708498366,0.39502438397463746,-0.07292234222230383,1.7305633472414863,1.6126373573656245,0.4596971542077571,0.0007534045821948,6,1,4,2022-08-01,2022
2022-08,-0.2590215805436164,-0.3326951723752004,0.39502438397463746,-0.07292234222230383,1.7305633472414863,1.6126373573656245,0.4596971542077571,0.0007534045821948,6,0,4,2022-08-01,2022
2022-08,-0.25906619500185624,-0.333513349699559,0.39502438397463746,-0.07292234222230383,1.7305633472414863,1.6126373573656245,0.4596971542077571,0.0007534045821948,6,0,4,2022-08-01,2022
2022-08,-0.25916498415938743,-0.3358026322826339,0.39502438397463746,-0.07292234222230383,1.7305633472414863,1.6126373573656245,0.4596971542077571,0.0007534045821948,6,1,4,2022-08-01,2022
2022-08,-0.0636835486343562,-0.00610798711031426,0.39502438397463746,-0.07292234222230383,1.7305633472414863,1.6126373573656245,0.4596971542077571,0.0007534045821948,8,1,4,2022-08-01,2022
2022-08,-0.238243989991903,-0.3015933827982445,0.39502438397463746,-0.07292234222230383,1.7305633472414863,1.6126373573656245,0.4596971542077571,0.0007534045821948,8,0,4,2022-08-01,2022
2022-08,-0.08318006688518174,-0.09130046776907562,0.39502438397463746,-0.07292234222230383,1.7305633472414863,1.6126373573656245,0.4596971542077571,0.0007534045821948,8,1,4,2022-08-01,2022
2022-08,-0.23780103215652137,-0.3008855256242444,0.39502438397463746,-0.07292234222230383,1.7305633472414863,1.6126373573656245,0.4596971542077571,0.0007534045821948,8,0,4,2022-08-01,2022
2022-08,-0.25899927331449646,-0.33860072447984246,0.39502438397463746,-0.07292234222230383,1.7305633472414863,1.6126373573656245,0.4596971542077571,0.0007534045821948,9,0,4,2022-08-01,2022
2022-08,-0.2582663215005556,-0.3313582691267675,0.39502438397463746,-0.07292234222230383,1.7305633472414863,1.6126373573656245,0.4596971542077571,0.0007534045821948,9,1,4,2022-08-01,2022
2022-08,-0.25898652632642793,-0.33856032826087945,0.39502438397463746,-0.07292234222230383,1.7305633472414863,1.6126373573656245,0.4596971542077571,0.0007534045821948,9,0,4,2022-08-01,2022
2022-08,-0.2585499419850806,-0.33708264418936057,0.39502438397463746,-0.07292234222230383,1.7305633472414863,1.6126373573656245,0.4596971542077571,0.0007534045821948,9,1,4,2022-08-01,2022
2022-08,-0.2567621769084684,-0.3392448037186179,0.39502438397463746,-0.07292234222230383,1.7305633472414863,1.6126373573656245,0.4596971542077571,0.0007534045821948,18,1,4,2022-08-01,2022
2022-08,-0.2594262974147924,-0.34029847176323597,0.39502438397463746,-0.07292234222230383,1.7305633472414863,1.6126373573656245,0.4596971542077571,0.0007534045821948,18,0,4,2022-08-01,2022
2022-08,-0.25675899016145126,-0.33939042246983214,0.39502438397463746,-0.07292234222230383,1.7305633472414863,1.6126373573656245,0.4596971542077571,0.0007534045821948,18,1,4,2022-08-01,2022
2022-08,-0.2593976166916382,-0.3399191320308787,0.39502438397463746,-0.07292234222230383,1.7305633472414863,1.6126373573656245,0.4596971542077571,0.0007534045821948,22,1,4,2022-08-01,2022
2022-08,-0.25942311066777524,-0.340212485525729,0.39502438397463746,-0.07292234222230383,1.7305633472414863,1.6126373573656245,0.4596971542077571,0.0007534045821948,22,1,4,2022-08-01,2022
2022-08,-0.2582376407774014,-0.3373239250343381,0.39502438397463746,-0.07292234222230383,1.7305633472414863,1.6126373573656245,0.4596971542077571,0.0007534045821948,27,1,4,2022-08-01,2022
2022-08,-0.25942948416180955,-0.34029433595986597,0.39502438397463746,-0.07292234222230383,1.7305633472414863,1.6126373573656245,0.4596971542077571,0.0007534045821948,27,0,4,2022-08-01,2022
2022-08,-0.25824720101845283,-0.33737009214172436,0.39502438397463746,-0.07292234222230383,1.7305633472414863,1.6126373573656245,0.4596971542077571,0.0007534045821948,27,1,4,2022-08-01,2022
2022-08,-0.2581197311377675,-0.27888107997552297,0.39502438397463746,-0.07292234222230383,1.7305633472414863,1.6126373573656245,0.4596971542077571,0.0007534045821948,36,1,4,2022-08-01,2022
2022-08,-0.2594262974147924,-0.3402870261678631,0.39502438397463746,-0.07292234222230383,1.7305633472414863,1.6126373573656245,0.4596971542077571,0.0007534045821948,36,0,4,2022-08-01,2022
2022-08,-0.25916498415938743,-0.33894732403854494,0.39502438397463746,-0.07292234222230383,1.7305633472414863,1.6126373573656245,0.4596971542077571,0.0007534045821948,36,1,4,2022-08-01,2022
2022-08,-0.2557105503928142,-0.33850932322536503,0.39502438397463746,-0.07292234222230383,1.7305633472414863,1.6126373573656245,0.4596971542077571,0.0007534045821948,41,0,4,2022-08-01,2022
2022-08,-0.24927969491223786,-0.33483368088006965,0.39502438397463746,-0.07292234222230383,1.7305633472414863,1.6126373573656245,0.4596971542077571,0.0007534045821948,41,1,4,2022-08-01,2022
2022-08,-0.2556531889465058,-0.33848527785693466,0.39502438397463746,-0.07292234222230383,1.7305633472414863,1.6126373573656245,0.4596971542077571,0.0007534045821948,41,0,4,2022-08-01,2022
2022-08,-0.24914903828453538,-0.33510656695731206,0.39502438397463746,-0.07292234222230383,1.7305633472414863,1.6126373573656245,0.4596971542077571,0.0007534045821948,41,1,4,2022-08-01,2022
2022-08,0.6352146866813605,2.2445228780993873,0.39502438397463746,-0.07292234222230383,1.7305633472414863,1.6126373573656245,0.4596971542077571,0.0007534045821948,44,1,4,2022-08-01,2022
2022-08,-0.08644329583072692,0.06602079877059432,0.39502438397463746,-0.07292234222230383,1.7305633472414863,1.6126373573656245,0.4596971542077571,0.0007534045821948,44,0,4,2022-08-01,2022
2022-08,0.5680858607654338,1.5120883847922217,0.39502438397463746,-0.07292234222230383,1.7305633472414863,1.6126373573656245,0.4596971542077571,0.0007534045821948,44,1,4,2022-08-01,2022
2022-08,-0.0825554644698235,0.06790874491827191,0.39502438397463746,-0.07292234222230383,1.7305633472414863,1.6126373573656245,0.4596971542077571,0.0007534045821948,44,0,4,2022-08-01,2022
2022-08,-0.25856906246718336,-0.2999070234013396,0.39502438397463746,-0.07292234222230383,1.7305633472414863,1.6126373573656245,0.4596971542077571,0.0007534045821948,46,1,4,2022-08-01,2022
2022-08,-0.25860092993735473,-0.302648147311663,0.39502438397463746,-0.07292234222230383,1.7305633472414863,1.6126373573656245,0.4596971542077571,0.0007534045821948,46,1,4,2022-08-01,2022
2022-08,-0.252303917831498,-0.32386701153747005,0.39502438397463746,-0.07292234222230383,1.7305633472414863,1.6126373573656245,0.4596971542077571,0.0007534045821948,50,1,4,2022-08-01,2022
2022-08,-0.25811017089671606,-0.33227941833689223,0.39502438397463746,-0.07292234222230383,1.7305633472414863,1.6126373573656245,0.4596971542077571,0.0007534045821948,50,0,4,2022-08-01,2022
2022-08,-0.25254292385778304,-0.3267716920438567,0.39502438397463746,-0.07292234222230383,1.7305633472414863,1.6126373573656245,0.4596971542077571,0.0007534045821948,50,1,4,2022-08-01,2022
2022-08,-0.25810698414969896,-0.33218634352477205,0.39502438397463746,-0.07292234222230383,1.7305633472414863,1.6126373573656245,0.4596971542077571,0.0007534045821948,50,0,4,2022-08-01,2022
2022-08,-0.2594103636797067,-0.3400652990164931,0.39502438397463746,-0.07292234222230383,1.7305633472414863,1.6126373573656245,0.4596971542077571,0.0007534045821948,58,1,4,2022-08-01,2022
2022-08,-0.1453216337192939,-0.150102829558514,0.39502438397463746,-0.07292234222230383,1.7305633472414863,1.6126373573656245,0.4596971542077571,0.0007534045821948,60,0,4,2022-08-01,2022
2022-08,-0.1490565012233749,-0.19009088320147535,0.39502438397463746,-0.07292234222230383,1.7305633472414863,1.6126373573656245,0.4596971542077571,0.0007534045821948,60,0,4,2022-08-01,2022
2022-08,-0.24534406234607745,-0.2464899585070368,0.39502438397463746,-0.07292234222230383,1.7305633472414863,1.6126373573656245,0.4596971542077571,0.0007534045821948,67,1,4,2022-08-01,2022
2022-08,-0.25527396605146685,-0.2959605340260448,0.39502438397463746,-0.07292234222230383,1.7305633472414863,1.6126373573656245,0.4596971542077571,0.0007534045821948,67,0,4,2022-08-01,2022
2022-08,-0.2555129720777519,-0.30036972361697123,0.39502438397463746,-0.07292234222230383,1.7305633472414863,1.6126373573656245,0.4596971542077571,0.0007534045821948,67,0,4,2022-08-01,2022
2022-08,-0.247855218995579,-0.27331237462814806,0.39502438397463746,-0.07292234222230383,1.7305633472414863,1.6126373573656245,0.4596971542077571,0.0007534045821948,67,1,4,2022-08-01,2022
2022-08,-0.259416737173741,-0.34029402817915005,0.39502438397463746,-0.07292234222230383,1.7305633472414863,1.6126373573656245,0.4596971542077571,0.0007534045821948,70,0,4,2022-08-01,2022
2022-08,-0.25646580943587494,-0.3226119971957636,0.39502438397463746,-0.07292234222230383,1.7305633472414863,1.6126373573656245,0.4596971542077571,0.0007534045821948,70,1,4,2022-08-01,2022
2022-08,-0.2567685504025027,-0.32510889710801355,0.39502438397463746,-0.07292234222230383,1.7305633472414863,1.6126373573656245,0.4596971542077571,0.0007534045821948,70,1,4,2022-08-01,2022
2022-08,-0.25429563471720673,-0.3344824069017443,0.39502438397463746,-0.07292234222230383,1.7305633472414863,1.6126373573656245,0.4596971542077571,0.0007534045821948,73,1,4,2022-08-01,2022
2022-08,-0.25927333355796994,-0.34026150922288484,0.39502438397463746,-0.07292234222230383,1.7305633472414863,1.6126373573656245,0.4596971542077571,0.0007534045821948,73,0,4,2022-08-01,2022
2022-08,-0.25924465283481574,-0.34023381857660046,0.39502438397463746,-0.07292234222230383,1.7305633472414863,1.6126373573656245,0.4596971542077571,0.0007534045821948,73,0,4,2022-08-01,2022
2022-08,-0.25540462267916936,-0.3372512503127942,0.39502438397463746,-0.07292234222230383,1.7305633472414863,1.6126373573656245,0.4596971542077571,0.0007534045821948,73,1,4,2022-08-01,2022
2022-08,-0.2577086407725572,-0.3361481930814202,0.39502438397463746,-0.07292234222230383,1.7305633472414863,1.6126373573656245,0.4596971542077571,0.0007534045821948,75,0,4,2022-08-01,2022
2022-08,-0.25938486970356966,-0.339941753913498,0.39502438397463746,-0.07292234222230383,1.7305633472414863,1.6126373573656245,0.4596971542077571,0.0007534045821948,75,1,4,2022-08-01,2022
2022-08,-0.2574760082403064,-0.3358146164942596,0.39502438397463746,-0.07292234222230383,1.7305633472414863,1.6126373573656245,0.4596971542077571,0.0007534045821948,75,0,4,2022-08-01,2022
2022-08,-0.2594358576558438,-0.3401071668120041,0.39502438397463746,-0.07292234222230383,1.7305633472414863,1.6126373573656245,0.4596971542077571,0.0007534045821948,75,1,4,2022-08-01,2022
2022-08,-0.23550976105120205,-0.21182345267842848,0.39502438397463746,-0.07292234222230383,1.7305633472414863,1.6126373573656245,0.4596971542077571,0.0007534045821948,78,1,4,2022-08-01,2022
2022-08,-0.255420556414255,-0.32804905896005604,0.39502438397463746,-0.07292234222230383,1.7305633472414863,1.6126373573656245,0.4596971542077571,0.0007534045821948,78,0,4,2022-08-01,2022
2022-08,-0.25547154436652914,-0.33117697666695006,0.39502438397463746,-0.07292234222230383,1.7305633472414863,1.6126373573656245,0.4596971542077571,0.0007534045821948,78,0,4,2022-08-01,2022
2022-08,-0.23633194178162262,-0.23065772809885005,0.39502438397463746,-0.07292234222230383,1.7305633472414863,1.6126373573656245,0.4596971542077571,0.0007534045821948,78,1,4,2022-08-01,2022
2022-08,-0.25568186966966,-0.31578550748023904,0.39502438397463746,-0.07292234222230383,1.7305633472414863,1.6126373573656245,0.4596971542077571,0.0007534045821948,79,0,4,2022-08-01,2022
2022-08,-0.24470989968966778,-0.2524435147852132,0.39502438397463746,-0.07292234222230383,1.7305633472414863,1.6126373573656245,0.4596971542077571,0.0007534045821948,79,1,4,2022-08-01,2022
2022-08,-0.25570736364579705,-0.31582166209621093,0.39502438397463746,-0.07292234222230383,1.7305633472414863,1.6126373573656245,0.4596971542077571,0.0007534045821948,79,0,4,2022-08-01,2022
2022-08,-0.24499989366822697,-0.26397337474718857,0.39502438397463746,-0.07292234222230383,1.7305633472414863,1.6126373573656245,0.4596971542077571,0.0007534045821948,79,1,4,2022-08-01,2022
2022-08,-0.2381802550515603,-0.33805931896426467,0.39502438397463746,-0.07292234222230383,1.7305633472414863,1.6126373573656245,0.4596971542077571,0.0007534045821948,80,0,4,2022-08-01,2022
2022-08,-0.15527384465380326,-0.325754967303295,0.39502438397463746,-0.07292234222230383,1.7305633472414863,1.6126373573656245,0.4596971542077571,0.0007534045821948,80,1,4,2022-08-01,2022
2022-08,-0.2375237851660307,-0.3379943291424711,0.39502438397463746,-0.07292234222230383,1.7305633472414863,1.6126373573656245,0.4596971542077571,0.0007534045821948,80,0,4,2022-08-01,2022
2022-08,-0.1587792663726506,-0.32901974162914727,0.39502438397463746,-0.07292234222230383,1.7305633472414863,1.6126373573656245,0.4596971542077571,0.0007534045821948,80,1,4,2022-08-01,2022
2022-08,-0.10596530805768954,-0.2750726687239026,0.39502438397463746,-0.07292234222230383,1.7305633472414863,1.6126373573656245,0.4596971542077571,0.0007534045821948,81,0,4,2022-08-01,2022
2022-08,-0.23242498993861638,-0.2712944969276202,0.39502438397463746,-0.07292234222230383,1.7305633472414863,1.6126373573656245,0.4596971542077571,0.0007534045821948,81,1,4,2022-08-01,2022
2022-08,-0.1304458986433126,-0.285709339430164,0.39502438397463746,-0.07292234222230383,1.7305633472414863,1.6126373573656245,0.4596971542077571,0.0007534045821948,81,0,4,2022-08-01,2022
2022-08,-0.23781059239757277,-0.2998656172769026,0.39502438397463746,-0.07292234222230383,1.7305633472414863,1.6126373573656245,0.4596971542077571,0.0007534045821948,81,1,4,2022-08-01,2022
2022-08,-0.2418322671331958,-0.2962280243226114,0.39502438397463746,-0.07292234222230383,1.7305633472414863,1.6126373573656245,0.4596971542077571,0.0007534045821948,87,1,4,2022-08-01,2022
2022-08,-0.2591458636772846,-0.33956624220379483,0.39502438397463746,-0.07292234222230383,1.7305633472414863,1.6126373573656245,0.4596971542077571,0.0007534045821948,87,0,4,2022-08-01,2022
2022-08,-0.2446015502910852,-0.30126573098986514,0.39502438397463746,-0.07292234222230383,1.7305633472414863,1.6126373573656245,0.4596971542077571,0.0007534045821948,87,1,4,2022-08-01,2022
2022-08,-0.25913311668921607,-0.3395340214100982,0.39502438397463746,-0.07292234222230383,1.7305633472414863,1.6126373573656245,0.4596971542077571,0.0007534045821948,87,0,4,2022-08-01,2022
2022-08,6.1540008637248285,7.4725966983618015,0.39502438397463746,-0.07292234222230383,1.7305633472414863,1.6126373573656245,0.4596971542077571,0.0007534045821948,88,1,4,2022-08-01,2022
2022-08,4.76164735699866,2.976392199448818,0.39502438397463746,-0.07292234222230383,1.7305633472414863,1.6126373573656245,0.4596971542077571,0.0007534045821948,88,0,4,2022-08-01,2022
2022-08,4.874668526708333,3.0199862600501004,0.39502438397463746,-0.07292234222230383,1.7305633472414863,1.6126373573656245,0.4596971542077571,0.0007534045821948,88,0,4,2022-08-01,2022
2022-08,6.094564845108263,6.229312793462607,0.39502438397463746,-0.07292234222230383,1.7305633472414863,1.6126373573656245,0.4596971542077571,0.0007534045821948,88,1,4,2022-08-01,2022
2022-08,-0.25016242383598397,-0.15492898507431752,0.39502438397463746,-0.07292234222230383,1.7305633472414863,1.6126373573656245,0.4596971542077571,0.0007534045821948,89,1,4,2022-08-01,2022
2022-08,0.25893634588625136,0.7955529391630372,0.39502438397463746,-0.07292234222230383,1.7305633472414863,1.6126373573656245,0.4596971542077571,0.0007534045821948,89,0,4,2022-08-01,2022
2022-08,0.2546406109071548,0.6992131122632905,0.39502438397463746,-0.07292234222230383,1.7305633472414863,1.6126373573656245,0.4596971542077571,0.0007534045821948,89,0,4,2022-08-01,2022
2022-08,-0.2501369298598469,-0.1642526632465132,0.39502438397463746,-0.07292234222230383,1.7305633472414863,1.6126373573656245,0.4596971542077571,0.0007534045821948,89,1,4,2022-08-01,2022
2022-08,-0.038148144786061794,2.6493832199490743,0.39502438397463746,-0.07292234222230383,1.7305633472414863,1.6126373573656245,0.4596971542077571,0.0007534045821948,90,0,4,2022-08-01,2022
2022-08,-0.259203225123593,-0.3401152749102388,0.39502438397463746,-0.07292234222230383,1.7305633472414863,1.6126373573656245,0.4596971542077571,0.0007534045821948,90,1,4,2022-08-01,2022
2022-08,-0.04464910870101507,1.0519902050418013,0.39502438397463746,-0.07292234222230383,1.7305633472414863,1.6126373573656245,0.4596971542077571,0.0007534045821948,90,0,4,2022-08-01,2022
2022-08,-0.25702667691089054,-0.25267282103671246,0.39502438397463746,-0.07292234222230383,1.7305633472414863,1.6126373573656245,0.4596971542077571,0.0007534045821948,91,0,4,2022-08-01,2022
2022-08,-0.25741227329996375,-0.27927641468696013,0.39502438397463746,-0.07292234222230383,1.7305633472414863,1.6126373573656245,0.4596971542077571,0.0007534045821948,91,0,4,2022-08-01,2022
2022-08,-0.2582535745124871,-0.3293101712071964,0.39502438397463746,-0.07292234222230383,1.7305633472414863,1.6126373573656245,0.4596971542077571,0.0007534045821948,94,1,4,2022-08-01,2022
2022-08,-0.2593976166916382,-0.34008690137549097,0.39502438397463746,-0.07292234222230383,1.7305633472414863,1.6126373573656245,0.4596971542077571,0.0007534045821948,94,0,4,2022-08-01,2022
2022-08,-0.25938486970356966,-0.3399435813614987,0.39502438397463746,-0.07292234222230383,1.7305633472414863,1.6126373573656245,0.4596971542077571,0.0007534045821948,94,0,4,2022-08-01,2022
2022-08,-0.2582663215005556,-0.3306651565726889,0.39502438397463746,-0.07292234222230383,1.7305633472414863,1.6126373573656245,0.4596971542077571,0.0007534045821948,94,1,4,2022-08-01,2022
2022-08,-0.01950886148284528,0.6499653122737161,0.39502438397463746,-0.07292234222230383,1.7305633472414863,1.6126373573656245,0.4596971542077571,0.0007534045821948,98,1,4,2022-08-01,2022
2022-08,-0.20885580899989362,-0.2871294781259554,0.39502438397463746,-0.07292234222230383,1.7305633472414863,1.6126373573656245,0.4596971542077571,0.0007534045821948,98,0,4,2022-08-01,2022
2022-08,-0.20759385718110857,-0.28595000471370974,0.39502438397463746,-0.07292234222230383,1.7305633472414863,1.6126373573656245,0.4596971542077571,0.0007534045821948,98,0,4,2022-08-01,2022
2022-08,-0.021615301261170825,0.2543642935721578,0.39502438397463746,-0.07292234222230383,1.7305633472414863,1.6126373573656245,0.4596971542077571,0.0007534045821948,98,1,4,2022-08-01,2022
2022-08,1.5616785264906132,1.20856833504291,0.39502438397463746,-0.07292234222230383,1.7305633472414863,1.6126373573656245,0.4596971542077571,0.0007534045821948,101,1,4,2022-08-01,2022
2022-08,0.20652391769544917,0.08265881832932433,0.39502438397463746,-0.07292234222230383,1.7305633472414863,1.6126373573656245,0.4596971542077571,0.0007534045821948,101,0,4,2022-08-01,2022
2022-08,0.21753731538666415,0.09206618400180502,0.39502438397463746,-0.07292234222230383,1.7305633472414863,1.6126373573656245,0.4596971542077571,0.0007534045821948,101,0,4,2022-08-01,2022
2022-08,1.5806269242544917,1.0845428152046657,0.39502438397463746,-0.07292234222230383,1.7305633472414863,1.6126373573656245,0.4596971542077571,0.0007534045821948,101,1,4,2022-08-01,2022
2022-09,-0.15574866995935624,-0.19418461679489032,0.39502438397463746,-0.07292234222230383,1.1042586642140675,0.9957388134340552,0.21603790638069192,0.000818306020856,0,1,4,2022-09-01,2022
2022-09,-0.2558794479847223,-0.33612131035951504,0.39502438397463746,-0.07292234222230383,1.1042586642140675,0.9957388134340552,0.21603790638069192,0.000818306020856,0,0,4,2022-09-01,2022
2022-09,-0.16216040495782974,-0.2643233695119134,0.39502438397463746,-0.07292234222230383,1.1042586642140675,0.9957388134340552,0.21603790638069192,0.000818306020856,0,1,4,2022-09-01,2022
2022-09,-0.25923509259376437,-0.2678780636540041,0.39502438397463746,-0.07292234222230383,1.1042586642140675,0.9957388134340552,0.21603790638069192,0.000818306020856,1,1,4,2022-09-01,2022
2022-09,-0.23821212252173163,-0.23461934681996127,0.39502438397463746,-0.07292234222230383,1.1042586642140675,0.9957388134340552,0.21603790638069192,0.000818306020856,5,0,4,2022-09-01,2022
2022-09,-0.10572311528438737,2.4432187504071865,0.39502438397463746,-0.07292234222230383,1.1042586642140675,0.9957388134340552,0.21603790638069192,0.000818306020856,5,1,4,2022-09-01,2022
2022-09,-0.23823124300383444,-0.23478362477707745,0.39502438397463746,-0.07292234222230383,1.1042586642140675,0.9957388134340552,0.21603790638069192,0.000818306020856,5,0,4,2022-09-01,2022
2022-09,-0.14948989881770514,0.6609330973214109,0.39502438397463746,-0.07292234222230383,1.1042586642140675,0.9957388134340552,0.21603790638069192,0.000818306020856,5,1,4,2022-09-01,2022
2022-09,-0.2589291648801195,-0.32710438376145906,0.39502438397463746,-0.07292234222230383,1.1042586642140675,0.9957388134340552,0.21603790638069192,0.000818306020856,6,0,4,2022-09-01,2022
2022-09,-0.2575811708918718,-0.3006607399020101,0.39502438397463746,-0.07292234222230383,1.1042586642140675,0.9957388134340552,0.21603790638069192,0.000818306020856,6,1,4,2022-09-01,2022
2022-09,-0.25916817090640454,-0.33543831609647196,0.39502438397463746,-0.07292234222230383,1.1042586642140675,0.9957388134340552,0.21603790638069192,0.000818306020856,6,1,4,2022-09-01,2022
2022-09,-0.2589960865674793,-0.3293656679175337,0.39502438397463746,-0.07292234222230383,1.1042586642140675,0.9957388134340552,0.21603790638069192,0.000818306020856,6,0,4,2022-09-01,2022
2022-09,-0.0924662476931101,-0.06646737306894433,0.39502438397463746,-0.07292234222230383,1.1042586642140675,0.9957388134340552,0.21603790638069192,0.000818306020856,8,1,4,2022-09-01,2022
2022-09,-0.24284883943166155,-0.3129471825725728,0.39502438397463746,-0.07292234222230383,1.1042586642140675,0.9957388134340552,0.21603790638069192,0.000818306020856,8,0,4,2022-09-01,2022
2022-09,-0.24286477316674723,-0.31299202237562174,0.39502438397463746,-0.07292234222230383,1.1042586642140675,0.9957388134340552,0.21603790638069192,0.000818306020856,8,0,4,2022-09-01,2022
2022-09,-0.11195957919691851,-0.14389503679084978,0.39502438397463746,-0.07292234222230383,1.1042586642140675,0.9957388134340552,0.21603790638069192,0.000818306020856,8,1,4,2022-09-01,2022
2022-09,-0.2589960865674793,-0.3382518742746549,0.39502438397463746,-0.07292234222230383,1.1042586642140675,0.9957388134340552,0.21603790638069192,0.000818306020856,9,0,4,2022-09-01,2022
2022-09,-0.2584702733096522,-0.33450228761236256,0.39502438397463746,-0.07292234222230383,1.1042586642140675,0.9957388134340552,0.21603790638069192,0.000818306020856,9,1,4,2022-09-01,2022
2022-09,-0.25878257451733133,-0.33796996637517746,0.39502438397463746,-0.07292234222230383,1.1042586642140675,0.9957388134340552,0.21603790638069192,0.000818306020856,9,1,4,2022-09-01,2022
2022-09,-0.25900246006151356,-0.3383620020620659,0.39502438397463746,-0.07292234222230383,1.1042586642140675,0.9957388134340552,0.21603790638069192,0.000818306020856,9,0,4,2022-09-01,2022
2022-09,-0.2582344540303843,-0.3398152560392596,0.39502438397463746,-0.07292234222230383,1.1042586642140675,0.9957388134340552,0.21603790638069192,0.000818306020856,18,1,4,2022-09-01,2022
2022-09,-0.25941992392075813,-0.34029847176323597,0.39502438397463746,-0.07292234222230383,1.1042586642140675,0.9957388134340552,0.21603790638069192,0.000818306020856,18,0,4,2022-09-01,2022
2022-09,-0.25828862872967556,-0.3399165351310882,0.39502438397463746,-0.07292234222230383,1.1042586642140675,0.9957388134340552,0.21603790638069192,0.000818306020856,18,1,4,2022-09-01,2022
2022-09,-0.25939442994462103,-0.339610389500233,0.39502438397463746,-0.07292234222230383,1.1042586642140675,0.9957388134340552,0.21603790638069192,0.000818306020856,22,1,4,2022-09-01,2022
2022-09,-0.25943267090882666,-0.34024807267100593,0.39502438397463746,-0.07292234222230383,1.1042586642140675,0.9957388134340552,0.21603790638069192,0.000818306020856,22,1,4,2022-09-01,2022
2022-09,-0.25864554439559456,-0.3356590718149573,0.39502438397463746,-0.07292234222230383,1.1042586642140675,0.9957388134340552,0.21603790638069192,0.000818306020856,27,1,4,2022-09-01,2022
2022-09,-0.2586487311426117,-0.33577545139816023,0.39502438397463746,-0.07292234222230383,1.1042586642140675,0.9957388134340552,0.21603790638069192,0.000818306020856,27,1,4,2022-09-01,2022
2022-09,-0.2594422311498781,-0.3402998567764576,0.39502438397463746,-0.07292234222230383,1.1042586642140675,0.9957388134340552,0.21603790638069192,0.000818306020856,36,0,4,2022-09-01,2022
2022-09,-0.2585085142738578,-0.3229627902667203,0.39502438397463746,-0.07292234222230383,1.1042586642140675,0.9957388134340552,0.21603790638069192,0.000818306020856,36,1,4,2022-09-01,2022
2022-09,-0.2592382793407815,-0.339315391302182,0.39502438397463746,-0.07292234222230383,1.1042586642140675,0.9957388134340552,0.21603790638069192,0.000818306020856,36,1,4,2022-09-01,2022
2022-09,-0.2572879901662955,-0.33929667438739586,0.39502438397463746,-0.07292234222230383,1.1042586642140675,0.9957388134340552,0.21603790638069192,0.000818306020856,41,0,4,2022-09-01,2022
2022-09,-0.2537985021825338,-0.3373566844442876,0.39502438397463746,-0.07292234222230383,1.1042586642140675,0.9957388134340552,0.21603790638069192,0.000818306020856,41,1,4,2022-09-01,2022
2022-09,-0.25384630338779085,-0.3375364476186729,0.39502438397463746,-0.07292234222230383,1.1042586642140675,0.9957388134340552,0.21603790638069192,0.000818306020856,41,1,4,2022-09-01,2022
2022-09,0.5186020530833776,2.178030470850764,0.39502438397463746,-0.07292234222230383,1.1042586642140675,0.9957388134340552,0.21603790638069192,0.000818306020856,44,1,4,2022-09-01,2022
2022-09,-0.10836492856159141,-0.00998008973383297,0.39502438397463746,-0.07292234222230383,1.1042586642140675,0.9957388134340552,0.21603790638069192,0.000818306020856,44,0,4,2022-09-01,2022
2022-09,-0.10861986832296212,-0.01373182124298933,0.39502438397463746,-0.07292234222230383,1.1042586642140675,0.9957388134340552,0.21603790638069192,0.000818306020856,44,0,4,2022-09-01,2022
2022-09,0.4429295584145147,1.4874687552548678,0.39502438397463746,-0.07292234222230383,1.1042586642140675,0.9957388134340552,0.21603790638069192,0.000818306020856,44,1,4,2022-09-01,2022
2022-09,-0.2589100443980167,-0.31740183714612735,0.39502438397463746,-0.07292234222230383,1.1042586642140675,0.9957388134340552,0.21603790638069192,0.000818306020856,46,1,4,2022-09-01,2022
2022-09,-0.2589387251211709,-0.31941664665764347,0.39502438397463746,-0.07292234222230383,1.1042586642140675,0.9957388134340552,0.21603790638069192,0.000818306020856,46,1,4,2022-09-01,2022
2022-09,-0.258132478125836,-0.32992197194339096,0.39502438397463746,-0.07292234222230383,1.1042586642140675,0.9957388134340552,0.21603790638069192,0.000818306020856,50,0,4,2022-09-01,2022
2022-09,-0.2536327913376429,-0.32324043732691193,0.39502438397463746,-0.07292234222230383,1.1042586642140675,0.9957388134340552,0.21603790638069192,0.000818306020856,50,1,4,2022-09-01,2022
2022-09,-0.25419365881265843,-0.32652419787567677,0.39502438397463746,-0.07292234222230383,1.1042586642140675,0.9957388134340552,0.21603790638069192,0.000818306020856,50,1,4,2022-09-01,2022
2022-09,-0.25813566487285317,-0.32992774283181425,0.39502438397463746,-0.07292234222230383,1.1042586642140675,0.9957388134340552,0.21603790638069192,0.000818306020856,50,0,4,2022-09-01,2022
2022-09,-0.25929882753410705,-0.33902984774299794,0.39502438397463746,-0.07292234222230383,1.1042586642140675,0.9957388134340552,0.21603790638069192,0.000818306020856,58,1,4,2022-09-01,2022
2022-09,-0.2592000383765759,-0.3386254912093257,0.39502438397463746,-0.07292234222230383,1.1042586642140675,0.9957388134340552,0.21603790638069192,0.000818306020856,58,0,4,2022-09-01,2022
2022-09,-0.25934662873936404,-0.3395253266048738,0.39502438397463746,-0.07292234222230383,1.1042586642140675,0.9957388134340552,0.21603790638069192,0.000818306020856,58,1,4,2022-09-01,2022
2022-09,-0.2592127853646444,-0.33869070224850883,0.39502438397463746,-0.07292234222230383,1.1042586642140675,0.9957388134340552,0.21603790638069192,0.000818306020856,58,0,4,2022-09-01,2022
2022-09,-0.1469914891562721,-0.14094481435665607,0.39502438397463746,-0.07292234222230383,1.1042586642140675,0.9957388134340552,0.21603790638069192,0.000818306020856,60,0,4,2022-09-01,2022
2022-09,-0.1542349651262176,-0.18498344496577357,0.39502438397463746,-0.07292234222230383,1.1042586642140675,0.9957388134340552,0.21603790638069192,0.000818306020856,60,0,4,2022-09-01,2022
2022-09,-0.2473485262198547,-0.26800940907451803,0.39502438397463746,-0.07292234222230383,1.1042586642140675,0.9957388134340552,0.21603790638069192,0.000818306020856,67,1,4,2022-09-01,2022
2022-09,-0.257275243178227,-0.32098193281542786,0.39502438397463746,-0.07292234222230383,1.1042586642140675,0.9957388134340552,0.21603790638069192,0.000818306020856,67,0,4,2022-09-01,2022
2022-09,-0.24982144190515065,-0.28863170770956803,0.39502438397463746,-0.07292234222230383,1.1042586642140675,0.9957388134340552,0.21603790638069192,0.000818306020856,67,1,4,2022-09-01,2022
2022-09,-0.2573039239013812,-0.32134968268020164,0.39502438397463746,-0.07292234222230383,1.1042586642140675,0.9957388134340552,0.21603790638069192,0.000818306020856,67,0,4,2022-09-01,2022
2022-09,-0.2593338817512955,-0.3402561134422091,0.39502438397463746,-0.07292234222230383,1.1042586642140675,0.9957388134340552,0.21603790638069192,0.000818306020856,70,0,4,2022-09-01,2022
2022-09,-0.25714458655052447,-0.3366469324952552,0.39502438397463746,-0.07292234222230383,1.1042586642140675,0.9957388134340552,0.21603790638069192,0.000818306020856,70,1,4,2022-09-01,2022
2022-09,-0.2574505142641693,-0.3371924834323504,0.39502438397463746,-0.07292234222230383,1.1042586642140675,0.9957388134340552,0.21603790638069192,0.000818306020856,70,1,4,2022-09-01,2022
2022-09,-0.2548628756862566,-0.3337921990281721,0.39502438397463746,-0.07292234222230383,1.1042586642140675,0.9957388134340552,0.21603790638069192,0.000818306020856,73,1,4,2022-09-01,2022
2022-09,-0.2592000383765759,-0.3402370598922648,0.39502438397463746,-0.07292234222230383,1.1042586642140675,0.9957388134340552,0.21603790638069192,0.000818306020856,73,0,4,2022-09-01,2022
2022-09,-0.2560515323236475,-0.33708707815529915,0.39502438397463746,-0.07292234222230383,1.1042586642140675,0.9957388134340552,0.21603790638069192,0.000818306020856,73,1,4,2022-09-01,2022
2022-09,-0.2577628154718485,-0.33739385858388093,0.39502438397463746,-0.07292234222230383,1.1042586642140675,0.9957388134340552,0.21603790638069192,0.000818306020856,75,0,4,2022-09-01,2022
2022-09,-0.25937530946251824,-0.34006101894091256,0.39502438397463746,-0.07292234222230383,1.1042586642140675,0.9957388134340552,0.21603790638069192,0.000818306020856,75,1,4,2022-09-01,2022
2022-09,-0.25942311066777524,-0.34012544129201117,0.39502438397463746,-0.07292234222230383,1.1042586642140675,0.9957388134340552,0.21603790638069192,0.000818306020856,75,1,4,2022-09-01,2022
2022-09,-0.2565932793165603,-0.3316172858354993,0.39502438397463746,-0.07292234222230383,1.1042586642140675,0.9957388134340552,0.21603790638069192,0.000818306020856,78,0,4,2022-09-01,2022
2022-09,-0.24796038164714443,-0.2715215044418975,0.39502438397463746,-0.07292234222230383,1.1042586642140675,0.9957388134340552,0.21603790638069192,0.000818306020856,78,1,4,2022-09-01,2022
2022-09,-0.2566761347390058,-0.3333801479766022,0.39502438397463746,-0.07292234222230383,1.1042586642140675,0.9957388134340552,0.21603790638069192,0.000818306020856,78,0,4,2022-09-01,2022
2022-09,-0.24906299611507277,-0.30453065920607536,0.39502438397463746,-0.07292234222230383,1.1042586642140675,0.9957388134340552,0.21603790638069192,0.000818306020856,78,1,4,2022-09-01,2022
2022-09,-0.2572306287199871,-0.32208177758557954,0.39502438397463746,-0.07292234222230383,1.1042586642140675,0.9957388134340552,0.21603790638069192,0.000818306020856,79,0,4,2022-09-01,2022
2022-09,-0.25127778529198086,-0.26723253207497544,0.39502438397463746,-0.07292234222230383,1.1042586642140675,0.9957388134340552,0.21603790638069192,0.000818306020856,79,1,4,2022-09-01,2022
2022-09,-0.25166019493403696,-0.27645442139353177,0.39502438397463746,-0.07292234222230383,1.1042586642140675,0.9957388134340552,0.21603790638069192,0.000818306020856,79,1,4,2022-09-01,2022
2022-09,-0.25726568293717555,-0.32226452238565023,0.39502438397463746,-0.07292234222230383,1.1042586642140675,0.9957388134340552,0.21603790638069192,0.000818306020856,79,0,4,2022-09-01,2022
2022-09,-0.1861151822856257,-0.3306529799981158,0.39502438397463746,-0.07292234222230383,1.1042586642140675,0.9957388134340552,0.21603790638069192,0.000818306020856,80,1,4,2022-09-01,2022
2022-09,-0.24484692981140455,-0.33868035312193645,0.39502438397463746,-0.07292234222230383,1.1042586642140675,0.9957388134340552,0.21603790638069192,0.000818306020856,80,0,4,2022-09-01,2022
2022-09,-0.18859765821197305,-0.33183353064286714,0.39502438397463746,-0.07292234222230383,1.1042586642140675,0.9957388134340552,0.21603790638069192,0.000818306020856,80,1,4,2022-09-01,2022
2022-09,-0.2448533033054388,-0.33868237293288456,0.39502438397463746,-0.07292234222230383,1.1042586642140675,0.9957388134340552,0.21603790638069192,0.000818306020856,80,0,4,2022-09-01,2022
2022-09,-0.2362841405763656,-0.290622346816738,0.39502438397463746,-0.07292234222230383,1.1042586642140675,0.9957388134340552,0.21603790638069192,0.000818306020856,81,1,4,2022-09-01,2022
2022-09,-0.1560928386372067,-0.2951889950982937,0.39502438397463746,-0.07292234222230383,1.1042586642140675,0.9957388134340552,0.21603790638069192,0.000818306020856,81,0,4,2022-09-01,2022
2022-09,-0.24197885749598397,-0.3123453558552032,0.39502438397463746,-0.07292234222230383,1.1042586642140675,0.9957388134340552,0.21603790638069192,0.000818306020856,81,1,4,2022-09-01,2022
2022-09,-0.18363907985331263,-0.30620215856529026,0.39502438397463746,-0.07292234222230383,1.1042586642140675,0.9957388134340552,0.21603790638069192,0.000818306020856,81,0,4,2022-09-01,2022
2022-09,-0.25939442994462103,-0.34023253936299996,0.39502438397463746,-0.07292234222230383,1.1042586642140675,0.9957388134340552,0.21603790638069192,0.000818306020856,83,1,4,2022-09-01,2022
2022-09,-0.25941992392075813,-0.34023253936299996,0.39502438397463746,-0.07292234222230383,1.1042586642140675,0.9957388134340552,0.21603790638069192,0.000818306020856,83,1,4,2022-09-01,2022
2022-09,-0.24358179124560236,-0.3038761635136959,0.39502438397463746,-0.07292234222230383,1.1042586642140675,0.9957388134340552,0.21603790638069192,0.000818306020856,87,1,4,2022-09-01,2022
2022-09,-0.2591904781355245,-0.3396722341878359,0.39502438397463746,-0.07292234222230383,1.1042586642140675,0.9957388134340552,0.21603790638069192,0.000818306020856,87,0,4,2022-09-01,2022
2022-09,-0.24642436958488584,-0.3087475531765906,0.39502438397463746,-0.07292234222230383,1.1042586642140675,0.9957388134340552,0.21603790638069192,0.000818306020856,87,1,4,2022-09-01,2022
2022-09,-0.25919366488254164,-0.33967454254320517,0.39502438397463746,-0.07292234222230383,1.1042586642140675,0.9957388134340552,0.21603790638069192,0.000818306020856,87,0,4,2022-09-01,2022
2022-09,5.514328321722546,6.537054200002814,0.39502438397463746,-0.07292234222230383,1.1042586642140675,0.9957388134340552,0.21603790638069192,0.000818306020856,88,1,4,2022-09-01,2022
2022-09,4.246850683609789,2.5364314290518286,0.39502438397463746,-0.07292234222230383,1.1042586642140675,0.9957388134340552,0.21603790638069192,0.000818306020856,88,0,4,2022-09-01,2022
2022-09,4.215582321877671,2.4923730331498613,0.39502438397463746,-0.07292234222230383,1.1042586642140675,0.9957388134340552,0.21603790638069192,0.000818306020856,88,0,4,2022-09-01,2022
2022-09,5.298652470349937,5.16881780707609,0.39502438397463746,-0.07292234222230383,1.1042586642140675,0.9957388134340552,0.21603790638069192,0.000818306020856,88,1,4,2022-09-01,2022
2022-09,-0.2521190865045042,-0.14424109773329943,0.39502438397463746,-0.07292234222230383,1.1042586642140675,0.9957388134340552,0.21603790638069192,0.000818306020856,89,1,4,2022-09-01,2022
2022-09,0.22703700824474046,0.7201371033269626,0.39502438397463746,-0.07292234222230383,1.1042586642140675,0.9957388134340552,0.21603790638069192,0.000818306020856,89,0,4,2022-09-01,2022
2022-09,-0.2527405021728453,-0.2522304439664782,0.39502438397463746,-0.07292234222230383,1.1042586642140675,0.9957388134340552,0.21603790638069192,0.000818306020856,89,1,4,2022-09-01,2022
2022-09,0.2014091887329492,0.5869152880603191,0.39502438397463746,-0.07292234222230383,1.1042586642140675,0.9957388134340552,0.21603790638069192,0.000818306020856,89,0,4,2022-09-01,2022
2022-09,-0.2591171829541304,-0.3397665401228197,0.39502438397463746,-0.07292234222230383,1.1042586642140675,0.9957388134340552,0.21603790638069192,0.000818306020856,90,1,4,2022-09-01,2022
2022-09,-0.03189574713844497,2.9087225982888762,0.39502438397463746,-0.07292234222230383,1.1042586642140675,0.9957388134340552,0.21603790638069192,0.000818306020856,90,0,4,2022-09-01,2022
2022-09,-0.05117237984508828,1.2341960137518961,0.39502438397463746,-0.07292234222230383,1.1042586642140675,0.9957388134340552,0.21603790638069192,0.000818306020856,90,0,4,2022-09-01,2022
2022-09,-0.25717645402069583,-0.2473126852151024,0.39502438397463746,-0.07292234222230383,1.1042586642140675,0.9957388134340552,0.21603790638069192,0.000818306020856,91,0,4,2022-09-01,2022
2022-09,-0.2574919419753921,-0.2691626441807325,0.39502438397463746,-0.07292234222230383,1.1042586642140675,0.9957388134340552,0.21603790638069192,0.000818306020856,91,0,4,2022-09-01,2022
2022-09,-0.25839379138124097,-0.32883696797463446,0.39502438397463746,-0.07292234222230383,1.1042586642140675,0.9957388134340552,0.21603790638069192,0.000818306020856,94,1,4,2022-09-01,2022
2022-09,-0.2593625624744497,-0.3396494872693007,0.39502438397463746,-0.07292234222230383,1.1042586642140675,0.9957388134340552,0.21603790638069192,0.000818306020856,94,0,4,2022-09-01,2022
2022-09,-0.25841928535737807,-0.3292842695363232,0.39502438397463746,-0.07292234222230383,1.1042586642140675,0.9957388134340552,0.21603790638069192,0.000818306020856,94,1,4,2022-09-01,2022
2022-09,-0.2593657492214668,-0.33967831285697503,0.39502438397463746,-0.07292234222230383,1.1042586642140675,0.9957388134340552,0.21603790638069192,0.000818306020856,94,0,4,2022-09-01,2022
2022-09,-0.11414250090365528,0.47735135492084707,0.39502438397463746,-0.07292234222230383,1.1042586642140675,0.9957388134340552,0.21603790638069192,0.000818306020856,98,1,4,2022-09-01,2022
2022-09,-0.23319936946377992,-0.3145477769493603,0.39502438397463746,-0.07292234222230383,1.1042586642140675,0.9957388134340552,0.21603790638069192,0.000818306020856,98,0,4,2022-09-01,2022
2022-09,-0.12004116963237023,0.10857552236684315,0.39502438397463746,-0.07292234222230383,1.1042586642140675,0.9957388134340552,0.21603790638069192,0.000818306020856,98,1,4,2022-09-01,2022
2022-09,-0.23322167669289987,-0.3146948865134172,0.39502438397463746,-0.07292234222230383,1.1042586642140675,0.9957388134340552,0.21603790638069192,0.000818306020856,98,0,4,2022-09-01,2022
2022-09,1.2952983433283856,0.8527091454115863,0.39502438397463746,-0.07292234222230383,1.1042586642140675,0.9957388134340552,0.21603790638069192,0.000818306020856,101,1,4,2022-09-01,2022
2022-09,0.16011532088492736,-0.0023160902177318367,0.39502438397463746,-0.07292234222230383,1.1042586642140675,0.9957388134340552,0.21603790638069192,0.000818306020856,101,0,4,2022-09-01,2022
2022-09,0.15879919436685103,-0.0035557828506744844,0.39502438397463746,-0.07292234222230383,1.1042586642140675,0.9957388134340552,0.21603790638069192,0.000818306020856,101,0,4,2022-09-01,2022
2022-09,1.2672007948783155,0.7289000819799519,0.39502438397463746,-0.07292234222230383,1.1042586642140675,0.9957388134340552,0.21603790638069192,0.000818306020856,101,1,4,2022-09-01,2022
2022-10,-0.25515605641183287,-0.3354121932082092,1.1555165156802216,0.4623001318244169,1.0136460874636792,0.9677058252159728,0.25175502503807295,0.0008455311768255,0,0,4,2022-10-01,2022
2022-10,-0.17099406768932507,-0.16224372080489408,1.1555165156802216,0.4623001318244169,1.0136460874636792,0.9677058252159728,0.25175502503807295,0.0008455311768255,0,1,4,2022-10-01,2022
2022-10,-0.17748547136322695,-0.2582450370078782,1.1555165156802216,0.4623001318244169,1.0136460874636792,0.9677058252159728,0.25175502503807295,0.0008455311768255,0,1,4,2022-10-01,2022
2022-10,-0.2593657492214668,-0.31595285362636694,1.1555165156802216,0.4623001318244169,1.0136460874636792,0.9677058252159728,0.25175502503807295,0.0008455311768255,1,1,4,2022-10-01,2022
2022-10,-0.10922853700323472,2.3851155413683762,1.1555165156802216,0.4623001318244169,1.0136460874636792,0.9677058252159728,0.25175502503807295,0.0008455311768255,5,1,4,2022-10-01,2022
2022-10,-0.23760982733549332,-0.2304352026412482,1.1555165156802216,0.4623001318244169,1.0136460874636792,0.9677058252159728,0.25175502503807295,0.0008455311768255,5,0,4,2022-10-01,2022
2022-10,-0.15321520608073472,0.5674584203423514,1.1555165156802216,0.4623001318244169,1.0136460874636792,0.9677058252159728,0.25175502503807295,0.0008455311768255,5,1,4,2022-10-01,2022
2022-10,-0.23761620082952759,-0.23051410992228924,1.1555165156802216,0.4623001318244169,1.0136460874636792,0.9677058252159728,0.25175502503807295,0.0008455311768255,5,0,4,2022-10-01,2022
2022-10,-0.25765127932624876,-0.28397864999202094,1.1555165156802216,0.4623001318244169,1.0136460874636792,0.9677058252159728,0.25175502503807295,0.0008455311768255,6,1,4,2022-10-01,2022
2022-10,-0.2590247672906335,-0.33139055724749583,1.1555165156802216,0.4623001318244169,1.0136460874636792,0.9677058252159728,0.25175502503807295,0.0008455311768255,6,0,4,2022-10-01,2022
2022-10,-0.25906619500185624,-0.3329201312240874,1.1555165156802216,0.4623001318244169,1.0136460874636792,0.9677058252159728,0.25175502503807295,0.0008455311768255,6,0,4,2022-10-01,2022
2022-10,-0.2591713576534217,-0.33665655064262734,1.1555165156802216,0.4623001318244169,1.0136460874636792,0.9677058252159728,0.25175502503807295,0.0008455311768255,6,1,4,2022-10-01,2022
2022-10,-0.0950283922948858,-0.06009256117216289,1.1555165156802216,0.4623001318244169,1.0136460874636792,0.9677058252159728,0.25175502503807295,0.0008455311768255,8,1,4,2022-10-01,2022
2022-10,-0.24155183339568803,-0.31018989055651686,1.1555165156802216,0.4623001318244169,1.0136460874636792,0.9677058252159728,0.25175502503807295,0.0008455311768255,8,0,4,2022-10-01,2022
2022-10,-0.11491050693478456,-0.13794500075461158,1.1555165156802216,0.4623001318244169,1.0136460874636792,0.9677058252159728,0.25175502503807295,0.0008455311768255,8,1,4,2022-10-01,2022
2022-10,-0.24156458038375656,-0.31021872576233855,1.1555165156802216,0.4623001318244169,1.0136460874636792,0.9677058252159728,0.25175502503807295,0.0008455311768255,8,0,4,2022-10-01,2022
2022-10,-0.2586296106605089,-0.334847155904538,1.1555165156802216,0.4623001318244169,1.0136460874636792,0.9677058252159728,0.25175502503807295,0.0008455311768255,9,1,4,2022-10-01,2022
2022-10,-0.2591872913885073,-0.33877504378281514,1.1555165156802216,0.4623001318244169,1.0136460874636792,0.9677058252159728,0.25175502503807295,0.0008455311768255,9,0,4,2022-10-01,2022
2022-10,-0.2588654299397768,-0.3379093816648803,1.1555165156802216,0.4623001318244169,1.0136460874636792,0.9677058252159728,0.25175502503807295,0.0008455311768255,9,1,4,2022-10-01,2022
2022-10,-0.2591904781355245,-0.33885679803547836,1.1555165156802216,0.4623001318244169,1.0136460874636792,0.9677058252159728,0.25175502503807295,0.0008455311768255,9,0,4,2022-10-01,2022
2022-10,-0.2594103636797067,-0.34028221709417705,1.1555165156802216,0.4623001318244169,1.0136460874636792,0.9677058252159728,0.25175502503807295,0.0008455311768255,18,0,4,2022-10-01,2022
2022-10,-0.25792852631673946,-0.3396296065586825,1.1555165156802216,0.4623001318244169,1.0136460874636792,0.9677058252159728,0.25175502503807295,0.0008455311768255,18,1,4,2022-10-01,2022
2022-10,-0.2579986347511164,-0.3397971546859052,1.1555165156802216,0.4623001318244169,1.0136460874636792,0.9677058252159728,0.25175502503807295,0.0008455311768255,18,1,4,2022-10-01,2022
2022-10,-0.25941992392075813,-0.3398917203108681,1.1555165156802216,0.4623001318244169,1.0136460874636792,0.9677058252159728,0.25175502503807295,0.0008455311768255,22,1,4,2022-10-01,2022
2022-10,-0.25919366488254164,-0.3350798573620596,1.1555165156802216,0.4623001318244169,1.0136460874636792,0.9677058252159728,0.25175502503807295,0.0008455311768255,27,1,4,2022-10-01,2022
2022-10,-0.25808149017356186,-0.28774849247267903,1.1555165156802216,0.4623001318244169,1.0136460874636792,0.9677058252159728,0.25175502503807295,0.0008455311768255,36,1,4,2022-10-01,2022
2022-10,-0.25941992392075813,-0.3402964519522878,1.1555165156802216,0.4623001318244169,1.0136460874636792,0.9677058252159728,0.25175502503807295,0.0008455311768255,36,0,4,2022-10-01,2022
2022-10,-0.25898652632642793,-0.33905626879382916,1.1555165156802216,0.4623001318244169,1.0136460874636792,0.9677058252159728,0.25175502503807295,0.0008455311768255,36,1,4,2022-10-01,2022
2022-10,-0.2568577793189824,-0.3390228072591215,1.1555165156802216,0.4623001318244169,1.0136460874636792,0.9677058252159728,0.25175502503807295,0.0008455311768255,41,0,4,2022-10-01,2022
2022-10,-0.25404069495583603,-0.3372971096394646,1.1555165156802216,0.4623001318244169,1.0136460874636792,0.9677058252159728,0.25175502503807295,0.0008455311768255,41,1,4,2022-10-01,2022
2022-10,-0.25686096606599956,-0.33902348052943754,1.1555165156802216,0.4623001318244169,1.0136460874636792,0.9677058252159728,0.25175502503807295,0.0008455311768255,41,0,4,2022-10-01,2022
2022-10,-0.2541076166431958,-0.33759108831389406,1.1555165156802216,0.4623001318244169,1.0136460874636792,0.9677058252159728,0.25175502503807295,0.0008455311768255,41,1,4,2022-10-01,2022
2022-10,0.48132029972992746,2.0781534163645543,1.1555165156802216,0.4623001318244169,1.0136460874636792,0.9677058252159728,0.25175502503807295,0.0008455311768255,44,1,4,2022-10-01,2022
2022-10,-0.10715077794806338,-0.0443106432928798,1.1555165156802216,0.4623001318244169,1.0136460874636792,0.9677058252159728,0.25175502503807295,0.0008455311768255,44,0,4,2022-10-01,2022
2022-10,-0.10734516951610855,-0.045704360937839916,1.1555165156802216,0.4623001318244169,1.0136460874636792,0.9677058252159728,0.25175502503807295,0.0008455311768255,44,0,4,2022-10-01,2022
2022-10,0.40726667254576854,1.4405697260898649,1.1555165156802216,0.4623001318244169,1.0136460874636792,0.9677058252159728,0.25175502503807295,0.0008455311768255,44,1,4,2022-10-01,2022
2022-10,-0.2589004841569653,-0.31267224782994013,1.1555165156802216,0.4623001318244169,1.0136460874636792,0.9677058252159728,0.25175502503807295,0.0008455311768255,46,1,4,2022-10-01,2022
2022-10,-0.25894191186818805,-0.3155670697352703,1.1555165156802216,0.4623001318244169,1.0136460874636792,0.9677058252159728,0.25175502503807295,0.0008455311768255,46,1,4,2022-10-01,2022
2022-10,-0.25329499615382667,-0.32093971876661154,1.1555165156802216,0.4623001318244169,1.0136460874636792,0.9677058252159728,0.25175502503807295,0.0008455311768255,50,1,4,2022-10-01,2022
2022-10,-0.2577341347486943,-0.3318876134855407,1.1555165156802216,0.4623001318244169,1.0136460874636792,0.9677058252159728,0.25175502503807295,0.0008455311768255,50,0,4,2022-10-01,2022
2022-10,-0.2577468817367628,-0.3326019917634591,1.1555165156802216,0.4623001318244169,1.0136460874636792,0.9677058252159728,0.25175502503807295,0.0008455311768255,50,0,4,2022-10-01,2022
2022-10,-0.25375388772429397,-0.32527465625982505,1.1555165156802216,0.4623001318244169,1.0136460874636792,0.9677058252159728,0.25175502503807295,0.0008455311768255,50,1,4,2022-10-01,2022
2022-10,-0.2592892672930556,-0.33909408734929647,1.1555165156802216,0.4623001318244169,1.0136460874636792,0.9677058252159728,0.25175502503807295,0.0008455311768255,58,1,4,2022-10-01,2022
2022-10,-0.25919685162955874,-0.33854412168255743,1.1555165156802216,0.4623001318244169,1.0136460874636792,0.9677058252159728,0.25175502503807295,0.0008455311768255,58,0,4,2022-10-01,2022
2022-10,-0.25931157452217557,-0.3396001942640185,1.1555165156802216,0.4623001318244169,1.0136460874636792,0.9677058252159728,0.25175502503807295,0.0008455311768255,58,1,4,2022-10-01,2022
2022-10,-0.14464285660464438,-0.13487368584500262,1.1555165156802216,0.4623001318244169,1.0136460874636792,0.9677058252159728,0.25175502503807295,0.0008455311768255,60,0,4,2022-10-01,2022
2022-10,-0.150200543402526,-0.1772279095411318,1.1555165156802216,0.4623001318244169,1.0136460874636792,0.9677058252159728,0.25175502503807295,0.0008455311768255,60,0,4,2022-10-01,2022
2022-10,-0.24943903226309458,-0.28296828284687225,1.1555165156802216,0.4623001318244169,1.0136460874636792,0.9677058252159728,0.25175502503807295,0.0008455311768255,67,1,4,2022-10-01,2022
2022-10,-0.2576066648680089,-0.32543847254586733,1.1555165156802216,0.4623001318244169,1.0136460874636792,0.9677058252159728,0.25175502503807295,0.0008455311768255,67,0,4,2022-10-01,2022
2022-10,-0.2514403093898547,-0.30021080296794134,1.1555165156802216,0.4623001318244169,1.0136460874636792,0.9677058252159728,0.25175502503807295,0.0008455311768255,67,1,4,2022-10-01,2022
2022-10,-0.2576130383620432,-0.3254634797290349,1.1555165156802216,0.4623001318244169,1.0136460874636792,0.9677058252159728,0.25175502503807295,0.0008455311768255,67,0,4,2022-10-01,2022
2022-10,-0.25929882753410705,-0.3402505733893227,1.1555165156802216,0.4623001318244169,1.0136460874636792,0.9677058252159728,0.25175502503807295,0.0008455311768255,70,0,4,2022-10-01,2022
2022-10,-0.25705854438106185,-0.33793567767979577,1.1555165156802216,0.4623001318244169,1.0136460874636792,0.9677058252159728,0.25175502503807295,0.0008455311768255,70,1,4,2022-10-01,2022
2022-10,-0.2573517251066382,-0.3383420924970056,1.1555165156802216,0.4623001318244169,1.0136460874636792,0.9677058252159728,0.25175502503807295,0.0008455311768255,70,1,4,2022-10-01,2022
2022-10,-0.2592127853646444,-0.3402716371320677,1.1555165156802216,0.4623001318244169,1.0136460874636792,0.9677058252159728,0.25175502503807295,0.0008455311768255,73,0,4,2022-10-01,2022
2022-10,-0.2548788094213422,-0.3343177057461438,1.1555165156802216,0.4623001318244169,1.0136460874636792,0.9677058252159728,0.25175502503807295,0.0008455311768255,73,1,4,2022-10-01,2022
2022-10,-0.2562268034095899,-0.3377224048799659,1.1555165156802216,0.4623001318244169,1.0136460874636792,0.9677058252159728,0.25175502503807295,0.0008455311768255,73,1,4,2022-10-01,2022
2022-10,-0.25937212271550114,-0.3399568351685775,1.1555165156802216,0.4623001318244169,1.0136460874636792,0.9677058252159728,0.25175502503807295,0.0008455311768255,75,1,4,2022-10-01,2022
2022-10,-0.25777874920693417,-0.33641751082598753,1.1555165156802216,0.4623001318244169,1.0136460874636792,0.9677058252159728,0.25175502503807295,0.0008455311768255,75,0,4,2022-10-01,2022
2022-10,-0.25942311066777524,-0.34015237210465316,1.1555165156802216,0.4623001318244169,1.0136460874636792,0.9677058252159728,0.25175502503807295,0.0008455311768255,75,1,4,2022-10-01,2022
2022-10,-0.2563861407604466,-0.3283898395395983,1.1555165156802216,0.4623001318244169,1.0136460874636792,0.9677058252159728,0.25175502503807295,0.0008455311768255,78,0,4,2022-10-01,2022
2022-10,-0.24797312863521295,-0.27487079342870874,1.1555165156802216,0.4623001318244169,1.0136460874636792,0.9677058252159728,0.25175502503807295,0.0008455311768255,78,1,4,2022-10-01,2022
2022-10,-0.2564817431709606,-0.3317035606174274,1.1555165156802216,0.4623001318244169,1.0136460874636792,0.9677058252159728,0.25175502503807295,0.0008455311768255,78,0,4,2022-10-01,2022
2022-10,-0.24918409250172385,-0.30098645846276767,1.1555165156802216,0.4623001318244169,1.0136460874636792,0.9677058252159728,0.25175502503807295,0.0008455311768255,78,1,4,2022-10-01,2022
2022-10,-0.25119174312251824,-0.2614157650887256,1.1555165156802216,0.4623001318244169,1.0136460874636792,0.9677058252159728,0.25175502503807295,0.0008455311768255,79,1,4,2022-10-01,2022
2022-10,-0.256918327512308,-0.32399472129827733,1.1555165156802216,0.4623001318244169,1.0136460874636792,0.9677058252159728,0.25175502503807295,0.0008455311768255,79,0,4,2022-10-01,2022
2022-10,-0.25693426124739366,-0.3240498717553092,1.1555165156802216,0.4623001318244169,1.0136460874636792,0.9677058252159728,0.25175502503807295,0.0008455311768255,79,0,4,2022-10-01,2022
2022-10,-0.25167931541613975,-0.2718070191466395,1.1555165156802216,0.4623001318244169,1.0136460874636792,0.9677058252159728,0.25175502503807295,0.0008455311768255,79,1,4,2022-10-01,2022
2022-10,-0.24171117074654472,-0.3384901638757997,1.1555165156802216,0.4623001318244169,1.0136460874636792,0.9677058252159728,0.25175502503807295,0.0008455311768255,80,0,4,2022-10-01,2022
2022-10,-0.1825683328555556,-0.3303816232063056,1.1555165156802216,0.4623001318244169,1.0136460874636792,0.9677058252159728,0.25175502503807295,0.0008455311768255,80,1,4,2022-10-01,2022
2022-10,-0.241717544240579,-0.3384923760496953,1.1555165156802216,0.4623001318244169,1.0136460874636792,0.9677058252159728,0.25175502503807295,0.0008455311768255,80,0,4,2022-10-01,2022
2022-10,-0.18502850155278303,-0.33192418168184956,1.1555165156802216,0.4623001318244169,1.0136460874636792,0.9677058252159728,0.25175502503807295,0.0008455311768255,80,1,4,2022-10-01,2022
2022-10,-0.2380750923999949,-0.29325571862205124,1.1555165156802216,0.4623001318244169,1.0136460874636792,0.9677058252159728,0.25175502503807295,0.0008455311768255,81,1,4,2022-10-01,2022
2022-10,-0.1714370255247067,-0.30248673556246375,1.1555165156802216,0.4623001318244169,1.0136460874636792,0.9677058252159728,0.25175502503807295,0.0008455311768255,81,0,4,2022-10-01,2022
2022-10,-0.20189276676745593,-0.3144096795893911,1.1555165156802216,0.4623001318244169,1.0136460874636792,0.9677058252159728,0.25175502503807295,0.0008455311768255,81,0,4,2022-10-01,2022
2022-10,-0.24373794184944192,-0.31439050100353105,1.1555165156802216,0.4623001318244169,1.0136460874636792,0.9677058252159728,0.25175502503807295,0.0008455311768255,81,1,4,2022-10-01,2022
2022-10,-0.25914905042430175,-0.3396308761541357,1.1555165156802216,0.4623001318244169,1.0136460874636792,0.9677058252159728,0.25175502503807295,0.0008455311768255,87,0,4,2022-10-01,2022
2022-10,-0.24557032138429394,-0.3110357585271598,1.1555165156802216,0.4623001318244169,1.0136460874636792,0.9677058252159728,0.25175502503807295,0.0008455311768255,87,1,4,2022-10-01,2022
2022-10,-0.24825993586675502,-0.3153082165350439,1.1555165156802216,0.4623001318244169,1.0136460874636792,0.9677058252159728,0.25175502503807295,0.0008455311768255,87,1,4,2022-10-01,2022
2022-10,4.193138062635996,2.606865834000924,1.1555165156802216,0.4623001318244169,1.0136460874636792,0.9677058252159728,0.25175502503807295,0.0008455311768255,88,0,4,2022-10-01,2022
2022-10,5.348101223814805,6.461382300229251,1.1555165156802216,0.4623001318244169,1.0136460874636792,0.9677058252159728,0.25175502503807295,0.0008455311768255,88,1,4,2022-10-01,2022
2022-10,4.158944267142148,2.5513903701512146,1.1555165156802216,0.4623001318244169,1.0136460874636792,0.9677058252159728,0.25175502503807295,0.0008455311768255,88,0,4,2022-10-01,2022
2022-10,5.136940992965474,5.148320486647995,1.1555165156802216,0.4623001318244169,1.0136460874636792,0.9677058252159728,0.25175502503807295,0.0008455311768255,88,1,4,2022-10-01,2022
2022-10,-0.2514307491488033,-0.20982828342384624,1.1555165156802216,0.4623001318244169,1.0136460874636792,0.9677058252159728,0.25175502503807295,0.0008455311768255,89,1,4,2022-10-01,2022
2022-10,0.24927094218328408,0.7639211223388447,1.1555165156802216,0.4623001318244169,1.0136460874636792,0.9677058252159728,0.25175502503807295,0.0008455311768255,89,0,4,2022-10-01,2022
2022-10,0.22308544194349436,0.6282790349400651,1.1555165156802216,0.4623001318244169,1.0136460874636792,0.9677058252159728,0.25175502503807295,0.0008455311768255,89,0,4,2022-10-01,2022
2022-10,-0.2519246949364591,-0.22723868830729604,1.1555165156802216,0.4623001318244169,1.0136460874636792,0.9677058252159728,0.25175502503807295,0.0008455311768255,89,1,4,2022-10-01,2022
2022-10,-0.259155423918336,-0.34003131810182735,1.1555165156802216,0.4623001318244169,1.0136460874636792,0.9677058252159728,0.25175502503807295,0.0008455311768255,90,1,4,2022-10-01,2022
2022-10,-0.033253301367744036,2.8196067887536924,1.1555165156802216,0.4623001318244169,1.0136460874636792,0.9677058252159728,0.25175502503807295,0.0008455311768255,90,0,4,2022-10-01,2022
2022-10,-0.05531515096736243,1.228119104733672,1.1555165156802216,0.4623001318244169,1.0136460874636792,0.9677058252159728,0.25175502503807295,0.0008455311768255,90,0,4,2022-10-01,2022
2022-10,-0.2573517251066382,-0.23463724619222084,1.1555165156802216,0.4623001318244169,1.0136460874636792,0.9677058252159728,0.25175502503807295,0.0008455311768255,91,0,4,2022-10-01,2022
2022-10,-0.25767996004940297,-0.2659091519417478,1.1555165156802216,0.4623001318244169,1.0136460874636792,0.9677058252159728,0.25175502503807295,0.0008455311768255,91,0,4,2022-10-01,2022
2022-10,-0.25828862872967556,-0.3197330452335974,1.1555165156802216,0.4623001318244169,1.0136460874636792,0.9677058252159728,0.25175502503807295,0.0008455311768255,94,1,4,2022-10-01,2022
2022-10,-0.25938486970356966,-0.3390716963022141,1.1555165156802216,0.4623001318244169,1.0136460874636792,0.9677058252159728,0.25175502503807295,0.0008455311768255,94,0,4,2022-10-01,2022
2022-10,-0.2583364299349326,-0.3217424012555536,1.1555165156802216,0.4623001318244169,1.0136460874636792,0.9677058252159728,0.25175502503807295,0.0008455311768255,94,1,4,2022-10-01,2022
2022-10,-0.12406603111501043,0.49178040342705953,1.1555165156802216,0.4623001318244169,1.0136460874636792,0.9677058252159728,0.25175502503807295,0.0008455311768255,98,1,4,2022-10-01,2022
2022-10,-0.23530262249508835,-0.3166780427019316,1.1555165156802216,0.4623001318244169,1.0136460874636792,0.9677058252159728,0.25175502503807295,0.0008455311768255,98,0,4,2022-10-01,2022
2022-10,-0.23532811647122542,-0.3167259410758449,1.1555165156802216,0.4623001318244169,1.0136460874636792,0.9677058252159728,0.25175502503807295,0.0008455311768255,98,0,4,2022-10-01,2022
2022-10,-0.1300603022542394,0.11695069731778777,1.1555165156802216,0.4623001318244169,1.0136460874636792,0.9677058252159728,0.25175502503807295,0.0008455311768255,98,1,4,2022-10-01,2022
2022-10,1.2220923908507844,0.8287242078011725,1.1555165156802216,0.4623001318244169,1.0136460874636792,0.9677058252159728,0.25175502503807295,0.0008455311768255,101,1,4,2022-10-01,2022
2022-10,0.17494325475565167,0.011329887202030379,1.1555165156802216,0.4623001318244169,1.0136460874636792,0.9677058252159728,0.25175502503807295,0.0008455311768255,101,0,4,2022-10-01,2022
2022-10,1.1930802460067969,0.6938826195718815,1.1555165156802216,0.4623001318244169,1.0136460874636792,0.9677058252159728,0.25175502503807295,0.0008455311768255,101,1,4,2022-10-01,2022
2022-10,0.17444293547396164,0.010674179623082028,1.1555165156802216,0.4623001318244169,1.0136460874636792,0.9677058252159728,0.25175502503807295,0.0008455311768255,101,0,4,2022-10-01,2022
2022-11,-0.17431465808117866,-0.15040001107601841,1.1555165156802216,0.4623001318244169,0.903081580692545,0.8214077423275009,0.2551799542243972,0.000871148310572,0,1,4,2022-11-01,2022
2022-11,-0.25499034556694194,-0.3346555239362955,1.1555165156802216,0.4623001318244169,0.903081580692545,0.8214077423275009,0.2551799542243972,0.000871148310572,0,0,4,2022-11-01,2022
2022-11,-0.1809335316357659,-0.25537836741990627,1.1555165156802216,0.4623001318244169,0.903081580692545,0.8214077423275009,0.2551799542243972,0.000871148310572,0,1,4,2022-11-01,2022
2022-11,-0.2593912431976039,-0.3258731166256144,1.1555165156802216,0.4623001318244169,0.903081580692545,0.8214077423275009,0.2551799542243972,0.000871148310572,1,1,4,2022-11-01,2022
2022-11,-0.25927970705200426,-0.33981296692018503,1.1555165156802216,0.4623001318244169,0.903081580692545,0.8214077423275009,0.2551799542243972,0.000871148310572,3,0,4,2022-11-01,2022
2022-11,-0.2592956407870899,-0.3398514395096736,1.1555165156802216,0.4623001318244169,0.903081580692545,0.8214077423275009,0.2551799542243972,0.000871148310572,3,0,4,2022-11-01,2022
2022-11,-0.12134454916237802,2.1188465860095147,1.1555165156802216,0.4623001318244169,0.903081580692545,0.8214077423275009,0.2551799542243972,0.000871148310572,5,1,4,2022-11-01,2022
2022-11,-0.23936572494193414,-0.24347238980494337,1.1555165156802216,0.4623001318244169,0.903081580692545,0.8214077423275009,0.2551799542243972,0.000871148310572,5,0,4,2022-11-01,2022
2022-11,-0.23940715265315687,-0.244737772509517,1.1555165156802216,0.4623001318244169,0.903081580692545,0.8214077423275009,0.2551799542243972,0.000871148310572,5,0,4,2022-11-01,2022
2022-11,-0.16135097121547773,0.4131374386939472,1.1555165156802216,0.4623001318244169,0.903081580692545,0.8214077423275009,0.2551799542243972,0.000871148310572,5,1,4,2022-11-01,2022
2022-11,-0.2590534480137877,-0.33200665729556567,1.1555165156802216,0.4623001318244169,0.903081580692545,0.8214077423275009,0.2551799542243972,0.000871148310572,6,0,4,2022-11-01,2022
2022-11,-0.257657652820283,-0.3016914686651456,1.1555165156802216,0.4623001318244169,0.903081580692545,0.8214077423275009,0.2551799542243972,0.000871148310572,6,1,4,2022-11-01,2022
2022-11,-0.2591426769302675,-0.3349686331058482,1.1555165156802216,0.4623001318244169,0.903081580692545,0.8214077423275009,0.2551799542243972,0.000871148310572,6,1,4,2022-11-01,2022
2022-11,-0.2590885022309762,-0.3324742146756202,1.1555165156802216,0.4623001318244169,0.903081580692545,0.8214077423275009,0.2551799542243972,0.000871148310572,6,0,4,2022-11-01,2022
2022-11,-0.2421668755699949,-0.31190646055431764,1.1555165156802216,0.4623001318244169,0.903081580692545,0.8214077423275009,0.2551799542243972,0.000871148310572,8,0,4,2022-11-01,2022
2022-11,-0.09868677787055559,-0.054195771199776865,1.1555165156802216,0.4623001318244169,0.903081580692545,0.8214077423275009,0.2551799542243972,0.000871148310572,8,1,4,2022-11-01,2022
2022-11,-0.2421796225580634,-0.311953147041662,1.1555165156802216,0.4623001318244169,0.903081580692545,0.8214077423275009,0.2551799542243972,0.000871148310572,8,0,4,2022-11-01,2022
2022-11,-0.11847647684695746,-0.1335394468233918,1.1555165156802216,0.4623001318244169,0.903081580692545,0.8214077423275009,0.2551799542243972,0.000871148310572,8,1,4,2022-11-01,2022
2022-11,-0.2591426769302675,-0.3392762550605248,1.1555165156802216,0.4623001318244169,0.903081580692545,0.8214077423275009,0.2551799542243972,0.000871148310572,9,0,4,2022-11-01,2022
2022-11,-0.25848302029772074,-0.3348686043731779,1.1555165156802216,0.4623001318244169,0.903081580692545,0.8214077423275009,0.2551799542243972,0.000871148310572,9,1,4,2022-11-01,2022
2022-11,-0.2591458636772846,-0.339290682281583,1.1555165156802216,0.4623001318244169,0.903081580692545,0.8214077423275009,0.2551799542243972,0.000871148310572,9,0,4,2022-11-01,2022
2022-11,-0.2587252130710229,-0.3378750352606144,1.1555165156802216,0.4623001318244169,0.903081580692545,0.8214077423275009,0.2551799542243972,0.000871148310572,9,1,4,2022-11-01,2022
2022-11,-0.2594358576558438,-0.3403017419333425,1.1555165156802216,0.4623001318244169,0.903081580692545,0.8214077423275009,0.2551799542243972,0.000871148310572,18,0,4,2022-11-01,2022
2022-11,-0.25818665282512726,-0.3395727825440079,1.1555165156802216,0.4623001318244169,0.903081580692545,0.8214077423275009,0.2551799542243972,0.000871148310572,18,1,4,2022-11-01,2022
2022-11,-0.25825676125950425,-0.33972109437648634,1.1555165156802216,0.4623001318244169,0.903081580692545,0.8214077423275009,0.2551799542243972,0.000871148310572,18,1,4,2022-11-01,2022
2022-11,-0.2594262974147924,-0.3400013671909105,1.1555165156802216,0.4623001318244169,0.903081580692545,0.8214077423275009,0.2551799542243972,0.000871148310572,22,1,4,2022-11-01,2022
2022-11,-0.2591904781355245,-0.3258432138054344,1.1555165156802216,0.4623001318244169,0.903081580692545,0.8214077423275009,0.2551799542243972,0.000871148310572,27,1,4,2022-11-01,2022
2022-11,-0.25919366488254164,-0.32584465652754024,1.1555165156802216,0.4623001318244169,0.903081580692545,0.8214077423275009,0.2551799542243972,0.000871148310572,27,1,4,2022-11-01,2022
2022-11,-0.25810698414969896,-0.2809344197854119,1.1555165156802216,0.4623001318244169,0.903081580692545,0.8214077423275009,0.2551799542243972,0.000871148310572,36,1,4,2022-11-01,2022
2022-11,-0.2591745444004388,-0.339150238093655,1.1555165156802216,0.4623001318244169,0.903081580692545,0.8214077423275009,0.2551799542243972,0.000871148310572,36,1,4,2022-11-01,2022
2022-11,-0.2553982491851351,-0.33820449528069974,1.1555165156802216,0.4623001318244169,0.903081580692545,0.8214077423275009,0.2551799542243972,0.000871148310572,41,0,4,2022-11-01,2022
2022-11,-0.25230710457851513,-0.33639339813052554,1.1555165156802216,0.4623001318244169,0.903081580692545,0.8214077423275009,0.2551799542243972,0.000871148310572,41,1,4,2022-11-01,2022
2022-11,-0.2523867732539435,-0.33665602164452185,1.1555165156802216,0.4623001318244169,0.903081580692545,0.8214077423275009,0.2551799542243972,0.000871148310572,41,1,4,2022-11-01,2022
2022-11,-0.25540462267916936,-0.3382133439762821,1.1555165156802216,0.4623001318244169,0.903081580692545,0.8214077423275009,0.2551799542243972,0.000871148310572,41,0,4,2022-11-01,2022
2022-11,0.5003101252050287,2.1643385667772996,1.1555165156802216,0.4623001318244169,0.903081580692545,0.8214077423275009,0.2551799542243972,0.000871148310572,44,1,4,2022-11-01,2022
2022-11,-0.10985951291262724,-0.07466960411199049,1.1555165156802216,0.4623001318244169,0.903081580692545,0.8214077423275009,0.2551799542243972,0.000871148310572,44,0,4,2022-11-01,2022
2022-11,0.42912457033629037,1.4876202026033893,1.1555165156802216,0.4623001318244169,0.903081580692545,0.8214077423275009,0.2551799542243972,0.000871148310572,44,1,4,2022-11-01,2022
2022-11,-0.1099678623112098,-0.07489039830306536,1.1555165156802216,0.4623001318244169,0.903081580692545,0.8214077423275009,0.2551799542243972,0.000871148310572,44,0,4,2022-11-01,2022
2022-11,-0.2591139962071133,-0.3214708617189433,1.1555165156802216,0.4623001318244169,0.903081580692545,0.8214077423275009,0.2551799542243972,0.000871148310572,46,1,4,2022-11-01,2022
2022-11,-0.2594390444028609,-0.34025047720784896,1.1555165156802216,0.4623001318244169,0.903081580692545,0.8214077423275009,0.2551799542243972,0.000871148310572,46,0,4,2022-11-01,2022
2022-11,-0.2591713576534217,-0.32566802886919827,1.1555165156802216,0.4623001318244169,0.903081580692545,0.8214077423275009,0.2551799542243972,0.000871148310572,46,1,4,2022-11-01,2022
2022-11,-0.2594390444028609,-0.3402447063194257,1.1555165156802216,0.4623001318244169,0.903081580692545,0.8214077423275009,0.2551799542243972,0.000871148310572,49,1,4,2022-11-01,2022
2022-11,-0.2594422311498781,-0.34028894979733754,1.1555165156802216,0.4623001318244169,0.903081580692545,0.8214077423275009,0.2551799542243972,0.000871148310572,49,0,4,2022-11-01,2022
2022-11,-0.2594422311498781,-0.3402591335404839,1.1555165156802216,0.4623001318244169,0.903081580692545,0.8214077423275009,0.2551799542243972,0.000871148310572,49,1,4,2022-11-01,2022
2022-11,-0.2538526768818251,-0.3224626658396637,1.1555165156802216,0.4623001318244169,0.903081580692545,0.8214077423275009,0.2551799542243972,0.000871148310572,50,1,4,2022-11-01,2022
2022-11,-0.2579062190876195,-0.33077832369466953,1.1555165156802216,0.4623001318244169,0.903081580692545,0.8214077423275009,0.2551799542243972,0.000871148310572,50,0,4,2022-11-01,2022
2022-11,-0.2579380865577908,-0.331167127684041,1.1555165156802216,0.4623001318244169,0.903081580692545,0.8214077423275009,0.2551799542243972,0.000871148310572,50,0,4,2022-11-01,2022
2022-11,-0.2543593696575494,-0.3271976894091162,1.1555165156802216,0.4623001318244169,0.903081580692545,0.8214077423275009,0.2551799542243972,0.000871148310572,50,1,4,2022-11-01,2022
2022-11,-0.25920641187061016,-0.33862193249479805,1.1555165156802216,0.4623001318244169,0.903081580692545,0.8214077423275009,0.2551799542243972,0.000871148310572,58,0,4,2022-11-01,2022
2022-11,-0.2593912431976039,-0.3399469284767842,1.1555165156802216,0.4623001318244169,0.903081580692545,0.8214077423275009,0.2551799542243972,0.000871148310572,58,1,4,2022-11-01,2022
2022-11,-0.2594103636797067,-0.3400026175500689,1.1555165156802216,0.4623001318244169,0.903081580692545,0.8214077423275009,0.2551799542243972,0.000871148310572,58,1,4,2022-11-01,2022
2022-11,-0.14521965781474563,-0.14252823072223691,1.1555165156802216,0.4623001318244169,0.903081580692545,0.8214077423275009,0.2551799542243972,0.000871148310572,60,0,4,2022-11-01,2022
2022-11,-0.15250456149591385,-0.18507647168715693,1.1555165156802216,0.4623001318244169,0.903081580692545,0.8214077423275009,0.2551799542243972,0.000871148310572,60,0,4,2022-11-01,2022
2022-11,-0.2581770925840759,-0.32810690249835206,1.1555165156802216,0.4623001318244169,0.903081580692545,0.8214077423275009,0.2551799542243972,0.000871148310572,67,0,4,2022-11-01,2022
2022-11,-0.2506595563706569,-0.29552290832061234,1.1555165156802216,0.4623001318244169,0.903081580692545,0.8214077423275009,0.2551799542243972,0.000871148310572,67,1,4,2022-11-01,2022
2022-11,-0.2581930263191616,-0.32828778137783254,1.1555165156802216,0.4623001318244169,0.903081580692545,0.8214077423275009,0.2551799542243972,0.000871148310572,67,0,4,2022-11-01,2022
2022-11,-0.2525301768697145,-0.31003284544622456,1.1555165156802216,0.4623001318244169,0.903081580692545,0.8214077423275009,0.2551799542243972,0.000871148310572,67,1,4,2022-11-01,2022
2022-11,-0.2571382130564902,-0.33825169152985485,1.1555165156802216,0.4623001318244169,0.903081580692545,0.8214077423275009,0.2551799542243972,0.000871148310572,70,1,4,2022-11-01,2022
2022-11,-0.2592956407870899,-0.34025925857639977,1.1555165156802216,0.4623001318244169,0.903081580692545,0.8214077423275009,0.2551799542243972,0.000871148310572,70,0,4,2022-11-01,2022
2022-11,-0.2574537010111865,-0.33875115230474273,1.1555165156802216,0.4623001318244169,0.903081580692545,0.8214077423275009,0.2551799542243972,0.000871148310572,70,1,4,2022-11-01,2022
2022-11,-0.2541617913424871,-0.3328808891828091,1.1555165156802216,0.4623001318244169,0.903081580692545,0.8214077423275009,0.2551799542243972,0.000871148310572,73,1,4,2022-11-01,2022
2022-11,-0.25922234560569585,-0.340239416338371,1.1555165156802216,0.4623001318244169,0.903081580692545,0.8214077423275009,0.2551799542243972,0.000871148310572,73,0,4,2022-11-01,2022
2022-11,-0.25578065882719114,-0.33750623701777704,1.1555165156802216,0.4623001318244169,0.903081580692545,0.8214077423275009,0.2551799542243972,0.000871148310572,73,1,4,2022-11-01,2022
2022-11,-0.25938486970356966,-0.33966138491760006,1.1555165156802216,0.4623001318244169,0.903081580692545,0.8214077423275009,0.2551799542243972,0.000871148310572,75,1,4,2022-11-01,2022
2022-11,-0.25800500824515066,-0.3362128174136136,1.1555165156802216,0.4623001318244169,0.903081580692545,0.8214077423275009,0.2551799542243972,0.000871148310572,75,0,4,2022-11-01,2022
2022-11,-0.2580145684862021,-0.3362734117420581,1.1555165156802216,0.4623001318244169,0.903081580692545,0.8214077423275009,0.2551799542243972,0.000871148310572,75,0,4,2022-11-01,2022
2022-11,-0.2594071769326896,-0.33973686813817666,1.1555165156802216,0.4623001318244169,0.903081580692545,0.8214077423275009,0.2551799542243972,0.000871148310572,75,1,4,2022-11-01,2022
2022-11,-0.2499935262440759,-0.29266478926565426,1.1555165156802216,0.4623001318244169,0.903081580692545,0.8214077423275009,0.2551799542243972,0.000871148310572,78,1,4,2022-11-01,2022
2022-11,-0.25693744799441076,-0.32732973695438833,1.1555165156802216,0.4623001318244169,0.903081580692545,0.8214077423275009,0.2551799542243972,0.000871148310572,78,0,4,2022-11-01,2022
2022-11,-0.25706810462211327,-0.33433486452105565,1.1555165156802216,0.4623001318244169,0.903081580692545,0.8214077423275009,0.2551799542243972,0.000871148310572,78,0,4,2022-11-01,2022
2022-11,-0.25088262866185623,-0.30986656691445497,1.1555165156802216,0.4623001318244169,0.903081580692545,0.8214077423275009,0.2551799542243972,0.000871148310572,78,1,4,2022-11-01,2022
2022-11,-0.25658053232849176,-0.32450802258723377,1.1555165156802216,0.4623001318244169,0.903081580692545,0.8214077423275009,0.2551799542243972,0.000871148310572,79,0,4,2022-11-01,2022
2022-11,-0.2521063395164357,-0.270897065460056,1.1555165156802216,0.4623001318244169,0.903081580692545,0.8214077423275009,0.2551799542243972,0.000871148310572,79,1,4,2022-11-01,2022
2022-11,-0.25664108052181733,-0.3250987307262412,1.1555165156802216,0.4623001318244169,0.903081580692545,0.8214077423275009,0.2551799542243972,0.000871148310572,79,0,4,2022-11-01,2022
2022-11,-0.2525620443398858,-0.27873443208253995,1.1555165156802216,0.4623001318244169,0.903081580692545,0.8214077423275009,0.2551799542243972,0.000871148310572,79,1,4,2022-11-01,2022
2022-11,-0.1879634955555634,-0.3302491332262543,1.1555165156802216,0.4623001318244169,0.903081580692545,0.8214077423275009,0.2551799542243972,0.000871148310572,80,1,4,2022-11-01,2022
2022-11,-0.24402156233396685,-0.338664136925467,1.1555165156802216,0.4623001318244169,0.903081580692545,0.8214077423275009,0.2551799542243972,0.000871148310572,80,0,4,2022-11-01,2022
2022-11,-0.1903280618422768,-0.332033338036376,1.1555165156802216,0.4623001318244169,0.903081580692545,0.8214077423275009,0.2551799542243972,0.000871148310572,80,1,4,2022-11-01,2022
2022-11,-0.24403430932203538,-0.33866702236967866,1.1555165156802216,0.4623001318244169,0.903081580692545,0.8214077423275009,0.2551799542243972,0.000871148310572,80,0,4,2022-11-01,2022
2022-11,-0.23327903813920828,-0.2831629926222739,1.1555165156802216,0.4623001318244169,0.903081580692545,0.8214077423275009,0.2551799542243972,0.000871148310572,81,1,4,2022-11-01,2022
2022-11,-0.052329169012307906,-0.257688579091663,1.1555165156802216,0.4623001318244169,0.903081580692545,0.8214077423275009,0.2551799542243972,0.000871148310572,81,0,4,2022-11-01,2022
2022-11,-0.2403185623000572,-0.305649163182129,1.1555165156802216,0.4623001318244169,0.903081580692545,0.8214077423275009,0.2551799542243972,0.000871148310572,81,1,4,2022-11-01,2022
2022-11,-0.10445478997156805,-0.27707684056442516,1.1555165156802216,0.4623001318244169,0.903081580692545,0.8214077423275009,0.2551799542243972,0.000871148310572,81,0,4,2022-11-01,2022
2022-11,-0.2593625624744497,-0.3400280575498682,1.1555165156802216,0.4623001318244169,0.903081580692545,0.8214077423275009,0.2551799542243972,0.000871148310572,83,1,4,2022-11-01,2022
2022-11,-0.2590693817488734,-0.3395107454934576,1.1555165156802216,0.4623001318244169,0.903081580692545,0.8214077423275009,0.2551799542243972,0.000871148310572,87,0,4,2022-11-01,2022
2022-11,-0.24304004425268957,-0.2996893743444555,1.1555165156802216,0.4623001318244169,0.903081580692545,0.8214077423275009,0.2551799542243972,0.000871148310572,87,1,4,2022-11-01,2022
2022-11,-0.24626821898104628,-0.3050476057728858,1.1555165156802216,0.4623001318244169,0.903081580692545,0.8214077423275009,0.2551799542243972,0.000871148310572,87,1,4,2022-11-01,2022
2022-11,5.166698836611471,6.322224116313786,1.1555165156802216,0.4623001318244169,0.903081580692545,0.8214077423275009,0.2551799542243972,0.000871148310572,88,1,4,2022-11-01,2022
2022-11,3.975661699198706,2.421640196324103,1.1555165156802216,0.4623001318244169,0.903081580692545,0.8214077423275009,0.2551799542243972,0.000871148310572,88,0,4,2022-11-01,2022
2022-11,4.956810117821978,4.968502931257434,1.1555165156802216,0.4623001318244169,0.903081580692545,0.8214077423275009,0.2551799542243972,0.000871148310572,88,1,4,2022-11-01,2022
2022-11,3.9484054519611593,2.383747590740226,1.1555165156802216,0.4623001318244169,0.903081580692545,0.8214077423275009,0.2551799542243972,0.000871148310572,88,0,4,2022-11-01,2022
2022-11,0.2501823518301844,0.7642843901469432,1.1555165156802216,0.4623001318244169,0.903081580692545,0.8214077423275009,0.2551799542243972,0.000871148310572,89,0,4,2022-11-01,2022
2022-11,-0.2522752371083438,-0.19961338771614795,1.1555165156802216,0.4623001318244169,0.903081580692545,0.8214077423275009,0.2551799542243972,0.000871148310572,89,1,4,2022-11-01,2022
2022-11,-0.2529189600058049,-0.2501714967766713,1.1555165156802216,0.4623001318244169,0.903081580692545,0.8214077423275009,0.2551799542243972,0.000871148310572,89,1,4,2022-11-01,2022
2022-11,0.223671803394647,0.6270378130216904,1.1555165156802216,0.4623001318244169,0.903081580692545,0.8214077423275009,0.2551799542243972,0.000871148310572,89,0,4,2022-11-01,2022
2022-11,-0.258345990175984,-0.3209529244829535,1.1555165156802216,0.4623001318244169,0.903081580692545,0.8214077423275009,0.2551799542243972,0.000871148310572,90,1,4,2022-11-01,2022
2022-11,-0.017526704838187957,2.3172010140856028,1.1555165156802216,0.4623001318244169,0.903081580692545,0.8214077423275009,0.2551799542243972,0.000871148310572,90,0,4,2022-11-01,2022
2022-11,-0.03825649418464435,1.0598772590136096,1.1555165156802216,0.4623001318244169,0.903081580692545,0.8214077423275009,0.2551799542243972,0.000871148310572,90,0,4,2022-11-01,2022
2022-11,-0.25913630343623323,-0.339948034563732,1.1555165156802216,0.4623001318244169,0.903081580692545,0.8214077423275009,0.2551799542243972,0.000871148310572,90,1,4,2022-11-01,2022
2022-11,-0.25667294799198864,-0.24405157540339897,1.1555165156802216,0.4623001318244169,0.903081580692545,0.8214077423275009,0.2551799542243972,0.000871148310572,91,0,4,2022-11-01,2022
2022-11,-0.2570808516101818,-0.2674241063343338,1.1555165156802216,0.4623001318244169,0.903081580692545,0.8214077423275009,0.2551799542243972,0.000871148310572,91,0,4,2022-11-01,2022
2022-11,-0.2584320323454466,-0.32254844047792847,1.1555165156802216,0.4623001318244169,0.903081580692545,0.8214077423275009,0.2551799542243972,0.000871148310572,94,1,4,2022-11-01,2022
2022-11,-0.25938486970356966,-0.3386957998666161,1.1555165156802216,0.4623001318244169,0.903081580692545,0.8214077423275009,0.2551799542243972,0.000871148310572,94,0,4,2022-11-01,2022
2022-11,-0.25848302029772074,-0.3249642978804208,1.1555165156802216,0.4623001318244169,0.903081580692545,0.8214077423275009,0.2551799542243972,0.000871148310572,94,1,4,2022-11-01,2022
2022-11,-0.13979262764456651,0.550246649438431,1.1555165156802216,0.4623001318244169,0.903081580692545,0.8214077423275009,0.2551799542243972,0.000871148310572,98,1,4,2022-11-01,2022
2022-11,-0.2371573092590603,-0.3190358257305909,1.1555165156802216,0.4623001318244169,0.903081580692545,0.8214077423275009,0.2551799542243972,0.000871148310572,98,0,4,2022-11-01,2022
2022-11,-0.2371668695001117,-0.3190470789630163,1.1555165156802216,0.4623001318244169,0.903081580692545,0.8214077423275009,0.2551799542243972,0.000871148310572,98,0,4,2022-11-01,2022
2022-11,-0.14501251925863193,0.1894499453810291,1.1555165156802216,0.4623001318244169,0.903081580692545,0.8214077423275009,0.2551799542243972,0.000871148310572,98,1,4,2022-11-01,2022
2022-11,0.16450665827453795,-0.010630555422463503,1.1555165156802216,0.4623001318244169,0.903081580692545,0.8214077423275009,0.2551799542243972,0.000871148310572,101,0,4,2022-11-01,2022
2022-11,1.1148328597480897,0.7164643271895841,1.1555165156802216,0.4623001318244169,0.903081580692545,0.8214077423275009,0.2551799542243972,0.000871148310572,101,1,4,2022-11-01,2022
2022-11,0.16393304381145385,-0.01145293587722369,1.1555165156802216,0.4623001318244169,0.903081580692545,0.8214077423275009,0.2551799542243972,0.000871148310572,101,0,4,2022-11-01,2022
2022-11,1.0870444257586815,0.5969061097886886,1.1555165156802216,0.4623001318244169,0.903081580692545,0.8214077423275009,0.2551799542243972,0.000871148310572,101,1,4,2022-11-01,2022
2022-12,-0.1722145917968874,-0.2616506113931112,1.1555165156802216,0.4623001318244169,1.0039666470388173,0.9958763987918512,0.15634628341904142,0.0008259497086421,0,1,4,2022-12-01,2022
2022-12,-0.25496166484378774,-0.3361301013462132,1.1555165156802216,0.4623001318244169,1.0039666470388173,0.9958763987918512,0.15634628341904142,0.0008259497086421,0,0,4,2022-12-01,2022
2022-12,-0.17771173040144347,-0.2927484286752024,1.1555165156802216,0.4623001318244169,1.0039666470388173,0.9958763987918512,0.15634628341904142,0.0008259497086421,0,1,4,2022-12-01,2022
2022-12,-0.25497759857887337,-0.33615366580727496,1.1555165156802216,0.4623001318244169,1.0039666470388173,0.9958763987918512,0.15634628341904142,0.0008259497086421,0,0,4,2022-12-01,2022
2022-12,-0.25859774319033757,-0.18187960148175203,1.1555165156802216,0.4623001318244169,1.0039666470388173,0.9958763987918512,0.15634628341904142,0.0008259497086421,1,1,4,2022-12-01,2022
2022-12,-0.25860411668437183,-0.18000406274418448,1.1555165156802216,0.4623001318244169,1.0039666470388173,0.9958763987918512,0.15634628341904142,0.0008259497086421,1,1,4,2022-12-01,2022
2022-12,-0.2591841046414902,-0.33958994131891984,1.1555165156802216,0.4623001318244169,1.0039666470388173,0.9958763987918512,0.15634628341904142,0.0008259497086421,3,0,4,2022-12-01,2022
2022-12,-0.2593402552453298,-0.33999915501701494,1.1555165156802216,0.4623001318244169,1.0039666470388173,0.9958763987918512,0.15634628341904142,0.0008259497086421,3,1,4,2022-12-01,2022
2022-12,-0.25934662873936404,-0.34003291471429115,1.1555165156802216,0.4623001318244169,1.0039666470388173,0.9958763987918512,0.15634628341904142,0.0008259497086421,3,1,4,2022-12-01,2022
2022-12,-0.09647517544066461,2.353551292029473,1.1555165156802216,0.4623001318244169,1.0039666470388173,0.9958763987918512,0.15634628341904142,0.0008259497086421,5,1,4,2022-12-01,2022
2022-12,-0.23473219477902135,-0.21216310793472826,1.1555165156802216,0.4623001318244169,1.0039666470388173,0.9958763987918512,0.15634628341904142,0.0008259497086421,5,0,4,2022-12-01,2022
2022-12,-0.2349042791179466,-0.21321607385458816,1.1555165156802216,0.4623001318244169,1.0039666470388173,0.9958763987918512,0.15634628341904142,0.0008259497086421,5,0,4,2022-12-01,2022
2022-12,-0.14325980839920824,0.6849748108557624,1.1555165156802216,0.4623001318244169,1.0039666470388173,0.9958763987918512,0.15634628341904142,0.0008259497086421,5,1,4,2022-12-01,2022
2022-12,-0.257300737154364,-0.29551670461555735,1.1555165156802216,0.4623001318244169,1.0039666470388173,0.9958763987918512,0.15634628341904142,0.0008259497086421,6,1,4,2022-12-01,2022
2022-12,-0.25894509861520515,-0.32834180651162187,1.1555165156802216,0.4623001318244169,1.0039666470388173,0.9958763987918512,0.15634628341904142,0.0008259497086421,6,0,4,2022-12-01,2022
2022-12,-0.25901520704958214,-0.3307840080197665,1.1555165156802216,0.4623001318244169,1.0039666470388173,0.9958763987918512,0.15634628341904142,0.0008259497086421,6,0,4,2022-12-01,2022
2022-12,-0.2591267431951818,-0.33557574018612507,1.1555165156802216,0.4623001318244169,1.0039666470388173,0.9958763987918512,0.15634628341904142,0.0008259497086421,6,1,4,2022-12-01,2022
2022-12,-0.23995527314010393,-0.30737872729702953,1.1555165156802216,0.4623001318244169,1.0039666470388173,0.9958763987918512,0.15634628341904142,0.0008259497086421,8,0,4,2022-12-01,2022
2022-12,-0.10158034416211321,-0.06001588530131218,1.1555165156802216,0.4623001318244169,1.0039666470388173,0.9958763987918512,0.15634628341904142,0.0008259497086421,8,1,4,2022-12-01,2022
2022-12,-0.12400548292168488,-0.14728964648807855,1.1555165156802216,0.4623001318244169,1.0039666470388173,0.9958763987918512,0.15634628341904142,0.0008259497086421,8,1,4,2022-12-01,2022
2022-12,-0.24035999001127992,-0.30802191204809937,1.1555165156802216,0.4623001318244169,1.0039666470388173,0.9958763987918512,0.15634628341904142,0.0008259497086421,8,0,4,2022-12-01,2022
2022-12,-0.2591745444004388,-0.33907730368213207,1.1555165156802216,0.4623001318244169,1.0039666470388173,0.9958763987918512,0.15634628341904142,0.0008259497086421,9,0,4,2022-12-01,2022
2022-12,-0.25853082150297774,-0.3355846754450338,1.1555165156802216,0.4623001318244169,1.0039666470388173,0.9958763987918512,0.15634628341904142,0.0008259497086421,9,1,4,2022-12-01,2022
2022-12,-0.25918091789447306,-0.3390851905629772,1.1555165156802216,0.4623001318244169,1.0039666470388173,0.9958763987918512,0.15634628341904142,0.0008259497086421,9,0,4,2022-12-01,2022
2022-12,-0.25873796005909144,-0.3377946371667307,1.1555165156802216,0.4623001318244169,1.0039666470388173,0.9958763987918512,0.15634628341904142,0.0008259497086421,9,1,4,2022-12-01,2022
2022-12,-0.25884949620469117,-0.3395473906349455,1.1555165156802216,0.4623001318244169,1.0039666470388173,0.9958763987918512,0.15634628341904142,0.0008259497086421,18,1,4,2022-12-01,2022
2022-12,-0.2588654299397768,-0.3396118322223388,1.1555165156802216,0.4623001318244169,1.0039666470388173,0.9958763987918512,0.15634628341904142,0.0008259497086421,18,1,4,2022-12-01,2022
2022-12,-0.2594422311498781,-0.3402591335404839,1.1555165156802216,0.4623001318244169,1.0039666470388173,0.9958763987918512,0.15634628341904142,0.0008259497086421,22,1,4,2022-12-01,2022
2022-12,-0.2593912431976039,-0.33539485168849725,1.1555165156802216,0.4623001318244169,1.0039666470388173,0.9958763987918512,0.15634628341904142,0.0008259497086421,27,1,4,2022-12-01,2022
2022-12,-0.25938486970356966,-0.3353929280590228,1.1555165156802216,0.4623001318244169,1.0039666470388173,0.9958763987918512,0.15634628341904142,0.0008259497086421,27,1,4,2022-12-01,2022
2022-12,-0.25943267090882666,-0.34022722052750315,1.1555165156802216,0.4623001318244169,1.0039666470388173,0.9958763987918512,0.15634628341904142,0.0008259497086421,36,0,4,2022-12-01,2022
2022-12,-0.25843521909246375,-0.2936164760936855,1.1555165156802216,0.4623001318244169,1.0039666470388173,0.9958763987918512,0.15634628341904142,0.0008259497086421,36,1,4,2022-12-01,2022
2022-12,-0.25924146608779863,-0.33931574717363483,1.1555165156802216,0.4623001318244169,1.0039666470388173,0.9958763987918512,0.15634628341904142,0.0008259497086421,36,1,4,2022-12-01,2022
2022-12,-0.2540024539916304,-0.3370842215655296,1.1555165156802216,0.4623001318244169,1.0039666470388173,0.9958763987918512,0.15634628341904142,0.0008259497086421,41,0,4,2022-12-01,2022
2022-12,-0.250471538296646,-0.3345358838011334,1.1555165156802216,0.4623001318244169,1.0039666470388173,0.9958763987918512,0.15634628341904142,0.0008259497086421,41,1,4,2022-12-01,2022
2022-12,-0.2506213154064513,-0.3350883020954524,1.1555165156802216,0.4623001318244169,1.0039666470388173,0.9958763987918512,0.15634628341904142,0.0008259497086421,41,1,4,2022-12-01,2022
2022-12,-0.25402476122075035,-0.33710194781113645,1.1555165156802216,0.4623001318244169,1.0039666470388173,0.9958763987918512,0.15634628341904142,0.0008259497086421,41,0,4,2022-12-01,2022
2022-12,0.5226141675779493,2.221988453294166,1.1555165156802216,0.4623001318244169,1.0039666470388173,0.9958763987918512,0.15634628341904142,0.0008259497086421,44,1,4,2022-12-01,2022
2022-12,-0.0919595549173858,-0.0118051524339915,1.1555165156802216,0.4623001318244169,1.0039666470388173,0.9958763987918512,0.15634628341904142,0.0008259497086421,44,0,4,2022-12-01,2022
2022-12,0.4388027210273262,1.665412406992914,1.1555165156802216,0.4623001318244169,1.0039666470388173,0.9958763987918512,0.15634628341904142,0.0008259497086421,44,1,4,2022-12-01,2022
2022-12,-0.09558925976990137,-0.01659735588957135,1.1555165156802216,0.4623001318244169,1.0039666470388173,0.9958763987918512,0.15634628341904142,0.0008259497086421,44,0,4,2022-12-01,2022
2022-12,-0.259059821507822,-0.32119968767193313,1.1555165156802216,0.4623001318244169,1.0039666470388173,0.9958763987918512,0.15634628341904142,0.0008259497086421,46,1,4,2022-12-01,2022
2022-12,-0.25943267090882666,-0.33990797497992703,1.1555165156802216,0.4623001318244169,1.0039666470388173,0.9958763987918512,0.15634628341904142,0.0008259497086421,46,0,4,2022-12-01,2022
2022-12,-0.2590821287369419,-0.3239293178961468,1.1555165156802216,0.4623001318244169,1.0039666470388173,0.9958763987918512,0.15634628341904142,0.0008259497086421,46,1,4,2022-12-01,2022
2022-12,-0.25389091784603074,-0.31936428546334955,1.1555165156802216,0.4623001318244169,1.0039666470388173,0.9958763987918512,0.15634628341904142,0.0008259497086421,50,1,4,2022-12-01,2022
2022-12,-0.2575493034217005,-0.32873191856903594,1.1555165156802216,0.4623001318244169,1.0039666470388173,0.9958763987918512,0.15634628341904142,0.0008259497086421,50,0,4,2022-12-01,2022
2022-12,-0.2575493034217005,-0.32927725790688894,1.1555165156802216,0.4623001318244169,1.0039666470388173,0.9958763987918512,0.15634628341904142,0.0008259497086421,50,0,4,2022-12-01,2022
2022-12,-0.25423189977686406,-0.323783141292385,1.1555165156802216,0.4623001318244169,1.0039666470388173,0.9958763987918512,0.15634628341904142,0.0008259497086421,50,1,4,2022-12-01,2022
2022-12,-0.2586678516247145,-0.3334671825921727,1.1555165156802216,0.4623001318244169,1.0039666470388173,0.9958763987918512,0.15634628341904142,0.0008259497086421,58,0,4,2022-12-01,2022
2022-12,-0.25930838777515847,-0.3391656463657452,1.1555165156802216,0.4623001318244169,1.0039666470388173,0.9958763987918512,0.15634628341904142,0.0008259497086421,58,1,4,2022-12-01,2022
2022-12,-0.25867103837173167,-0.33350854062587293,1.1555165156802216,0.4623001318244169,1.0039666470388173,0.9958763987918512,0.15634628341904142,0.0008259497086421,58,0,4,2022-12-01,2022
2022-12,-0.25934344199234693,-0.33949333664671405,1.1555165156802216,0.4623001318244169,1.0039666470388173,0.9958763987918512,0.15634628341904142,0.0008259497086421,58,1,4,2022-12-01,2022
2022-12,-0.1415389650099559,-0.13317921834986302,1.1555165156802216,0.4623001318244169,1.0039666470388173,0.9958763987918512,0.15634628341904142,0.0008259497086421,60,0,4,2022-12-01,2022
2022-12,-0.148106850612269,-0.1908707514448507,1.1555165156802216,0.4623001318244169,1.0039666470388173,0.9958763987918512,0.15634628341904142,0.0008259497086421,60,0,4,2022-12-01,2022
2022-12,-0.24973858648270517,-0.28977553626765257,1.1555165156802216,0.4623001318244169,1.0039666470388173,0.9958763987918512,0.15634628341904142,0.0008259497086421,67,1,4,2022-12-01,2022
2022-12,-0.257775562459917,-0.32598223450755137,1.1555165156802216,0.4623001318244169,1.0039666470388173,0.9958763987918512,0.15634628341904142,0.0008259497086421,67,0,4,2022-12-01,2022
2022-12,-0.2516665684280712,-0.3040593796029878,1.1555165156802216,0.4623001318244169,1.0039666470388173,0.9958763987918512,0.15634628341904142,0.0008259497086421,67,1,4,2022-12-01,2022
2022-12,-0.25777874920693417,-0.32606702809478416,1.1555165156802216,0.4623001318244169,1.0039666470388173,0.9958763987918512,0.15634628341904142,0.0008259497086421,67,0,4,2022-12-01,2022
2022-12,-0.2571254660684217,-0.3384428714451709,1.1555165156802216,0.4623001318244169,1.0039666470388173,0.9958763987918512,0.15634628341904142,0.0008259497086421,70,1,4,2022-12-01,2022
2022-12,-0.25932750825726125,-0.3402645870300439,1.1555165156802216,0.4623001318244169,1.0039666470388173,0.9958763987918512,0.15634628341904142,0.0008259497086421,70,0,4,2022-12-01,2022
2022-12,-0.25771501426659144,-0.3391920481802817,1.1555165156802216,0.4623001318244169,1.0039666470388173,0.9958763987918512,0.15634628341904142,0.0008259497086421,70,1,4,2022-12-01,2022
2022-12,-0.2538048756765681,-0.331612419052929,1.1555165156802216,0.4623001318244169,1.0039666470388173,0.9958763987918512,0.15634628341904142,0.0008259497086421,73,1,4,2022-12-01,2022
2022-12,-0.2592573998228843,-0.3402624902739168,1.1555165156802216,0.4623001318244169,1.0039666470388173,0.9958763987918512,0.15634628341904142,0.0008259497086421,73,0,4,2022-12-01,2022
2022-12,-0.25564044195843727,-0.3370224730594005,1.1555165156802216,0.4623001318244169,1.0039666470388173,0.9958763987918512,0.15634628341904142,0.0008259497086421,73,1,4,2022-12-01,2022
2022-12,-0.2569501949824793,-0.33031897059432347,1.1555165156802216,0.4623001318244169,1.0039666470388173,0.9958763987918512,0.15634628341904142,0.0008259497086421,75,0,4,2022-12-01,2022
2022-12,-0.2592765203049871,-0.33927617811534583,1.1555165156802216,0.4623001318244169,1.0039666470388173,0.9958763987918512,0.15634628341904142,0.0008259497086421,75,1,4,2022-12-01,2022
2022-12,-0.2569597552235307,-0.3303593668132864,1.1555165156802216,0.4623001318244169,1.0039666470388173,0.9958763987918512,0.15634628341904142,0.0008259497086421,75,0,4,2022-12-01,2022
2022-12,-0.2593530022333983,-0.33969358647500203,1.1555165156802216,0.4623001318244169,1.0039666470388173,0.9958763987918512,0.15634628341904142,0.0008259497086421,75,1,4,2022-12-01,2022
2022-12,-0.24796994188819582,-0.2758786790918354,1.1555165156802216,0.4623001318244169,1.0039666470388173,0.9958763987918512,0.15634628341904142,0.0008259497086421,78,1,4,2022-12-01,2022
2022-12,-0.2559654901541849,-0.32895292435935297,1.1555165156802216,0.4623001318244169,1.0039666470388173,0.9958763987918512,0.15634628341904142,0.0008259497086421,78,0,4,2022-12-01,2022
2022-12,-0.25608977328785315,-0.3317020313319952,1.1555165156802216,0.4623001318244169,1.0039666470388173,0.9958763987918512,0.15634628341904142,0.0008259497086421,78,0,4,2022-12-01,2022
2022-12,-0.2490375021389357,-0.29692855246831396,1.1555165156802216,0.4623001318244169,1.0039666470388173,0.9958763987918512,0.15634628341904142,0.0008259497086421,78,1,4,2022-12-01,2022
2022-12,-0.25685140582494814,-0.32465206396227897,1.1555165156802216,0.4623001318244169,1.0039666470388173,0.9958763987918512,0.15634628341904142,0.0008259497086421,79,0,4,2022-12-01,2022
2022-12,-0.25111844794112415,-0.24120037179640144,1.1555165156802216,0.4623001318244169,1.0039666470388173,0.9958763987918512,0.15634628341904142,0.0008259497086421,79,1,4,2022-12-01,2022
2022-12,-0.25171118288631106,-0.250767975804102,1.1555165156802216,0.4623001318244169,1.0039666470388173,0.9958763987918512,0.15634628341904142,0.0008259497086421,79,1,4,2022-12-01,2022
2022-12,-0.25688964678915377,-0.32508584240876254,1.1555165156802216,0.4623001318244169,1.0039666470388173,0.9958763987918512,0.15634628341904142,0.0008259497086421,79,0,4,2022-12-01,2022
2022-12,-0.23931792373667712,-0.33823331125022665,1.1555165156802216,0.4623001318244169,1.0039666470388173,0.9958763987918512,0.15634628341904142,0.0008259497086421,80,0,4,2022-12-01,2022
2022-12,-0.178390507516093,-0.33006492646778307,1.1555165156802216,0.4623001318244169,1.0039666470388173,0.9958763987918512,0.15634628341904142,0.0008259497086421,80,1,4,2022-12-01,2022
2022-12,-0.2393434177128142,-0.3382387935942288,1.1555165156802216,0.4623001318244169,1.0039666470388173,0.9958763987918512,0.15634628341904142,0.0008259497086421,80,0,4,2022-12-01,2022
2022-12,-0.18114704368591386,-0.3313796502683758,1.1555165156802216,0.4623001318244169,1.0039666470388173,0.9958763987918512,0.15634628341904142,0.0008259497086421,80,1,4,2022-12-01,2022
2022-12,0.0242866027736267,-0.2288890181241449,1.1555165156802216,0.4623001318244169,1.0039666470388173,0.9958763987918512,0.15634628341904142,0.0008259497086421,81,0,4,2022-12-01,2022
2022-12,-0.22806870676619426,-0.2594224521365862,1.1555165156802216,0.4623001318244169,1.0039666470388173,0.9958763987918512,0.15634628341904142,0.0008259497086421,81,1,4,2022-12-01,2022
2022-12,-0.23484373092462105,-0.28588796766315944,1.1555165156802216,0.4623001318244169,1.0039666470388173,0.9958763987918512,0.15634628341904142,0.0008259497086421,81,1,4,2022-12-01,2022
2022-12,-0.005063337254177051,-0.2395196967245935,1.1555165156802216,0.4623001318244169,1.0039666470388173,0.9958763987918512,0.15634628341904142,0.0008259497086421,81,0,4,2022-12-01,2022
2022-12,-0.2593976166916382,-0.3400995973300222,1.1555165156802216,0.4623001318244169,1.0039666470388173,0.9958763987918512,0.15634628341904142,0.0008259497086421,83,1,4,2022-12-01,2022
2022-12,-0.2590821287369419,-0.3394516419778558,1.1555165156802216,0.4623001318244169,1.0039666470388173,0.9958763987918512,0.15634628341904142,0.0008259497086421,87,0,4,2022-12-01,2022
2022-12,-0.24043647193969114,-0.2820022361248144,1.1555165156802216,0.4623001318244169,1.0039666470388173,0.9958763987918512,0.15634628341904142,0.0008259497086421,87,1,4,2022-12-01,2022
2022-12,-0.24366145992103072,-0.287720888389721,1.1555165156802216,0.4623001318244169,1.0039666470388173,0.9958763987918512,0.15634628341904142,0.0008259497086421,87,1,4,2022-12-01,2022
2022-12,-0.2590885022309762,-0.339481939142078,1.1555165156802216,0.4623001318244169,1.0039666470388173,0.9958763987918512,0.15634628341904142,0.0008259497086421,87,0,4,2022-12-01,2022
2022-12,5.230653662498333,6.981561180118193,1.1555165156802216,0.4623001318244169,1.0039666470388173,0.9958763987918512,0.15634628341904142,0.0008259497086421,88,1,4,2022-12-01,2022
2022-12,4.0841417544089635,2.690208398666717,1.1555165156802216,0.4623001318244169,1.0039666470388173,0.9958763987918512,0.15634628341904142,0.0008259497086421,88,0,4,2022-12-01,2022
2022-12,4.044278735971635,2.639041133860527,1.1555165156802216,0.4623001318244169,1.0039666470388173,0.9958763987918512,0.15634628341904142,0.0008259497086421,88,0,4,2022-12-01,2022
2022-12,5.002087419441417,5.438448583867789,1.1555165156802216,0.4623001318244169,1.0039666470388173,0.9958763987918512,0.15634628341904142,0.0008259497086421,88,1,4,2022-12-01,2022
2022-12,0.25217406871589315,0.7861338201144678,1.1555165156802216,0.4623001318244169,1.0039666470388173,0.9958763987918512,0.15634628341904142,0.0008259497086421,89,0,4,2022-12-01,2022
2022-12,-0.25271819494372544,-0.26311001136647566,1.1555165156802216,0.4623001318244169,1.0039666470388173,0.9958763987918512,0.15634628341904142,0.0008259497086421,89,1,4,2022-12-01,2022
2022-12,-0.2532344479605011,-0.2785936993501908,1.1555165156802216,0.4623001318244169,1.0039666470388173,0.9958763987918512,0.15634628341904142,0.0008259497086421,89,1,4,2022-12-01,2022
2022-12,0.2243728877384165,0.6459800617645116,1.1555165156802216,0.4623001318244169,1.0039666470388173,0.9958763987918512,0.15634628341904142,0.0008259497086421,89,0,4,2022-12-01,2022
2022-12,-0.0325458435299403,1.704094999111202,1.1555165156802216,0.4623001318244169,1.0039666470388173,0.9958763987918512,0.15634628341904142,0.0008259497086421,90,0,4,2022-12-01,2022
2022-12,-0.2583746708991382,-0.31600973534992577,1.1555165156802216,0.4623001318244169,1.0039666470388173,0.9958763987918512,0.15634628341904142,0.0008259497086421,90,1,4,2022-12-01,2022
2022-12,-0.05355606661390448,0.6642213783994406,1.1555165156802216,0.4623001318244169,1.0039666470388173,0.9958763987918512,0.15634628341904142,0.0008259497086421,90,0,4,2022-12-01,2022
2022-12,-0.25916498415938743,-0.3400161502834215,1.1555165156802216,0.4623001318244169,1.0039666470388173,0.9958763987918512,0.15634628341904142,0.0008259497086421,90,1,4,2022-12-01,2022
2022-12,-0.2572720564312098,-0.28086412074626893,1.1555165156802216,0.4623001318244169,1.0039666470388173,0.9958763987918512,0.15634628341904142,0.0008259497086421,91,0,4,2022-12-01,2022
2022-12,-0.25763853233818024,-0.2992499692817592,1.1555165156802216,0.4623001318244169,1.0039666470388173,0.9958763987918512,0.15634628341904142,0.0008259497086421,91,0,4,2022-12-01,2022
2022-12,-0.2593657492214668,-0.3394146024923257,1.1555165156802216,0.4623001318244169,1.0039666470388173,0.9958763987918512,0.15634628341904142,0.0008259497086421,94,0,4,2022-12-01,2022
2022-12,-0.25846708656263506,-0.3302529708670558,1.1555165156802216,0.4623001318244169,1.0039666470388173,0.9958763987918512,0.15634628341904142,0.0008259497086421,94,1,4,2022-12-01,2022
2022-12,-0.2584734600566693,-0.3309455832774711,1.1555165156802216,0.4623001318244169,1.0039666470388173,0.9958763987918512,0.15634628341904142,0.0008259497086421,94,1,4,2022-12-01,2022
2022-12,-0.12054148891406026,0.6560338823581686,1.1555165156802216,0.4623001318244169,1.0039666470388173,0.9958763987918512,0.15634628341904142,0.0008259497086421,98,1,4,2022-12-01,2022
2022-12,-0.22820255014091387,-0.30764281276942645,1.1555165156802216,0.4623001318244169,1.0039666470388173,0.9958763987918512,0.15634628341904142,0.0008259497086421,98,0,4,2022-12-01,2022
2022-12,-0.22821848387599955,-0.30769973296557473,1.1555165156802216,0.4623001318244169,1.0039666470388173,0.9958763987918512,0.15634628341904142,0.0008259497086421,98,0,4,2022-12-01,2022
2022-12,-0.1259239046259995,0.11932687986236999,1.1555165156802216,0.4623001318244169,1.0039666470388173,0.9958763987918512,0.15634628341904142,0.0008259497086421,98,1,4,2022-12-01,2022
2022-12,1.0987716547817346,0.7765921658683772,1.1555165156802216,0.4623001318244169,1.0039666470388173,0.9958763987918512,0.15634628341904142,0.0008259497086421,101,1,4,2022-12-01,2022
2022-12,0.200857881498985,0.047916127155381245,1.1555165156802216,0.4623001318244169,1.0039666470388173,0.9958763987918512,0.15634628341904142,0.0008259497086421,101,0,4,2022-12-01,2022
2022-12,1.0672897809994681,0.6488775286603691,1.1555165156802216,0.4623001318244169,1.0039666470388173,0.9958763987918512,0.15634628341904142,0.0008259497086421,101,1,4,2022-12-01,2022
2022-12,0.19882792364907068,0.04616209447356597,1.1555165156802216,0.4623001318244169,1.0039666470388173,0.9958763987918512,0.15634628341904142,0.0008259497086421,101,0,4,2022-12-01,2022
2023-01,-0.25429882146422383,-0.3337050682311279,-0.3492870640776396,-1.6156224144746165,-0.6966831907027737,-0.5502112209606246,-0.040831782593623765,0.0013940669938553,0,0,4,2023-01-01,2023
2023-01,-0.12447074798618643,-0.26389966126572845,-0.3492870640776396,-1.6156224144746165,-0.6966831907027737,-0.5502112209606246,-0.040831782593623765,0.0013940669938553,0,1,4,2023-01-01,2023
2023-01,-0.25904707451975345,0.1399270375221693,-0.3492870640776396,-1.6156224144746165,-0.6966831907027737,-0.5502112209606246,-0.040831782593623765,0.0013940669938553,1,1,4,2023-01-01,2023
2023-01,-0.25924146608779863,-0.3396101875191382,-0.3492870640776396,-1.6156224144746165,-0.6966831907027737,-0.5502112209606246,-0.040831782593623765,0.0013940669938553,3,0,4,2023-01-01,2023
2023-01,-0.2590853154839591,-0.33907379305834123,-0.3492870640776396,-1.6156224144746165,-0.6966831907027737,-0.5502112209606246,-0.040831782593623765,0.0013940669938553,3,1,4,2023-01-01,2023
2023-01,-0.11349877800619422,1.7697585336555888,-0.3492870640776396,-1.6156224144746165,-0.6966831907027737,-0.5502112209606246,-0.040831782593623765,0.0013940669938553,5,1,4,2023-01-01,2023
2023-01,-0.2272752067589279,-0.055671416224052875,-0.3492870640776396,-1.6156224144746165,-0.6966831907027737,-0.5502112209606246,-0.040831782593623765,0.0013940669938553,5,0,4,2023-01-01,2023
2023-01,-0.2592000383765759,-0.3369834522355117,-0.3492870640776396,-1.6156224144746165,-0.6966831907027737,-0.5502112209606246,-0.040831782593623765,0.0013940669938553,6,1,4,2023-01-01,2023
2023-01,-0.25906300825483913,-0.3293006877138875,-0.3492870640776396,-1.6156224144746165,-0.6966831907027737,-0.5502112209606246,-0.040831782593623765,0.0013940669938553,6,0,4,2023-01-01,2023
2023-01,-0.23489153212987807,-0.29437670408012695,-0.3492870640776396,-1.6156224144746165,-0.6966831907027737,-0.5502112209606246,-0.040831782593623765,0.0013940669938553,8,0,4,2023-01-01,2023
2023-01,-0.1101941213494263,-0.103720006362974,-0.3492870640776396,-1.6156224144746165,-0.6966831907027737,-0.5502112209606246,-0.040831782593623765,0.0013940669938553,8,1,4,2023-01-01,2023
2023-01,-0.259155423918336,-0.33929722262179607,-0.3492870640776396,-1.6156224144746165,-0.6966831907027737,-0.5502112209606246,-0.040831782593623765,0.0013940669938553,9,0,4,2023-01-01,2023
2023-01,-0.2588431227106569,-0.33872215359041574,-0.3492870640776396,-1.6156224144746165,-0.6966831907027737,-0.5502112209606246,-0.040831782593623765,0.0013940669938553,9,1,4,2023-01-01,2023
2023-01,-0.2581420383668874,-0.33868048777599963,-0.3492870640776396,-1.6156224144746165,-0.6966831907027737,-0.5502112209606246,-0.040831782593623765,0.0013940669938553,18,1,4,2023-01-01,2023
2023-01,-0.2594390444028609,-0.3403025113851323,-0.3492870640776396,-1.6156224144746165,-0.6966831907027737,-0.5502112209606246,-0.040831782593623765,0.0013940669938553,18,0,4,2023-01-01,2023
2023-01,-0.25938805645058677,-0.34026706851206595,-0.3492870640776396,-1.6156224144746165,-0.6966831907027737,-0.5502112209606246,-0.040831782593623765,0.0013940669938553,22,1,4,2023-01-01,2023
2023-01,-0.2594262974147924,-0.3327265852445178,-0.3492870640776396,-1.6156224144746165,-0.6966831907027737,-0.5502112209606246,-0.040831782593623765,0.0013940669938553,27,1,4,2023-01-01,2023
2023-01,-0.2594422311498781,-0.3402793701225549,-0.3492870640776396,-1.6156224144746165,-0.6966831907027737,-0.5502112209606246,-0.040831782593623765,0.0013940669938553,36,0,4,2023-01-01,2023
2023-01,-0.25919685162955874,-0.3392355414426985,-0.3492870640776396,-1.6156224144746165,-0.6966831907027737,-0.5502112209606246,-0.040831782593623765,0.0013940669938553,36,1,4,2023-01-01,2023
2023-01,-0.24493934547490143,-0.3304887501317365,-0.3492870640776396,-1.6156224144746165,-0.6966831907027737,-0.5502112209606246,-0.040831782593623765,0.0013940669938553,41,1,4,2023-01-01,2023
2023-01,-0.2508507611916849,-0.33440785664146283,-0.3492870640776396,-1.6156224144746165,-0.6966831907027737,-0.5502112209606246,-0.040831782593623765,0.0013940669938553,41,0,4,2023-01-01,2023
2023-01,-0.07621065115870979,0.019372408907962126,-0.3492870640776396,-1.6156224144746165,-0.6966831907027737,-0.5502112209606246,-0.040831782593623765,0.0013940669938553,44,0,4,2023-01-01,2023
2023-01,0.4993604745939228,1.6054434889631506,-0.3492870640776396,-1.6156224144746165,-0.6966831907027737,-0.5502112209606246,-0.040831782593623765,0.0013940669938553,44,1,4,2023-01-01,2023
2023-01,-0.2588654299397768,-0.3224138922143396,-0.3492870640776396,-1.6156224144746165,-0.6966831907027737,-0.5502112209606246,-0.040831782593623765,0.0013940669938553,46,1,4,2023-01-01,2023
2023-01,-0.2523134780725494,-0.3167002221497718,-0.3492870640776396,-1.6156224144746165,-0.6966831907027737,-0.5502112209606246,-0.040831782593623765,0.0013940669938553,50,1,4,2023-01-01,2023
2023-01,-0.2570935985982503,-0.3273716143680466,-0.3492870640776396,-1.6156224144746165,-0.6966831907027737,-0.5502112209606246,-0.040831782593623765,0.0013940669938553,50,0,4,2023-01-01,2023
2023-01,-0.25905663476080487,-0.3375210393465828,-0.3492870640776396,-1.6156224144746165,-0.6966831907027737,-0.5502112209606246,-0.040831782593623765,0.0013940669938553,58,0,4,2023-01-01,2023
2023-01,-0.2593657492214668,-0.33936576153996995,-0.3492870640776396,-1.6156224144746165,-0.6966831907027737,-0.5502112209606246,-0.040831782593623765,0.0013940669938553,58,1,4,2023-01-01,2023
2023-01,-0.1557550434533905,-0.20742641080763305,-0.3492870640776396,-1.6156224144746165,-0.6966831907027737,-0.5502112209606246,-0.040831782593623765,0.0013940669938553,60,0,4,2023-01-01,2023
2023-01,-0.25744095402311795,-0.31973629616740923,-0.3492870640776396,-1.6156224144746165,-0.6966831907027737,-0.5502112209606246,-0.040831782593623765,0.0013940669938553,67,0,4,2023-01-01,2023
2023-01,-0.25027077323456653,-0.28906558233752533,-0.3492870640776396,-1.6156224144746165,-0.6966831907027737,-0.5502112209606246,-0.040831782593623765,0.0013940669938553,67,1,4,2023-01-01,2023
2023-01,-0.25919366488254164,-0.3402027038698516,-0.3492870640776396,-1.6156224144746165,-0.6966831907027737,-0.5502112209606246,-0.040831782593623765,0.0013940669938553,70,0,4,2023-01-01,2023
2023-01,-0.25735809860067244,-0.3390477471152575,-0.3492870640776396,-1.6156224144746165,-0.6966831907027737,-0.5502112209606246,-0.040831782593623765,0.0013940669938553,70,1,4,2023-01-01,2023
2023-01,-0.25920641187061016,-0.3401823807244542,-0.3492870640776396,-1.6156224144746165,-0.6966831907027737,-0.5502112209606246,-0.040831782593623765,0.0013940669938553,73,0,4,2023-01-01,2023
2023-01,-0.2564052612425494,-0.3376409584080186,-0.3492870640776396,-1.6156224144746165,-0.6966831907027737,-0.5502112209606246,-0.040831782593623765,0.0013940669938553,73,1,4,2023-01-01,2023
2023-01,-0.25762259860309455,-0.3362045554250209,-0.3492870640776396,-1.6156224144746165,-0.6966831907027737,-0.5502112209606246,-0.040831782593623765,0.0013940669938553,75,0,4,2023-01-01,2023
2023-01,-0.2593370684983127,-0.3398554791315699,-0.3492870640776396,-1.6156224144746165,-0.6966831907027737,-0.5502112209606246,-0.040831782593623765,0.0013940669938553,75,1,4,2023-01-01,2023
2023-01,-0.2569215142593251,-0.3363925902061463,-0.3492870640776396,-1.6156224144746165,-0.6966831907027737,-0.5502112209606246,-0.040831782593623765,0.0013940669938553,77,1,4,2023-01-01,2023
2023-01,-0.2582376407774014,-0.33864260189350076,-0.3492870640776396,-1.6156224144746165,-0.6966831907027737,-0.5502112209606246,-0.040831782593623765,0.0013940669938553,77,0,4,2023-01-01,2023
2023-01,-0.24420320691394348,-0.2788599681420411,-0.3492870640776396,-1.6156224144746165,-0.6966831907027737,-0.5502112209606246,-0.040831782593623765,0.0013940669938553,78,1,4,2023-01-01,2023
2023-01,-0.2537220202541226,-0.32787580727144167,-0.3492870640776396,-1.6156224144746165,-0.6966831907027737,-0.5502112209606246,-0.040831782593623765,0.0013940669938553,78,0,4,2023-01-01,2023
2023-01,-0.2505097792608516,-0.26645019196772546,-0.3492870640776396,-1.6156224144746165,-0.6966831907027737,-0.5502112209606246,-0.040831782593623765,0.0013940669938553,79,1,4,2023-01-01,2023
2023-01,-0.2564881166649949,-0.3231573557699114,-0.3492870640776396,-1.6156224144746165,-0.6966831907027737,-0.5502112209606246,-0.040831782593623765,0.0013940669938553,79,0,4,2023-01-01,2023
2023-01,-0.23131281522963662,-0.3374057850866224,-0.3492870640776396,-1.6156224144746165,-0.6966831907027737,-0.5502112209606246,-0.040831782593623765,0.0013940669938553,80,0,4,2023-01-01,2023
2023-01,-0.15927958565434064,-0.32826188932510675,-0.3492870640776396,-1.6156224144746165,-0.6966831907027737,-0.5502112209606246,-0.040831782593623765,0.0013940669938553,80,1,4,2023-01-01,2023
2023-01,0.008228584554288685,-0.23549772412872208,-0.3492870640776396,-1.6156224144746165,-0.6966831907027737,-0.5502112209606246,-0.040831782593623765,0.0013940669938553,81,0,4,2023-01-01,2023
2023-01,-0.23732939359798552,-0.2788076838929262,-0.3492870640776396,-1.6156224144746165,-0.6966831907027737,-0.5502112209606246,-0.040831782593623765,0.0013940669938553,81,1,4,2023-01-01,2023
2023-01,-0.2593976166916382,-0.34010265590088656,-0.3492870640776396,-1.6156224144746165,-0.6966831907027737,-0.5502112209606246,-0.040831782593623765,0.0013940669938553,83,1,4,2023-01-01,2023
2023-01,-0.2592191588586787,-0.3396434278364563,-0.3492870640776396,-1.6156224144746165,-0.6966831907027737,-0.5502112209606246,-0.040831782593623765,0.0013940669938553,87,0,4,2023-01-01,2023
2023-01,-0.24850531538707432,-0.3018393188265502,-0.3492870640776396,-1.6156224144746165,-0.6966831907027737,-0.5502112209606246,-0.040831782593623765,0.0013940669938553,87,1,4,2023-01-01,2023
2023-01,4.824815056372289,3.6571077117802324,-0.3492870640776396,-1.6156224144746165,-0.6966831907027737,-0.5502112209606246,-0.040831782593623765,0.0013940669938553,88,0,4,2023-01-01,2023
2023-01,5.822091601649276,6.992633254737845,-0.3492870640776396,-1.6156224144746165,-0.6966831907027737,-0.5502112209606246,-0.040831782593623765,0.0013940669938553,88,1,4,2023-01-01,2023
2023-01,-0.2543147551993095,-0.26576643787104,-0.3492870640776396,-1.6156224144746165,-0.6966831907027737,-0.5502112209606246,-0.040831782593623765,0.0013940669938553,89,1,4,2023-01-01,2023
2023-01,0.00828913274761423,0.22074474232130176,-0.3492870640776396,-1.6156224144746165,-0.6966831907027737,-0.5502112209606246,-0.040831782593623765,0.0013940669938553,89,0,4,2023-01-01,2023
2023-01,-0.25914905042430175,-0.3400176026236747,-0.3492870640776396,-1.6156224144746165,-0.6966831907027737,-0.5502112209606246,-0.040831782593623765,0.0013940669938553,90,1,4,2023-01-01,2023
2023-01,-0.059610885946459,0.5043160522960344,-0.3492870640776396,-1.6156224144746165,-0.6966831907027737,-0.5502112209606246,-0.040831782593623765,0.0013940669938553,90,0,4,2023-01-01,2023
2023-01,-0.25766402631431734,-0.32177523761068205,-0.3492870640776396,-1.6156224144746165,-0.6966831907027737,-0.5502112209606246,-0.040831782593623765,0.0013940669938553,91,0,4,2023-01-01,2023
2023-01,-0.2583396166819497,-0.3226234908818733,-0.3492870640776396,-1.6156224144746165,-0.6966831907027737,-0.5502112209606246,-0.040831782593623765,0.0013940669938553,94,1,4,2023-01-01,2023
2023-01,-0.2593657492214668,-0.33858368112269904,-0.3492870640776396,-1.6156224144746165,-0.6966831907027737,-0.5502112209606246,-0.040831782593623765,0.0013940669938553,94,0,4,2023-01-01,2023
2023-01,-0.0226733012708593,0.2664957205615237,-0.3492870640776396,-1.6156224144746165,-0.6966831907027737,-0.5502112209606246,-0.040831782593623765,0.0013940669938553,98,1,4,2023-01-01,2023
2023-01,-0.2038430559419419,-0.2678129680325894,-0.3492870640776396,-1.6156224144746165,-0.6966831907027737,-0.5502112209606246,-0.040831782593623765,0.0013940669938553,98,0,4,2023-01-01,2023
2023-01,0.28232706899201465,0.2008939537595607,-0.3492870640776396,-1.6156224144746165,-0.6966831907027737,-0.5502112209606246,-0.040831782593623765,0.0013940669938553,101,0,4,2023-01-01,2023
2023-01,1.2517641923273186,1.0014680293798601,-0.3492870640776396,-1.6156224144746165,-0.6966831907027737,-0.5502112209606246,-0.040831782593623765,0.0013940669938553,101,1,4,2023-01-01,2023
2023-02,-0.15814510371624096,-0.25974251522668895,-0.3492870640776396,-1.6156224144746165,-1.0638628281400033,-0.9913015741063861,-0.33928989740187626,0.00153259343261,0,1,4,2023-02-01,2023
2023-02,-0.25507638773640456,-0.3360856077964697,-0.3492870640776396,-1.6156224144746165,-1.0638628281400033,-0.9913015741063861,-0.33928989740187626,0.00153259343261,0,0,4,2023-02-01,2023
2023-02,-0.2589928998204622,-0.06738802213540569,-0.3492870640776396,-1.6156224144746165,-1.0638628281400033,-0.9913015741063861,-0.33928989740187626,0.00153259343261,1,1,4,2023-02-01,2023
2023-02,-0.2593338817512955,-0.3400346844534076,-0.3492870640776396,-1.6156224144746165,-1.0638628281400033,-0.9913015741063861,-0.33928989740187626,0.00153259343261,3,0,4,2023-02-01,2023
2023-02,-0.2591586106653531,-0.3395730326158396,-0.3492870640776396,-1.6156224144746165,-1.0638628281400033,-0.9913015741063861,-0.33928989740187626,0.00153259343261,3,1,4,2023-02-01,2023
2023-02,-0.23093040558758055,-0.1702288317891615,-0.3492870640776396,-1.6156224144746165,-1.0638628281400033,-0.9913015741063861,-0.33928989740187626,0.00153259343261,5,0,4,2023-02-01,2023
2023-02,-0.14032162764941075,0.8476272241208628,-0.3492870640776396,-1.6156224144746165,-1.0638628281400033,-0.9913015741063861,-0.33928989740187626,0.00153259343261,5,1,4,2023-02-01,2023
2023-02,-0.25906619500185624,-0.33125299850377943,-0.3492870640776396,-1.6156224144746165,-1.0638628281400033,-0.9913015741063861,-0.33928989740187626,0.00153259343261,6,0,4,2023-02-01,2023
2023-02,-0.25912036970114755,-0.33466846996265837,-0.3492870640776396,-1.6156224144746165,-1.0638628281400033,-0.9913015741063861,-0.33928989740187626,0.00153259343261,6,1,4,2023-02-01,2023
2023-02,-0.23942945988227682,-0.3051836929400542,-0.3492870640776396,-1.6156224144746165,-1.0638628281400033,-0.9913015741063861,-0.33928989740187626,0.00153259343261,8,0,4,2023-02-01,2023
2023-02,-0.13514953724060233,-0.15900617545425239,-0.3492870640776396,-1.6156224144746165,-1.0638628281400033,-0.9913015741063861,-0.33928989740187626,0.00153259343261,8,1,4,2023-02-01,2023
2023-02,-0.2587283998180401,-0.3379274060730557,-0.3492870640776396,-1.6156224144746165,-1.0638628281400033,-0.9913015741063861,-0.33928989740187626,0.00153259343261,9,1,4,2023-02-01,2023
2023-02,-0.25913949018325033,-0.33911702663077903,-0.3492870640776396,-1.6156224144746165,-1.0638628281400033,-0.9913015741063861,-0.33928989740187626,0.00153259343261,9,0,4,2023-02-01,2023
2023-02,-0.2594262974147924,-0.34028038964617635,-0.3492870640776396,-1.6156224144746165,-1.0638628281400033,-0.9913015741063861,-0.33928989740187626,0.00153259343261,18,0,4,2023-02-01,2023
2023-02,-0.25805280945040765,-0.3390247405067433,-0.3492870640776396,-1.6156224144746165,-1.0638628281400033,-0.9913015741063861,-0.33928989740187626,0.00153259343261,18,1,4,2023-02-01,2023
2023-02,-0.2594103636797067,-0.3402783698352282,-0.3492870640776396,-1.6156224144746165,-1.0638628281400033,-0.9913015741063861,-0.33928989740187626,0.00153259343261,22,1,4,2023-02-01,2023
2023-02,-0.2594358576558438,-0.33862789574616875,-0.3492870640776396,-1.6156224144746165,-1.0638628281400033,-0.9913015741063861,-0.33928989740187626,0.00153259343261,27,1,4,2023-02-01,2023
2023-02,-0.25930838777515847,-0.33936946452670824,-0.3492870640776396,-1.6156224144746165,-1.0638628281400033,-0.9913015741063861,-0.33928989740187626,0.00153259343261,36,1,4,2023-02-01,2023
2023-02,-0.25254292385778304,-0.33624159491055106,-0.3492870640776396,-1.6156224144746165,-1.0638628281400033,-0.9913015741063861,-0.33928989740187626,0.00153259343261,41,0,4,2023-02-01,2023
2023-02,-0.2497035322655167,-0.33445667835752385,-0.3492870640776396,-1.6156224144746165,-1.0638628281400033,-0.9913015741063861,-0.33928989740187626,0.00153259343261,41,1,4,2023-02-01,2023
2023-02,-0.0978996513573235,-0.04146086317169335,-0.3492870640776396,-1.6156224144746165,-1.0638628281400033,-0.9913015741063861,-0.33928989740187626,0.00153259343261,44,0,4,2023-02-01,2023
2023-02,0.36443360588847107,1.244082045764646,-0.3492870640776396,-1.6156224144746165,-1.0638628281400033,-0.9913015741063861,-0.33928989740187626,0.00153259343261,44,1,4,2023-02-01,2023
2023-02,-0.25894509861520515,-0.3391187194247165,-0.3492870640776396,-1.6156224144746165,-1.0638628281400033,-0.9913015741063861,-0.33928989740187626,0.00153259343261,46,0,4,2023-02-01,2023
2023-02,-0.25777874920693417,-0.3129231179678477,-0.3492870640776396,-1.6156224144746165,-1.0638628281400033,-0.9913015741063861,-0.33928989740187626,0.00153259343261,46,1,4,2023-02-01,2023
2023-02,-0.2539482792923391,-0.32540219289397965,-0.3492870640776396,-1.6156224144746165,-1.0638628281400033,-0.9913015741063861,-0.33928989740187626,0.00153259343261,50,1,4,2023-02-01,2023
2023-02,-0.2571955745027986,-0.32859057027525496,-0.3492870640776396,-1.6156224144746165,-1.0638628281400033,-0.9913015741063861,-0.33928989740187626,0.00153259343261,50,0,4,2023-02-01,2023
2023-02,-0.25939442994462103,-0.3396746387246789,-0.3492870640776396,-1.6156224144746165,-1.0638628281400033,-0.9913015741063861,-0.33928989740187626,0.00153259343261,58,1,4,2023-02-01,2023
2023-02,-0.25931157452217557,-0.3393701089425822,-0.3492870640776396,-1.6156224144746165,-1.0638628281400033,-0.9913015741063861,-0.33928989740187626,0.00153259343261,58,0,4,2023-02-01,2023
2023-02,-0.14897364580092942,-0.2140282494549865,-0.3492870640776396,-1.6156224144746165,-1.0638628281400033,-0.9913015741063861,-0.33928989740187626,0.00153259343261,60,0,4,2023-02-01,2023
2023-02,-0.2511088877000728,-0.29789603229433026,-0.3492870640776396,-1.6156224144746165,-1.0638628281400033,-0.9913015741063861,-0.33928989740187626,0.00153259343261,67,1,4,2023-02-01,2023
2023-02,-0.2572848034192784,-0.3209869919609456,-0.3492870640776396,-1.6156224144746165,-1.0638628281400033,-0.9913015741063861,-0.33928989740187626,0.00153259343261,67,0,4,2023-02-01,2023
2023-02,-0.25820258656021294,-0.3393253172302701,-0.3492870640776396,-1.6156224144746165,-1.0638628281400033,-0.9913015741063861,-0.33928989740187626,0.00153259343261,70,1,4,2023-02-01,2023
2023-02,-0.2593243215102441,-0.3402467165122265,-0.3492870640776396,-1.6156224144746165,-1.0638628281400033,-0.9913015741063861,-0.33928989740187626,0.00153259343261,70,0,4,2023-02-01,2023
2023-02,-0.25600691786540763,-0.3373201835750103,-0.3492870640776396,-1.6156224144746165,-1.0638628281400033,-0.9913015741063861,-0.33928989740187626,0.00153259343261,73,1,4,2023-02-01,2023
2023-02,-0.2592191588586787,-0.3402253065161761,-0.3492870640776396,-1.6156224144746165,-1.0638628281400033,-0.9913015741063861,-0.33928989740187626,0.00153259343261,73,0,4,2023-02-01,2023
2023-02,-0.2593402552453298,-0.3399272978379977,-0.3492870640776396,-1.6156224144746165,-1.0638628281400033,-0.9913015741063861,-0.33928989740187626,0.00153259343261,75,1,4,2023-02-01,2023
2023-02,-0.2575301829395977,-0.3360688914563369,-0.3492870640776396,-1.6156224144746165,-1.0638628281400033,-0.9913015741063861,-0.33928989740187626,0.00153259343261,75,0,4,2023-02-01,2023
2023-02,-0.2583077492117784,-0.3389931256563311,-0.3492870640776396,-1.6156224144746165,-1.0638628281400033,-0.9913015741063861,-0.33928989740187626,0.00153259343261,77,0,4,2023-02-01,2023
2023-02,-0.2575238094455634,-0.3381603479842616,-0.3492870640776396,-1.6156224144746165,-1.0638628281400033,-0.9913015741063861,-0.33928989740187626,0.00153259343261,77,1,4,2023-02-01,2023
2023-02,-0.2477054418857737,-0.14160188771253127,-0.3492870640776396,-1.6156224144746165,-1.0638628281400033,-0.9913015741063861,-0.33928989740187626,0.00153259343261,78,1,4,2023-02-01,2023
2023-02,-0.2554779178605634,-0.3320936822929888,-0.3492870640776396,-1.6156224144746165,-1.0638628281400033,-0.9913015741063861,-0.33928989740187626,0.00153259343261,78,0,4,2023-02-01,2023
2023-02,-0.2471987491100494,-0.28335648089295923,-0.3492870640776396,-1.6156224144746165,-1.0638628281400033,-0.9913015741063861,-0.33928989740187626,0.00153259343261,79,1,4,2023-02-01,2023
2023-02,-0.25720513474385004,-0.32565345737592943,-0.3492870640776396,-1.6156224144746165,-1.0638628281400033,-0.9913015741063861,-0.33928989740187626,0.00153259343261,79,0,4,2023-02-01,2023
2023-02,-0.1826129473137955,-0.3307020806404506,-0.3492870640776396,-1.6156224144746165,-1.0638628281400033,-0.9913015741063861,-0.33928989740187626,0.00153259343261,80,1,4,2023-02-01,2023
2023-02,-0.23791256830212104,-0.33805813593213785,-0.3492870640776396,-1.6156224144746165,-1.0638628281400033,-0.9913015741063861,-0.33928989740187626,0.00153259343261,80,0,4,2023-02-01,2023
2023-02,-0.1466345734903531,-0.2935901993150648,-0.3492870640776396,-1.6156224144746165,-1.0638628281400033,-0.9913015741063861,-0.33928989740187626,0.00153259343261,81,0,4,2023-02-01,2023
2023-02,-0.2421668755699949,-0.30663030077741377,-0.3492870640776396,-1.6156224144746165,-1.0638628281400033,-0.9913015741063861,-0.33928989740187626,0.00153259343261,81,1,4,2023-02-01,2023
2023-02,-0.2591458636772846,-0.33965299789309156,-0.3492870640776396,-1.6156224144746165,-1.0638628281400033,-0.9913015741063861,-0.33928989740187626,0.00153259343261,87,0,4,2023-02-01,2023
2023-02,-0.24820894791448087,-0.315215305231429,-0.3492870640776396,-1.6156224144746165,-1.0638628281400033,-0.9913015741063861,-0.33928989740187626,0.00153259343261,87,1,4,2023-02-01,2023
2023-02,4.5723354636988,4.6356473685145865,-0.3492870640776396,-1.6156224144746165,-1.0638628281400033,-0.9913015741063861,-0.33928989740187626,0.00153259343261,88,1,4,2023-02-01,2023
2023-02,3.946722849536113,2.4976042761785373,-0.3492870640776396,-1.6156224144746165,-1.0638628281400033,-0.9913015741063861,-0.33928989740187626,0.00153259343261,88,0,4,2023-02-01,2023
2023-02,0.22388531544479498,0.6389128779109992,-0.3492870640776396,-1.6156224144746165,-1.0638628281400033,-0.9913015741063861,-0.33928989740187626,0.00153259343261,89,0,4,2023-02-01,2023
2023-02,-0.2532631286836553,-0.2754026192695039,-0.3492870640776396,-1.6156224144746165,-1.0638628281400033,-0.9913015741063861,-0.33928989740187626,0.00153259343261,89,1,4,2023-02-01,2023
2023-02,-0.05278168708874093,0.5686312957054998,-0.3492870640776396,-1.6156224144746165,-1.0638628281400033,-0.9913015741063861,-0.33928989740187626,0.00153259343261,90,0,4,2023-02-01,2023
2023-02,-0.25918091789447306,-0.3400676169900098,-0.3492870640776396,-1.6156224144746165,-1.0638628281400033,-0.9913015741063861,-0.33928989740187626,0.00153259343261,90,1,4,2023-02-01,2023
2023-02,-0.25759073113292325,-0.3184060871495474,-0.3492870640776396,-1.6156224144746165,-1.0638628281400033,-0.9913015741063861,-0.33928989740187626,0.00153259343261,91,0,4,2023-02-01,2023
2023-02,-0.2593402552453298,-0.33837176448164863,-0.3492870640776396,-1.6156224144746165,-1.0638628281400033,-0.9913015741063861,-0.33928989740187626,0.00153259343261,94,0,4,2023-02-01,2023
2023-02,-0.2582822552356413,-0.3265222165373181,-0.3492870640776396,-1.6156224144746165,-1.0638628281400033,-0.9913015741063861,-0.33928989740187626,0.00153259343261,94,1,4,2023-02-01,2023
2023-02,-0.09336172360492474,0.10508477928662983,-0.3492870640776396,-1.6156224144746165,-1.0638628281400033,-0.9913015741063861,-0.33928989740187626,0.00153259343261,98,1,4,2023-02-01,2023
2023-02,-0.2134702186807036,-0.2912884516129956,-0.3492870640776396,-1.6156224144746165,-1.0638628281400033,-0.9913015741063861,-0.33928989740187626,0.00153259343261,98,0,4,2023-02-01,2023
2023-02,-0.25907256849589055,-0.33955905744770787,-0.3492870640776396,-1.6156224144746165,-1.0638628281400033,-0.9913015741063861,-0.33928989740187626,0.00153259343261,100,1,4,2023-02-01,2023
2023-02,-0.25940399018567245,-0.3401972022895547,-0.3492870640776396,-1.6156224144746165,-1.0638628281400033,-0.9913015741063861,-0.33928989740187626,0.00153259343261,100,0,4,2023-02-01,2023
2023-02,0.2253894600368822,0.07973603646958331,-0.3492870640776396,-1.6156224144746165,-1.0638628281400033,-0.9913015741063861,-0.33928989740187626,0.00153259343261,101,0,4,2023-02-01,2023
2023-02,1.0189308950144604,0.6559331899733297,-0.3492870640776396,-1.6156224144746165,-1.0638628281400033,-0.9913015741063861,-0.33928989740187626,0.00153259343261,101,1,4,2023-02-01,2023
2023-03,-0.17820886293611635,-0.2860952483571764,-0.3492870640776396,-1.6156224144746165,-0.9068808189446335,-0.7088455205537546,0.12943612552649408,0.0016203328015791,0,1,4,2023-03-01,2023
2023-03,-0.2546238696599715,-0.3362807119159136,-0.3492870640776396,-1.6156224144746165,-0.9068808189446335,-0.7088455205537546,0.12943612552649408,0.0016203328015791,0,0,4,2023-03-01,2023
2023-03,-0.25815797210197305,2.8102183131226504,-0.3492870640776396,-1.6156224144746165,-0.9068808189446335,-0.7088455205537546,0.12943612552649408,0.0016203328015791,1,1,4,2023-03-01,2023
2023-03,-0.2590534480137877,-0.33946860838982024,-0.3492870640776396,-1.6156224144746165,-0.9068808189446335,-0.7088455205537546,0.12943612552649408,0.0016203328015791,3,0,4,2023-03-01,2023
2023-03,-0.25920641187061016,-0.3397183532044853,-0.3492870640776396,-1.6156224144746165,-0.9068808189446335,-0.7088455205537546,0.12943612552649408,0.0016203328015791,3,1,4,2023-03-01,2023
2023-03,-0.2362554598532114,-0.22760930437998678,-0.3492870640776396,-1.6156224144746165,-0.9068808189446335,-0.7088455205537546,0.12943612552649408,0.0016203328015791,5,0,4,2023-03-01,2023
2023-03,-0.1607773567523936,0.5005927712668048,-0.3492870640776396,-1.6156224144746165,-0.9068808189446335,-0.7088455205537546,0.12943612552649408,0.0016203328015791,5,1,4,2023-03-01,2023
2023-03,-0.2590088335555478,-0.33018844271633613,-0.3492870640776396,-1.6156224144746165,-0.9068808189446335,-0.7088455205537546,0.12943612552649408,0.0016203328015791,6,0,4,2023-03-01,2023
2023-03,-0.2591171829541304,-0.3348710281463157,-0.3492870640776396,-1.6156224144746165,-0.9068808189446335,-0.7088455205537546,0.12943612552649408,0.0016203328015791,6,1,4,2023-03-01,2023
2023-03,-0.24034086952917713,-0.30905450673182505,-0.3492870640776396,-1.6156224144746165,-0.9068808189446335,-0.7088455205537546,0.12943612552649408,0.0016203328015791,8,0,4,2023-03-01,2023
2023-03,-0.1334478143334528,-0.16900797148877353,-0.3492870640776396,-1.6156224144746165,-0.9068808189446335,-0.7088455205537546,0.12943612552649408,0.0016203328015791,8,1,4,2023-03-01,2023
2023-03,-0.2587730142762799,-0.3379177013623572,-0.3492870640776396,-1.6156224144746165,-0.9068808189446335,-0.7088455205537546,0.12943612552649408,0.0016203328015791,9,1,4,2023-03-01,2023
2023-03,-0.25903114078466777,-0.33866098217312895,-0.3492870640776396,-1.6156224144746165,-0.9068808189446335,-0.7088455205537546,0.12943612552649408,0.0016203328015791,9,0,4,2023-03-01,2023
2023-03,-0.25840653836930955,-0.3395811310959269,-0.3492870640776396,-1.6156224144746165,-0.9068808189446335,-0.7088455205537546,0.12943612552649408,0.0016203328015791,18,1,4,2023-03-01,2023
2023-03,-0.25943267090882666,-0.34029298941923386,-0.3492870640776396,-1.6156224144746165,-0.9068808189446335,-0.7088455205537546,0.12943612552649408,0.0016203328015791,18,0,4,2023-03-01,2023
2023-03,-0.25942948416180955,-0.3401723297604503,-0.3492870640776396,-1.6156224144746165,-0.9068808189446335,-0.7088455205537546,0.12943612552649408,0.0016203328015791,22,1,4,2023-03-01,2023
2023-03,-0.25942311066777524,-0.33571696344399027,-0.3492870640776396,-1.6156224144746165,-0.9068808189446335,-0.7088455205537546,0.12943612552649408,0.0016203328015791,27,1,4,2023-03-01,2023
2023-03,-0.2594422311498781,-0.3402993373964995,-0.3492870640776396,-1.6156224144746165,-0.9068808189446335,-0.7088455205537546,0.12943612552649408,0.0016203328015791,36,0,4,2023-03-01,2023
2023-03,-0.25918091789447306,-0.3392077930875299,-0.3492870640776396,-1.6156224144746165,-0.9068808189446335,-0.7088455205537546,0.12943612552649408,0.0016203328015791,36,1,4,2023-03-01,2023
2023-03,-0.2524313877121834,-0.33637246904184376,-0.3492870640776396,-1.6156224144746165,-0.9068808189446335,-0.7088455205537546,0.12943612552649408,0.0016203328015791,41,1,4,2023-03-01,2023
2023-03,-0.25465573713014283,-0.33773431214641264,-0.3492870640776396,-1.6156224144746165,-0.9068808189446335,-0.7088455205537546,0.12943612552649408,0.0016203328015791,41,0,4,2023-03-01,2023
2023-03,0.4160461605779726,1.484355476368274,-0.3492870640776396,-1.6156224144746165,-0.9068808189446335,-0.7088455205537546,0.12943612552649408,0.0016203328015791,44,1,4,2023-03-01,2023
2023-03,-0.08097483794932504,-0.01750120205257357,-0.3492870640776396,-1.6156224144746165,-0.9068808189446335,-0.7088455205537546,0.12943612552649408,0.0016203328015791,44,0,4,2023-03-01,2023
2023-03,-0.2588622431927597,-0.3394368973579343,-0.3492870640776396,-1.6156224144746165,-0.9068808189446335,-0.7088455205537546,0.12943612552649408,0.0016203328015791,46,0,4,2023-03-01,2023
2023-03,-0.2579635805339279,-0.3165031366919692,-0.3492870640776396,-1.6156224144746165,-0.9068808189446335,-0.7088455205537546,0.12943612552649408,0.0016203328015791,46,1,4,2023-03-01,2023
2023-03,-0.25478639375784534,-0.3284274849684129,-0.3492870640776396,-1.6156224144746165,-0.9068808189446335,-0.7088455205537546,0.12943612552649408,0.0016203328015791,50,1,4,2023-03-01,2023
2023-03,-0.25777874920693417,-0.33155267112145326,-0.3492870640776396,-1.6156224144746165,-0.9068808189446335,-0.7088455205537546,0.12943612552649408,0.0016203328015791,50,0,4,2023-03-01,2023
2023-03,-0.25941355042672387,-0.34009418231305166,-0.3492870640776396,-1.6156224144746165,-0.9068808189446335,-0.7088455205537546,0.12943612552649408,0.0016203328015791,58,1,4,2023-03-01,2023
2023-03,-0.25922234560569585,-0.3386069955119291,-0.3492870640776396,-1.6156224144746165,-0.9068808189446335,-0.7088455205537546,0.12943612552649408,0.0016203328015791,58,0,4,2023-03-01,2023
2023-03,-0.14930188074369424,-0.19291309771229326,-0.3492870640776396,-1.6156224144746165,-0.9068808189446335,-0.7088455205537546,0.12943612552649408,0.0016203328015791,60,0,4,2023-03-01,2023
2023-03,-0.2576162251090603,-0.3266197926424085,-0.3492870640776396,-1.6156224144746165,-0.9068808189446335,-0.7088455205537546,0.12943612552649408,0.0016203328015791,67,0,4,2023-03-01,2023
2023-03,-0.25274687566687964,-0.30652101938697146,-0.3492870640776396,-1.6156224144746165,-0.9068808189446335,-0.7088455205537546,0.12943612552649408,0.0016203328015791,67,1,4,2023-03-01,2023
2023-03,-0.2593052010281413,-0.3402443504479729,-0.3492870640776396,-1.6156224144746165,-0.9068808189446335,-0.7088455205537546,0.12943612552649408,0.0016203328015791,70,0,4,2023-03-01,2023
2023-03,-0.2581611588489902,-0.3391400140029984,-0.3492870640776396,-1.6156224144746165,-0.9068808189446335,-0.7088455205537546,0.12943612552649408,0.0016203328015791,70,1,4,2023-03-01,2023
2023-03,-0.2552229780991927,-0.3367239546194113,-0.3492870640776396,-1.6156224144746165,-0.9068808189446335,-0.7088455205537546,0.12943612552649408,0.0016203328015791,73,1,4,2023-03-01,2023
2023-03,-0.259059821507822,-0.3401807552575483,-0.3492870640776396,-1.6156224144746165,-0.9068808189446335,-0.7088455205537546,0.12943612552649408,0.0016203328015791,73,0,4,2023-03-01,2023
2023-03,-0.2568163516077597,-0.33203946479625207,-0.3492870640776396,-1.6156224144746165,-0.9068808189446335,-0.7088455205537546,0.12943612552649408,0.0016203328015791,75,0,4,2023-03-01,2023
2023-03,-0.2592573998228843,-0.3392918076048256,-0.3492870640776396,-1.6156224144746165,-0.9068808189446335,-0.7088455205537546,0.12943612552649408,0.0016203328015791,75,1,4,2023-03-01,2023
2023-03,-0.2585754359612176,-0.3393311073549881,-0.3492870640776396,-1.6156224144746165,-0.9068808189446335,-0.7088455205537546,0.12943612552649408,0.0016203328015791,77,0,4,2023-03-01,2023
2023-03,-0.25774369498974564,-0.3385733512324213,-0.3492870640776396,-1.6156224144746165,-0.9068808189446335,-0.7088455205537546,0.12943612552649408,0.0016203328015791,77,1,4,2023-03-01,2023
2023-03,-0.2570935985982503,-0.33435480294055814,-0.3492870640776396,-1.6156224144746165,-0.9068808189446335,-0.7088455205537546,0.12943612552649408,0.0016203328015791,78,0,4,2023-03-01,2023
2023-03,-0.25142756240178615,-0.3067675998311511,-0.3492870640776396,-1.6156224144746165,-0.9068808189446335,-0.7088455205537546,0.12943612552649408,0.0016203328015791,78,1,4,2023-03-01,2023
2023-03,-0.2567781106435541,-0.3230749282469321,-0.3492870640776396,-1.6156224144746165,-0.9068808189446335,-0.7088455205537546,0.12943612552649408,0.0016203328015791,79,0,4,2023-03-01,2023
2023-03,-0.25007319491950425,-0.2746811524169722,-0.3492870640776396,-1.6156224144746165,-0.9068808189446335,-0.7088455205537546,0.12943612552649408,0.0016203328015791,79,1,4,2023-03-01,2023
2023-03,-0.24128414664624878,-0.3383133534726576,-0.3492870640776396,-1.6156224144746165,-0.9068808189446335,-0.7088455205537546,0.12943612552649408,0.0016203328015791,80,0,4,2023-03-01,2023
2023-03,-0.1854204714358905,-0.33097632287647244,-0.3492870640776396,-1.6156224144746165,-0.9068808189446335,-0.7088455205537546,0.12943612552649408,0.0016203328015791,80,1,4,2023-03-01,2023
2023-03,-0.14039810957782195,-0.2904023894044845,-0.3492870640776396,-1.6156224144746165,-0.9068808189446335,-0.7088455205537546,0.12943612552649408,0.0016203328015791,81,0,4,2023-03-01,2023
2023-03,-0.241147116524512,-0.30233150828202476,-0.3492870640776396,-1.6156224144746165,-0.9068808189446335,-0.7088455205537546,0.12943612552649408,0.0016203328015791,81,1,4,2023-03-01,2023
2023-03,-0.25937212271550114,-0.340073849549507,-0.3492870640776396,-1.6156224144746165,-0.9068808189446335,-0.7088455205537546,0.12943612552649408,0.0016203328015791,83,1,4,2023-03-01,2023
2023-03,-0.24702347802410704,-0.31176770916032714,-0.3492870640776396,-1.6156224144746165,-0.9068808189446335,-0.7088455205537546,0.12943612552649408,0.0016203328015791,87,1,4,2023-03-01,2023
2023-03,-0.2588622431927597,-0.33903559939512645,-0.3492870640776396,-1.6156224144746165,-0.9068808189446335,-0.7088455205537546,0.12943612552649408,0.0016203328015791,87,0,4,2023-03-01,2023
2023-03,4.975302810762406,4.954499139519133,-0.3492870640776396,-1.6156224144746165,-0.9068808189446335,-0.7088455205537546,0.12943612552649408,0.0016203328015791,88,1,4,2023-03-01,2023
2023-03,4.45267311320542,2.6549958706117924,-0.3492870640776396,-1.6156224144746165,-0.9068808189446335,-0.7088455205537546,0.12943612552649408,0.0016203328015791,88,0,4,2023-03-01,2023
2023-03,-0.25311653832086717,-0.2761130733432945,-0.3492870640776396,-1.6156224144746165,-0.9068808189446335,-0.7088455205537546,0.12943612552649408,0.0016203328015791,89,1,4,2023-03-01,2023
2023-03,0.4463457512168823,1.0554097257407238,-0.3492870640776396,-1.6156224144746165,-0.9068808189446335,-0.7088455205537546,0.12943612552649408,0.0016203328015791,89,0,4,2023-03-01,2023
2023-03,-0.0228421988627674,0.702154899582239,-0.3492870640776396,-1.6156224144746165,-0.9068808189446335,-0.7088455205537546,0.12943612552649408,0.0016203328015791,90,0,4,2023-03-01,2023
2023-03,-0.2591904781355245,-0.3398361947460887,-0.3492870640776396,-1.6156224144746165,-0.9068808189446335,-0.7088455205537546,0.12943612552649408,0.0016203328015791,90,1,4,2023-03-01,2023
2023-03,-0.25688008654810235,-0.3166628171746415,-0.3492870640776396,-1.6156224144746165,-0.9068808189446335,-0.7088455205537546,0.12943612552649408,0.0016203328015791,91,0,4,2023-03-01,2023
2023-03,-0.2593625624744497,-0.3396395421049179,-0.3492870640776396,-1.6156224144746165,-0.9068808189446335,-0.7088455205537546,0.12943612552649408,0.0016203328015791,94,0,4,2023-03-01,2023
2023-03,-0.2583013757177441,-0.32680400901902706,-0.3492870640776396,-1.6156224144746165,-0.9068808189446335,-0.7088455205537546,0.12943612552649408,0.0016203328015791,94,1,4,2023-03-01,2023
2023-03,-0.23010185136312572,-0.3092666926810019,-0.3492870640776396,-1.6156224144746165,-0.9068808189446335,-0.7088455205537546,0.12943612552649408,0.0016203328015791,98,0,4,2023-03-01,2023
2023-03,-0.1454140493827908,0.07752865241138218,-0.3492870640776396,-1.6156224144746165,-0.9068808189446335,-0.7088455205537546,0.12943612552649408,0.0016203328015791,98,1,4,2023-03-01,2023
2023-03,-0.2591841046414902,-0.3397160640854107,-0.3492870640776396,-1.6156224144746165,-0.9068808189446335,-0.7088455205537546,0.12943612552649408,0.0016203328015791,100,1,4,2023-03-01,2023
2023-03,-0.25938486970356966,-0.34017459964323016,-0.3492870640776396,-1.6156224144746165,-0.9068808189446335,-0.7088455205537546,0.12943612552649408,0.0016203328015791,100,0,4,2023-03-01,2023
2023-03,1.0422164554686582,0.620096136373237,-0.3492870640776396,-1.6156224144746165,-0.9068808189446335,-0.7088455205537546,0.12943612552649408,0.0016203328015791,101,1,4,2023-03-01,2023
2023-03,0.25871008684803487,0.06767466806567611,-0.3492870640776396,-1.6156224144746165,-0.9068808189446335,-0.7088455205537546,0.12943612552649408,0.0016203328015791,101,0,4,2023-03-01,2023
2023-04,-0.14775312169336713,-0.2909199803871689,-0.11466715110464035,-0.009954992334454328,-0.7852588286095857,-0.867354338611316,0.08931552648669619,0.00150854701828,0,1,4,2023-04-01,2023
2023-04,-0.25466211062417715,-0.3357410857575996,-0.11466715110464035,-0.009954992334454328,-0.7852588286095857,-0.867354338611316,0.08931552648669619,0.00150854701828,0,0,4,2023-04-01,2023
2023-04,-0.2588176287345198,-0.24675795856541416,-0.11466715110464035,-0.009954992334454328,-0.7852588286095857,-0.867354338611316,0.08931552648669619,0.00150854701828,1,1,4,2023-04-01,2023
2023-04,-0.25916817090640454,-0.3396085235796428,-0.11466715110464035,-0.009954992334454328,-0.7852588286095857,-0.867354338611316,0.08931552648669619,0.00150854701828,3,0,4,2023-04-01,2023
2023-04,-0.25909168897799334,-0.33927750541968316,-0.11466715110464035,-0.009954992334454328,-0.7852588286095857,-0.867354338611316,0.08931552648669619,0.00150854701828,3,1,4,2023-04-01,2023
2023-04,-0.13353704324993254,0.9225986342213129,-0.11466715110464035,-0.009954992334454328,-0.7852588286095857,-0.867354338611316,0.08931552648669619,0.00150854701828,5,1,4,2023-04-01,2023
2023-04,-0.2284288091791304,-0.15765990413027903,-0.11466715110464035,-0.009954992334454328,-0.7852588286095857,-0.867354338611316,0.08931552648669619,0.00150854701828,5,0,4,2023-04-01,2023
2023-04,-0.2591458636772846,-0.33589548587736456,-0.11466715110464035,-0.009954992334454328,-0.7852588286095857,-0.867354338611316,0.08931552648669619,0.00150854701828,6,1,4,2023-04-01,2023
2023-04,-0.25907575524290766,-0.33236658760652593,-0.11466715110464035,-0.009954992334454328,-0.7852588286095857,-0.867354338611316,0.08931552648669619,0.00150854701828,6,0,4,2023-04-01,2023
2023-04,-0.23521658032562573,-0.2992971943853564,-0.11466715110464035,-0.009954992334454328,-0.7852588286095857,-0.867354338611316,0.08931552648669619,0.00150854701828,8,0,4,2023-04-01,2023
2023-04,-0.12631906125612413,-0.14990298369241564,-0.11466715110464035,-0.009954992334454328,-0.7852588286095857,-0.867354338611316,0.08931552648669619,0.00150854701828,8,1,4,2023-04-01,2023
2023-04,-0.2588335624696055,-0.3377932521535091,-0.11466715110464035,-0.009954992334454328,-0.7852588286095857,-0.867354338611316,0.08931552648669619,0.00150854701828,9,1,4,2023-04-01,2023
2023-04,-0.25920641187061016,-0.3392381191061943,-0.11466715110464035,-0.009954992334454328,-0.7852588286095857,-0.867354338611316,0.08931552648669619,0.00150854701828,9,0,4,2023-04-01,2023
2023-04,-0.25942948416180955,-0.3402930856007076,-0.11466715110464035,-0.009954992334454328,-0.7852588286095857,-0.867354338611316,0.08931552648669619,0.00150854701828,18,0,4,2023-04-01,2023
2023-04,-0.2581037974026818,-0.33887354323005325,-0.11466715110464035,-0.009954992334454328,-0.7852588286095857,-0.867354338611316,0.08931552648669619,0.00150854701828,18,1,4,2023-04-01,2023
2023-04,-0.2594071769326896,-0.3402098405352017,-0.11466715110464035,-0.009954992334454328,-0.7852588286095857,-0.867354338611316,0.08931552648669619,0.00150854701828,22,1,4,2023-04-01,2023
2023-04,-0.25935618898041546,-0.3401450623126503,-0.11466715110464035,-0.009954992334454328,-0.7852588286095857,-0.867354338611316,0.08931552648669619,0.00150854701828,27,0,4,2023-04-01,2023
2023-04,-0.257989074510065,-0.33361789896149413,-0.11466715110464035,-0.009954992334454328,-0.7852588286095857,-0.867354338611316,0.08931552648669619,0.00150854701828,27,1,4,2023-04-01,2023
2023-04,-0.2594422311498781,-0.34026629906027617,-0.11466715110464035,-0.009954992334454328,-0.7852588286095857,-0.867354338611316,0.08931552648669619,0.00150854701828,28,0,4,2023-04-01,2023
2023-04,-0.2594358576558438,-0.34018584325750817,-0.11466715110464035,-0.009954992334454328,-0.7852588286095857,-0.867354338611316,0.08931552648669619,0.00150854701828,36,0,4,2023-04-01,2023
2023-04,-0.25924146608779863,-0.3397421004103471,-0.11466715110464035,-0.009954992334454328,-0.7852588286095857,-0.867354338611316,0.08931552648669619,0.00150854701828,36,1,4,2023-04-01,2023
2023-04,-0.25355630940923163,-0.3367543094925178,-0.11466715110464035,-0.009954992334454328,-0.7852588286095857,-0.867354338611316,0.08931552648669619,0.00150854701828,41,0,4,2023-04-01,2023
2023-04,-0.2511981166165525,-0.3353640255261695,-0.11466715110464035,-0.009954992334454328,-0.7852588286095857,-0.867354338611316,0.08931552648669619,0.00150854701828,41,1,4,2023-04-01,2023
2023-04,0.44197990780340873,1.4633488654186755,-0.11466715110464035,-0.009954992334454328,-0.7852588286095857,-0.867354338611316,0.08931552648669619,0.00150854701828,44,1,4,2023-04-01,2023
2023-04,-0.059301771485797,0.001557609018250647,-0.11466715110464035,-0.009954992334454328,-0.7852588286095857,-0.867354338611316,0.08931552648669619,0.00150854701828,44,0,4,2023-04-01,2023
2023-04,-0.2587730142762799,-0.339365194069275,-0.11466715110464035,-0.009954992334454328,-0.7852588286095857,-0.867354338611316,0.08931552648669619,0.00150854701828,46,0,4,2023-04-01,2023
2023-04,-0.25807830342654475,-0.3300171723660804,-0.11466715110464035,-0.009954992334454328,-0.7852588286095857,-0.867354338611316,0.08931552648669619,0.00150854701828,46,1,4,2023-04-01,2023
2023-04,-0.25703942389895906,-0.3262899382782809,-0.11466715110464035,-0.009954992334454328,-0.7852588286095857,-0.867354338611316,0.08931552648669619,0.00150854701828,50,0,4,2023-04-01,2023
2023-04,-0.2533491708531179,-0.32506498064711237,-0.11466715110464035,-0.009954992334454328,-0.7852588286095857,-0.867354338611316,0.08931552648669619,0.00150854701828,50,1,4,2023-04-01,2023
2023-04,-0.25924465283481574,-0.33874725695505703,-0.11466715110464035,-0.009954992334454328,-0.7852588286095857,-0.867354338611316,0.08931552648669619,0.00150854701828,58,0,4,2023-04-01,2023
2023-04,-0.259416737173741,-0.34001796811327484,-0.11466715110464035,-0.009954992334454328,-0.7852588286095857,-0.867354338611316,0.08931552648669619,0.00150854701828,58,1,4,2023-04-01,2023
2023-04,-0.14993604340010389,-0.17416264444621987,-0.11466715110464035,-0.009954992334454328,-0.7852588286095857,-0.867354338611316,0.08931552648669619,0.00150854701828,60,0,4,2023-04-01,2023
2023-04,-0.2561439479871444,-0.30868451583871354,-0.11466715110464035,-0.009954992334454328,-0.7852588286095857,-0.867354338611316,0.08931552648669619,0.00150854701828,67,0,4,2023-04-01,2023
2023-04,-0.2507073575759139,-0.2898351014543282,-0.11466715110464035,-0.009954992334454328,-0.7852588286095857,-0.867354338611316,0.08931552648669619,0.00150854701828,67,1,4,2023-04-01,2023
2023-04,-0.258084676920579,-0.3391564514168574,-0.11466715110464035,-0.009954992334454328,-0.7852588286095857,-0.867354338611316,0.08931552648669619,0.00150854701828,70,1,4,2023-04-01,2023
2023-04,-0.259321134763227,-0.3402404262438451,-0.11466715110464035,-0.009954992334454328,-0.7852588286095857,-0.867354338611316,0.08931552648669619,0.00150854701828,70,0,4,2023-04-01,2023
2023-04,-0.2561694419632815,-0.33792781003524536,-0.11466715110464035,-0.009954992334454328,-0.7852588286095857,-0.867354338611316,0.08931552648669619,0.00150854701828,73,1,4,2023-04-01,2023
2023-04,-0.25918091789447306,-0.3402187084670788,-0.11466715110464035,-0.009954992334454328,-0.7852588286095857,-0.867354338611316,0.08931552648669619,0.00150854701828,73,0,4,2023-04-01,2023
2023-04,-0.25927333355796994,-0.3399581240003254,-0.11466715110464035,-0.009954992334454328,-0.7852588286095857,-0.867354338611316,0.08931552648669619,0.00150854701828,75,1,4,2023-04-01,2023
2023-04,-0.2567717371495198,-0.32149716735200606,-0.11466715110464035,-0.009954992334454328,-0.7852588286095857,-0.867354338611316,0.08931552648669619,0.00150854701828,75,0,4,2023-04-01,2023
2023-04,-0.2566920684740915,-0.3370984660417877,-0.11466715110464035,-0.009954992334454328,-0.7852588286095857,-0.867354338611316,0.08931552648669619,0.00150854701828,77,1,4,2023-04-01,2023
2023-04,-0.2579635805339279,-0.3384957904920124,-0.11466715110464035,-0.009954992334454328,-0.7852588286095857,-0.867354338611316,0.08931552648669619,0.00150854701828,77,0,4,2023-04-01,2023
2023-04,-0.24730072501459768,-0.2981860482920424,-0.11466715110464035,-0.009954992334454328,-0.7852588286095857,-0.867354338611316,0.08931552648669619,0.00150854701828,78,1,4,2023-04-01,2023
2023-04,-0.25555758653599175,-0.33216247128299436,-0.11466715110464035,-0.009954992334454328,-0.7852588286095857,-0.867354338611316,0.08931552648669619,0.00150854701828,78,0,4,2023-04-01,2023
2023-04,-0.2560547190706647,-0.31603145312669206,-0.11466715110464035,-0.009954992334454328,-0.7852588286095857,-0.867354338611316,0.08931552648669619,0.00150854701828,79,0,4,2023-04-01,2023
2023-04,-0.24656458645363974,-0.26361377145323894,-0.11466715110464035,-0.009954992334454328,-0.7852588286095857,-0.867354338611316,0.08931552648669619,0.00150854701828,79,1,4,2023-04-01,2023
2023-04,-0.23451868272887338,-0.3377391212200987,-0.11466715110464035,-0.009954992334454328,-0.7852588286095857,-0.867354338611316,0.08931552648669619,0.00150854701828,80,0,4,2023-04-01,2023
2023-04,-0.172918862887674,-0.3292421709052754,-0.11466715110464035,-0.009954992334454328,-0.7852588286095857,-0.867354338611316,0.08931552648669619,0.00150854701828,80,1,4,2023-04-01,2023
2023-04,-0.21238991144189517,-0.3188988536938643,-0.11466715110464035,-0.009954992334454328,-0.7852588286095857,-0.867354338611316,0.08931552648669619,0.00150854701828,81,0,4,2023-04-01,2023
2023-04,-0.2435849779926195,-0.317789121468214,-0.11466715110464035,-0.009954992334454328,-0.7852588286095857,-0.867354338611316,0.08931552648669619,0.00150854701828,81,1,4,2023-04-01,2023
2023-04,-0.2590502612667706,-0.33931463146853963,-0.11466715110464035,-0.009954992334454328,-0.7852588286095857,-0.867354338611316,0.08931552648669619,0.00150854701828,87,0,4,2023-04-01,2023
2023-04,-0.25010187564265846,-0.3213946859917559,-0.11466715110464035,-0.009954992334454328,-0.7852588286095857,-0.867354338611316,0.08931552648669619,0.00150854701828,87,1,4,2023-04-01,2023
2023-04,4.954324455148613,3.1612539537561086,-0.11466715110464035,-0.009954992334454328,-0.7852588286095857,-0.867354338611316,0.08931552648669619,0.00150854701828,88,0,4,2023-04-01,2023
2023-04,5.334971826104213,5.416370347792428,-0.11466715110464035,-0.009954992334454328,-0.7852588286095857,-0.867354338611316,0.08931552648669619,0.00150854701828,88,1,4,2023-04-01,2023
2023-04,0.2009885381266875,0.5871635516802888,-0.11466715110464035,-0.009954992334454328,-0.7852588286095857,-0.867354338611316,0.08931552648669619,0.00150854701828,89,0,4,2023-04-01,2023
2023-04,-0.2546143094189201,-0.26647664187299885,-0.11466715110464035,-0.009954992334454328,-0.7852588286095857,-0.867354338611316,0.08931552648669619,0.00150854701828,89,1,4,2023-04-01,2023
2023-04,-0.06992957278793875,0.4240034733605921,-0.11466715110464035,-0.009954992334454328,-0.7852588286095857,-0.867354338611316,0.08931552648669619,0.00150854701828,90,0,4,2023-04-01,2023
2023-04,-0.25923509259376437,-0.34012882687988616,-0.11466715110464035,-0.009954992334454328,-0.7852588286095857,-0.867354338611316,0.08931552648669619,0.00150854701828,90,1,4,2023-04-01,2023
2023-04,-0.25787435161744815,-0.324363913885157,-0.11466715110464035,-0.009954992334454328,-0.7852588286095857,-0.867354338611316,0.08931552648669619,0.00150854701828,91,0,4,2023-04-01,2023
2023-04,-0.2585244480089435,-0.3284346120156157,-0.11466715110464035,-0.009954992334454328,-0.7852588286095857,-0.867354338611316,0.08931552648669619,0.00150854701828,94,1,4,2023-04-01,2023
2023-04,-0.259368935968484,-0.33983391524516154,-0.11466715110464035,-0.009954992334454328,-0.7852588286095857,-0.867354338611316,0.08931552648669619,0.00150854701828,94,0,4,2023-04-01,2023
2023-04,-0.10299844658473783,0.08570946384023057,-0.11466715110464035,-0.009954992334454328,-0.7852588286095857,-0.867354338611316,0.08931552648669619,0.00150854701828,98,1,4,2023-04-01,2023
2023-04,-0.20850208008099175,-0.28200536202271037,-0.11466715110464035,-0.009954992334454328,-0.7852588286095857,-0.867354338611316,0.08931552648669619,0.00150854701828,98,0,4,2023-04-01,2023
2023-04,-0.2588271889755712,-0.3387998586030353,-0.11466715110464035,-0.009954992334454328,-0.7852588286095857,-0.867354338611316,0.08931552648669619,0.00150854701828,100,1,4,2023-04-01,2023
2023-04,-0.2591841046414902,-0.33969648153736104,-0.11466715110464035,-0.009954992334454328,-0.7852588286095857,-0.867354338611316,0.08931552648669619,0.00150854701828,100,0,4,2023-04-01,2023
2023-04,0.33409577428535575,0.18228055909354032,-0.11466715110464035,-0.009954992334454328,-0.7852588286095857,-0.867354338611316,0.08931552648669619,0.00150854701828,101,0,4,2023-04-01,2023
2023-04,1.1511522155023655,0.7946724747162967,-0.11466715110464035,-0.009954992334454328,-0.7852588286095857,-0.867354338611316,0.08931552648669619,0.00150854701828,101,1,4,2023-04-01,2023
2023-05,-0.18324710997020516,-0.2997075430248414,-0.11466715110464035,-0.009954992334454328,-0.8971729741327705,-1.0010395812781185,0.4132159723933571,0.0017392556432258,0,1,4,2023-05-01,2023
2023-05,-0.25433387568141236,-0.33626642896706593,-0.11466715110464035,-0.009954992334454328,-0.8971729741327705,-1.0010395812781185,0.4132159723933571,0.0017392556432258,0,0,4,2023-05-01,2023
2023-05,-0.2589004841569653,-0.2985884042510612,-0.11466715110464035,-0.009954992334454328,-0.8971729741327705,-1.0010395812781185,0.4132159723933571,0.0017392556432258,1,1,4,2023-05-01,2023
2023-05,-0.25927014681095284,-0.33984303324887033,-0.11466715110464035,-0.009954992334454328,-0.8971729741327705,-1.0010395812781185,0.4132159723933571,0.0017392556432258,3,1,4,2023-05-01,2023
2023-05,-0.25910443596606186,-0.3395183823024711,-0.11466715110464035,-0.009954992334454328,-0.8971729741327705,-1.0010395812781185,0.4132159723933571,0.0017392556432258,3,0,4,2023-05-01,2023
2023-05,-0.168922682128188,0.4102498688717356,-0.11466715110464035,-0.009954992334454328,-0.8971729741327705,-1.0010395812781185,0.4132159723933571,0.0017392556432258,5,1,4,2023-05-01,2023
2023-05,-0.2350827369509061,-0.23370717134133479,-0.11466715110464035,-0.009954992334454328,-0.8971729741327705,-1.0010395812781185,0.4132159723933571,0.0017392556432258,5,0,4,2023-05-01,2023
2023-05,-0.25904707451975345,-0.3315391960969849,-0.11466715110464035,-0.009954992334454328,-0.8971729741327705,-1.0010395812781185,0.4132159723933571,0.0017392556432258,6,0,4,2023-05-01,2023
2023-05,-0.25917773114745596,-0.3364595517481511,-0.11466715110464035,-0.009954992334454328,-0.8971729741327705,-1.0010395812781185,0.4132159723933571,0.0017392556432258,6,1,4,2023-05-01,2023
2023-05,-0.23831409842627993,-0.3057963689276596,-0.11466715110464035,-0.009954992334454328,-0.8971729741327705,-1.0010395812781185,0.4132159723933571,0.0017392556432258,8,0,4,2023-05-01,2023
2023-05,-0.13217948902063348,-0.16932236949007407,-0.11466715110464035,-0.009954992334454328,-0.8971729741327705,-1.0010395812781185,0.4132159723933571,0.0017392556432258,8,1,4,2023-05-01,2023
2023-05,-0.2585626889731491,-0.3370661779210595,-0.11466715110464035,-0.009954992334454328,-0.8971729741327705,-1.0010395812781185,0.4132159723933571,0.0017392556432258,9,1,4,2023-05-01,2023
2023-05,-0.2590885022309762,-0.33875413393042814,-0.11466715110464035,-0.009954992334454328,-0.8971729741327705,-1.0010395812781185,0.4132159723933571,0.0017392556432258,9,0,4,2023-05-01,2023
2023-05,-0.2593625624744497,-0.34020056864113496,-0.11466715110464035,-0.009954992334454328,-0.8971729741327705,-1.0010395812781185,0.4132159723933571,0.0017392556432258,18,0,4,2023-05-01,2023
2023-05,-0.2585626889731491,-0.3386652814850043,-0.11466715110464035,-0.009954992334454328,-0.8971729741327705,-1.0010395812781185,0.4132159723933571,0.0017392556432258,18,1,4,2023-05-01,2023
2023-05,-0.2594422311498781,-0.34030313656471145,-0.11466715110464035,-0.009954992334454328,-0.8971729741327705,-1.0010395812781185,0.4132159723933571,0.0017392556432258,22,1,4,2023-05-01,2023
2023-05,-0.2594262974147924,-0.34029760612997245,-0.11466715110464035,-0.009954992334454328,-0.8971729741327705,-1.0010395812781185,0.4132159723933571,0.0017392556432258,27,0,4,2023-05-01,2023
2023-05,-0.2577946829420198,-0.33453974067822967,-0.11466715110464035,-0.009954992334454328,-0.8971729741327705,-1.0010395812781185,0.4132159723933571,0.0017392556432258,27,1,4,2023-05-01,2023
2023-05,-0.2594422311498781,-0.3402807743720712,-0.11466715110464035,-0.009954992334454328,-0.8971729741327705,-1.0010395812781185,0.4132159723933571,0.0017392556432258,28,0,4,2023-05-01,2023
2023-05,-0.2594390444028609,-0.3402456681341629,-0.11466715110464035,-0.009954992334454328,-0.8971729741327705,-1.0010395812781185,0.4132159723933571,0.0017392556432258,28,1,4,2023-05-01,2023
2023-05,-0.2594262974147924,-0.3402712235517307,-0.11466715110464035,-0.009954992334454328,-0.8971729741327705,-1.0010395812781185,0.4132159723933571,0.0017392556432258,36,0,4,2023-05-01,2023
2023-05,-0.25913630343623323,-0.3389660698077733,-0.11466715110464035,-0.009954992334454328,-0.8971729741327705,-1.0010395812781185,0.4132159723933571,0.0017392556432258,36,1,4,2023-05-01,2023
2023-05,-0.2538845443519964,-0.33716723579549857,-0.11466715110464035,-0.009954992334454328,-0.8971729741327705,-1.0010395812781185,0.4132159723933571,0.0017392556432258,41,0,4,2023-05-01,2023
2023-05,-0.2519693093946989,-0.3362193096630898,-0.11466715110464035,-0.009954992334454328,-0.8971729741327705,-1.0010395812781185,0.4132159723933571,0.0017392556432258,41,1,4,2023-05-01,2023
2023-05,-0.07052230773312566,-0.013518259898738309,-0.11466715110464035,-0.009954992334454328,-0.8971729741327705,-1.0010395812781185,0.4132159723933571,0.0017392556432258,44,0,4,2023-05-01,2023
2023-05,0.3922985218062904,1.3236780823390113,-0.11466715110464035,-0.009954992334454328,-0.8971729741327705,-1.0010395812781185,0.4132159723933571,0.0017392556432258,44,1,4,2023-05-01,2023
2023-05,-0.25830456246476124,-0.32308442135838844,-0.11466715110464035,-0.009954992334454328,-0.8971729741327705,-1.0010395812781185,0.4132159723933571,0.0017392556432258,46,1,4,2023-05-01,2023
2023-05,-0.2589801528323936,-0.33965610455469275,-0.11466715110464035,-0.009954992334454328,-0.8971729741327705,-1.0010395812781185,0.4132159723933571,0.0017392556432258,46,0,4,2023-05-01,2023
2023-05,-0.2543402491754466,-0.3283319863831549,-0.11466715110464035,-0.009954992334454328,-0.8971729741327705,-1.0010395812781185,0.4132159723933571,0.0017392556432258,50,1,4,2023-05-01,2023
2023-05,-0.25806874318549333,-0.32935584778906674,-0.11466715110464035,-0.009954992334454328,-0.8971729741327705,-1.0010395812781185,0.4132159723933571,0.0017392556432258,50,0,4,2023-05-01,2023
2023-05,-0.25919366488254164,-0.33855799105106804,-0.11466715110464035,-0.009954992334454328,-0.8971729741327705,-1.0010395812781185,0.4132159723933571,0.0017392556432258,58,0,4,2023-05-01,2023
2023-05,-0.25940399018567245,-0.33963122240744104,-0.11466715110464035,-0.009954992334454328,-0.8971729741327705,-1.0010395812781185,0.4132159723933571,0.0017392556432258,58,1,4,2023-05-01,2023
2023-05,-0.1527053265579933,-0.19674758376143953,-0.11466715110464035,-0.009954992334454328,-0.8971729741327705,-1.0010395812781185,0.4132159723933571,0.0017392556432258,60,0,4,2023-05-01,2023
2023-05,-0.25743139378206653,-0.32395088178255516,-0.11466715110464035,-0.009954992334454328,-0.8971729741327705,-1.0010395812781185,0.4132159723933571,0.0017392556432258,67,0,4,2023-05-01,2023
2023-05,-0.25308785759771296,-0.30415300264950823,-0.11466715110464035,-0.009954992334454328,-0.8971729741327705,-1.0010395812781185,0.4132159723933571,0.0017392556432258,67,1,4,2023-05-01,2023
2023-05,-0.2592892672930556,-0.34021678483760437,-0.11466715110464035,-0.009954992334454328,-0.8971729741327705,-1.0010395812781185,0.4132159723933571,0.0017392556432258,70,0,4,2023-05-01,2023
2023-05,-0.2581770925840759,-0.3393939811843598,-0.11466715110464035,-0.009954992334454328,-0.8971729741327705,-1.0010395812781185,0.4132159723933571,0.0017392556432258,70,1,4,2023-05-01,2023
2023-05,-0.2556723094286086,-0.33775660701202126,-0.11466715110464035,-0.009954992334454328,-0.8971729741327705,-1.0010395812781185,0.4132159723933571,0.0017392556432258,73,1,4,2023-05-01,2023
2023-05,-0.25907575524290766,-0.3402029635598306,-0.11466715110464035,-0.009954992334454328,-0.8971729741327705,-1.0010395812781185,0.4132159723933571,0.0017392556432258,73,0,4,2023-05-01,2023
2023-05,-0.2567812973905712,-0.33204226367713735,-0.11466715110464035,-0.009954992334454328,-0.8971729741327705,-1.0010395812781185,0.4132159723933571,0.0017392556432258,75,0,4,2023-05-01,2023
2023-05,-0.25925421307586716,-0.33987373437528223,-0.11466715110464035,-0.009954992334454328,-0.8971729741327705,-1.0010395812781185,0.4132159723933571,0.0017392556432258,75,1,4,2023-05-01,2023
2023-05,-0.25868059861278303,-0.3394272022653832,-0.11466715110464035,-0.009954992334454328,-0.8971729741327705,-1.0010395812781185,0.4132159723933571,0.0017392556432258,77,0,4,2023-05-01,2023
2023-05,-0.2576257853501117,-0.33856352148580704,-0.11466715110464035,-0.009954992334454328,-0.8971729741327705,-1.0010395812781185,0.4132159723933571,0.0017392556432258,77,1,4,2023-05-01,2023
2023-05,-0.2519246949364591,-0.304557426510212,-0.11466715110464035,-0.009954992334454328,-0.8971729741327705,-1.0010395812781185,0.4132159723933571,0.0017392556432258,78,1,4,2023-05-01,2023
2023-05,-0.25671118895619427,-0.33385159108819507,-0.11466715110464035,-0.009954992334454328,-0.8971729741327705,-1.0010395812781185,0.4132159723933571,0.0017392556432258,78,0,4,2023-05-01,2023
2023-05,-0.2508412009506335,-0.2797303527703357,-0.11466715110464035,-0.009954992334454328,-0.8971729741327705,-1.0010395812781185,0.4132159723933571,0.0017392556432258,79,1,4,2023-05-01,2023
2023-05,-0.25645624919482357,-0.32214285282139266,-0.11466715110464035,-0.009954992334454328,-0.8971729741327705,-1.0010395812781185,0.4132159723933571,0.0017392556432258,79,0,4,2023-05-01,2023
2023-05,-0.18115341717994812,-0.33062048027814533,-0.11466715110464035,-0.009954992334454328,-0.8971729741327705,-1.0010395812781185,0.4132159723933571,0.0017392556432258,80,1,4,2023-05-01,2023
2023-05,-0.23807827914701202,-0.3380552023971894,-0.11466715110464035,-0.009954992334454328,-0.8971729741327705,-1.0010395812781185,0.4132159723933571,0.0017392556432258,80,0,4,2023-05-01,2023
2023-05,-0.22663467060848397,-0.32315952947121745,-0.11466715110464035,-0.009954992334454328,-0.8971729741327705,-1.0010395812781185,0.4132159723933571,0.0017392556432258,81,0,4,2023-05-01,2023
2023-05,-0.2417749056868874,-0.3167122255976922,-0.11466715110464035,-0.009954992334454328,-0.8971729741327705,-1.0010395812781185,0.4132159723933571,0.0017392556432258,81,1,4,2023-05-01,2023
2023-05,-0.2593498154863812,-0.3399296350478091,-0.11466715110464035,-0.009954992334454328,-0.8971729741327705,-1.0010395812781185,0.4132159723933571,0.0017392556432258,83,1,4,2023-05-01,2023
2023-05,-0.2589960865674793,-0.33922285510631467,-0.11466715110464035,-0.009954992334454328,-0.8971729741327705,-1.0010395812781185,0.4132159723933571,0.0017392556432258,87,0,4,2023-05-01,2023
2023-05,-0.2449743996920899,-0.32026741026529887,-0.11466715110464035,-0.009954992334454328,-0.8971729741327705,-1.0010395812781185,0.4132159723933571,0.0017392556432258,87,1,4,2023-05-01,2023
2023-05,5.041819781251043,4.948835724274585,-0.11466715110464035,-0.009954992334454328,-0.8971729741327705,-1.0010395812781185,0.4132159723933571,0.0017392556432258,88,1,4,2023-05-01,2023
2023-05,4.73239301938137,2.8618259640425694,-0.11466715110464035,-0.009954992334454328,-0.8971729741327705,-1.0010395812781185,0.4132159723933571,0.0017392556432258,88,0,4,2023-05-01,2023
2023-05,0.2547425868117031,0.7053317736592571,-0.11466715110464035,-0.009954992334454328,-0.8971729741327705,-1.0010395812781185,0.4132159723933571,0.0017392556432258,89,0,4,2023-05-01,2023
2023-05,-0.2541331106193329,-0.27325416560025184,-0.11466715110464035,-0.009954992334454328,-0.8971729741327705,-1.0010395812781185,0.4132159723933571,0.0017392556432258,89,1,4,2023-05-01,2023
2023-05,-0.25923509259376437,-0.3401354345471308,-0.11466715110464035,-0.009954992334454328,-0.8971729741327705,-1.0010395812781185,0.4132159723933571,0.0017392556432258,90,1,4,2023-05-01,2023
2023-05,-0.021194650654909143,0.5906776476223217,-0.11466715110464035,-0.009954992334454328,-0.8971729741327705,-1.0010395812781185,0.4132159723933571,0.0017392556432258,90,0,4,2023-05-01,2023
2023-05,-0.256943821488445,-0.3119175598963851,-0.11466715110464035,-0.009954992334454328,-0.8971729741327705,-1.0010395812781185,0.4132159723933571,0.0017392556432258,91,0,4,2023-05-01,2023
2023-05,-0.2583969781282581,-0.32862827341295375,-0.11466715110464035,-0.009954992334454328,-0.8971729741327705,-1.0010395812781185,0.4132159723933571,0.0017392556432258,94,1,4,2023-05-01,2023
2023-05,-0.2593402552453298,-0.3392938274157737,-0.11466715110464035,-0.009954992334454328,-0.8971729741327705,-1.0010395812781185,0.4132159723933571,0.0017392556432258,94,0,4,2023-05-01,2023
2023-05,-0.16333312786013504,0.03781410040709502,-0.11466715110464035,-0.009954992334454328,-0.8971729741327705,-1.0010395812781185,0.4132159723933571,0.0017392556432258,98,1,4,2023-05-01,2023
2023-05,-0.22927648388568803,-0.3083038295657242,-0.11466715110464035,-0.009954992334454328,-0.8971729741327705,-1.0010395812781185,0.4132159723933571,0.0017392556432258,98,0,4,2023-05-01,2023
2023-05,-0.2592637733169186,-0.3396884984750421,-0.11466715110464035,-0.009954992334454328,-0.8971729741327705,-1.0010395812781185,0.4132159723933571,0.0017392556432258,100,1,4,2023-05-01,2023
2023-05,-0.2593816829565525,-0.3401970003084599,-0.11466715110464035,-0.009954992334454328,-0.8971729741327705,-1.0010395812781185,0.4132159723933571,0.0017392556432258,100,0,4,2023-05-01,2023
2023-05,0.29826399082470156,0.12562576610379575,-0.11466715110464035,-0.009954992334454328,-0.8971729741327705,-1.0010395812781185,0.4132159723933571,0.0017392556432258,101,0,4,2023-05-01,2023
2023-05,1.0385580698929884,0.6807494721518544,-0.11466715110464035,-0.009954992334454328,-0.8971729741327705,-1.0010395812781185,0.4132159723933571,0.0017392556432258,101,1,4,2023-05-01,2023
2023-06,-0.2538335563997223,-0.3349006424220745,-0.11466715110464035,-0.009954992334454328,-0.757505160292548,-0.8810258628811306,0.2801330097247593,0.0015683547047882,0,0,4,2023-06-01,2023
2023-06,-0.16032165192894346,-0.2791692492889397,-0.11466715110464035,-0.009954992334454328,-0.757505160292548,-0.8810258628811306,0.2801330097247593,0.0015683547047882,0,1,4,2023-06-01,2023
2023-06,-0.2585786227082348,-0.11263721200907564,-0.11466715110464035,-0.009954992334454328,-0.757505160292548,-0.8810258628811306,0.2801330097247593,0.0015683547047882,1,1,4,2023-06-01,2023
2023-06,-0.2591841046414902,-0.33953883048378425,-0.11466715110464035,-0.009954992334454328,-0.757505160292548,-0.8810258628811306,0.2801330097247593,0.0015683547047882,3,1,4,2023-06-01,2023
2023-06,-0.2591299299421989,-0.3394287315508154,-0.11466715110464035,-0.009954992334454328,-0.757505160292548,-0.8810258628811306,0.2801330097247593,0.0015683547047882,3,0,4,2023-06-01,2023
2023-06,-0.22598776096400577,-0.16958094376402671,-0.11466715110464035,-0.009954992334454328,-0.757505160292548,-0.8810258628811306,0.2801330097247593,0.0015683547047882,5,0,4,2023-06-01,2023
2023-06,-0.1431705794827285,0.6259788261415755,-0.11466715110464035,-0.009954992334454328,-0.757505160292548,-0.8810258628811306,0.2801330097247593,0.0015683547047882,5,1,4,2023-06-01,2023
2023-06,-0.2591426769302675,-0.3360024300579954,-0.11466715110464035,-0.009954992334454328,-0.757505160292548,-0.8810258628811306,0.2801330097247593,0.0015683547047882,6,1,4,2023-06-01,2023
2023-06,-0.2589960865674793,-0.3308230769343921,-0.11466715110464035,-0.009954992334454328,-0.757505160292548,-0.8810258628811306,0.2801330097247593,0.0015683547047882,6,0,4,2023-06-01,2023
2023-06,-0.23444538754747932,-0.29846889876996235,-0.11466715110464035,-0.009954992334454328,-0.757505160292548,-0.8810258628811306,0.2801330097247593,0.0015683547047882,8,0,4,2023-06-01,2023
2023-06,-0.12338406725334375,-0.14570626859508717,-0.11466715110464035,-0.009954992334454328,-0.757505160292548,-0.8810258628811306,0.2801330097247593,0.0015683547047882,8,1,4,2023-06-01,2023
2023-06,-0.2585531287320977,-0.33702488721439083,-0.11466715110464035,-0.009954992334454328,-0.757505160292548,-0.8810258628811306,0.2801330097247593,0.0015683547047882,9,1,4,2023-06-01,2023
2023-06,-0.25896103235029083,-0.33770916069103446,-0.11466715110464035,-0.009954992334454328,-0.757505160292548,-0.8810258628811306,0.2801330097247593,0.0015683547047882,9,0,4,2023-06-01,2023
2023-06,-0.2572561226961242,-0.33789007804310445,-0.11466715110464035,-0.009954992334454328,-0.757505160292548,-0.8810258628811306,0.2801330097247593,0.0015683547047882,18,1,4,2023-06-01,2023
2023-06,-0.2591617974123703,-0.33981978618667186,-0.11466715110464035,-0.009954992334454328,-0.757505160292548,-0.8810258628811306,0.2801330097247593,0.0015683547047882,18,0,4,2023-06-01,2023
2023-06,-0.25942948416180955,-0.34029688476891956,-0.11466715110464035,-0.009954992334454328,-0.757505160292548,-0.8810258628811306,0.2801330097247593,0.0015683547047882,22,1,4,2023-06-01,2023
2023-06,-0.25771501426659144,-0.33044275615100294,-0.11466715110464035,-0.009954992334454328,-0.757505160292548,-0.8810258628811306,0.2801330097247593,0.0015683547047882,27,1,4,2023-06-01,2023
2023-06,-0.2593784962095354,-0.3402549977371139,-0.11466715110464035,-0.009954992334454328,-0.757505160292548,-0.8810258628811306,0.2801330097247593,0.0015683547047882,27,0,4,2023-06-01,2023
2023-06,-0.2594390444028609,-0.34024318665214087,-0.11466715110464035,-0.009954992334454328,-0.757505160292548,-0.8810258628811306,0.2801330097247593,0.0015683547047882,28,1,4,2023-06-01,2023
2023-06,-0.2594390444028609,-0.34028404454217775,-0.11466715110464035,-0.009954992334454328,-0.757505160292548,-0.8810258628811306,0.2801330097247593,0.0015683547047882,36,0,4,2023-06-01,2023
2023-06,-0.2592127853646444,-0.33925089200590447,-0.11466715110464035,-0.009954992334454328,-0.757505160292548,-0.8810258628811306,0.2801330097247593,0.0015683547047882,36,1,4,2023-06-01,2023
2023-06,-0.25157733951159145,-0.33570744147809184,-0.11466715110464035,-0.009954992334454328,-0.757505160292548,-0.8810258628811306,0.2801330097247593,0.0015683547047882,41,1,4,2023-06-01,2023
2023-06,-0.2537953154355167,-0.3369455567348654,-0.11466715110464035,-0.009954992334454328,-0.757505160292548,-0.8810258628811306,0.2801330097247593,0.0015683547047882,41,0,4,2023-06-01,2023
2023-06,-0.05176830153729233,0.011859645141140542,-0.11466715110464035,-0.009954992334454328,-0.757505160292548,-0.8810258628811306,0.2801330097247593,0.0015683547047882,44,0,4,2023-06-01,2023
2023-06,0.422811624495348,1.4384883301440914,-0.11466715110464035,-0.009954992334454328,-0.757505160292548,-0.8810258628811306,0.2801330097247593,0.0015683547047882,44,1,4,2023-06-01,2023
2023-06,-0.2586391709015603,-0.33870179197242894,-0.11466715110464035,-0.009954992334454328,-0.757505160292548,-0.8810258628811306,0.2801330097247593,0.0015683547047882,46,0,4,2023-06-01,2023
2023-06,-0.2579540202928765,-0.3207540115771502,-0.11466715110464035,-0.009954992334454328,-0.757505160292548,-0.8810258628811306,0.2801330097247593,0.0015683547047882,46,1,4,2023-06-01,2023
2023-06,-0.2594422311498781,-0.34022643183941864,-0.11466715110464035,-0.009954992334454328,-0.757505160292548,-0.8810258628811306,0.2801330097247593,0.0015683547047882,49,1,4,2023-06-01,2023
2023-06,-0.25716052028561015,-0.3304711585401928,-0.11466715110464035,-0.009954992334454328,-0.757505160292548,-0.8810258628811306,0.2801330097247593,0.0015683547047882,50,0,4,2023-06-01,2023
2023-06,-0.2537411407362254,-0.3261466471187307,-0.11466715110464035,-0.009954992334454328,-0.757505160292548,-0.8810258628811306,0.2801330097247593,0.0015683547047882,50,1,4,2023-06-01,2023
2023-06,-0.25873796005909144,-0.3370457778304832,-0.11466715110464035,-0.009954992334454328,-0.757505160292548,-0.8810258628811306,0.2801330097247593,0.0015683547047882,58,1,4,2023-06-01,2023
2023-06,-0.25910443596606186,-0.33843578287055764,-0.11466715110464035,-0.009954992334454328,-0.757505160292548,-0.8810258628811306,0.2801330097247593,0.0015683547047882,58,0,4,2023-06-01,2023
2023-06,-0.14911386266968332,-0.1844594963876762,-0.11466715110464035,-0.009954992334454328,-0.757505160292548,-0.8810258628811306,0.2801330097247593,0.0015683547047882,60,0,4,2023-06-01,2023
2023-06,-0.25563088171738585,-0.3147627136886855,-0.11466715110464035,-0.009954992334454328,-0.757505160292548,-0.8810258628811306,0.2801330097247593,0.0015683547047882,67,0,4,2023-06-01,2023
2023-06,-0.24415540570868646,-0.2928369541036156,-0.11466715110464035,-0.009954992334454328,-0.757505160292548,-0.8810258628811306,0.2801330097247593,0.0015683547047882,67,1,4,2023-06-01,2023
2023-06,-0.2592478395818329,-0.34019816410429193,-0.11466715110464035,-0.009954992334454328,-0.757505160292548,-0.8810258628811306,0.2801330097247593,0.0015683547047882,70,0,4,2023-06-01,2023
2023-06,-0.2578329239062254,-0.3392062060932135,-0.11466715110464035,-0.009954992334454328,-0.757505160292548,-0.8810258628811306,0.2801330097247593,0.0015683547047882,70,1,4,2023-06-01,2023
2023-06,-0.25580933955034535,-0.3374469411392278,-0.11466715110464035,-0.009954992334454328,-0.757505160292548,-0.8810258628811306,0.2801330097247593,0.0015683547047882,73,1,4,2023-06-01,2023
2023-06,-0.259059821507822,-0.3401746573521144,-0.11466715110464035,-0.009954992334454328,-0.757505160292548,-0.8810258628811306,0.2801330097247593,0.0015683547047882,73,0,4,2023-06-01,2023
2023-06,-0.2566920684740915,-0.3296178268871891,-0.11466715110464035,-0.009954992334454328,-0.757505160292548,-0.8810258628811306,0.2801330097247593,0.0015683547047882,75,0,4,2023-06-01,2023
2023-06,-0.25922234560569585,-0.3397702334914106,-0.11466715110464035,-0.009954992334454328,-0.757505160292548,-0.8810258628811306,0.2801330097247593,0.0015683547047882,75,1,4,2023-06-01,2023
2023-06,-0.2575046889634606,-0.3381931073942111,-0.11466715110464035,-0.009954992334454328,-0.757505160292548,-0.8810258628811306,0.2801330097247593,0.0015683547047882,77,1,4,2023-06-01,2023
2023-06,-0.25813885161987027,-0.338876457528707,-0.11466715110464035,-0.009954992334454328,-0.757505160292548,-0.8810258628811306,0.2801330097247593,0.0015683547047882,77,0,4,2023-06-01,2023
2023-06,-0.2506181286594341,-0.3055838559614722,-0.11466715110464035,-0.009954992334454328,-0.757505160292548,-0.8810258628811306,0.2801330097247593,0.0015683547047882,78,1,4,2023-06-01,2023
2023-06,-0.2554587973784606,-0.33179823204201137,-0.11466715110464035,-0.009954992334454328,-0.757505160292548,-0.8810258628811306,0.2801330097247593,0.0015683547047882,78,0,4,2023-06-01,2023
2023-06,-0.24905024912700424,-0.27098393656712116,-0.11466715110464035,-0.009954992334454328,-0.757505160292548,-0.8810258628811306,0.2801330097247593,0.0015683547047882,79,1,4,2023-06-01,2023
2023-06,-0.25638932750746374,-0.31705150574624447,-0.11466715110464035,-0.009954992334454328,-0.757505160292548,-0.8810258628811306,0.2801330097247593,0.0015683547047882,79,0,4,2023-06-01,2023
2023-06,-0.17736437497657587,-0.3299113438905447,-0.11466715110464035,-0.009954992334454328,-0.757505160292548,-0.8810258628811306,0.2801330097247593,0.0015683547047882,80,1,4,2023-06-01,2023
2023-06,-0.2332535441630712,-0.3376535004721919,-0.11466715110464035,-0.009954992334454328,-0.757505160292548,-0.8810258628811306,0.2801330097247593,0.0015683547047882,80,0,4,2023-06-01,2023
2023-06,-0.23508592369792322,-0.29999812649324853,-0.11466715110464035,-0.009954992334454328,-0.757505160292548,-0.8810258628811306,0.2801330097247593,0.0015683547047882,81,1,4,2023-06-01,2023
2023-06,-0.16164096519403692,-0.2987434006959633,-0.11466715110464035,-0.009954992334454328,-0.757505160292548,-0.8810258628811306,0.2801330097247593,0.0015683547047882,81,0,4,2023-06-01,2023
2023-06,-0.25903751427870203,-0.3391402929292722,-0.11466715110464035,-0.009954992334454328,-0.757505160292548,-0.8810258628811306,0.2801330097247593,0.0015683547047882,87,0,4,2023-06-01,2023
2023-06,-0.24214775508789207,-0.3132533859123123,-0.11466715110464035,-0.009954992334454328,-0.757505160292548,-0.8810258628811306,0.2801330097247593,0.0015683547047882,87,1,4,2023-06-01,2023
2023-06,5.287613578682585,5.314623900564823,-0.11466715110464035,-0.009954992334454328,-0.757505160292548,-0.8810258628811306,0.2801330097247593,0.0015683547047882,88,1,4,2023-06-01,2023
2023-06,5.195599445309859,3.1930080845604327,-0.11466715110464035,-0.009954992334454328,-0.757505160292548,-0.8810258628811306,0.2801330097247593,0.0015683547047882,88,0,4,2023-06-01,2023
2023-06,0.19754685134818284,0.6011597739366075,-0.11466715110464035,-0.009954992334454328,-0.757505160292548,-0.8810258628811306,0.2801330097247593,0.0015683547047882,89,0,4,2023-06-01,2023
2023-06,-0.2537028997720198,-0.2820494227558221,-0.11466715110464035,-0.009954992334454328,-0.757505160292548,-0.8810258628811306,0.2801330097247593,0.0015683547047882,89,1,4,2023-06-01,2023
2023-06,-0.25923509259376437,-0.34010072265326474,-0.11466715110464035,-0.009954992334454328,-0.757505160292548,-0.8810258628811306,0.2801330097247593,0.0015683547047882,90,1,4,2023-06-01,2023
2023-06,-0.050190861763811025,0.5369259289083526,-0.11466715110464035,-0.009954992334454328,-0.757505160292548,-0.8810258628811306,0.2801330097247593,0.0015683547047882,90,0,4,2023-06-01,2023
2023-06,-0.2574760082403064,-0.30436668902967506,-0.11466715110464035,-0.009954992334454328,-0.757505160292548,-0.8810258628811306,0.2801330097247593,0.0015683547047882,91,0,4,2023-06-01,2023
2023-06,-0.25851170102087495,-0.3286312358023444,-0.11466715110464035,-0.009954992334454328,-0.757505160292548,-0.8810258628811306,0.2801330097247593,0.0015683547047882,94,1,4,2023-06-01,2023
2023-06,-0.2593402552453298,-0.33804060204947844,-0.11466715110464035,-0.009954992334454328,-0.757505160292548,-0.8810258628811306,0.2801330097247593,0.0015683547047882,94,0,4,2023-06-01,2023
2023-06,-0.13384934445761168,0.06358519531154701,-0.11466715110464035,-0.009954992334454328,-0.757505160292548,-0.8810258628811306,0.2801330097247593,0.0015683547047882,98,1,4,2023-06-01,2023
2023-06,-0.21340011024632666,-0.29149753090057123,-0.11466715110464035,-0.009954992334454328,-0.757505160292548,-0.8810258628811306,0.2801330097247593,0.0015683547047882,98,0,4,2023-06-01,2023
2023-06,-0.25913311668921607,-0.3396557583013874,-0.11466715110464035,-0.009954992334454328,-0.757505160292548,-0.8810258628811306,0.2801330097247593,0.0015683547047882,100,1,4,2023-06-01,2023
2023-06,-0.25930201428112415,-0.34000146337238424,-0.11466715110464035,-0.009954992334454328,-0.757505160292548,-0.8810258628811306,0.2801330097247593,0.0015683547047882,100,0,4,2023-06-01,2023
2023-06,1.106372046417599,0.7414602763610204,-0.11466715110464035,-0.009954992334454328,-0.757505160292548,-0.8810258628811306,0.2801330097247593,0.0015683547047882,101,1,4,2023-06-01,2023
2023-06,0.3679039733901299,0.18987336508279287,-0.11466715110464035,-0.009954992334454328,-0.757505160292548,-0.8810258628811306,0.2801330097247593,0.0015683547047882,101,0,4,2023-06-01,2023
2023-07,-0.2539482792923391,-0.33344677288344904,0.39502438397463746,0.5252674817122663,-0.5239513792848149,-0.6620023918009287,0.6015870776411887,0.001532651472333,0,0,4,2023-07-01,2023
2023-07,-0.1520775373956179,-0.28386120279445975,0.39502438397463746,0.5252674817122663,-0.5239513792848149,-0.6620023918009287,0.6015870776411887,0.001532651472333,0,1,4,2023-07-01,2023
2023-07,-0.2587411468061086,-0.16263950756925769,0.39502438397463746,0.5252674817122663,-0.5239513792848149,-0.6620023918009287,0.6015870776411887,0.001532651472333,1,1,4,2023-07-01,2023
2023-07,-0.2589960865674793,-0.3392076199608772,0.39502438397463746,0.5252674817122663,-0.5239513792848149,-0.6620023918009287,0.6015870776411887,0.001532651472333,3,0,4,2023-07-01,2023
2023-07,-0.2591586106653531,-0.3394628663558391,0.39502438397463746,0.5252674817122663,-0.5239513792848149,-0.6620023918009287,0.6015870776411887,0.001532651472333,3,1,4,2023-07-01,2023
2023-07,-0.21899285126139675,-0.06218238261503435,0.39502438397463746,0.5252674817122663,-0.5239513792848149,-0.6620023918009287,0.6015870776411887,0.001532651472333,5,0,4,2023-07-01,2023
2023-07,-0.11386844066018176,1.1627529536878842,0.39502438397463746,0.5252674817122663,-0.5239513792848149,-0.6620023918009287,0.6015870776411887,0.001532651472333,5,1,4,2023-07-01,2023
2023-07,-0.2590502612667706,-0.3306011574200747,0.39502438397463746,0.5252674817122663,-0.5239513792848149,-0.6620023918009287,0.6015870776411887,0.001532651472333,6,0,4,2023-07-01,2023
2023-07,-0.2591458636772846,-0.33525451330019035,0.39502438397463746,0.5252674817122663,-0.5239513792848149,-0.6620023918009287,0.6015870776411887,0.001532651472333,6,1,4,2023-07-01,2023
2023-07,-0.11095894063353845,-0.12302010789692312,0.39502438397463746,0.5252674817122663,-0.5239513792848149,-0.6620023918009287,0.6015870776411887,0.001532651472333,8,1,4,2023-07-01,2023
2023-07,-0.23074238751356965,-0.2896720930926652,0.39502438397463746,0.5252674817122663,-0.5239513792848149,-0.6620023918009287,0.6015870776411887,0.001532651472333,8,0,4,2023-07-01,2023
2023-07,-0.2585467552380634,-0.3370884054596365,0.39502438397463746,0.5252674817122663,-0.5239513792848149,-0.6620023918009287,0.6015870776411887,0.001532651472333,9,1,4,2023-07-01,2023
2023-07,-0.2589068576509996,-0.33780190848614405,0.39502438397463746,0.5252674817122663,-0.5239513792848149,-0.6620023918009287,0.6015870776411887,0.001532651472333,9,0,4,2023-07-01,2023
2023-07,-0.2567334961853142,-0.3381587609899452,0.39502438397463746,0.5252674817122663,-0.5239513792848149,-0.6620023918009287,0.6015870776411887,0.001532651472333,18,1,4,2023-07-01,2023
2023-07,-0.25906300825483913,-0.33969283625950697,0.39502438397463746,0.5252674817122663,-0.5239513792848149,-0.6620023918009287,0.6015870776411887,0.001532651472333,18,0,4,2023-07-01,2023
2023-07,-0.25941355042672387,-0.34023292408889483,0.39502438397463746,0.5252674817122663,-0.5239513792848149,-0.6620023918009287,0.6015870776411887,0.001532651472333,22,1,4,2023-07-01,2023
2023-07,-0.25824082752441857,-0.3243203821501507,0.39502438397463746,0.5252674817122663,-0.5239513792848149,-0.6620023918009287,0.6015870776411887,0.001532651472333,27,1,4,2023-07-01,2023
2023-07,-0.25943267090882666,-0.3402977984929199,0.39502438397463746,0.5252674817122663,-0.5239513792848149,-0.6620023918009287,0.6015870776411887,0.001532651472333,27,0,4,2023-07-01,2023
2023-07,-0.2594422311498781,-0.3402807743720712,0.39502438397463746,0.5252674817122663,-0.5239513792848149,-0.6620023918009287,0.6015870776411887,0.001532651472333,28,1,4,2023-07-01,2023
2023-07,-0.2594358576558438,-0.3402801972832289,0.39502438397463746,0.5252674817122663,-0.5239513792848149,-0.6620023918009287,0.6015870776411887,0.001532651472333,36,0,4,2023-07-01,2023
2023-07,-0.2592127853646444,-0.3390944432207492,0.39502438397463746,0.5252674817122663,-0.5239513792848149,-0.6620023918009287,0.6015870776411887,0.001532651472333,36,1,4,2023-07-01,2023
2023-07,-0.24853718285724566,-0.3338153595270442,0.39502438397463746,0.5252674817122663,-0.5239513792848149,-0.6620023918009287,0.6015870776411887,0.001532651472333,41,1,4,2023-07-01,2023
2023-07,-0.2505607672131257,-0.3349279194880219,0.39502438397463746,0.5252674817122663,-0.5239513792848149,-0.6620023918009287,0.6015870776411887,0.001532651472333,41,0,4,2023-07-01,2023
2023-07,0.48045987803530127,1.6353207441074225,0.39502438397463746,0.5252674817122663,-0.5239513792848149,-0.6620023918009287,0.6015870776411887,0.001532651472333,44,1,4,2023-07-01,2023
2023-07,-0.013485909620462101,0.1498034610056946,0.39502438397463746,0.5252674817122663,-0.5239513792848149,-0.6620023918009287,0.6015870776411887,0.001532651472333,44,0,4,2023-07-01,2023
2023-07,-0.2583555504170354,-0.3385270302346771,0.39502438397463746,0.5252674817122663,-0.5239513792848149,-0.6620023918009287,0.6015870776411887,0.001532651472333,46,0,4,2023-07-01,2023
2023-07,-0.2578807251114824,-0.31870709668970587,0.39502438397463746,0.5252674817122663,-0.5239513792848149,-0.6620023918009287,0.6015870776411887,0.001532651472333,46,1,4,2023-07-01,2023
2023-07,-0.25643075521868647,-0.3300367741504248,0.39502438397463746,0.5252674817122663,-0.5239513792848149,-0.6620023918009287,0.6015870776411887,0.001532651472333,50,0,4,2023-07-01,2023
2023-07,-0.2526863274735541,-0.3240127745608949,0.39502438397463746,0.5252674817122663,-0.5239513792848149,-0.6620023918009287,0.6015870776411887,0.001532651472333,50,1,4,2023-07-01,2023
2023-07,-0.2588016949994341,-0.3369533089616474,0.39502438397463746,0.5252674817122663,-0.5239513792848149,-0.6620023918009287,0.6015870776411887,0.001532651472333,58,0,4,2023-07-01,2023
2023-07,-0.2591267431951818,-0.3386185276706283,0.39502438397463746,0.5252674817122663,-0.5239513792848149,-0.6620023918009287,0.6015870776411887,0.001532651472333,58,1,4,2023-07-01,2023
2023-07,-0.15313235065828926,-0.1937309287833464,0.39502438397463746,0.5252674817122663,-0.5239513792848149,-0.6620023918009287,0.6015870776411887,0.001532651472333,60,0,4,2023-07-01,2023
2023-07,-0.2413797490567628,-0.2688584221793517,0.39502438397463746,0.5252674817122663,-0.5239513792848149,-0.6620023918009287,0.6015870776411887,0.001532651472333,67,1,4,2023-07-01,2023
2023-07,-0.25365191181974567,-0.29917913162636334,0.39502438397463746,0.5252674817122663,-0.5239513792848149,-0.6620023918009287,0.6015870776411887,0.001532651472333,67,0,4,2023-07-01,2023
2023-07,-0.25824082752441857,-0.3395364644195307,0.39502438397463746,0.5252674817122663,-0.5239513792848149,-0.6620023918009287,0.6015870776411887,0.001532651472333,70,1,4,2023-07-01,2023
2023-07,-0.2592669600639357,-0.34023848337807594,0.39502438397463746,0.5252674817122663,-0.5239513792848149,-0.6620023918009287,0.6015870776411887,0.001532651472333,70,0,4,2023-07-01,2023
2023-07,-0.25904388777273635,-0.34008877691422856,0.39502438397463746,0.5252674817122663,-0.5239513792848149,-0.6620023918009287,0.6015870776411887,0.001532651472333,73,0,4,2023-07-01,2023
2023-07,-0.2557105503928142,-0.33728217265659566,0.39502438397463746,0.5252674817122663,-0.5239513792848149,-0.6620023918009287,0.6015870776411887,0.001532651472333,73,1,4,2023-07-01,2023
2023-07,-0.2568067913667083,-0.3296909536616595,0.39502438397463746,0.5252674817122663,-0.5239513792848149,-0.6620023918009287,0.6015870776411887,0.001532651472333,75,0,4,2023-07-01,2023
2023-07,-0.25922553235271295,-0.3396847762520091,0.39502438397463746,0.5252674817122663,-0.5239513792848149,-0.6620023918009287,0.6015870776411887,0.001532651472333,75,1,4,2023-07-01,2023
2023-07,-0.2567781106435541,-0.3374480760806177,0.39502438397463746,0.5252674817122663,-0.5239513792848149,-0.6620023918009287,0.6015870776411887,0.001532651472333,77,1,4,2023-07-01,2023
2023-07,-0.25726568293717555,-0.3375663023481161,0.39502438397463746,0.5252674817122663,-0.5239513792848149,-0.6620023918009287,0.6015870776411887,0.001532651472333,77,0,4,2023-07-01,2023
2023-07,-0.25229117084342945,-0.3269355564206359,0.39502438397463746,0.5252674817122663,-0.5239513792848149,-0.6620023918009287,0.6015870776411887,0.001532651472333,78,0,4,2023-07-01,2023
2023-07,-0.24467165872546218,-0.23232326420669425,0.39502438397463746,0.5252674817122663,-0.5239513792848149,-0.6620023918009287,0.6015870776411887,0.001532651472333,78,1,4,2023-07-01,2023
2023-07,-0.25316115277910706,-0.30552212669163775,0.39502438397463746,0.5252674817122663,-0.5239513792848149,-0.6620023918009287,0.6015870776411887,0.001532651472333,79,0,4,2023-07-01,2023
2023-07,-0.2430591647347924,-0.26403241093575874,0.39502438397463746,0.5252674817122663,-0.5239513792848149,-0.6620023918009287,0.6015870776411887,0.001532651472333,79,1,4,2023-07-01,2023
2023-07,-0.22659642964427837,-0.3370342552899313,0.39502438397463746,0.5252674817122663,-0.5239513792848149,-0.6620023918009287,0.6015870776411887,0.001532651472333,80,0,4,2023-07-01,2023
2023-07,-0.1633171941250494,-0.3286967834766855,0.39502438397463746,0.5252674817122663,-0.5239513792848149,-0.6620023918009287,0.6015870776411887,0.001532651472333,80,1,4,2023-07-01,2023
2023-07,-0.14776268193441852,-0.29278787269757556,0.39502438397463746,0.5252674817122663,-0.5239513792848149,-0.6620023918009287,0.6015870776411887,0.001532651472333,81,0,4,2023-07-01,2023
2023-07,-0.23790619480808678,-0.30217279923223705,0.39502438397463746,0.5252674817122663,-0.5239513792848149,-0.6620023918009287,0.6015870776411887,0.001532651472333,81,1,4,2023-07-01,2023
2023-07,-0.25919685162955874,-0.3390050810135147,0.39502438397463746,0.5252674817122663,-0.5239513792848149,-0.6620023918009287,0.6015870776411887,0.001532651472333,83,1,4,2023-07-01,2023
2023-07,-0.24111206230732354,-0.30188343726854616,0.39502438397463746,0.5252674817122663,-0.5239513792848149,-0.6620023918009287,0.6015870776411887,0.001532651472333,87,1,4,2023-07-01,2023
2023-07,-0.25903751427870203,-0.339291999967773,0.39502438397463746,0.5252674817122663,-0.5239513792848149,-0.6620023918009287,0.6015870776411887,0.001532651472333,87,0,4,2023-07-01,2023
2023-07,5.735921962305973,5.710819195738063,0.39502438397463746,0.5252674817122663,-0.5239513792848149,-0.6620023918009287,0.6015870776411887,0.001532651472333,88,1,4,2023-07-01,2023
2023-07,5.853216559765623,3.7730980100864007,0.39502438397463746,0.5252674817122663,-0.5239513792848149,-0.6620023918009287,0.6015870776411887,0.001532651472333,88,0,4,2023-07-01,2023
2023-07,0.22424860460474824,0.6663153356456821,0.39502438397463746,0.5252674817122663,-0.5239513792848149,-0.6620023918009287,0.6015870776411887,0.001532651472333,89,0,4,2023-07-01,2023
2023-07,-0.2542255262828298,-0.26034217786089986,0.39502438397463746,0.5252674817122663,-0.5239513792848149,-0.6620023918009287,0.6015870776411887,0.001532651472333,89,1,4,2023-07-01,2023
2023-07,-0.25919685162955874,-0.3398141884249013,0.39502438397463746,0.5252674817122663,-0.5239513792848149,-0.6620023918009287,0.6015870776411887,0.001532651472333,90,1,4,2023-07-01,2023
2023-07,-0.042593656874963665,0.6353028794215186,0.39502438397463746,0.5252674817122663,-0.5239513792848149,-0.6620023918009287,0.6015870776411887,0.001532651472333,90,0,4,2023-07-01,2023
2023-07,-0.2572593094431413,-0.29722669580055555,0.39502438397463746,0.5252674817122663,-0.5239513792848149,-0.6620023918009287,0.6015870776411887,0.001532651472333,91,0,4,2023-07-01,2023
2023-07,-0.25929882753410705,-0.33775318295155676,0.39502438397463746,0.5252674817122663,-0.5239513792848149,-0.6620023918009287,0.6015870776411887,0.001532651472333,94,0,4,2023-07-01,2023
2023-07,-0.25846708656263506,-0.3284147024505553,0.39502438397463746,0.5252674817122663,-0.5239513792848149,-0.6620023918009287,0.6015870776411887,0.001532651472333,94,1,4,2023-07-01,2023
2023-07,-0.17588891110764285,-0.25204809351044977,0.39502438397463746,0.5252674817122663,-0.5239513792848149,-0.6620023918009287,0.6015870776411887,0.001532651472333,98,0,4,2023-07-01,2023
2023-07,-0.05989769317800105,0.13909657782361654,0.39502438397463746,0.5252674817122663,-0.5239513792848149,-0.6620023918009287,0.6015870776411887,0.001532651472333,98,1,4,2023-07-01,2023
2023-07,-0.2592892672930556,-0.3399611248623055,0.39502438397463746,0.5252674817122663,-0.5239513792848149,-0.6620023918009287,0.6015870776411887,0.001532651472333,100,1,4,2023-07-01,2023
2023-07,-0.2592669600639357,-0.3398858628591185,0.39502438397463746,0.5252674817122663,-0.5239513792848149,-0.6620023918009287,0.6015870776411887,0.001532651472333,100,0,4,2023-07-01,2023
2023-07,0.4547651368361502,0.3074323639890625,0.39502438397463746,0.5252674817122663,-0.5239513792848149,-0.6620023918009287,0.6015870776411887,0.001532651472333,101,0,4,2023-07-01,2023
2023-07,1.2793614214956988,0.9240407696201444,0.39502438397463746,0.5252674817122663,-0.5239513792848149,-0.6620023918009287,0.6015870776411887,0.001532651472333,101,1,4,2023-07-01,2023
2023-08,-0.13986273607894345,-0.2844214021700027,0.39502438397463746,0.5252674817122663,-0.515450290550997,-0.5989206635977105,0.6055012824255591,0.0015285694598382,0,1,4,2023-08-01,2023
2023-08,-0.2516092069817628,-0.33263925246637877,0.39502438397463746,0.5252674817122663,-0.515450290550997,-0.5989206635977105,0.6055012824255591,0.0015285694598382,0,0,4,2023-08-01,2023
2023-08,-0.2586869721068173,-0.17134693180302554,0.39502438397463746,0.5252674817122663,-0.515450290550997,-0.5989206635977105,0.6055012824255591,0.0015285694598382,1,1,4,2023-08-01,2023
2023-08,-0.25920641187061016,-0.33972032492469656,0.39502438397463746,0.5252674817122663,-0.515450290550997,-0.5989206635977105,0.6055012824255591,0.0015285694598382,3,1,4,2023-08-01,2023
2023-08,-0.25888773716889674,-0.33899347190963647,0.39502438397463746,0.5252674817122663,-0.515450290550997,-0.5989206635977105,0.6055012824255591,0.0015285694598382,3,0,4,2023-08-01,2023
2023-08,-0.11858163949852288,1.082878741055222,0.39502438397463746,0.5252674817122663,-0.515450290550997,-0.5989206635977105,0.6055012824255591,0.0015285694598382,5,1,4,2023-08-01,2023
2023-08,-0.21413943555430173,-0.015353989124332544,0.39502438397463746,0.5252674817122663,-0.515450290550997,-0.5989206635977105,0.6055012824255591,0.0015285694598382,5,0,4,2023-08-01,2023
2023-08,-0.25913311668921607,-0.33577164261180087,0.39502438397463746,0.5252674817122663,-0.515450290550997,-0.5989206635977105,0.6055012824255591,0.0015285694598382,6,1,4,2023-08-01,2023
2023-08,-0.2590502612667706,-0.3330089355787744,0.39502438397463746,0.5252674817122663,-0.515450290550997,-0.5989206635977105,0.6055012824255591,0.0015285694598382,6,0,4,2023-08-01,2023
2023-08,-0.2299966887115603,-0.2845632986981839,0.39502438397463746,0.5252674817122663,-0.515450290550997,-0.5989206635977105,0.6055012824255591,0.0015285694598382,8,0,4,2023-08-01,2023
2023-08,-0.11666321779420824,-0.138204681115512,0.39502438397463746,0.5252674817122663,-0.515450290550997,-0.5989206635977105,0.6055012824255591,0.0015285694598382,8,1,4,2023-08-01,2023
2023-08,-0.25888455042187963,-0.3381201537463934,0.39502438397463746,0.5252674817122663,-0.515450290550997,-0.5989206635977105,0.6055012824255591,0.0015285694598382,9,0,4,2023-08-01,2023
2023-08,-0.2585786227082348,-0.33661491368265334,0.39502438397463746,0.5252674817122663,-0.515450290550997,-0.5989206635977105,0.6055012824255591,0.0015285694598382,9,1,4,2023-08-01,2023
2023-08,-0.2567781106435541,-0.3380965411945948,0.39502438397463746,0.5252674817122663,-0.515450290550997,-0.5989206635977105,0.6055012824255591,0.0015285694598382,18,1,4,2023-08-01,2023
2023-08,-0.2588431227106569,-0.3395504780602519,0.39502438397463746,0.5252674817122663,-0.515450290550997,-0.5989206635977105,0.6055012824255591,0.0015285694598382,18,0,4,2023-08-01,2023
2023-08,-0.25940080343865535,-0.34020791690572727,0.39502438397463746,0.5252674817122663,-0.515450290550997,-0.5989206635977105,0.6055012824255591,0.0015285694598382,22,1,4,2023-08-01,2023
2023-08,-0.258132478125836,-0.33142827962148935,0.39502438397463746,0.5252674817122663,-0.515450290550997,-0.5989206635977105,0.6055012824255591,0.0015285694598382,27,1,4,2023-08-01,2023
2023-08,-0.25940080343865535,-0.3402501886634278,0.39502438397463746,0.5252674817122663,-0.515450290550997,-0.5989206635977105,0.6055012824255591,0.0015285694598382,27,0,4,2023-08-01,2023
2023-08,-0.2594422311498781,-0.34028189969531375,0.39502438397463746,0.5252674817122663,-0.515450290550997,-0.5989206635977105,0.6055012824255591,0.0015285694598382,28,0,4,2023-08-01,2023
2023-08,-0.25919685162955874,-0.3394326749912379,0.39502438397463746,0.5252674817122663,-0.515450290550997,-0.5989206635977105,0.6055012824255591,0.0015285694598382,36,1,4,2023-08-01,2023
2023-08,-0.2594422311498781,-0.34030207856850053,0.39502438397463746,0.5252674817122663,-0.515450290550997,-0.5989206635977105,0.6055012824255591,0.0015285694598382,36,0,4,2023-08-01,2023
2023-08,-0.24922870695996374,-0.3339660758963657,0.39502438397463746,0.5252674817122663,-0.515450290550997,-0.5989206635977105,0.6055012824255591,0.0015285694598382,41,1,4,2023-08-01,2023
2023-08,-0.25083164070958214,-0.334883829900468,0.39502438397463746,0.5252674817122663,-0.515450290550997,-0.5989206635977105,0.6055012824255591,0.0015285694598382,41,0,4,2023-08-01,2023
2023-08,0.4574611248126455,1.4539999299914805,0.39502438397463746,0.5252674817122663,-0.515450290550997,-0.5989206635977105,0.6055012824255591,0.0015285694598382,44,1,4,2023-08-01,2023
2023-08,-0.011433644541427831,0.11296778401839462,0.39502438397463746,0.5252674817122663,-0.515450290550997,-0.5989206635977105,0.6055012824255591,0.0015285694598382,44,0,4,2023-08-01,2023
2023-08,-0.2584607130686008,-0.33854704559935855,0.39502438397463746,0.5252674817122663,-0.515450290550997,-0.5989206635977105,0.6055012824255591,0.0015285694598382,46,0,4,2023-08-01,2023
2023-08,-0.25736765884172386,-0.31471160285355,0.39502438397463746,0.5252674817122663,-0.515450290550997,-0.5989206635977105,0.6055012824255591,0.0015285694598382,46,1,4,2023-08-01,2023
2023-08,-0.25261303229216,-0.3223081503021303,0.39502438397463746,0.5252674817122663,-0.515450290550997,-0.5989206635977105,0.6055012824255591,0.0015285694598382,50,1,4,2023-08-01,2023
2023-08,-0.25598779738330485,-0.3297101803382564,0.39502438397463746,0.5252674817122663,-0.515450290550997,-0.5989206635977105,0.6055012824255591,0.0015285694598382,50,0,4,2023-08-01,2023
2023-08,-0.25895465885625657,-0.33822262548849624,0.39502438397463746,0.5252674817122663,-0.515450290550997,-0.5989206635977105,0.6055012824255591,0.0015285694598382,58,1,4,2023-08-01,2023
2023-08,-0.2589100443980167,-0.3367752962900838,0.39502438397463746,0.5252674817122663,-0.515450290550997,-0.5989206635977105,0.6055012824255591,0.0015285694598382,58,0,4,2023-08-01,2023
2023-08,-0.14577096504870982,-0.18409872929789456,0.39502438397463746,0.5252674817122663,-0.515450290550997,-0.5989206635977105,0.6055012824255591,0.0015285694598382,60,0,4,2023-08-01,2023
2023-08,-0.23931792373667712,-0.26046805055555905,0.39502438397463746,0.5252674817122663,-0.515450290550997,-0.5989206635977105,0.6055012824255591,0.0015285694598382,67,1,4,2023-08-01,2023
2023-08,-0.25289665277668494,-0.29378312011505525,0.39502438397463746,0.5252674817122663,-0.515450290550997,-0.5989206635977105,0.6055012824255591,0.0015285694598382,67,0,4,2023-08-01,2023
2023-08,-0.25797632752199645,-0.3294993024571222,0.39502438397463746,0.5252674817122663,-0.515450290550997,-0.5989206635977105,0.6055012824255591,0.0015285694598382,70,1,4,2023-08-01,2023
2023-08,-0.25925102632885005,-0.34022411386590196,0.39502438397463746,0.5252674817122663,-0.515450290550997,-0.5989206635977105,0.6055012824255591,0.0015285694598382,70,0,4,2023-08-01,2023
2023-08,-0.2590088335555478,-0.34015630592692836,0.39502438397463746,0.5252674817122663,-0.515450290550997,-0.5989206635977105,0.6055012824255591,0.0015285694598382,73,0,4,2023-08-01,2023
2023-08,-0.2561535082281958,-0.337641718241661,0.39502438397463746,0.5252674817122663,-0.515450290550997,-0.5989206635977105,0.6055012824255591,0.0015285694598382,73,1,4,2023-08-01,2023
2023-08,-0.2569023937772223,-0.33512273506304463,0.39502438397463746,0.5252674817122663,-0.515450290550997,-0.5989206635977105,0.6055012824255591,0.0015285694598382,75,0,4,2023-08-01,2023
2023-08,-0.25922234560569585,-0.33976980067477885,0.39502438397463746,0.5252674817122663,-0.515450290550997,-0.5989206635977105,0.6055012824255591,0.0015285694598382,75,1,4,2023-08-01,2023
2023-08,-0.2564881166649949,-0.3365132883375193,0.39502438397463746,0.5252674817122663,-0.515450290550997,-0.5989206635977105,0.6055012824255591,0.0015285694598382,77,0,4,2023-08-01,2023
2023-08,-0.25621086967450424,-0.33694117085966374,0.39502438397463746,0.5252674817122663,-0.515450290550997,-0.5989206635977105,0.6055012824255591,0.0015285694598382,77,1,4,2023-08-01,2023
2023-08,-0.2520617250581958,-0.3257751846490713,0.39502438397463746,0.5252674817122663,-0.515450290550997,-0.5989206635977105,0.6055012824255591,0.0015285694598382,78,0,4,2023-08-01,2023
2023-08,-0.24502857439138118,-0.18174217739209886,0.39502438397463746,0.5252674817122663,-0.515450290550997,-0.5989206635977105,0.6055012824255591,0.0015285694598382,78,1,4,2023-08-01,2023
2023-08,-0.2360387610560463,-0.24991795279379428,0.39502438397463746,0.5252674817122663,-0.515450290550997,-0.5989206635977105,0.6055012824255591,0.0015285694598382,79,1,4,2023-08-01,2023
2023-08,-0.24911717081436405,-0.30385377246661355,0.39502438397463746,0.5252674817122663,-0.515450290550997,-0.5989206635977105,0.6055012824255591,0.0015285694598382,79,0,4,2023-08-01,2023
2023-08,-0.16374740497236245,-0.3291096616889294,0.39502438397463746,0.5252674817122663,-0.515450290550997,-0.5989206635977105,0.6055012824255591,0.0015285694598382,80,1,4,2023-08-01,2023
2023-08,-0.22572963445561792,-0.337032774095236,0.39502438397463746,0.5252674817122663,-0.515450290550997,-0.5989206635977105,0.6055012824255591,0.0015285694598382,80,0,4,2023-08-01,2023
2023-08,-0.1484542060371366,-0.2946358169703324,0.39502438397463746,0.5252674817122663,-0.515450290550997,-0.5989206635977105,0.6055012824255591,0.0015285694598382,81,0,4,2023-08-01,2023
2023-08,-0.23870925505640453,-0.3049753157772368,0.39502438397463746,0.5252674817122663,-0.515450290550997,-0.5989206635977105,0.6055012824255591,0.0015285694598382,81,1,4,2023-08-01,2023
2023-08,-0.25931794801620983,-0.33975619099624726,0.39502438397463746,0.5252674817122663,-0.515450290550997,-0.5989206635977105,0.6055012824255591,0.0015285694598382,83,1,4,2023-08-01,2023
2023-08,-0.2415677671307737,-0.30965334220536195,0.39502438397463746,0.5252674817122663,-0.515450290550997,-0.5989206635977105,0.6055012824255591,0.0015285694598382,87,1,4,2023-08-01,2023
2023-08,-0.2590247672906335,-0.3393103417748117,0.39502438397463746,0.5252674817122663,-0.515450290550997,-0.5989206635977105,0.6055012824255591,0.0015285694598382,87,0,4,2023-08-01,2023
2023-08,5.886620041999221,3.9228021174876715,0.39502438397463746,0.5252674817122663,-0.515450290550997,-0.5989206635977105,0.6055012824255591,0.0015285694598382,88,0,4,2023-08-01,2023
2023-08,5.681584738916822,5.838135314627854,0.39502438397463746,0.5252674817122663,-0.515450290550997,-0.5989206635977105,0.6055012824255591,0.0015285694598382,88,1,4,2023-08-01,2023
2023-08,-0.25383036965270517,-0.1451859749129912,0.39502438397463746,0.5252674817122663,-0.515450290550997,-0.5989206635977105,0.6055012824255591,0.0015285694598382,89,1,4,2023-08-01,2023
2023-08,0.24132956861658628,0.7053629076023008,0.39502438397463746,0.5252674817122663,-0.515450290550997,-0.5989206635977105,0.6055012824255591,0.0015285694598382,89,0,4,2023-08-01,2023
2023-08,-0.259203225123593,-0.34004488930776944,0.39502438397463746,0.5252674817122663,-0.515450290550997,-0.5989206635977105,0.6055012824255591,0.0015285694598382,90,1,4,2023-08-01,2023
2023-08,-0.042558602657775196,1.0056632055736092,0.39502438397463746,0.5252674817122663,-0.515450290550997,-0.5989206635977105,0.6055012824255591,0.0015285694598382,90,0,4,2023-08-01,2023
2023-08,-0.2573612853476896,-0.2701652398628045,0.39502438397463746,0.5252674817122663,-0.515450290550997,-0.5989206635977105,0.6055012824255591,0.0015285694598382,91,0,4,2023-08-01,2023
2023-08,-0.2585180745149092,-0.33070727444003156,0.39502438397463746,0.5252674817122663,-0.515450290550997,-0.5989206635977105,0.6055012824255591,0.0015285694598382,94,1,4,2023-08-01,2023
2023-08,-0.25932750825726125,-0.3391158339805049,0.39502438397463746,0.5252674817122663,-0.515450290550997,-0.5989206635977105,0.6055012824255591,0.0015285694598382,94,0,4,2023-08-01,2023
2023-08,-0.16305269412262727,-0.23853948247145645,0.39502438397463746,0.5252674817122663,-0.515450290550997,-0.5989206635977105,0.6055012824255591,0.0015285694598382,98,0,4,2023-08-01,2023
2023-08,-0.050799530444083606,0.20310619498218477,0.39502438397463746,0.5252674817122663,-0.515450290550997,-0.5989206635977105,0.6055012824255591,0.0015285694598382,98,1,4,2023-08-01,2023
2023-08,-0.25917773114745596,-0.3397321648641117,0.39502438397463746,0.5252674817122663,-0.515450290550997,-0.5989206635977105,0.6055012824255591,0.0015285694598382,100,0,4,2023-08-01,2023
2023-08,-0.25918091789447306,-0.33977785106412933,0.39502438397463746,0.5252674817122663,-0.515450290550997,-0.5989206635977105,0.6055012824255591,0.0015285694598382,100,1,4,2023-08-01,2023
2023-08,0.504765197534982,0.362904778886055,0.39502438397463746,0.5252674817122663,-0.515450290550997,-0.5989206635977105,0.6055012824255591,0.0015285694598382,101,0,4,2023-08-01,2023
2023-08,1.2638993249685648,0.9350878947655119,0.39502438397463746,0.5252674817122663,-0.515450290550997,-0.5989206635977105,0.6055012824255591,0.0015285694598382,101,1,4,2023-08-01,2023
2023-09,-0.1966824353944419,-0.30226083413513427,0.39502438397463746,0.5252674817122663,-0.8751453720134469,-0.7761304938234529,1.1892070708948137,0.0020632103241019,0,1,4,2023-09-01,2023
2023-09,-0.254611122671903,-0.3354487998771076,0.39502438397463746,0.5252674817122663,-0.8751453720134469,-0.7761304938234529,1.1892070708948137,0.0020632103241019,0,0,4,2023-09-01,2023
2023-09,-0.2580018214981335,1.7404439401325873,0.39502438397463746,0.5252674817122663,-0.8751453720134469,-0.7761304938234529,1.1892070708948137,0.0020632103241019,1,1,4,2023-09-01,2023
2023-09,-0.2592287190997301,-0.33980515698451885,0.39502438397463746,0.5252674817122663,-0.8751453720134469,-0.7761304938234529,1.1892070708948137,0.0020632103241019,3,1,4,2023-09-01,2023
2023-09,-0.25909487572501044,-0.33939686662857144,0.39502438397463746,0.5252674817122663,-0.8751453720134469,-0.7761304938234529,1.1892070708948137,0.0020632103241019,3,0,4,2023-09-01,2023
2023-09,-0.23302409837783755,-0.21702454281509279,0.39502438397463746,0.5252674817122663,-0.8751453720134469,-0.7761304938234529,1.1892070708948137,0.0020632103241019,5,0,4,2023-09-01,2023
2023-09,-0.1753503508617472,0.3071228904792165,0.39502438397463746,0.5252674817122663,-0.8751453720134469,-0.7761304938234529,1.1892070708948137,0.0020632103241019,5,1,4,2023-09-01,2023
2023-09,-0.2589960865674793,-0.3305277517193305,0.39502438397463746,0.5252674817122663,-0.8751453720134469,-0.7761304938234529,1.1892070708948137,0.0020632103241019,6,0,4,2023-09-01,2023
2023-09,-0.2591171829541304,-0.3360248403413725,0.39502438397463746,0.5252674817122663,-0.8751453720134469,-0.7761304938234529,1.1892070708948137,0.0020632103241019,6,1,4,2023-09-01,2023
2023-09,-0.12616928414631884,-0.15539468615192922,0.39502438397463746,0.5252674817122663,-0.8751453720134469,-0.7761304938234529,1.1892070708948137,0.0020632103241019,8,1,4,2023-09-01,2023
2023-09,-0.23519745984352292,-0.29855292290540536,0.39502438397463746,0.5252674817122663,-0.8751453720134469,-0.7761304938234529,1.1892070708948137,0.0020632103241019,8,0,4,2023-09-01,2023
2023-09,-0.2586296106605089,-0.3371623786310756,0.39502438397463746,0.5252674817122663,-0.8751453720134469,-0.7761304938234529,1.1892070708948137,0.0020632103241019,9,1,4,2023-09-01,2023
2023-09,-0.2590534480137877,-0.3381957042940016,0.39502438397463746,0.5252674817122663,-0.8751453720134469,-0.7761304938234529,1.1892070708948137,0.0020632103241019,9,0,4,2023-09-01,2023
2023-09,-0.2594262974147924,-0.3402844773588095,0.39502438397463746,0.5252674817122663,-0.8751453720134469,-0.7761304938234529,1.1892070708948137,0.0020632103241019,18,0,4,2023-09-01,2023
2023-09,-0.2591617974123703,-0.33967474452429997,0.39502438397463746,0.5252674817122663,-0.8751453720134469,-0.7761304938234529,1.1892070708948137,0.0020632103241019,18,1,4,2023-09-01,2023
2023-09,-0.2594390444028609,-0.34030241520365856,0.39502438397463746,0.5252674817122663,-0.8751453720134469,-0.7761304938234529,1.1892070708948137,0.0020632103241019,22,1,4,2023-09-01,2023
2023-09,-0.25940399018567245,-0.3402237387581544,0.39502438397463746,0.5252674817122663,-0.8751453720134469,-0.7761304938234529,1.1892070708948137,0.0020632103241019,27,0,4,2023-09-01,2023
2023-09,-0.2587698275292628,-0.33726192645637726,0.39502438397463746,0.5252674817122663,-0.8751453720134469,-0.7761304938234529,1.1892070708948137,0.0020632103241019,27,1,4,2023-09-01,2023
2023-09,-0.2594390444028609,-0.3402968366781827,0.39502438397463746,0.5252674817122663,-0.8751453720134469,-0.7761304938234529,1.1892070708948137,0.0020632103241019,36,0,4,2023-09-01,2023
2023-09,-0.25919366488254164,-0.339485478620311,0.39502438397463746,0.5252674817122663,-0.8751453720134469,-0.7761304938234529,1.1892070708948137,0.0020632103241019,36,1,4,2023-09-01,2023
2023-09,-0.2543784901396522,-0.3373180964370306,0.39502438397463746,0.5252674817122663,-0.8751453720134469,-0.7761304938234529,1.1892070708948137,0.0020632103241019,41,1,4,2023-09-01,2023
2023-09,-0.2551369359297301,-0.33774764289867043,0.39502438397463746,0.5252674817122663,-0.8751453720134469,-0.7761304938234529,1.1892070708948137,0.0020632103241019,41,0,4,2023-09-01,2023
2023-09,-0.05256817503859296,0.020107754747151808,0.39502438397463746,0.5252674817122663,-0.8751453720134469,-0.7761304938234529,1.1892070708948137,0.0020632103241019,44,0,4,2023-09-01,2023
2023-09,0.35774143715248974,1.1516880734424677,0.39502438397463746,0.5252674817122663,-0.8751453720134469,-0.7761304938234529,1.1892070708948137,0.0020632103241019,44,1,4,2023-09-01,2023
2023-09,-0.25895465885625657,-0.33953992695258467,0.39502438397463746,0.5252674817122663,-0.8751453720134469,-0.7761304938234529,1.1892070708948137,0.0020632103241019,46,0,4,2023-09-01,2023
2023-09,-0.25837785764615534,-0.3221345235057684,0.39502438397463746,0.5252674817122663,-0.8751453720134469,-0.7761304938234529,1.1892070708948137,0.0020632103241019,46,1,4,2023-09-01,2023
2023-09,-0.2552612190633983,-0.32952673341342753,0.39502438397463746,0.5252674817122663,-0.8751453720134469,-0.7761304938234529,1.1892070708948137,0.0020632103241019,50,1,4,2023-09-01,2023
2023-09,-0.2574505142641693,-0.3323912100637986,0.39502438397463746,0.5252674817122663,-0.8751453720134469,-0.7761304938234529,1.1892070708948137,0.0020632103241019,50,0,4,2023-09-01,2023
2023-09,-0.2589833395794108,-0.33776778329926765,0.39502438397463746,0.5252674817122663,-0.8751453720134469,-0.7761304938234529,1.1892070708948137,0.0020632103241019,58,1,4,2023-09-01,2023
2023-09,-0.25882400222855406,-0.33629394648669764,0.39502438397463746,0.5252674817122663,-0.8751453720134469,-0.7761304938234529,1.1892070708948137,0.0020632103241019,58,0,4,2023-09-01,2023
2023-09,-0.1543592482598858,-0.19646775338179445,0.39502438397463746,0.5252674817122663,-0.8751453720134469,-0.7761304938234529,1.1892070708948137,0.0020632103241019,60,0,4,2023-09-01,2023
2023-09,-0.2562459238916927,-0.3190308531483995,0.39502438397463746,0.5252674817122663,-0.8751453720134469,-0.7761304938234529,1.1892070708948137,0.0020632103241019,67,0,4,2023-09-01,2023
2023-09,-0.2480910382748469,-0.3024928527041924,0.39502438397463746,0.5252674817122663,-0.8751453720134469,-0.7761304938234529,1.1892070708948137,0.0020632103241019,67,1,4,2023-09-01,2023
2023-09,-0.25913311668921607,-0.34007724475552936,0.39502438397463746,0.5252674817122663,-0.8751453720134469,-0.7761304938234529,1.1892070708948137,0.0020632103241019,70,0,4,2023-09-01,2023
2023-09,-0.25763534559116313,-0.33775574137875775,0.39502438397463746,0.5252674817122663,-0.8751453720134469,-0.7761304938234529,1.1892070708948137,0.0020632103241019,70,1,4,2023-09-01,2023
2023-09,-0.2591267431951818,-0.3401976831969233,0.39502438397463746,0.5252674817122663,-0.8751453720134469,-0.7761304938234529,1.1892070708948137,0.0020632103241019,73,0,4,2023-09-01,2023
2023-09,-0.25565956244054006,-0.3375084876642621,0.39502438397463746,0.5252674817122663,-0.8751453720134469,-0.7761304938234529,1.1892070708948137,0.0020632103241019,73,1,4,2023-09-01,2023
2023-09,-0.2591904781355245,-0.33957131096745996,0.39502438397463746,0.5252674817122663,-0.8751453720134469,-0.7761304938234529,1.1892070708948137,0.0020632103241019,75,1,4,2023-09-01,2023
2023-09,-0.2567972311256569,-0.33385684259666026,0.39502438397463746,0.5252674817122663,-0.8751453720134469,-0.7761304938234529,1.1892070708948137,0.0020632103241019,75,0,4,2023-09-01,2023
2023-09,-0.258964219097308,-0.33873092534081917,0.39502438397463746,0.5252674817122663,-0.8751453720134469,-0.7761304938234529,1.1892070708948137,0.0020632103241019,77,1,4,2023-09-01,2023
2023-09,-0.2591426769302675,-0.33992927917635635,0.39502438397463746,0.5252674817122663,-0.8751453720134469,-0.7761304938234529,1.1892070708948137,0.0020632103241019,77,0,4,2023-09-01,2023
2023-09,-0.25383036965270517,-0.3160778414514679,0.39502438397463746,0.5252674817122663,-0.8751453720134469,-0.7761304938234529,1.1892070708948137,0.0020632103241019,78,1,4,2023-09-01,2023
2023-09,-0.2572210684789357,-0.33395650583973036,0.39502438397463746,0.5252674817122663,-0.8751453720134469,-0.7761304938234529,1.1892070708948137,0.0020632103241019,78,0,4,2023-09-01,2023
2023-09,-0.24776599007909925,-0.26041862289621365,0.39502438397463746,0.5252674817122663,-0.8751453720134469,-0.7761304938234529,1.1892070708948137,0.0020632103241019,79,1,4,2023-09-01,2023
2023-09,-0.25271819494372544,-0.31106747917719313,0.39502438397463746,0.5252674817122663,-0.8751453720134469,-0.7761304938234529,1.1892070708948137,0.0020632103241019,79,0,4,2023-09-01,2023
2023-09,-0.19329492331522852,-0.33183304011735115,0.39502438397463746,0.5252674817122663,-0.8751453720134469,-0.7761304938234529,1.1892070708948137,0.0020632103241019,80,1,4,2023-09-01,2023
2023-09,-0.23841926107784536,-0.33808693266537004,0.39502438397463746,0.5252674817122663,-0.8751453720134469,-0.7761304938234529,1.1892070708948137,0.0020632103241019,80,0,4,2023-09-01,2023
2023-09,-0.24394508040555563,-0.3151256448616259,0.39502438397463746,0.5252674817122663,-0.8751453720134469,-0.7761304938234529,1.1892070708948137,0.0020632103241019,81,1,4,2023-09-01,2023
2023-09,-0.1932184413868173,-0.3111427796529696,0.39502438397463746,0.5252674817122663,-0.8751453720134469,-0.7761304938234529,1.1892070708948137,0.0020632103241019,81,0,4,2023-09-01,2023
2023-09,-0.25906300825483913,-0.3394116978118193,0.39502438397463746,0.5252674817122663,-0.8751453720134469,-0.7761304938234529,1.1892070708948137,0.0020632103241019,87,0,4,2023-09-01,2023
2023-09,-0.2461853635586008,-0.3193547634974511,0.39502438397463746,0.5252674817122663,-0.8751453720134469,-0.7761304938234529,1.1892070708948137,0.0020632103241019,87,1,4,2023-09-01,2023
2023-09,5.006596666470661,4.957498856939704,0.39502438397463746,0.5252674817122663,-0.8751453720134469,-0.7761304938234529,1.1892070708948137,0.0020632103241019,88,1,4,2023-09-01,2023
2023-09,5.032842714903777,3.308747204947977,0.39502438397463746,0.5252674817122663,-0.8751453720134469,-0.7761304938234529,1.1892070708948137,0.0020632103241019,88,0,4,2023-09-01,2023
2023-09,-0.25419365881265843,-0.2654102682557022,0.39502438397463746,0.5252674817122663,-0.8751453720134469,-0.7761304938234529,1.1892070708948137,0.0020632103241019,89,1,4,2023-09-01,2023
2023-09,0.19546271879897723,0.5877223468063154,0.39502438397463746,0.5252674817122663,-0.8751453720134469,-0.7761304938234529,1.1892070708948137,0.0020632103241019,89,0,4,2023-09-01,2023
2023-09,-0.25920641187061016,-0.3391716577078528,0.39502438397463746,0.5252674817122663,-0.8751453720134469,-0.7761304938234529,1.1892070708948137,0.0020632103241019,90,1,4,2023-09-01,2023
2023-09,-0.049696915976155255,1.1155760081545634,0.39502438397463746,0.5252674817122663,-0.8751453720134469,-0.7761304938234529,1.1892070708948137,0.0020632103241019,90,0,4,2023-09-01,2023
2023-09,-0.25742820703504943,-0.2790204950216822,0.39502438397463746,0.5252674817122663,-0.8751453720134469,-0.7761304938234529,1.1892070708948137,0.0020632103241019,91,0,4,2023-09-01,2023
2023-09,-0.2593530022333983,-0.33904585234022516,0.39502438397463746,0.5252674817122663,-0.8751453720134469,-0.7761304938234529,1.1892070708948137,0.0020632103241019,94,0,4,2023-09-01,2023
2023-09,-0.2585467552380634,-0.32925164478043695,0.39502438397463746,0.5252674817122663,-0.8751453720134469,-0.7761304938234529,1.1892070708948137,0.0020632103241019,94,1,4,2023-09-01,2023
2023-09,-0.22330133322856185,-0.3019496101224665,0.39502438397463746,0.5252674817122663,-0.8751453720134469,-0.7761304938234529,1.1892070708948137,0.0020632103241019,98,0,4,2023-09-01,2023
2023-09,-0.16826621224265842,0.05377967681044915,0.39502438397463746,0.5252674817122663,-0.8751453720134469,-0.7761304938234529,1.1892070708948137,0.0020632103241019,98,1,4,2023-09-01,2023
2023-09,-0.25931794801620983,-0.3400539303662993,0.39502438397463746,0.5252674817122663,-0.8751453720134469,-0.7761304938234529,1.1892070708948137,0.0020632103241019,100,0,4,2023-09-01,2023
2023-09,-0.2592956407870899,-0.33994000341067626,0.39502438397463746,0.5252674817122663,-0.8751453720134469,-0.7761304938234529,1.1892070708948137,0.0020632103241019,100,1,4,2023-09-01,2023
2023-09,0.964969707773331,0.6146995381549392,0.39502438397463746,0.5252674817122663,-0.8751453720134469,-0.7761304938234529,1.1892070708948137,0.0020632103241019,101,1,4,2023-09-01,2023
2023-09,0.36133927453483394,0.17340493269852847,0.39502438397463746,0.5252674817122663,-0.8751453720134469,-0.7761304938234529,1.1892070708948137,0.0020632103241019,101,0,4,2023-09-01,2023
2023-10,-0.16132547723934065,-0.2952354411319538,1.1636068575068752,0.7771368812636644,-0.7759641385177383,-0.8221901092437253,0.9328266575185443,0.0018571920328316,0,1,4,2023-10-01,2023
2023-10,-0.2528297310893251,-0.3348323535757323,1.1636068575068752,0.7771368812636644,-0.7759641385177383,-0.8221901092437253,0.9328266575185443,0.0018571920328316,0,0,4,2023-10-01,2023
2023-10,-0.25839379138124097,-0.18017242841393383,1.1636068575068752,0.7771368812636644,-0.7759641385177383,-0.8221901092437253,0.9328266575185443,0.0018571920328316,1,1,4,2023-10-01,2023
2023-10,-0.25912036970114755,-0.33940605195931184,1.1636068575068752,0.7771368812636644,-0.7759641385177383,-0.8221901092437253,0.9328266575185443,0.0018571920328316,3,0,4,2023-10-01,2023
2023-10,-0.25863279740752604,-0.33951840153876583,1.1636068575068752,0.7771368812636644,-0.7759641385177383,-0.8221901092437253,0.9328266575185443,0.0018571920328316,3,1,4,2023-10-01,2023
2023-10,-0.2257742489138578,-0.15732058550913727,1.1636068575068752,0.7771368812636644,-0.7759641385177383,-0.8221901092437253,0.9328266575185443,0.0018571920328316,5,0,4,2023-10-01,2023
2023-10,-0.14782004338072693,0.6505403139780649,1.1636068575068752,0.7771368812636644,-0.7759641385177383,-0.8221901092437253,0.9328266575185443,0.0018571920328316,5,1,4,2023-10-01,2023
2023-10,-0.2591617974123703,-0.3369418826025693,1.1636068575068752,0.7771368812636644,-0.7759641385177383,-0.8221901092437253,0.9328266575185443,0.0018571920328316,6,1,4,2023-10-01,2023
2023-10,-0.2590821287369419,-0.33281024389036074,1.1636068575068752,0.7771368812636644,-0.7759641385177383,-0.8221901092437253,0.9328266575185443,0.0018571920328316,6,0,4,2023-10-01,2023
2023-10,-0.23087623088828926,-0.29141423774432845,1.1636068575068752,0.7771368812636644,-0.7759641385177383,-0.8221901092437253,0.9328266575185443,0.0018571920328316,8,0,4,2023-10-01,2023
2023-10,-0.12252683230573472,-0.1480907708371463,1.1636068575068752,0.7771368812636644,-0.7759641385177383,-0.8221901092437253,0.9328266575185443,0.0018571920328316,8,1,4,2023-10-01,2023
2023-10,-0.25864554439559456,-0.3373110367168594,1.1636068575068752,0.7771368812636644,-0.7759641385177383,-0.8221901092437253,0.9328266575185443,0.0018571920328316,9,1,4,2023-10-01,2023
2023-10,-0.259059821507822,-0.33865280674786263,1.1636068575068752,0.7771368812636644,-0.7759641385177383,-0.8221901092437253,0.9328266575185443,0.0018571920328316,9,0,4,2023-10-01,2023
2023-10,-0.2594422311498781,-0.3403014533889213,1.1636068575068752,0.7771368812636644,-0.7759641385177383,-0.8221901092437253,0.9328266575185443,0.0018571920328316,15,1,4,2023-10-01,2023
2023-10,-0.2563224058201039,-0.3387823439566706,1.1636068575068752,0.7771368812636644,-0.7759641385177383,-0.8221901092437253,0.9328266575185443,0.0018571920328316,18,1,4,2023-10-01,2023
2023-10,-0.2593976166916382,-0.34026981930221434,1.1636068575068752,0.7771368812636644,-0.7759641385177383,-0.8221901092437253,0.9328266575185443,0.0018571920328316,18,0,4,2023-10-01,2023
2023-10,-0.25942948416180955,-0.34025552673521936,1.1636068575068752,0.7771368812636644,-0.7759641385177383,-0.8221901092437253,0.9328266575185443,0.0018571920328316,22,1,4,2023-10-01,2023
2023-10,-0.25942311066777524,-0.3402618266217481,1.1636068575068752,0.7771368812636644,-0.7759641385177383,-0.8221901092437253,0.9328266575185443,0.0018571920328316,27,0,4,2023-10-01,2023
2023-10,-0.2586582913836631,-0.3322748689531852,1.1636068575068752,0.7771368812636644,-0.7759641385177383,-0.8221901092437253,0.9328266575185443,0.0018571920328316,27,1,4,2023-10-01,2023
2023-10,-0.25943267090882666,-0.3398032333550444,1.1636068575068752,0.7771368812636644,-0.7759641385177383,-0.8221901092437253,0.9328266575185443,0.0018571920328316,28,1,4,2023-10-01,2023
2023-10,-0.25916498415938743,-0.3391399466759668,1.1636068575068752,0.7771368812636644,-0.7759641385177383,-0.8221901092437253,0.9328266575185443,0.0018571920328316,36,1,4,2023-10-01,2023
2023-10,-0.25943267090882666,-0.3402129471968029,1.1636068575068752,0.7771368812636644,-0.7759641385177383,-0.8221901092437253,0.9328266575185443,0.0018571920328316,36,0,4,2023-10-01,2023
2023-10,-0.2545537612255946,-0.33733575535560584,1.1636068575068752,0.7771368812636644,-0.7759641385177383,-0.8221901092437253,0.9328266575185443,0.0018571920328316,41,0,4,2023-10-01,2023
2023-10,-0.25340653229942633,-0.33682969653162065,1.1636068575068752,0.7771368812636644,-0.7759641385177383,-0.8221901092437253,0.9328266575185443,0.0018571920328316,41,1,4,2023-10-01,2023
2023-10,0.3784807867399975,1.3439606391544352,1.1636068575068752,0.7771368812636644,-0.7759641385177383,-0.8221901092437253,0.9328266575185443,0.0018571920328316,44,1,4,2023-10-01,2023
2023-10,-0.03759365080508049,0.026917431941069873,1.1636068575068752,0.7771368812636644,-0.7759641385177383,-0.8221901092437253,0.9328266575185443,0.0018571920328316,44,0,4,2023-10-01,2023
2023-10,-0.25883674921662264,-0.33946267399289165,1.1636068575068752,0.7771368812636644,-0.7759641385177383,-0.8221901092437253,0.9328266575185443,0.0018571920328316,46,0,4,2023-10-01,2023
2023-10,-0.25860411668437183,-0.32950350558752384,1.1636068575068752,0.7771368812636644,-0.7759641385177383,-0.8221901092437253,0.9328266575185443,0.0018571920328316,46,1,4,2023-10-01,2023
2023-10,-0.2542414600179154,-0.32689461196727265,1.1636068575068752,0.7771368812636644,-0.7759641385177383,-0.8221901092437253,0.9328266575185443,0.0018571920328316,50,1,4,2023-10-01,2023
2023-10,-0.2567653636554855,-0.33163985000923435,1.1636068575068752,0.7771368812636644,-0.7759641385177383,-0.8221901092437253,0.9328266575185443,0.0018571920328316,50,0,4,2023-10-01,2023
2023-10,-0.25910443596606186,-0.33815042205617357,1.1636068575068752,0.7771368812636644,-0.7759641385177383,-0.8221901092437253,0.9328266575185443,0.0018571920328316,58,0,4,2023-10-01,2023
2023-10,-0.259368935968484,-0.33977953423991947,1.1636068575068752,0.7771368812636644,-0.7759641385177383,-0.8221901092437253,0.9328266575185443,0.0018571920328316,58,1,4,2023-10-01,2023
2023-10,-0.14787421808001822,-0.19195495710737528,1.1636068575068752,0.7771368812636644,-0.7759641385177383,-0.8221901092437253,0.9328266575185443,0.0018571920328316,60,0,4,2023-10-01,2023
2023-10,-0.2445059478805712,-0.29238619962702017,1.1636068575068752,0.7771368812636644,-0.7759641385177383,-0.8221901092437253,0.9328266575185443,0.0018571920328316,67,1,4,2023-10-01,2023
2023-10,-0.2549297973736164,-0.30868817073471494,1.1636068575068752,0.7771368812636644,-0.7759641385177383,-0.8221901092437253,0.9328266575185443,0.0018571920328316,67,0,4,2023-10-01,2023
2023-10,-0.25823126728336715,-0.3395673386725953,1.1636068575068752,0.7771368812636644,-0.7759641385177383,-0.8221901092437253,0.9328266575185443,0.0018571920328316,70,1,4,2023-10-01,2023
2023-10,-0.2591745444004388,-0.3401896520438676,1.1636068575068752,0.7771368812636644,-0.7759641385177383,-0.8221901092437253,0.9328266575185443,0.0018571920328316,70,0,4,2023-10-01,2023
2023-10,-0.25565000219948864,-0.3376042844120886,1.1636068575068752,0.7771368812636644,-0.7759641385177383,-0.8221901092437253,0.9328266575185443,0.0018571920328316,73,1,4,2023-10-01,2023
2023-10,-0.2590853154839591,-0.3401593260252032,1.1636068575068752,0.7771368812636644,-0.7759641385177383,-0.8221901092437253,0.9328266575185443,0.0018571920328316,73,0,4,2023-10-01,2023
2023-10,-0.2569119540182737,-0.33488605169251096,1.1636068575068752,0.7771368812636644,-0.7759641385177383,-0.8221901092437253,0.9328266575185443,0.0018571920328316,75,0,4,2023-10-01,2023
2023-10,-0.2592319058467472,-0.3397304239794373,1.1636068575068752,0.7771368812636644,-0.7759641385177383,-0.8221901092437253,0.9328266575185443,0.0018571920328316,75,1,4,2023-10-01,2023
2023-10,-0.25693426124739366,-0.33776751399114124,1.1636068575068752,0.7771368812636644,-0.7759641385177383,-0.8221901092437253,0.9328266575185443,0.0018571920328316,77,1,4,2023-10-01,2023
2023-10,-0.25799544800409924,-0.3387146802899076,1.1636068575068752,0.7771368812636644,-0.7759641385177383,-0.8221901092437253,0.9328266575185443,0.0018571920328316,77,0,4,2023-10-01,2023
2023-10,-0.25608021304680173,-0.332679369759068,1.1636068575068752,0.7771368812636644,-0.7759641385177383,-0.8221901092437253,0.9328266575185443,0.0018571920328316,78,0,4,2023-10-01,2023
2023-10,-0.25065318287662264,-0.3062536541263207,1.1636068575068752,0.7771368812636644,-0.7759641385177383,-0.8221901092437253,0.9328266575185443,0.0018571920328316,78,1,4,2023-10-01,2023
2023-10,-0.2463160201863033,-0.2519264335643395,1.1636068575068752,0.7771368812636644,-0.7759641385177383,-0.8221901092437253,0.9328266575185443,0.0018571920328316,79,1,4,2023-10-01,2023
2023-10,-0.252969947958079,-0.29850856400972503,1.1636068575068752,0.7771368812636644,-0.7759641385177383,-0.8221901092437253,0.9328266575185443,0.0018571920328316,79,0,4,2023-10-01,2023
2023-10,-0.18138286296518177,-0.330243362337831,1.1636068575068752,0.7771368812636644,-0.7759641385177383,-0.8221901092437253,0.9328266575185443,0.0018571920328316,80,1,4,2023-10-01,2023
2023-10,-0.23456329718711327,-0.33789383873872697,1.1636068575068752,0.7771368812636644,-0.7759641385177383,-0.8221901092437253,0.9328266575185443,0.0018571920328316,80,0,4,2023-10-01,2023
2023-10,-0.24648810452522854,-0.32057945182049324,1.1636068575068752,0.7771368812636644,-0.7759641385177383,-0.8221901092437253,0.9328266575185443,0.0018571920328316,81,1,4,2023-10-01,2023
2023-10,-0.22392912239093724,-0.323411794240494,1.1636068575068752,0.7771368812636644,-0.7759641385177383,-0.8221901092437253,0.9328266575185443,0.0018571920328316,81,0,4,2023-10-01,2023
2023-10,-0.25914905042430175,-0.33933741685966423,1.1636068575068752,0.7771368812636644,-0.7759641385177383,-0.8221901092437253,0.9328266575185443,0.0018571920328316,83,1,4,2023-10-01,2023
2023-10,-0.2590821287369419,-0.33945899024244813,1.1636068575068752,0.7771368812636644,-0.7759641385177383,-0.8221901092437253,0.9328266575185443,0.0018571920328316,87,0,4,2023-10-01,2023
2023-10,-0.24730072501459768,-0.3241329052215729,1.1636068575068752,0.7771368812636644,-0.7759641385177383,-0.8221901092437253,0.9328266575185443,0.0018571920328316,87,1,4,2023-10-01,2023
2023-10,5.128094583245911,5.06446463992954,1.1636068575068752,0.7771368812636644,-0.7759641385177383,-0.8221901092437253,0.9328266575185443,0.0018571920328316,88,1,4,2023-10-01,2023
2023-10,5.281036132839221,3.48438736809928,1.1636068575068752,0.7771368812636644,-0.7759641385177383,-0.8221901092437253,0.9328266575185443,0.0018571920328316,88,0,4,2023-10-01,2023
2023-10,-0.2545856286957659,-0.2651066137250163,1.1636068575068752,0.7771368812636644,-0.7759641385177383,-0.8221901092437253,0.9328266575185443,0.0018571920328316,89,1,4,2023-10-01,2023
2023-10,0.2506061891834632,0.7222424773141347,1.1636068575068752,0.7771368812636644,-0.7759641385177383,-0.8221901092437253,0.9328266575185443,0.0018571920328316,89,0,4,2023-10-01,2023
2023-10,-0.047549048486606973,1.1612347964522234,1.1636068575068752,0.7771368812636644,-0.7759641385177383,-0.8221901092437253,0.9328266575185443,0.0018571920328316,90,0,4,2023-10-01,2023
2023-10,-0.25922553235271295,-0.33996069204567375,1.1636068575068752,0.7771368812636644,-0.7759641385177383,-0.8221901092437253,0.9328266575185443,0.0018571920328316,90,1,4,2023-10-01,2023
2023-10,-0.25742502028803227,-0.2626618730259655,1.1636068575068752,0.7771368812636644,-0.7759641385177383,-0.8221901092437253,0.9328266575185443,0.0018571920328316,91,0,4,2023-10-01,2023
2023-10,-0.25925102632885005,-0.33395892961286816,1.1636068575068752,0.7771368812636644,-0.7759641385177383,-0.8221901092437253,0.9328266575185443,0.0018571920328316,94,0,4,2023-10-01,2023
2023-10,-0.2584989540328064,-0.31980727809501563,1.1636068575068752,0.7771368812636644,-0.7759641385177383,-0.8221901092437253,0.9328266575185443,0.0018571920328316,94,1,4,2023-10-01,2023
2023-10,-0.20451227281554005,-0.28191196981172684,1.1636068575068752,0.7771368812636644,-0.7759641385177383,-0.8221901092437253,0.9328266575185443,0.0018571920328316,98,0,4,2023-10-01,2023
2023-10,-0.13256508540970668,0.10016723213449624,1.1636068575068752,0.7771368812636644,-0.7759641385177383,-0.8221901092437253,0.9328266575185443,0.0018571920328316,98,1,4,2023-10-01,2023
2023-10,-0.25915223717131886,-0.3396003385362291,1.1636068575068752,0.7771368812636644,-0.7759641385177383,-0.8221901092437253,0.9328266575185443,0.0018571920328316,100,1,4,2023-10-01,2023
2023-10,-0.2593243215102441,-0.3400804283623095,1.1636068575068752,0.7771368812636644,-0.7759641385177383,-0.8221901092437253,0.9328266575185443,0.0018571920328316,100,0,4,2023-10-01,2023
2023-10,0.4194527931392888,0.23458261139928557,1.1636068575068752,0.7771368812636644,-0.7759641385177383,-0.8221901092437253,0.9328266575185443,0.0018571920328316,101,0,4,2023-10-01,2023
2023-10,1.0377677566327392,0.6884672082573238,1.1636068575068752,0.7771368812636644,-0.7759641385177383,-0.8221901092437253,0.9328266575185443,0.0018571920328316,101,1,4,2023-10-01,2023
2023-11,-0.17482135085690295,-0.28729511224185106,1.1636068575068752,0.7771368812636644,-0.8716813279078173,-0.7585502061663886,2.0121686268087164,0.0024229839557243,0,1,4,2023-11-01,2023
2023-11,-0.2509017491439591,-0.33409222751729867,1.1636068575068752,0.7771368812636644,-0.8716813279078173,-0.7585502061663886,2.0121686268087164,0.0024229839557243,0,0,4,2023-11-01,2023
2023-11,-0.2579699540279622,1.4675381072154956,1.1636068575068752,0.7771368812636644,-0.8716813279078173,-0.7585502061663886,2.0121686268087164,0.0024229839557243,1,1,4,2023-11-01,2023
2023-11,-0.25922234560569585,-0.33982194065168325,1.1636068575068752,0.7771368812636644,-0.8716813279078173,-0.7585502061663886,2.0121686268087164,0.0024229839557243,3,1,4,2023-11-01,2023
2023-11,-0.2590502612667706,-0.3395109570926998,1.1636068575068752,0.7771368812636644,-0.8716813279078173,-0.7585502061663886,2.0121686268087164,0.0024229839557243,3,0,4,2023-11-01,2023
2023-11,-0.22610885735065686,-0.17818575198348122,1.1636068575068752,0.7771368812636644,-0.8716813279078173,-0.7585502061663886,2.0121686268087164,0.0024229839557243,5,0,4,2023-11-01,2023
2023-11,-0.14802718193684064,0.620682699090727,1.1636068575068752,0.7771368812636644,-0.8716813279078173,-0.7585502061663886,2.0121686268087164,0.0024229839557243,5,1,4,2023-11-01,2023
2023-11,-0.259059821507822,-0.33156186607034105,1.1636068575068752,0.7771368812636644,-0.8716813279078173,-0.7585502061663886,2.0121686268087164,0.0024229839557243,6,0,4,2023-11-01,2023
2023-11,-0.25913630343623323,-0.3364501644363159,1.1636068575068752,0.7771368812636644,-0.8716813279078173,-0.7585502061663886,2.0121686268087164,0.0024229839557243,6,1,4,2023-11-01,2023
2023-11,-0.23287113452101513,-0.2970060362635439,1.1636068575068752,0.7771368812636644,-0.8716813279078173,-0.7585502061663886,2.0121686268087164,0.0024229839557243,8,0,4,2023-11-01,2023
2023-11,-0.1281068263327363,-0.15647017777293468,1.1636068575068752,0.7771368812636644,-0.8716813279078173,-0.7585502061663886,2.0121686268087164,0.0024229839557243,8,1,4,2023-11-01,2023
2023-11,-0.25875070704716,-0.33754994187943604,1.1636068575068752,0.7771368812636644,-0.8716813279078173,-0.7585502061663886,2.0121686268087164,0.0024229839557243,9,1,4,2023-11-01,2023
2023-11,-0.25915223717131886,-0.3387472088643202,1.1636068575068752,0.7771368812636644,-0.8716813279078173,-0.7585502061663886,2.0121686268087164,0.0024229839557243,9,0,4,2023-11-01,2023
2023-11,-0.25940399018567245,-0.34024085906047685,1.1636068575068752,0.7771368812636644,-0.8716813279078173,-0.7585502061663886,2.0121686268087164,0.0024229839557243,18,0,4,2023-11-01,2023
2023-11,-0.25668250823304006,-0.33884084152898797,1.1636068575068752,0.7771368812636644,-0.8716813279078173,-0.7585502061663886,2.0121686268087164,0.0024229839557243,18,1,4,2023-11-01,2023
2023-11,-0.25942311066777524,-0.3402995297594469,1.1636068575068752,0.7771368812636644,-0.8716813279078173,-0.7585502061663886,2.0121686268087164,0.0024229839557243,22,1,4,2023-11-01,2023
2023-11,-0.2593816829565525,-0.3178911700118324,1.1636068575068752,0.7771368812636644,-0.8716813279078173,-0.7585502061663886,2.0121686268087164,0.0024229839557243,27,1,4,2023-11-01,2023
2023-11,-0.25943267090882666,-0.3375280605941644,1.1636068575068752,0.7771368812636644,-0.8716813279078173,-0.7585502061663886,2.0121686268087164,0.0024229839557243,28,1,4,2023-11-01,2023
2023-11,-0.2594422311498781,-0.3402959229541824,1.1636068575068752,0.7771368812636644,-0.8716813279078173,-0.7585502061663886,2.0121686268087164,0.0024229839557243,36,0,4,2023-11-01,2023
2023-11,-0.2591904781355245,-0.33917076322014716,1.1636068575068752,0.7771368812636644,-0.8716813279078173,-0.7585502061663886,2.0121686268087164,0.0024229839557243,36,1,4,2023-11-01,2023
2023-11,-0.2563638335313267,-0.33862480832086234,1.1636068575068752,0.7771368812636644,-0.8716813279078173,-0.7585502061663886,2.0121686268087164,0.0024229839557243,41,0,4,2023-11-01,2023
2023-11,-0.2556245082233516,-0.3383060148262127,1.1636068575068752,0.7771368812636644,-0.8716813279078173,-0.7585502061663886,2.0121686268087164,0.0024229839557243,41,1,4,2023-11-01,2023
2023-11,0.34964709972896946,1.4382692864558382,1.1636068575068752,0.7771368812636644,-0.8716813279078173,-0.7585502061663886,2.0121686268087164,0.0024229839557243,44,1,4,2023-11-01,2023
2023-11,-0.045738976180874885,0.014895853812841206,1.1636068575068752,0.7771368812636644,-0.8716813279078173,-0.7585502061663886,2.0121686268087164,0.0024229839557243,44,0,4,2023-11-01,2023
2023-11,-0.25851170102087495,-0.32709230336835965,1.1636068575068752,0.7771368812636644,-0.8716813279078173,-0.7585502061663886,2.0121686268087164,0.0024229839557243,46,1,4,2023-11-01,2023
2023-11,-0.2588813636748625,-0.3393931924962753,1.1636068575068752,0.7771368812636644,-0.8716813279078173,-0.7585502061663886,2.0121686268087164,0.0024229839557243,46,0,4,2023-11-01,2023
2023-11,-0.2543880503807036,-0.32828383793741,1.1636068575068752,0.7771368812636644,-0.8716813279078173,-0.7585502061663886,2.0121686268087164,0.0024229839557243,50,1,4,2023-11-01,2023
2023-11,-0.25684821907793104,-0.3318893062794782,1.1636068575068752,0.7771368812636644,-0.8716813279078173,-0.7585502061663886,2.0121686268087164,0.0024229839557243,50,0,4,2023-11-01,2023
2023-11,-0.2593370684983127,-0.33861329539845786,1.1636068575068752,0.7771368812636644,-0.8716813279078173,-0.7585502061663886,2.0121686268087164,0.0024229839557243,58,1,4,2023-11-01,2023
2023-11,-0.2591108094600961,-0.3383159118998586,1.1636068575068752,0.7771368812636644,-0.8716813279078173,-0.7585502061663886,2.0121686268087164,0.0024229839557243,58,0,4,2023-11-01,2023
2023-11,-0.1510259108799637,-0.18624964521287385,1.1636068575068752,0.7771368812636644,-0.8716813279078173,-0.7585502061663886,2.0121686268087164,0.0024229839557243,60,0,4,2023-11-01,2023
2023-11,-0.24459199005003382,-0.2940795898896541,1.1636068575068752,0.7771368812636644,-0.8716813279078173,-0.7585502061663886,2.0121686268087164,0.0024229839557243,67,1,4,2023-11-01,2023
2023-11,-0.2558603275026195,-0.3209298794018498,1.1636068575068752,0.7771368812636644,-0.8716813279078173,-0.7585502061663886,2.0121686268087164,0.0024229839557243,67,0,4,2023-11-01,2023
2023-11,-0.25785523113534536,-0.3385325029605319,1.1636068575068752,0.7771368812636644,-0.8716813279078173,-0.7585502061663886,2.0121686268087164,0.0024229839557243,70,1,4,2023-11-01,2023
2023-11,-0.2592478395818329,-0.34023350117773715,1.1636068575068752,0.7771368812636644,-0.8716813279078173,-0.7585502061663886,2.0121686268087164,0.0024229839557243,70,0,4,2023-11-01,2023
2023-11,-0.25895784560327373,-0.3399630581099273,1.1636068575068752,0.7771368812636644,-0.8716813279078173,-0.7585502061663886,2.0121686268087164,0.0024229839557243,73,0,4,2023-11-01,2023
2023-11,-0.25554483954792323,-0.33772111604821803,1.1636068575068752,0.7771368812636644,-0.8716813279078173,-0.7585502061663886,2.0121686268087164,0.0024229839557243,73,1,4,2023-11-01,2023
2023-11,-0.2592287190997301,-0.3399137073957608,1.1636068575068752,0.7771368812636644,-0.8716813279078173,-0.7585502061663886,2.0121686268087164,0.0024229839557243,75,1,4,2023-11-01,2023
2023-11,-0.2569693154645821,-0.33458700425441634,1.1636068575068752,0.7771368812636644,-0.8716813279078173,-0.7585502061663886,2.0121686268087164,0.0024229839557243,75,0,4,2023-11-01,2023
2023-11,-0.25849258053877217,-0.339162876339302,1.1636068575068752,0.7771368812636644,-0.8716813279078173,-0.7585502061663886,2.0121686268087164,0.0024229839557243,77,0,4,2023-11-01,2023
2023-11,-0.25777874920693417,-0.3386209514437661,1.1636068575068752,0.7771368812636644,-0.8716813279078173,-0.7585502061663886,2.0121686268087164,0.0024229839557243,77,1,4,2023-11-01,2023
2023-11,-0.25137976119652916,-0.31062273604270535,1.1636068575068752,0.7771368812636644,-0.8716813279078173,-0.7585502061663886,2.0121686268087164,0.0024229839557243,78,1,4,2023-11-01,2023
2023-11,-0.25642756847166936,-0.3313882777465686,1.1636068575068752,0.7771368812636644,-0.8716813279078173,-0.7585502061663886,2.0121686268087164,0.0024229839557243,78,0,4,2023-11-01,2023
2023-11,-0.25477046002275966,-0.2975965520396039,1.1636068575068752,0.7771368812636644,-0.8716813279078173,-0.7585502061663886,2.0121686268087164,0.0024229839557243,79,0,4,2023-11-01,2023
2023-11,-0.24735171296687183,-0.18590174720427613,1.1636068575068752,0.7771368812636644,-0.8716813279078173,-0.7585502061663886,2.0121686268087164,0.0024229839557243,79,1,4,2023-11-01,2023
2023-11,-0.17179394119062572,-0.3291915986863927,1.1636068575068752,0.7771368812636644,-0.8716813279078173,-0.7585502061663886,2.0121686268087164,0.0024229839557243,80,1,4,2023-11-01,2023
2023-11,-0.23364551404617867,-0.33784032336674835,1.1636068575068752,0.7771368812636644,-0.8716813279078173,-0.7585502061663886,2.0121686268087164,0.0024229839557243,80,0,4,2023-11-01,2023
2023-11,-0.19027388714298551,-0.30990474134137497,1.1636068575068752,0.7771368812636644,-0.8716813279078173,-0.7585502061663886,2.0121686268087164,0.0024229839557243,81,0,4,2023-11-01,2023
2023-11,-0.2443274900476117,-0.31520000275895993,1.1636068575068752,0.7771368812636644,-0.8716813279078173,-0.7585502061663886,2.0121686268087164,0.0024229839557243,81,1,4,2023-11-01,2023
2023-11,-0.24574240572321918,-0.318384859898297,1.1636068575068752,0.7771368812636644,-0.8716813279078173,-0.7585502061663886,2.0121686268087164,0.0024229839557243,87,1,4,2023-11-01,2023
2023-11,-0.2589514721092394,-0.3392109189854258,1.1636068575068752,0.7771368812636644,-0.8716813279078173,-0.7585502061663886,2.0121686268087164,0.0024229839557243,87,0,4,2023-11-01,2023
2023-11,4.894674924481899,4.716616232117819,1.1636068575068752,0.7771368812636644,-0.8716813279078173,-0.7585502061663886,2.0121686268087164,0.0024229839557243,88,1,4,2023-11-01,2023
2023-11,4.9628266961903265,3.170799378315969,1.1636068575068752,0.7771368812636644,-0.8716813279078173,-0.7585502061663886,2.0121686268087164,0.0024229839557243,88,0,4,2023-11-01,2023
2023-11,0.20529702009385262,0.6235571112873335,1.1636068575068752,0.7771368812636644,-0.8716813279078173,-0.7585502061663886,2.0121686268087164,0.0024229839557243,89,0,4,2023-11-01,2023
2023-11,-0.2545187070084061,-0.25162386588430674,1.1636068575068752,0.7771368812636644,-0.8716813279078173,-0.7585502061663886,2.0121686268087164,0.0024229839557243,89,1,4,2023-11-01,2023
2023-11,-0.2592287190997301,-0.33996088440862116,1.1636068575068752,0.7771368812636644,-0.8716813279078173,-0.7585502061663886,2.0121686268087164,0.0024229839557243,90,1,4,2023-11-01,2023
2023-11,-0.034457891740220674,1.0657431843510785,1.1636068575068752,0.7771368812636644,-0.8716813279078173,-0.7585502061663886,2.0121686268087164,0.0024229839557243,90,0,4,2023-11-01,2023
2023-11,-0.2572401889610385,-0.27336924673355956,1.1636068575068752,0.7771368812636644,-0.8716813279078173,-0.7585502061663886,2.0121686268087164,0.0024229839557243,91,0,4,2023-11-01,2023
2023-11,-0.258607303431389,-0.32267723708938884,1.1636068575068752,0.7771368812636644,-0.8716813279078173,-0.7585502061663886,2.0121686268087164,0.0024229839557243,94,1,4,2023-11-01,2023
2023-11,-0.25931794801620983,-0.3380140751990261,1.1636068575068752,0.7771368812636644,-0.8716813279078173,-0.7585502061663886,2.0121686268087164,0.0024229839557243,94,0,4,2023-11-01,2023
2023-11,-0.13701697099264282,0.10042019902853093,1.1636068575068752,0.7771368812636644,-0.8716813279078173,-0.7585502061663886,2.0121686268087164,0.0024229839557243,98,1,4,2023-11-01,2023
2023-11,-0.2099711704558905,-0.2911986662072767,1.1636068575068752,0.7771368812636644,-0.8716813279078173,-0.7585502061663886,2.0121686268087164,0.0024229839557243,98,0,4,2023-11-01,2023
2023-11,-0.2591904781355245,-0.3396628084034112,1.1636068575068752,0.7771368812636644,-0.8716813279078173,-0.7585502061663886,2.0121686268087164,0.0024229839557243,100,0,4,2023-11-01,2023
2023-11,-0.2589100443980167,-0.33901233309663326,1.1636068575068752,0.7771368812636644,-0.8716813279078173,-0.7585502061663886,2.0121686268087164,0.0024229839557243,100,1,4,2023-11-01,2023
2023-11,0.9666809909215319,0.6086134053333851,1.1636068575068752,0.7771368812636644,-0.8716813279078173,-0.7585502061663886,2.0121686268087164,0.0024229839557243,101,1,4,2023-11-01,2023
2023-11,0.3985541062009243,0.19697105769976972,1.1636068575068752,0.7771368812636644,-0.8716813279078173,-0.7585502061663886,2.0121686268087164,0.0024229839557243,101,0,4,2023-11-01,2023
2023-12,-0.1810833087455712,-0.2923934132375493,1.1636068575068752,0.7771368812636644,-0.8153859847192123,-0.831327800952394,3.482931074535941,0.0029879343923391,0,1,4,2023-12-01,2023
2023-12,-0.2499871527500416,-0.3335036738433026,1.1636068575068752,0.7771368812636644,-0.8153859847192123,-0.831327800952394,3.482931074535941,0.0029879343923391,0,0,4,2023-12-01,2023
2023-12,-0.2584479660805323,-0.2667829317760647,1.1636068575068752,0.7771368812636644,-0.8153859847192123,-0.831327800952394,3.482931074535941,0.0029879343923391,1,1,4,2023-12-01,2023
2023-12,-0.2592382793407815,-0.33984306210331244,1.1636068575068752,0.7771368812636644,-0.8153859847192123,-0.831327800952394,3.482931074535941,0.0029879343923391,3,1,4,2023-12-01,2023
2023-12,-0.25877620102329707,-0.3381753811486043,1.1636068575068752,0.7771368812636644,-0.8153859847192123,-0.831327800952394,3.482931074535941,0.0029879343923391,3,0,4,2023-12-01,2023
2023-12,-0.21868373680073475,-0.10961078499325244,1.1636068575068752,0.7771368812636644,-0.8153859847192123,-0.831327800952394,3.482931074535941,0.0029879343923391,5,0,4,2023-12-01,2023
2023-12,-0.13663774809760387,0.7905440388471631,1.1636068575068752,0.7771368812636644,-0.8153859847192123,-0.831327800952394,3.482931074535941,0.0029879343923391,5,1,4,2023-12-01,2023
2023-12,-0.2591139962071133,-0.33585877340884507,1.1636068575068752,0.7771368812636644,-0.8153859847192123,-0.831327800952394,3.482931074535941,0.0029879343923391,6,1,4,2023-12-01,2023
2023-12,-0.25898971307344504,-0.33089853130052654,1.1636068575068752,0.7771368812636644,-0.8153859847192123,-0.831327800952394,3.482931074535941,0.0029879343923391,6,0,4,2023-12-01,2023
2023-12,-0.12872505525406028,-0.15649611791639734,1.1636068575068752,0.7771368812636644,-0.8153859847192123,-0.831327800952394,3.482931074535941,0.0029879343923391,8,1,4,2023-12-01,2023
2023-12,-0.23058942365674723,-0.2930231422004455,1.1636068575068752,0.7771368812636644,-0.8153859847192123,-0.831327800952394,3.482931074535941,0.0029879343923391,8,0,4,2023-12-01,2023
2023-12,-0.2588718034338111,-0.33792075993322157,1.1636068575068752,0.7771368812636644,-0.8153859847192123,-0.831327800952394,3.482931074535941,0.0029879343923391,9,1,4,2023-12-01,2023
2023-12,-0.25916498415938743,-0.3392661656239314,1.1636068575068752,0.7771368812636644,-0.8153859847192123,-0.831327800952394,3.482931074535941,0.0029879343923391,9,0,4,2023-12-01,2023
2023-12,-0.2575206226985463,-0.33904972845361614,1.1636068575068752,0.7771368812636644,-0.8153859847192123,-0.831327800952394,3.482931074535941,0.0029879343923391,18,1,4,2023-12-01,2023
2023-12,-0.25942311066777524,-0.33972368165812944,1.1636068575068752,0.7771368812636644,-0.8153859847192123,-0.831327800952394,3.482931074535941,0.0029879343923391,18,0,4,2023-12-01,2023
2023-12,-0.2594390444028609,-0.34030289611102715,1.1636068575068752,0.7771368812636644,-0.8153859847192123,-0.831327800952394,3.482931074535941,0.0029879343923391,22,1,4,2023-12-01,2023
2023-12,-0.25937212271550114,-0.3277192815411074,1.1636068575068752,0.7771368812636644,-0.8153859847192123,-0.831327800952394,3.482931074535941,0.0029879343923391,27,1,4,2023-12-01,2023
2023-12,-0.25941355042672387,-0.3235268176649174,1.1636068575068752,0.7771368812636644,-0.8153859847192123,-0.831327800952394,3.482931074535941,0.0029879343923391,28,1,4,2023-12-01,2023
2023-12,-0.2590693817488734,-0.33868496983267504,1.1636068575068752,0.7771368812636644,-0.8153859847192123,-0.831327800952394,3.482931074535941,0.0029879343923391,36,1,4,2023-12-01,2023
2023-12,-0.2594422311498781,-0.3402793316499654,1.1636068575068752,0.7771368812636644,-0.8153859847192123,-0.831327800952394,3.482931074535941,0.0029879343923391,36,0,4,2023-12-01,2023
2023-12,-0.25450277327332044,-0.33745933893119046,1.1636068575068752,0.7771368812636644,-0.8153859847192123,-0.831327800952394,3.482931074535941,0.0029879343923391,41,0,4,2023-12-01,2023
2023-12,-0.2537953154355167,-0.3372147494435169,1.1636068575068752,0.7771368812636644,-0.8153859847192123,-0.831327800952394,3.482931074535941,0.0029879343923391,41,1,4,2023-12-01,2023
2023-12,0.34112255145813614,1.4219854359377926,1.1636068575068752,0.7771368812636644,-0.8153859847192123,-0.831327800952394,3.482931074535941,0.0029879343923391,44,1,4,2023-12-01,2023
2023-12,-0.033339343537206655,0.045220670208780796,1.1636068575068752,0.7771368812636644,-0.8153859847192123,-0.831327800952394,3.482931074535941,0.0029879343923391,44,0,4,2023-12-01,2023
2023-12,-0.25848302029772074,-0.3286115089820841,1.1636068575068752,0.7771368812636644,-0.8153859847192123,-0.831327800952394,3.482931074535941,0.0029879343923391,46,1,4,2023-12-01,2023
2023-12,-0.2587252130710229,-0.3392153818058065,1.1636068575068752,0.7771368812636644,-0.8153859847192123,-0.831327800952394,3.482931074535941,0.0029879343923391,46,0,4,2023-12-01,2023
2023-12,-0.2593338817512955,-0.3398181414834712,1.1636068575068752,0.7771368812636644,-0.8153859847192123,-0.831327800952394,3.482931074535941,0.0029879343923391,49,1,4,2023-12-01,2023
2023-12,-0.2529635744640447,-0.3221531250027861,1.1636068575068752,0.7771368812636644,-0.8153859847192123,-0.831327800952394,3.482931074535941,0.0029879343923391,50,1,4,2023-12-01,2023
2023-12,-0.2560547190706647,-0.324694528082927,1.1636068575068752,0.7771368812636644,-0.8153859847192123,-0.831327800952394,3.482931074535941,0.0029879343923391,50,0,4,2023-12-01,2023
2023-12,-0.25912355644816465,-0.3372701595905278,1.1636068575068752,0.7771368812636644,-0.8153859847192123,-0.831327800952394,3.482931074535941,0.0029879343923391,58,0,4,2023-12-01,2023
2023-12,-0.25927970705200426,-0.3389700613389327,1.1636068575068752,0.7771368812636644,-0.8153859847192123,-0.831327800952394,3.482931074535941,0.0029879343923391,58,1,4,2023-12-01,2023
2023-12,-0.14882705543814126,-0.1873618012116619,1.1636068575068752,0.7771368812636644,-0.8153859847192123,-0.831327800952394,3.482931074535941,0.0029879343923391,60,0,4,2023-12-01,2023
2023-12,-0.24704259850620983,-0.29548835031710424,1.1636068575068752,0.7771368812636644,-0.8153859847192123,-0.831327800952394,3.482931074535941,0.0029879343923391,67,1,4,2023-12-01,2023
2023-12,-0.25544286364337493,-0.31460520690731936,1.1636068575068752,0.7771368812636644,-0.8153859847192123,-0.831327800952394,3.482931074535941,0.0029879343923391,67,0,4,2023-12-01,2023
2023-12,-0.25931476126919273,-0.3402456392797208,1.1636068575068752,0.7771368812636644,-0.8153859847192123,-0.831327800952394,3.482931074535941,0.0029879343923391,70,0,4,2023-12-01,2023
2023-12,-0.258441592586498,-0.3395199019697559,1.1636068575068752,0.7771368812636644,-0.8153859847192123,-0.831327800952394,3.482931074535941,0.0029879343923391,70,1,4,2023-12-01,2023
2023-12,-0.25496485159080484,-0.3375099784771048,1.1636068575068752,0.7771368812636644,-0.8153859847192123,-0.831327800952394,3.482931074535941,0.0029879343923391,73,1,4,2023-12-01,2023
2023-12,-0.25891323114503384,-0.3400112546464091,1.1636068575068752,0.7771368812636644,-0.8153859847192123,-0.831327800952394,3.482931074535941,0.0029879343923391,73,0,4,2023-12-01,2023
2023-12,-0.25920959861762727,-0.33986616489330035,1.1636068575068752,0.7771368812636644,-0.8153859847192123,-0.831327800952394,3.482931074535941,0.0029879343923391,75,1,4,2023-12-01,2023
2023-12,-0.25665701425690296,-0.330330252681191,1.1636068575068752,0.7771368812636644,-0.8153859847192123,-0.831327800952394,3.482931074535941,0.0029879343923391,75,0,4,2023-12-01,2023
2023-12,-0.2579986347511164,-0.338578381523497,1.1636068575068752,0.7771368812636644,-0.8153859847192123,-0.831327800952394,3.482931074535941,0.0029879343923391,77,0,4,2023-12-01,2023
2023-12,-0.25751743595152915,-0.33814880620741505,1.1636068575068752,0.7771368812636644,-0.8153859847192123,-0.831327800952394,3.482931074535941,0.0029879343923391,77,1,4,2023-12-01,2023
2023-12,-0.25596867690120206,-0.33099911788574443,1.1636068575068752,0.7771368812636644,-0.8153859847192123,-0.831327800952394,3.482931074535941,0.0029879343923391,78,0,4,2023-12-01,2023
2023-12,-0.2499935262440759,-0.2858501202532501,1.1636068575068752,0.7771368812636644,-0.8153859847192123,-0.831327800952394,3.482931074535941,0.0029879343923391,78,1,4,2023-12-01,2023
2023-12,-0.24520065873030641,-0.23040183728801425,1.1636068575068752,0.7771368812636644,-0.8153859847192123,-0.831327800952394,3.482931074535941,0.0029879343923391,79,1,4,2023-12-01,2023
2023-12,-0.25437211664561793,-0.2986727746398096,1.1636068575068752,0.7771368812636644,-0.8153859847192123,-0.831327800952394,3.482931074535941,0.0029879343923391,79,0,4,2023-12-01,2023
2023-12,-0.2184542910155011,-0.3353441736699934,1.1636068575068752,0.7771368812636644,-0.8153859847192123,-0.831327800952394,3.482931074535941,0.0029879343923391,80,0,4,2023-12-01,2023
2023-12,-0.13914890474710545,-0.32541474457630026,1.1636068575068752,0.7771368812636644,-0.8153859847192123,-0.831327800952394,3.482931074535941,0.0029879343923391,80,1,4,2023-12-01,2023
2023-12,-0.24203621894229238,-0.31074517505875265,1.1636068575068752,0.7771368812636644,-0.8153859847192123,-0.831327800952394,3.482931074535941,0.0029879343923391,81,1,4,2023-12-01,2023
2023-12,-0.15649436876136558,-0.29821152676443125,1.1636068575068752,0.7771368812636644,-0.8153859847192123,-0.831327800952394,3.482931074535941,0.0029879343923391,81,0,4,2023-12-01,2023
2023-12,-0.25918091789447306,-0.33947389837087494,1.1636068575068752,0.7771368812636644,-0.8153859847192123,-0.831327800952394,3.482931074535941,0.0029879343923391,83,1,4,2023-12-01,2023
2023-12,-0.2438016767897846,-0.3082819098078631,1.1636068575068752,0.7771368812636644,-0.8153859847192123,-0.831327800952394,3.482931074535941,0.0029879343923391,87,1,4,2023-12-01,2023
2023-12,-0.2590056468085307,-0.33900121451827103,1.1636068575068752,0.7771368812636644,-0.8153859847192123,-0.831327800952394,3.482931074535941,0.0029879343923391,87,0,4,2023-12-01,2023
2023-12,5.167772770356246,3.4539888766944697,1.1636068575068752,0.7771368812636644,-0.8153859847192123,-0.831327800952394,3.482931074535941,0.0029879343923391,88,0,4,2023-12-01,2023
2023-12,4.874180954414711,5.051442870656082,1.1636068575068752,0.7771368812636644,-0.8153859847192123,-0.831327800952394,3.482931074535941,0.0029879343923391,88,1,4,2023-12-01,2023
2023-12,-0.25456013471962885,-0.2635104821686095,1.1636068575068752,0.7771368812636644,-0.8153859847192123,-0.831327800952394,3.482931074535941,0.0029879343923391,89,1,4,2023-12-01,2023
2023-12,0.21887893588087753,0.6506554432021094,1.1636068575068752,0.7771368812636644,-0.8153859847192123,-0.831327800952394,3.482931074535941,0.0029879343923391,89,0,4,2023-12-01,2023
2023-12,-0.2592191588586787,-0.3398375316685735,1.1636068575068752,0.7771368812636644,-0.8153859847192123,-0.831327800952394,3.482931074535941,0.0029879343923391,90,1,4,2023-12-01,2023
2023-12,-0.049588566577572706,0.7255374814771776,1.1636068575068752,0.7771368812636644,-0.8153859847192123,-0.831327800952394,3.482931074535941,0.0029879343923391,90,0,4,2023-12-01,2023
2023-12,-0.25751743595152915,-0.2935636917009072,1.1636068575068752,0.7771368812636644,-0.8153859847192123,-0.831327800952394,3.482931074535941,0.0029879343923391,91,0,4,2023-12-01,2023
2023-12,-0.2593243215102441,-0.33739469536270233,1.1636068575068752,0.7771368812636644,-0.8153859847192123,-0.831327800952394,3.482931074535941,0.0029879343923391,94,0,4,2023-12-01,2023
2023-12,-0.2586200504194575,-0.326487581588631,1.1636068575068752,0.7771368812636644,-0.8153859847192123,-0.831327800952394,3.482931074535941,0.0029879343923391,94,1,4,2023-12-01,2023
2023-12,-0.11650706719036867,0.1389884602290063,1.1636068575068752,0.7771368812636644,-0.8153859847192123,-0.831327800952394,3.482931074535941,0.0029879343923391,98,1,4,2023-12-01,2023
2023-12,-0.19464929079751045,-0.2743381115727974,1.1636068575068752,0.7771368812636644,-0.8153859847192123,-0.831327800952394,3.482931074535941,0.0029879343923391,98,0,4,2023-12-01,2023
2023-12,-0.259203225123593,-0.3398050223304556,1.1636068575068752,0.7771368812636644,-0.8153859847192123,-0.831327800952394,3.482931074535941,0.0029879343923391,100,1,4,2023-12-01,2023
2023-12,-0.25927333355796994,-0.3399432351081933,1.1636068575068752,0.7771368812636644,-0.8153859847192123,-0.831327800952394,3.482931074535941,0.0029879343923391,100,0,4,2023-12-01,2023
2023-12,0.992777262244842,0.714395992687942,1.1636068575068752,0.7771368812636644,-0.8153859847192123,-0.831327800952394,3.482931074535941,0.0029879343923391,101,1,4,2023-12-01,2023
2023-12,0.4553291910581829,0.3073273434379061,1.1636068575068752,0.7771368812636644,-0.8153859847192123,-0.831327800952394,3.482931074535941,0.0029879343923391,101,0,4,2023-12-01,2023
