month,industry_invoice_count,industry_invoice_amount,housing_burden,price_income_ratio,total_county_invoice_count,total_county_invoice_amount,donation_count,donation_ratio,industry_label,carrier_type_label,county_label,date,year
2019-01,-0.16024716842471212,-0.24740755650062793,-1.9946404444706116,-0.4554344393109299,-1.2873879562916954,-1.2596716095541851,-1.3215693204575611,0.0007820136342603,0,1,8,2019-01-01,2019
2019-01,-0.18919973034455667,-0.20792385853786993,-1.9946404444706116,-0.4554344393109299,-1.2873879562916954,-1.2596716095541851,-1.3215693204575611,0.0007820136342603,1,1,8,2019-01-01,2019
2019-01,-0.19332701734085095,-0.2516758512711603,-1.9946404444706116,-0.4554344393109299,-1.2873879562916954,-1.2596716095541851,-1.3215693204575611,0.0007820136342603,1,0,8,2019-01-01,2019
2019-01,-0.19027528708142458,-0.22580902748710166,-1.9946404444706116,-0.4554344393109299,-1.2873879562916954,-1.2596716095541851,-1.3215693204575611,0.0007820136342603,3,1,8,2019-01-01,2019
2019-01,-0.19332377771212544,-0.25175027652760384,-1.9946404444706116,-0.4554344393109299,-1.2873879562916954,-1.2596716095541851,-1.3215693204575611,0.0007820136342603,3,0,8,2019-01-01,2019
2019-01,-0.11128989912486979,0.4577621387220564,-1.9946404444706116,-0.4554344393109299,-1.2873879562916954,-1.2596716095541851,-1.3215693204575611,0.0007820136342603,4,1,8,2019-01-01,2019
2019-01,-0.1929544600374178,-0.24965750432512324,-1.9946404444706116,-0.4554344393109299,-1.2873879562916954,-1.2596716095541851,-1.3215693204575611,0.0007820136342603,4,0,8,2019-01-01,2019
2019-01,-0.1929722779954081,-0.20630828664138814,-1.9946404444706116,-0.4554344393109299,-1.2873879562916954,-1.2596716095541851,-1.3215693204575611,0.0007820136342603,6,1,8,2019-01-01,2019
2019-01,-0.1933286371552137,-0.2438435781538823,-1.9946404444706116,-0.4554344393109299,-1.2873879562916954,-1.2596716095541851,-1.3215693204575611,0.0007820136342603,8,1,8,2019-01-01,2019
2019-01,-0.1860005969781198,-0.19957645623090506,-1.9946404444706116,-0.4554344393109299,-1.2873879562916954,-1.2596716095541851,-1.3215693204575611,0.0007820136342603,9,1,8,2019-01-01,2019
2019-01,-0.1932816625386939,-0.2514777119322662,-1.9946404444706116,-0.4554344393109299,-1.2873879562916954,-1.2596716095541851,-1.3215693204575611,0.0007820136342603,9,0,8,2019-01-01,2019
2019-01,-0.07195756676850493,-0.002085888040284399,-1.9946404444706116,-0.4554344393109299,-1.2873879562916954,-1.2596716095541851,-1.3215693204575611,0.0007820136342603,10,0,8,2019-01-01,2019
2019-01,-0.19331405882594893,-0.251731427470379,-1.9946404444706116,-0.4554344393109299,-1.2873879562916954,-1.2596716095541851,-1.3215693204575611,0.0007820136342603,10,1,8,2019-01-01,2019
2019-01,-0.1926823312244753,-0.2510756335445626,-1.9946404444706116,-0.4554344393109299,-1.2873879562916954,-1.2596716095541851,-1.3215693204575611,0.0007820136342603,12,0,8,2019-01-01,2019
2019-01,-0.18096459412432117,-0.23809836461190098,-1.9946404444706116,-0.4554344393109299,-1.2873879562916954,-1.2596716095541851,-1.3215693204575611,0.0007820136342603,12,1,8,2019-01-01,2019
2019-01,-0.14460624093797053,-0.24840579020550665,-1.9946404444706116,-0.4554344393109299,-1.2873879562916954,-1.2596716095541851,-1.3215693204575611,0.0007820136342603,13,1,8,2019-01-01,2019
2019-01,-0.19325898513761533,-0.25172086433505275,-1.9946404444706116,-0.4554344393109299,-1.2873879562916954,-1.2596716095541851,-1.3215693204575611,0.0007820136342603,19,1,8,2019-01-01,2019
2019-01,-0.19269205011065185,-0.2513409702731889,-1.9946404444706116,-0.4554344393109299,-1.2873879562916954,-1.2596716095541851,-1.3215693204575611,0.0007820136342603,19,0,8,2019-01-01,2019
2019-01,-0.19317637460511494,-0.25089819812507336,-1.9946404444706116,-0.4554344393109299,-1.2873879562916954,-1.2596716095541851,-1.3215693204575611,0.0007820136342603,25,1,8,2019-01-01,2019
2019-01,-0.19322334922163478,-0.25139036359847383,-1.9946404444706116,-0.4554344393109299,-1.2873879562916954,-1.2596716095541851,-1.3215693204575611,0.0007820136342603,28,0,8,2019-01-01,2019
2019-01,-0.19265317456594577,-0.24425397729657705,-1.9946404444706116,-0.4554344393109299,-1.2873879562916954,-1.2596716095541851,-1.3215693204575611,0.0007820136342603,28,1,8,2019-01-01,2019
2019-01,-0.19321525014982102,-0.25126355807905626,-1.9946404444706116,-0.4554344393109299,-1.2873879562916954,-1.2596716095541851,-1.3215693204575611,0.0007820136342603,40,0,8,2019-01-01,2019
2019-01,-0.19325088606580157,-0.2513866930613427,-1.9946404444706116,-0.4554344393109299,-1.2873879562916954,-1.2596716095541851,-1.3215693204575611,0.0007820136342603,40,1,8,2019-01-01,2019
2019-01,-0.18218107471074854,-0.2060111298826858,-1.9946404444706116,-0.4554344393109299,-1.2873879562916954,-1.2596716095541851,-1.3215693204575611,0.0007820136342603,44,0,8,2019-01-01,2019
2019-01,-0.09582229177494275,0.12037512615427602,-1.9946404444706116,-0.4554344393109299,-1.2873879562916954,-1.2596716095541851,-1.3215693204575611,0.0007820136342603,44,1,8,2019-01-01,2019
2019-01,-0.19281839563094658,-0.2439715026863991,-1.9946404444706116,-0.4554344393109299,-1.2873879562916954,-1.2596716095541851,-1.3215693204575611,0.0007820136342603,47,1,8,2019-01-01,2019
2019-01,-0.19326870402379187,-0.2455446609385226,-1.9946404444706116,-0.4554344393109299,-1.2873879562916954,-1.2596716095541851,-1.3215693204575611,0.0007820136342603,50,1,8,2019-01-01,2019
2019-01,-0.1930273516837417,-0.2512371066993749,-1.9946404444706116,-0.4554344393109299,-1.2873879562916954,-1.2596716095541851,-1.3215693204575611,0.0007820136342603,52,1,8,2019-01-01,2019
2019-01,-0.12451244376802136,-0.16519316772502238,-1.9946404444706116,-0.4554344393109299,-1.2873879562916954,-1.2596716095541851,-1.3215693204575611,0.0007820136342603,60,0,8,2019-01-01,2019
2019-01,-0.19178495406751025,-0.2405490860279171,-1.9946404444706116,-0.4554344393109299,-1.2873879562916954,-1.2596716095541851,-1.3215693204575611,0.0007820136342603,67,1,8,2019-01-01,2019
2019-01,-0.19328004272433114,-0.2515141038057439,-1.9946404444706116,-0.4554344393109299,-1.2873879562916954,-1.2596716095541851,-1.3215693204575611,0.0007820136342603,67,0,8,2019-01-01,2019
2019-01,-0.19331729845467444,-0.25175780482973864,-1.9946404444706116,-0.4554344393109299,-1.2873879562916954,-1.2596716095541851,-1.3215693204575611,0.0007820136342603,69,0,8,2019-01-01,2019
2019-01,-0.16804657458136713,0.12142233083319205,-1.9946404444706116,-0.4554344393109299,-1.2873879562916954,-1.2596716095541851,-1.3215693204575611,0.0007820136342603,72,1,8,2019-01-01,2019
2019-01,-0.19326708420942912,-0.25169776128639604,-1.9946404444706116,-0.4554344393109299,-1.2873879562916954,-1.2596716095541851,-1.3215693204575611,0.0007820136342603,74,0,8,2019-01-01,2019
2019-01,-0.18946699971441092,-0.24580911377742462,-1.9946404444706116,-0.4554344393109299,-1.2873879562916954,-1.2596716095541851,-1.3215693204575611,0.0007820136342603,74,1,8,2019-01-01,2019
2019-01,-0.19109329333461478,-0.23338385792536032,-1.9946404444706116,-0.4554344393109299,-1.2873879562916954,-1.2596716095541851,-1.3215693204575611,0.0007820136342603,76,1,8,2019-01-01,2019
2019-01,-0.19324440680835056,-0.25150269596792246,-1.9946404444706116,-0.4554344393109299,-1.2873879562916954,-1.2596716095541851,-1.3215693204575611,0.0007820136342603,78,1,8,2019-01-01,2019
2019-01,-0.1720637142009942,-0.20229254485450357,-1.9946404444706116,-0.4554344393109299,-1.2873879562916954,-1.2596716095541851,-1.3215693204575611,0.0007820136342603,79,0,8,2019-01-01,2019
2019-01,-0.07121083234727586,-0.10932773192207498,-1.9946404444706116,-0.4554344393109299,-1.2873879562916954,-1.2596716095541851,-1.3215693204575611,0.0007820136342603,79,1,8,2019-01-01,2019
2019-01,-0.1128594992423773,-0.23116326568964068,-1.9946404444706116,-0.4554344393109299,-1.2873879562916954,-1.2596716095541851,-1.3215693204575611,0.0007820136342603,80,1,8,2019-01-01,2019
2019-01,-0.19302411205501618,-0.25170244198321207,-1.9946404444706116,-0.4554344393109299,-1.2873879562916954,-1.2596716095541851,-1.3215693204575611,0.0007820136342603,80,0,8,2019-01-01,2019
2019-01,-0.17956669432926545,-0.22531977493106858,-1.9946404444706116,-0.4554344393109299,-1.2873879562916954,-1.2596716095541851,-1.3215693204575611,0.0007820136342603,81,1,8,2019-01-01,2019
2019-01,-0.18596820069086473,-0.2478070572394803,-1.9946404444706116,-0.4554344393109299,-1.2873879562916954,-1.2596716095541851,-1.3215693204575611,0.0007820136342603,81,0,8,2019-01-01,2019
2019-01,-0.19265155475158302,-0.24826066247938963,-1.9946404444706116,-0.4554344393109299,-1.2873879562916954,-1.2596716095541851,-1.3215693204575611,0.0007820136342603,85,1,8,2019-01-01,2019
2019-01,-0.18671655492645656,-0.24133856065479997,-1.9946404444706116,-0.4554344393109299,-1.2873879562916954,-1.2596716095541851,-1.3215693204575611,0.0007820136342603,87,1,8,2019-01-01,2019
2019-01,-0.12089863792471973,-0.15880172629527564,-1.9946404444706116,-0.4554344393109299,-1.2873879562916954,-1.2596716095541851,-1.3215693204575611,0.0007820136342603,87,0,8,2019-01-01,2019
2019-01,0.7772770875212,0.28639178329336423,-1.9946404444706116,-0.4554344393109299,-1.2873879562916954,-1.2596716095541851,-1.3215693204575611,0.0007820136342603,88,0,8,2019-01-01,2019
2019-01,8.49518552414302,6.529250031076267,-1.9946404444706116,-0.4554344393109299,-1.2873879562916954,-1.2596716095541851,-1.3215693204575611,0.0007820136342603,88,1,8,2019-01-01,2019
2019-01,-0.1836227094935986,-0.1721153740488898,-1.9946404444706116,-0.4554344393109299,-1.2873879562916954,-1.2596716095541851,-1.3215693204575611,0.0007820136342603,89,1,8,2019-01-01,2019
2019-01,0.34256912680357865,0.5318202021200698,-1.9946404444706116,-0.4554344393109299,-1.2873879562916954,-1.2596716095541851,-1.3215693204575611,0.0007820136342603,89,0,8,2019-01-01,2019
2019-01,-0.19329300123923315,-0.25173939989444427,-1.9946404444706116,-0.4554344393109299,-1.2873879562916954,-1.2596716095541851,-1.3215693204575611,0.0007820136342603,92,1,8,2019-01-01,2019
2019-01,0.05320872867013381,0.6010922813255589,-1.9946404444706116,-0.4554344393109299,-1.2873879562916954,-1.2596716095541851,-1.3215693204575611,0.0007820136342603,92,0,8,2019-01-01,2019
2019-01,-0.19321525014982102,-0.23311110610215005,-1.9946404444706116,-0.4554344393109299,-1.2873879562916954,-1.2596716095541851,-1.3215693204575611,0.0007820136342603,97,1,8,2019-01-01,2019
2019-01,-0.0007813038547816518,1.090730953481649,-1.9946404444706116,-0.4554344393109299,-1.2873879562916954,-1.2596716095541851,-1.3215693204575611,0.0007820136342603,99,1,8,2019-01-01,2019
2019-01,-0.1916829057626568,-0.25007933743045885,-1.9946404444706116,-0.4554344393109299,-1.2873879562916954,-1.2596716095541851,-1.3215693204575611,0.0007820136342603,99,0,8,2019-01-01,2019
2019-01,-0.1932395473652623,-0.25161867710381935,-1.9946404444706116,-0.4554344393109299,-1.2873879562916954,-1.2596716095541851,-1.3215693204575611,0.0007820136342603,100,0,8,2019-01-01,2019
2019-01,-0.17630600801704394,-0.21219940294579648,-1.9946404444706116,-0.4554344393109299,-1.2873879562916954,-1.2596716095541851,-1.3215693204575611,0.0007820136342603,100,1,8,2019-01-01,2019
2019-01,0.6944171036089404,0.2251200163979176,-1.9946404444706116,-0.4554344393109299,-1.2873879562916954,-1.2596716095541851,-1.3215693204575611,0.0007820136342603,101,1,8,2019-01-01,2019
2019-01,-0.17221435693673023,-0.24362000194912828,-1.9946404444706116,-0.4554344393109299,-1.2873879562916954,-1.2596716095541851,-1.3215693204575611,0.0007820136342603,101,0,8,2019-01-01,2019
2019-02,-0.16775500799607163,-0.2482876363554598,-1.9946404444706116,-0.4554344393109299,-1.3222021826058352,-1.4058197753282862,-1.5006275317567903,0.0005992499563811,0,1,8,2019-02-01,2019
2019-02,-0.1933221578977627,-0.25175013284109693,-1.9946404444706116,-0.4554344393109299,-1.3222021826058352,-1.4058197753282862,-1.5006275317567903,0.0005992499563811,3,0,8,2019-02-01,2019
2019-02,-0.19058467162471038,-0.22431870668328083,-1.9946404444706116,-0.4554344393109299,-1.3222021826058352,-1.4058197753282862,-1.5006275317567903,0.0005992499563811,3,1,8,2019-02-01,2019
2019-02,-0.12420953848218658,0.5727199741498046,-1.9946404444706116,-0.4554344393109299,-1.3222021826058352,-1.4058197753282862,-1.5006275317567903,0.0005992499563811,4,1,8,2019-02-01,2019
2019-02,-0.19276980120006398,-0.2477872807511654,-1.9946404444706116,-0.4554344393109299,-1.3222021826058352,-1.4058197753282862,-1.5006275317567903,0.0005992499563811,4,0,8,2019-02-01,2019
2019-02,-0.19301115354011417,-0.2053166059120519,-1.9946404444706116,-0.4554344393109299,-1.3222021826058352,-1.4058197753282862,-1.5006275317567903,0.0005992499563811,6,1,8,2019-02-01,2019
2019-02,-0.19333511641266474,-0.23949919920087206,-1.9946404444706116,-0.4554344393109299,-1.3222021826058352,-1.4058197753282862,-1.5006275317567903,0.0005992499563811,8,1,8,2019-02-01,2019
2019-02,-0.19329300123923315,-0.2516316785556265,-1.9946404444706116,-0.4554344393109299,-1.3222021826058352,-1.4058197753282862,-1.5006275317567903,0.0005992499563811,9,0,8,2019-02-01,2019
2019-02,-0.18735638159974394,-0.22189216378765494,-1.9946404444706116,-0.4554344393109299,-1.3222021826058352,-1.4058197753282862,-1.5006275317567903,0.0005992499563811,9,1,8,2019-02-01,2019
2019-02,-0.19332701734085095,-0.25173568581594746,-1.9946404444706116,-0.4554344393109299,-1.3222021826058352,-1.4058197753282862,-1.5006275317567903,0.0005992499563811,10,1,8,2019-02-01,2019
2019-02,-0.08513313679513666,-0.050641873674965185,-1.9946404444706116,-0.4554344393109299,-1.3222021826058352,-1.4058197753282862,-1.5006275317567903,0.0005992499563811,10,0,8,2019-02-01,2019
2019-02,-0.17645503093841722,-0.2323984776316453,-1.9946404444706116,-0.4554344393109299,-1.3222021826058352,-1.4058197753282862,-1.5006275317567903,0.0005992499563811,12,1,8,2019-02-01,2019
2019-02,-0.1926823312244753,-0.2508968526968723,-1.9946404444706116,-0.4554344393109299,-1.3222021826058352,-1.4058197753282862,-1.5006275317567903,0.0005992499563811,12,0,8,2019-02-01,2019
2019-02,-0.1932427869939878,-0.2506749876677915,-1.9946404444706116,-0.4554344393109299,-1.3222021826058352,-1.4058197753282862,-1.5006275317567903,0.0005992499563811,13,1,8,2019-02-01,2019
2019-02,-0.19332701734085095,-0.25176696157895184,-1.9946404444706116,-0.4554344393109299,-1.3222021826058352,-1.4058197753282862,-1.5006275317567903,0.0005992499563811,18,0,8,2019-02-01,2019
2019-02,-0.19322010959290928,-0.25168837812208106,-1.9946404444706116,-0.4554344393109299,-1.3222021826058352,-1.4058197753282862,-1.5006275317567903,0.0005992499563811,18,1,8,2019-02-01,2019
2019-02,-0.19326546439506637,-0.2517222445963464,-1.9946404444706116,-0.4554344393109299,-1.3222021826058352,-1.4058197753282862,-1.5006275317567903,0.0005992499563811,19,1,8,2019-02-01,2019
2019-02,-0.19261267920687694,-0.25123890495777956,-1.9946404444706116,-0.4554344393109299,-1.3222021826058352,-1.4058197753282862,-1.5006275317567903,0.0005992499563811,19,0,8,2019-02-01,2019
2019-02,-0.1932330681078113,-0.25016850579333877,-1.9946404444706116,-0.4554344393109299,-1.3222021826058352,-1.4058197753282862,-1.5006275317567903,0.0005992499563811,25,1,8,2019-02-01,2019
2019-02,-0.193202291634919,-0.2505944666201457,-1.9946404444706116,-0.4554344393109299,-1.3222021826058352,-1.4058197753282862,-1.5006275317567903,0.0005992499563811,28,0,8,2019-02-01,2019
2019-02,-0.19218018877202195,-0.2424584750603497,-1.9946404444706116,-0.4554344393109299,-1.3222021826058352,-1.4058197753282862,-1.5006275317567903,0.0005992499563811,28,1,8,2019-02-01,2019
2019-02,-0.1932849021674194,-0.25163496157460263,-1.9946404444706116,-0.4554344393109299,-1.3222021826058352,-1.4058197753282862,-1.5006275317567903,0.0005992499563811,40,0,8,2019-02-01,2019
2019-02,-0.1933253975264882,-0.2517206422740875,-1.9946404444706116,-0.4554344393109299,-1.3222021826058352,-1.4058197753282862,-1.5006275317567903,0.0005992499563811,40,1,8,2019-02-01,2019
2019-02,-0.10996327116177519,-0.0017561231527863338,-1.9946404444706116,-0.4554344393109299,-1.3222021826058352,-1.4058197753282862,-1.5006275317567903,0.0005992499563811,44,1,8,2019-02-01,2019
2019-02,-0.1814958932353041,-0.20322261890546742,-1.9946404444706116,-0.4554344393109299,-1.3222021826058352,-1.4058197753282862,-1.5006275317567903,0.0005992499563811,44,0,8,2019-02-01,2019
2019-02,-0.19301925261192793,-0.24476222695047842,-1.9946404444706116,-0.4554344393109299,-1.3222021826058352,-1.4058197753282862,-1.5006275317567903,0.0005992499563811,47,1,8,2019-02-01,2019
2019-02,-0.19330757956849792,-0.24745336201737664,-1.9946404444706116,-0.4554344393109299,-1.3222021826058352,-1.4058197753282862,-1.5006275317567903,0.0005992499563811,50,1,8,2019-02-01,2019
2019-02,-0.1931779944194777,-0.2514376146885648,-1.9946404444706116,-0.4554344393109299,-1.3222021826058352,-1.4058197753282862,-1.5006275317567903,0.0005992499563811,52,1,8,2019-02-01,2019
2019-02,-0.12695188419832715,-0.16616249867132904,-1.9946404444706116,-0.4554344393109299,-1.3222021826058352,-1.4058197753282862,-1.5006275317567903,0.0005992499563811,60,0,8,2019-02-01,2019
2019-02,-0.1932849021674194,-0.25149713573551863,-1.9946404444706116,-0.4554344393109299,-1.3222021826058352,-1.4058197753282862,-1.5006275317567903,0.0005992499563811,67,0,8,2019-02-01,2019
2019-02,-0.19193235717452076,-0.24017296264832558,-1.9946404444706116,-0.4554344393109299,-1.3222021826058352,-1.4058197753282862,-1.5006275317567903,0.0005992499563811,67,1,8,2019-02-01,2019
2019-02,-0.19331729845467444,-0.25175707768893096,-1.9946404444706116,-0.4554344393109299,-1.3222021826058352,-1.4058197753282862,-1.5006275317567903,0.0005992499563811,69,0,8,2019-02-01,2019
2019-02,-0.1793237221748525,-0.03317099211238796,-1.9946404444706116,-0.4554344393109299,-1.3222021826058352,-1.4058197753282862,-1.5006275317567903,0.0005992499563811,72,1,8,2019-02-01,2019
2019-02,-0.19325574550888983,-0.2516981923459167,-1.9946404444706116,-0.4554344393109299,-1.3222021826058352,-1.4058197753282862,-1.5006275317567903,0.0005992499563811,74,0,8,2019-02-01,2019
2019-02,-0.19025260968034605,-0.24709937506812257,-1.9946404444706116,-0.4554344393109299,-1.3222021826058352,-1.4058197753282862,-1.5006275317567903,0.0005992499563811,74,1,8,2019-02-01,2019
2019-02,-0.19125527477089005,-0.23372946316171123,-1.9946404444706116,-0.4554344393109299,-1.3222021826058352,-1.4058197753282862,-1.5006275317567903,0.0005992499563811,76,1,8,2019-02-01,2019
2019-02,-0.19333511641266474,-0.25176980483013406,-1.9946404444706116,-0.4554344393109299,-1.3222021826058352,-1.4058197753282862,-1.5006275317567903,0.0005992499563811,76,0,8,2019-02-01,2019
2019-02,-0.1931779944194777,-0.25101870756300626,-1.9946404444706116,-0.4554344393109299,-1.3222021826058352,-1.4058197753282862,-1.5006275317567903,0.0005992499563811,78,1,8,2019-02-01,2019
2019-02,0.06920763513104378,-0.02495195845987037,-1.9946404444706116,-0.4554344393109299,-1.3222021826058352,-1.4058197753282862,-1.5006275317567903,0.0005992499563811,79,1,8,2019-02-01,2019
2019-02,-0.17128296367814733,-0.2021259512350813,-1.9946404444706116,-0.4554344393109299,-1.3222021826058352,-1.4058197753282862,-1.5006275317567903,0.0005992499563811,79,0,8,2019-02-01,2019
2019-02,-0.1930338309411927,-0.25162588755398435,-1.9946404444706116,-0.4554344393109299,-1.3222021826058352,-1.4058197753282862,-1.5006275317567903,0.0005992499563811,80,0,8,2019-02-01,2019
2019-02,-0.10728895764887023,-0.22311643813858803,-1.9946404444706116,-0.4554344393109299,-1.3222021826058352,-1.4058197753282862,-1.5006275317567903,0.0005992499563811,80,1,8,2019-02-01,2019
2019-02,-0.1860475715946396,-0.2398165199660443,-1.9946404444706116,-0.4554344393109299,-1.3222021826058352,-1.4058197753282862,-1.5006275317567903,0.0005992499563811,81,1,8,2019-02-01,2019
2019-02,-0.19090863449726095,-0.25047416182663174,-1.9946404444706116,-0.4554344393109299,-1.3222021826058352,-1.4058197753282862,-1.5006275317567903,0.0005992499563811,81,0,8,2019-02-01,2019
2019-02,-0.19310024333006556,-0.2506757278710089,-1.9946404444706116,-0.4554344393109299,-1.3222021826058352,-1.4058197753282862,-1.5006275317567903,0.0005992499563811,85,1,8,2019-02-01,2019
2019-02,-0.12917912894711234,-0.19682851709827456,-1.9946404444706116,-0.4554344393109299,-1.3222021826058352,-1.4058197753282862,-1.5006275317567903,0.0005992499563811,87,0,8,2019-02-01,2019
2019-02,-0.190082529172257,-0.2479114912051854,-1.9946404444706116,-0.4554344393109299,-1.3222021826058352,-1.4058197753282862,-1.5006275317567903,0.0005992499563811,87,1,8,2019-02-01,2019
2019-02,0.8234887714761763,0.29136553527146547,-1.9946404444706116,-0.4554344393109299,-1.3222021826058352,-1.4058197753282862,-1.5006275317567903,0.0005992499563811,88,0,8,2019-02-01,2019
2019-02,8.388258338428978,5.7232914791219995,-1.9946404444706116,-0.4554344393109299,-1.3222021826058352,-1.4058197753282862,-1.5006275317567903,0.0005992499563811,88,1,8,2019-02-01,2019
2019-02,0.09005140635094754,0.16345261088275892,-1.9946404444706116,-0.4554344393109299,-1.3222021826058352,-1.4058197753282862,-1.5006275317567903,0.0005992499563811,89,0,8,2019-02-01,2019
2019-02,-0.1852894984728713,-0.18444611030422586,-1.9946404444706116,-0.4554344393109299,-1.3222021826058352,-1.4058197753282862,-1.5006275317567903,0.0005992499563811,89,1,8,2019-02-01,2019
2019-02,-0.19326870402379187,-0.25169834038656025,-1.9946404444706116,-0.4554344393109299,-1.3222021826058352,-1.4058197753282862,-1.5006275317567903,0.0005992499563811,92,1,8,2019-02-01,2019
2019-02,0.02294087748773393,0.47881007410350823,-1.9946404444706116,-0.4554344393109299,-1.3222021826058352,-1.4058197753282862,-1.5006275317567903,0.0005992499563811,92,0,8,2019-02-01,2019
2019-02,-0.19320877089237,-0.2400528755616403,-1.9946404444706116,-0.4554344393109299,-1.3222021826058352,-1.4058197753282862,-1.5006275317567903,0.0005992499563811,97,1,8,2019-02-01,2019
2019-02,0.007972172961534785,0.47442512330591013,-1.9946404444706116,-0.4554344393109299,-1.3222021826058352,-1.4058197753282862,-1.5006275317567903,0.0005992499563811,99,1,8,2019-02-01,2019
2019-02,-0.19164403021795073,-0.24977429097628612,-1.9946404444706116,-0.4554344393109299,-1.3222021826058352,-1.4058197753282862,-1.5006275317567903,0.0005992499563811,99,0,8,2019-02-01,2019
2019-02,-0.17851543480783885,-0.21627143501029772,-1.9946404444706116,-0.4554344393109299,-1.3222021826058352,-1.4058197753282862,-1.5006275317567903,0.0005992499563811,100,1,8,2019-02-01,2019
2019-02,-0.19323468792217405,-0.2516218033738788,-1.9946404444706116,-0.4554344393109299,-1.3222021826058352,-1.4058197753282862,-1.5006275317567903,0.0005992499563811,100,0,8,2019-02-01,2019
2019-02,0.7285498318608685,0.2970111218145184,-1.9946404444706116,-0.4554344393109299,-1.3222021826058352,-1.4058197753282862,-1.5006275317567903,0.0005992499563811,101,1,8,2019-02-01,2019
2019-02,-0.1693294675566674,-0.24150621232940947,-1.9946404444706116,-0.4554344393109299,-1.3222021826058352,-1.4058197753282862,-1.5006275317567903,0.0005992499563811,101,0,8,2019-02-01,2019
2019-03,-0.16460770868924282,-0.24793597451513577,-1.9946404444706116,-0.4554344393109299,-1.2809038766925642,-1.358840130479969,-1.386357778621497,0.0007077518428873,0,1,8,2019-03-01,2019
2019-03,-0.1933253975264882,-0.25175880628115044,-1.9946404444706116,-0.4554344393109299,-1.2809038766925642,-1.358840130479969,-1.386357778621497,0.0007077518428873,3,0,8,2019-03-01,2019
2019-03,-0.19088433728181967,-0.2348820814870613,-1.9946404444706116,-0.4554344393109299,-1.2809038766925642,-1.358840130479969,-1.386357778621497,0.0007077518428873,3,1,8,2019-03-01,2019
2019-03,-0.134372253794098,0.3013931117992468,-1.9946404444706116,-0.4554344393109299,-1.2809038766925642,-1.358840130479969,-1.386357778621497,0.0007077518428873,4,1,8,2019-03-01,2019
2019-03,-0.19267099252393605,-0.24870146655777414,-1.9946404444706116,-0.4554344393109299,-1.2809038766925642,-1.358840130479969,-1.386357778621497,0.0007077518428873,4,0,8,2019-03-01,2019
2019-03,-0.19305650834227123,-0.20890033462229302,-1.9946404444706116,-0.4554344393109299,-1.2809038766925642,-1.358840130479969,-1.386357778621497,0.0007077518428873,6,1,8,2019-03-01,2019
2019-03,-0.19333349659830198,-0.2513251299243361,-1.9946404444706116,-0.4554344393109299,-1.2809038766925642,-1.358840130479969,-1.386357778621497,0.0007077518428873,8,1,8,2019-03-01,2019
2019-03,-0.19328328235305664,-0.25147435053883177,-1.9946404444706116,-0.4554344393109299,-1.2809038766925642,-1.358840130479969,-1.386357778621497,0.0007077518428873,9,0,8,2019-03-01,2019
2019-03,-0.18760907264033339,-0.21098418519893536,-1.9946404444706116,-0.4554344393109299,-1.2809038766925642,-1.358840130479969,-1.386357778621497,0.0007077518428873,9,1,8,2019-03-01,2019
2019-03,-0.07950266207020773,-0.047094515067518945,-1.9946404444706116,-0.4554344393109299,-1.2809038766925642,-1.358840130479969,-1.386357778621497,0.0007077518428873,10,0,8,2019-03-01,2019
2019-03,-0.19329300123923315,-0.2515597177404834,-1.9946404444706116,-0.4554344393109299,-1.2809038766925642,-1.358840130479969,-1.386357778621497,0.0007077518428873,10,1,8,2019-03-01,2019
2019-03,-0.19229195596305187,-0.2504261313460942,-1.9946404444706116,-0.4554344393109299,-1.2809038766925642,-1.358840130479969,-1.386357778621497,0.0007077518428873,12,0,8,2019-03-01,2019
2019-03,-0.17976593149588405,-0.23540834855810203,-1.9946404444706116,-0.4554344393109299,-1.2809038766925642,-1.358840130479969,-1.386357778621497,0.0007077518428873,12,1,8,2019-03-01,2019
2019-03,-0.19319257274874246,-0.24899664218433573,-1.9946404444706116,-0.4554344393109299,-1.2809038766925642,-1.358840130479969,-1.386357778621497,0.0007077518428873,13,1,8,2019-03-01,2019
2019-03,-0.1933253975264882,-0.25176515896641055,-1.9946404444706116,-0.4554344393109299,-1.2809038766925642,-1.358840130479969,-1.386357778621497,0.0007077518428873,18,0,8,2019-03-01,2019
2019-03,-0.19312454054550685,-0.2513920921906933,-1.9946404444706116,-0.4554344393109299,-1.2809038766925642,-1.358840130479969,-1.386357778621497,0.0007077518428873,18,1,8,2019-03-01,2019
2019-03,-0.19326546439506637,-0.2517222445963464,-1.9946404444706116,-0.4554344393109299,-1.2809038766925642,-1.358840130479969,-1.386357778621497,0.0007077518428873,19,1,8,2019-03-01,2019
2019-03,-0.19269205011065185,-0.25133792237758773,-1.9946404444706116,-0.4554344393109299,-1.2809038766925642,-1.358840130479969,-1.386357778621497,0.0007077518428873,19,0,8,2019-03-01,2019
2019-03,-0.1931439783178599,-0.2482663141486615,-1.9946404444706116,-0.4554344393109299,-1.2809038766925642,-1.358840130479969,-1.386357778621497,0.0007077518428873,25,1,8,2019-03-01,2019
2019-03,-0.19330272012540967,-0.2513603766598951,-1.9946404444706116,-0.4554344393109299,-1.2809038766925642,-1.358840130479969,-1.386357778621497,0.0007077518428873,28,0,8,2019-03-01,2019
2019-03,-0.1927276860266324,-0.24372304694526656,-1.9946404444706116,-0.4554344393109299,-1.2809038766925642,-1.358840130479969,-1.386357778621497,0.0007077518428873,28,1,8,2019-03-01,2019
2019-03,-0.19330919938286067,-0.251627563896565,-1.9946404444706116,-0.4554344393109299,-1.2809038766925642,-1.358840130479969,-1.386357778621497,0.0007077518428873,40,1,8,2019-03-01,2019
2019-03,-0.19327194365251738,-0.25154396012022545,-1.9946404444706116,-0.4554344393109299,-1.2809038766925642,-1.358840130479969,-1.386357778621497,0.0007077518428873,40,0,8,2019-03-01,2019
2019-03,-0.17876974566279105,-0.17990440623586068,-1.9946404444706116,-0.4554344393109299,-1.2809038766925642,-1.358840130479969,-1.386357778621497,0.0007077518428873,44,0,8,2019-03-01,2019
2019-03,-0.10894116829887815,0.03450133377478939,-1.9946404444706116,-0.4554344393109299,-1.2809038766925642,-1.358840130479969,-1.386357778621497,0.0007077518428873,44,1,8,2019-03-01,2019
2019-03,-0.19300953372575141,-0.24737908480157664,-1.9946404444706116,-0.4554344393109299,-1.2809038766925642,-1.358840130479969,-1.386357778621497,0.0007077518428873,47,1,8,2019-03-01,2019
2019-03,-0.19333511641266474,-0.2517662213757344,-1.9946404444706116,-0.4554344393109299,-1.2809038766925642,-1.358840130479969,-1.386357778621497,0.0007077518428873,47,0,8,2019-03-01,2019
2019-03,-0.19327842290996838,-0.24667564791337765,-1.9946404444706116,-0.4554344393109299,-1.2809038766925642,-1.358840130479969,-1.386357778621497,0.0007077518428873,50,1,8,2019-03-01,2019
2019-03,-0.19315207738967366,-0.25137082223353385,-1.9946404444706116,-0.4554344393109299,-1.2809038766925642,-1.358840130479969,-1.386357778621497,0.0007077518428873,52,1,8,2019-03-01,2019
2019-03,-0.12389691431017527,-0.16126035046917192,-1.9946404444706116,-0.4554344393109299,-1.2809038766925642,-1.358840130479969,-1.386357778621497,0.0007077518428873,60,0,8,2019-03-01,2019
2019-03,-0.19185136645638312,-0.24369864636391106,-1.9946404444706116,-0.4554344393109299,-1.2809038766925642,-1.358840130479969,-1.386357778621497,0.0007077518428873,67,1,8,2019-03-01,2019
2019-03,-0.19328976161050765,-0.2516010602672447,-1.9946404444706116,-0.4554344393109299,-1.2809038766925642,-1.358840130479969,-1.386357778621497,0.0007077518428873,67,0,8,2019-03-01,2019
2019-03,-0.19331729845467444,-0.25175707768893096,-1.9946404444706116,-0.4554344393109299,-1.2809038766925642,-1.358840130479969,-1.386357778621497,0.0007077518428873,69,0,8,2019-03-01,2019
2019-03,-0.17374670132389444,0.043215136674378124,-1.9946404444706116,-0.4554344393109299,-1.2809038766925642,-1.358840130479969,-1.386357778621497,0.0007077518428873,72,1,8,2019-03-01,2019
2019-03,-0.19321201052109552,-0.2516333853771632,-1.9946404444706116,-0.4554344393109299,-1.2809038766925642,-1.358840130479969,-1.386357778621497,0.0007077518428873,74,0,8,2019-03-01,2019
2019-03,-0.18959658486343114,-0.2463300034897976,-1.9946404444706116,-0.4554344393109299,-1.2809038766925642,-1.358840130479969,-1.386357778621497,0.0007077518428873,74,1,8,2019-03-01,2019
2019-03,-0.19333511641266474,-0.2517697046849929,-1.9946404444706116,-0.4554344393109299,-1.2809038766925642,-1.358840130479969,-1.386357778621497,0.0007077518428873,76,0,8,2019-03-01,2019
2019-03,-0.19138000047682202,-0.2357416185255414,-1.9946404444706116,-0.4554344393109299,-1.2809038766925642,-1.358840130479969,-1.386357778621497,0.0007077518428873,76,1,8,2019-03-01,2019
2019-03,-0.19322334922163478,-0.251449963019886,-1.9946404444706116,-0.4554344393109299,-1.2809038766925642,-1.358840130479969,-1.386357778621497,0.0007077518428873,78,1,8,2019-03-01,2019
2019-03,-0.04675487509843323,-0.09312343385551138,-1.9946404444706116,-0.4554344393109299,-1.2809038766925642,-1.358840130479969,-1.386357778621497,0.0007077518428873,79,1,8,2019-03-01,2019
2019-03,-0.17198920274030757,-0.20249828651585428,-1.9946404444706116,-0.4554344393109299,-1.2809038766925642,-1.358840130479969,-1.386357778621497,0.0007077518428873,79,0,8,2019-03-01,2019
2019-03,-0.10564808569940158,-0.22671326409164091,-1.9946404444706116,-0.4554344393109299,-1.2809038766925642,-1.358840130479969,-1.386357778621497,0.0007077518428873,80,1,8,2019-03-01,2019
2019-03,-0.19289776653472146,-0.2516180631705625,-1.9946404444706116,-0.4554344393109299,-1.2809038766925642,-1.358840130479969,-1.386357778621497,0.0007077518428873,80,0,8,2019-03-01,2019
2019-03,-0.18947509878622468,-0.2496651545430821,-1.9946404444706116,-0.4554344393109299,-1.2809038766925642,-1.358840130479969,-1.386357778621497,0.0007077518428873,81,0,8,2019-03-01,2019
2019-03,-0.1845848792250738,-0.23950843432454355,-1.9946404444706116,-0.4554344393109299,-1.2809038766925642,-1.358840130479969,-1.386357778621497,0.0007077518428873,81,1,8,2019-03-01,2019
2019-03,-0.19291396467834898,-0.24975637370428794,-1.9946404444706116,-0.4554344393109299,-1.2809038766925642,-1.358840130479969,-1.386357778621497,0.0007077518428873,85,1,8,2019-03-01,2019
2019-03,-0.12169396677683138,-0.1696425902228579,-1.9946404444706116,-0.4554344393109299,-1.2809038766925642,-1.358840130479969,-1.386357778621497,0.0007077518428873,87,0,8,2019-03-01,2019
2019-03,-0.18886280895710408,-0.24639247664134803,-1.9946404444706116,-0.4554344393109299,-1.2809038766925642,-1.358840130479969,-1.386357778621497,0.0007077518428873,87,1,8,2019-03-01,2019
2019-03,0.8649560191626493,0.2840204813284409,-1.9946404444706116,-0.4554344393109299,-1.2809038766925642,-1.358840130479969,-1.386357778621497,0.0007077518428873,88,0,8,2019-03-01,2019
2019-03,8.52385947799247,5.865983884404054,-1.9946404444706116,-0.4554344393109299,-1.2809038766925642,-1.358840130479969,-1.386357778621497,0.0007077518428873,88,1,8,2019-03-01,2019
2019-03,-0.1838737807198253,-0.1817128315494369,-1.9946404444706116,-0.4554344393109299,-1.2809038766925642,-1.358840130479969,-1.386357778621497,0.0007077518428873,89,1,8,2019-03-01,2019
2019-03,0.32939355677694687,0.5413958671670687,-1.9946404444706116,-0.4554344393109299,-1.2809038766925642,-1.358840130479969,-1.386357778621497,0.0007077518428873,89,0,8,2019-03-01,2019
2019-03,0.05661519827500307,0.6611759393284484,-1.9946404444706116,-0.4554344393109299,-1.2809038766925642,-1.358840130479969,-1.386357778621497,0.0007077518428873,92,0,8,2019-03-01,2019
2019-03,-0.1932913814248704,-0.2517337395168993,-1.9946404444706116,-0.4554344393109299,-1.2809038766925642,-1.358840130479969,-1.386357778621497,0.0007077518428873,92,1,8,2019-03-01,2019
2019-03,-0.19320715107800726,-0.22920125691672255,-1.9946404444706116,-0.4554344393109299,-1.2809038766925642,-1.358840130479969,-1.386357778621497,0.0007077518428873,97,1,8,2019-03-01,2019
2019-03,-0.19075313231843669,-0.24879272055207255,-1.9946404444706116,-0.4554344393109299,-1.2809038766925642,-1.358840130479969,-1.386357778621497,0.0007077518428873,99,0,8,2019-03-01,2019
2019-03,0.014825607530342122,0.7212646655463089,-1.9946404444706116,-0.4554344393109299,-1.2809038766925642,-1.358840130479969,-1.386357778621497,0.0007077518428873,99,1,8,2019-03-01,2019
2019-03,-0.18174858427589355,-0.22384149766900888,-1.9946404444706116,-0.4554344393109299,-1.2809038766925642,-1.358840130479969,-1.386357778621497,0.0007077518428873,100,1,8,2019-03-01,2019
2019-03,-0.19327032383815462,-0.2516359543177413,-1.9946404444706116,-0.4554344393109299,-1.2809038766925642,-1.358840130479969,-1.386357778621497,0.0007077518428873,100,0,8,2019-03-01,2019
2019-03,0.7107723692296559,0.2126381741869497,-1.9946404444706116,-0.4554344393109299,-1.2809038766925642,-1.358840130479969,-1.386357778621497,0.0007077518428873,101,1,8,2019-03-01,2019
2019-03,-0.16845152817205533,-0.24261842862149802,-1.9946404444706116,-0.4554344393109299,-1.2809038766925642,-1.358840130479969,-1.386357778621497,0.0007077518428873,101,0,8,2019-03-01,2019
2019-04,-0.16480856567022417,-0.24792406595160843,-2.1034563359375795,-0.022499739410214787,-1.2662243112139357,-1.3507230271302686,-1.4083099118821711,0.0006771050807435,0,1,8,2019-04-01,2019
2019-04,-0.19143993360824388,-0.2351532614669687,-2.1034563359375795,-0.022499739410214787,-1.2662243112139357,-1.3507230271302686,-1.4083099118821711,0.0006771050807435,3,1,8,2019-04-01,2019
2019-04,-0.19330272012540967,-0.2517247351624662,-2.1034563359375795,-0.022499739410214787,-1.2662243112139357,-1.3507230271302686,-1.4083099118821711,0.0006771050807435,3,0,8,2019-04-01,2019
2019-04,-0.11770274418700835,0.41354994858608507,-2.1034563359375795,-0.022499739410214787,-1.2662243112139357,-1.3507230271302686,-1.4083099118821711,0.0006771050807435,4,1,8,2019-04-01,2019
2019-04,-0.19234864946574823,-0.24004898296354396,-2.1034563359375795,-0.022499739410214787,-1.2662243112139357,-1.3507230271302686,-1.4083099118821711,0.0006771050807435,4,0,8,2019-04-01,2019
2019-04,-0.19299333558212386,-0.20784180918828699,-2.1034563359375795,-0.022499739410214787,-1.2662243112139357,-1.3507230271302686,-1.4083099118821711,0.0006771050807435,6,1,8,2019-04-01,2019
2019-04,-0.19333187678393923,-0.2322959246529398,-2.1034563359375795,-0.022499739410214787,-1.2662243112139357,-1.3507230271302686,-1.4083099118821711,0.0006771050807435,8,1,8,2019-04-01,2019
2019-04,-0.19304840927045747,-0.25069988026657974,-2.1034563359375795,-0.022499739410214787,-1.2662243112139357,-1.3507230271302686,-1.4083099118821711,0.0006771050807435,9,0,8,2019-04-01,2019
2019-04,-0.18756209802381354,-0.2070870239674818,-2.1034563359375795,-0.022499739410214787,-1.2662243112139357,-1.3507230271302686,-1.4083099118821711,0.0006771050807435,9,1,8,2019-04-01,2019
2019-04,-0.19330110031104691,-0.2516956190512021,-2.1034563359375795,-0.022499739410214787,-1.2662243112139357,-1.3507230271302686,-1.4083099118821711,0.0006771050807435,10,1,8,2019-04-01,2019
2019-04,-0.08404624135772949,-0.059311847835809395,-2.1034563359375795,-0.022499739410214787,-1.2662243112139357,-1.3507230271302686,-1.4083099118821711,0.0006771050807435,10,0,8,2019-04-01,2019
2019-04,-0.175348697728657,-0.2302603570967562,-2.1034563359375795,-0.022499739410214787,-1.2662243112139357,-1.3507230271302686,-1.4083099118821711,0.0006771050807435,12,1,8,2019-04-01,2019
2019-04,-0.19204898380863897,-0.2502423737203009,-2.1034563359375795,-0.022499739410214787,-1.2662243112139357,-1.3507230271302686,-1.4083099118821711,0.0006771050807435,12,0,8,2019-04-01,2019
2019-04,-0.19319743219183072,-0.24904501664166254,-2.1034563359375795,-0.022499739410214787,-1.2662243112139357,-1.3507230271302686,-1.4083099118821711,0.0006771050807435,13,1,8,2019-04-01,2019
2019-04,-0.1933221578977627,-0.25176616477195896,-2.1034563359375795,-0.022499739410214787,-1.2662243112139357,-1.3507230271302686,-1.4083099118821711,0.0006771050807435,18,0,8,2019-04-01,2019
2019-04,-0.193202291634919,-0.2516436306605196,-2.1034563359375795,-0.022499739410214787,-1.2662243112139357,-1.3507230271302686,-1.4083099118821711,0.0006771050807435,18,1,8,2019-04-01,2019
2019-04,-0.1932638445807036,-0.25172115606220313,-2.1034563359375795,-0.022499739410214787,-1.2662243112139357,-1.3507230271302686,-1.4083099118821711,0.0006771050807435,19,1,8,2019-04-01,2019
2019-04,-0.19259972069197492,-0.25122365677150066,-2.1034563359375795,-0.022499739410214787,-1.2662243112139357,-1.3507230271302686,-1.4083099118821711,0.0006771050807435,19,0,8,2019-04-01,2019
2019-04,-0.1932265888503603,-0.25092194123180633,-2.1034563359375795,-0.022499739410214787,-1.2662243112139357,-1.3507230271302686,-1.4083099118821711,0.0006771050807435,25,1,8,2019-04-01,2019
2019-04,-0.19280381730168178,-0.24763342733535598,-2.1034563359375795,-0.022499739410214787,-1.2662243112139357,-1.3507230271302686,-1.4083099118821711,0.0006771050807435,28,1,8,2019-04-01,2019
2019-04,-0.19330757956849792,-0.2515168294952386,-2.1034563359375795,-0.022499739410214787,-1.2662243112139357,-1.3507230271302686,-1.4083099118821711,0.0006771050807435,28,0,8,2019-04-01,2019
2019-04,-0.19320067182055622,-0.25156342746484367,-2.1034563359375795,-0.022499739410214787,-1.2662243112139357,-1.3507230271302686,-1.4083099118821711,0.0006771050807435,36,1,8,2019-04-01,2019
2019-04,-0.19330110031104691,-0.25163521411452383,-2.1034563359375795,-0.022499739410214787,-1.2662243112139357,-1.3507230271302686,-1.4083099118821711,0.0006771050807435,40,1,8,2019-04-01,2019
2019-04,-0.19327194365251738,-0.2515354434290885,-2.1034563359375795,-0.022499739410214787,-1.2662243112139357,-1.3507230271302686,-1.4083099118821711,0.0006771050807435,40,0,8,2019-04-01,2019
2019-04,-0.17487733174909592,-0.16350856534731112,-2.1034563359375795,-0.022499739410214787,-1.2662243112139357,-1.3507230271302686,-1.4083099118821711,0.0006771050807435,44,0,8,2019-04-01,2019
2019-04,-0.11183253693639199,0.043782968333145385,-2.1034563359375795,-0.022499739410214787,-1.2662243112139357,-1.3507230271302686,-1.4083099118821711,0.0006771050807435,44,1,8,2019-04-01,2019
2019-04,-0.19333025696957648,-0.25074387010837745,-2.1034563359375795,-0.022499739410214787,-1.2662243112139357,-1.3507230271302686,-1.4083099118821711,0.0006771050807435,45,0,8,2019-04-01,2019
2019-04,-0.19314235850349715,-0.2443440774446836,-2.1034563359375795,-0.022499739410214787,-1.2662243112139357,-1.3507230271302686,-1.4083099118821711,0.0006771050807435,45,1,8,2019-04-01,2019
2019-04,-0.19307270648589878,-0.24829747234997837,-2.1034563359375795,-0.022499739410214787,-1.2662243112139357,-1.3507230271302686,-1.4083099118821711,0.0006771050807435,47,1,8,2019-04-01,2019
2019-04,-0.19326870402379187,-0.24610543018776834,-2.1034563359375795,-0.022499739410214787,-1.2662243112139357,-1.3507230271302686,-1.4083099118821711,0.0006771050807435,50,1,8,2019-04-01,2019
2019-04,-0.1931407386891344,-0.2514317366041911,-2.1034563359375795,-0.022499739410214787,-1.2662243112139357,-1.3507230271302686,-1.4083099118821711,0.0006771050807435,52,1,8,2019-04-01,2019
2019-04,-0.12516684877057352,-0.1631363824613182,-2.1034563359375795,-0.022499739410214787,-1.2662243112139357,-1.3507230271302686,-1.4083099118821711,0.0006771050807435,60,0,8,2019-04-01,2019
2019-04,-0.19155494042799934,-0.23795440379438554,-2.1034563359375795,-0.022499739410214787,-1.2662243112139357,-1.3507230271302686,-1.4083099118821711,0.0006771050807435,67,1,8,2019-04-01,2019
2019-04,-0.19328652198178214,-0.25152986142600187,-2.1034563359375795,-0.022499739410214787,-1.2662243112139357,-1.3507230271302686,-1.4083099118821711,0.0006771050807435,67,0,8,2019-04-01,2019
2019-04,-0.19331729845467444,-0.25175707768893096,-2.1034563359375795,-0.022499739410214787,-1.2662243112139357,-1.3507230271302686,-1.4083099118821711,0.0006771050807435,69,0,8,2019-04-01,2019
2019-04,-0.17300482634575362,0.024640455365708098,-2.1034563359375795,-0.022499739410214787,-1.2662243112139357,-1.3507230271302686,-1.4083099118821711,0.0006771050807435,72,1,8,2019-04-01,2019
2019-04,-0.1932363077365368,-0.25168297463859385,-2.1034563359375795,-0.022499739410214787,-1.2662243112139357,-1.3507230271302686,-1.4083099118821711,0.0006771050807435,74,0,8,2019-04-01,2019
2019-04,-0.18951397433093073,-0.24559705861804293,-2.1034563359375795,-0.022499739410214787,-1.2662243112139357,-1.3507230271302686,-1.4083099118821711,0.0006771050807435,74,1,8,2019-04-01,2019
2019-04,-0.19333025696957648,-0.251748857079081,-2.1034563359375795,-0.022499739410214787,-1.2662243112139357,-1.3507230271302686,-1.4083099118821711,0.0006771050807435,76,0,8,2019-04-01,2019
2019-04,-0.19111759055005606,-0.23740806415374296,-2.1034563359375795,-0.022499739410214787,-1.2662243112139357,-1.3507230271302686,-1.4083099118821711,0.0006771050807435,76,1,8,2019-04-01,2019
2019-04,-0.19324116717962506,-0.25152552470597506,-2.1034563359375795,-0.022499739410214787,-1.2662243112139357,-1.3507230271302686,-1.4083099118821711,0.0006771050807435,78,1,8,2019-04-01,2019
2019-04,-0.0477040863150064,-0.09548459068221946,-2.1034563359375795,-0.022499739410214787,-1.2662243112139357,-1.3507230271302686,-1.4083099118821711,0.0006771050807435,79,1,8,2019-04-01,2019
2019-04,-0.17254641888109457,-0.20414586131614815,-2.1034563359375795,-0.022499739410214787,-1.2662243112139357,-1.3507230271302686,-1.4083099118821711,0.0006771050807435,79,0,8,2019-04-01,2019
2019-04,-0.1928783287623684,-0.251467270712764,-2.1034563359375795,-0.022499739410214787,-1.2662243112139357,-1.3507230271302686,-1.4083099118821711,0.0006771050807435,80,0,8,2019-04-01,2019
2019-04,-0.10573717548935299,-0.22765428879608607,-2.1034563359375795,-0.022499739410214787,-1.2662243112139357,-1.3507230271302686,-1.4083099118821711,0.0006771050807435,80,1,8,2019-04-01,2019
2019-04,-0.18455896219526974,-0.23863698872253608,-2.1034563359375795,-0.022499739410214787,-1.2662243112139357,-1.3507230271302686,-1.4083099118821711,0.0006771050807435,81,1,8,2019-04-01,2019
2019-04,-0.19003231492701164,-0.24992940709170175,-2.1034563359375795,-0.022499739410214787,-1.2662243112139357,-1.3507230271302686,-1.4083099118821711,0.0006771050807435,81,0,8,2019-04-01,2019
2019-04,-0.19287670894800565,-0.24962017631228228,-2.1034563359375795,-0.022499739410214787,-1.2662243112139357,-1.3507230271302686,-1.4083099118821711,0.0006771050807435,85,1,8,2019-04-01,2019
2019-04,-0.12680124146259114,-0.18771682884450208,-2.1034563359375795,-0.022499739410214787,-1.2662243112139357,-1.3507230271302686,-1.4083099118821711,0.0006771050807435,87,0,8,2019-04-01,2019
2019-04,-0.18875428139479963,-0.24622442874031036,-2.1034563359375795,-0.022499739410214787,-1.2662243112139357,-1.3507230271302686,-1.4083099118821711,0.0006771050807435,87,1,8,2019-04-01,2019
2019-04,0.9266774256409841,0.3009402815956475,-2.1034563359375795,-0.022499739410214787,-1.2662243112139357,-1.3507230271302686,-1.4083099118821711,0.0006771050807435,88,0,8,2019-04-01,2019
2019-04,8.621665489029851,6.0881839163986555,-2.1034563359375795,-0.022499739410214787,-1.2662243112139357,-1.3507230271302686,-1.4083099118821711,0.0006771050807435,88,1,8,2019-04-01,2019
2019-04,-0.18431599004085683,-0.18591419453256805,-2.1034563359375795,-0.022499739410214787,-1.2662243112139357,-1.3507230271302686,-1.4083099118821711,0.0006771050807435,89,1,8,2019-04-01,2019
2019-04,0.28145677052563883,0.4419285387809143,-2.1034563359375795,-0.022499739410214787,-1.2662243112139357,-1.3507230271302686,-1.4083099118821711,0.0006771050807435,89,0,8,2019-04-01,2019
2019-04,0.050216931542129285,0.5905829282942405,-2.1034563359375795,-0.022499739410214787,-1.2662243112139357,-1.3507230271302686,-1.4083099118821711,0.0006771050807435,92,0,8,2019-04-01,2019
2019-04,-0.1932638445807036,-0.25168755519026875,-2.1034563359375795,-0.022499739410214787,-1.2662243112139357,-1.3507230271302686,-1.4083099118821711,0.0006771050807435,92,1,8,2019-04-01,2019
2019-04,-0.19320067182055622,-0.23086982300943518,-2.1034563359375795,-0.022499739410214787,-1.2662243112139357,-1.3507230271302686,-1.4083099118821711,0.0006771050807435,97,1,8,2019-04-01,2019
2019-04,-0.18907338482426195,-0.24788974664713948,-2.1034563359375795,-0.022499739410214787,-1.2662243112139357,-1.3507230271302686,-1.4083099118821711,0.0006771050807435,99,0,8,2019-04-01,2019
2019-04,0.013082687276020048,0.6531358345642646,-2.1034563359375795,-0.022499739410214787,-1.2662243112139357,-1.3507230271302686,-1.4083099118821711,0.0006771050807435,99,1,8,2019-04-01,2019
2019-04,-0.19324926625143882,-0.2516450196300864,-2.1034563359375795,-0.022499739410214787,-1.2662243112139357,-1.3507230271302686,-1.4083099118821711,0.0006771050807435,100,0,8,2019-04-01,2019
2019-04,-0.18236087410501411,-0.2285203352687429,-2.1034563359375795,-0.022499739410214787,-1.2662243112139357,-1.3507230271302686,-1.4083099118821711,0.0006771050807435,100,1,8,2019-04-01,2019
2019-04,-0.1657529174437091,-0.24167958533947598,-2.1034563359375795,-0.022499739410214787,-1.2662243112139357,-1.3507230271302686,-1.4083099118821711,0.0006771050807435,101,0,8,2019-04-01,2019
2019-04,0.7152641144575697,0.20890835113227235,-2.1034563359375795,-0.022499739410214787,-1.2662243112139357,-1.3507230271302686,-1.4083099118821711,0.0006771050807435,101,1,8,2019-04-01,2019
2019-05,-0.16085945825383272,-0.2474640731933464,-2.1034563359375795,-0.022499739410214787,-1.2556128139214737,-1.3046096552988924,-1.3820860121491496,0.0007006043606238,0,1,8,2019-05-01,2019
2019-05,-0.19329624086795866,-0.25172122137425174,-2.1034563359375795,-0.022499739410214787,-1.2556128139214737,-1.3046096552988924,-1.3820860121491496,0.0007006043606238,3,0,8,2019-05-01,2019
2019-05,-0.1917282605648139,-0.24232964922156225,-2.1034563359375795,-0.022499739410214787,-1.2556128139214737,-1.3046096552988924,-1.3820860121491496,0.0007006043606238,3,1,8,2019-05-01,2019
2019-05,-0.18928720032014534,-0.17437219270089738,-2.1034563359375795,-0.022499739410214787,-1.2556128139214737,-1.3046096552988924,-1.3820860121491496,0.0007006043606238,4,0,8,2019-05-01,2019
2019-05,-0.11212734315041302,0.4664751970642912,-2.1034563359375795,-0.022499739410214787,-1.2556128139214737,-1.3046096552988924,-1.3820860121491496,0.0007006043606238,4,1,8,2019-05-01,2019
2019-05,-0.1930370705699182,-0.20981517790352427,-2.1034563359375795,-0.022499739410214787,-1.2556128139214737,-1.3046096552988924,-1.3820860121491496,0.0007006043606238,6,1,8,2019-05-01,2019
2019-05,-0.19333349659830198,-0.24698343311945486,-2.1034563359375795,-0.022499739410214787,-1.2556128139214737,-1.3046096552988924,-1.3820860121491496,0.0007006043606238,8,1,8,2019-05-01,2019
2019-05,-0.1860346130797376,-0.05396165462614675,-2.1034563359375795,-0.022499739410214787,-1.2556128139214737,-1.3046096552988924,-1.3820860121491496,0.0007006043606238,9,1,8,2019-05-01,2019
2019-05,-0.1929447411512413,-0.2503525725628288,-2.1034563359375795,-0.022499739410214787,-1.2556128139214737,-1.3046096552988924,-1.3820860121491496,0.0007006043606238,9,0,8,2019-05-01,2019
2019-05,-0.07958689241707088,-0.04800828287701666,-2.1034563359375795,-0.022499739410214787,-1.2556128139214737,-1.3046096552988924,-1.3820860121491496,0.0007006043606238,10,0,8,2019-05-01,2019
2019-05,-0.1932913814248704,-0.25166027652463846,-2.1034563359375795,-0.022499739410214787,-1.2556128139214737,-1.3046096552988924,-1.3820860121491496,0.0007006043606238,10,1,8,2019-05-01,2019
2019-05,-0.18069084549701592,-0.23732828330931457,-2.1034563359375795,-0.022499739410214787,-1.2556128139214737,-1.3046096552988924,-1.3820860121491496,0.0007006043606238,12,1,8,2019-05-01,2019
2019-05,-0.19208461972461952,-0.2505327641507687,-2.1034563359375795,-0.022499739410214787,-1.2556128139214737,-1.3046096552988924,-1.3820860121491496,0.0007006043606238,12,0,8,2019-05-01,2019
2019-05,-0.19318609349129146,-0.2491208221593997,-2.1034563359375795,-0.022499739410214787,-1.2556128139214737,-1.3046096552988924,-1.3820860121491496,0.0007006043606238,13,1,8,2019-05-01,2019
2019-05,-0.1933286371552137,-0.2517685334222547,-2.1034563359375795,-0.022499739410214787,-1.2556128139214737,-1.3046096552988924,-1.3820860121491496,0.0007006043606238,18,0,8,2019-05-01,2019
2019-05,-0.19327680309560563,-0.2516214463346798,-2.1034563359375795,-0.022499739410214787,-1.2556128139214737,-1.3046096552988924,-1.3820860121491496,0.0007006043606238,18,1,8,2019-05-01,2019
2019-05,-0.19326222476634083,-0.25172006752805987,-2.1034563359375795,-0.022499739410214787,-1.2556128139214737,-1.3046096552988924,-1.3820860121491496,0.0007006043606238,19,1,8,2019-05-01,2019
2019-05,-0.1926790915957498,-0.25133588464167156,-2.1034563359375795,-0.022499739410214787,-1.2556128139214737,-1.3046096552988924,-1.3820860121491496,0.0007006043606238,19,0,8,2019-05-01,2019
2019-05,-0.19321848977854653,-0.25001623292910535,-2.1034563359375795,-0.022499739410214787,-1.2556128139214737,-1.3046096552988924,-1.3820860121491496,0.0007006043606238,25,1,8,2019-05-01,2019
2019-05,-0.1932460266227133,-0.25091572352478,-2.1034563359375795,-0.022499739410214787,-1.2556128139214737,-1.3046096552988924,-1.3820860121491496,0.0007006043606238,28,0,8,2019-05-01,2019
2019-05,-0.19260458013506318,-0.24438617759120862,-2.1034563359375795,-0.022499739410214787,-1.2556128139214737,-1.3046096552988924,-1.3820860121491496,0.0007006043606238,28,1,8,2019-05-01,2019
2019-05,-0.19301763279756518,-0.2513243461797529,-2.1034563359375795,-0.022499739410214787,-1.2556128139214737,-1.3046096552988924,-1.3820860121491496,0.0007006043606238,36,1,8,2019-05-01,2019
2019-05,-0.19324440680835056,-0.2515009412508835,-2.1034563359375795,-0.022499739410214787,-1.2556128139214737,-1.3046096552988924,-1.3820860121491496,0.0007006043606238,40,0,8,2019-05-01,2019
2019-05,-0.1932913814248704,-0.25161596012259774,-2.1034563359375795,-0.022499739410214787,-1.2556128139214737,-1.3046096552988924,-1.3820860121491496,0.0007006043606238,40,1,8,2019-05-01,2019
2019-05,-0.10291221924071202,0.10016757831865598,-2.1034563359375795,-0.022499739410214787,-1.2556128139214737,-1.3046096552988924,-1.3820860121491496,0.0007006043606238,44,1,8,2019-05-01,2019
2019-05,-0.17431687597958342,-0.16797220410105773,-2.1034563359375795,-0.022499739410214787,-1.2556128139214737,-1.3046096552988924,-1.3820860121491496,0.0007006043606238,44,0,8,2019-05-01,2019
2019-05,-0.1930953838869773,-0.24150780594339522,-2.1034563359375795,-0.022499739410214787,-1.2556128139214737,-1.3046096552988924,-1.3820860121491496,0.0007006043606238,45,1,8,2019-05-01,2019
2019-05,-0.19333349659830198,-0.25158931280677055,-2.1034563359375795,-0.022499739410214787,-1.2556128139214737,-1.3046096552988924,-1.3820860121491496,0.0007006043606238,45,0,8,2019-05-01,2019
2019-05,-0.19316179627585017,-0.24989081202511806,-2.1034563359375795,-0.022499739410214787,-1.2556128139214737,-1.3046096552988924,-1.3820860121491496,0.0007006043606238,47,1,8,2019-05-01,2019
2019-05,-0.19331081919722343,-0.2464455971075395,-2.1034563359375795,-0.022499739410214787,-1.2556128139214737,-1.3046096552988924,-1.3820860121491496,0.0007006043606238,50,1,8,2019-05-01,2019
2019-05,-0.19319257274874246,-0.25150462485042435,-2.1034563359375795,-0.022499739410214787,-1.2556128139214737,-1.3046096552988924,-1.3820860121491496,0.0007006043606238,52,1,8,2019-05-01,2019
2019-05,-0.12482344812566991,-0.16150409938866897,-2.1034563359375795,-0.022499739410214787,-1.2556128139214737,-1.3046096552988924,-1.3820860121491496,0.0007006043606238,60,0,8,2019-05-01,2019
2019-05,-0.19202144696447215,-0.24181184659201957,-2.1034563359375795,-0.022499739410214787,-1.2556128139214737,-1.3046096552988924,-1.3820860121491496,0.0007006043606238,67,1,8,2019-05-01,2019
2019-05,-0.19330110031104691,-0.2516071647667201,-2.1034563359375795,-0.022499739410214787,-1.2556128139214737,-1.3046096552988924,-1.3820860121491496,0.0007006043606238,67,0,8,2019-05-01,2019
2019-05,-0.19331729845467444,-0.25175707768893096,-2.1034563359375795,-0.022499739410214787,-1.2556128139214737,-1.3046096552988924,-1.3820860121491496,0.0007006043606238,69,0,8,2019-05-01,2019
2019-05,-0.1724767668634962,0.04539812658665273,-2.1034563359375795,-0.022499739410214787,-1.2556128139214737,-1.3046096552988924,-1.3820860121491496,0.0007006043606238,72,1,8,2019-05-01,2019
2019-05,-0.19322820866472304,-0.251657955769845,-2.1034563359375795,-0.022499739410214787,-1.2556128139214737,-1.3046096552988924,-1.3820860121491496,0.0007006043606238,74,0,8,2019-05-01,2019
2019-05,-0.18942488454097933,-0.24619767257106884,-2.1034563359375795,-0.022499739410214787,-1.2556128139214737,-1.3046096552988924,-1.3820860121491496,0.0007006043606238,74,1,8,2019-05-01,2019
2019-05,-0.19333511641266474,-0.25176796303036364,-2.1034563359375795,-0.022499739410214787,-1.2556128139214737,-1.3046096552988924,-1.3820860121491496,0.0007006043606238,76,0,8,2019-05-01,2019
2019-05,-0.19129091068687062,-0.23670186238882007,-2.1034563359375795,-0.022499739410214787,-1.2556128139214737,-1.3046096552988924,-1.3820860121491496,0.0007006043606238,76,1,8,2019-05-01,2019
2019-05,-0.1932395473652623,-0.25150525184609085,-2.1034563359375795,-0.022499739410214787,-1.2556128139214737,-1.3046096552988924,-1.3820860121491496,0.0007006043606238,78,1,8,2019-05-01,2019
2019-05,-0.17281368825094878,-0.20482864218044447,-2.1034563359375795,-0.022499739410214787,-1.2556128139214737,-1.3046096552988924,-1.3820860121491496,0.0007006043606238,79,0,8,2019-05-01,2019
2019-05,-0.06623152299617358,-0.10555150683393844,-2.1034563359375795,-0.022499739410214787,-1.2556128139214737,-1.3046096552988924,-1.3820860121491496,0.0007006043606238,79,1,8,2019-05-01,2019
2019-05,-0.19269528973937736,-0.25155213718870967,-2.1034563359375795,-0.022499739410214787,-1.2556128139214737,-1.3046096552988924,-1.3820860121491496,0.0007006043606238,80,0,8,2019-05-01,2019
2019-05,-0.10214118760404166,-0.2223478154717536,-2.1034563359375795,-0.022499739410214787,-1.2556128139214737,-1.3046096552988924,-1.3820860121491496,0.0007006043606238,80,1,8,2019-05-01,2019
2019-05,-0.18962088207887243,-0.24970792087250282,-2.1034563359375795,-0.022499739410214787,-1.2556128139214737,-1.3046096552988924,-1.3820860121491496,0.0007006043606238,81,0,8,2019-05-01,2019
2019-05,-0.1831966983161946,-0.23723095529449675,-2.1034563359375795,-0.022499739410214787,-1.2556128139214737,-1.3046096552988924,-1.3820860121491496,0.0007006043606238,81,1,8,2019-05-01,2019
2019-05,-0.1929236835645255,-0.24988033597252327,-2.1034563359375795,-0.022499739410214787,-1.2556128139214737,-1.3046096552988924,-1.3820860121491496,0.0007006043606238,85,1,8,2019-05-01,2019
2019-05,-0.12228519901923618,-0.1669087018889487,-2.1034563359375795,-0.022499739410214787,-1.2556128139214737,-1.3046096552988924,-1.3820860121491496,0.0007006043606238,87,0,8,2019-05-01,2019
2019-05,-0.1880755791768062,-0.24504175816433296,-2.1034563359375795,-0.022499739410214787,-1.2556128139214737,-1.3046096552988924,-1.3820860121491496,0.0007006043606238,87,1,8,2019-05-01,2019
2019-05,8.648379467500371,6.242792400447783,-2.1034563359375795,-0.022499739410214787,-1.2556128139214737,-1.3046096552988924,-1.3820860121491496,0.0007006043606238,88,1,8,2019-05-01,2019
2019-05,0.9614337824225722,0.31717807168073114,-2.1034563359375795,-0.022499739410214787,-1.2556128139214737,-1.3046096552988924,-1.3820860121491496,0.0007006043606238,88,0,8,2019-05-01,2019
2019-05,-0.18300232059266425,-0.17964978503734066,-2.1034563359375795,-0.022499739410214787,-1.2556128139214737,-1.3046096552988924,-1.3820860121491496,0.0007006043606238,89,1,8,2019-05-01,2019
2019-05,0.3075179638079696,0.4712071507760801,-2.1034563359375795,-0.022499739410214787,-1.2556128139214737,-1.3046096552988924,-1.3820860121491496,0.0007006043606238,89,0,8,2019-05-01,2019
2019-05,0.04881903174707357,0.6355353651889997,-2.1034563359375795,-0.022499739410214787,-1.2556128139214737,-1.3046096552988924,-1.3820860121491496,0.0007006043606238,92,0,8,2019-05-01,2019
2019-05,-0.1932913814248704,-0.25173656970567176,-2.1034563359375795,-0.022499739410214787,-1.2556128139214737,-1.3046096552988924,-1.3820860121491496,0.0007006043606238,92,1,8,2019-05-01,2019
2019-05,-0.1932946210535959,-0.251275279414711,-2.1034563359375795,-0.022499739410214787,-1.2556128139214737,-1.3046096552988924,-1.3820860121491496,0.0007006043606238,94,1,8,2019-05-01,2019
2019-05,-0.19320715107800726,-0.2241450767791565,-2.1034563359375795,-0.022499739410214787,-1.2556128139214737,-1.3046096552988924,-1.3820860121491496,0.0007006043606238,97,1,8,2019-05-01,2019
2019-05,0.015167388360882975,0.689613240700829,-2.1034563359375795,-0.022499739410214787,-1.2556128139214737,-1.3046096552988924,-1.3820860121491496,0.0007006043606238,99,1,8,2019-05-01,2019
2019-05,-0.18952045358838174,-0.24733466825439474,-2.1034563359375795,-0.022499739410214787,-1.2556128139214737,-1.3046096552988924,-1.3820860121491496,0.0007006043606238,99,0,8,2019-05-01,2019
2019-05,-0.1814132827028037,-0.2306018041326798,-2.1034563359375795,-0.022499739410214787,-1.2556128139214737,-1.3046096552988924,-1.3820860121491496,0.0007006043606238,100,1,8,2019-05-01,2019
2019-05,-0.1932460266227133,-0.251649317162884,-2.1034563359375795,-0.022499739410214787,-1.2556128139214737,-1.3046096552988924,-1.3820860121491496,0.0007006043606238,100,0,8,2019-05-01,2019
2019-05,-0.16488793657399906,-0.24049315714363603,-2.1034563359375795,-0.022499739410214787,-1.2556128139214737,-1.3046096552988924,-1.3820860121491496,0.0007006043606238,101,0,8,2019-05-01,2019
2019-05,0.6978073750701821,0.2287089831344561,-2.1034563359375795,-0.022499739410214787,-1.2556128139214737,-1.3046096552988924,-1.3820860121491496,0.0007006043606238,101,1,8,2019-05-01,2019
2019-06,-0.16541923568498199,-0.24807828946902657,-2.1034563359375795,-0.022499739410214787,-1.1633389244218035,-1.2754061803409675,-1.39359604958853,0.00064893660945,0,1,8,2019-06-01,2019
2019-06,-0.19328652198178214,-0.2516959194866256,-2.1034563359375795,-0.022499739410214787,-1.1633389244218035,-1.2754061803409675,-1.39359604958853,0.00064893660945,3,0,8,2019-06-01,2019
2019-06,-0.1914674704524107,-0.23545868237688672,-2.1034563359375795,-0.022499739410214787,-1.1633389244218035,-1.2754061803409675,-1.39359604958853,0.00064893660945,3,1,8,2019-06-01,2019
2019-06,-0.10500177976866319,0.6218390933298903,-2.1034563359375795,-0.022499739410214787,-1.1633389244218035,-1.2754061803409675,-1.39359604958853,0.00064893660945,4,1,8,2019-06-01,2019
2019-06,-0.19228223707687536,-0.2439138931054008,-2.1034563359375795,-0.022499739410214787,-1.1633389244218035,-1.2754061803409675,-1.39359604958853,0.00064893660945,4,0,8,2019-06-01,2019
2019-06,-0.1930435498273692,-0.21247055244674787,-2.1034563359375795,-0.022499739410214787,-1.1633389244218035,-1.2754061803409675,-1.39359604958853,0.00064893660945,6,1,8,2019-06-01,2019
2019-06,-0.19294960059432956,-0.2501764259677652,-2.1034563359375795,-0.022499739410214787,-1.1633389244218035,-1.2754061803409675,-1.39359604958853,0.00064893660945,9,0,8,2019-06-01,2019
2019-06,-0.18573332760826558,0.02620779649136998,-2.1034563359375795,-0.022499739410214787,-1.1633389244218035,-1.2754061803409675,-1.39359604958853,0.00064893660945,9,1,8,2019-06-01,2019
2019-06,-0.19331081919722343,-0.25172912413213183,-2.1034563359375795,-0.022499739410214787,-1.1633389244218035,-1.2754061803409675,-1.39359604958853,0.00064893660945,10,1,8,2019-06-01,2019
2019-06,-0.08597867989249365,-0.06086554309745128,-2.1034563359375795,-0.022499739410214787,-1.1633389244218035,-1.2754061803409675,-1.39359604958853,0.00064893660945,10,0,8,2019-06-01,2019
2019-06,-0.19214779248476688,-0.24989344627774476,-2.1034563359375795,-0.022499739410214787,-1.1633389244218035,-1.2754061803409675,-1.39359604958853,0.00064893660945,12,0,8,2019-06-01,2019
2019-06,-0.15286243474492184,-0.17023478762988808,-2.1034563359375795,-0.022499739410214787,-1.1633389244218035,-1.2754061803409675,-1.39359604958853,0.00064893660945,12,1,8,2019-06-01,2019
2019-06,-0.19319419256310522,-0.2490537249148087,-2.1034563359375795,-0.022499739410214787,-1.1633389244218035,-1.2754061803409675,-1.39359604958853,0.00064893660945,13,1,8,2019-06-01,2019
2019-06,-0.1931229207311441,-0.25057333164122003,-2.1034563359375795,-0.022499739410214787,-1.1633389244218035,-1.2754061803409675,-1.39359604958853,0.00064893660945,14,1,8,2019-06-01,2019
2019-06,-0.19333025696957648,-0.2517680065717294,-2.1034563359375795,-0.022499739410214787,-1.1633389244218035,-1.2754061803409675,-1.39359604958853,0.00064893660945,18,0,8,2019-06-01,2019
2019-06,-0.19319419256310522,-0.2515545450262346,-2.1034563359375795,-0.022499739410214787,-1.1633389244218035,-1.2754061803409675,-1.39359604958853,0.00064893660945,18,1,8,2019-06-01,2019
2019-06,-0.19260134050633768,-0.2512276582230113,-2.1034563359375795,-0.022499739410214787,-1.1633389244218035,-1.2754061803409675,-1.39359604958853,0.00064893660945,19,0,8,2019-06-01,2019
2019-06,-0.19326222476634083,-0.251721086396018,-2.1034563359375795,-0.022499739410214787,-1.1633389244218035,-1.2754061803409675,-1.39359604958853,0.00064893660945,19,1,8,2019-06-01,2019
2019-06,-0.19321686996418377,-0.2500495638445722,-2.1034563359375795,-0.022499739410214787,-1.1633389244218035,-1.2754061803409675,-1.39359604958853,0.00064893660945,25,1,8,2019-06-01,2019
2019-06,-0.19331243901158618,-0.25172771774601876,-2.1034563359375795,-0.022499739410214787,-1.1633389244218035,-1.2754061803409675,-1.39359604958853,0.00064893660945,28,0,8,2019-06-01,2019
2019-06,-0.19264021605104376,-0.24386399034613684,-2.1034563359375795,-0.022499739410214787,-1.1633389244218035,-1.2754061803409675,-1.39359604958853,0.00064893660945,28,1,8,2019-06-01,2019
2019-06,-0.19311806128805584,-0.2515000138197934,-2.1034563359375795,-0.022499739410214787,-1.1633389244218035,-1.2754061803409675,-1.39359604958853,0.00064893660945,36,1,8,2019-06-01,2019
2019-06,-0.19333511641266474,-0.25176927362547213,-2.1034563359375795,-0.022499739410214787,-1.1633389244218035,-1.2754061803409675,-1.39359604958853,0.00064893660945,36,0,8,2019-06-01,2019
2019-06,-0.19327680309560563,-0.25150644487951185,-2.1034563359375795,-0.022499739410214787,-1.1633389244218035,-1.2754061803409675,-1.39359604958853,0.00064893660945,40,0,8,2019-06-01,2019
2019-06,-0.19327032383815462,-0.25160952470874276,-2.1034563359375795,-0.022499739410214787,-1.1633389244218035,-1.2754061803409675,-1.39359604958853,0.00064893660945,40,1,8,2019-06-01,2019
2019-06,-0.09197523266340472,0.09979885261710207,-2.1034563359375795,-0.022499739410214787,-1.1633389244218035,-1.2754061803409675,-1.39359604958853,0.00064893660945,44,1,8,2019-06-01,2019
2019-06,-0.17669638327846737,-0.17763821312781125,-2.1034563359375795,-0.022499739410214787,-1.1633389244218035,-1.2754061803409675,-1.39359604958853,0.00064893660945,44,0,8,2019-06-01,2019
2019-06,-0.19307918574334978,-0.24080879721209106,-2.1034563359375795,-0.022499739410214787,-1.1633389244218035,-1.2754061803409675,-1.39359604958853,0.00064893660945,45,1,8,2019-06-01,2019
2019-06,-0.19333187678393923,-0.25176556825524843,-2.1034563359375795,-0.022499739410214787,-1.1633389244218035,-1.2754061803409675,-1.39359604958853,0.00064893660945,45,0,8,2019-06-01,2019
2019-06,-0.19295607985178057,-0.24651100059300357,-2.1034563359375795,-0.022499739410214787,-1.1633389244218035,-1.2754061803409675,-1.39359604958853,0.00064893660945,47,1,8,2019-06-01,2019
2019-06,-0.19331567864031168,-0.24889183811702192,-2.1034563359375795,-0.022499739410214787,-1.1633389244218035,-1.2754061803409675,-1.39359604958853,0.00064893660945,50,1,8,2019-06-01,2019
2019-06,-0.19322010959290928,-0.2515479485093264,-2.1034563359375795,-0.022499739410214787,-1.1633389244218035,-1.2754061803409675,-1.39359604958853,0.00064893660945,52,1,8,2019-06-01,2019
2019-06,-0.1261014816578819,-0.16477489194926692,-2.1034563359375795,-0.022499739410214787,-1.1633389244218035,-1.2754061803409675,-1.39359604958853,0.00064893660945,60,0,8,2019-06-01,2019
2019-06,-0.1915290233981953,-0.24112824279591094,-2.1034563359375795,-0.022499739410214787,-1.1633389244218035,-1.2754061803409675,-1.39359604958853,0.00064893660945,67,1,8,2019-06-01,2019
2019-06,-0.19330595975413517,-0.2515834042434409,-2.1034563359375795,-0.022499739410214787,-1.1633389244218035,-1.2754061803409675,-1.39359604958853,0.00064893660945,67,0,8,2019-06-01,2019
2019-06,-0.19331729845467444,-0.25175707768893096,-2.1034563359375795,-0.022499739410214787,-1.1633389244218035,-1.2754061803409675,-1.39359604958853,0.00064893660945,69,0,8,2019-06-01,2019
2019-06,-0.17561920672723674,0.047725003296121025,-2.1034563359375795,-0.022499739410214787,-1.1633389244218035,-1.2754061803409675,-1.39359604958853,0.00064893660945,72,1,8,2019-06-01,2019
2019-06,-0.19320067182055622,-0.251578497131523,-2.1034563359375795,-0.022499739410214787,-1.1633389244218035,-1.2754061803409675,-1.39359604958853,0.00064893660945,74,0,8,2019-06-01,2019
2019-06,-0.1896046839352449,-0.2466152342684263,-2.1034563359375795,-0.022499739410214787,-1.1633389244218035,-1.2754061803409675,-1.39359604958853,0.00064893660945,74,1,8,2019-06-01,2019
2019-06,-0.19333511641266474,-0.25176604721027146,-2.1034563359375795,-0.022499739410214787,-1.1633389244218035,-1.2754061803409675,-1.39359604958853,0.00064893660945,76,0,8,2019-06-01,2019
2019-06,-0.1912471756990763,-0.23883517595693254,-2.1034563359375795,-0.022499739410214787,-1.1633389244218035,-1.2754061803409675,-1.39359604958853,0.00064893660945,76,1,8,2019-06-01,2019
2019-06,-0.1932460266227133,-0.25151819669412256,-2.1034563359375795,-0.022499739410214787,-1.1633389244218035,-1.2754061803409675,-1.39359604958853,0.00064893660945,78,1,8,2019-06-01,2019
2019-06,-0.17255613776727108,-0.2049271545204102,-2.1034563359375795,-0.022499739410214787,-1.1633389244218035,-1.2754061803409675,-1.39359604958853,0.00064893660945,79,0,8,2019-06-01,2019
2019-06,-0.04207523140444022,-0.07360285120943437,-2.1034563359375795,-0.022499739410214787,-1.1633389244218035,-1.2754061803409675,-1.39359604958853,0.00064893660945,79,1,8,2019-06-01,2019
2019-06,-0.09334073617120538,-0.22169646276524171,-2.1034563359375795,-0.022499739410214787,-1.1633389244218035,-1.2754061803409675,-1.39359604958853,0.00064893660945,80,1,8,2019-06-01,2019
2019-06,-0.19254788663236683,-0.25149281643203814,-2.1034563359375795,-0.022499739410214787,-1.1633389244218035,-1.2754061803409675,-1.39359604958853,0.00064893660945,80,0,8,2019-06-01,2019
2019-06,-0.18314000481349824,-0.23195017573008198,-2.1034563359375795,-0.022499739410214787,-1.1633389244218035,-1.2754061803409675,-1.39359604958853,0.00064893660945,81,1,8,2019-06-01,2019
2019-06,-0.18976828518588293,-0.24983478734983236,-2.1034563359375795,-0.022499739410214787,-1.1633389244218035,-1.2754061803409675,-1.39359604958853,0.00064893660945,81,0,8,2019-06-01,2019
2019-06,-0.19295284022305506,-0.250020713335639,-2.1034563359375795,-0.022499739410214787,-1.1633389244218035,-1.2754061803409675,-1.39359604958853,0.00064893660945,85,1,8,2019-06-01,2019
2019-06,-0.1877661946335204,-0.24312044750596332,-2.1034563359375795,-0.022499739410214787,-1.1633389244218035,-1.2754061803409675,-1.39359604958853,0.00064893660945,87,1,8,2019-06-01,2019
2019-06,-0.127713196948821,-0.19332834862300727,-2.1034563359375795,-0.022499739410214787,-1.1633389244218035,-1.2754061803409675,-1.39359604958853,0.00064893660945,87,0,8,2019-06-01,2019
2019-06,1.129909054478134,0.4041247102494126,-2.1034563359375795,-0.022499739410214787,-1.1633389244218035,-1.2754061803409675,-1.39359604958853,0.00064893660945,88,0,8,2019-06-01,2019
2019-06,9.211967957990423,6.485298139932907,-2.1034563359375795,-0.022499739410214787,-1.1633389244218035,-1.2754061803409675,-1.39359604958853,0.00064893660945,88,1,8,2019-06-01,2019
2019-06,0.1762627861797428,0.31041411645061195,-2.1034563359375795,-0.022499739410214787,-1.1633389244218035,-1.2754061803409675,-1.39359604958853,0.00064893660945,89,0,8,2019-06-01,2019
2019-06,-0.18326635033379296,-0.18035374877606497,-2.1034563359375795,-0.022499739410214787,-1.1633389244218035,-1.2754061803409675,-1.39359604958853,0.00064893660945,89,1,8,2019-06-01,2019
2019-06,-0.19326222476634083,-0.2516575203561877,-2.1034563359375795,-0.022499739410214787,-1.1633389244218035,-1.2754061803409675,-1.39359604958853,0.00064893660945,92,1,8,2019-06-01,2019
2019-06,0.03867899383624069,0.6196932616191303,-2.1034563359375795,-0.022499739410214787,-1.1633389244218035,-1.2754061803409675,-1.39359604958853,0.00064893660945,92,0,8,2019-06-01,2019
2019-06,-0.19333025696957648,-0.2517294724630577,-2.1034563359375795,-0.022499739410214787,-1.1633389244218035,-1.2754061803409675,-1.39359604958853,0.00064893660945,94,1,8,2019-06-01,2019
2019-06,-0.19319419256310522,-0.2300869666701434,-2.1034563359375795,-0.022499739410214787,-1.1633389244218035,-1.2754061803409675,-1.39359604958853,0.00064893660945,97,1,8,2019-06-01,2019
2019-06,-0.18915923498548787,-0.2469518656293001,-2.1034563359375795,-0.022499739410214787,-1.1633389244218035,-1.2754061803409675,-1.39359604958853,0.00064893660945,99,0,8,2019-06-01,2019
2019-06,0.035881574431766504,0.697029711191925,-2.1034563359375795,-0.022499739410214787,-1.1633389244218035,-1.2754061803409675,-1.39359604958853,0.00064893660945,99,1,8,2019-06-01,2019
2019-06,-0.1932460266227133,-0.2516466175982087,-2.1034563359375795,-0.022499739410214787,-1.1633389244218035,-1.2754061803409675,-1.39359604958853,0.00064893660945,100,0,8,2019-06-01,2019
2019-06,-0.18080909194549688,-0.23339809595195427,-2.1034563359375795,-0.022499739410214787,-1.1633389244218035,-1.2754061803409675,-1.39359604958853,0.00064893660945,100,1,8,2019-06-01,2019
2019-06,0.7951663173434426,0.2718610890555283,-2.1034563359375795,-0.022499739410214787,-1.1633389244218035,-1.2754061803409675,-1.39359604958853,0.00064893660945,101,1,8,2019-06-01,2019
2019-06,-0.1606812786739299,-0.23875333125176854,-2.1034563359375795,-0.022499739410214787,-1.1633389244218035,-1.2754061803409675,-1.39359604958853,0.00064893660945,101,0,8,2019-06-01,2019
2019-07,-0.1803830807680929,-0.25000762915523694,-1.5465750090183907,2.737458972456844,-0.9758271726581043,-1.1211142482705745,-1.3665415285969964,0.0006060789753587,0,1,8,2019-07-01,2019
2019-07,-0.1909167335690747,-0.22765469808492392,-1.5465750090183907,2.737458972456844,-0.9758271726581043,-1.1211142482705745,-1.3665415285969964,0.0006060789753587,3,1,8,2019-07-01,2019
2019-07,-0.19328652198178214,-0.25170561614877385,-1.5465750090183907,2.737458972456844,-0.9758271726581043,-1.1211142482705745,-1.3665415285969964,0.0006060789753587,3,0,8,2019-07-01,2019
2019-07,-0.07944920819623688,0.9950773044664326,-1.5465750090183907,2.737458972456844,-0.9758271726581043,-1.1211142482705745,-1.3665415285969964,0.0006060789753587,4,1,8,2019-07-01,2019
2019-07,-0.19219800673001222,-0.24341379439516422,-1.5465750090183907,2.737458972456844,-0.9758271726581043,-1.1211142482705745,-1.3665415285969964,0.0006060789753587,4,0,8,2019-07-01,2019
2019-07,-0.1929479807799668,-0.21337316495834538,-1.5465750090183907,2.737458972456844,-0.9758271726581043,-1.1211142482705745,-1.3665415285969964,0.0006060789753587,6,1,8,2019-07-01,2019
2019-07,-0.19276008231388747,-0.24048102216500689,-1.5465750090183907,2.737458972456844,-0.9758271726581043,-1.1211142482705745,-1.3665415285969964,0.0006060789753587,6,0,8,2019-07-01,2019
2019-07,-0.19333187678393923,-0.2393607899074873,-1.5465750090183907,2.737458972456844,-0.9758271726581043,-1.1211142482705745,-1.3665415285969964,0.0006060789753587,8,1,8,2019-07-01,2019
2019-07,-0.19274550398462267,-0.24920566686466256,-1.5465750090183907,2.737458972456844,-0.9758271726581043,-1.1211142482705745,-1.3665415285969964,0.0006060789753587,9,0,8,2019-07-01,2019
2019-07,-0.18462699439850536,0.14012371751613842,-1.5465750090183907,2.737458972456844,-0.9758271726581043,-1.1211142482705745,-1.3665415285969964,0.0006060789753587,9,1,8,2019-07-01,2019
2019-07,-0.19330110031104691,-0.2516745363219153,-1.5465750090183907,2.737458972456844,-0.9758271726581043,-1.1211142482705745,-1.3665415285969964,0.0006060789753587,10,1,8,2019-07-01,2019
2019-07,-0.07345913468277682,-0.016330454547357584,-1.5465750090183907,2.737458972456844,-0.9758271726581043,-1.1211142482705745,-1.3665415285969964,0.0006060789753587,10,0,8,2019-07-01,2019
2019-07,-0.19210567731133532,-0.24999040854509047,-1.5465750090183907,2.737458972456844,-0.9758271726581043,-1.1211142482705745,-1.3665415285969964,0.0006060789753587,12,0,8,2019-07-01,2019
2019-07,-0.1414459831162397,-0.1603310601627912,-1.5465750090183907,2.737458972456844,-0.9758271726581043,-1.1211142482705745,-1.3665415285969964,0.0006060789753587,12,1,8,2019-07-01,2019
2019-07,-0.19317637460511494,-0.24894517629004204,-1.5465750090183907,2.737458972456844,-0.9758271726581043,-1.1211142482705745,-1.3665415285969964,0.0006060789753587,13,1,8,2019-07-01,2019
2019-07,-0.1933189182690372,-0.25175509220265363,-1.5465750090183907,2.737458972456844,-0.9758271726581043,-1.1211142482705745,-1.3665415285969964,0.0006060789753587,18,0,8,2019-07-01,2019
2019-07,-0.1919712327192268,-0.2501038076779995,-1.5465750090183907,2.737458972456844,-0.9758271726581043,-1.1211142482705745,-1.3665415285969964,0.0006060789753587,18,1,8,2019-07-01,2019
2019-07,-0.19326708420942912,-0.25172391658479043,-1.5465750090183907,2.737458972456844,-0.9758271726581043,-1.1211142482705745,-1.3665415285969964,0.0006060789753587,19,1,8,2019-07-01,2019
2019-07,-0.19268395103883806,-0.25133530554150735,-1.5465750090183907,2.737458972456844,-0.9758271726581043,-1.1211142482705745,-1.3665415285969964,0.0006060789753587,19,0,8,2019-07-01,2019
2019-07,-0.19316989534766393,-0.24996574236140404,-1.5465750090183907,2.737458972456844,-0.9758271726581043,-1.1211142482705745,-1.3665415285969964,0.0006060789753587,25,1,8,2019-07-01,2019
2019-07,-0.19273254546972066,-0.24477971316295585,-1.5465750090183907,2.737458972456844,-0.9758271726581043,-1.1211142482705745,-1.3665415285969964,0.0006060789753587,28,1,8,2019-07-01,2019
2019-07,-0.19330433993977242,-0.25146028232356415,-1.5465750090183907,2.737458972456844,-0.9758271726581043,-1.1211142482705745,-1.3665415285969964,0.0006060789753587,28,0,8,2019-07-01,2019
2019-07,-0.19313101980295785,-0.2515203128044971,-1.5465750090183907,2.737458972456844,-0.9758271726581043,-1.1211142482705745,-1.3665415285969964,0.0006060789753587,36,1,8,2019-07-01,2019
2019-07,-0.1932638445807036,-0.25155689625998406,-1.5465750090183907,2.737458972456844,-0.9758271726581043,-1.1211142482705745,-1.3665415285969964,0.0006060789753587,40,0,8,2019-07-01,2019
2019-07,-0.1932881417961449,-0.25139494850428523,-1.5465750090183907,2.737458972456844,-0.9758271726581043,-1.1211142482705745,-1.3665415285969964,0.0006060789753587,40,1,8,2019-07-01,2019
2019-07,-0.1786984738308299,-0.19000481876023628,-1.5465750090183907,2.737458972456844,-0.9758271726581043,-1.1211142482705745,-1.3665415285969964,0.0006060789753587,44,0,8,2019-07-01,2019
2019-07,-0.07516479920675558,0.0986909425660843,-1.5465750090183907,2.737458972456844,-0.9758271726581043,-1.1211142482705745,-1.3665415285969964,0.0006060789753587,44,1,8,2019-07-01,2019
2019-07,-0.19305326871354572,-0.23676081304388288,-1.5465750090183907,2.737458972456844,-0.9758271726581043,-1.1211142482705745,-1.3665415285969964,0.0006060789753587,45,1,8,2019-07-01,2019
2019-07,-0.19333187678393923,-0.2517662213757344,-1.5465750090183907,2.737458972456844,-0.9758271726581043,-1.1211142482705745,-1.3665415285969964,0.0006060789753587,45,0,8,2019-07-01,2019
2019-07,-0.19270662843991662,-0.24335084228859077,-1.5465750090183907,2.737458972456844,-0.9758271726581043,-1.1211142482705745,-1.3665415285969964,0.0006060789753587,47,1,8,2019-07-01,2019
2019-07,-0.19333349659830198,-0.25171523443646376,-1.5465750090183907,2.737458972456844,-0.9758271726581043,-1.1211142482705745,-1.3665415285969964,0.0006060789753587,47,0,8,2019-07-01,2019
2019-07,-0.19333511641266474,-0.25175707768893096,-1.5465750090183907,2.737458972456844,-0.9758271726581043,-1.1211142482705745,-1.3665415285969964,0.0006060789753587,50,0,8,2019-07-01,2019
2019-07,-0.19331081919722343,-0.24862849993708264,-1.5465750090183907,2.737458972456844,-0.9758271726581043,-1.1211142482705745,-1.3665415285969964,0.0006060789753587,50,1,8,2019-07-01,2019
2019-07,-0.19319419256310522,-0.2514866858077433,-1.5465750090183907,2.737458972456844,-0.9758271726581043,-1.1211142482705745,-1.3665415285969964,0.0006060789753587,52,1,8,2019-07-01,2019
2019-07,-0.12394550874105785,-0.16111381200280522,-1.5465750090183907,2.737458972456844,-0.9758271726581043,-1.1211142482705745,-1.3665415285969964,0.0006060789753587,60,0,8,2019-07-01,2019
2019-07,-0.19328976161050765,-0.2515892213699025,-1.5465750090183907,2.737458972456844,-0.9758271726581043,-1.1211142482705745,-1.3665415285969964,0.0006060789753587,67,0,8,2019-07-01,2019
2019-07,-0.19098638558667308,-0.22699352680043974,-1.5465750090183907,2.737458972456844,-0.9758271726581043,-1.1211142482705745,-1.3665415285969964,0.0006060789753587,67,1,8,2019-07-01,2019
2019-07,-0.19331729845467444,-0.25175707768893096,-1.5465750090183907,2.737458972456844,-0.9758271726581043,-1.1211142482705745,-1.3665415285969964,0.0006060789753587,69,0,8,2019-07-01,2019
2019-07,-0.17392002146070898,0.04501213673358661,-1.5465750090183907,2.737458972456844,-0.9758271726581043,-1.1211142482705745,-1.3665415285969964,0.0006060789753587,72,1,8,2019-07-01,2019
2019-07,-0.19319581237746797,-0.2515899223858908,-1.5465750090183907,2.737458972456844,-0.9758271726581043,-1.1211142482705745,-1.3665415285969964,0.0006060789753587,74,0,8,2019-07-01,2019
2019-07,-0.18904584798009516,-0.2463184258406498,-1.5465750090183907,2.737458972456844,-0.9758271726581043,-1.1211142482705745,-1.3665415285969964,0.0006060789753587,74,1,8,2019-07-01,2019
2019-07,-0.19051987905020026,-0.23659664903266842,-1.5465750090183907,2.737458972456844,-0.9758271726581043,-1.1211142482705745,-1.3665415285969964,0.0006060789753587,76,1,8,2019-07-01,2019
2019-07,-0.19333025696957648,-0.2517370791396508,-1.5465750090183907,2.737458972456844,-0.9758271726581043,-1.1211142482705745,-1.3665415285969964,0.0006060789753587,76,0,8,2019-07-01,2019
2019-07,-0.19321686996418377,-0.25124110379674897,-1.5465750090183907,2.737458972456844,-0.9758271726581043,-1.1211142482705745,-1.3665415285969964,0.0006060789753587,78,1,8,2019-07-01,2019
2019-07,0.028129142891631334,-0.016431200559385288,-1.5465750090183907,2.737458972456844,-0.9758271726581043,-1.1211142482705745,-1.3665415285969964,0.0006060789753587,79,1,8,2019-07-01,2019
2019-07,-0.16926953442524553,-0.20491065234279826,-1.5465750090183907,2.737458972456844,-0.9758271726581043,-1.1211142482705745,-1.3665415285969964,0.0006060789753587,79,0,8,2019-07-01,2019
2019-07,-0.06209613692806553,-0.2106866801093072,-1.5465750090183907,2.737458972456844,-0.9758271726581043,-1.1211142482705745,-1.3665415285969964,0.0006060789753587,80,1,8,2019-07-01,2019
2019-07,-0.19256408477599438,-0.25150872209293956,-1.5465750090183907,2.737458972456844,-0.9758271726581043,-1.1211142482705745,-1.3665415285969964,0.0006060789753587,80,0,8,2019-07-01,2019
2019-07,-0.18917381331475264,-0.24961271332219606,-1.5465750090183907,2.737458972456844,-0.9758271726581043,-1.1211142482705745,-1.3665415285969964,0.0006060789753587,81,0,8,2019-07-01,2019
2019-07,-0.18136144864319562,-0.223015583273146,-1.5465750090183907,2.737458972456844,-0.9758271726581043,-1.1211142482705745,-1.3665415285969964,0.0006060789753587,81,1,8,2019-07-01,2019
2019-07,-0.19276332194261298,-0.2491042328990563,-1.5465750090183907,2.737458972456844,-0.9758271726581043,-1.1211142482705745,-1.3665415285969964,0.0006060789753587,85,1,8,2019-07-01,2019
2019-07,-0.18713122740332128,-0.23966864477974967,-1.5465750090183907,2.737458972456844,-0.9758271726581043,-1.1211142482705745,-1.3665415285969964,0.0006060789753587,87,1,8,2019-07-01,2019
2019-07,-0.12118048562383874,-0.16989608805414208,-1.5465750090183907,2.737458972456844,-0.9758271726581043,-1.1211142482705745,-1.3665415285969964,0.0006060789753587,87,0,8,2019-07-01,2019
2019-07,1.3167238647487838,0.5116041114684934,-1.5465750090183907,2.737458972456844,-0.9758271726581043,-1.1211142482705745,-1.3665415285969964,0.0006060789753587,88,0,8,2019-07-01,2019
2019-07,10.088880380296485,7.414194727868135,-1.5465750090183907,2.737458972456844,-0.9758271726581043,-1.1211142482705745,-1.3665415285969964,0.0006060789753587,88,1,8,2019-07-01,2019
2019-07,-0.1826913162350157,-0.17648839886641424,-1.5465750090183907,2.737458972456844,-0.9758271726581043,-1.1211142482705745,-1.3665415285969964,0.0006060789753587,89,1,8,2019-07-01,2019
2019-07,0.3335046456296136,0.5083756149905662,-1.5465750090183907,2.737458972456844,-0.9758271726581043,-1.1211142482705745,-1.3665415285969964,0.0006060789753587,89,0,8,2019-07-01,2019
2019-07,0.059344585476241635,0.8720469738525336,-1.5465750090183907,2.737458972456844,-0.9758271726581043,-1.1211142482705745,-1.3665415285969964,0.0006060789753587,92,0,8,2019-07-01,2019
2019-07,-0.1932881417961449,-0.25171510381236656,-1.5465750090183907,2.737458972456844,-0.9758271726581043,-1.1211142482705745,-1.3665415285969964,0.0006060789753587,92,1,8,2019-07-01,2019
2019-07,-0.1932055312636445,-0.2259878301054748,-1.5465750090183907,2.737458972456844,-0.9758271726581043,-1.1211142482705745,-1.3665415285969964,0.0006060789753587,97,1,8,2019-07-01,2019
2019-07,-0.18882069378367253,-0.2467351254189658,-1.5465750090183907,2.737458972456844,-0.9758271726581043,-1.1211142482705745,-1.3665415285969964,0.0006060789753587,99,0,8,2019-07-01,2019
2019-07,0.07533539286533783,0.6660288466001006,-1.5465750090183907,2.737458972456844,-0.9758271726581043,-1.1211142482705745,-1.3665415285969964,0.0006060789753587,99,1,8,2019-07-01,2019
2019-07,-0.1820450103042773,-0.23423220483284765,-1.5465750090183907,2.737458972456844,-0.9758271726581043,-1.1211142482705745,-1.3665415285969964,0.0006060789753587,100,1,8,2019-07-01,2019
2019-07,-0.19323468792217405,-0.2516553519961743,-1.5465750090183907,2.737458972456844,-0.9758271726581043,-1.1211142482705745,-1.3665415285969964,0.0006060789753587,100,0,8,2019-07-01,2019
2019-07,0.8984845566572707,0.32788658291890177,-1.5465750090183907,2.737458972456844,-0.9758271726581043,-1.1211142482705745,-1.3665415285969964,0.0006060789753587,101,1,8,2019-07-01,2019
2019-07,-0.15722945426690355,-0.23699186094699629,-1.5465750090183907,2.737458972456844,-0.9758271726581043,-1.1211142482705745,-1.3665415285969964,0.0006060789753587,101,0,8,2019-07-01,2019
2019-08,-0.1908519409945646,-0.230308701075127,-1.5465750090183907,2.737458972456844,-1.0678054821532406,-1.199618414552022,-1.4071233100842968,0.0005997689576772,3,1,8,2019-08-01,2019
2019-08,-0.19326870402379187,-0.2516546248553666,-1.5465750090183907,2.737458972456844,-1.0678054821532406,-1.199618414552022,-1.4071233100842968,0.0005997689576772,3,0,8,2019-08-01,2019
2019-08,-0.07188143549345553,1.0463547865623357,-1.5465750090183907,2.737458972456844,-1.0678054821532406,-1.199618414552022,-1.4071233100842968,0.0005997689576772,4,1,8,2019-08-01,2019
2019-08,-0.19203278566501142,-0.24209921089756908,-1.5465750090183907,2.737458972456844,-1.0678054821532406,-1.199618414552022,-1.4071233100842968,0.0005997689576772,4,0,8,2019-08-01,2019
2019-08,-0.19276332194261298,-0.239768354507273,-1.5465750090183907,2.737458972456844,-1.0678054821532406,-1.199618414552022,-1.4071233100842968,0.0005997689576772,6,0,8,2019-08-01,2019
2019-08,-0.19301763279756518,-0.21658224198715662,-1.5465750090183907,2.737458972456844,-1.0678054821532406,-1.199618414552022,-1.4071233100842968,0.0005997689576772,6,1,8,2019-08-01,2019
2019-08,-0.18607510843880642,-0.16369703850301304,-1.5465750090183907,2.737458972456844,-1.0678054821532406,-1.199618414552022,-1.4071233100842968,0.0005997689576772,9,1,8,2019-08-01,2019
2019-08,-0.1928653702474664,-0.2497394317588821,-1.5465750090183907,2.737458972456844,-1.0678054821532406,-1.199618414552022,-1.4071233100842968,0.0005997689576772,9,0,8,2019-08-01,2019
2019-08,-0.19331243901158618,-0.25174315316017026,-1.5465750090183907,2.737458972456844,-1.0678054821532406,-1.199618414552022,-1.4071233100842968,0.0005997689576772,10,1,8,2019-08-01,2019
2019-08,-0.08370770015591414,-0.05245602903227157,-1.5465750090183907,2.737458972456844,-1.0678054821532406,-1.199618414552022,-1.4071233100842968,0.0005997689576772,10,0,8,2019-08-01,2019
2019-08,-0.1393224064866707,-0.16309039407083342,-1.5465750090183907,2.737458972456844,-1.0678054821532406,-1.199618414552022,-1.4071233100842968,0.0005997689576772,12,1,8,2019-08-01,2019
2019-08,-0.19225308041834582,-0.2502332779289998,-1.5465750090183907,2.737458972456844,-1.0678054821532406,-1.199618414552022,-1.4071233100842968,0.0005997689576772,12,0,8,2019-08-01,2019
2019-08,-0.19319257274874246,-0.24893337657992903,-1.5465750090183907,2.737458972456844,-1.0678054821532406,-1.199618414552022,-1.4071233100842968,0.0005997689576772,13,1,8,2019-08-01,2019
2019-08,-0.19103498001755567,-0.24914578877850968,-1.5465750090183907,2.737458972456844,-1.0678054821532406,-1.199618414552022,-1.4071233100842968,0.0005997689576772,18,1,8,2019-08-01,2019
2019-08,-0.19330595975413517,-0.25175838828403946,-1.5465750090183907,2.737458972456844,-1.0678054821532406,-1.199618414552022,-1.4071233100842968,0.0005997689576772,18,0,8,2019-08-01,2019
2019-08,-0.19327518328124288,-0.251728775801206,-1.5465750090183907,2.737458972456844,-1.0678054821532406,-1.199618414552022,-1.4071233100842968,0.0005997689576772,19,1,8,2019-08-01,2019
2019-08,-0.19260619994942593,-0.2512281937818098,-1.5465750090183907,2.737458972456844,-1.0678054821532406,-1.199618414552022,-1.4071233100842968,0.0005997689576772,19,0,8,2019-08-01,2019
2019-08,-0.19320067182055622,-0.250877498559805,-1.5465750090183907,2.737458972456844,-1.0678054821532406,-1.199618414552022,-1.4071233100842968,0.0005997689576772,25,1,8,2019-08-01,2019
2019-08,-0.1925835225483474,-0.24498418341642725,-1.5465750090183907,2.737458972456844,-1.0678054821532406,-1.199618414552022,-1.4071233100842968,0.0005997689576772,28,1,8,2019-08-01,2019
2019-08,-0.1932946210535959,-0.2514414855159782,-1.5465750090183907,2.737458972456844,-1.0678054821532406,-1.199618414552022,-1.4071233100842968,0.0005997689576772,28,0,8,2019-08-01,2019
2019-08,-0.1931779944194777,-0.2515728019208855,-1.5465750090183907,2.737458972456844,-1.0678054821532406,-1.199618414552022,-1.4071233100842968,0.0005997689576772,36,1,8,2019-08-01,2019
2019-08,-0.19325736532325258,-0.25151516186093115,-1.5465750090183907,2.737458972456844,-1.0678054821532406,-1.199618414552022,-1.4071233100842968,0.0005997689576772,40,0,8,2019-08-01,2019
2019-08,-0.1933189182690372,-0.25161070467975405,-1.5465750090183907,2.737458972456844,-1.0678054821532406,-1.199618414552022,-1.4071233100842968,0.0005997689576772,40,1,8,2019-08-01,2019
2019-08,-0.07780023717495448,0.09386318043314151,-1.5465750090183907,2.737458972456844,-1.0678054821532406,-1.199618414552022,-1.4071233100842968,0.0005997689576772,44,1,8,2019-08-01,2019
2019-08,-0.18024053710417062,-0.1946739596978221,-1.5465750090183907,2.737458972456844,-1.0678054821532406,-1.199618414552022,-1.4071233100842968,0.0005997689576772,44,0,8,2019-08-01,2019
2019-08,-0.19302249224065343,-0.23841487115353405,-1.5465750090183907,2.737458972456844,-1.0678054821532406,-1.199618414552022,-1.4071233100842968,0.0005997689576772,45,1,8,2019-08-01,2019
2019-08,-0.19333349659830198,-0.25143661323715294,-1.5465750090183907,2.737458972456844,-1.0678054821532406,-1.199618414552022,-1.4071233100842968,0.0005997689576772,45,0,8,2019-08-01,2019
2019-08,-0.19333511641266474,-0.25176752761670634,-1.5465750090183907,2.737458972456844,-1.0678054821532406,-1.199618414552022,-1.4071233100842968,0.0005997689576772,47,0,8,2019-08-01,2019
2019-08,-0.1927179671404559,-0.24344399904057162,-1.5465750090183907,2.737458972456844,-1.0678054821532406,-1.199618414552022,-1.4071233100842968,0.0005997689576772,47,1,8,2019-08-01,2019
2019-08,-0.19330110031104691,-0.24816273794786128,-1.5465750090183907,2.737458972456844,-1.0678054821532406,-1.199618414552022,-1.4071233100842968,0.0005997689576772,50,1,8,2019-08-01,2019
2019-08,-0.19319743219183072,-0.25147445068397295,-1.5465750090183907,2.737458972456844,-1.0678054821532406,-1.199618414552022,-1.4071233100842968,0.0005997689576772,52,1,8,2019-08-01,2019
2019-08,-0.12515712988439698,-0.16105026773365783,-1.5465750090183907,2.737458972456844,-1.0678054821532406,-1.199618414552022,-1.4071233100842968,0.0005997689576772,60,0,8,2019-08-01,2019
2019-08,-0.19331729845467444,-0.25172470468351016,-1.5465750090183907,2.737458972456844,-1.0678054821532406,-1.199618414552022,-1.4071233100842968,0.0005997689576772,66,0,8,2019-08-01,2019
2019-08,-0.19331081919722343,-0.2515421662159573,-1.5465750090183907,2.737458972456844,-1.0678054821532406,-1.199618414552022,-1.4071233100842968,0.0005997689576772,67,0,8,2019-08-01,2019
2019-08,-0.19094589022760428,-0.23606027601064158,-1.5465750090183907,2.737458972456844,-1.0678054821532406,-1.199618414552022,-1.4071233100842968,0.0005997689576772,67,1,8,2019-08-01,2019
2019-08,-0.19331729845467444,-0.25175707768893096,-1.5465750090183907,2.737458972456844,-1.0678054821532406,-1.199618414552022,-1.4071233100842968,0.0005997689576772,69,0,8,2019-08-01,2019
2019-08,-0.17591725256998325,0.023617102646939347,-1.5465750090183907,2.737458972456844,-1.0678054821532406,-1.199618414552022,-1.4071233100842968,0.0005997689576772,72,1,8,2019-08-01,2019
2019-08,-0.19320067182055622,-0.2516532228233901,-1.5465750090183907,2.737458972456844,-1.0678054821532406,-1.199618414552022,-1.4071233100842968,0.0005997689576772,74,0,8,2019-08-01,2019
2019-08,-0.18894056004651621,-0.24573778431208457,-1.5465750090183907,2.737458972456844,-1.0678054821532406,-1.199618414552022,-1.4071233100842968,0.0005997689576772,74,1,8,2019-08-01,2019
2019-08,-0.1904502270326019,-0.23573716859796373,-1.5465750090183907,2.737458972456844,-1.0678054821532406,-1.199618414552022,-1.4071233100842968,0.0005997689576772,76,1,8,2019-08-01,2019
2019-08,-0.1932363077365368,-0.25143488464493347,-1.5465750090183907,2.737458972456844,-1.0678054821532406,-1.199618414552022,-1.4071233100842968,0.0005997689576772,78,1,8,2019-08-01,2019
2019-08,0.012544908907586099,-0.042668252222115566,-1.5465750090183907,2.737458972456844,-1.0678054821532406,-1.199618414552022,-1.4071233100842968,0.0005997689576772,79,1,8,2019-08-01,2019
2019-08,-0.16867506255411524,-0.204454251747209,-1.5465750090183907,2.737458972456844,-1.0678054821532406,-1.199618414552022,-1.4071233100842968,0.0005997689576772,79,0,8,2019-08-01,2019
2019-08,-0.04563396355940825,-0.21420525787400543,-1.5465750090183907,2.737458972456844,-1.0678054821532406,-1.199618414552022,-1.4071233100842968,0.0005997689576772,80,1,8,2019-08-01,2019
2019-08,-0.19251387053074903,-0.2514190225253978,-1.5465750090183907,2.737458972456844,-1.0678054821532406,-1.199618414552022,-1.4071233100842968,0.0005997689576772,80,0,8,2019-08-01,2019
2019-08,-0.18265244069030964,-0.2318394369746191,-1.5465750090183907,2.737458972456844,-1.0678054821532406,-1.199618414552022,-1.4071233100842968,0.0005997689576772,81,1,8,2019-08-01,2019
2019-08,-0.18942164491225383,-0.2497382692044171,-1.5465750090183907,2.737458972456844,-1.0678054821532406,-1.199618414552022,-1.4071233100842968,0.0005997689576772,81,0,8,2019-08-01,2019
2019-08,-0.19289776653472146,-0.2493900166530298,-1.5465750090183907,2.737458972456844,-1.0678054821532406,-1.199618414552022,-1.4071233100842968,0.0005997689576772,85,1,8,2019-08-01,2019
2019-08,-0.12657284763744298,-0.19049391892148929,-1.5465750090183907,2.737458972456844,-1.0678054821532406,-1.199618414552022,-1.4071233100842968,0.0005997689576772,87,0,8,2019-08-01,2019
2019-08,-0.18775161630425563,-0.24136166370345666,-1.5465750090183907,2.737458972456844,-1.0678054821532406,-1.199618414552022,-1.4071233100842968,0.0005997689576772,87,1,8,2019-08-01,2019
2019-08,9.575818759223784,6.517292997300588,-1.5465750090183907,2.737458972456844,-1.0678054821532406,-1.199618414552022,-1.4071233100842968,0.0005997689576772,88,1,8,2019-08-01,2019
2019-08,1.3105377936974305,0.5723276620904344,-1.5465750090183907,2.737458972456844,-1.0678054821532406,-1.199618414552022,-1.4071233100842968,0.0005997689576772,88,0,8,2019-08-01,2019
2019-08,0.1950445337158622,0.3295273652661416,-1.5465750090183907,2.737458972456844,-1.0678054821532406,-1.199618414552022,-1.4071233100842968,0.0005997689576772,89,0,8,2019-08-01,2019
2019-08,-0.18324367293271443,-0.16415883387381633,-1.5465750090183907,2.737458972456844,-1.0678054821532406,-1.199618414552022,-1.4071233100842968,0.0005997689576772,89,1,8,2019-08-01,2019
2019-08,0.04479865249872098,1.0661807030355992,-1.5465750090183907,2.737458972456844,-1.0678054821532406,-1.199618414552022,-1.4071233100842968,0.0005997689576772,92,0,8,2019-08-01,2019
2019-08,-0.19326708420942912,-0.2517045668018597,-1.5465750090183907,2.737458972456844,-1.0678054821532406,-1.199618414552022,-1.4071233100842968,0.0005997689576772,92,1,8,2019-08-01,2019
2019-08,-0.19326222476634083,-0.24766879163260244,-1.5465750090183907,2.737458972456844,-1.0678054821532406,-1.199618414552022,-1.4071233100842968,0.0005997689576772,97,1,8,2019-08-01,2019
2019-08,0.05934134584751612,0.7781251173472075,-1.5465750090183907,2.737458972456844,-1.0678054821532406,-1.199618414552022,-1.4071233100842968,0.0005997689576772,99,1,8,2019-08-01,2019
2019-08,-0.18785690423783458,-0.24535825164355632,-1.5465750090183907,2.737458972456844,-1.0678054821532406,-1.199618414552022,-1.4071233100842968,0.0005997689576772,99,0,8,2019-08-01,2019
2019-08,-0.19319905200619347,-0.2515123926300707,-1.5465750090183907,2.737458972456844,-1.0678054821532406,-1.199618414552022,-1.4071233100842968,0.0005997689576772,100,0,8,2019-08-01,2019
2019-08,-0.1789641233863214,-0.23140027005158606,-1.5465750090183907,2.737458972456844,-1.0678054821532406,-1.199618414552022,-1.4071233100842968,0.0005997689576772,100,1,8,2019-08-01,2019
2019-08,-0.15641144801371337,-0.2360158899424157,-1.5465750090183907,2.737458972456844,-1.0678054821532406,-1.199618414552022,-1.4071233100842968,0.0005997689576772,101,0,8,2019-08-01,2019
2019-08,0.8441203470145594,0.327418143135688,-1.5465750090183907,2.737458972456844,-1.0678054821532406,-1.199618414552022,-1.4071233100842968,0.0005997689576772,101,1,8,2019-08-01,2019
2019-09,-0.19324764643707606,-0.25163920685776137,-1.5465750090183907,2.737458972456844,-1.2151257476651496,-1.1737762292787488,-1.3826793130480868,0.0006818547543668,3,0,8,2019-09-01,2019
2019-09,-0.19106899611917347,-0.23594509603587413,-1.5465750090183907,2.737458972456844,-1.2151257476651496,-1.1737762292787488,-1.3826793130480868,0.0006818547543668,3,1,8,2019-09-01,2019
2019-09,-0.03343028215042823,1.406476082898045,-1.5465750090183907,2.737458972456844,-1.2151257476651496,-1.1737762292787488,-1.3826793130480868,0.0006818547543668,4,1,8,2019-09-01,2019
2019-09,-0.19226117949015958,-0.2444099816558536,-1.5465750090183907,2.737458972456844,-1.2151257476651496,-1.1737762292787488,-1.3826793130480868,0.0006818547543668,4,0,8,2019-09-01,2019
2019-09,-0.19304678945609471,-0.21765255842300252,-1.5465750090183907,2.737458972456844,-1.2151257476651496,-1.1737762292787488,-1.3826793130480868,0.0006818547543668,6,1,8,2019-09-01,2019
2019-09,-0.19282649470276034,-0.2420238625641721,-1.5465750090183907,2.737458972456844,-1.2151257476651496,-1.1737762292787488,-1.3826793130480868,0.0006818547543668,6,0,8,2019-09-01,2019
2019-09,-0.19333349659830198,-0.24561113989572025,-1.5465750090183907,2.737458972456844,-1.2151257476651496,-1.1737762292787488,-1.3826793130480868,0.0006818547543668,8,1,8,2019-09-01,2019
2019-09,-0.19297389780977084,-0.25028332437477063,-1.5465750090183907,2.737458972456844,-1.2151257476651496,-1.1737762292787488,-1.3826793130480868,0.0006818547543668,9,0,8,2019-09-01,2019
2019-09,-0.18669549733974078,-0.07137468277607759,-1.5465750090183907,2.737458972456844,-1.2151257476651496,-1.1737762292787488,-1.3826793130480868,0.0006818547543668,9,1,8,2019-09-01,2019
2019-09,-0.07997888749285707,-0.04280023916405505,-1.5465750090183907,2.737458972456844,-1.2151257476651496,-1.1737762292787488,-1.3826793130480868,0.0006818547543668,10,0,8,2019-09-01,2019
2019-09,-0.19330272012540967,-0.2517054898788132,-1.5465750090183907,2.737458972456844,-1.2151257476651496,-1.1737762292787488,-1.3826793130480868,0.0006818547543668,10,1,8,2019-09-01,2019
2019-09,-0.19241020241153284,-0.2500010282841922,-1.5465750090183907,2.737458972456844,-1.2151257476651496,-1.1737762292787488,-1.3826793130480868,0.0006818547543668,12,0,8,2019-09-01,2019
2019-09,-0.15438506024590953,-0.1769589460517294,-1.5465750090183907,2.737458972456844,-1.2151257476651496,-1.1737762292787488,-1.3826793130480868,0.0006818547543668,12,1,8,2019-09-01,2019
2019-09,-0.19324116717962506,-0.25005696152260987,-1.5465750090183907,2.737458972456844,-1.2151257476651496,-1.1737762292787488,-1.3826793130480868,0.0006818547543668,13,1,8,2019-09-01,2019
2019-09,-0.19330272012540967,-0.25174556535183173,-1.5465750090183907,2.737458972456844,-1.2151257476651496,-1.1737762292787488,-1.3826793130480868,0.0006818547543668,18,0,8,2019-09-01,2019
2019-09,-0.19155008098491108,-0.24994538677292494,-1.5465750090183907,2.737458972456844,-1.2151257476651496,-1.1737762292787488,-1.3826793130480868,0.0006818547543668,18,1,8,2019-09-01,2019
2019-09,-0.19327518328124288,-0.251728775801206,-1.5465750090183907,2.737458972456844,-1.2151257476651496,-1.1737762292787488,-1.3826793130480868,0.0006818547543668,19,1,8,2019-09-01,2019
2019-09,-0.19268557085320084,-0.2513368643224005,-1.5465750090183907,2.737458972456844,-1.2151257476651496,-1.1737762292787488,-1.3826793130480868,0.0006818547543668,19,0,8,2019-09-01,2019
2019-09,-0.19323144829344854,-0.2508657946406966,-1.5465750090183907,2.737458972456844,-1.2151257476651496,-1.1737762292787488,-1.3826793130480868,0.0006818547543668,25,1,8,2019-09-01,2019
2019-09,-0.19245555721368993,-0.23698646181764568,-1.5465750090183907,2.737458972456844,-1.2151257476651496,-1.1737762292787488,-1.3826793130480868,0.0006818547543668,28,1,8,2019-09-01,2019
2019-09,-0.19332053808339994,-0.2517016974258581,-1.5465750090183907,2.737458972456844,-1.2151257476651496,-1.1737762292787488,-1.3826793130480868,0.0006818547543668,28,0,8,2019-09-01,2019
2019-09,-0.19333349659830198,-0.2517668396631278,-1.5465750090183907,2.737458972456844,-1.2151257476651496,-1.1737762292787488,-1.3826793130480868,0.0006818547543668,36,0,8,2019-09-01,2019
2019-09,-0.1931374990604089,-0.2514516263000569,-1.5465750090183907,2.737458972456844,-1.2151257476651496,-1.1737762292787488,-1.3826793130480868,0.0006818547543668,36,1,8,2019-09-01,2019
2019-09,-0.19330110031104691,-0.2516744318226375,-1.5465750090183907,2.737458972456844,-1.2151257476651496,-1.1737762292787488,-1.3826793130480868,0.0006818547543668,40,1,8,2019-09-01,2019
2019-09,-0.19326546439506637,-0.25153242601244336,-1.5465750090183907,2.737458972456844,-1.2151257476651496,-1.1737762292787488,-1.3826793130480868,0.0006818547543668,40,0,8,2019-09-01,2019
2019-09,-0.08937705042554914,0.08099917565515521,-1.5465750090183907,2.737458972456844,-1.2151257476651496,-1.1737762292787488,-1.3826793130480868,0.0006818547543668,44,1,8,2019-09-01,2019
2019-09,-0.18051752536020138,-0.2002863328870956,-1.5465750090183907,2.737458972456844,-1.2151257476651496,-1.1737762292787488,-1.3826793130480868,0.0006818547543668,44,0,8,2019-09-01,2019
2019-09,-0.1933286371552137,-0.2516554085999498,-1.5465750090183907,2.737458972456844,-1.2151257476651496,-1.1737762292787488,-1.3826793130480868,0.0006818547543668,45,0,8,2019-09-01,2019
2019-09,-0.19310834240187932,-0.24201211510369794,-1.5465750090183907,2.737458972456844,-1.2151257476651496,-1.1737762292787488,-1.3826793130480868,0.0006818547543668,45,1,8,2019-09-01,2019
2019-09,-0.1922287832029045,-0.24442843448665025,-1.5465750090183907,2.737458972456844,-1.2151257476651496,-1.1737762292787488,-1.3826793130480868,0.0006818547543668,47,1,8,2019-09-01,2019
2019-09,-0.19330272012540967,-0.24764810077560723,-1.5465750090183907,2.737458972456844,-1.2151257476651496,-1.1737762292787488,-1.3826793130480868,0.0006818547543668,50,1,8,2019-09-01,2019
2019-09,-0.1931812340482032,-0.251413971726973,-1.5465750090183907,2.737458972456844,-1.2151257476651496,-1.1737762292787488,-1.3826793130480868,0.0006818547543668,52,1,8,2019-09-01,2019
2019-09,-0.1253968624100844,-0.15305404831199398,-1.5465750090183907,2.737458972456844,-1.2151257476651496,-1.1737762292787488,-1.3826793130480868,0.0006818547543668,60,0,8,2019-09-01,2019
2019-09,-0.19332377771212544,-0.2516728425627883,-1.5465750090183907,2.737458972456844,-1.2151257476651496,-1.1737762292787488,-1.3826793130480868,0.0006818547543668,66,0,8,2019-09-01,2019
2019-09,-0.19148690822476372,-0.23749957939623575,-1.5465750090183907,2.737458972456844,-1.2151257476651496,-1.1737762292787488,-1.3826793130480868,0.0006818547543668,67,1,8,2019-09-01,2019
2019-09,-0.19327518328124288,-0.25150758130915746,-1.5465750090183907,2.737458972456844,-1.2151257476651496,-1.1737762292787488,-1.3826793130480868,0.0006818547543668,67,0,8,2019-09-01,2019
2019-09,-0.19331729845467444,-0.25175707768893096,-1.5465750090183907,2.737458972456844,-1.2151257476651496,-1.1737762292787488,-1.3826793130480868,0.0006818547543668,69,0,8,2019-09-01,2019
2019-09,-0.17589295535454197,0.025138181071512358,-1.5465750090183907,2.737458972456844,-1.2151257476651496,-1.1737762292787488,-1.3826793130480868,0.0006818547543668,72,1,8,2019-09-01,2019
2019-09,-0.19318609349129146,-0.2515654608466233,-1.5465750090183907,2.737458972456844,-1.2151257476651496,-1.1737762292787488,-1.3826793130480868,0.0006818547543668,74,0,8,2019-09-01,2019
2019-09,-0.18912521888387004,-0.2456447930172935,-1.5465750090183907,2.737458972456844,-1.2151257476651496,-1.1737762292787488,-1.3826793130480868,0.0006818547543668,74,1,8,2019-09-01,2019
2019-09,-0.1916634679903038,-0.2322721728379337,-1.5465750090183907,2.737458972456844,-1.2151257476651496,-1.1737762292787488,-1.3826793130480868,0.0006818547543668,76,1,8,2019-09-01,2019
2019-09,-0.19333025696957648,-0.25176090932911527,-1.5465750090183907,2.737458972456844,-1.2151257476651496,-1.1737762292787488,-1.3826793130480868,0.0006818547543668,76,0,8,2019-09-01,2019
2019-09,-0.19324440680835056,-0.2514738149800333,-1.5465750090183907,2.737458972456844,-1.2151257476651496,-1.1737762292787488,-1.3826793130480868,0.0006818547543668,78,1,8,2019-09-01,2019
2019-09,-0.17209449067388652,-0.20570131129482896,-1.5465750090183907,2.737458972456844,-1.2151257476651496,-1.1737762292787488,-1.3826793130480868,0.0006818547543668,79,0,8,2019-09-01,2019
2019-09,-0.07224913335380044,-0.10095018157347818,-1.5465750090183907,2.737458972456844,-1.2151257476651496,-1.1737762292787488,-1.3826793130480868,0.0006818547543668,79,1,8,2019-09-01,2019
2019-09,-0.1923356909508462,-0.2514702663587262,-1.5465750090183907,2.737458972456844,-1.2151257476651496,-1.1737762292787488,-1.3826793130480868,0.0006818547543668,80,0,8,2019-09-01,2019
2019-09,-0.05729338734250331,-0.22452661670464494,-1.5465750090183907,2.737458972456844,-1.2151257476651496,-1.1737762292787488,-1.3826793130480868,0.0006818547543668,80,1,8,2019-09-01,2019
2019-09,-0.18315296332840028,-0.23347178971345348,-1.5465750090183907,2.737458972456844,-1.2151257476651496,-1.1737762292787488,-1.3826793130480868,0.0006818547543668,81,1,8,2019-09-01,2019
2019-09,-0.18945566101387162,-0.24961854786520396,-1.5465750090183907,2.737458972456844,-1.2151257476651496,-1.1737762292787488,-1.3826793130480868,0.0006818547543668,81,0,8,2019-09-01,2019
2019-09,-0.19301439316883967,-0.2502973969441748,-1.5465750090183907,2.737458972456844,-1.2151257476651496,-1.1737762292787488,-1.3826793130480868,0.0006818547543668,85,1,8,2019-09-01,2019
2019-09,-0.1881760076672969,-0.2421378625679282,-1.5465750090183907,2.737458972456844,-1.2151257476651496,-1.1737762292787488,-1.3826793130480868,0.0006818547543668,87,1,8,2019-09-01,2019
2019-09,-0.12297038049468063,-0.16484200225626766,-1.5465750090183907,2.737458972456844,-1.2151257476651496,-1.1737762292787488,-1.3826793130480868,0.0006818547543668,87,0,8,2019-09-01,2019
2019-09,1.2195884568575832,0.4765977329565946,-1.5465750090183907,2.737458972456844,-1.2151257476651496,-1.1737762292787488,-1.3826793130480868,0.0006818547543668,88,0,8,2019-09-01,2019
2019-09,8.671081165794352,6.225720553731445,-1.5465750090183907,2.737458972456844,-1.2151257476651496,-1.1737762292787488,-1.3826793130480868,0.0006818547543668,88,1,8,2019-09-01,2019
2019-09,-0.18426415598124873,-0.1630281168554288,-1.5465750090183907,2.737458972456844,-1.2151257476651496,-1.1737762292787488,-1.3826793130480868,0.0006818547543668,89,1,8,2019-09-01,2019
2019-09,0.2375646607381247,0.37814058167193887,-1.5465750090183907,2.737458972456844,-1.2151257476651496,-1.1737762292787488,-1.3826793130480868,0.0006818547543668,89,0,8,2019-09-01,2019
2019-09,0.04375225242038264,1.3612026285761631,-1.5465750090183907,2.737458972456844,-1.2151257476651496,-1.1737762292787488,-1.3826793130480868,0.0006818547543668,92,0,8,2019-09-01,2019
2019-09,-0.1932427869939878,-0.250983717721505,-1.5465750090183907,2.737458972456844,-1.2151257476651496,-1.1737762292787488,-1.3826793130480868,0.0006818547543668,92,1,8,2019-09-01,2019
2019-09,-0.19333025696957648,-0.25175667275422964,-1.5465750090183907,2.737458972456844,-1.2151257476651496,-1.1737762292787488,-1.3826793130480868,0.0006818547543668,94,1,8,2019-09-01,2019
2019-09,-0.19321525014982102,-0.23191625700617777,-1.5465750090183907,2.737458972456844,-1.2151257476651496,-1.1737762292787488,-1.3826793130480868,0.0006818547543668,97,1,8,2019-09-01,2019
2019-09,0.021897717038121094,0.8855030018720871,-1.5465750090183907,2.737458972456844,-1.2151257476651496,-1.1737762292787488,-1.3826793130480868,0.0006818547543668,99,1,8,2019-09-01,2019
2019-09,-0.18822136246945395,-0.2451380063532807,-1.5465750090183907,2.737458972456844,-1.2151257476651496,-1.1737762292787488,-1.3826793130480868,0.0006818547543668,99,0,8,2019-09-01,2019
2019-09,-0.18023567766108237,-0.23102863143266478,-1.5465750090183907,2.737458972456844,-1.2151257476651496,-1.1737762292787488,-1.3826793130480868,0.0006818547543668,100,1,8,2019-09-01,2019
2019-09,-0.19321039070673277,-0.25159099350348774,-1.5465750090183907,2.737458972456844,-1.2151257476651496,-1.1737762292787488,-1.3826793130480868,0.0006818547543668,100,0,8,2019-09-01,2019
2019-09,-0.15718409946474649,-0.2365298565776375,-1.5465750090183907,2.737458972456844,-1.2151257476651496,-1.1737762292787488,-1.3826793130480868,0.0006818547543668,101,0,8,2019-09-01,2019
2019-09,0.6983014184508217,0.22588081032719362,-1.5465750090183907,2.737458972456844,-1.2151257476651496,-1.1737762292787488,-1.3826793130480868,0.0006818547543668,101,1,8,2019-09-01,2019
2019-10,-0.19082926359348606,-0.2282080914268149,-1.863421281231033,-0.8883691392116451,-1.1331668025106671,-1.1362131701293705,-1.271376064407479,0.0007587598595354,3,1,8,2019-10-01,2019
2019-10,-0.19323468792217405,-0.251634804825686,-1.863421281231033,-0.8883691392116451,-1.1331668025106671,-1.1362131701293705,-1.271376064407479,0.0007587598595354,3,0,8,2019-10-01,2019
2019-10,-0.18830073337322883,-0.13787105652000978,-1.863421281231033,-0.8883691392116451,-1.1331668025106671,-1.1362131701293705,-1.271376064407479,0.0007587598595354,4,0,8,2019-10-01,2019
2019-10,-0.07011259820932941,0.817167858836801,-1.863421281231033,-0.8883691392116451,-1.1331668025106671,-1.1362131701293705,-1.271376064407479,0.0007587598595354,4,1,8,2019-10-01,2019
2019-10,-0.19299657521084937,-0.21725473838086737,-1.863421281231033,-0.8883691392116451,-1.1331668025106671,-1.1362131701293705,-1.271376064407479,0.0007587598595354,6,1,8,2019-10-01,2019
2019-10,-0.19280381730168178,-0.24181980595367514,-1.863421281231033,-0.8883691392116451,-1.1331668025106671,-1.1362131701293705,-1.271376064407479,0.0007587598595354,6,0,8,2019-10-01,2019
2019-10,-0.18611560379787526,-0.01110434116761773,-1.863421281231033,-0.8883691392116451,-1.1331668025106671,-1.1362131701293705,-1.271376064407479,0.0007587598595354,9,1,8,2019-10-01,2019
2019-10,-0.19296255910923157,-0.2503644245225807,-1.863421281231033,-0.8883691392116451,-1.1331668025106671,-1.1362131701293705,-1.271376064407479,0.0007587598595354,9,0,8,2019-10-01,2019
2019-10,-0.19332701734085095,-0.2517405101992704,-1.863421281231033,-0.8883691392116451,-1.1331668025106671,-1.1362131701293705,-1.271376064407479,0.0007587598595354,10,1,8,2019-10-01,2019
2019-10,-0.0825754499163499,-0.058653994403393896,-1.863421281231033,-0.8883691392116451,-1.1331668025106671,-1.1362131701293705,-1.271376064407479,0.0007587598595354,10,0,8,2019-10-01,2019
2019-10,-0.19236322779501303,-0.2498985362633987,-1.863421281231033,-0.8883691392116451,-1.1331668025106671,-1.1362131701293705,-1.271376064407479,0.0007587598595354,12,0,8,2019-10-01,2019
2019-10,-0.15232951581957616,-0.17542212306930816,-1.863421281231033,-0.8883691392116451,-1.1331668025106671,-1.1362131701293705,-1.271376064407479,0.0007587598595354,12,1,8,2019-10-01,2019
2019-10,-0.19318609349129146,-0.24855587293904383,-1.863421281231033,-0.8883691392116451,-1.1331668025106671,-1.1362131701293705,-1.271376064407479,0.0007587598595354,13,1,8,2019-10-01,2019
2019-10,-0.19323144829344854,-0.25090453774792376,-1.863421281231033,-0.8883691392116451,-1.1331668025106671,-1.1362131701293705,-1.271376064407479,0.0007587598595354,14,1,8,2019-10-01,2019
2019-10,-0.19329948049668416,-0.2517458440165724,-1.863421281231033,-0.8883691392116451,-1.1331668025106671,-1.1362131701293705,-1.271376064407479,0.0007587598595354,18,0,8,2019-10-01,2019
2019-10,-0.19203278566501142,-0.24979999344447695,-1.863421281231033,-0.8883691392116451,-1.1331668025106671,-1.1362131701293705,-1.271376064407479,0.0007587598595354,18,1,8,2019-10-01,2019
2019-10,-0.1926142990212397,-0.2512389354367356,-1.863421281231033,-0.8883691392116451,-1.1331668025106671,-1.1362131701293705,-1.271376064407479,0.0007587598595354,19,0,8,2019-10-01,2019
2019-10,-0.19327680309560563,-0.2517298643353493,-1.863421281231033,-0.8883691392116451,-1.1331668025106671,-1.1362131701293705,-1.271376064407479,0.0007587598595354,19,1,8,2019-10-01,2019
2019-10,-0.19323144829344854,-0.2509340544397526,-1.863421281231033,-0.8883691392116451,-1.1331668025106671,-1.1362131701293705,-1.271376064407479,0.0007587598595354,25,1,8,2019-10-01,2019
2019-10,-0.19244097888442516,-0.2392981077573814,-1.863421281231033,-0.8883691392116451,-1.1331668025106671,-1.1362131701293705,-1.271376064407479,0.0007587598595354,28,1,8,2019-10-01,2019
2019-10,-0.19332701734085095,-0.25171092384125643,-1.863421281231033,-0.8883691392116451,-1.1331668025106671,-1.1362131701293705,-1.271376064407479,0.0007587598595354,28,0,8,2019-10-01,2019
2019-10,-0.19333349659830198,-0.25176320395908924,-1.863421281231033,-0.8883691392116451,-1.1331668025106671,-1.1362131701293705,-1.271376064407479,0.0007587598595354,36,0,8,2019-10-01,2019
2019-10,-0.19305002908482022,-0.2514553621492366,-1.863421281231033,-0.8883691392116451,-1.1331668025106671,-1.1362131701293705,-1.271376064407479,0.0007587598595354,36,1,8,2019-10-01,2019
2019-10,-0.19331405882594893,-0.2516723940867213,-1.863421281231033,-0.8883691392116451,-1.1331668025106671,-1.1362131701293705,-1.271376064407479,0.0007587598595354,40,1,8,2019-10-01,2019
2019-10,-0.19328328235305664,-0.25159121556445296,-1.863421281231033,-0.8883691392116451,-1.1331668025106671,-1.1362131701293705,-1.271376064407479,0.0007587598595354,40,0,8,2019-10-01,2019
2019-10,-0.07890495057035192,0.14788605884591638,-1.863421281231033,-0.8883691392116451,-1.1331668025106671,-1.1362131701293705,-1.271376064407479,0.0007587598595354,44,1,8,2019-10-01,2019
2019-10,-0.17498261968267487,-0.17793764274580473,-1.863421281231033,-0.8883691392116451,-1.1331668025106671,-1.1362131701293705,-1.271376064407479,0.0007587598595354,44,0,8,2019-10-01,2019
2019-10,-0.19300791391138866,-0.23574945597137295,-1.863421281231033,-0.8883691392116451,-1.1331668025106671,-1.1362131701293705,-1.271376064407479,0.0007587598595354,45,1,8,2019-10-01,2019
2019-10,-0.19333349659830198,-0.25176426201427654,-1.863421281231033,-0.8883691392116451,-1.1331668025106671,-1.1362131701293705,-1.271376064407479,0.0007587598595354,45,0,8,2019-10-01,2019
2019-10,-0.19218990765819846,-0.2435097900441907,-1.863421281231033,-0.8883691392116451,-1.1331668025106671,-1.1362131701293705,-1.271376064407479,0.0007587598595354,47,1,8,2019-10-01,2019
2019-10,-0.19333511641266474,-0.25176839844402094,-1.863421281231033,-0.8883691392116451,-1.1331668025106671,-1.1362131701293705,-1.271376064407479,0.0007587598595354,47,0,8,2019-10-01,2019
2019-10,-0.19327518328124288,-0.24649728070866184,-1.863421281231033,-0.8883691392116451,-1.1331668025106671,-1.1362131701293705,-1.271376064407479,0.0007587598595354,50,1,8,2019-10-01,2019
2019-10,-0.19333511641266474,-0.25176143182550403,-1.863421281231033,-0.8883691392116451,-1.1331668025106671,-1.1362131701293705,-1.271376064407479,0.0007587598595354,50,0,8,2019-10-01,2019
2019-10,-0.19330110031104691,-0.251695466656422,-1.863421281231033,-0.8883691392116451,-1.1331668025106671,-1.1362131701293705,-1.271376064407479,0.0007587598595354,52,0,8,2019-10-01,2019
2019-10,-0.19313911887477164,-0.25137323877933193,-1.863421281231033,-0.8883691392116451,-1.1331668025106671,-1.1362131701293705,-1.271376064407479,0.0007587598595354,52,1,8,2019-10-01,2019
2019-10,-0.1242014394103728,-0.15674614712740223,-1.863421281231033,-0.8883691392116451,-1.1331668025106671,-1.1362131701293705,-1.271376064407479,0.0007587598595354,60,0,8,2019-10-01,2019
2019-10,-0.1933253975264882,-0.2516692416918424,-1.863421281231033,-0.8883691392116451,-1.1331668025106671,-1.1362131701293705,-1.271376064407479,0.0007587598595354,66,0,8,2019-10-01,2019
2019-10,-0.1916521292897645,-0.23857586099918673,-1.863421281231033,-0.8883691392116451,-1.1331668025106671,-1.1362131701293705,-1.271376064407479,0.0007587598595354,67,1,8,2019-10-01,2019
2019-10,-0.19327194365251738,-0.25140864661794415,-1.863421281231033,-0.8883691392116451,-1.1331668025106671,-1.1362131701293705,-1.271376064407479,0.0007587598595354,67,0,8,2019-10-01,2019
2019-10,-0.19331729845467444,-0.25175707768893096,-1.863421281231033,-0.8883691392116451,-1.1331668025106671,-1.1362131701293705,-1.271376064407479,0.0007587598595354,69,0,8,2019-10-01,2019
2019-10,-0.17335470624810823,0.04898729361347359,-1.863421281231033,-0.8883691392116451,-1.1331668025106671,-1.1362131701293705,-1.271376064407479,0.0007587598595354,72,1,8,2019-10-01,2019
2019-10,-0.18854856497073003,-0.2451182472815121,-1.863421281231033,-0.8883691392116451,-1.1331668025106671,-1.1362131701293705,-1.271376064407479,0.0007587598595354,74,1,8,2019-10-01,2019
2019-10,-0.1931293999885951,-0.25141058420871915,-1.863421281231033,-0.8883691392116451,-1.1331668025106671,-1.1362131701293705,-1.271376064407479,0.0007587598595354,74,0,8,2019-10-01,2019
2019-10,-0.1933286371552137,-0.25175958131746046,-1.863421281231033,-0.8883691392116451,-1.1331668025106671,-1.1362131701293705,-1.271376064407479,0.0007587598595354,76,0,8,2019-10-01,2019
2019-10,-0.19124879551343904,-0.23115922940503744,-1.863421281231033,-0.8883691392116451,-1.1331668025106671,-1.1362131701293705,-1.271376064407479,0.0007587598595354,76,1,8,2019-10-01,2019
2019-10,-0.19326708420942912,-0.25160441730654254,-1.863421281231033,-0.8883691392116451,-1.1331668025106671,-1.1362131701293705,-1.271376064407479,0.0007587598595354,78,1,8,2019-10-01,2019
2019-10,-0.02999303607266667,-0.07552633893609056,-1.863421281231033,-0.8883691392116451,-1.1331668025106671,-1.1362131701293705,-1.271376064407479,0.0007587598595354,79,1,8,2019-10-01,2019
2019-10,-0.17134127699520643,-0.20631347677218323,-1.863421281231033,-0.8883691392116451,-1.1331668025106671,-1.1362131701293705,-1.271376064407479,0.0007587598595354,79,0,8,2019-10-01,2019
2019-10,-0.19178171443878472,-0.25134253340821866,-1.863421281231033,-0.8883691392116451,-1.1331668025106671,-1.1362131701293705,-1.271376064407479,0.0007587598595354,80,0,8,2019-10-01,2019
2019-10,-0.03570288170137049,-0.21113851756976784,-1.863421281231033,-0.8883691392116451,-1.1331668025106671,-1.1362131701293705,-1.271376064407479,0.0007587598595354,80,1,8,2019-10-01,2019
2019-10,-0.18259250755888778,-0.23519046320984902,-1.863421281231033,-0.8883691392116451,-1.1331668025106671,-1.1362131701293705,-1.271376064407479,0.0007587598595354,81,1,8,2019-10-01,2019
2019-10,-0.18952531303147,-0.24965198763408514,-1.863421281231033,-0.8883691392116451,-1.1331668025106671,-1.1362131701293705,-1.271376064407479,0.0007587598595354,81,0,8,2019-10-01,2019
2019-10,-0.19287670894800565,-0.24923476991351695,-1.863421281231033,-0.8883691392116451,-1.1331668025106671,-1.1362131701293705,-1.271376064407479,0.0007587598595354,85,1,8,2019-10-01,2019
2019-10,-0.18774513704680462,-0.24210399173952632,-1.863421281231033,-0.8883691392116451,-1.1331668025106671,-1.1362131701293705,-1.271376064407479,0.0007587598595354,87,1,8,2019-10-01,2019
2019-10,-0.12538876333827065,-0.1878601757287607,-1.863421281231033,-0.8883691392116451,-1.1331668025106671,-1.1362131701293705,-1.271376064407479,0.0007587598595354,87,0,8,2019-10-01,2019
2019-10,1.3385832595741336,0.5318207159081854,-1.863421281231033,-0.8883691392116451,-1.1331668025106671,-1.1362131701293705,-1.271376064407479,0.0007587598595354,88,0,8,2019-10-01,2019
2019-10,9.029401920793275,6.465000430991269,-1.863421281231033,-0.8883691392116451,-1.1331668025106671,-1.1362131701293705,-1.271376064407479,0.0007587598595354,88,1,8,2019-10-01,2019
2019-10,0.32270372345877757,0.48866935019033064,-1.863421281231033,-0.8883691392116451,-1.1331668025106671,-1.1362131701293705,-1.271376064407479,0.0007587598595354,89,0,8,2019-10-01,2019
2019-10,-0.183705320026099,-0.16136899488494316,-1.863421281231033,-0.8883691392116451,-1.1331668025106671,-1.1362131701293705,-1.271376064407479,0.0007587598595354,89,1,8,2019-10-01,2019
2019-10,-0.19325736532325258,-0.2516085276114675,-1.863421281231033,-0.8883691392116451,-1.1331668025106671,-1.1362131701293705,-1.271376064407479,0.0007587598595354,92,1,8,2019-10-01,2019
2019-10,0.051737937228754215,1.4033731466564754,-1.863421281231033,-0.8883691392116451,-1.1331668025106671,-1.1362131701293705,-1.271376064407479,0.0007587598595354,92,0,8,2019-10-01,2019
2019-10,-0.19321201052109552,-0.2313060770151008,-1.863421281231033,-0.8883691392116451,-1.1331668025106671,-1.1362131701293705,-1.271376064407479,0.0007587598595354,97,1,8,2019-10-01,2019
2019-10,-0.18755075932327428,-0.24581441711577062,-1.863421281231033,-0.8883691392116451,-1.1331668025106671,-1.1362131701293705,-1.271376064407479,0.0007587598595354,99,0,8,2019-10-01,2019
2019-10,0.02953838138722632,1.2658249926324503,-1.863421281231033,-0.8883691392116451,-1.1331668025106671,-1.1362131701293705,-1.271376064407479,0.0007587598595354,99,1,8,2019-10-01,2019
2019-10,-0.1931812340482032,-0.2515254158525607,-1.863421281231033,-0.8883691392116451,-1.1331668025106671,-1.1362131701293705,-1.271376064407479,0.0007587598595354,100,0,8,2019-10-01,2019
2019-10,-0.17828866079705344,-0.23071403635698728,-1.863421281231033,-0.8883691392116451,-1.1331668025106671,-1.1362131701293705,-1.271376064407479,0.0007587598595354,100,1,8,2019-10-01,2019
2019-10,-0.153661003225759,-0.23609117296376408,-1.863421281231033,-0.8883691392116451,-1.1331668025106671,-1.1362131701293705,-1.271376064407479,0.0007587598595354,101,0,8,2019-10-01,2019
2019-10,0.7436303035780977,0.23587091950976366,-1.863421281231033,-0.8883691392116451,-1.1331668025106671,-1.1362131701293705,-1.271376064407479,0.0007587598595354,101,1,8,2019-10-01,2019
2019-11,-0.19052311867892577,-0.22955389843777552,-1.863421281231033,-0.8883691392116451,-1.265790767928813,-1.190774106456739,-1.299379866837312,0.0007948919229727,3,1,8,2019-11-01,2019
2019-11,-0.19321686996418377,-0.251607931094757,-1.863421281231033,-0.8883691392116451,-1.265790767928813,-1.190774106456739,-1.299379866837312,0.0007948919229727,3,0,8,2019-11-01,2019
2019-11,-0.18540126566390122,-0.11070679147404415,-1.863421281231033,-0.8883691392116451,-1.265790767928813,-1.190774106456739,-1.299379866837312,0.0007948919229727,4,0,8,2019-11-01,2019
2019-11,-0.05187510829909501,0.9023943913981544,-1.863421281231033,-0.8883691392116451,-1.265790767928813,-1.190774106456739,-1.299379866837312,0.0007948919229727,4,1,8,2019-11-01,2019
2019-11,-0.19301763279756518,-0.2187680011302917,-1.863421281231033,-0.8883691392116451,-1.265790767928813,-1.190774106456739,-1.299379866837312,0.0007948919229727,6,1,8,2019-11-01,2019
2019-11,-0.192776280457515,-0.23880023836507022,-1.863421281231033,-0.8883691392116451,-1.265790767928813,-1.190774106456739,-1.299379866837312,0.0007948919229727,6,0,8,2019-11-01,2019
2019-11,-0.19333349659830198,-0.2460077146547955,-1.863421281231033,-0.8883691392116451,-1.265790767928813,-1.190774106456739,-1.299379866837312,0.0007948919229727,8,1,8,2019-11-01,2019
2019-11,-0.1857900211109619,0.06677611422861641,-1.863421281231033,-0.8883691392116451,-1.265790767928813,-1.190774106456739,-1.299379866837312,0.0007948919229727,9,1,8,2019-11-01,2019
2019-11,-0.19302897149810444,-0.25079783527706406,-1.863421281231033,-0.8883691392116451,-1.265790767928813,-1.190774106456739,-1.299379866837312,0.0007948919229727,9,0,8,2019-11-01,2019
2019-11,-0.1932913814248704,-0.2516898715909256,-1.863421281231033,-0.8883691392116451,-1.265790767928813,-1.190774106456739,-1.299379866837312,0.0007948919229727,10,1,8,2019-11-01,2019
2019-11,-0.07953505835746279,-0.05014870239601636,-1.863421281231033,-0.8883691392116451,-1.265790767928813,-1.190774106456739,-1.299379866837312,0.0007948919229727,10,0,8,2019-11-01,2019
2019-11,-0.19230491447795392,-0.25026044338707915,-1.863421281231033,-0.8883691392116451,-1.265790767928813,-1.190774106456739,-1.299379866837312,0.0007948919229727,12,0,8,2019-11-01,2019
2019-11,-0.1529742019359518,-0.171659356617319,-1.863421281231033,-0.8883691392116451,-1.265790767928813,-1.190774106456739,-1.299379866837312,0.0007948919229727,12,1,8,2019-11-01,2019
2019-11,-0.1932330681078113,-0.24994645353638534,-1.863421281231033,-0.8883691392116451,-1.265790767928813,-1.190774106456739,-1.299379866837312,0.0007948919229727,13,1,8,2019-11-01,2019
2019-11,-0.1918659447856479,-0.24850337076024573,-1.863421281231033,-0.8883691392116451,-1.265790767928813,-1.190774106456739,-1.299379866837312,0.0007948919229727,18,1,8,2019-11-01,2019
2019-11,-0.19330919938286067,-0.2517505072968422,-1.863421281231033,-0.8883691392116451,-1.265790767928813,-1.190774106456739,-1.299379866837312,0.0007948919229727,18,0,8,2019-11-01,2019
2019-11,-0.19327680309560563,-0.25173059147615695,-1.863421281231033,-0.8883691392116451,-1.265790767928813,-1.190774106456739,-1.299379866837312,0.0007948919229727,19,1,8,2019-11-01,2019
2019-11,-0.19268881048192635,-0.2513410442935106,-1.863421281231033,-0.8883691392116451,-1.265790767928813,-1.190774106456739,-1.299379866837312,0.0007948919229727,19,0,8,2019-11-01,2019
2019-11,-0.19326708420942912,-0.25087870030149917,-1.863421281231033,-0.8883691392116451,-1.265790767928813,-1.190774106456739,-1.299379866837312,0.0007948919229727,25,1,8,2019-11-01,2019
2019-11,-0.1924296401838859,-0.23953398439795434,-1.863421281231033,-0.8883691392116451,-1.265790767928813,-1.190774106456739,-1.299379866837312,0.0007948919229727,28,1,8,2019-11-01,2019
2019-11,-0.19327842290996838,-0.251520517448916,-1.863421281231033,-0.8883691392116451,-1.265790767928813,-1.190774106456739,-1.299379866837312,0.0007948919229727,28,0,8,2019-11-01,2019
2019-11,-0.19316017646148742,-0.25145062049450856,-1.863421281231033,-0.8883691392116451,-1.265790767928813,-1.190774106456739,-1.299379866837312,0.0007948919229727,29,1,8,2019-11-01,2019
2019-11,-0.19333511641266474,-0.2517657859620771,-1.863421281231033,-0.8883691392116451,-1.265790767928813,-1.190774106456739,-1.299379866837312,0.0007948919229727,29,0,8,2019-11-01,2019
2019-11,-0.19330757956849792,-0.2516344956819893,-1.863421281231033,-0.8883691392116451,-1.265790767928813,-1.190774106456739,-1.299379866837312,0.0007948919229727,40,1,8,2019-11-01,2019
2019-11,-0.19326546439506637,-0.25154732586779643,-1.863421281231033,-0.8883691392116451,-1.265790767928813,-1.190774106456739,-1.299379866837312,0.0007948919229727,40,0,8,2019-11-01,2019
2019-11,-0.17759052080670695,-0.1842558954938947,-1.863421281231033,-0.8883691392116451,-1.265790767928813,-1.190774106456739,-1.299379866837312,0.0007948919229727,44,0,8,2019-11-01,2019
2019-11,-0.1025105052787493,0.14410850139198847,-1.863421281231033,-0.8883691392116451,-1.265790767928813,-1.190774106456739,-1.299379866837312,0.0007948919229727,44,1,8,2019-11-01,2019
2019-11,-0.19300467428266313,-0.2378344560400706,-1.863421281231033,-0.8883691392116451,-1.265790767928813,-1.190774106456739,-1.299379866837312,0.0007948919229727,45,1,8,2019-11-01,2019
2019-11,-0.19333187678393923,-0.25172398625097564,-1.863421281231033,-0.8883691392116451,-1.265790767928813,-1.190774106456739,-1.299379866837312,0.0007948919229727,45,0,8,2019-11-01,2019
2019-11,-0.19171206242118635,-0.2423249206292439,-1.863421281231033,-0.8883691392116451,-1.265790767928813,-1.190774106456739,-1.299379866837312,0.0007948919229727,47,1,8,2019-11-01,2019
2019-11,-0.19333511641266474,-0.2517662213757344,-1.863421281231033,-0.8883691392116451,-1.265790767928813,-1.190774106456739,-1.299379866837312,0.0007948919229727,47,0,8,2019-11-01,2019
2019-11,-0.1933221578977627,-0.2501118671847963,-1.863421281231033,-0.8883691392116451,-1.265790767928813,-1.190774106456739,-1.299379866837312,0.0007948919229727,50,1,8,2019-11-01,2019
2019-11,-0.19311320184496758,-0.2512910283266958,-1.863421281231033,-0.8883691392116451,-1.265790767928813,-1.190774106456739,-1.299379866837312,0.0007948919229727,52,1,8,2019-11-01,2019
2019-11,-0.19324926625143882,-0.2516050312397993,-1.863421281231033,-0.8883691392116451,-1.265790767928813,-1.190774106456739,-1.299379866837312,0.0007948919229727,52,0,8,2019-11-01,2019
2019-11,-0.12496275216086665,-0.15340217894755726,-1.863421281231033,-0.8883691392116451,-1.265790767928813,-1.190774106456739,-1.299379866837312,0.0007948919229727,60,0,8,2019-11-01,2019
2019-11,-0.19333511641266474,-0.2517592547572175,-1.863421281231033,-0.8883691392116451,-1.265790767928813,-1.190774106456739,-1.299379866837312,0.0007948919229727,66,0,8,2019-11-01,2019
2019-11,-0.19152092432638151,-0.24091536470471694,-1.863421281231033,-0.8883691392116451,-1.265790767928813,-1.190774106456739,-1.299379866837312,0.0007948919229727,67,1,8,2019-11-01,2019
2019-11,-0.1932978606823214,-0.2516014521395363,-1.863421281231033,-0.8883691392116451,-1.265790767928813,-1.190774106456739,-1.299379866837312,0.0007948919229727,67,0,8,2019-11-01,2019
2019-11,-0.19331729845467444,-0.25175707768893096,-1.863421281231033,-0.8883691392116451,-1.265790767928813,-1.190774106456739,-1.299379866837312,0.0007948919229727,69,0,8,2019-11-01,2019
2019-11,-0.17601768106047394,0.0379135922326464,-1.863421281231033,-0.8883691392116451,-1.265790767928813,-1.190774106456739,-1.299379866837312,0.0007948919229727,72,1,8,2019-11-01,2019
2019-11,-0.1931504575753109,-0.2513762170087479,-1.863421281231033,-0.8883691392116451,-1.265790767928813,-1.190774106456739,-1.299379866837312,0.0007948919229727,74,0,8,2019-11-01,2019
2019-11,-0.18918029257220365,-0.24483603391952855,-1.863421281231033,-0.8883691392116451,-1.265790767928813,-1.190774106456739,-1.299379866837312,0.0007948919229727,74,1,8,2019-11-01,2019
2019-11,-0.1917169218642746,-0.23524226001852225,-1.863421281231033,-0.8883691392116451,-1.265790767928813,-1.190774106456739,-1.299379866837312,0.0007948919229727,76,1,8,2019-11-01,2019
2019-11,-0.19333187678393923,-0.25171962776026596,-1.863421281231033,-0.8883691392116451,-1.265790767928813,-1.190774106456739,-1.299379866837312,0.0007948919229727,76,0,8,2019-11-01,2019
2019-11,-0.19328004272433114,-0.25165442456508424,-1.863421281231033,-0.8883691392116451,-1.265790767928813,-1.190774106456739,-1.299379866837312,0.0007948919229727,78,1,8,2019-11-01,2019
2019-11,-0.17130078163613763,-0.20604927647320248,-1.863421281231033,-0.8883691392116451,-1.265790767928813,-1.190774106456739,-1.299379866837312,0.0007948919229727,79,0,8,2019-11-01,2019
2019-11,-0.03263009385522832,-0.08077613446465134,-1.863421281231033,-0.8883691392116451,-1.265790767928813,-1.190774106456739,-1.299379866837312,0.0007948919229727,79,1,8,2019-11-01,2019
2019-11,-0.19172340112172565,-0.251392370855434,-1.863421281231033,-0.8883691392116451,-1.265790767928813,-1.190774106456739,-1.299379866837312,0.0007948919229727,80,0,8,2019-11-01,2019
2019-11,-0.026737209203533424,-0.22159767176053533,-1.863421281231033,-0.8883691392116451,-1.265790767928813,-1.190774106456739,-1.299379866837312,0.0007948919229727,80,1,8,2019-11-01,2019
2019-11,-0.18998048086740357,-0.24990148401385867,-1.863421281231033,-0.8883691392116451,-1.265790767928813,-1.190774106456739,-1.299379866837312,0.0007948919229727,81,0,8,2019-11-01,2019
2019-11,-0.1839628705097767,-0.2365109726873201,-1.863421281231033,-0.8883691392116451,-1.265790767928813,-1.190774106456739,-1.299379866837312,0.0007948919229727,81,1,8,2019-11-01,2019
2019-11,-0.19294312133687852,-0.24997893539522043,-1.863421281231033,-0.8883691392116451,-1.265790767928813,-1.190774106456739,-1.299379866837312,0.0007948919229727,85,1,8,2019-11-01,2019
2019-11,-0.18839468260626852,-0.24222155342699922,-1.863421281231033,-0.8883691392116451,-1.265790767928813,-1.190774106456739,-1.299379866837312,0.0007948919229727,87,1,8,2019-11-01,2019
2019-11,-0.12239210676717786,-0.1678089718750699,-1.863421281231033,-0.8883691392116451,-1.265790767928813,-1.190774106456739,-1.299379866837312,0.0007948919229727,87,0,8,2019-11-01,2019
2019-11,8.283124287214504,6.258612463378319,-1.863421281231033,-0.8883691392116451,-1.265790767928813,-1.190774106456739,-1.299379866837312,0.0007948919229727,88,1,8,2019-11-01,2019
2019-11,1.215048117198787,0.4802807142100188,-1.863421281231033,-0.8883691392116451,-1.265790767928813,-1.190774106456739,-1.299379866837312,0.0007948919229727,88,0,8,2019-11-01,2019
2019-11,0.17807211882293775,0.3031708056168903,-1.863421281231033,-0.8883691392116451,-1.265790767928813,-1.190774106456739,-1.299379866837312,0.0007948919229727,89,0,8,2019-11-01,2019
2019-11,-0.18378631074423663,-0.15494263327988042,-1.863421281231033,-0.8883691392116451,-1.265790767928813,-1.190774106456739,-1.299379866837312,0.0007948919229727,89,1,8,2019-11-01,2019
2019-11,-0.1932913814248704,-0.2517341967012395,-1.863421281231033,-0.8883691392116451,-1.265790767928813,-1.190774106456739,-1.299379866837312,0.0007948919229727,92,1,8,2019-11-01,2019
2019-11,0.0463990290891208,1.351391487469156,-1.863421281231033,-0.8883691392116451,-1.265790767928813,-1.190774106456739,-1.299379866837312,0.0007948919229727,92,0,8,2019-11-01,2019
2019-11,-0.19332053808339994,-0.2514751647623709,-1.863421281231033,-0.8883691392116451,-1.265790767928813,-1.190774106456739,-1.299379866837312,0.0007948919229727,94,1,8,2019-11-01,2019
2019-11,-0.19325088606580157,-0.24841288309398418,-1.863421281231033,-0.8883691392116451,-1.265790767928813,-1.190774106456739,-1.299379866837312,0.0007948919229727,97,1,8,2019-11-01,2019
2019-11,-0.18765118781376494,-0.24503487427441095,-1.863421281231033,-0.8883691392116451,-1.265790767928813,-1.190774106456739,-1.299379866837312,0.0007948919229727,99,0,8,2019-11-01,2019
2019-11,0.01859653536683077,0.8346161250140176,-1.863421281231033,-0.8883691392116451,-1.265790767928813,-1.190774106456739,-1.299379866837312,0.0007948919229727,99,1,8,2019-11-01,2019
2019-11,-0.180310189121769,-0.2336568013305798,-1.863421281231033,-0.8883691392116451,-1.265790767928813,-1.190774106456739,-1.299379866837312,0.0007948919229727,100,1,8,2019-11-01,2019
2019-11,-0.19318285386256595,-0.25154174821884634,-1.863421281231033,-0.8883691392116451,-1.265790767928813,-1.190774106456739,-1.299379866837312,0.0007948919229727,100,0,8,2019-11-01,2019
2019-11,-0.1541015927324278,-0.2354576199675629,-1.863421281231033,-0.8883691392116451,-1.265790767928813,-1.190774106456739,-1.299379866837312,0.0007948919229727,101,0,8,2019-11-01,2019
2019-11,0.672253183683393,0.21288520177128628,-1.863421281231033,-0.8883691392116451,-1.265790767928813,-1.190774106456739,-1.299379866837312,0.0007948919229727,101,1,8,2019-11-01,2019
2019-12,-0.1932265888503603,-0.2515978425603172,-1.863421281231033,-0.8883691392116451,-1.2164880620902598,-1.1829079862445737,-1.3153989911086148,0.0007530213269331,3,0,8,2019-12-01,2019
2019-12,-0.18932121642176314,-0.2188329692020985,-1.863421281231033,-0.8883691392116451,-1.2164880620902598,-1.1829079862445737,-1.3153989911086148,0.0007530213269331,3,1,8,2019-12-01,2019
2019-12,-0.04601300012029242,0.9659652033620942,-1.863421281231033,-0.8883691392116451,-1.2164880620902598,-1.1829079862445737,-1.3153989911086148,0.0007530213269331,4,1,8,2019-12-01,2019
2019-12,-0.19154684135618558,-0.23838997420060923,-1.863421281231033,-0.8883691392116451,-1.2164880620902598,-1.1829079862445737,-1.3153989911086148,0.0007530213269331,4,0,8,2019-12-01,2019
2019-12,-0.19301439316883967,-0.21911850041615072,-1.863421281231033,-0.8883691392116451,-1.2164880620902598,-1.1829079862445737,-1.3153989911086148,0.0007530213269331,6,1,8,2019-12-01,2019
2019-12,-0.19275360305643646,-0.240201739136937,-1.863421281231033,-0.8883691392116451,-1.2164880620902598,-1.1829079862445737,-1.3153989911086148,0.0007530213269331,6,0,8,2019-12-01,2019
2019-12,-0.19333511641266474,-0.25155243326999666,-1.863421281231033,-0.8883691392116451,-1.2164880620902598,-1.1829079862445737,-1.3153989911086148,0.0007530213269331,8,1,8,2019-12-01,2019
2019-12,-0.19299333558212386,-0.25077529826616185,-1.863421281231033,-0.8883691392116451,-1.2164880620902598,-1.1829079862445737,-1.3153989911086148,0.0007530213269331,9,0,8,2019-12-01,2019
2019-12,-0.18528787865850854,0.14435531997776954,-1.863421281231033,-0.8883691392116451,-1.2164880620902598,-1.1829079862445737,-1.3153989911086148,0.0007530213269331,9,1,8,2019-12-01,2019
2019-12,-0.19331243901158618,-0.25174271774651297,-1.863421281231033,-0.8883691392116451,-1.2164880620902598,-1.1829079862445737,-1.3153989911086148,0.0007530213269331,10,1,8,2019-12-01,2019
2019-12,-0.08510398013660711,-0.06477418183291146,-1.863421281231033,-0.8883691392116451,-1.2164880620902598,-1.1829079862445737,-1.3153989911086148,0.0007530213269331,10,0,8,2019-12-01,2019
2019-12,-0.19207328102408025,-0.2497774825583942,-1.863421281231033,-0.8883691392116451,-1.2164880620902598,-1.1829079862445737,-1.3153989911086148,0.0007530213269331,12,0,8,2019-12-01,2019
2019-12,-0.1545616200114496,-0.17314359033821067,-1.863421281231033,-0.8883691392116451,-1.2164880620902598,-1.1829079862445737,-1.3153989911086148,0.0007530213269331,12,1,8,2019-12-01,2019
2019-12,-0.19321686996418377,-0.24954064800777517,-1.863421281231033,-0.8883691392116451,-1.2164880620902598,-1.1829079862445737,-1.3153989911086148,0.0007530213269331,13,1,8,2019-12-01,2019
2019-12,-0.1932363077365368,-0.2509267438444464,-1.863421281231033,-0.8883691392116451,-1.2164880620902598,-1.1829079862445737,-1.3153989911086148,0.0007530213269331,14,1,8,2019-12-01,2019
2019-12,-0.1914496524944204,-0.24979496877087162,-1.863421281231033,-0.8883691392116451,-1.2164880620902598,-1.1829079862445737,-1.3153989911086148,0.0007530213269331,18,1,8,2019-12-01,2019
2019-12,-0.1933189182690372,-0.2517602170214001,-1.863421281231033,-0.8883691392116451,-1.2164880620902598,-1.1829079862445737,-1.3153989911086148,0.0007530213269331,18,0,8,2019-12-01,2019
2019-12,-0.19263697642231825,-0.25125790640978446,-1.863421281231033,-0.8883691392116451,-1.2164880620902598,-1.1829079862445737,-1.3153989911086148,0.0007530213269331,19,0,8,2019-12-01,2019
2019-12,-0.19328004272433114,-0.2517320414036358,-1.863421281231033,-0.8883691392116451,-1.2164880620902598,-1.1829079862445737,-1.3153989911086148,0.0007530213269331,19,1,8,2019-12-01,2019
2019-12,-0.19321363033545827,-0.2488083344858236,-1.863421281231033,-0.8883691392116451,-1.2164880620902598,-1.1829079862445737,-1.3153989911086148,0.0007530213269331,25,1,8,2019-12-01,2019
2019-12,-0.1923259720646697,-0.24273508029442714,-1.863421281231033,-0.8883691392116451,-1.2164880620902598,-1.1829079862445737,-1.3153989911086148,0.0007530213269331,28,1,8,2019-12-01,2019
2019-12,-0.19319743219183072,-0.25092919522333706,-1.863421281231033,-0.8883691392116451,-1.2164880620902598,-1.1829079862445737,-1.3153989911086148,0.0007530213269331,28,0,8,2019-12-01,2019
2019-12,-0.1933253975264882,-0.25175449133180655,-1.863421281231033,-0.8883691392116451,-1.2164880620902598,-1.1829079862445737,-1.3153989911086148,0.0007530213269331,29,0,8,2019-12-01,2019
2019-12,-0.19316179627585017,-0.2514735058363366,-1.863421281231033,-0.8883691392116451,-1.2164880620902598,-1.1829079862445737,-1.3153989911086148,0.0007530213269331,29,1,8,2019-12-01,2019
2019-12,-0.19327518328124288,-0.2515279978555486,-1.863421281231033,-0.8883691392116451,-1.2164880620902598,-1.1829079862445737,-1.3153989911086148,0.0007530213269331,40,0,8,2019-12-01,2019
2019-12,-0.1932913814248704,-0.2515588904545345,-1.863421281231033,-0.8883691392116451,-1.2164880620902598,-1.1829079862445737,-1.3153989911086148,0.0007530213269331,40,1,8,2019-12-01,2019
2019-12,-0.17342921770879488,-0.16931346974757266,-1.863421281231033,-0.8883691392116451,-1.2164880620902598,-1.1829079862445737,-1.3153989911086148,0.0007530213269331,44,0,8,2019-12-01,2019
2019-12,-0.09515654807185134,0.18352408324219738,-1.863421281231033,-0.8883691392116451,-1.2164880620902598,-1.1829079862445737,-1.3153989911086148,0.0007530213269331,44,1,8,2019-12-01,2019
2019-12,-0.19333187678393923,-0.2513273244091689,-1.863421281231033,-0.8883691392116451,-1.2164880620902598,-1.1829079862445737,-1.3153989911086148,0.0007530213269331,45,0,8,2019-12-01,2019
2019-12,-0.19305164889918297,-0.23730248069598256,-1.863421281231033,-0.8883691392116451,-1.2164880620902598,-1.1829079862445737,-1.3153989911086148,0.0007530213269331,45,1,8,2019-12-01,2019
2019-12,-0.19333349659830198,-0.2517496756567567,-1.863421281231033,-0.8883691392116451,-1.2164880620902598,-1.1829079862445737,-1.3153989911086148,0.0007530213269331,47,0,8,2019-12-01,2019
2019-12,-0.1918108710973143,-0.23915862734639964,-1.863421281231033,-0.8883691392116451,-1.2164880620902598,-1.1829079862445737,-1.3153989911086148,0.0007530213269331,47,1,8,2019-12-01,2019
2019-12,-0.19333511641266474,-0.25175707768893096,-1.863421281231033,-0.8883691392116451,-1.2164880620902598,-1.1829079862445737,-1.3153989911086148,0.0007530213269331,50,0,8,2019-12-01,2019
2019-12,-0.1932913814248704,-0.2479595434564058,-1.863421281231033,-0.8883691392116451,-1.2164880620902598,-1.1829079862445737,-1.3153989911086148,0.0007530213269331,50,1,8,2019-12-01,2019
2019-12,-0.19301925261192793,-0.25118708202428686,-1.863421281231033,-0.8883691392116451,-1.2164880620902598,-1.1829079862445737,-1.3153989911086148,0.0007530213269331,52,1,8,2019-12-01,2019
2019-12,-0.19316341609021292,-0.2514132794192579,-1.863421281231033,-0.8883691392116451,-1.2164880620902598,-1.1829079862445737,-1.3153989911086148,0.0007530213269331,52,0,8,2019-12-01,2019
2019-12,-0.12436504066101084,-0.15508833575202507,-1.863421281231033,-0.8883691392116451,-1.2164880620902598,-1.1829079862445737,-1.3153989911086148,0.0007530213269331,60,0,8,2019-12-01,2019
2019-12,-0.19327518328124288,-0.2514489659226108,-1.863421281231033,-0.8883691392116451,-1.2164880620902598,-1.1829079862445737,-1.3153989911086148,0.0007530213269331,67,0,8,2019-12-01,2019
2019-12,-0.1912536549565273,-0.23947847351078425,-1.863421281231033,-0.8883691392116451,-1.2164880620902598,-1.1829079862445737,-1.3153989911086148,0.0007530213269331,67,1,8,2019-12-01,2019
2019-12,-0.19331243901158618,-0.25175486578755185,-1.863421281231033,-0.8883691392116451,-1.2164880620902598,-1.1829079862445737,-1.3153989911086148,0.0007530213269331,69,0,8,2019-12-01,2019
2019-12,-0.1746991521691931,0.07815693027848858,-1.863421281231033,-0.8883691392116451,-1.2164880620902598,-1.1829079862445737,-1.3153989911086148,0.0007530213269331,72,1,8,2019-12-01,2019
2019-12,-0.1931844736769287,-0.25158091803145766,-1.863421281231033,-0.8883691392116451,-1.2164880620902598,-1.1829079862445737,-1.3153989911086148,0.0007530213269331,74,0,8,2019-12-01,2019
2019-12,-0.18961764245014692,-0.24637606590060412,-1.863421281231033,-0.8883691392116451,-1.2164880620902598,-1.1829079862445737,-1.3153989911086148,0.0007530213269331,74,1,8,2019-12-01,2019
2019-12,-0.19332701734085095,-0.2516998643343608,-1.863421281231033,-0.8883691392116451,-1.2164880620902598,-1.1829079862445737,-1.3153989911086148,0.0007530213269331,76,0,8,2019-12-01,2019
2019-12,-0.19184812682765762,-0.23880802356126288,-1.863421281231033,-0.8883691392116451,-1.2164880620902598,-1.1829079862445737,-1.3153989911086148,0.0007530213269331,76,1,8,2019-12-01,2019
2019-12,-0.19325412569452707,-0.2515713563475432,-1.863421281231033,-0.8883691392116451,-1.2164880620902598,-1.1829079862445737,-1.3153989911086148,0.0007530213269331,78,1,8,2019-12-01,2019
2019-12,-0.037126698526230247,-0.07517725909875435,-1.863421281231033,-0.8883691392116451,-1.2164880620902598,-1.1829079862445737,-1.3153989911086148,0.0007530213269331,79,1,8,2019-12-01,2019
2019-12,-0.1715664311916291,-0.20660108055524426,-1.863421281231033,-0.8883691392116451,-1.2164880620902598,-1.1829079862445737,-1.3153989911086148,0.0007530213269331,79,0,8,2019-12-01,2019
2019-12,-0.19165050947540174,-0.25140128812713564,-1.863421281231033,-0.8883691392116451,-1.2164880620902598,-1.1829079862445737,-1.3153989911086148,0.0007530213269331,80,0,8,2019-12-01,2019
2019-12,-0.009819867998942591,-0.21196710975962316,-1.863421281231033,-0.8883691392116451,-1.2164880620902598,-1.1829079862445737,-1.3153989911086148,0.0007530213269331,80,1,8,2019-12-01,2019
2019-12,-0.18915599535676236,-0.24944001520329837,-1.863421281231033,-0.8883691392116451,-1.2164880620902598,-1.1829079862445737,-1.3153989911086148,0.0007530213269331,81,0,8,2019-12-01,2019
2019-12,-0.18243214593697524,-0.23410935722357504,-1.863421281231033,-0.8883691392116451,-1.2164880620902598,-1.1829079862445737,-1.3153989911086148,0.0007530213269331,81,1,8,2019-12-01,2019
2019-12,-0.19285889099001538,-0.24936839836494448,-1.863421281231033,-0.8883691392116451,-1.2164880620902598,-1.1829079862445737,-1.3153989911086148,0.0007530213269331,85,1,8,2019-12-01,2019
2019-12,-0.12593464077851838,-0.1902081525840621,-1.863421281231033,-0.8883691392116451,-1.2164880620902598,-1.1829079862445737,-1.3153989911086148,0.0007530213269331,87,0,8,2019-12-01,2019
2019-12,-0.1877143605739123,-0.2415511078316144,-1.863421281231033,-0.8883691392116451,-1.2164880620902598,-1.1829079862445737,-1.3153989911086148,0.0007530213269331,87,1,8,2019-12-01,2019
2019-12,1.2673778400018807,0.5727277070963585,-1.863421281231033,-0.8883691392116451,-1.2164880620902598,-1.1829079862445737,-1.3153989911086148,0.0007530213269331,88,0,8,2019-12-01,2019
2019-12,8.437243144572987,6.604599209175747,-1.863421281231033,-0.8883691392116451,-1.2164880620902598,-1.1829079862445737,-1.3153989911086148,0.0007530213269331,88,1,8,2019-12-01,2019
2019-12,-0.18394505255178642,-0.17587655994930296,-1.863421281231033,-0.8883691392116451,-1.2164880620902598,-1.1829079862445737,-1.3153989911086148,0.0007530213269331,89,1,8,2019-12-01,2019
2019-12,0.3296754044760659,0.49393485108951046,-1.863421281231033,-0.8883691392116451,-1.2164880620902598,-1.1829079862445737,-1.3153989911086148,0.0007530213269331,89,0,8,2019-12-01,2019
2019-12,-0.19327032383815462,-0.2516908251468351,-1.863421281231033,-0.8883691392116451,-1.2164880620902598,-1.1829079862445737,-1.3153989911086148,0.0007530213269331,92,1,8,2019-12-01,2019
2019-12,0.05712381998490747,0.755946160157808,-1.863421281231033,-0.8883691392116451,-1.2164880620902598,-1.1829079862445737,-1.3153989911086148,0.0007530213269331,92,0,8,2019-12-01,2019
2019-12,-0.19330595975413517,-0.25107246373313735,-1.863421281231033,-0.8883691392116451,-1.2164880620902598,-1.1829079862445737,-1.3153989911086148,0.0007530213269331,94,1,8,2019-12-01,2019
2019-12,-0.1932395473652623,-0.25015454207734894,-1.863421281231033,-0.8883691392116451,-1.2164880620902598,-1.1829079862445737,-1.3153989911086148,0.0007530213269331,97,1,8,2019-12-01,2019
2019-12,0.019748223378748053,0.8001088045737145,-1.863421281231033,-0.8883691392116451,-1.2164880620902598,-1.1829079862445737,-1.3153989911086148,0.0007530213269331,99,1,8,2019-12-01,2019
2019-12,-0.18745519027587185,-0.2448981108446508,-1.863421281231033,-0.8883691392116451,-1.2164880620902598,-1.1829079862445737,-1.3153989911086148,0.0007530213269331,99,0,8,2019-12-01,2019
2019-12,-0.1785202942509271,-0.2229966297166434,-1.863421281231033,-0.8883691392116451,-1.2164880620902598,-1.1829079862445737,-1.3153989911086148,0.0007530213269331,100,1,8,2019-12-01,2019
2019-12,-0.19316179627585017,-0.25136961178356654,-1.863421281231033,-0.8883691392116451,-1.2164880620902598,-1.1829079862445737,-1.3153989911086148,0.0007530213269331,100,0,8,2019-12-01,2019
2019-12,0.6859519537491939,0.2420872157958586,-1.863421281231033,-0.8883691392116451,-1.2164880620902598,-1.1829079862445737,-1.3153989911086148,0.0007530213269331,101,1,8,2019-12-01,2019
2019-12,-0.14958878991779834,-0.233095788249686,-1.863421281231033,-0.8883691392116451,-1.2164880620902598,-1.1829079862445737,-1.3153989911086148,0.0007530213269331,101,0,8,2019-12-01,2019
2020-01,-0.19320877089237,-0.2515276887118519,-1.767407259348414,0.8433696603912156,-1.0267255045909158,-0.6642681423648578,-2.0332930788225556,0.0,3,0,8,2020-01-01,2020
2020-01,-0.18827319652906205,-0.16540684262320923,-1.767407259348414,0.8433696603912156,-1.0267255045909158,-0.6642681423648578,-2.0332930788225556,0.0,3,1,8,2020-01-01,2020
2020-01,-0.19171530204991186,-0.23704302205172986,-1.767407259348414,0.8433696603912156,-1.0267255045909158,-0.6642681423648578,-2.0332930788225556,0.0,4,0,8,2020-01-01,2020
2020-01,-0.03440865002553095,2.3427501326148104,-1.767407259348414,0.8433696603912156,-1.0267255045909158,-0.6642681423648578,-2.0332930788225556,0.0,4,1,8,2020-01-01,2020
2020-01,-0.19267747178138706,-0.23474399439978294,-1.767407259348414,0.8433696603912156,-1.0267255045909158,-0.6642681423648578,-2.0332930788225556,0.0,6,0,8,2020-01-01,2020
2020-01,-0.19143831379388113,-0.1473016983401694,-1.767407259348414,0.8433696603912156,-1.0267255045909158,-0.6642681423648578,-2.0332930788225556,0.0,6,1,8,2020-01-01,2020
2020-01,-0.1929884761390356,-0.2507100166965218,-1.767407259348414,0.8433696603912156,-1.0267255045909158,-0.6642681423648578,-2.0332930788225556,0.0,9,0,8,2020-01-01,2020
2020-01,-0.18316106240021404,-0.05557054292298887,-1.767407259348414,0.8433696603912156,-1.0267255045909158,-0.6642681423648578,-2.0332930788225556,0.0,9,1,8,2020-01-01,2020
2020-01,-0.19328976161050765,-0.25162738973110205,-1.767407259348414,0.8433696603912156,-1.0267255045909158,-0.6642681423648578,-2.0332930788225556,0.0,10,1,8,2020-01-01,2020
2020-01,-0.07452821216219371,-0.014029210639894952,-1.767407259348414,0.8433696603912156,-1.0267255045909158,-0.6642681423648578,-2.0332930788225556,0.0,10,0,8,2020-01-01,2020
2020-01,-0.16178275244060183,-0.19204403072873152,-1.767407259348414,0.8433696603912156,-1.0267255045909158,-0.6642681423648578,-2.0332930788225556,0.0,12,1,8,2020-01-01,2020
2020-01,-0.192356748537562,-0.2501346262566637,-1.767407259348414,0.8433696603912156,-1.0267255045909158,-0.6642681423648578,-2.0332930788225556,0.0,12,0,8,2020-01-01,2020
2020-01,-0.19318609349129146,-0.24859688890556214,-1.767407259348414,0.8433696603912156,-1.0267255045909158,-0.6642681423648578,-2.0332930788225556,0.0,13,1,8,2020-01-01,2020
2020-01,-0.18965327836612747,-0.2479266566628694,-1.767407259348414,0.8433696603912156,-1.0267255045909158,-0.6642681423648578,-2.0332930788225556,0.0,18,1,8,2020-01-01,2020
2020-01,-0.19330757956849792,-0.2517445377756005,-1.767407259348414,0.8433696603912156,-1.0267255045909158,-0.6642681423648578,-2.0332930788225556,0.0,18,0,8,2020-01-01,2020
2020-01,-0.1927179671404559,-0.2513630283290681,-1.767407259348414,0.8433696603912156,-1.0267255045909158,-0.6642681423648578,-2.0332930788225556,0.0,19,0,8,2020-01-01,2020
2020-01,-0.19320391144928176,-0.25168088029890223,-1.767407259348414,0.8433696603912156,-1.0267255045909158,-0.6642681423648578,-2.0332930788225556,0.0,19,1,8,2020-01-01,2020
2020-01,-0.19321201052109552,-0.25099529101651624,-1.767407259348414,0.8433696603912156,-1.0267255045909158,-0.6642681423648578,-2.0332930788225556,0.0,25,1,8,2020-01-01,2020
2020-01,-0.19223526246035555,-0.22877901452254903,-1.767407259348414,0.8433696603912156,-1.0267255045909158,-0.6642681423648578,-2.0332930788225556,0.0,28,1,8,2020-01-01,2020
2020-01,-0.1933286371552137,-0.2517516872678535,-1.767407259348414,0.8433696603912156,-1.0267255045909158,-0.6642681423648578,-2.0332930788225556,0.0,28,0,8,2020-01-01,2020
2020-01,-0.19333187678393923,-0.25176375693443404,-1.767407259348414,0.8433696603912156,-1.0267255045909158,-0.6642681423648578,-2.0332930788225556,0.0,29,0,8,2020-01-01,2020
2020-01,-0.1931472179465854,-0.25150573950938704,-1.767407259348414,0.8433696603912156,-1.0267255045909158,-0.6642681423648578,-2.0332930788225556,0.0,29,1,8,2020-01-01,2020
2020-01,-0.19324926625143882,-0.25132928812476335,-1.767407259348414,0.8433696603912156,-1.0267255045909158,-0.6642681423648578,-2.0332930788225556,0.0,40,0,8,2020-01-01,2020
2020-01,-0.19326546439506637,-0.2512803694003649,-1.767407259348414,0.8433696603912156,-1.0267255045909158,-0.6642681423648578,-2.0332930788225556,0.0,40,1,8,2020-01-01,2020
2020-01,-0.19202468659319766,-0.24676009639221236,-1.767407259348414,0.8433696603912156,-1.0267255045909158,-0.6642681423648578,-2.0332930788225556,0.0,43,1,8,2020-01-01,2020
2020-01,-0.1867181747408193,-0.2258717401161636,-1.767407259348414,0.8433696603912156,-1.0267255045909158,-0.6642681423648578,-2.0332930788225556,0.0,43,0,8,2020-01-01,2020
2020-01,-0.0502844505948717,0.5576841216950342,-1.767407259348414,0.8433696603912156,-1.0267255045909158,-0.6642681423648578,-2.0332930788225556,0.0,44,1,8,2020-01-01,2020
2020-01,-0.17890257044053678,-0.18175634679034816,-1.767407259348414,0.8433696603912156,-1.0267255045909158,-0.6642681423648578,-2.0332930788225556,0.0,44,0,8,2020-01-01,2020
2020-01,-0.19332701734085095,-0.25044188896635217,-1.767407259348414,0.8433696603912156,-1.0267255045909158,-0.6642681423648578,-2.0332930788225556,0.0,45,0,8,2020-01-01,2020
2020-01,-0.1931812340482032,-0.2416681034813328,-1.767407259348414,0.8433696603912156,-1.0267255045909158,-0.6642681423648578,-2.0332930788225556,0.0,45,1,8,2020-01-01,2020
2020-01,-0.19146261100932244,-0.2269316414573267,-1.767407259348414,0.8433696603912156,-1.0267255045909158,-0.6642681423648578,-2.0332930788225556,0.0,47,1,8,2020-01-01,2020
2020-01,-0.19325088606580157,-0.24339631689095992,-1.767407259348414,0.8433696603912156,-1.0267255045909158,-0.6642681423648578,-2.0332930788225556,0.0,50,1,8,2020-01-01,2020
2020-01,-0.19279571822986802,-0.25045979317594064,-1.767407259348414,0.8433696603912156,-1.0267255045909158,-0.6642681423648578,-2.0332930788225556,0.0,52,1,8,2020-01-01,2020
2020-01,-0.19255112626109233,-0.25029486719082583,-1.767407259348414,0.8433696603912156,-1.0267255045909158,-0.6642681423648578,-2.0332930788225556,0.0,52,0,8,2020-01-01,2020
2020-01,-0.12141049926334964,-0.13399128135589247,-1.767407259348414,0.8433696603912156,-1.0267255045909158,-0.6642681423648578,-2.0332930788225556,0.0,60,0,8,2020-01-01,2020
2020-01,-0.19333349659830198,-0.25174671484388705,-1.767407259348414,0.8433696603912156,-1.0267255045909158,-0.6642681423648578,-2.0332930788225556,0.0,66,0,8,2020-01-01,2020
2020-01,-0.19104469890373219,-0.22656714362238525,-1.767407259348414,0.8433696603912156,-1.0267255045909158,-0.6642681423648578,-2.0332930788225556,0.0,67,1,8,2020-01-01,2020
2020-01,-0.19325088606580157,-0.25122530263512527,-1.767407259348414,0.8433696603912156,-1.0267255045909158,-0.6642681423648578,-2.0332930788225556,0.0,67,0,8,2020-01-01,2020
2020-01,-0.19332701734085095,-0.25176360889379057,-1.767407259348414,0.8433696603912156,-1.0267255045909158,-0.6642681423648578,-2.0332930788225556,0.0,69,1,8,2020-01-01,2020
2020-01,-0.19331243901158618,-0.25175453922730884,-1.767407259348414,0.8433696603912156,-1.0267255045909158,-0.6642681423648578,-2.0332930788225556,0.0,69,0,8,2020-01-01,2020
2020-01,-0.15967537395466036,0.42259995178702686,-1.767407259348414,0.8433696603912156,-1.0267255045909158,-0.6642681423648578,-2.0332930788225556,0.0,72,1,8,2020-01-01,2020
2020-01,-0.18943136379843034,-0.2456547378652264,-1.767407259348414,0.8433696603912156,-1.0267255045909158,-0.6642681423648578,-2.0332930788225556,0.0,74,1,8,2020-01-01,2020
2020-01,-0.19320391144928176,-0.25154586287790787,-1.767407259348414,0.8433696603912156,-1.0267255045909158,-0.6642681423648578,-2.0332930788225556,0.0,74,0,8,2020-01-01,2020
2020-01,-0.19333187678393923,-0.2517646538865681,-1.767407259348414,0.8433696603912156,-1.0267255045909158,-0.6642681423648578,-2.0332930788225556,0.0,76,0,8,2020-01-01,2020
2020-01,-0.1915079658114795,-0.2348815981779017,-1.767407259348414,0.8433696603912156,-1.0267255045909158,-0.6642681423648578,-2.0332930788225556,0.0,76,1,8,2020-01-01,2020
2020-01,-0.19322496903599753,-0.25098990930371196,-1.767407259348414,0.8433696603912156,-1.0267255045909158,-0.6642681423648578,-2.0332930788225556,0.0,78,1,8,2020-01-01,2020
2020-01,-0.16958863785470785,-0.20420934462738352,-1.767407259348414,0.8433696603912156,-1.0267255045909158,-0.6642681423648578,-2.0332930788225556,0.0,79,0,8,2020-01-01,2020
2020-01,0.05639814315039419,0.028685504845866013,-1.767407259348414,0.8433696603912156,-1.0267255045909158,-0.6642681423648578,-2.0332930788225556,0.0,79,1,8,2020-01-01,2020
2020-01,-0.015976782391766198,-0.21334736234501336,-1.767407259348414,0.8433696603912156,-1.0267255045909158,-0.6642681423648578,-2.0332930788225556,0.0,80,1,8,2020-01-01,2020
2020-01,-0.1910819546340755,-0.2513664550345511,-1.767407259348414,0.8433696603912156,-1.0267255045909158,-0.6642681423648578,-2.0332930788225556,0.0,80,0,8,2020-01-01,2020
2020-01,-0.17995221014760063,-0.18171906667300952,-1.767407259348414,0.8433696603912156,-1.0267255045909158,-0.6642681423648578,-2.0332930788225556,0.0,81,1,8,2020-01-01,2020
2020-01,-0.1881274132364143,-0.24887593681025708,-1.767407259348414,0.8433696603912156,-1.0267255045909158,-0.6642681423648578,-2.0332930788225556,0.0,81,0,8,2020-01-01,2020
2020-01,-0.19285241173256437,-0.24943183813481412,-1.767407259348414,0.8433696603912156,-1.0267255045909158,-0.6642681423648578,-2.0332930788225556,0.0,85,1,8,2020-01-01,2020
2020-01,-0.18726243236670426,-0.23959467235350979,-1.767407259348414,0.8433696603912156,-1.0267255045909158,-0.6642681423648578,-2.0332930788225556,0.0,87,1,8,2020-01-01,2020
2020-01,-0.11859850152961067,-0.14254517423569862,-1.767407259348414,0.8433696603912156,-1.0267255045909158,-0.6642681423648578,-2.0332930788225556,0.0,87,0,8,2020-01-01,2020
2020-01,1.4036382440110138,0.6789008325104254,-1.767407259348414,0.8433696603912156,-1.0267255045909158,-0.6642681423648578,-2.0332930788225556,0.0,88,0,8,2020-01-01,2020
2020-01,9.744370162554395,9.593381192992755,-1.767407259348414,0.8433696603912156,-1.0267255045909158,-0.6642681423648578,-2.0332930788225556,0.0,88,1,8,2020-01-01,2020
2020-01,0.11789601524666914,0.24011143488895983,-1.767407259348414,0.8433696603912156,-1.0267255045909158,-0.6642681423648578,-2.0332930788225556,0.0,89,0,8,2020-01-01,2020
2020-01,-0.1833036060641363,-0.14682852996463727,-1.767407259348414,0.8433696603912156,-1.0267255045909158,-0.6642681423648578,-2.0332930788225556,0.0,89,1,8,2020-01-01,2020
2020-01,0.06415543413361761,2.484770311459622,-1.767407259348414,0.8433696603912156,-1.0267255045909158,-0.6642681423648578,-2.0332930788225556,0.0,92,0,8,2020-01-01,2020
2020-01,-0.19328976161050765,-0.2517123824770084,-1.767407259348414,0.8433696603912156,-1.0267255045909158,-0.6642681423648578,-2.0332930788225556,0.0,92,1,8,2020-01-01,2020
2020-01,-0.1933189182690372,-0.2512810878328995,-1.767407259348414,0.8433696603912156,-1.0267255045909158,-0.6642681423648578,-2.0332930788225556,0.0,94,1,8,2020-01-01,2020
2020-01,-0.19333511641266474,-0.25173095286949254,-1.767407259348414,0.8433696603912156,-1.0267255045909158,-0.6642681423648578,-2.0332930788225556,0.0,96,1,8,2020-01-01,2020
2020-01,-0.19318609349129146,-0.2211538110782765,-1.767407259348414,0.8433696603912156,-1.0267255045909158,-0.6642681423648578,-2.0332930788225556,0.0,97,1,8,2020-01-01,2020
2020-01,0.020741169583115553,1.0365181302150104,-1.767407259348414,0.8433696603912156,-1.0267255045909158,-0.6642681423648578,-2.0332930788225556,0.0,99,1,8,2020-01-01,2020
2020-01,-0.18698382429631077,-0.2432528567991504,-1.767407259348414,0.8433696603912156,-1.0267255045909158,-0.6642681423648578,-2.0332930788225556,0.0,99,0,8,2020-01-01,2020
2020-01,-0.19314883776094816,-0.25140416621141043,-1.767407259348414,0.8433696603912156,-1.0267255045909158,-0.6642681423648578,-2.0332930788225556,0.0,100,0,8,2020-01-01,2020
2020-01,-0.17762939635141303,-0.20916935059632358,-1.767407259348414,0.8433696603912156,-1.0267255045909158,-0.6642681423648578,-2.0332930788225556,0.0,100,1,8,2020-01-01,2020
2020-01,0.8268515060932512,0.429524914279345,-1.767407259348414,0.8433696603912156,-1.0267255045909158,-0.6642681423648578,-2.0332930788225556,0.0,101,1,8,2020-01-01,2020
2020-01,-0.1420485540591838,-0.22623679528058638,-1.767407259348414,0.8433696603912156,-1.0267255045909158,-0.6642681423648578,-2.0332930788225556,0.0,101,0,8,2020-01-01,2020
2022-01,-0.19146261100932244,-0.248763251755746,0.6457451573014016,0.30220128551532155,0.7209989769774255,0.9912608613588827,-0.44372131039016743,0.0007445886839528,0,0,8,2022-01-01,2022
2022-01,-0.1728266467658508,-0.2245712945000212,0.6457451573014016,0.30220128551532155,0.7209989769774255,0.9912608613588827,-0.44372131039016743,0.0007445886839528,0,1,8,2022-01-01,2022
2022-01,-0.19177847481005922,-0.24882597744721766,0.6457451573014016,0.30220128551532155,0.7209989769774255,0.9912608613588827,-0.44372131039016743,0.0007445886839528,0,0,8,2022-01-01,2022
2022-01,-0.174778523072968,-0.22626611168213287,0.6457451573014016,0.30220128551532155,0.7209989769774255,0.9912608613588827,-0.44372131039016743,0.0007445886839528,0,1,8,2022-01-01,2022
2022-01,-0.19205870269481548,-0.25152404429954023,0.6457451573014016,0.30220128551532155,0.7209989769774255,0.9912608613588827,-0.44372131039016743,0.0007445886839528,2,0,8,2022-01-01,2022
2022-01,-0.17791448367925752,-0.24618415733114604,0.6457451573014016,0.30220128551532155,0.7209989769774255,0.9912608613588827,-0.44372131039016743,0.0007445886839528,2,1,8,2022-01-01,2022
2022-01,-0.17794202052342434,-0.24786569004257328,0.6457451573014016,0.30220128551532155,0.7209989769774255,0.9912608613588827,-0.44372131039016743,0.0007445886839528,2,1,8,2022-01-01,2022
2022-01,-0.19044536758951364,-0.18145727421155367,0.6457451573014016,0.30220128551532155,0.7209989769774255,0.9912608613588827,-0.44372131039016743,0.0007445886839528,3,1,8,2022-01-01,2022
2022-01,-0.19305326871354572,-0.2512939717230192,0.6457451573014016,0.30220128551532155,0.7209989769774255,0.9912608613588827,-0.44372131039016743,0.0007445886839528,3,0,8,2022-01-01,2022
2022-01,-0.19149338748221473,-0.21978122612739148,0.6457451573014016,0.30220128551532155,0.7209989769774255,0.9912608613588827,-0.44372131039016743,0.0007445886839528,3,1,8,2022-01-01,2022
2022-01,-0.1820417706755518,-0.12589694146655447,0.6457451573014016,0.30220128551532155,0.7209989769774255,0.9912608613588827,-0.44372131039016743,0.0007445886839528,5,0,8,2022-01-01,2022
2022-01,-0.0574553687787786,2.367175040531331,0.6457451573014016,0.30220128551532155,0.7209989769774255,0.9912608613588827,-0.44372131039016743,0.0007445886839528,5,1,8,2022-01-01,2022
2022-01,-0.08695866758195912,1.0395876092711525,0.6457451573014016,0.30220128551532155,0.7209989769774255,0.9912608613588827,-0.44372131039016743,0.0007445886839528,5,1,8,2022-01-01,2022
2022-01,-0.18210494343569916,-0.12706583120027812,0.6457451573014016,0.30220128551532155,0.7209989769774255,0.9912608613588827,-0.44372131039016743,0.0007445886839528,5,0,8,2022-01-01,2022
2022-01,-0.19139619862044954,-0.14039836284420967,0.6457451573014016,0.30220128551532155,0.7209989769774255,0.9912608613588827,-0.44372131039016743,0.0007445886839528,6,1,8,2022-01-01,2022
2022-01,-0.19272930584099515,-0.23736204963843874,0.6457451573014016,0.30220128551532155,0.7209989769774255,0.9912608613588827,-0.44372131039016743,0.0007445886839528,6,0,8,2022-01-01,2022
2022-01,-0.19276494175697573,-0.239126946648694,0.6457451573014016,0.30220128551532155,0.7209989769774255,0.9912608613588827,-0.44372131039016743,0.0007445886839528,6,0,8,2022-01-01,2022
2022-01,-0.19305650834227123,-0.22408556444047575,0.6457451573014016,0.30220128551532155,0.7209989769774255,0.9912608613588827,-0.44372131039016743,0.0007445886839528,6,1,8,2022-01-01,2022
2022-01,-0.19333349659830198,-0.24243574211330168,0.6457451573014016,0.30220128551532155,0.7209989769774255,0.9912608613588827,-0.44372131039016743,0.0007445886839528,8,1,8,2022-01-01,2022
2022-01,-0.1921364537842276,-0.2449579192646185,0.6457451573014016,0.30220128551532155,0.7209989769774255,0.9912608613588827,-0.44372131039016743,0.0007445886839528,9,0,8,2022-01-01,2022
2022-01,-0.18325339181889094,0.10175190057695284,0.6457451573014016,0.30220128551532155,0.7209989769774255,0.9912608613588827,-0.44372131039016743,0.0007445886839528,9,1,8,2022-01-01,2022
2022-01,-0.19214617267040413,-0.24499813407000737,0.6457451573014016,0.30220128551532155,0.7209989769774255,0.9912608613588827,-0.44372131039016743,0.0007445886839528,9,0,8,2022-01-01,2022
2022-01,-0.18503356780355634,0.018244446446696233,0.6457451573014016,0.30220128551532155,0.7209989769774255,0.9912608613588827,-0.44372131039016743,0.0007445886839528,9,1,8,2022-01-01,2022
2022-01,-0.19027528708142458,-0.24261641265626468,0.6457451573014016,0.30220128551532155,0.7209989769774255,0.9912608613588827,-0.44372131039016743,0.0007445886839528,12,0,8,2022-01-01,2022
2022-01,-0.17238119781609376,-0.0019503960184035919,0.6457451573014016,0.30220128551532155,0.7209989769774255,0.9912608613588827,-0.44372131039016743,0.0007445886839528,12,1,8,2022-01-01,2022
2022-01,-0.19027852671015008,-0.24262007013098605,0.6457451573014016,0.30220128551532155,0.7209989769774255,0.9912608613588827,-0.44372131039016743,0.0007445886839528,12,0,8,2022-01-01,2022
2022-01,-0.1733044920028629,-0.20471090632750866,0.6457451573014016,0.30220128551532155,0.7209989769774255,0.9912608613588827,-0.44372131039016743,0.0007445886839528,12,1,8,2022-01-01,2022
2022-01,-0.19302411205501618,-0.24708992223762244,0.6457451573014016,0.30220128551532155,0.7209989769774255,0.9912608613588827,-0.44372131039016743,0.0007445886839528,13,1,8,2022-01-01,2022
2022-01,-0.19320391144928176,-0.2489844070605654,0.6457451573014016,0.30220128551532155,0.7209989769774255,0.9912608613588827,-0.44372131039016743,0.0007445886839528,13,1,8,2022-01-01,2022
2022-01,-0.19333025696957648,-0.2517353940887971,0.6457451573014016,0.30220128551532155,0.7209989769774255,0.9912608613588827,-0.44372131039016743,0.0007445886839528,15,1,8,2022-01-01,2022
2022-01,-0.1925802829196219,-0.2508705624202441,0.6457451573014016,0.30220128551532155,0.7209989769774255,0.9912608613588827,-0.44372131039016743,0.0007445886839528,17,0,8,2022-01-01,2022
2022-01,-0.19313101980295785,-0.2515808178863165,0.6457451573014016,0.30220128551532155,0.7209989769774255,0.9912608613588827,-0.44372131039016743,0.0007445886839528,18,0,8,2022-01-01,2022
2022-01,-0.18951235451656798,-0.24785065956312302,0.6457451573014016,0.30220128551532155,0.7209989769774255,0.9912608613588827,-0.44372131039016743,0.0007445886839528,18,1,8,2022-01-01,2022
2022-01,-0.18955770931872507,-0.24800082937939166,0.6457451573014016,0.30220128551532155,0.7209989769774255,0.9912608613588827,-0.44372131039016743,0.0007445886839528,18,1,8,2022-01-01,2022
2022-01,-0.19319419256310522,-0.2516812112132818,0.6457451573014016,0.30220128551532155,0.7209989769774255,0.9912608613588827,-0.44372131039016743,0.0007445886839528,19,1,8,2022-01-01,2022
2022-01,-0.19277466064315224,-0.25139546664653745,0.6457451573014016,0.30220128551532155,0.7209989769774255,0.9912608613588827,-0.44372131039016743,0.0007445886839528,19,0,8,2022-01-01,2022
2022-01,-0.19330272012540967,-0.25174728088164156,0.6457451573014016,0.30220128551532155,0.7209989769774255,0.9912608613588827,-0.44372131039016743,0.0007445886839528,19,1,8,2022-01-01,2022
2022-01,-0.19305488852790847,-0.25096589624051147,0.6457451573014016,0.30220128551532155,0.7209989769774255,0.9912608613588827,-0.44372131039016743,0.0007445886839528,21,1,8,2022-01-01,2022
2022-01,-0.19333187678393923,-0.25176964808121743,0.6457451573014016,0.30220128551532155,0.7209989769774255,0.9912608613588827,-0.44372131039016743,0.0007445886839528,21,0,8,2022-01-01,2022
2022-01,-0.19321686996418377,-0.2515992184674743,0.6457451573014016,0.30220128551532155,0.7209989769774255,0.9912608613588827,-0.44372131039016743,0.0007445886839528,21,1,8,2022-01-01,2022
2022-01,-0.1932946210535959,-0.25168915751252763,0.6457451573014016,0.30220128551532155,0.7209989769774255,0.9912608613588827,-0.44372131039016743,0.0007445886839528,23,0,8,2022-01-01,2022
2022-01,-0.1929512204086923,-0.25118304573968364,0.6457451573014016,0.30220128551532155,0.7209989769774255,0.9912608613588827,-0.44372131039016743,0.0007445886839528,23,1,8,2022-01-01,2022
2022-01,-0.19296579873795708,-0.2512155014736993,0.6457451573014016,0.30220128551532155,0.7209989769774255,0.9912608613588827,-0.44372131039016743,0.0007445886839528,23,1,8,2022-01-01,2022
2022-01,-0.19318609349129146,-0.23606045888437766,0.6457451573014016,0.30220128551532155,0.7209989769774255,0.9912608613588827,-0.44372131039016743,0.0007445886839528,25,1,8,2022-01-01,2022
2022-01,-0.19321848977854653,-0.25122833311418014,0.6457451573014016,0.30220128551532155,0.7209989769774255,0.9912608613588827,-0.44372131039016743,0.0007445886839528,25,1,8,2022-01-01,2022
2022-01,-0.19264021605104376,-0.2394376230014557,0.6457451573014016,0.30220128551532155,0.7209989769774255,0.9912608613588827,-0.44372131039016743,0.0007445886839528,28,1,8,2022-01-01,2022
2022-01,-0.19328976161050765,-0.2514944579415262,0.6457451573014016,0.30220128551532155,0.7209989769774255,0.9912608613588827,-0.44372131039016743,0.0007445886839528,28,0,8,2022-01-01,2022
2022-01,-0.19286213061874088,-0.24811825173449423,0.6457451573014016,0.30220128551532155,0.7209989769774255,0.9912608613588827,-0.44372131039016743,0.0007445886839528,28,1,8,2022-01-01,2022
2022-01,-0.19307270648589878,-0.25140906896919174,0.6457451573014016,0.30220128551532155,0.7209989769774255,0.9912608613588827,-0.44372131039016743,0.0007445886839528,30,1,8,2022-01-01,2022
2022-01,-0.19332377771212544,-0.25174708929963235,0.6457451573014016,0.30220128551532155,0.7209989769774255,0.9912608613588827,-0.44372131039016743,0.0007445886839528,30,0,8,2022-01-01,2022
2022-01,-0.1929447411512413,0.07125454833843833,0.6457451573014016,0.30220128551532155,0.7209989769774255,0.9912608613588827,-0.44372131039016743,0.0007445886839528,30,1,8,2022-01-01,2022
2022-01,-0.07294727334414691,-0.029321669779462715,0.6457451573014016,0.30220128551532155,0.7209989769774255,0.9912608613588827,-0.44372131039016743,0.0007445886839528,37,0,8,2022-01-01,2022
2022-01,-0.19117914349584067,-0.24145208170353305,0.6457451573014016,0.30220128551532155,0.7209989769774255,0.9912608613588827,-0.44372131039016743,0.0007445886839528,37,1,8,2022-01-01,2022
2022-01,-0.07301368573301978,-0.029476446272225648,0.6457451573014016,0.30220128551532155,0.7209989769774255,0.9912608613588827,-0.44372131039016743,0.0007445886839528,37,0,8,2022-01-01,2022
2022-01,-0.19237942593864055,-0.12745139434796007,0.6457451573014016,0.30220128551532155,0.7209989769774255,0.9912608613588827,-0.44372131039016743,0.0007445886839528,38,1,8,2022-01-01,2022
2022-01,-0.19330272012540967,-0.2509568744695321,0.6457451573014016,0.30220128551532155,0.7209989769774255,0.9912608613588827,-0.44372131039016743,0.0007445886839528,38,1,8,2022-01-01,2022
2022-01,-0.19330433993977242,-0.25155796302344446,0.6457451573014016,0.30220128551532155,0.7209989769774255,0.9912608613588827,-0.44372131039016743,0.0007445886839528,40,1,8,2022-01-01,2022
2022-01,-0.19327194365251738,-0.2515062837764587,0.6457451573014016,0.30220128551532155,0.7209989769774255,0.9912608613588827,-0.44372131039016743,0.0007445886839528,40,0,8,2022-01-01,2022
2022-01,-0.19327356346688013,-0.25151716911789135,0.6457451573014016,0.30220128551532155,0.7209989769774255,0.9912608613588827,-0.44372131039016743,0.0007445886839528,40,0,8,2022-01-01,2022
2022-01,-0.19331081919722343,-0.2516304158560203,0.6457451573014016,0.30220128551532155,0.7209989769774255,0.9912608613588827,-0.44372131039016743,0.0007445886839528,40,1,8,2022-01-01,2022
2022-01,-0.19333511641266474,-0.2517676582408035,0.6457451573014016,0.30220128551532155,0.7209989769774255,0.9912608613588827,-0.44372131039016743,0.0007445886839528,43,1,8,2022-01-01,2022
2022-01,-0.19333511641266474,-0.2517697917677243,0.6457451573014016,0.30220128551532155,0.7209989769774255,0.9912608613588827,-0.44372131039016743,0.0007445886839528,43,0,8,2022-01-01,2022
2022-01,-0.16069261737446916,-0.09953774756467643,0.6457451573014016,0.30220128551532155,0.7209989769774255,0.9912608613588827,-0.44372131039016743,0.0007445886839528,44,0,8,2022-01-01,2022
2022-01,-0.0025436618814567596,0.9592230623562061,0.6457451573014016,0.30220128551532155,0.7209989769774255,0.9912608613588827,-0.44372131039016743,0.0007445886839528,44,1,8,2022-01-01,2022
2022-01,-0.014943340828329876,0.3953037868818532,0.6457451573014016,0.30220128551532155,0.7209989769774255,0.9912608613588827,-0.44372131039016743,0.0007445886839528,44,1,8,2022-01-01,2022
2022-01,-0.16131138646104076,-0.1061245765190031,0.6457451573014016,0.30220128551532155,0.7209989769774255,0.9912608613588827,-0.44372131039016743,0.0007445886839528,44,0,8,2022-01-01,2022
2022-01,-0.19329300123923315,-0.2490466581511506,0.6457451573014016,0.30220128551532155,0.7209989769774255,0.9912608613588827,-0.44372131039016743,0.0007445886839528,46,1,8,2022-01-01,2022
2022-01,-0.19333187678393923,-0.251756842565556,0.6457451573014016,0.30220128551532155,0.7209989769774255,0.9912608613588827,-0.44372131039016743,0.0007445886839528,46,0,8,2022-01-01,2022
2022-01,-0.19184812682765762,-0.22692184465003729,0.6457451573014016,0.30220128551532155,0.7209989769774255,0.9912608613588827,-0.44372131039016743,0.0007445886839528,48,1,8,2022-01-01,2022
2022-01,-0.19333511641266474,-0.2517688033787222,0.6457451573014016,0.30220128551532155,0.7209989769774255,0.9912608613588827,-0.44372131039016743,0.0007445886839528,48,0,8,2022-01-01,2022
2022-01,-0.19230977392104218,-0.23901320353899566,0.6457451573014016,0.30220128551532155,0.7209989769774255,0.9912608613588827,-0.44372131039016743,0.0007445886839528,48,1,8,2022-01-01,2022
2022-01,-0.1919274977314325,-0.2409593676089244,0.6457451573014016,0.30220128551532155,0.7209989769774255,0.9912608613588827,-0.44372131039016743,0.0007445886839528,50,1,8,2022-01-01,2022
2022-01,-0.1921607509996689,-0.24905966831123094,0.6457451573014016,0.30220128551532155,0.7209989769774255,0.9912608613588827,-0.44372131039016743,0.0007445886839528,50,0,8,2022-01-01,2022
2022-01,-0.19199391012030537,-0.2412565461383096,0.6457451573014016,0.30220128551532155,0.7209989769774255,0.9912608613588827,-0.44372131039016743,0.0007445886839528,50,1,8,2022-01-01,2022
2022-01,-0.19155494042799934,-0.21099998200642248,0.6457451573014016,0.30220128551532155,0.7209989769774255,0.9912608613588827,-0.44372131039016743,0.0007445886839528,52,1,8,2022-01-01,2022
2022-01,-0.18296182523359544,-0.21404722448708582,0.6457451573014016,0.30220128551532155,0.7209989769774255,0.9912608613588827,-0.44372131039016743,0.0007445886839528,52,0,8,2022-01-01,2022
2022-01,-0.1830136592932035,-0.21434297485967507,0.6457451573014016,0.30220128551532155,0.7209989769774255,0.9912608613588827,-0.44372131039016743,0.0007445886839528,52,0,8,2022-01-01,2022
2022-01,-0.1919793317910406,-0.24277040540444447,0.6457451573014016,0.30220128551532155,0.7209989769774255,0.9912608613588827,-0.44372131039016743,0.0007445886839528,52,1,8,2022-01-01,2022
2022-01,-0.19325736532325258,-0.2415634735794819,0.6457451573014016,0.30220128551532155,0.7209989769774255,0.9912608613588827,-0.44372131039016743,0.0007445886839528,53,1,8,2022-01-01,2022
2022-01,-0.19327680309560563,-0.2422512268677447,0.6457451573014016,0.30220128551532155,0.7209989769774255,0.9912608613588827,-0.44372131039016743,0.0007445886839528,53,1,8,2022-01-01,2022
2022-01,-0.19333187678393923,-0.2517468019266185,0.6457451573014016,0.30220128551532155,0.7209989769774255,0.9912608613588827,-0.44372131039016743,0.0007445886839528,58,0,8,2022-01-01,2022
2022-01,-0.19326060495197808,-0.25110645647736335,0.6457451573014016,0.30220128551532155,0.7209989769774255,0.9912608613588827,-0.44372131039016743,0.0007445886839528,58,1,8,2022-01-01,2022
2022-01,-0.11852075044019854,-0.10714188134207187,0.6457451573014016,0.30220128551532155,0.7209989769774255,0.9912608613588827,-0.44372131039016743,0.0007445886839528,60,0,8,2022-01-01,2022
2022-01,-0.12256056746090416,-0.1608391443595028,0.6457451573014016,0.30220128551532155,0.7209989769774255,0.9912608613588827,-0.44372131039016743,0.0007445886839528,60,0,8,2022-01-01,2022
2022-01,-0.19333511641266474,-0.2517692692713355,0.6457451573014016,0.30220128551532155,0.7209989769774255,0.9912608613588827,-0.44372131039016743,0.0007445886839528,66,1,8,2022-01-01,2022
2022-01,-0.19331729845467444,-0.2516868019246416,0.6457451573014016,0.30220128551532155,0.7209989769774255,0.9912608613588827,-0.44372131039016743,0.0007445886839528,66,0,8,2022-01-01,2022
2022-01,-0.1933221578977627,-0.25171623588787556,0.6457451573014016,0.30220128551532155,0.7209989769774255,0.9912608613588827,-0.44372131039016743,0.0007445886839528,66,0,8,2022-01-01,2022
2022-01,-0.1910819546340755,-0.23424805388997363,0.6457451573014016,0.30220128551532155,0.7209989769774255,0.9912608613588827,-0.44372131039016743,0.0007445886839528,67,1,8,2022-01-01,2022
2022-01,-0.19260781976378868,-0.24831375682076165,0.6457451573014016,0.30220128551532155,0.7209989769774255,0.9912608613588827,-0.44372131039016743,0.0007445886839528,67,0,8,2022-01-01,2022
2022-01,-0.19162621225996046,-0.2433949322755297,0.6457451573014016,0.30220128551532155,0.7209989769774255,0.9912608613588827,-0.44372131039016743,0.0007445886839528,67,1,8,2022-01-01,2022
2022-01,-0.19261267920687694,-0.2483399425981121,0.6457451573014016,0.30220128551532155,0.7209989769774255,0.9912608613588827,-0.44372131039016743,0.0007445886839528,67,0,8,2022-01-01,2022
2022-01,-0.19317151516202669,0.0707015381605658,0.6457451573014016,0.30220128551532155,0.7209989769774255,0.9912608613588827,-0.44372131039016743,0.0007445886839528,68,1,8,2022-01-01,2022
2022-01,-0.1932363077365368,-0.1814730318318116,0.6457451573014016,0.30220128551532155,0.7209989769774255,0.9912608613588827,-0.44372131039016743,0.0007445886839528,68,1,8,2022-01-01,2022
2022-01,-0.19331081919722343,-0.2517527235523579,0.6457451573014016,0.30220128551532155,0.7209989769774255,0.9912608613588827,-0.44372131039016743,0.0007445886839528,69,0,8,2022-01-01,2022
2022-01,-0.1933286371552137,-0.25176469742793384,0.6457451573014016,0.30220128551532155,0.7209989769774255,0.9912608613588827,-0.44372131039016743,0.0007445886839528,69,1,8,2022-01-01,2022
2022-01,-0.1555302690003758,0.576212849446312,0.6457451573014016,0.30220128551532155,0.7209989769774255,0.9912608613588827,-0.44372131039016743,0.0007445886839528,72,1,8,2022-01-01,2022
2022-01,-0.17508790761625379,0.06835127102942697,0.6457451573014016,0.30220128551532155,0.7209989769774255,0.9912608613588827,-0.44372131039016743,0.0007445886839528,72,1,8,2022-01-01,2022
2022-01,-0.19310024333006556,-0.2505732880998543,0.6457451573014016,0.30220128551532155,0.7209989769774255,0.9912608613588827,-0.44372131039016743,0.0007445886839528,73,1,8,2022-01-01,2022
2022-01,-0.1901408424893161,-0.24564116166739156,0.6457451573014016,0.30220128551532155,0.7209989769774255,0.9912608613588827,-0.44372131039016743,0.0007445886839528,75,1,8,2022-01-01,2022
2022-01,-0.19296255910923157,-0.2510346741818197,0.6457451573014016,0.30220128551532155,0.7209989769774255,0.9912608613588827,-0.44372131039016743,0.0007445886839528,75,0,8,2022-01-01,2022
2022-01,-0.19018619729147318,-0.24576570738992767,0.6457451573014016,0.30220128551532155,0.7209989769774255,0.9912608613588827,-0.44372131039016743,0.0007445886839528,75,1,8,2022-01-01,2022
2022-01,-0.19330433993977242,-0.2513515987205638,0.6457451573014016,0.30220128551532155,0.7209989769774255,0.9912608613588827,-0.44372131039016743,0.0007445886839528,77,0,8,2022-01-01,2022
2022-01,-0.19218990765819846,-0.23739095675114735,0.6457451573014016,0.30220128551532155,0.7209989769774255,0.9912608613588827,-0.44372131039016743,0.0007445886839528,77,1,8,2022-01-01,2022
2022-01,-0.19226117949015958,-0.23898059541019995,0.6457451573014016,0.30220128551532155,0.7209989769774255,0.9912608613588827,-0.44372131039016743,0.0007445886839528,77,1,8,2022-01-01,2022
2022-01,-0.19331567864031168,-0.25165143327325856,0.6457451573014016,0.30220128551532155,0.7209989769774255,0.9912608613588827,-0.44372131039016743,0.0007445886839528,78,1,8,2022-01-01,2022
2022-01,-0.19333025696957648,-0.2516327670897698,0.6457451573014016,0.30220128551532155,0.7209989769774255,0.9912608613588827,-0.44372131039016743,0.0007445886839528,78,0,8,2022-01-01,2022
2022-01,-0.19332377771212544,-0.2516945609960148,0.6457451573014016,0.30220128551532155,0.7209989769774255,0.9912608613588827,-0.44372131039016743,0.0007445886839528,78,1,8,2022-01-01,2022
2022-01,-0.07168705776992519,-0.07860846240484079,0.6457451573014016,0.30220128551532155,0.7209989769774255,0.9912608613588827,-0.44372131039016743,0.0007445886839528,79,1,8,2022-01-01,2022
2022-01,-0.16923065888053945,-0.20264468564985064,0.6457451573014016,0.30220128551532155,0.7209989769774255,0.9912608613588827,-0.44372131039016743,0.0007445886839528,79,0,8,2022-01-01,2022
2022-01,-0.16924199758107875,-0.2026539251276587,0.6457451573014016,0.30220128551532155,0.7209989769774255,0.9912608613588827,-0.44372131039016743,0.0007445886839528,79,0,8,2022-01-01,2022
2022-01,-0.07439376757008521,-0.09701476925223018,0.6457451573014016,0.30220128551532155,0.7209989769774255,0.9912608613588827,-0.44372131039016743,0.0007445886839528,79,1,8,2022-01-01,2022
2022-01,0.24768850050533006,-0.16199811101597641,0.6457451573014016,0.30220128551532155,0.7209989769774255,0.9912608613588827,-0.44372131039016743,0.0007445886839528,80,1,8,2022-01-01,2022
2022-01,-0.14706997858371765,-0.24305457377374934,0.6457451573014016,0.30220128551532155,0.7209989769774255,0.9912608613588827,-0.44372131039016743,0.0007445886839528,80,0,8,2022-01-01,2022
2022-01,0.22430809999335533,-0.18469096952854905,0.6457451573014016,0.30220128551532155,0.7209989769774255,0.9912608613588827,-0.44372131039016743,0.0007445886839528,80,1,8,2022-01-01,2022
2022-01,-0.14743767644406253,-0.24319892646355634,0.6457451573014016,0.30220128551532155,0.7209989769774255,0.9912608613588827,-0.44372131039016743,0.0007445886839528,80,0,8,2022-01-01,2022
2022-01,-0.1887834380533292,-0.24907030546687894,0.6457451573014016,0.30220128551532155,0.7209989769774255,0.9912608613588827,-0.44372131039016743,0.0007445886839528,81,0,8,2022-01-01,2022
2022-01,-0.18115411240476326,-0.1786517385603346,0.6457451573014016,0.30220128551532155,0.7209989769774255,0.9912608613588827,-0.44372131039016743,0.0007445886839528,81,1,8,2022-01-01,2022
2022-01,-0.1887931569395057,-0.249073527527943,0.6457451573014016,0.30220128551532155,0.7209989769774255,0.9912608613588827,-0.44372131039016743,0.0007445886839528,81,0,8,2022-01-01,2022
2022-01,-0.18401308475502204,-0.22414873860801443,0.6457451573014016,0.30220128551532155,0.7209989769774255,0.9912608613588827,-0.44372131039016743,0.0007445886839528,81,1,8,2022-01-01,2022
2022-01,-0.191360562704469,-0.24418149398504513,0.6457451573014016,0.30220128551532155,0.7209989769774255,0.9912608613588827,-0.44372131039016743,0.0007445886839528,86,1,8,2022-01-01,2022
2022-01,-0.19141725620716535,-0.24478284814128848,0.6457451573014016,0.30220128551532155,0.7209989769774255,0.9912608613588827,-0.44372131039016743,0.0007445886839528,86,1,8,2022-01-01,2022
2022-01,-0.11598898059121582,-0.13759362399998346,0.6457451573014016,0.30220128551532155,0.7209989769774255,0.9912608613588827,-0.44372131039016743,0.0007445886839528,87,0,8,2022-01-01,2022
2022-01,-0.17864178032813358,-0.23205628168423115,0.6457451573014016,0.30220128551532155,0.7209989769774255,0.9912608613588827,-0.44372131039016743,0.0007445886839528,87,1,8,2022-01-01,2022
2022-01,-0.18066168883848638,-0.23678429054828487,0.6457451573014016,0.30220128551532155,0.7209989769774255,0.9912608613588827,-0.44372131039016743,0.0007445886839528,87,1,8,2022-01-01,2022
2022-01,-0.12021831589236354,-0.16856998786531116,0.6457451573014016,0.30220128551532155,0.7209989769774255,0.9912608613588827,-0.44372131039016743,0.0007445886839528,87,0,8,2022-01-01,2022
2022-01,7.902709264307632,10.45693032884745,0.6457451573014016,0.30220128551532155,0.7209989769774255,0.9912608613588827,-0.44372131039016743,0.0007445886839528,88,1,8,2022-01-01,2022
2022-01,2.8935596930147187,1.8283369937498406,0.6457451573014016,0.30220128551532155,0.7209989769774255,0.9912608613588827,-0.44372131039016743,0.0007445886839528,88,0,8,2022-01-01,2022
2022-01,2.8592828012845057,1.7887052986849639,0.6457451573014016,0.30220128551532155,0.7209989769774255,0.9912608613588827,-0.44372131039016743,0.0007445886839528,88,0,8,2022-01-01,2022
2022-01,7.608688660252548,8.52618079498538,0.6457451573014016,0.30220128551532155,0.7209989769774255,0.9912608613588827,-0.44372131039016743,0.0007445886839528,88,1,8,2022-01-01,2022
2022-01,0.2877724267260122,0.5603213830301138,0.6457451573014016,0.30220128551532155,0.7209989769774255,0.9912608613588827,-0.44372131039016743,0.0007445886839528,89,0,8,2022-01-01,2022
2022-01,-0.18563775856086315,-0.08253732175054633,0.6457451573014016,0.30220128551532155,0.7209989769774255,0.9912608613588827,-0.44372131039016743,0.0007445886839528,89,1,8,2022-01-01,2022
2022-01,0.25063008338808923,0.4063389149667796,0.6457451573014016,0.30220128551532155,0.7209989769774255,0.9912608613588827,-0.44372131039016743,0.0007445886839528,89,0,8,2022-01-01,2022
2022-01,-0.18623870968944445,-0.19508419773746366,0.6457451573014016,0.30220128551532155,0.7209989769774255,0.9912608613588827,-0.44372131039016743,0.0007445886839528,89,1,8,2022-01-01,2022
2022-01,0.06648796681598174,2.761440069486946,0.6457451573014016,0.30220128551532155,0.7209989769774255,0.9912608613588827,-0.44372131039016743,0.0007445886839528,91,0,8,2022-01-01,2022
2022-01,-0.19327356346688013,-0.2509719049489823,0.6457451573014016,0.30220128551532155,0.7209989769774255,0.9912608613588827,-0.44372131039016743,0.0007445886839528,91,1,8,2022-01-01,2022
2022-01,0.04596815846862854,0.599040899545342,0.6457451573014016,0.30220128551532155,0.7209989769774255,0.9912608613588827,-0.44372131039016743,0.0007445886839528,91,0,8,2022-01-01,2022
2022-01,-0.19332053808339994,-0.251507881744581,0.6457451573014016,0.30220128551532155,0.7209989769774255,0.9912608613588827,-0.44372131039016743,0.0007445886839528,94,1,8,2022-01-01,2022
2022-01,-0.19290586560653522,-0.24322604402613343,0.6457451573014016,0.30220128551532155,0.7209989769774255,0.9912608613588827,-0.44372131039016743,0.0007445886839528,95,1,8,2022-01-01,2022
2022-01,-0.19314883776094816,-0.25045125471412083,0.6457451573014016,0.30220128551532155,0.7209989769774255,0.9912608613588827,-0.44372131039016743,0.0007445886839528,95,0,8,2022-01-01,2022
2022-01,-0.19309700370134006,-0.24903751446434716,0.6457451573014016,0.30220128551532155,0.7209989769774255,0.9912608613588827,-0.44372131039016743,0.0007445886839528,95,1,8,2022-01-01,2022
2022-01,-0.19317961423384045,-0.23083725842200517,0.6457451573014016,0.30220128551532155,0.7209989769774255,0.9912608613588827,-0.44372131039016743,0.0007445886839528,97,1,8,2022-01-01,2022
2022-01,-0.03953212285491824,1.0989992846684469,0.6457451573014016,0.30220128551532155,0.7209989769774255,0.9912608613588827,-0.44372131039016743,0.0007445886839528,98,1,8,2022-01-01,2022
2022-01,-0.1765279225847411,-0.22516258624664418,0.6457451573014016,0.30220128551532155,0.7209989769774255,0.9912608613588827,-0.44372131039016743,0.0007445886839528,98,0,8,2022-01-01,2022
2022-01,-0.17654736035709412,-0.22531987943034634,0.6457451573014016,0.30220128551532155,0.7209989769774255,0.9912608613588827,-0.44372131039016743,0.0007445886839528,98,0,8,2022-01-01,2022
2022-01,-0.04422472506381327,0.9548732755655721,0.6457451573014016,0.30220128551532155,0.7209989769774255,0.9912608613588827,-0.44372131039016743,0.0007445886839528,98,1,8,2022-01-01,2022
2022-01,-0.1897002529826473,-0.23936932401517053,0.6457451573014016,0.30220128551532155,0.7209989769774255,0.9912608613588827,-0.44372131039016743,0.0007445886839528,100,0,8,2022-01-01,2022
2022-01,-0.1736932474499236,-0.15226399023081033,0.6457451573014016,0.30220128551532155,0.7209989769774255,0.9912608613588827,-0.44372131039016743,0.0007445886839528,100,1,8,2022-01-01,2022
2022-01,-0.17514784074767564,-0.18712696525467507,0.6457451573014016,0.30220128551532155,0.7209989769774255,0.9912608613588827,-0.44372131039016743,0.0007445886839528,100,1,8,2022-01-01,2022
2022-01,0.8572295046523182,0.6734486262349922,0.6457451573014016,0.30220128551532155,0.7209989769774255,0.9912608613588827,-0.44372131039016743,0.0007445886839528,101,1,8,2022-01-01,2022
2022-01,0.007793993381631971,-0.09128223495594964,0.6457451573014016,0.30220128551532155,0.7209989769774255,0.9912608613588827,-0.44372131039016743,0.0007445886839528,101,0,8,2022-01-01,2022
2022-01,0.007479749395257917,-0.09192538011502131,0.6457451573014016,0.30220128551532155,0.7209989769774255,0.9912608613588827,-0.44372131039016743,0.0007445886839528,101,0,8,2022-01-01,2022
2022-01,0.8349084627335839,0.5311901672662196,0.6457451573014016,0.30220128551532155,0.7209989769774255,0.9912608613588827,-0.44372131039016743,0.0007445886839528,101,1,8,2022-01-01,2022
2022-02,-0.1928929070916332,-0.25062807184621666,0.6457451573014016,0.30220128551532155,0.41707131831937955,0.46504130592747694,-0.5096963703519776,0.00078153331724,0,0,8,2022-02-01,2022
2022-02,-0.1919825714197661,-0.2474188337143522,0.6457451573014016,0.30220128551532155,0.41707131831937955,0.46504130592747694,-0.5096963703519776,0.00078153331724,0,1,8,2022-02-01,2022
2022-02,-0.19209271879643328,-0.24832797307667273,0.6457451573014016,0.30220128551532155,0.41707131831937955,0.46504130592747694,-0.5096963703519776,0.00078153331724,0,1,8,2022-02-01,2022
2022-02,-0.18267835772011368,-0.24752602384850805,0.6457451573014016,0.30220128551532155,0.41707131831937955,0.46504130592747694,-0.5096963703519776,0.00078153331724,2,1,8,2022-02-01,2022
2022-02,-0.19250091201584701,-0.2516129122269966,0.6457451573014016,0.30220128551532155,0.41707131831937955,0.46504130592747694,-0.5096963703519776,0.00078153331724,2,0,8,2022-02-01,2022
2022-02,-0.18269941530682948,-0.2484998526178947,0.6457451573014016,0.30220128551532155,0.41707131831937955,0.46504130592747694,-0.5096963703519776,0.00078153331724,2,1,8,2022-02-01,2022
2022-02,-0.19300305446830038,-0.25120271772872077,0.6457451573014016,0.30220128551532155,0.41707131831937955,0.46504130592747694,-0.5096963703519776,0.00078153331724,3,0,8,2022-02-01,2022
2022-02,-0.19071263695936785,-0.1831977401614974,0.6457451573014016,0.30220128551532155,0.41707131831937955,0.46504130592747694,-0.5096963703519776,0.00078153331724,3,1,8,2022-02-01,2022
2022-02,-0.1916083943019702,-0.21662018393325436,0.6457451573014016,0.30220128551532155,0.41707131831937955,0.46504130592747694,-0.5096963703519776,0.00078153331724,3,1,8,2022-02-01,2022
2022-02,-0.06399779898993739,2.376930709938397,0.6457451573014016,0.30220128551532155,0.41707131831937955,0.46504130592747694,-0.5096963703519776,0.00078153331724,5,1,8,2022-02-01,2022
2022-02,-0.18233819670393558,-0.11184180167109273,0.6457451573014016,0.30220128551532155,0.41707131831937955,0.46504130592747694,-0.5096963703519776,0.00078153331724,5,0,8,2022-02-01,2022
2022-02,-0.18239165057790643,-0.11232364348667842,0.6457451573014016,0.30220128551532155,0.41707131831937955,0.46504130592747694,-0.5096963703519776,0.00078153331724,5,0,8,2022-02-01,2022
2022-02,-0.09147956946840236,1.1421375618517629,0.6457451573014016,0.30220128551532155,0.41707131831937955,0.46504130592747694,-0.5096963703519776,0.00078153331724,5,1,8,2022-02-01,2022
2022-02,-0.19276332194261298,-0.23991644740039628,0.6457451573014016,0.30220128551532155,0.41707131831937955,0.46504130592747694,-0.5096963703519776,0.00078153331724,6,0,8,2022-02-01,2022
2022-02,-0.19149500729657748,-0.13252799103191726,0.6457451573014016,0.30220128551532155,0.41707131831937955,0.46504130592747694,-0.5096963703519776,0.00078153331724,6,1,8,2022-02-01,2022
2022-02,-0.19304193001300646,-0.22407801872179461,0.6457451573014016,0.30220128551532155,0.41707131831937955,0.46504130592747694,-0.5096963703519776,0.00078153331724,6,1,8,2022-02-01,2022
2022-02,-0.19278761915805426,-0.24097324859631936,0.6457451573014016,0.30220128551532155,0.41707131831937955,0.46504130592747694,-0.5096963703519776,0.00078153331724,6,0,8,2022-02-01,2022
2022-02,-0.19333511641266474,-0.25155243326999666,0.6457451573014016,0.30220128551532155,0.41707131831937955,0.46504130592747694,-0.5096963703519776,0.00078153331724,8,1,8,2022-02-01,2022
2022-02,-0.1860410923371886,-0.05024663563581786,0.6457451573014016,0.30220128551532155,0.41707131831937955,0.46504130592747694,-0.5096963703519776,0.00078153331724,9,1,8,2022-02-01,2022
2022-02,-0.19234217020829722,-0.2471977742005374,0.6457451573014016,0.30220128551532155,0.41707131831937955,0.46504130592747694,-0.5096963703519776,0.00078153331724,9,0,8,2022-02-01,2022
2022-02,-0.19234702965138548,-0.24720735330099816,0.6457451573014016,0.30220128551532155,0.41707131831937955,0.46504130592747694,-0.5096963703519776,0.00078153331724,9,0,8,2022-02-01,2022
2022-02,-0.18725919273797875,-0.09620938461030934,0.6457451573014016,0.30220128551532155,0.41707131831937955,0.46504130592747694,-0.5096963703519776,0.00078153331724,9,1,8,2022-02-01,2022
2022-02,-0.18982173905985378,-0.2416503690830707,0.6457451573014016,0.30220128551532155,0.41707131831937955,0.46504130592747694,-0.5096963703519776,0.00078153331724,12,0,8,2022-02-01,2022
2022-02,-0.16780522224131694,-0.19393443137156896,0.6457451573014016,0.30220128551532155,0.41707131831937955,0.46504130592747694,-0.5096963703519776,0.00078153331724,12,1,8,2022-02-01,2022
2022-02,-0.16870583902700753,-0.1993262283561873,0.6457451573014016,0.30220128551532155,0.41707131831937955,0.46504130592747694,-0.5096963703519776,0.00078153331724,12,1,8,2022-02-01,2022
2022-02,-0.18982497868857928,-0.2416515446999454,0.6457451573014016,0.30220128551532155,0.41707131831937955,0.46504130592747694,-0.5096963703519776,0.00078153331724,12,0,8,2022-02-01,2022
2022-02,-0.1930856650008008,-0.2484750166228819,0.6457451573014016,0.30220128551532155,0.41707131831937955,0.46504130592747694,-0.5096963703519776,0.00078153331724,13,1,8,2022-02-01,2022
2022-02,-0.19320067182055622,-0.2494390224601597,0.6457451573014016,0.30220128551532155,0.41707131831937955,0.46504130592747694,-0.5096963703519776,0.00078153331724,13,1,8,2022-02-01,2022
2022-02,-0.19333349659830198,-0.25175777435078267,0.6457451573014016,0.30220128551532155,0.41707131831937955,0.46504130592747694,-0.5096963703519776,0.00078153331724,15,1,8,2022-02-01,2022
2022-02,-0.19249119312967047,-0.25073826198047133,0.6457451573014016,0.30220128551532155,0.41707131831937955,0.46504130592747694,-0.5096963703519776,0.00078153331724,17,0,8,2022-02-01,2022
2022-02,-0.18706319520008566,-0.24487121098890235,0.6457451573014016,0.30220128551532155,0.41707131831937955,0.46504130592747694,-0.5096963703519776,0.00078153331724,18,1,8,2022-02-01,2022
2022-02,-0.19311158203060483,-0.2515615290612978,0.6457451573014016,0.30220128551532155,0.41707131831937955,0.46504130592747694,-0.5096963703519776,0.00078153331724,18,0,8,2022-02-01,2022
2022-02,-0.187113409445331,-0.24508103683035865,0.6457451573014016,0.30220128551532155,0.41707131831937955,0.46504130592747694,-0.5096963703519776,0.00078153331724,18,1,8,2022-02-01,2022
2022-02,-0.1927244463979069,-0.2513280515499766,0.6457451573014016,0.30220128551532155,0.41707131831937955,0.46504130592747694,-0.5096963703519776,0.00078153331724,19,0,8,2022-02-01,2022
2022-02,-0.19319905200619347,-0.2516789949577661,0.6457451573014016,0.30220128551532155,0.41707131831937955,0.46504130592747694,-0.5096963703519776,0.00078153331724,19,1,8,2022-02-01,2022
2022-02,-0.19330272012540967,-0.25174728088164156,0.6457451573014016,0.30220128551532155,0.41707131831937955,0.46504130592747694,-0.5096963703519776,0.00078153331724,19,1,8,2022-02-01,2022
2022-02,-0.19310348295879107,-0.2512241879761626,0.6457451573014016,0.30220128551532155,0.41707131831937955,0.46504130592747694,-0.5096963703519776,0.00078153331724,21,1,8,2022-02-01,2022
2022-02,-0.19333025696957648,-0.2517680326965488,0.6457451573014016,0.30220128551532155,0.41707131831937955,0.46504130592747694,-0.5096963703519776,0.00078153331724,21,0,8,2022-02-01,2022
2022-02,-0.19321363033545827,-0.2516373215166252,0.6457451573014016,0.30220128551532155,0.41707131831937955,0.46504130592747694,-0.5096963703519776,0.00078153331724,21,1,8,2022-02-01,2022
2022-02,-0.19324764643707606,-0.2515644550410749,0.6457451573014016,0.30220128551532155,0.41707131831937955,0.46504130592747694,-0.5096963703519776,0.00078153331724,23,0,8,2022-02-01,2022
2022-02,-0.19291396467834898,-0.2509208701142093,0.6457451573014016,0.30220128551532155,0.41707131831937955,0.46504130592747694,-0.5096963703519776,0.00078153331724,23,1,8,2022-02-01,2022
2022-02,-0.192933402450702,-0.2509960442821434,0.6457451573014016,0.30220128551532155,0.41707131831937955,0.46504130592747694,-0.5096963703519776,0.00078153331724,23,1,8,2022-02-01,2022
2022-02,-0.19322010959290928,-0.24558229809506021,0.6457451573014016,0.30220128551532155,0.41707131831937955,0.46504130592747694,-0.5096963703519776,0.00078153331724,25,1,8,2022-02-01,2022
2022-02,-0.1932363077365368,-0.25135161613711005,0.6457451573014016,0.30220128551532155,0.41707131831937955,0.46504130592747694,-0.5096963703519776,0.00078153331724,25,1,8,2022-02-01,2022
2022-02,-0.19324926625143882,-0.25141485126256075,0.6457451573014016,0.30220128551532155,0.41707131831937955,0.46504130592747694,-0.5096963703519776,0.00078153331724,28,0,8,2022-02-01,2022
2022-02,-0.19267747178138706,-0.23825693791175562,0.6457451573014016,0.30220128551532155,0.41707131831937955,0.46504130592747694,-0.5096963703519776,0.00078153331724,28,1,8,2022-02-01,2022
2022-02,-0.19286699006182914,-0.24733619220219533,0.6457451573014016,0.30220128551532155,0.41707131831937955,0.46504130592747694,-0.5096963703519776,0.00078153331724,28,1,8,2022-02-01,2022
2022-02,-0.19332701734085095,-0.25175717783407214,0.6457451573014016,0.30220128551532155,0.41707131831937955,0.46504130592747694,-0.5096963703519776,0.00078153331724,30,0,8,2022-02-01,2022
2022-02,-0.19330110031104691,-0.2517254274701813,0.6457451573014016,0.30220128551532155,0.41707131831937955,0.46504130592747694,-0.5096963703519776,0.00078153331724,30,1,8,2022-02-01,2022
2022-02,-0.19321039070673277,-0.013950831827443111,0.6457451573014016,0.30220128551532155,0.41707131831937955,0.46504130592747694,-0.5096963703519776,0.00078153331724,30,1,8,2022-02-01,2022
2022-02,-0.07899889980339159,-0.06287642269926556,0.6457451573014016,0.30220128551532155,0.41707131831937955,0.46504130592747694,-0.5096963703519776,0.00078153331724,37,0,8,2022-02-01,2022
2022-02,-0.19189186181545193,-0.2474566189115333,0.6457451573014016,0.30220128551532155,0.41707131831937955,0.46504130592747694,-0.5096963703519776,0.00078153331724,37,1,8,2022-02-01,2022
2022-02,-0.19189186181545193,-0.2474663025112718,0.6457451573014016,0.30220128551532155,0.41707131831937955,0.46504130592747694,-0.5096963703519776,0.00078153331724,37,1,8,2022-02-01,2022
2022-02,-0.07904587441991143,-0.06296170281818572,0.6457451573014016,0.30220128551532155,0.41707131831937955,0.46504130592747694,-0.5096963703519776,0.00078153331724,37,0,8,2022-02-01,2022
2022-02,-0.19299495539648662,-0.22770579823174547,0.6457451573014016,0.30220128551532155,0.41707131831937955,0.46504130592747694,-0.5096963703519776,0.00078153331724,38,1,8,2022-02-01,2022
2022-02,-0.19330757956849792,-0.2513581734667891,0.6457451573014016,0.30220128551532155,0.41707131831937955,0.46504130592747694,-0.5096963703519776,0.00078153331724,38,1,8,2022-02-01,2022
2022-02,-0.19332701734085095,-0.2517124913304227,0.6457451573014016,0.30220128551532155,0.41707131831937955,0.46504130592747694,-0.5096963703519776,0.00078153331724,40,1,8,2022-02-01,2022
2022-02,-0.19331081919722343,-0.2516990239860022,0.6457451573014016,0.30220128551532155,0.41707131831937955,0.46504130592747694,-0.5096963703519776,0.00078153331724,40,0,8,2022-02-01,2022
2022-02,-0.1933286371552137,-0.25172363792004976,0.6457451573014016,0.30220128551532155,0.41707131831937955,0.46504130592747694,-0.5096963703519776,0.00078153331724,40,1,8,2022-02-01,2022
2022-02,-0.16463362571904686,-0.1258278021319107,0.6457451573014016,0.30220128551532155,0.41707131831937955,0.46504130592747694,-0.5096963703519776,0.00078153331724,44,0,8,2022-02-01,2022
2022-02,-0.03459816830597304,0.5905282664637023,0.6457451573014016,0.30220128551532155,0.41707131831937955,0.46504130592747694,-0.5096963703519776,0.00078153331724,44,1,8,2022-02-01,2022
2022-02,-0.043531444516555044,0.24360522890828418,0.6457451573014016,0.30220128551532155,0.41707131831937955,0.46504130592747694,-0.5096963703519776,0.00078153331724,44,1,8,2022-02-01,2022
2022-02,-0.164999703765029,-0.13022181388771734,0.6457451573014016,0.30220128551532155,0.41707131831937955,0.46504130592747694,-0.5096963703519776,0.00078153331724,44,0,8,2022-02-01,2022
2022-02,-0.1932849021674194,-0.24854443462226636,0.6457451573014016,0.30220128551532155,0.41707131831937955,0.46504130592747694,-0.5096963703519776,0.00078153331724,46,1,8,2022-02-01,2022
2022-02,-0.1919339769888835,-0.2244378881095589,0.6457451573014016,0.30220128551532155,0.41707131831937955,0.46504130592747694,-0.5096963703519776,0.00078153331724,48,1,8,2022-02-01,2022
2022-02,-0.19228385689123811,-0.2374947071174105,0.6457451573014016,0.30220128551532155,0.41707131831937955,0.46504130592747694,-0.5096963703519776,0.00078153331724,48,1,8,2022-02-01,2022
2022-02,-0.19197771197667785,-0.24844169876982475,0.6457451573014016,0.30220128551532155,0.41707131831937955,0.46504130592747694,-0.5096963703519776,0.00078153331724,50,0,8,2022-02-01,2022
2022-02,-0.19191939865961874,-0.23980967090921487,0.6457451573014016,0.30220128551532155,0.41707131831937955,0.46504130592747694,-0.5096963703519776,0.00078153331724,50,1,8,2022-02-01,2022
2022-02,-0.19196313364741305,-0.24037448950547355,0.6457451573014016,0.30220128551532155,0.41707131831937955,0.46504130592747694,-0.5096963703519776,0.00078153331724,50,1,8,2022-02-01,2022
2022-02,-0.19276494175697573,-0.2432262399622792,0.6457451573014016,0.30220128551532155,0.41707131831937955,0.46504130592747694,-0.5096963703519776,0.00078153331724,52,1,8,2022-02-01,2022
2022-02,-0.1880205054884726,-0.23471896246862436,0.6457451573014016,0.30220128551532155,0.41707131831937955,0.46504130592747694,-0.5096963703519776,0.00078153331724,52,0,8,2022-02-01,2022
2022-02,-0.18803832344646287,-0.23478890731853416,0.6457451573014016,0.30220128551532155,0.41707131831937955,0.46504130592747694,-0.5096963703519776,0.00078153331724,52,0,8,2022-02-01,2022
2022-02,-0.19291882412143724,-0.24988393684346918,0.6457451573014016,0.30220128551532155,0.41707131831937955,0.46504130592747694,-0.5096963703519776,0.00078153331724,52,1,8,2022-02-01,2022
2022-02,-0.19321363033545827,-0.24803944186252164,0.6457451573014016,0.30220128551532155,0.41707131831937955,0.46504130592747694,-0.5096963703519776,0.00078153331724,53,1,8,2022-02-01,2022
2022-02,-0.1932265888503603,-0.24852736640689993,0.6457451573014016,0.30220128551532155,0.41707131831937955,0.46504130592747694,-0.5096963703519776,0.00078153331724,53,1,8,2022-02-01,2022
2022-02,-0.19330919938286067,-0.25125114008154986,0.6457451573014016,0.30220128551532155,0.41707131831937955,0.46504130592747694,-0.5096963703519776,0.00078153331724,58,1,8,2022-02-01,2022
2022-02,-0.19333511641266474,-0.2517691386472384,0.6457451573014016,0.30220128551532155,0.41707131831937955,0.46504130592747694,-0.5096963703519776,0.00078153331724,58,0,8,2022-02-01,2022
2022-02,-0.11998830225285263,-0.1360051609578056,0.6457451573014016,0.30220128551532155,0.41707131831937955,0.46504130592747694,-0.5096963703519776,0.00078153331724,60,0,8,2022-02-01,2022
2022-02,-0.12386127839419471,-0.17257558451398047,0.6457451573014016,0.30220128551532155,0.41707131831937955,0.46504130592747694,-0.5096963703519776,0.00078153331724,60,0,8,2022-02-01,2022
2022-02,-0.1933253975264882,-0.2516695247107196,0.6457451573014016,0.30220128551532155,0.41707131831937955,0.46504130592747694,-0.5096963703519776,0.00078153331724,66,0,8,2022-02-01,2022
2022-02,-0.19333187678393923,-0.2517642184729108,0.6457451573014016,0.30220128551532155,0.41707131831937955,0.46504130592747694,-0.5096963703519776,0.00078153331724,66,1,8,2022-02-01,2022
2022-02,-0.19332701734085095,-0.2516696901679094,0.6457451573014016,0.30220128551532155,0.41707131831937955,0.46504130592747694,-0.5096963703519776,0.00078153331724,66,0,8,2022-02-01,2022
2022-02,-0.19256246496163162,-0.24730964938564587,0.6457451573014016,0.30220128551532155,0.41707131831937955,0.46504130592747694,-0.5096963703519776,0.00078153331724,67,0,8,2022-02-01,2022
2022-02,-0.1909102543116237,-0.23335852991291478,0.6457451573014016,0.30220128551532155,0.41707131831937955,0.46504130592747694,-0.5096963703519776,0.00078153331724,67,1,8,2022-02-01,2022
2022-02,-0.19256732440471988,-0.24739500352488777,0.6457451573014016,0.30220128551532155,0.41707131831937955,0.46504130592747694,-0.5096963703519776,0.00078153331724,67,0,8,2022-02-01,2022
2022-02,-0.19163917077486248,-0.24354815434153604,0.6457451573014016,0.30220128551532155,0.41707131831937955,0.46504130592747694,-0.5096963703519776,0.00078153331724,67,1,8,2022-02-01,2022
2022-02,-0.19321525014982102,-0.0798568412558424,0.6457451573014016,0.30220128551532155,0.41707131831937955,0.46504130592747694,-0.5096963703519776,0.00078153331724,68,1,8,2022-02-01,2022
2022-02,-0.1932849021674194,-0.23876081165840107,0.6457451573014016,0.30220128551532155,0.41707131831937955,0.46504130592747694,-0.5096963703519776,0.00078153331724,68,1,8,2022-02-01,2022
2022-02,-0.1933286371552137,-0.25176469742793384,0.6457451573014016,0.30220128551532155,0.41707131831937955,0.46504130592747694,-0.5096963703519776,0.00078153331724,69,1,8,2022-02-01,2022
2022-02,-0.19331081919722343,-0.2517527235523579,0.6457451573014016,0.30220128551532155,0.41707131831937955,0.46504130592747694,-0.5096963703519776,0.00078153331724,69,0,8,2022-02-01,2022
2022-02,-0.16716863519675507,0.22822015292967063,0.6457451573014016,0.30220128551532155,0.41707131831937955,0.46504130592747694,-0.5096963703519776,0.00078153331724,72,1,8,2022-02-01,2022
2022-02,-0.18095163560941913,-0.058718043752383764,0.6457451573014016,0.30220128551532155,0.41707131831937955,0.46504130592747694,-0.5096963703519776,0.00078153331724,72,1,8,2022-02-01,2022
2022-02,-0.1931439783178599,-0.2497406291464397,0.6457451573014016,0.30220128551532155,0.41707131831937955,0.46504130592747694,-0.5096963703519776,0.00078153331724,73,1,8,2022-02-01,2022
2022-02,-0.19300953372575141,-0.25118981642205473,0.6457451573014016,0.30220128551532155,0.41707131831937955,0.46504130592747694,-0.5096963703519776,0.00078153331724,75,0,8,2022-02-01,2022
2022-02,-0.19088757691054517,-0.24698017622529822,0.6457451573014016,0.30220128551532155,0.41707131831937955,0.46504130592747694,-0.5096963703519776,0.00078153331724,75,1,8,2022-02-01,2022
2022-02,-0.19301439316883967,-0.25121632875964817,0.6457451573014016,0.30220128551532155,0.41707131831937955,0.46504130592747694,-0.5096963703519776,0.00078153331724,75,0,8,2022-02-01,2022
2022-02,-0.1909070146828982,-0.24702400060990617,0.6457451573014016,0.30220128551532155,0.41707131831937955,0.46504130592747694,-0.5096963703519776,0.00078153331724,75,1,8,2022-02-01,2022
2022-02,-0.19330595975413517,-0.25111974530218434,0.6457451573014016,0.30220128551532155,0.41707131831937955,0.46504130592747694,-0.5096963703519776,0.00078153331724,77,0,8,2022-02-01,2022
2022-02,-0.1924458383275134,-0.2417144402027434,0.6457451573014016,0.30220128551532155,0.41707131831937955,0.46504130592747694,-0.5096963703519776,0.00078153331724,77,1,8,2022-02-01,2022
2022-02,-0.19248795350094497,-0.2425664184601327,0.6457451573014016,0.30220128551532155,0.41707131831937955,0.46504130592747694,-0.5096963703519776,0.00078153331724,77,1,8,2022-02-01,2022
2022-02,-0.1932978606823214,-0.25141171628422815,0.6457451573014016,0.30220128551532155,0.41707131831937955,0.46504130592747694,-0.5096963703519776,0.00078153331724,78,1,8,2022-02-01,2022
2022-02,-0.19333187678393923,-0.25165131571157107,0.6457451573014016,0.30220128551532155,0.41707131831937955,0.46504130592747694,-0.5096963703519776,0.00078153331724,78,0,8,2022-02-01,2022
2022-02,-0.19330757956849792,-0.2514652242685746,0.6457451573014016,0.30220128551532155,0.41707131831937955,0.46504130592747694,-0.5096963703519776,0.00078153331724,78,1,8,2022-02-01,2022
2022-02,-0.0006160827897808604,-0.012285313630331633,0.6457451573014016,0.30220128551532155,0.41707131831937955,0.46504130592747694,-0.5096963703519776,0.00078153331724,79,1,8,2022-02-01,2022
2022-02,-0.16605582272954386,-0.19536494810955868,0.6457451573014016,0.30220128551532155,0.41707131831937955,0.46504130592747694,-0.5096963703519776,0.00078153331724,79,0,8,2022-02-01,2022
2022-02,-0.003389204978813751,-0.03281221561290353,0.6457451573014016,0.30220128551532155,0.41707131831937955,0.46504130592747694,-0.5096963703519776,0.00078153331724,79,1,8,2022-02-01,2022
2022-02,-0.16607364068753414,-0.19539901487410638,0.6457451573014016,0.30220128551532155,0.41707131831937955,0.46504130592747694,-0.5096963703519776,0.00078153331724,79,0,8,2022-02-01,2022
2022-02,-0.14066199296466733,-0.23791100176102517,0.6457451573014016,0.30220128551532155,0.41707131831937955,0.46504130592747694,-0.5096963703519776,0.00078153331724,80,0,8,2022-02-01,2022
2022-02,0.24207746355275417,-0.1553626986057674,0.6457451573014016,0.30220128551532155,0.41707131831937955,0.46504130592747694,-0.5096963703519776,0.00078153331724,80,1,8,2022-02-01,2022
2022-02,0.22289238224030933,-0.17466504757266554,0.6457451573014016,0.30220128551532155,0.41707131831937955,0.46504130592747694,-0.5096963703519776,0.00078153331724,80,1,8,2022-02-01,2022
2022-02,-0.1407769997844228,-0.2384635286297381,0.6457451573014016,0.30220128551532155,0.41707131831937955,0.46504130592747694,-0.5096963703519776,0.00078153331724,80,0,8,2022-02-01,2022
2022-02,-0.19158733671525438,-0.25076049420181346,0.6457451573014016,0.30220128551532155,0.41707131831937955,0.46504130592747694,-0.5096963703519776,0.00078153331724,81,0,8,2022-02-01,2022
2022-02,-0.18552437155547044,-0.2224479519046611,0.6457451573014016,0.30220128551532155,0.41707131831937955,0.46504130592747694,-0.5096963703519776,0.00078153331724,81,1,8,2022-02-01,2022
2022-02,-0.18747300823386215,-0.2410153618052541,0.6457451573014016,0.30220128551532155,0.41707131831937955,0.46504130592747694,-0.5096963703519776,0.00078153331724,81,1,8,2022-02-01,2022
2022-02,-0.19262401790741623,-0.2489952749854518,0.6457451573014016,0.30220128551532155,0.41707131831937955,0.46504130592747694,-0.5096963703519776,0.00078153331724,86,1,8,2022-02-01,2022
2022-02,-0.19333511641266474,-0.25176156244960124,0.6457451573014016,0.30220128551532155,0.41707131831937955,0.46504130592747694,-0.5096963703519776,0.00078153331724,86,0,8,2022-02-01,2022
2022-02,-0.19266127363775953,-0.24915082651452475,0.6457451573014016,0.30220128551532155,0.41707131831937955,0.46504130592747694,-0.5096963703519776,0.00078153331724,86,1,8,2022-02-01,2022
2022-02,-0.1830282376224683,-0.24184911800108505,0.6457451573014016,0.30220128551532155,0.41707131831937955,0.46504130592747694,-0.5096963703519776,0.00078153331724,87,1,8,2022-02-01,2022
2022-02,-0.11966595919466481,-0.16819100817212768,0.6457451573014016,0.30220128551532155,0.41707131831937955,0.46504130592747694,-0.5096963703519776,0.00078153331724,87,0,8,2022-02-01,2022
2022-02,-0.18458973866816206,-0.24461731693119004,0.6457451573014016,0.30220128551532155,0.41707131831937955,0.46504130592747694,-0.5096963703519776,0.00078153331724,87,1,8,2022-02-01,2022
2022-02,-0.12366528085630162,-0.19465099598153573,0.6457451573014016,0.30220128551532155,0.41707131831937955,0.46504130592747694,-0.5096963703519776,0.00078153331724,87,0,8,2022-02-01,2022
2022-02,2.785547231677633,1.7058996921830571,0.6457451573014016,0.30220128551532155,0.41707131831937955,0.46504130592747694,-0.5096963703519776,0.00078153331724,88,0,8,2022-02-01,2022
2022-02,6.908478547150469,8.218809924190333,0.6457451573014016,0.30220128551532155,0.41707131831937955,0.46504130592747694,-0.5096963703519776,0.00078153331724,88,1,8,2022-02-01,2022
2022-02,6.66519376856553,6.838807745194457,0.6457451573014016,0.30220128551532155,0.41707131831937955,0.46504130592747694,-0.5096963703519776,0.00078153331724,88,1,8,2022-02-01,2022
2022-02,2.7581675095040215,1.6717494631913845,0.6457451573014016,0.30220128551532155,0.41707131831937955,0.46504130592747694,-0.5096963703519776,0.00078153331724,88,0,8,2022-02-01,2022
2022-02,0.15329543833027007,0.2698394852153345,0.6457451573014016,0.30220128551532155,0.41707131831937955,0.46504130592747694,-0.5096963703519776,0.00078153331724,89,0,8,2022-02-01,2022
2022-02,-0.18713122740332128,-0.09533134684553024,0.6457451573014016,0.30220128551532155,0.41707131831937955,0.46504130592747694,-0.5096963703519776,0.00078153331724,89,1,8,2022-02-01,2022
2022-02,-0.18773055871753985,-0.2114493506714462,0.6457451573014016,0.30220128551532155,0.41707131831937955,0.46504130592747694,-0.5096963703519776,0.00078153331724,89,1,8,2022-02-01,2022
2022-02,0.1348506121816033,0.20237574424069013,0.6457451573014016,0.30220128551532155,0.41707131831937955,0.46504130592747694,-0.5096963703519776,0.00078153331724,89,0,8,2022-02-01,2022
2022-02,0.04595196032500101,2.5772843319243672,0.6457451573014016,0.30220128551532155,0.41707131831937955,0.46504130592747694,-0.5096963703519776,0.00078153331724,91,0,8,2022-02-01,2022
2022-02,-0.19323792755089955,-0.2514270689697848,0.6457451573014016,0.30220128551532155,0.41707131831937955,0.46504130592747694,-0.5096963703519776,0.00078153331724,91,1,8,2022-02-01,2022
2022-02,0.03154695119703986,0.5581672958764112,0.6457451573014016,0.30220128551532155,0.41707131831937955,0.46504130592747694,-0.5096963703519776,0.00078153331724,91,0,8,2022-02-01,2022
2022-02,-0.19330433993977242,-0.2514318541658786,0.6457451573014016,0.30220128551532155,0.41707131831937955,0.46504130592747694,-0.5096963703519776,0.00078153331724,94,1,8,2022-02-01,2022
2022-02,-0.19322820866472304,-0.25099954500794813,0.6457451573014016,0.30220128551532155,0.41707131831937955,0.46504130592747694,-0.5096963703519776,0.00078153331724,95,0,8,2022-02-01,2022
2022-02,-0.19301601298320242,-0.24535897878436402,0.6457451573014016,0.30220128551532155,0.41707131831937955,0.46504130592747694,-0.5096963703519776,0.00078153331724,95,1,8,2022-02-01,2022
2022-02,-0.1931504575753109,-0.24965397312036247,0.6457451573014016,0.30220128551532155,0.41707131831937955,0.46504130592747694,-0.5096963703519776,0.00078153331724,95,1,8,2022-02-01,2022
2022-02,-0.193202291634919,-0.2361238289880621,0.6457451573014016,0.30220128551532155,0.41707131831937955,0.46504130592747694,-0.5096963703519776,0.00078153331724,97,1,8,2022-02-01,2022
2022-02,-0.19320391144928176,-0.23612818312463518,0.6457451573014016,0.30220128551532155,0.41707131831937955,0.46504130592747694,-0.5096963703519776,0.00078153331724,97,1,8,2022-02-01,2022
2022-02,-0.0365338464694627,0.6486442988574943,0.6457451573014016,0.30220128551532155,0.41707131831937955,0.46504130592747694,-0.5096963703519776,0.00078153331724,98,1,8,2022-02-01,2022
2022-02,-0.17467323513938907,-0.22417967910250267,0.6457451573014016,0.30220128551532155,0.41707131831937955,0.46504130592747694,-0.5096963703519776,0.00078153331724,98,0,8,2022-02-01,2022
2022-02,-0.17467647476811457,-0.22418718998809123,0.6457451573014016,0.30220128551532155,0.41707131831937955,0.46504130592747694,-0.5096963703519776,0.00078153331724,98,0,8,2022-02-01,2022
2022-02,-0.03986904424237083,0.5744976461967652,0.6457451573014016,0.30220128551532155,0.41707131831937955,0.46504130592747694,-0.5096963703519776,0.00078153331724,98,1,8,2022-02-01,2022
2022-02,-0.1726209303417812,-0.18125202892177228,0.6457451573014016,0.30220128551532155,0.41707131831937955,0.46504130592747694,-0.5096963703519776,0.00078153331724,100,1,8,2022-02-01,2022
2022-02,-0.1885323668271025,-0.23665921362108686,0.6457451573014016,0.30220128551532155,0.41707131831937955,0.46504130592747694,-0.5096963703519776,0.00078153331724,100,0,8,2022-02-01,2022
2022-02,-0.1736997267073746,-0.19784170726228179,0.6457451573014016,0.30220128551532155,0.41707131831937955,0.46504130592747694,-0.5096963703519776,0.00078153331724,100,1,8,2022-02-01,2022
2022-02,0.8131592152849013,0.7463998637619945,0.6457451573014016,0.30220128551532155,0.41707131831937955,0.46504130592747694,-0.5096963703519776,0.00078153331724,101,1,8,2022-02-01,2022
2022-02,0.018619212767909312,-0.053152773612557734,0.6457451573014016,0.30220128551532155,0.41707131831937955,0.46504130592747694,-0.5096963703519776,0.00078153331724,101,0,8,2022-02-01,2022
2022-02,0.01836814154168262,-0.05352620613574712,0.6457451573014016,0.30220128551532155,0.41707131831937955,0.46504130592747694,-0.5096963703519776,0.00078153331724,101,0,8,2022-02-01,2022
2022-02,0.7929066763074023,0.6111728955909368,0.6457451573014016,0.30220128551532155,0.41707131831937955,0.46504130592747694,-0.5096963703519776,0.00078153331724,101,1,8,2022-02-01,2022
2022-03,-0.19140105806353783,-0.24837616030612691,0.6457451573014016,0.30220128551532155,0.866633132720219,0.7618687265418947,-0.4261596037816281,0.0007227490162256,0,1,8,2022-03-01,2022
2022-03,-0.1927212067691814,-0.2506769426751128,0.6457451573014016,0.30220128551532155,0.866633132720219,0.7618687265418947,-0.4261596037816281,0.0007227490162256,0,0,8,2022-03-01,2022
2022-03,-0.1928783287623684,-0.2507174274369692,0.6457451573014016,0.30220128551532155,0.866633132720219,0.7618687265418947,-0.4261596037816281,0.0007227490162256,0,0,8,2022-03-01,2022
2022-03,-0.19196961290486406,-0.24896347672605865,0.6457451573014016,0.30220128551532155,0.866633132720219,0.7618687265418947,-0.4261596037816281,0.0007227490162256,0,1,8,2022-03-01,2022
2022-03,-0.19231139373540493,-0.251563658234082,0.6457451573014016,0.30220128551532155,0.866633132720219,0.7618687265418947,-0.4261596037816281,0.0007227490162256,2,0,8,2022-03-01,2022
2022-03,-0.17848303852058378,-0.24656517911438228,0.6457451573014016,0.30220128551532155,0.866633132720219,0.7618687265418947,-0.4261596037816281,0.0007227490162256,2,1,8,2022-03-01,2022
2022-03,-0.1785138149934761,-0.24799432429935148,0.6457451573014016,0.30220128551532155,0.866633132720219,0.7618687265418947,-0.4261596037816281,0.0007227490162256,2,1,8,2022-03-01,2022
2022-03,-0.19312130091678134,-0.25139634182798865,0.6457451573014016,0.30220128551532155,0.866633132720219,0.7618687265418947,-0.4261596037816281,0.0007227490162256,3,0,8,2022-03-01,2022
2022-03,-0.1905393168225533,-0.2046138700398412,0.6457451573014016,0.30220128551532155,0.866633132720219,0.7618687265418947,-0.4261596037816281,0.0007227490162256,3,1,8,2022-03-01,2022
2022-03,-0.19162621225996046,-0.2276845152121763,0.6457451573014016,0.30220128551532155,0.866633132720219,0.7618687265418947,-0.4261596037816281,0.0007227490162256,3,1,8,2022-03-01,2022
2022-03,-0.17892686765597807,-0.11950589190909934,0.6457451573014016,0.30220128551532155,0.866633132720219,0.7618687265418947,-0.4261596037816281,0.0007227490162256,5,0,8,2022-03-01,2022
2022-03,-0.06509117368479557,1.9809457578491905,0.6457451573014016,0.30220128551532155,0.866633132720219,0.7618687265418947,-0.4261596037816281,0.0007227490162256,5,1,8,2022-03-01,2022
2022-03,-0.09351405630801994,0.7671544783790649,0.6457451573014016,0.30220128551532155,0.866633132720219,0.7618687265418947,-0.4261596037816281,0.0007227490162256,5,1,8,2022-03-01,2022
2022-03,-0.17919899646892054,-0.12192905599474452,0.6457451573014016,0.30220128551532155,0.866633132720219,0.7618687265418947,-0.4261596037816281,0.0007227490162256,5,0,8,2022-03-01,2022
2022-03,-0.19150634599711674,-0.14960832831457294,0.6457451573014016,0.30220128551532155,0.866633132720219,0.7618687265418947,-0.4261596037816281,0.0007227490162256,6,1,8,2022-03-01,2022
2022-03,-0.19279895785859352,-0.24260156069641395,0.6457451573014016,0.30220128551532155,0.866633132720219,0.7618687265418947,-0.4261596037816281,0.0007227490162256,6,0,8,2022-03-01,2022
2022-03,-0.1930889046295263,-0.22595804345717843,0.6457451573014016,0.30220128551532155,0.866633132720219,0.7618687265418947,-0.4261596037816281,0.0007227490162256,6,1,8,2022-03-01,2022
2022-03,-0.19282325507403483,-0.24338580165113596,0.6457451573014016,0.30220128551532155,0.866633132720219,0.7618687265418947,-0.4261596037816281,0.0007227490162256,6,0,8,2022-03-01,2022
2022-03,-0.1923356909508462,-0.24578014570680398,0.6457451573014016,0.30220128551532155,0.866633132720219,0.7618687265418947,-0.4261596037816281,0.0007227490162256,9,0,8,2022-03-01,2022
2022-03,-0.1839288544081589,0.15261722010484902,0.6457451573014016,0.30220128551532155,0.866633132720219,0.7618687265418947,-0.4261596037816281,0.0007227490162256,9,1,8,2022-03-01,2022
2022-03,-0.19233731076520896,-0.24579103104823666,0.6457451573014016,0.30220128551532155,0.866633132720219,0.7618687265418947,-0.4261596037816281,0.0007227490162256,9,0,8,2022-03-01,2022
2022-03,-0.18591312700253113,0.06381744359412245,0.6457451573014016,0.30220128551532155,0.866633132720219,0.7618687265418947,-0.4261596037816281,0.0007227490162256,9,1,8,2022-03-01,2022
2022-03,-0.18982497868857928,-0.24162322539567416,0.6457451573014016,0.30220128551532155,0.866633132720219,0.7618687265418947,-0.4261596037816281,0.0007227490162256,12,0,8,2022-03-01,2022
2022-03,-0.16932460811357913,-0.19040371862824157,0.6457451573014016,0.30220128551532155,0.866633132720219,0.7618687265418947,-0.4261596037816281,0.0007227490162256,12,1,8,2022-03-01,2022
2022-03,-0.1703078354317701,-0.19593571010223962,0.6457451573014016,0.30220128551532155,0.866633132720219,0.7618687265418947,-0.4261596037816281,0.0007227490162256,12,1,8,2022-03-01,2022
2022-03,-0.18982659850294203,-0.24162757953224723,0.6457451573014016,0.30220128551532155,0.866633132720219,0.7618687265418947,-0.4261596037816281,0.0007227490162256,12,0,8,2022-03-01,2022
2022-03,-0.1933253975264882,-0.25173696593209993,0.6457451573014016,0.30220128551532155,0.866633132720219,0.7618687265418947,-0.4261596037816281,0.0007227490162256,13,0,8,2022-03-01,2022
2022-03,-0.1929852365103101,-0.24666561162857673,0.6457451573014016,0.30220128551532155,0.866633132720219,0.7618687265418947,-0.4261596037816281,0.0007227490162256,13,1,8,2022-03-01,2022
2022-03,-0.19316665571893843,-0.24848389906149096,0.6457451573014016,0.30220128551532155,0.866633132720219,0.7618687265418947,-0.4261596037816281,0.0007227490162256,13,1,8,2022-03-01,2022
2022-03,-0.19333349659830198,-0.2512981386317196,0.6457451573014016,0.30220128551532155,0.866633132720219,0.7618687265418947,-0.4261596037816281,0.0007227490162256,15,1,8,2022-03-01,2022
2022-03,-0.19214779248476688,-0.25037996443600996,0.6457451573014016,0.30220128551532155,0.866633132720219,0.7618687265418947,-0.4261596037816281,0.0007227490162256,17,0,8,2022-03-01,2022
2022-03,-0.192225543574179,-0.2504320050763313,0.6457451573014016,0.30220128551532155,0.866633132720219,0.7618687265418947,-0.4261596037816281,0.0007227490162256,17,0,8,2022-03-01,2022
2022-03,-0.19009386787279625,-0.2483124854128823,0.6457451573014016,0.30220128551532155,0.866633132720219,0.7618687265418947,-0.4261596037816281,0.0007227490162256,18,1,8,2022-03-01,2022
2022-03,-0.19320067182055622,-0.25164842456488656,0.6457451573014016,0.30220128551532155,0.866633132720219,0.7618687265418947,-0.4261596037816281,0.0007227490162256,18,0,8,2022-03-01,2022
2022-03,-0.1901473217467671,-0.24851163491146142,0.6457451573014016,0.30220128551532155,0.866633132720219,0.7618687265418947,-0.4261596037816281,0.0007227490162256,18,1,8,2022-03-01,2022
2022-03,-0.19320391144928176,-0.2516813505456521,0.6457451573014016,0.30220128551532155,0.866633132720219,0.7618687265418947,-0.4261596037816281,0.0007227490162256,19,1,8,2022-03-01,2022
2022-03,-0.19278113990060325,-0.2514005130908256,0.6457451573014016,0.30220128551532155,0.866633132720219,0.7618687265418947,-0.4261596037816281,0.0007227490162256,19,0,8,2022-03-01,2022
2022-03,-0.19330272012540967,-0.25174728088164156,0.6457451573014016,0.30220128551532155,0.866633132720219,0.7618687265418947,-0.4261596037816281,0.0007227490162256,19,1,8,2022-03-01,2022
2022-03,-0.19294960059432956,-0.2511087772321568,0.6457451573014016,0.30220128551532155,0.866633132720219,0.7618687265418947,-0.4261596037816281,0.0007227490162256,21,1,8,2022-03-01,2022
2022-03,-0.1933286371552137,-0.25173033458209915,0.6457451573014016,0.30220128551532155,0.866633132720219,0.7618687265418947,-0.4261596037816281,0.0007227490162256,21,0,8,2022-03-01,2022
2022-03,-0.19315531701839916,-0.2515745130965587,0.6457451573014016,0.30220128551532155,0.866633132720219,0.7618687265418947,-0.4261596037816281,0.0007227490162256,21,1,8,2022-03-01,2022
2022-03,-0.19323468792217405,-0.2516257612840237,0.6457451573014016,0.30220128551532155,0.866633132720219,0.7618687265418947,-0.4261596037816281,0.0007227490162256,23,0,8,2022-03-01,2022
2022-03,-0.1921639906283944,-0.25068916038233685,0.6457451573014016,0.30220128551532155,0.866633132720219,0.7618687265418947,-0.4261596037816281,0.0007227490162256,23,1,8,2022-03-01,2022
2022-03,-0.1921818085863847,-0.2507826175697412,0.6457451573014016,0.30220128551532155,0.866633132720219,0.7618687265418947,-0.4261596037816281,0.0007227490162256,23,1,8,2022-03-01,2022
2022-03,-0.1931844736769287,-0.24321555926526547,0.6457451573014016,0.30220128551532155,0.866633132720219,0.7618687265418947,-0.4261596037816281,0.0007227490162256,25,1,8,2022-03-01,2022
2022-03,-0.19320391144928176,-0.25120100219891095,0.6457451573014016,0.30220128551532155,0.866633132720219,0.7618687265418947,-0.4261596037816281,0.0007227490162256,25,1,8,2022-03-01,2022
2022-03,-0.19250415164457252,-0.23053875188096518,0.6457451573014016,0.30220128551532155,0.866633132720219,0.7618687265418947,-0.4261596037816281,0.0007227490162256,28,1,8,2022-03-01,2022
2022-03,-0.19327356346688013,-0.25153674531592385,0.6457451573014016,0.30220128551532155,0.866633132720219,0.7618687265418947,-0.4261596037816281,0.0007227490162256,28,0,8,2022-03-01,2022
2022-03,-0.19280219748731903,-0.24690502382804702,0.6457451573014016,0.30220128551532155,0.866633132720219,0.7618687265418947,-0.4261596037816281,0.0007227490162256,28,1,8,2022-03-01,2022
2022-03,-0.19260134050633768,-0.25065648258735596,0.6457451573014016,0.30220128551532155,0.866633132720219,0.7618687265418947,-0.4261596037816281,0.0007227490162256,30,1,8,2022-03-01,2022
2022-03,-0.19332377771212544,-0.2517567467745514,0.6457451573014016,0.30220128551532155,0.866633132720219,0.7618687265418947,-0.4261596037816281,0.0007227490162256,30,0,8,2022-03-01,2022
2022-03,-0.1924733751716802,0.08453606691827979,0.6457451573014016,0.30220128551532155,0.866633132720219,0.7618687265418947,-0.4261596037816281,0.0007227490162256,30,1,8,2022-03-01,2022
2022-03,-0.19191939865961874,-0.24754385403777476,0.6457451573014016,0.30220128551532155,0.866633132720219,0.7618687265418947,-0.4261596037816281,0.0007227490162256,37,1,8,2022-03-01,2022
2022-03,-0.0777273455286306,-0.06537837488620045,0.6457451573014016,0.30220128551532155,0.866633132720219,0.7618687265418947,-0.4261596037816281,0.0007227490162256,37,0,8,2022-03-01,2022
2022-03,-0.07780185698931723,-0.06550215428069969,0.6457451573014016,0.30220128551532155,0.866633132720219,0.7618687265418947,-0.4261596037816281,0.0007227490162256,37,0,8,2022-03-01,2022
2022-03,-0.19252034978820004,-0.20033992360003697,0.6457451573014016,0.30220128551532155,0.866633132720219,0.7618687265418947,-0.4261596037816281,0.0007227490162256,38,1,8,2022-03-01,2022
2022-03,-0.19330272012540967,-0.25144801672083783,0.6457451573014016,0.30220128551532155,0.866633132720219,0.7618687265418947,-0.4261596037816281,0.0007227490162256,38,1,8,2022-03-01,2022
2022-03,-0.19331081919722343,-0.25168828668521304,0.6457451573014016,0.30220128551532155,0.866633132720219,0.7618687265418947,-0.4261596037816281,0.0007227490162256,40,0,8,2022-03-01,2022
2022-03,-0.1933253975264882,-0.25169741295547016,0.6457451573014016,0.30220128551532155,0.866633132720219,0.7618687265418947,-0.4261596037816281,0.0007227490162256,40,1,8,2022-03-01,2022
2022-03,-0.19333349659830198,-0.2517475421298359,0.6457451573014016,0.30220128551532155,0.866633132720219,0.7618687265418947,-0.4261596037816281,0.0007227490162256,40,1,8,2022-03-01,2022
2022-03,-0.19329624086795866,-0.2517495014912938,0.6457451573014016,0.30220128551532155,0.866633132720219,0.7618687265418947,-0.4261596037816281,0.0007227490162256,43,0,8,2022-03-01,2022
2022-03,-0.16090481305598978,-0.11952820250489975,0.6457451573014016,0.30220128551532155,0.866633132720219,0.7618687265418947,-0.4261596037816281,0.0007227490162256,44,0,8,2022-03-01,2022
2022-03,-0.013626431751411804,0.8796461482683723,0.6457451573014016,0.30220128551532155,0.866633132720219,0.7618687265418947,-0.4261596037816281,0.0007227490162256,44,1,8,2022-03-01,2022
2022-03,-0.026985040801034612,0.29696418422226073,0.6457451573014016,0.30220128551532155,0.866633132720219,0.7618687265418947,-0.4261596037816281,0.0007227490162256,44,1,8,2022-03-01,2022
2022-03,-0.16173739763844475,-0.12368491381747405,0.6457451573014016,0.30220128551532155,0.866633132720219,0.7618687265418947,-0.4261596037816281,0.0007227490162256,44,0,8,2022-03-01,2022
2022-03,-0.19320877089237,-0.24735744474280846,0.6457451573014016,0.30220128551532155,0.866633132720219,0.7618687265418947,-0.4261596037816281,0.0007227490162256,46,1,8,2022-03-01,2022
2022-03,-0.19333511641266474,-0.2517657859620771,0.6457451573014016,0.30220128551532155,0.866633132720219,0.7618687265418947,-0.4261596037816281,0.0007227490162256,46,0,8,2022-03-01,2022
2022-03,-0.19200848844957014,-0.23240749940262473,0.6457451573014016,0.30220128551532155,0.866633132720219,0.7618687265418947,-0.4261596037816281,0.0007227490162256,48,1,8,2022-03-01,2022
2022-03,-0.19333511641266474,-0.25176658712320654,0.6457451573014016,0.30220128551532155,0.866633132720219,0.7618687265418947,-0.4261596037816281,0.0007227490162256,48,0,8,2022-03-01,2022
2022-03,-0.1924830940578567,-0.24264081323762016,0.6457451573014016,0.30220128551532155,0.866633132720219,0.7618687265418947,-0.4261596037816281,0.0007227490162256,48,1,8,2022-03-01,2022
2022-03,-0.19329624086795866,-0.2517442765274061,0.6457451573014016,0.30220128551532155,0.866633132720219,0.7618687265418947,-0.4261596037816281,0.0007227490162256,49,1,8,2022-03-01,2022
2022-03,-0.19257056403344538,-0.2436900556524524,0.6457451573014016,0.30220128551532155,0.866633132720219,0.7618687265418947,-0.4261596037816281,0.0007227490162256,50,1,8,2022-03-01,2022
2022-03,-0.19260619994942593,-0.2499055681939642,0.6457451573014016,0.30220128551532155,0.866633132720219,0.7618687265418947,-0.4261596037816281,0.0007227490162256,50,0,8,2022-03-01,2022
2022-03,-0.19260943957815144,-0.24434439529665342,0.6457451573014016,0.30220128551532155,0.866633132720219,0.7618687265418947,-0.4261596037816281,0.0007227490162256,50,1,8,2022-03-01,2022
2022-03,-0.18645576481405335,-0.23016075622264723,0.6457451573014016,0.30220128551532155,0.866633132720219,0.7618687265418947,-0.4261596037816281,0.0007227490162256,52,0,8,2022-03-01,2022
2022-03,-0.19230005503486566,-0.2272364876212171,0.6457451573014016,0.30220128551532155,0.866633132720219,0.7618687265418947,-0.4261596037816281,0.0007227490162256,52,1,8,2022-03-01,2022
2022-03,-0.1927001491824656,-0.245790456302209,0.6457451573014016,0.30220128551532155,0.866633132720219,0.7618687265418947,-0.4261596037816281,0.0007227490162256,52,1,8,2022-03-01,2022
2022-03,-0.1864914007300339,-0.2303034325698736,0.6457451573014016,0.30220128551532155,0.866633132720219,0.7618687265418947,-0.4261596037816281,0.0007227490162256,52,0,8,2022-03-01,2022
2022-03,-0.19321848977854653,-0.24528778429725773,0.6457451573014016,0.30220128551532155,0.866633132720219,0.7618687265418947,-0.4261596037816281,0.0007227490162256,53,1,8,2022-03-01,2022
2022-03,-0.1932395473652623,-0.2483630151678128,0.6457451573014016,0.30220128551532155,0.866633132720219,0.7618687265418947,-0.4261596037816281,0.0007227490162256,53,1,8,2022-03-01,2022
2022-03,-0.19331729845467444,-0.25164121411472157,0.6457451573014016,0.30220128551532155,0.866633132720219,0.7618687265418947,-0.4261596037816281,0.0007227490162256,58,1,8,2022-03-01,2022
2022-03,-0.19333511641266474,-0.2517633041042304,0.6457451573014016,0.30220128551532155,0.866633132720219,0.7618687265418947,-0.4261596037816281,0.0007227490162256,58,0,8,2022-03-01,2022
2022-03,-0.11566987716175352,-0.11022849827976551,0.6457451573014016,0.30220128551532155,0.866633132720219,0.7618687265418947,-0.4261596037816281,0.0007227490162256,60,0,8,2022-03-01,2022
2022-03,-0.11965138086540003,-0.15174521662881185,0.6457451573014016,0.30220128551532155,0.866633132720219,0.7618687265418947,-0.4261596037816281,0.0007227490162256,60,0,8,2022-03-01,2022
2022-03,-0.19327842290996838,-0.2516066858116971,0.6457451573014016,0.30220128551532155,0.866633132720219,0.7618687265418947,-0.4261596037816281,0.0007227490162256,66,1,8,2022-03-01,2022
2022-03,-0.19332377771212544,-0.2517215784134507,0.6457451573014016,0.30220128551532155,0.866633132720219,0.7618687265418947,-0.4261596037816281,0.0007227490162256,66,0,8,2022-03-01,2022
2022-03,-0.19332701734085095,-0.25174271774651297,0.6457451573014016,0.30220128551532155,0.866633132720219,0.7618687265418947,-0.4261596037816281,0.0007227490162256,66,0,8,2022-03-01,2022
2022-03,-0.19251387053074903,-0.24786385695107602,0.6457451573014016,0.30220128551532155,0.866633132720219,0.7618687265418947,-0.4261596037816281,0.0007227490162256,67,0,8,2022-03-01,2022
2022-03,-0.1902299322792675,-0.23185329619133116,0.6457451573014016,0.30220128551532155,0.866633132720219,0.7618687265418947,-0.4261596037816281,0.0007227490162256,67,1,8,2022-03-01,2022
2022-03,-0.19140105806353783,-0.24333863764377645,0.6457451573014016,0.30220128551532155,0.866633132720219,0.7618687265418947,-0.4261596037816281,0.0007227490162256,67,1,8,2022-03-01,2022
2022-03,-0.19259324143452392,-0.2482692836698043,0.6457451573014016,0.30220128551532155,0.866633132720219,0.7618687265418947,-0.4261596037816281,0.0007227490162256,67,0,8,2022-03-01,2022
2022-03,-0.19310024333006556,0.11585364269615617,0.6457451573014016,0.30220128551532155,0.866633132720219,0.7618687265418947,-0.4261596037816281,0.0007227490162256,68,1,8,2022-03-01,2022
2022-03,-0.19326060495197808,-0.18462824819121398,0.6457451573014016,0.30220128551532155,0.866633132720219,0.7618687265418947,-0.4261596037816281,0.0007227490162256,68,1,8,2022-03-01,2022
2022-03,-0.1933286371552137,-0.25176469742793384,0.6457451573014016,0.30220128551532155,0.866633132720219,0.7618687265418947,-0.4261596037816281,0.0007227490162256,69,1,8,2022-03-01,2022
2022-03,-0.19331081919722343,-0.2517527235523579,0.6457451573014016,0.30220128551532155,0.866633132720219,0.7618687265418947,-0.4261596037816281,0.0007227490162256,69,0,8,2022-03-01,2022
2022-03,-0.15588500834581867,0.6352720966752455,0.6457451573014016,0.30220128551532155,0.866633132720219,0.7618687265418947,-0.4261596037816281,0.0007227490162256,72,1,8,2022-03-01,2022
2022-03,-0.17533735902811773,0.04226260398697036,0.6457451573014016,0.30220128551532155,0.866633132720219,0.7618687265418947,-0.4261596037816281,0.0007227490162256,72,1,8,2022-03-01,2022
2022-03,-0.1930824253720753,-0.2503390486146328,0.6457451573014016,0.30220128551532155,0.866633132720219,0.7618687265418947,-0.4261596037816281,0.0007227490162256,73,1,8,2022-03-01,2022
2022-03,-0.19041297130225857,-0.24692528362552152,0.6457451573014016,0.30220128551532155,0.866633132720219,0.7618687265418947,-0.4261596037816281,0.0007227490162256,75,1,8,2022-03-01,2022
2022-03,-0.19291234486398623,-0.25109201380635043,0.6457451573014016,0.30220128551532155,0.866633132720219,0.7618687265418947,-0.4261596037816281,0.0007227490162256,75,0,8,2022-03-01,2022
2022-03,-0.1904502270326019,-0.24702583805554,0.6457451573014016,0.30220128551532155,0.866633132720219,0.7618687265418947,-0.4261596037816281,0.0007227490162256,75,1,8,2022-03-01,2022
2022-03,-0.19230329466359117,-0.24032421229046433,0.6457451573014016,0.30220128551532155,0.866633132720219,0.7618687265418947,-0.4261596037816281,0.0007227490162256,77,1,8,2022-03-01,2022
2022-03,-0.1933189182690372,-0.2514456306539958,0.6457451573014016,0.30220128551532155,0.866633132720219,0.7618687265418947,-0.4261596037816281,0.0007227490162256,77,0,8,2022-03-01,2022
2022-03,-0.19234864946574823,-0.2412422689244865,0.6457451573014016,0.30220128551532155,0.866633132720219,0.7618687265418947,-0.4261596037816281,0.0007227490162256,77,1,8,2022-03-01,2022
2022-03,-0.1932638445807036,-0.25076888462298974,0.6457451573014016,0.30220128551532155,0.866633132720219,0.7618687265418947,-0.4261596037816281,0.0007227490162256,78,1,8,2022-03-01,2022
2022-03,-0.16950926695093296,-0.20026609486030397,0.6457451573014016,0.30220128551532155,0.866633132720219,0.7618687265418947,-0.4261596037816281,0.0007227490162256,79,0,8,2022-03-01,2022
2022-03,-0.05615789747421356,-0.06269157218519242,0.6457451573014016,0.30220128551532155,0.866633132720219,0.7618687265418947,-0.4261596037816281,0.0007227490162256,79,1,8,2022-03-01,2022
2022-03,-0.16952222546583498,-0.2003215056023329,0.6457451573014016,0.30220128551532155,0.866633132720219,0.7618687265418947,-0.4261596037816281,0.0007227490162256,79,0,8,2022-03-01,2022
2022-03,-0.0592728004937873,-0.08856548014945548,0.6457451573014016,0.30220128551532155,0.866633132720219,0.7618687265418947,-0.4261596037816281,0.0007227490162256,79,1,8,2022-03-01,2022
2022-03,0.2674194592580226,-0.1579653140761351,0.6457451573014016,0.30220128551532155,0.866633132720219,0.7618687265418947,-0.4261596037816281,0.0007227490162256,80,1,8,2022-03-01,2022
2022-03,-0.13845904543132345,-0.24142506428609714,0.6457451573014016,0.30220128551532155,0.866633132720219,0.7618687265418947,-0.4261596037816281,0.0007227490162256,80,0,8,2022-03-01,2022
2022-03,0.23828871775827523,-0.1791119098381961,0.6457451573014016,0.30220128551532155,0.866633132720219,0.7618687265418947,-0.4261596037816281,0.0007227490162256,80,1,8,2022-03-01,2022
2022-03,-0.1393062083430432,-0.24150509331631018,0.6457451573014016,0.30220128551532155,0.866633132720219,0.7618687265418947,-0.4261596037816281,0.0007227490162256,80,0,8,2022-03-01,2022
2022-03,-0.18794923365651148,-0.24887439109177364,0.6457451573014016,0.30220128551532155,0.866633132720219,0.7618687265418947,-0.4261596037816281,0.0007227490162256,81,0,8,2022-03-01,2022
2022-03,-0.18156878488162798,-0.21312810108960326,0.6457451573014016,0.30220128551532155,0.866633132720219,0.7618687265418947,-0.4261596037816281,0.0007227490162256,81,1,8,2022-03-01,2022
2022-03,-0.18540288547826397,-0.23619292913547674,0.6457451573014016,0.30220128551532155,0.866633132720219,0.7618687265418947,-0.4261596037816281,0.0007227490162256,81,1,8,2022-03-01,2022
2022-03,-0.19028176633887559,-0.24994550868874899,0.6457451573014016,0.30220128551532155,0.866633132720219,0.7618687265418947,-0.4261596037816281,0.0007227490162256,81,0,8,2022-03-01,2022
2022-03,-0.19333511641266474,-0.25176561179661416,0.6457451573014016,0.30220128551532155,0.866633132720219,0.7618687265418947,-0.4261596037816281,0.0007227490162256,86,0,8,2022-03-01,2022
2022-03,-0.1921639906283944,-0.2468747408081813,0.6457451573014016,0.30220128551532155,0.866633132720219,0.7618687265418947,-0.4261596037816281,0.0007227490162256,86,1,8,2022-03-01,2022
2022-03,-0.19220610580182598,-0.24722100351915474,0.6457451573014016,0.30220128551532155,0.866633132720219,0.7618687265418947,-0.4261596037816281,0.0007227490162256,86,1,8,2022-03-01,2022
2022-03,-0.17759376043543246,-0.23576071141441432,0.6457451573014016,0.30220128551532155,0.866633132720219,0.7618687265418947,-0.4261596037816281,0.0007227490162256,87,1,8,2022-03-01,2022
2022-03,-0.11375849621370514,-0.143630834648828,0.6457451573014016,0.30220128551532155,0.866633132720219,0.7618687265418947,-0.4261596037816281,0.0007227490162256,87,0,8,2022-03-01,2022
2022-03,-0.180021862165199,-0.2402596056119931,0.6457451573014016,0.30220128551532155,0.866633132720219,0.7618687265418947,-0.4261596037816281,0.0007227490162256,87,1,8,2022-03-01,2022
2022-03,-0.11804290520318644,-0.16821878756346387,0.6457451573014016,0.30220128551532155,0.866633132720219,0.7618687265418947,-0.4261596037816281,0.0007227490162256,87,0,8,2022-03-01,2022
2022-03,3.1434176782837095,1.67822672029885,0.6457451573014016,0.30220128551532155,0.866633132720219,0.7618687265418947,-0.4261596037816281,0.0007227490162256,88,0,8,2022-03-01,2022
2022-03,7.988504351845201,9.61918459442349,0.6457451573014016,0.30220128551532155,0.866633132720219,0.7618687265418947,-0.4261596037816281,0.0007227490162256,88,1,8,2022-03-01,2022
2022-03,3.103021127891016,1.6268406939323168,0.6457451573014016,0.30220128551532155,0.866633132720219,0.7618687265418947,-0.4261596037816281,0.0007227490162256,88,0,8,2022-03-01,2022
2022-03,7.680179167152645,7.514860571533256,0.6457451573014016,0.30220128551532155,0.866633132720219,0.7618687265418947,-0.4261596037816281,0.0007227490162256,88,1,8,2022-03-01,2022
2022-03,-0.18511779815041948,-0.1640141284989469,0.6457451573014016,0.30220128551532155,0.866633132720219,0.7618687265418947,-0.4261596037816281,0.0007227490162256,89,1,8,2022-03-01,2022
2022-03,0.44865238923462597,0.8666203220046478,0.6457451573014016,0.30220128551532155,0.866633132720219,0.7618687265418947,-0.4261596037816281,0.0007227490162256,89,0,8,2022-03-01,2022
2022-03,0.3928757014675941,0.6390575046374146,0.6457451573014016,0.30220128551532155,0.866633132720219,0.7618687265418947,-0.4261596037816281,0.0007227490162256,89,0,8,2022-03-01,2022
2022-03,-0.18597791957704124,-0.19577822533652822,0.6457451573014016,0.30220128551532155,0.866633132720219,0.7618687265418947,-0.4261596037816281,0.0007227490162256,89,1,8,2022-03-01,2022
2022-03,0.1105031824950651,2.764010860573101,0.6457451573014016,0.30220128551532155,0.866633132720219,0.7618687265418947,-0.4261596037816281,0.0007227490162256,91,0,8,2022-03-01,2022
2022-03,-0.19327356346688013,-0.2517213345818026,0.6457451573014016,0.30220128551532155,0.866633132720219,0.7618687265418947,-0.4261596037816281,0.0007227490162256,91,1,8,2022-03-01,2022
2022-03,0.08539929950112134,0.9098938517323332,0.6457451573014016,0.30220128551532155,0.866633132720219,0.7618687265418947,-0.4261596037816281,0.0007227490162256,91,0,8,2022-03-01,2022
2022-03,-0.19333511641266474,-0.250936936878164,0.6457451573014016,0.30220128551532155,0.866633132720219,0.7618687265418947,-0.4261596037816281,0.0007227490162256,93,1,8,2022-03-01,2022
2022-03,-0.19331567864031168,-0.25117576562333344,0.6457451573014016,0.30220128551532155,0.866633132720219,0.7618687265418947,-0.4261596037816281,0.0007227490162256,94,1,8,2022-03-01,2022
2022-03,-0.19284269284638786,-0.2411401470053017,0.6457451573014016,0.30220128551532155,0.866633132720219,0.7618687265418947,-0.4261596037816281,0.0007227490162256,95,1,8,2022-03-01,2022
2022-03,-0.19320715107800726,-0.25083613426236084,0.6457451573014016,0.30220128551532155,0.866633132720219,0.7618687265418947,-0.4261596037816281,0.0007227490162256,95,0,8,2022-03-01,2022
2022-03,-0.19312130091678134,-0.2494652343623296,0.6457451573014016,0.30220128551532155,0.866633132720219,0.7618687265418947,-0.4261596037816281,0.0007227490162256,95,1,8,2022-03-01,2022
2022-03,-0.19317961423384045,-0.2259880391040303,0.6457451573014016,0.30220128551532155,0.866633132720219,0.7618687265418947,-0.4261596037816281,0.0007227490162256,97,1,8,2022-03-01,2022
2022-03,-0.1739993923644839,-0.22451233078254867,0.6457451573014016,0.30220128551532155,0.866633132720219,0.7618687265418947,-0.4261596037816281,0.0007227490162256,98,0,8,2022-03-01,2022
2022-03,-0.02288367083454438,0.741465542844699,0.6457451573014016,0.30220128551532155,0.866633132720219,0.7618687265418947,-0.4261596037816281,0.0007227490162256,98,1,8,2022-03-01,2022
2022-03,-0.1740155905081114,-0.2245998794066234,0.6457451573014016,0.30220128551532155,0.866633132720219,0.7618687265418947,-0.4261596037816281,0.0007227490162256,98,0,8,2022-03-01,2022
2022-03,-0.027297664973045914,0.6479381536963469,0.6457451573014016,0.30220128551532155,0.866633132720219,0.7618687265418947,-0.4261596037816281,0.0007227490162256,98,1,8,2022-03-01,2022
2022-03,-0.1774479771427847,-0.1997226637828922,0.6457451573014016,0.30220128551532155,0.866633132720219,0.7618687265418947,-0.4261596037816281,0.0007227490162256,100,1,8,2022-03-01,2022
2022-03,-0.19027042763833632,-0.24288918189602124,0.6457451573014016,0.30220128551532155,0.866633132720219,0.7618687265418947,-0.4261596037816281,0.0007227490162256,100,0,8,2022-03-01,2022
2022-03,-0.1785510707238194,-0.21405191389217504,0.6457451573014016,0.30220128551532155,0.866633132720219,0.7618687265418947,-0.4261596037816281,0.0007227490162256,100,1,8,2022-03-01,2022
2022-03,0.897643873003002,0.6938668446145638,0.6457451573014016,0.30220128551532155,0.866633132720219,0.7618687265418947,-0.4261596037816281,0.0007227490162256,101,1,8,2022-03-01,2022
2022-03,0.038131496581630224,-0.0741023446946873,0.6457451573014016,0.30220128551532155,0.866633132720219,0.7618687265418947,-0.4261596037816281,0.0007227490162256,101,0,8,2022-03-01,2022
2022-03,0.03777351760746184,-0.07467982512010049,0.6457451573014016,0.30220128551532155,0.866633132720219,0.7618687265418947,-0.4261596037816281,0.0007227490162256,101,0,8,2022-03-01,2022
2022-03,0.8732203120414144,0.5282325242079569,0.6457451573014016,0.30220128551532155,0.866633132720219,0.7618687265418947,-0.4261596037816281,0.0007227490162256,101,1,8,2022-03-01,2022
2022-04,-0.19290424579217247,-0.2507615261321813,0.3577030916535439,-1.8624722139882541,0.7086595333780106,0.6204839544961988,-0.6377307043426125,0.0006560228936985,0,0,8,2022-04-01,2022
2022-04,-0.19214617267040413,-0.2491313504616334,0.3577030916535439,-1.8624722139882541,0.7086595333780106,0.6204839544961988,-0.6377307043426125,0.0006560228936985,0,1,8,2022-04-01,2022
2022-04,-0.19222068413109075,-0.24948072638025656,0.3577030916535439,-1.8624722139882541,0.7086595333780106,0.6204839544961988,-0.6377307043426125,0.0006560228936985,0,1,8,2022-04-01,2022
2022-04,-0.1817291465035405,-0.24705097013183977,0.3577030916535439,-1.8624722139882541,0.7086595333780106,0.6204839544961988,-0.6377307043426125,0.0006560228936985,2,1,8,2022-04-01,2022
2022-04,-0.19242640055516036,-0.2515824158544388,0.3577030916535439,-1.8624722139882541,0.7086595333780106,0.6204839544961988,-0.6377307043426125,0.0006560228936985,2,0,8,2022-04-01,2022
2022-04,-0.18176478241952107,-0.24801379599810627,0.3577030916535439,-1.8624722139882541,0.7086595333780106,0.6204839544961988,-0.6377307043426125,0.0006560228936985,2,1,8,2022-04-01,2022
2022-04,-0.19307756592898703,-0.25131526345086147,0.3577030916535439,-1.8624722139882541,0.7086595333780106,0.6204839544961988,-0.6377307043426125,0.0006560228936985,3,0,8,2022-04-01,2022
2022-04,-0.19086813913819212,-0.20749892528729427,0.3577030916535439,-1.8624722139882541,0.7086595333780106,0.6204839544961988,-0.6377307043426125,0.0006560228936985,3,1,8,2022-04-01,2022
2022-04,-0.191924258102707,-0.2321426111500654,0.3577030916535439,-1.8624722139882541,0.7086595333780106,0.6204839544961988,-0.6377307043426125,0.0006560228936985,3,1,8,2022-04-01,2022
2022-04,-0.18030209004995523,-0.1269250837355536,0.3577030916535439,-1.8624722139882541,0.7086595333780106,0.6204839544961988,-0.6377307043426125,0.0006560228936985,5,0,8,2022-04-01,2022
2022-04,-0.07536403637337417,1.706135120347563,0.3577030916535439,-1.8624722139882541,0.7086595333780106,0.6204839544961988,-0.6377307043426125,0.0006560228936985,5,1,8,2022-04-01,2022
2022-04,-0.10144952687114618,0.7708759284291122,0.3577030916535439,-1.8624722139882541,0.7086595333780106,0.6204839544961988,-0.6377307043426125,0.0006560228936985,5,1,8,2022-04-01,2022
2022-04,-0.18034744485211232,-0.1275648936260103,0.3577030916535439,-1.8624722139882541,0.7086595333780106,0.6204839544961988,-0.6377307043426125,0.0006560228936985,5,0,8,2022-04-01,2022
2022-04,-0.19129415031559613,-0.14380364162114004,0.3577030916535439,-1.8624722139882541,0.7086595333780106,0.6204839544961988,-0.6377307043426125,0.0006560228936985,6,1,8,2022-04-01,2022
2022-04,-0.19274874361334818,-0.24040930518151182,0.3577030916535439,-1.8624722139882541,0.7086595333780106,0.6204839544961988,-0.6377307043426125,0.0006560228936985,6,0,8,2022-04-01,2022
2022-04,-0.19307432630026153,-0.2246790114847024,0.3577030916535439,-1.8624722139882541,0.7086595333780106,0.6204839544961988,-0.6377307043426125,0.0006560228936985,6,1,8,2022-04-01,2022
2022-04,-0.19276656157133848,-0.24098934583922998,0.3577030916535439,-1.8624722139882541,0.7086595333780106,0.6204839544961988,-0.6377307043426125,0.0006560228936985,6,0,8,2022-04-01,2022
2022-04,-0.19333511641266474,-0.25155243326999666,0.3577030916535439,-1.8624722139882541,0.7086595333780106,0.6204839544961988,-0.6377307043426125,0.0006560228936985,8,1,8,2022-04-01,2022
2022-04,-0.18539964584953847,-0.04373679217023964,0.3577030916535439,-1.8624722139882541,0.7086595333780106,0.6204839544961988,-0.6377307043426125,0.0006560228936985,9,1,8,2022-04-01,2022
2022-04,-0.19239400426790532,-0.24594088736667202,0.3577030916535439,-1.8624722139882541,0.7086595333780106,0.6204839544961988,-0.6377307043426125,0.0006560228936985,9,0,8,2022-04-01,2022
2022-04,-0.18688015617709458,-0.09432318570926493,0.3577030916535439,-1.8624722139882541,0.7086595333780106,0.6204839544961988,-0.6377307043426125,0.0006560228936985,9,1,8,2022-04-01,2022
2022-04,-0.19239724389663082,-0.2459481152333833,0.3577030916535439,-1.8624722139882541,0.7086595333780106,0.6204839544961988,-0.6377307043426125,0.0006560228936985,9,0,8,2022-04-01,2022
2022-04,-0.1747477466000757,-0.20279158986368948,0.3577030916535439,-1.8624722139882541,0.7086595333780106,0.6204839544961988,-0.6377307043426125,0.0006560228936985,12,1,8,2022-04-01,2022
2022-04,-0.1898994901492659,-0.23941748947394184,0.3577030916535439,-1.8624722139882541,0.7086595333780106,0.6204839544961988,-0.6377307043426125,0.0006560228936985,12,0,8,2022-04-01,2022
2022-04,-0.17544588659042218,-0.20699325328224416,0.3577030916535439,-1.8624722139882541,0.7086595333780106,0.6204839544961988,-0.6377307043426125,0.0006560228936985,12,1,8,2022-04-01,2022
2022-04,-0.18990110996362866,-0.2394177333055899,0.3577030916535439,-1.8624722139882541,0.7086595333780106,0.6204839544961988,-0.6377307043426125,0.0006560228936985,12,0,8,2022-04-01,2022
2022-04,-0.19305812815663398,-0.24796122850725957,0.3577030916535439,-1.8624722139882541,0.7086595333780106,0.6204839544961988,-0.6377307043426125,0.0006560228936985,13,1,8,2022-04-01,2022
2022-04,-0.19327518328124288,-0.25158622572394024,0.3577030916535439,-1.8624722139882541,0.7086595333780106,0.6204839544961988,-0.6377307043426125,0.0006560228936985,13,0,8,2022-04-01,2022
2022-04,-0.19318609349129146,-0.24931275249954066,0.3577030916535439,-1.8624722139882541,0.7086595333780106,0.6204839544961988,-0.6377307043426125,0.0006560228936985,13,1,8,2022-04-01,2022
2022-04,-0.19333511641266474,-0.2517621720287214,0.3577030916535439,-1.8624722139882541,0.7086595333780106,0.6204839544961988,-0.6377307043426125,0.0006560228936985,17,1,8,2022-04-01,2022
2022-04,-0.19245393739932717,-0.25066034906063284,0.3577030916535439,-1.8624722139882541,0.7086595333780106,0.6204839544961988,-0.6377307043426125,0.0006560228936985,17,0,8,2022-04-01,2022
2022-04,-0.19316341609021292,-0.25160787449098154,0.3577030916535439,-1.8624722139882541,0.7086595333780106,0.6204839544961988,-0.6377307043426125,0.0006560228936985,18,0,8,2022-04-01,2022
2022-04,-0.18947671860058743,-0.24765695273526028,0.3577030916535439,-1.8624722139882541,0.7086595333780106,0.6204839544961988,-0.6377307043426125,0.0006560228936985,18,1,8,2022-04-01,2022
2022-04,-0.18952693284583275,-0.2478472067328206,0.3577030916535439,-1.8624722139882541,0.7086595333780106,0.6204839544961988,-0.6377307043426125,0.0006560228936985,18,1,8,2022-04-01,2022
2022-04,-0.19273902472717167,-0.25134046083920986,0.3577030916535439,-1.8624722139882541,0.7086595333780106,0.6204839544961988,-0.6377307043426125,0.0006560228936985,19,0,8,2022-04-01,2022
2022-04,-0.193202291634919,-0.2516830225340962,0.3577030916535439,-1.8624722139882541,0.7086595333780106,0.6204839544961988,-0.6377307043426125,0.0006560228936985,19,1,8,2022-04-01,2022
2022-04,-0.19330272012540967,-0.25174728088164156,0.3577030916535439,-1.8624722139882541,0.7086595333780106,0.6204839544961988,-0.6377307043426125,0.0006560228936985,19,1,8,2022-04-01,2022
2022-04,-0.19331567864031168,-0.25175348988039475,0.3577030916535439,-1.8624722139882541,0.7086595333780106,0.6204839544961988,-0.6377307043426125,0.0006560228936985,21,0,8,2022-04-01,2022
2022-04,-0.1929447411512413,-0.25096601380219896,0.3577030916535439,-1.8624722139882541,0.7086595333780106,0.6204839544961988,-0.6377307043426125,0.0006560228936985,21,1,8,2022-04-01,2022
2022-04,-0.19311644147369308,-0.2516212025030317,0.3577030916535439,-1.8624722139882541,0.7086595333780106,0.6204839544961988,-0.6377307043426125,0.0006560228936985,21,1,8,2022-04-01,2022
2022-04,-0.18811769435023779,-0.24894734029591886,0.3577030916535439,-1.8624722139882541,0.7086595333780106,0.6204839544961988,-0.6377307043426125,0.0006560228936985,23,1,8,2022-04-01,2022
2022-04,-0.19316989534766393,-0.251563209758015,0.3577030916535439,-1.8624722139882541,0.7086595333780106,0.6204839544961988,-0.6377307043426125,0.0006560228936985,23,0,8,2022-04-01,2022
2022-04,-0.1881857265534734,-0.2490866247707548,0.3577030916535439,-1.8624722139882541,0.7086595333780106,0.6204839544961988,-0.6377307043426125,0.0006560228936985,23,1,8,2022-04-01,2022
2022-04,-0.1931374990604089,-0.2409584314695612,0.3577030916535439,-1.8624722139882541,0.7086595333780106,0.6204839544961988,-0.6377307043426125,0.0006560228936985,25,1,8,2022-04-01,2022
2022-04,-0.19316989534766393,-0.2514199107692587,0.3577030916535439,-1.8624722139882541,0.7086595333780106,0.6204839544961988,-0.6377307043426125,0.0006560228936985,25,1,8,2022-04-01,2022
2022-04,-0.19326708420942912,-0.25137136214646894,0.3577030916535439,-1.8624722139882541,0.7086595333780106,0.6204839544961988,-0.6377307043426125,0.0006560228936985,28,0,8,2022-04-01,2022
2022-04,-0.19208785935334502,-0.23742214543142026,0.3577030916535439,-1.8624722139882541,0.7086595333780106,0.6204839544961988,-0.6377307043426125,0.0006560228936985,28,1,8,2022-04-01,2022
2022-04,-0.192356748537562,-0.24676828216896973,0.3577030916535439,-1.8624722139882541,0.7086595333780106,0.6204839544961988,-0.6377307043426125,0.0006560228936985,28,1,8,2022-04-01,2022
2022-04,-0.1933286371552137,-0.2516319267414112,0.3577030916535439,-1.8624722139882541,0.7086595333780106,0.6204839544961988,-0.6377307043426125,0.0006560228936985,30,0,8,2022-04-01,2022
2022-04,-0.19325736532325258,-0.2512269659152962,0.3577030916535439,-1.8624722139882541,0.7086595333780106,0.6204839544961988,-0.6377307043426125,0.0006560228936985,30,1,8,2022-04-01,2022
2022-04,-0.1931358792460461,-0.007854008694776636,0.3577030916535439,-1.8624722139882541,0.7086595333780106,0.6204839544961988,-0.6377307043426125,0.0006560228936985,30,1,8,2022-04-01,2022
2022-04,-0.19198419123412885,-0.24781340557060383,0.3577030916535439,-1.8624722139882541,0.7086595333780106,0.6204839544961988,-0.6377307043426125,0.0006560228936985,37,1,8,2022-04-01,2022
2022-04,-0.08031742869467241,-0.07508728086647186,0.3577030916535439,-1.8624722139882541,0.7086595333780106,0.6204839544961988,-0.6377307043426125,0.0006560228936985,37,0,8,2022-04-01,2022
2022-04,-0.0803384862813882,-0.07514853050564524,0.3577030916535439,-1.8624722139882541,0.7086595333780106,0.6204839544961988,-0.6377307043426125,0.0006560228936985,37,0,8,2022-04-01,2022
2022-04,-0.19265479438030852,-0.20560357834530985,0.3577030916535439,-1.8624722139882541,0.7086595333780106,0.6204839544961988,-0.6377307043426125,0.0006560228936985,38,1,8,2022-04-01,2022
2022-04,-0.19330272012540967,-0.25103618506721054,0.3577030916535439,-1.8624722139882541,0.7086595333780106,0.6204839544961988,-0.6377307043426125,0.0006560228936985,38,1,8,2022-04-01,2022
2022-04,-0.19329948049668416,-0.25158505881533866,0.3577030916535439,-1.8624722139882541,0.7086595333780106,0.6204839544961988,-0.6377307043426125,0.0006560228936985,40,0,8,2022-04-01,2022
2022-04,-0.1933221578977627,-0.2516754245657762,0.3577030916535439,-1.8624722139882541,0.7086595333780106,0.6204839544961988,-0.6377307043426125,0.0006560228936985,40,1,8,2022-04-01,2022
2022-04,-0.19330110031104691,-0.25159115460654097,0.3577030916535439,-1.8624722139882541,0.7086595333780106,0.6204839544961988,-0.6377307043426125,0.0006560228936985,40,0,8,2022-04-01,2022
2022-04,-0.19333025696957648,-0.25172250584454076,0.3577030916535439,-1.8624722139882541,0.7086595333780106,0.6204839544961988,-0.6377307043426125,0.0006560228936985,40,1,8,2022-04-01,2022
2022-04,-0.19331243901158618,-0.25176369597652204,0.3577030916535439,-1.8624722139882541,0.7086595333780106,0.6204839544961988,-0.6377307043426125,0.0006560228936985,43,0,8,2022-04-01,2022
2022-04,-0.19333511641266474,-0.2517652329867323,0.3577030916535439,-1.8624722139882541,0.7086595333780106,0.6204839544961988,-0.6377307043426125,0.0006560228936985,43,1,8,2022-04-01,2022
2022-04,-0.15824993731543785,-0.09712403195539482,0.3577030916535439,-1.8624722139882541,0.7086595333780106,0.6204839544961988,-0.6377307043426125,0.0006560228936985,44,0,8,2022-04-01,2022
2022-04,-0.019807643359676705,0.8515235638874933,0.3577030916535439,-1.8624722139882541,0.7086595333780106,0.6204839544961988,-0.6377307043426125,0.0006560228936985,44,1,8,2022-04-01,2022
2022-04,-0.030820761212033376,0.3154071790244148,0.3577030916535439,-1.8624722139882541,0.7086595333780106,0.6204839544961988,-0.6377307043426125,0.0006560228936985,44,1,8,2022-04-01,2022
2022-04,-0.15869700607955764,-0.10250989860600063,0.3577030916535439,-1.8624722139882541,0.7086595333780106,0.6204839544961988,-0.6377307043426125,0.0006560228936985,44,0,8,2022-04-01,2022
2022-04,-0.19333511641266474,-0.251574203952862,0.3577030916535439,-1.8624722139882541,0.7086595333780106,0.6204839544961988,-0.6377307043426125,0.0006560228936985,46,0,8,2022-04-01,2022
2022-04,-0.19325574550888983,-0.24798680035135323,0.3577030916535439,-1.8624722139882541,0.7086595333780106,0.6204839544961988,-0.6377307043426125,0.0006560228936985,46,1,8,2022-04-01,2022
2022-04,-0.19325898513761533,-0.2482567568188836,0.3577030916535439,-1.8624722139882541,0.7086595333780106,0.6204839544961988,-0.6377307043426125,0.0006560228936985,46,1,8,2022-04-01,2022
2022-04,-0.191937216617609,-0.23148575916906172,0.3577030916535439,-1.8624722139882541,0.7086595333780106,0.6204839544961988,-0.6377307043426125,0.0006560228936985,48,1,8,2022-04-01,2022
2022-04,-0.19333349659830198,-0.2517632649170013,0.3577030916535439,-1.8624722139882541,0.7086595333780106,0.6204839544961988,-0.6377307043426125,0.0006560228936985,48,0,8,2022-04-01,2022
2022-04,-0.19239886371099357,-0.24196159405704062,0.3577030916535439,-1.8624722139882541,0.7086595333780106,0.6204839544961988,-0.6377307043426125,0.0006560228936985,48,1,8,2022-04-01,2022
2022-04,-0.19333511641266474,-0.2517664826239288,0.3577030916535439,-1.8624722139882541,0.7086595333780106,0.6204839544961988,-0.6377307043426125,0.0006560228936985,49,1,8,2022-04-01,2022
2022-04,-0.19258190273398465,-0.24984932145771327,0.3577030916535439,-1.8624722139882541,0.7086595333780106,0.6204839544961988,-0.6377307043426125,0.0006560228936985,50,0,8,2022-04-01,2022
2022-04,-0.19255274607545508,-0.24149216153068817,0.3577030916535439,-1.8624722139882541,0.7086595333780106,0.6204839544961988,-0.6377307043426125,0.0006560228936985,50,1,8,2022-04-01,2022
2022-04,-0.19259486124888667,-0.2417314213353784,0.3577030916535439,-1.8624722139882541,0.7086595333780106,0.6204839544961988,-0.6377307043426125,0.0006560228936985,50,1,8,2022-04-01,2022
2022-04,-0.19209433861079603,-0.22302265003680408,0.3577030916535439,-1.8624722139882541,0.7086595333780106,0.6204839544961988,-0.6377307043426125,0.0006560228936985,52,1,8,2022-04-01,2022
2022-04,-0.18629054374905255,-0.23202280708225737,0.3577030916535439,-1.8624722139882541,0.7086595333780106,0.6204839544961988,-0.6377307043426125,0.0006560228936985,52,0,8,2022-04-01,2022
2022-04,-0.19266289345212229,-0.24668731264525692,0.3577030916535439,-1.8624722139882541,0.7086595333780106,0.6204839544961988,-0.6377307043426125,0.0006560228936985,52,1,8,2022-04-01,2022
2022-04,-0.18631484096449386,-0.23214232813118815,0.3577030916535439,-1.8624722139882541,0.7086595333780106,0.6204839544961988,-0.6377307043426125,0.0006560228936985,52,0,8,2022-04-01,2022
2022-04,-0.19323144829344854,-0.24874738092793716,0.3577030916535439,-1.8624722139882541,0.7086595333780106,0.6204839544961988,-0.6377307043426125,0.0006560228936985,53,1,8,2022-04-01,2022
2022-04,-0.19325412569452707,-0.25012191653200694,0.3577030916535439,-1.8624722139882541,0.7086595333780106,0.6204839544961988,-0.6377307043426125,0.0006560228936985,53,1,8,2022-04-01,2022
2022-04,-0.19333511641266474,-0.2517682025078751,0.3577030916535439,-1.8624722139882541,0.7086595333780106,0.6204839544961988,-0.6377307043426125,0.0006560228936985,58,0,8,2022-04-01,2022
2022-04,-0.19330433993977242,-0.25158959582564777,0.3577030916535439,-1.8624722139882541,0.7086595333780106,0.6204839544961988,-0.6377307043426125,0.0006560228936985,58,1,8,2022-04-01,2022
2022-04,-0.11836200863264876,-0.11448262468988912,0.3577030916535439,-1.8624722139882541,0.7086595333780106,0.6204839544961988,-0.6377307043426125,0.0006560228936985,60,0,8,2022-04-01,2022
2022-04,-0.12240344546771714,-0.1575949729899126,0.3577030916535439,-1.8624722139882541,0.7086595333780106,0.6204839544961988,-0.6377307043426125,0.0006560228936985,60,0,8,2022-04-01,2022
2022-04,-0.19323468792217405,-0.25165663646646336,0.3577030916535439,-1.8624722139882541,0.7086595333780106,0.6204839544961988,-0.6377307043426125,0.0006560228936985,66,1,8,2022-04-01,2022
2022-04,-0.1933286371552137,-0.25175455228971855,0.3577030916535439,-1.8624722139882541,0.7086595333780106,0.6204839544961988,-0.6377307043426125,0.0006560228936985,66,0,8,2022-04-01,2022
2022-04,-0.1905668536667201,-0.23181461839615258,0.3577030916535439,-1.8624722139882541,0.7086595333780106,0.6204839544961988,-0.6377307043426125,0.0006560228936985,67,1,8,2022-04-01,2022
2022-04,-0.19255274607545508,-0.24711511091769767,0.3577030916535439,-1.8624722139882541,0.7086595333780106,0.6204839544961988,-0.6377307043426125,0.0006560228936985,67,0,8,2022-04-01,2022
2022-04,-0.1914091571353516,-0.24362139962696822,0.3577030916535439,-1.8624722139882541,0.7086595333780106,0.6204839544961988,-0.6377307043426125,0.0006560228936985,67,1,8,2022-04-01,2022
2022-04,-0.19256084514726887,-0.2471674563475791,0.3577030916535439,-1.8624722139882541,0.7086595333780106,0.6204839544961988,-0.6377307043426125,0.0006560228936985,67,0,8,2022-04-01,2022
2022-04,-0.19315531701839916,0.024524239106436273,0.3577030916535439,-1.8624722139882541,0.7086595333780106,0.6204839544961988,-0.6377307043426125,0.0006560228936985,68,1,8,2022-04-01,2022
2022-04,-0.19325898513761533,-0.17698883719930353,0.3577030916535439,-1.8624722139882541,0.7086595333780106,0.6204839544961988,-0.6377307043426125,0.0006560228936985,68,1,8,2022-04-01,2022
2022-04,-0.1933253975264882,-0.25176288175298284,0.3577030916535439,-1.8624722139882541,0.7086595333780106,0.6204839544961988,-0.6377307043426125,0.0006560228936985,69,1,8,2022-04-01,2022
2022-04,-0.19331081919722343,-0.2517527235523579,0.3577030916535439,-1.8624722139882541,0.7086595333780106,0.6204839544961988,-0.6377307043426125,0.0006560228936985,69,0,8,2022-04-01,2022
2022-04,-0.15703345672901045,0.4174811635196766,0.3577030916535439,-1.8624722139882541,0.7086595333780106,0.6204839544961988,-0.6377307043426125,0.0006560228936985,72,1,8,2022-04-01,2022
2022-04,-0.17696365264832162,-0.0021332131506971016,0.3577030916535439,-1.8624722139882541,0.7086595333780106,0.6204839544961988,-0.6377307043426125,0.0006560228936985,72,1,8,2022-04-01,2022
2022-04,-0.1931472179465854,-0.24994014003835438,0.3577030916535439,-1.8624722139882541,0.7086595333780106,0.6204839544961988,-0.6377307043426125,0.0006560228936985,73,1,8,2022-04-01,2022
2022-04,-0.1928653702474664,-0.2509095450049828,0.3577030916535439,-1.8624722139882541,0.7086595333780106,0.6204839544961988,-0.6377307043426125,0.0006560228936985,75,0,8,2022-04-01,2022
2022-04,-0.1902364115367185,-0.24573408765013405,0.3577030916535439,-1.8624722139882541,0.7086595333780106,0.6204839544961988,-0.6377307043426125,0.0006560228936985,75,1,8,2022-04-01,2022
2022-04,-0.19027690689578733,-0.24585427923609707,0.3577030916535439,-1.8624722139882541,0.7086595333780106,0.6204839544961988,-0.6377307043426125,0.0006560228936985,75,1,8,2022-04-01,2022
2022-04,-0.19331243901158618,-0.25144768580645827,0.3577030916535439,-1.8624722139882541,0.7086595333780106,0.6204839544961988,-0.6377307043426125,0.0006560228936985,77,0,8,2022-04-01,2022
2022-04,-0.19229357577741463,-0.23970019920749472,0.3577030916535439,-1.8624722139882541,0.7086595333780106,0.6204839544961988,-0.6377307043426125,0.0006560228936985,77,1,8,2022-04-01,2022
2022-04,-0.19234864946574823,-0.240085096172281,0.3577030916535439,-1.8624722139882541,0.7086595333780106,0.6204839544961988,-0.6377307043426125,0.0006560228936985,77,1,8,2022-04-01,2022
2022-04,-0.19324440680835056,-0.25058902394942933,0.3577030916535439,-1.8624722139882541,0.7086595333780106,0.6204839544961988,-0.6377307043426125,0.0006560228936985,78,1,8,2022-04-01,2022
2022-04,-0.19329948049668416,-0.25153296592537844,0.3577030916535439,-1.8624722139882541,0.7086595333780106,0.6204839544961988,-0.6377307043426125,0.0006560228936985,78,0,8,2022-04-01,2022
2022-04,-0.19325088606580157,-0.2506168381738581,0.3577030916535439,-1.8624722139882541,0.7086595333780106,0.6204839544961988,-0.6377307043426125,0.0006560228936985,78,1,8,2022-04-01,2022
2022-04,-0.08301927905174418,0.2780597293178194,0.3577030916535439,-1.8624722139882541,0.7086595333780106,0.6204839544961988,-0.6377307043426125,0.0006560228936985,79,1,8,2022-04-01,2022
2022-04,-0.16863942663813467,-0.20011838948533572,0.3577030916535439,-1.8624722139882541,0.7086595333780106,0.6204839544961988,-0.6377307043426125,0.0006560228936985,79,0,8,2022-04-01,2022
2022-04,-0.16866372385357598,-0.20015244754161027,0.3577030916535439,-1.8624722139882541,0.7086595333780106,0.6204839544961988,-0.6377307043426125,0.0006560228936985,79,0,8,2022-04-01,2022
2022-04,-0.08528701915959817,-0.10945651421949669,0.3577030916535439,-1.8624722139882541,0.7086595333780106,0.6204839544961988,-0.6377307043426125,0.0006560228936985,79,1,8,2022-04-01,2022
2022-04,-0.14343025571061196,-0.24130816442738334,0.3577030916535439,-1.8624722139882541,0.7086595333780106,0.6204839544961988,-0.6377307043426125,0.0006560228936985,80,0,8,2022-04-01,2022
2022-04,0.19162672541045367,-0.1689911417253414,0.3577030916535439,-1.8624722139882541,0.7086595333780106,0.6204839544961988,-0.6377307043426125,0.0006560228936985,80,1,8,2022-04-01,2022
2022-04,0.17153778768359274,-0.1885799057960161,0.3577030916535439,-1.8624722139882541,0.7086595333780106,0.6204839544961988,-0.6377307043426125,0.0006560228936985,80,1,8,2022-04-01,2022
2022-04,-0.14366188916448563,-0.2414296361294989,0.3577030916535439,-1.8624722139882541,0.7086595333780106,0.6204839544961988,-0.6377307043426125,0.0006560228936985,80,0,8,2022-04-01,2022
2022-04,-0.18279984379732014,-0.21454000824787967,0.3577030916535439,-1.8624722139882541,0.7086595333780106,0.6204839544961988,-0.6377307043426125,0.0006560228936985,81,1,8,2022-04-01,2022
2022-04,-0.1882197426550912,-0.24911586279784298,0.3577030916535439,-1.8624722139882541,0.7086595333780106,0.6204839544961988,-0.6377307043426125,0.0006560228936985,81,0,8,2022-04-01,2022
2022-04,-0.1907110171450051,-0.250189462252665,0.3577030916535439,-1.8624722139882541,0.7086595333780106,0.6204839544961988,-0.6377307043426125,0.0006560228936985,81,0,8,2022-04-01,2022
2022-04,-0.18575924463806961,-0.23652498429881225,0.3577030916535439,-1.8624722139882541,0.7086595333780106,0.6204839544961988,-0.6377307043426125,0.0006560228936985,81,1,8,2022-04-01,2022
2022-04,-0.19333511641266474,-0.2517553360343017,0.3577030916535439,-1.8624722139882541,0.7086595333780106,0.6204839544961988,-0.6377307043426125,0.0006560228936985,86,0,8,2022-04-01,2022
2022-04,-0.1923194928072187,-0.24752544474834381,0.3577030916535439,-1.8624722139882541,0.7086595333780106,0.6204839544961988,-0.6377307043426125,0.0006560228936985,86,1,8,2022-04-01,2022
2022-04,-0.19235188909447373,-0.24763222994779838,0.3577030916535439,-1.8624722139882541,0.7086595333780106,0.6204839544961988,-0.6377307043426125,0.0006560228936985,86,1,8,2022-04-01,2022
2022-04,-0.17929618533068573,-0.23805416141741118,0.3577030916535439,-1.8624722139882541,0.7086595333780106,0.6204839544961988,-0.6377307043426125,0.0006560228936985,87,1,8,2022-04-01,2022
2022-04,-0.11798945132921561,-0.15811708186052606,0.3577030916535439,-1.8624722139882541,0.7086595333780106,0.6204839544961988,-0.6377307043426125,0.0006560228936985,87,0,8,2022-04-01,2022
2022-04,-0.1813517297570191,-0.2418470236613934,0.3577030916535439,-1.8624722139882541,0.7086595333780106,0.6204839544961988,-0.6377307043426125,0.0006560228936985,87,1,8,2022-04-01,2022
2022-04,-0.12219448941492202,-0.18456554427042518,0.3577030916535439,-1.8624722139882541,0.7086595333780106,0.6204839544961988,-0.6377307043426125,0.0006560228936985,87,0,8,2022-04-01,2022
2022-04,7.56608268306906,9.20468945885067,0.3577030916535439,-1.8624722139882541,0.7086595333780106,0.6204839544961988,-0.6377307043426125,0.0006560228936985,88,1,8,2022-04-01,2022
2022-04,3.247809854520043,1.9057774767077758,0.3577030916535439,-1.8624722139882541,0.7086595333780106,0.6204839544961988,-0.6377307043426125,0.0006560228936985,88,0,8,2022-04-01,2022
2022-04,7.283747419826874,7.535296485123861,0.3577030916535439,-1.8624722139882541,0.7086595333780106,0.6204839544961988,-0.6377307043426125,0.0006560228936985,88,1,8,2022-04-01,2022
2022-04,3.2111469762334948,1.8581662559808563,0.3577030916535439,-1.8624722139882541,0.7086595333780106,0.6204839544961988,-0.6377307043426125,0.0006560228936985,88,0,8,2022-04-01,2022
2022-04,-0.18652217720292621,-0.19661465497221506,0.3577030916535439,-1.8624722139882541,0.7086595333780106,0.6204839544961988,-0.6377307043426125,0.0006560228936985,89,1,8,2022-04-01,2022
2022-04,0.2795227121765119,0.550743035834986,0.3577030916535439,-1.8624722139882541,0.7086595333780106,0.6204839544961988,-0.6377307043426125,0.0006560228936985,89,0,8,2022-04-01,2022
2022-04,-0.18699192336812454,-0.2063235565983499,0.3577030916535439,-1.8624722139882541,0.7086595333780106,0.6204839544961988,-0.6377307043426125,0.0006560228936985,89,1,8,2022-04-01,2022
2022-04,0.24283553667452248,0.39543147629099507,0.3577030916535439,-1.8624722139882541,0.7086595333780106,0.6204839544961988,-0.6377307043426125,0.0006560228936985,89,0,8,2022-04-01,2022
2022-04,0.06585623921450812,2.6933774213808124,0.3577030916535439,-1.8624722139882541,0.7086595333780106,0.6204839544961988,-0.6377307043426125,0.0006560228936985,91,0,8,2022-04-01,2022
2022-04,-0.1932460266227133,-0.251677710487477,0.3577030916535439,-1.8624722139882541,0.7086595333780106,0.6204839544961988,-0.6377307043426125,0.0006560228936985,91,1,8,2022-04-01,2022
2022-04,0.04887572524976992,0.6652441920024043,0.3577030916535439,-1.8624722139882541,0.7086595333780106,0.6204839544961988,-0.6377307043426125,0.0006560228936985,91,0,8,2022-04-01,2022
2022-04,-0.19331243901158618,-0.2509204825960543,0.3577030916535439,-1.8624722139882541,0.7086595333780106,0.6204839544961988,-0.6377307043426125,0.0006560228936985,94,1,8,2022-04-01,2022
2022-04,-0.19300467428266313,-0.2438608466595311,0.3577030916535439,-1.8624722139882541,0.7086595333780106,0.6204839544961988,-0.6377307043426125,0.0006560228936985,95,1,8,2022-04-01,2022
2022-04,-0.19322010959290928,-0.2508672750471314,0.3577030916535439,-1.8624722139882541,0.7086595333780106,0.6204839544961988,-0.6377307043426125,0.0006560228936985,95,0,8,2022-04-01,2022
2022-04,-0.19319257274874246,-0.24992124743976382,0.3577030916535439,-1.8624722139882541,0.7086595333780106,0.6204839544961988,-0.6377307043426125,0.0006560228936985,95,1,8,2022-04-01,2022
2022-04,-0.1932330681078113,-0.24555248967608098,0.3577030916535439,-1.8624722139882541,0.7086595333780106,0.6204839544961988,-0.6377307043426125,0.0006560228936985,97,1,8,2022-04-01,2022
2022-04,-0.19323468792217405,-0.246297700150562,0.3577030916535439,-1.8624722139882541,0.7086595333780106,0.6204839544961988,-0.6377307043426125,0.0006560228936985,97,1,8,2022-04-01,2022
2022-04,-0.17102541319446962,-0.21920476892407298,0.3577030916535439,-1.8624722139882541,0.7086595333780106,0.6204839544961988,-0.6377307043426125,0.0006560228936985,98,0,8,2022-04-01,2022
2022-04,-0.028455832242414207,0.6070591508980655,0.3577030916535439,-1.8624722139882541,0.7086595333780106,0.6204839544961988,-0.6377307043426125,0.0006560228936985,98,1,8,2022-04-01,2022
2022-04,-0.17103675189500891,-0.21930122175743963,0.3577030916535439,-1.8624722139882541,0.7086595333780106,0.6204839544961988,-0.6377307043426125,0.0006560228936985,98,0,8,2022-04-01,2022
2022-04,-0.03213281084586319,0.5125156020645634,0.3577030916535439,-1.8624722139882541,0.7086595333780106,0.6204839544961988,-0.6377307043426125,0.0006560228936985,98,1,8,2022-04-01,2022
2022-04,-0.18987357311946187,-0.2431657087556404,0.3577030916535439,-1.8624722139882541,0.7086595333780106,0.6204839544961988,-0.6377307043426125,0.0006560228936985,100,0,8,2022-04-01,2022
2022-04,-0.17611648973660185,-0.19060329047806823,0.3577030916535439,-1.8624722139882541,0.7086595333780106,0.6204839544961988,-0.6377307043426125,0.0006560228936985,100,1,8,2022-04-01,2022
2022-04,-0.17686160434346818,-0.20388855796949912,0.3577030916535439,-1.8624722139882541,0.7086595333780106,0.6204839544961988,-0.6377307043426125,0.0006560228936985,100,1,8,2022-04-01,2022
2022-04,0.0579369667950094,-0.056423082863996075,0.3577030916535439,-1.8624722139882541,0.7086595333780106,0.6204839544961988,-0.6377307043426125,0.0006560228936985,101,0,8,2022-04-01,2022
2022-04,0.8588898143741398,0.6103913280760707,0.3577030916535439,-1.8624722139882541,0.7086595333780106,0.6204839544961988,-0.6377307043426125,0.0006560228936985,101,1,8,2022-04-01,2022
2022-04,0.057470460258536575,-0.056833743254885216,0.3577030916535439,-1.8624722139882541,0.7086595333780106,0.6204839544961988,-0.6377307043426125,0.0006560228936985,101,0,8,2022-04-01,2022
2022-04,0.8365541941261407,0.48809191330628315,0.3577030916535439,-1.8624722139882541,0.7086595333780106,0.6204839544961988,-0.6377307043426125,0.0006560228936985,101,1,8,2022-04-01,2022
2022-05,-0.19319257274874246,-0.251560680004666,0.3577030916535439,-1.8624722139882541,0.45382189527546607,0.4483034453862501,-0.6369000830841005,0.0007081433171832,0,0,8,2022-05-01,2022
2022-05,-0.19271148788300488,-0.2509711342668089,0.3577030916535439,-1.8624722139882541,0.45382189527546607,0.4483034453862501,-0.6369000830841005,0.0007081433171832,0,1,8,2022-05-01,2022
2022-05,-0.1928410730320251,-0.25127534908089616,0.3577030916535439,-1.8624722139882541,0.45382189527546607,0.4483034453862501,-0.6369000830841005,0.0007081433171832,0,1,8,2022-05-01,2022
2022-05,-0.1818976071972668,-0.2471948830538529,0.3577030916535439,-1.8624722139882541,0.45382189527546607,0.4483034453862501,-0.6369000830841005,0.0007081433171832,2,1,8,2022-05-01,2022
2022-05,-0.19235350890883648,-0.2515637540250866,0.3577030916535439,-1.8624722139882541,0.45382189527546607,0.4483034453862501,-0.6369000830841005,0.0007081433171832,2,0,8,2022-05-01,2022
2022-05,-0.18191704496961983,-0.24879724885410856,0.3577030916535439,-1.8624722139882541,0.45382189527546607,0.4483034453862501,-0.6369000830841005,0.0007081433171832,2,1,8,2022-05-01,2022
2022-05,-0.1931261603598696,-0.2514215043832444,0.3577030916535439,-1.8624722139882541,0.45382189527546607,0.4483034453862501,-0.6369000830841005,0.0007081433171832,3,0,8,2022-05-01,2022
2022-05,-0.19165050947540174,-0.2242162973910822,0.3577030916535439,-1.8624722139882541,0.45382189527546607,0.4483034453862501,-0.6369000830841005,0.0007081433171832,3,1,8,2022-05-01,2022
2022-05,-0.19233893057957172,-0.23903155622465116,0.3577030916535439,-1.8624722139882541,0.45382189527546607,0.4483034453862501,-0.6369000830841005,0.0007081433171832,3,1,8,2022-05-01,2022
2022-05,-0.0852692012016079,1.3369756466458445,0.3577030916535439,-1.8624722139882541,0.45382189527546607,0.4483034453862501,-0.6369000830841005,0.0007081433171832,5,1,8,2022-05-01,2022
2022-05,-0.1812691192245187,-0.0989507664132608,0.3577030916535439,-1.8624722139882541,0.45382189527546607,0.4483034453862501,-0.6369000830841005,0.0007081433171832,5,0,8,2022-05-01,2022
2022-05,-0.18165463504285387,-0.11422946648125766,0.3577030916535439,-1.8624722139882541,0.45382189527546607,0.4483034453862501,-0.6369000830841005,0.0007081433171832,5,0,8,2022-05-01,2022
2022-05,-0.10253966193727886,0.8273012844246735,0.3577030916535439,-1.8624722139882541,0.45382189527546607,0.4483034453862501,-0.6369000830841005,0.0007081433171832,5,1,8,2022-05-01,2022
2022-05,-0.1914593713805969,-0.15241130373348705,0.3577030916535439,-1.8624722139882541,0.45382189527546607,0.4483034453862501,-0.6369000830841005,0.0007081433171832,6,1,8,2022-05-01,2022
2022-05,-0.19278761915805426,-0.24242553166303785,0.3577030916535439,-1.8624722139882541,0.45382189527546607,0.4483034453862501,-0.6369000830841005,0.0007081433171832,6,0,8,2022-05-01,2022
2022-05,-0.19280705693040728,-0.24376808613397838,0.3577030916535439,-1.8624722139882541,0.45382189527546607,0.4483034453862501,-0.6369000830841005,0.0007081433171832,6,0,8,2022-05-01,2022
2022-05,-0.19307918574334978,-0.22512879814683714,0.3577030916535439,-1.8624722139882541,0.45382189527546607,0.4483034453862501,-0.6369000830841005,0.0007081433171832,6,1,8,2022-05-01,2022
2022-05,-0.18605081122336514,-0.023232427198569956,0.3577030916535439,-1.8624722139882541,0.45382189527546607,0.4483034453862501,-0.6369000830841005,0.0007081433171832,9,1,8,2022-05-01,2022
2022-05,-0.19245393739932717,-0.24708623863808163,0.3577030916535439,-1.8624722139882541,0.45382189527546607,0.4483034453862501,-0.6369000830841005,0.0007081433171832,9,0,8,2022-05-01,2022
2022-05,-0.18747624786258765,-0.09704352397015874,0.3577030916535439,-1.8624722139882541,0.45382189527546607,0.4483034453862501,-0.6369000830841005,0.0007081433171832,9,1,8,2022-05-01,2022
2022-05,-0.19246041665677818,-0.24713365518536237,0.3577030916535439,-1.8624722139882541,0.45382189527546607,0.4483034453862501,-0.6369000830841005,0.0007081433171832,9,0,8,2022-05-01,2022
2022-05,-0.19149500729657748,-0.2459967030434022,0.3577030916535439,-1.8624722139882541,0.45382189527546607,0.4483034453862501,-0.6369000830841005,0.0007081433171832,12,0,8,2022-05-01,2022
2022-05,-0.18550655359748017,-0.2274206763065311,0.3577030916535439,-1.8624722139882541,0.45382189527546607,0.4483034453862501,-0.6369000830841005,0.0007081433171832,12,1,8,2022-05-01,2022
2022-05,-0.18590826755944287,-0.22998936434472145,0.3577030916535439,-1.8624722139882541,0.45382189527546607,0.4483034453862501,-0.6369000830841005,0.0007081433171832,12,1,8,2022-05-01,2022
2022-05,-0.19304678945609471,-0.24696906011462716,0.3577030916535439,-1.8624722139882541,0.45382189527546607,0.4483034453862501,-0.6369000830841005,0.0007081433171832,13,1,8,2022-05-01,2022
2022-05,-0.19326222476634083,-0.2514976756484537,0.3577030916535439,-1.8624722139882541,0.45382189527546607,0.4483034453862501,-0.6369000830841005,0.0007081433171832,13,0,8,2022-05-01,2022
2022-05,-0.19318285386256595,-0.24854916756872128,0.3577030916535439,-1.8624722139882541,0.45382189527546607,0.4483034453862501,-0.6369000830841005,0.0007081433171832,13,1,8,2022-05-01,2022
2022-05,-0.1921882878438357,-0.250404338892546,0.3577030916535439,-1.8624722139882541,0.45382189527546607,0.4483034453862501,-0.6369000830841005,0.0007081433171832,17,0,8,2022-05-01,2022
2022-05,-0.19219800673001222,-0.2504152851918907,0.3577030916535439,-1.8624722139882541,0.45382189527546607,0.4483034453862501,-0.6369000830841005,0.0007081433171832,17,0,8,2022-05-01,2022
2022-05,-0.19123583699853702,-0.24973748545983396,0.3577030916535439,-1.8624722139882541,0.45382189527546607,0.4483034453862501,-0.6369000830841005,0.0007081433171832,18,1,8,2022-05-01,2022
2022-05,-0.19316827553330118,-0.251619608889046,0.3577030916535439,-1.8624722139882541,0.45382189527546607,0.4483034453862501,-0.6369000830841005,0.0007081433171832,18,0,8,2022-05-01,2022
2022-05,-0.1912682332857921,-0.24980628952596162,0.3577030916535439,-1.8624722139882541,0.45382189527546607,0.4483034453862501,-0.6369000830841005,0.0007081433171832,18,1,8,2022-05-01,2022
2022-05,-0.19279571822986802,-0.2514100138168281,0.3577030916535439,-1.8624722139882541,0.45382189527546607,0.4483034453862501,-0.6369000830841005,0.0007081433171832,19,0,8,2022-05-01,2022
2022-05,-0.19319257274874246,-0.2516780544642663,0.3577030916535439,-1.8624722139882541,0.45382189527546607,0.4483034453862501,-0.6369000830841005,0.0007081433171832,19,1,8,2022-05-01,2022
2022-05,-0.19330272012540967,-0.25174800802244923,0.3577030916535439,-1.8624722139882541,0.45382189527546607,0.4483034453862501,-0.6369000830841005,0.0007081433171832,19,1,8,2022-05-01,2022
2022-05,-0.1928896674629077,-0.2512346291956648,0.3577030916535439,-1.8624722139882541,0.45382189527546607,0.4483034453862501,-0.6369000830841005,0.0007081433171832,21,1,8,2022-05-01,2022
2022-05,-0.19331567864031168,-0.25174722863200266,0.3577030916535439,-1.8624722139882541,0.45382189527546607,0.4483034453862501,-0.6369000830841005,0.0007081433171832,21,0,8,2022-05-01,2022
2022-05,-0.19305326871354572,-0.25155424023667444,0.3577030916535439,-1.8624722139882541,0.45382189527546607,0.4483034453862501,-0.6369000830841005,0.0007081433171832,21,1,8,2022-05-01,2022
2022-05,-0.19325736532325258,-0.2516791125194536,0.3577030916535439,-1.8624722139882541,0.45382189527546607,0.4483034453862501,-0.6369000830841005,0.0007081433171832,23,0,8,2022-05-01,2022
2022-05,-0.19214779248476688,-0.25101351307807457,0.3577030916535439,-1.8624722139882541,0.45382189527546607,0.4483034453862501,-0.6369000830841005,0.0007081433171832,23,1,8,2022-05-01,2022
2022-05,-0.19219800673001222,-0.25106201380536197,0.3577030916535439,-1.8624722139882541,0.45382189527546607,0.4483034453862501,-0.6369000830841005,0.0007081433171832,23,1,8,2022-05-01,2022
2022-05,-0.19320877089237,-0.2514912707135547,0.3577030916535439,-1.8624722139882541,0.45382189527546607,0.4483034453862501,-0.6369000830841005,0.0007081433171832,25,1,8,2022-05-01,2022
2022-05,-0.19129900975868439,-0.23605286091605765,0.3577030916535439,-1.8624722139882541,0.45382189527546607,0.4483034453862501,-0.6369000830841005,0.0007081433171832,28,1,8,2022-05-01,2022
2022-05,-0.19330433993977242,-0.2516094332718747,0.3577030916535439,-1.8624722139882541,0.45382189527546607,0.4483034453862501,-0.6369000830841005,0.0007081433171832,28,0,8,2022-05-01,2022
2022-05,-0.19164241040358798,-0.24483603391952855,0.3577030916535439,-1.8624722139882541,0.45382189527546607,0.4483034453862501,-0.6369000830841005,0.0007081433171832,28,1,8,2022-05-01,2022
2022-05,-0.19218342840074745,-0.2503093534032045,0.3577030916535439,-1.8624722139882541,0.45382189527546607,0.4483034453862501,-0.6369000830841005,0.0007081433171832,30,1,8,2022-05-01,2022
2022-05,-0.19333025696957648,-0.2517627380664759,0.3577030916535439,-1.8624722139882541,0.45382189527546607,0.4483034453862501,-0.6369000830841005,0.0007081433171832,30,0,8,2022-05-01,2022
2022-05,-0.19207652065280575,0.07086015500178618,0.3577030916535439,-1.8624722139882541,0.45382189527546607,0.4483034453862501,-0.6369000830841005,0.0007081433171832,30,1,8,2022-05-01,2022
2022-05,-0.19184650701329484,-0.24767598466622115,0.3577030916535439,-1.8624722139882541,0.45382189527546607,0.4483034453862501,-0.6369000830841005,0.0007081433171832,37,1,8,2022-05-01,2022
2022-05,-0.07738394488372699,-0.06633061584645782,0.3577030916535439,-1.8624722139882541,0.45382189527546607,0.4483034453862501,-0.6369000830841005,0.0007081433171832,37,0,8,2022-05-01,2022
2022-05,-0.0774422582007861,-0.06649098740471714,0.3577030916535439,-1.8624722139882541,0.45382189527546607,0.4483034453862501,-0.6369000830841005,0.0007081433171832,37,0,8,2022-05-01,2022
2022-05,-0.19184488719893208,-0.2476747132583418,0.3577030916535439,-1.8624722139882541,0.45382189527546607,0.4483034453862501,-0.6369000830841005,0.0007081433171832,37,1,8,2022-05-01,2022
2022-05,-0.19266289345212229,-0.06362246481383202,0.3577030916535439,-1.8624722139882541,0.45382189527546607,0.4483034453862501,-0.6369000830841005,0.0007081433171832,38,1,8,2022-05-01,2022
2022-05,-0.19327032383815462,-0.24958280475807562,0.3577030916535439,-1.8624722139882541,0.45382189527546607,0.4483034453862501,-0.6369000830841005,0.0007081433171832,38,1,8,2022-05-01,2022
2022-05,-0.19329300123923315,-0.25164443182164903,0.3577030916535439,-1.8624722139882541,0.45382189527546607,0.4483034453862501,-0.6369000830841005,0.0007081433171832,40,0,8,2022-05-01,2022
2022-05,-0.1933253975264882,-0.2516976001833428,0.3577030916535439,-1.8624722139882541,0.45382189527546607,0.4483034453862501,-0.6369000830841005,0.0007081433171832,40,1,8,2022-05-01,2022
2022-05,-0.19333025696957648,-0.2517402881383052,0.3577030916535439,-1.8624722139882541,0.45382189527546607,0.4483034453862501,-0.6369000830841005,0.0007081433171832,40,1,8,2022-05-01,2022
2022-05,-0.027195616668192483,0.7540627130710779,0.3577030916535439,-1.8624722139882541,0.45382189527546607,0.4483034453862501,-0.6369000830841005,0.0007081433171832,44,1,8,2022-05-01,2022
2022-05,-0.1572553712967076,-0.08276927531406693,0.3577030916535439,-1.8624722139882541,0.45382189527546607,0.4483034453862501,-0.6369000830841005,0.0007081433171832,44,0,8,2022-05-01,2022
2022-05,-0.03699063411975901,0.30304196671569317,0.3577030916535439,-1.8624722139882541,0.45382189527546607,0.4483034453862501,-0.6369000830841005,0.0007081433171832,44,1,8,2022-05-01,2022
2022-05,-0.15775589393479822,-0.08582760342644534,0.3577030916535439,-1.8624722139882541,0.45382189527546607,0.4483034453862501,-0.6369000830841005,0.0007081433171832,44,0,8,2022-05-01,2022
2022-05,-0.19327356346688013,-0.24899245350495244,0.3577030916535439,-1.8624722139882541,0.45382189527546607,0.4483034453862501,-0.6369000830841005,0.0007081433171832,46,1,8,2022-05-01,2022
2022-05,-0.19327518328124288,-0.24922322274332517,0.3577030916535439,-1.8624722139882541,0.45382189527546607,0.4483034453862501,-0.6369000830841005,0.0007081433171832,46,1,8,2022-05-01,2022
2022-05,-0.19214617267040413,-0.23875178988742166,0.3577030916535439,-1.8624722139882541,0.45382189527546607,0.4483034453862501,-0.6369000830841005,0.0007081433171832,48,1,8,2022-05-01,2022
2022-05,-0.19259810087761217,-0.24491176541694396,0.3577030916535439,-1.8624722139882541,0.45382189527546607,0.4483034453862501,-0.6369000830841005,0.0007081433171832,48,1,8,2022-05-01,2022
2022-05,-0.17750143101675556,-0.23725507721111155,0.3577030916535439,-1.8624722139882541,0.45382189527546607,0.4483034453862501,-0.6369000830841005,0.0007081433171832,50,1,8,2022-05-01,2022
2022-05,-0.19209757823952153,-0.2504275986901193,0.3577030916535439,-1.8624722139882541,0.45382189527546607,0.4483034453862501,-0.6369000830841005,0.0007081433171832,50,0,8,2022-05-01,2022
2022-05,-0.1775889009923442,-0.2376167622738268,0.3577030916535439,-1.8624722139882541,0.45382189527546607,0.4483034453862501,-0.6369000830841005,0.0007081433171832,50,1,8,2022-05-01,2022
2022-05,-0.1908616598807411,-0.22650767482507025,0.3577030916535439,-1.8624722139882541,0.45382189527546607,0.4483034453862501,-0.6369000830841005,0.0007081433171832,52,1,8,2022-05-01,2022
2022-05,-0.18389321849217832,-0.22436673280968178,0.3577030916535439,-1.8624722139882541,0.45382189527546607,0.4483034453862501,-0.6369000830841005,0.0007081433171832,52,0,8,2022-05-01,2022
2022-05,-0.1914253552789791,-0.2404864343567672,0.3577030916535439,-1.8624722139882541,0.45382189527546607,0.4483034453862501,-0.6369000830841005,0.0007081433171832,52,1,8,2022-05-01,2022
2022-05,-0.18394181292306092,-0.22455790988419558,0.3577030916535439,-1.8624722139882541,0.45382189527546607,0.4483034453862501,-0.6369000830841005,0.0007081433171832,52,0,8,2022-05-01,2022
2022-05,-0.1932395473652623,-0.24817999774523694,0.3577030916535439,-1.8624722139882541,0.45382189527546607,0.4483034453862501,-0.6369000830841005,0.0007081433171832,53,1,8,2022-05-01,2022
2022-05,-0.19325412569452707,-0.2489473838372846,0.3577030916535439,-1.8624722139882541,0.45382189527546607,0.4483034453862501,-0.6369000830841005,0.0007081433171832,53,1,8,2022-05-01,2022
2022-05,-0.19333025696957648,-0.25171845649752783,0.3577030916535439,-1.8624722139882541,0.45382189527546607,0.4483034453862501,-0.6369000830841005,0.0007081433171832,58,1,8,2022-05-01,2022
2022-05,-0.1932913814248704,-0.25149121410977926,0.3577030916535439,-1.8624722139882541,0.45382189527546607,0.4483034453862501,-0.6369000830841005,0.0007081433171832,58,0,8,2022-05-01,2022
2022-05,-0.19330110031104691,-0.25152763210807644,0.3577030916535439,-1.8624722139882541,0.45382189527546607,0.4483034453862501,-0.6369000830841005,0.0007081433171832,58,0,8,2022-05-01,2022
2022-05,-0.11763309216940997,-0.10275158801889861,0.3577030916535439,-1.8624722139882541,0.45382189527546607,0.4483034453862501,-0.6369000830841005,0.0007081433171832,60,0,8,2022-05-01,2022
2022-05,-0.12160649680124273,-0.14917602351077905,0.3577030916535439,-1.8624722139882541,0.45382189527546607,0.4483034453862501,-0.6369000830841005,0.0007081433171832,60,0,8,2022-05-01,2022
2022-05,-0.19330110031104691,-0.25171254793419817,0.3577030916535439,-1.8624722139882541,0.45382189527546607,0.4483034453862501,-0.6369000830841005,0.0007081433171832,66,1,8,2022-05-01,2022
2022-05,-0.19333025696957648,-0.25175072064953424,0.3577030916535439,-1.8624722139882541,0.45382189527546607,0.4483034453862501,-0.6369000830841005,0.0007081433171832,66,0,8,2022-05-01,2022
2022-05,-0.19114512739422287,-0.23275589564051896,0.3577030916535439,-1.8624722139882541,0.45382189527546607,0.4483034453862501,-0.6369000830841005,0.0007081433171832,67,1,8,2022-05-01,2022
2022-05,-0.19301439316883967,-0.2501363417864735,0.3577030916535439,-1.8624722139882541,0.45382189527546607,0.4483034453862501,-0.6369000830841005,0.0007081433171832,67,0,8,2022-05-01,2022
2022-05,-0.19199067049157986,-0.24586677996219836,0.3577030916535439,-1.8624722139882541,0.45382189527546607,0.4483034453862501,-0.6369000830841005,0.0007081433171832,67,1,8,2022-05-01,2022
2022-05,-0.19313101980295785,0.1462993461666409,0.3577030916535439,-1.8624722139882541,0.45382189527546607,0.4483034453862501,-0.6369000830841005,0.0007081433171832,68,1,8,2022-05-01,2022
2022-05,-0.19325898513761533,-0.16781134052536564,0.3577030916535439,-1.8624722139882541,0.45382189527546607,0.4483034453862501,-0.6369000830841005,0.0007081433171832,68,1,8,2022-05-01,2022
2022-05,-0.19331081919722343,-0.2517527235523579,0.3577030916535439,-1.8624722139882541,0.45382189527546607,0.4483034453862501,-0.6369000830841005,0.0007081433171832,69,0,8,2022-05-01,2022
2022-05,-0.19332377771212544,-0.2517617235526544,0.3577030916535439,-1.8624722139882541,0.45382189527546607,0.4483034453862501,-0.6369000830841005,0.0007081433171832,69,1,8,2022-05-01,2022
2022-05,-0.15125395908270828,0.5117142537072458,0.3577030916535439,-1.8624722139882541,0.45382189527546607,0.4483034453862501,-0.6369000830841005,0.0007081433171832,72,1,8,2022-05-01,2022
2022-05,-0.17457118683453562,0.026158520727772545,0.3577030916535439,-1.8624722139882541,0.45382189527546607,0.4483034453862501,-0.6369000830841005,0.0007081433171832,72,1,8,2022-05-01,2022
2022-05,-0.1931536972040364,-0.2505589629905289,0.3577030916535439,-1.8624722139882541,0.45382189527546607,0.4483034453862501,-0.6369000830841005,0.0007081433171832,73,1,8,2022-05-01,2022
2022-05,-0.19333511641266474,-0.25176742311742856,0.3577030916535439,-1.8624722139882541,0.45382189527546607,0.4483034453862501,-0.6369000830841005,0.0007081433171832,73,1,8,2022-05-01,2022
2022-05,-0.19287022969055465,-0.2508751168470995,0.3577030916535439,-1.8624722139882541,0.45382189527546607,0.4483034453862501,-0.6369000830841005,0.0007081433171832,75,0,8,2022-05-01,2022
2022-05,-0.19014570193240435,-0.24576309055384726,0.3577030916535439,-1.8624722139882541,0.45382189527546607,0.4483034453862501,-0.6369000830841005,0.0007081433171832,75,1,8,2022-05-01,2022
2022-05,-0.1928718495049174,-0.25089643469976125,0.3577030916535439,-1.8624722139882541,0.45382189527546607,0.4483034453862501,-0.6369000830841005,0.0007081433171832,75,0,8,2022-05-01,2022
2022-05,-0.19018943692019868,-0.245925303911877,0.3577030916535439,-1.8624722139882541,0.45382189527546607,0.4483034453862501,-0.6369000830841005,0.0007081433171832,75,1,8,2022-05-01,2022
2022-05,-0.1924247807407976,-0.24266353747639502,0.3577030916535439,-1.8624722139882541,0.45382189527546607,0.4483034453862501,-0.6369000830841005,0.0007081433171832,77,1,8,2022-05-01,2022
2022-05,-0.1933253975264882,-0.251594642269936,0.3577030916535439,-1.8624722139882541,0.45382189527546607,0.4483034453862501,-0.6369000830841005,0.0007081433171832,77,0,8,2022-05-01,2022
2022-05,-0.19247823461476846,-0.2436647537648263,0.3577030916535439,-1.8624722139882541,0.45382189527546607,0.4483034453862501,-0.6369000830841005,0.0007081433171832,77,1,8,2022-05-01,2022
2022-05,-0.1932946210535959,-0.2515402982913675,0.3577030916535439,-1.8624722139882541,0.45382189527546607,0.4483034453862501,-0.6369000830841005,0.0007081433171832,78,1,8,2022-05-01,2022
2022-05,-0.19333349659830198,-0.25175657696322506,0.3577030916535439,-1.8624722139882541,0.45382189527546607,0.4483034453862501,-0.6369000830841005,0.0007081433171832,78,0,8,2022-05-01,2022
2022-05,-0.17417595213002393,-0.21198254081963813,0.3577030916535439,-1.8624722139882541,0.45382189527546607,0.4483034453862501,-0.6369000830841005,0.0007081433171832,79,0,8,2022-05-01,2022
2022-05,-0.13746609922695596,-0.15912904851215623,0.3577030916535439,-1.8624722139882541,0.45382189527546607,0.4483034453862501,-0.6369000830841005,0.0007081433171832,79,1,8,2022-05-01,2022
2022-05,-0.1387975866331388,-0.1738286484159347,0.3577030916535439,-1.8624722139882541,0.45382189527546607,0.4483034453862501,-0.6369000830841005,0.0007081433171832,79,1,8,2022-05-01,2022
2022-05,-0.17419700971673974,-0.21201963806324067,0.3577030916535439,-1.8624722139882541,0.45382189527546607,0.4483034453862501,-0.6369000830841005,0.0007081433171832,79,0,8,2022-05-01,2022
2022-05,-0.15401736238556463,-0.24030009908212266,0.3577030916535439,-1.8624722139882541,0.45382189527546607,0.4483034453862501,-0.6369000830841005,0.0007081433171832,80,0,8,2022-05-01,2022
2022-05,0.09696153442245121,-0.19095584491638976,0.3577030916535439,-1.8624722139882541,0.45382189527546607,0.4483034453862501,-0.6369000830841005,0.0007081433171832,80,1,8,2022-05-01,2022
2022-05,-0.15411779087605532,-0.24083526600831875,0.3577030916535439,-1.8624722139882541,0.45382189527546607,0.4483034453862501,-0.6369000830841005,0.0007081433171832,80,0,8,2022-05-01,2022
2022-05,0.08052041864050972,-0.208602511680695,0.3577030916535439,-1.8624722139882541,0.45382189527546607,0.4483034453862501,-0.6369000830841005,0.0007081433171832,80,1,8,2022-05-01,2022
2022-05,-0.18145539787623527,-0.20641475834300943,0.3577030916535439,-1.8624722139882541,0.45382189527546607,0.4483034453862501,-0.6369000830841005,0.0007081433171832,81,1,8,2022-05-01,2022
2022-05,-0.18732398531248887,-0.24843840704257553,0.3577030916535439,-1.8624722139882541,0.45382189527546607,0.4483034453862501,-0.6369000830841005,0.0007081433171832,81,0,8,2022-05-01,2022
2022-05,-0.18440669964517098,-0.233387502337672,0.3577030916535439,-1.8624722139882541,0.45382189527546607,0.4483034453862501,-0.6369000830841005,0.0007081433171832,81,1,8,2022-05-01,2022
2022-05,-0.18996752235250153,-0.24975927791338218,0.3577030916535439,-1.8624722139882541,0.45382189527546607,0.4483034453862501,-0.6369000830841005,0.0007081433171832,81,0,8,2022-05-01,2022
2022-05,-0.19180439183986328,-0.24427839094034226,0.3577030916535439,-1.8624722139882541,0.45382189527546607,0.4483034453862501,-0.6369000830841005,0.0007081433171832,86,1,8,2022-05-01,2022
2022-05,-0.19333349659830198,-0.2517596901708748,0.3577030916535439,-1.8624722139882541,0.45382189527546607,0.4483034453862501,-0.6369000830841005,0.0007081433171832,86,0,8,2022-05-01,2022
2022-05,-0.1918756636718244,-0.24501852884571562,0.3577030916535439,-1.8624722139882541,0.45382189527546607,0.4483034453862501,-0.6369000830841005,0.0007081433171832,86,1,8,2022-05-01,2022
2022-05,-0.1789608837575959,-0.23708789578325193,0.3577030916535439,-1.8624722139882541,0.45382189527546607,0.4483034453862501,-0.6369000830841005,0.0007081433171832,87,1,8,2022-05-01,2022
2022-05,-0.11519851118219243,-0.13198249609376983,0.3577030916535439,-1.8624722139882541,0.45382189527546607,0.4483034453862501,-0.6369000830841005,0.0007081433171832,87,0,8,2022-05-01,2022
2022-05,-0.18097917245358594,-0.24086339808471735,0.3577030916535439,-1.8624722139882541,0.45382189527546607,0.4483034453862501,-0.6369000830841005,0.0007081433171832,87,1,8,2022-05-01,2022
2022-05,-0.11932903780721221,-0.15970036348018193,0.3577030916535439,-1.8624722139882541,0.45382189527546607,0.4483034453862501,-0.6369000830841005,0.0007081433171832,87,0,8,2022-05-01,2022
2022-05,2.9944239135689763,1.756638214899809,0.3577030916535439,-1.8624722139882541,0.45382189527546607,0.4483034453862501,-0.6369000830841005,0.0007081433171832,88,0,8,2022-05-01,2022
2022-05,6.9566178101971206,8.17510516077645,0.3577030916535439,-1.8624722139882541,0.45382189527546607,0.4483034453862501,-0.6369000830841005,0.0007081433171832,88,1,8,2022-05-01,2022
2022-05,6.692268965638943,6.695296557592247,0.3577030916535439,-1.8624722139882541,0.45382189527546607,0.4483034453862501,-0.6369000830841005,0.0007081433171832,88,1,8,2022-05-01,2022
2022-05,2.954216881456725,1.7008265265587195,0.3577030916535439,-1.8624722139882541,0.45382189527546607,0.4483034453862501,-0.6369000830841005,0.0007081433171832,88,0,8,2022-05-01,2022
2022-05,0.37349300280289344,0.6932755485138042,0.3577030916535439,-1.8624722139882541,0.45382189527546607,0.4483034453862501,-0.6369000830841005,0.0007081433171832,89,0,8,2022-05-01,2022
2022-05,-0.1862030737734639,-0.17294545970758968,0.3577030916535439,-1.8624722139882541,0.45382189527546607,0.4483034453862501,-0.6369000830841005,0.0007081433171832,89,1,8,2022-05-01,2022
2022-05,0.3339468549506452,0.5233139957440119,0.3577030916535439,-1.8624722139882541,0.45382189527546607,0.4483034453862501,-0.6369000830841005,0.0007081433171832,89,0,8,2022-05-01,2022
2022-05,-0.18682022304567272,-0.20860143185482485,0.3577030916535439,-1.8624722139882541,0.45382189527546607,0.4483034453862501,-0.6369000830841005,0.0007081433171832,89,1,8,2022-05-01,2022
2022-05,0.09390494471993659,2.797041057597536,0.3577030916535439,-1.8624722139882541,0.45382189527546607,0.4483034453862501,-0.6369000830841005,0.0007081433171832,91,0,8,2022-05-01,2022
2022-05,-0.19327356346688013,-0.2517183302275672,0.3577030916535439,-1.8624722139882541,0.45382189527546607,0.4483034453862501,-0.6369000830841005,0.0007081433171832,91,1,8,2022-05-01,2022
2022-05,0.07156608484321193,0.6347630502143512,0.3577030916535439,-1.8624722139882541,0.45382189527546607,0.4483034453862501,-0.6369000830841005,0.0007081433171832,91,0,8,2022-05-01,2022
2022-05,-0.1933221578977627,-0.251601913678013,0.3577030916535439,-1.8624722139882541,0.45382189527546607,0.4483034453862501,-0.6369000830841005,0.0007081433171832,93,1,8,2022-05-01,2022
2022-05,-0.1933286371552137,-0.25167197173547373,0.3577030916535439,-1.8624722139882541,0.45382189527546607,0.4483034453862501,-0.6369000830841005,0.0007081433171832,93,1,8,2022-05-01,2022
2022-05,-0.19332377771212544,-0.2515741604114963,0.3577030916535439,-1.8624722139882541,0.45382189527546607,0.4483034453862501,-0.6369000830841005,0.0007081433171832,94,1,8,2022-05-01,2022
2022-05,-0.1929755176241336,-0.24291407884894606,0.3577030916535439,-1.8624722139882541,0.45382189527546607,0.4483034453862501,-0.6369000830841005,0.0007081433171832,95,1,8,2022-05-01,2022
2022-05,-0.19326546439506637,-0.2512378556108654,0.3577030916535439,-1.8624722139882541,0.45382189527546607,0.4483034453862501,-0.6369000830841005,0.0007081433171832,95,0,8,2022-05-01,2022
2022-05,-0.1931877133056542,-0.2500121139159072,0.3577030916535439,-1.8624722139882541,0.45382189527546607,0.4483034453862501,-0.6369000830841005,0.0007081433171832,95,1,8,2022-05-01,2022
2022-05,-0.19317313497638944,-0.21994794601677436,0.3577030916535439,-1.8624722139882541,0.45382189527546607,0.4483034453862501,-0.6369000830841005,0.0007081433171832,97,1,8,2022-05-01,2022
2022-05,-0.1931747547907522,-0.22010430306111334,0.3577030916535439,-1.8624722139882541,0.45382189527546607,0.4483034453862501,-0.6369000830841005,0.0007081433171832,97,1,8,2022-05-01,2022
2022-05,-0.06800521972338795,0.5995360171233389,0.3577030916535439,-1.8624722139882541,0.45382189527546607,0.4483034453862501,-0.6369000830841005,0.0007081433171832,98,1,8,2022-05-01,2022
2022-05,-0.1779468799665126,-0.2291513976988243,0.3577030916535439,-1.8624722139882541,0.45382189527546607,0.4483034453862501,-0.6369000830841005,0.0007081433171832,98,0,8,2022-05-01,2022
2022-05,-0.1779533592239636,-0.22920600727972376,0.3577030916535439,-1.8624722139882541,0.45382189527546607,0.4483034453862501,-0.6369000830841005,0.0007081433171832,98,0,8,2022-05-01,2022
2022-05,-0.07085609300183299,0.5832648787062421,0.3577030916535439,-1.8624722139882541,0.45382189527546607,0.4483034453862501,-0.6369000830841005,0.0007081433171832,98,1,8,2022-05-01,2022
2022-05,-0.1924798544291312,-0.24963505004281591,0.3577030916535439,-1.8624722139882541,0.45382189527546607,0.4483034453862501,-0.6369000830841005,0.0007081433171832,100,0,8,2022-05-01,2022
2022-05,-0.18807395936244345,-0.23092035276436565,0.3577030916535439,-1.8624722139882541,0.45382189527546607,0.4483034453862501,-0.6369000830841005,0.0007081433171832,100,1,8,2022-05-01,2022
2022-05,-0.1885015903542102,-0.23932488569730576,0.3577030916535439,-1.8624722139882541,0.45382189527546607,0.4483034453862501,-0.6369000830841005,0.0007081433171832,100,1,8,2022-05-01,2022
2022-05,0.03251074074287781,-0.07811138111124935,0.3577030916535439,-1.8624722139882541,0.45382189527546607,0.4483034453862501,-0.6369000830841005,0.0007081433171832,101,0,8,2022-05-01,2022
2022-05,0.7806284834377356,0.5021679964986614,0.3577030916535439,-1.8624722139882541,0.45382189527546607,0.4483034453862501,-0.6369000830841005,0.0007081433171832,101,1,8,2022-05-01,2022
2022-05,0.7616215817051937,0.4101790065301699,0.3577030916535439,-1.8624722139882541,0.45382189527546607,0.4483034453862501,-0.6369000830841005,0.0007081433171832,101,1,8,2022-05-01,2022
2022-05,0.03222889304375881,-0.07843184556302733,0.3577030916535439,-1.8624722139882541,0.45382189527546607,0.4483034453862501,-0.6369000830841005,0.0007081433171832,101,0,8,2022-05-01,2022
2022-06,-0.1932638445807036,-0.2517475595463822,0.3577030916535439,-1.8624722139882541,0.9208013306149717,0.6313368720455338,-0.25683152722496805,0.000787204289004,0,0,8,2022-06-01,2022
2022-06,-0.1928750891336429,-0.25158461033927165,0.3577030916535439,-1.8624722139882541,0.9208013306149717,0.6313368720455338,-0.25683152722496805,0.000787204289004,0,1,8,2022-06-01,2022
2022-06,-0.192933402450702,-0.25160903269130996,0.3577030916535439,-1.8624722139882541,0.9208013306149717,0.6313368720455338,-0.25683152722496805,0.000787204289004,0,1,8,2022-06-01,2022
2022-06,-0.19333349659830198,-0.2517700530159187,0.3577030916535439,-1.8624722139882541,0.9208013306149717,0.6313368720455338,-0.25683152722496805,0.000787204289004,1,0,8,2022-06-01,2022
2022-06,-0.1818328146227567,-0.24739731121727151,0.3577030916535439,-1.8624722139882541,0.9208013306149717,0.6313368720455338,-0.25683152722496805,0.000787204289004,2,1,8,2022-06-01,2022
2022-06,-0.19224498134653206,-0.2515494027909418,0.3577030916535439,-1.8624722139882541,0.9208013306149717,0.6313368720455338,-0.25683152722496805,0.000787204289004,2,0,8,2022-06-01,2022
2022-06,-0.18185063258074696,-0.248412038391489,0.3577030916535439,-1.8624722139882541,0.9208013306149717,0.6313368720455338,-0.25683152722496805,0.000787204289004,2,1,8,2022-06-01,2022
2022-06,-0.19305326871354572,-0.25129335778976236,0.3577030916535439,-1.8624722139882541,0.9208013306149717,0.6313368720455338,-0.25683152722496805,0.000787204289004,3,0,8,2022-06-01,2022
2022-06,-0.19105279797554595,-0.21681076013692108,0.3577030916535439,-1.8624722139882541,0.9208013306149717,0.6313368720455338,-0.25683152722496805,0.000787204289004,3,1,8,2022-06-01,2022
2022-06,-0.19203926492246243,-0.23623505976095777,0.3577030916535439,-1.8624722139882541,0.9208013306149717,0.6313368720455338,-0.25683152722496805,0.000787204289004,3,1,8,2022-06-01,2022
2022-06,-0.17529686366904892,-0.03562060322357797,0.3577030916535439,-1.8624722139882541,0.9208013306149717,0.6313368720455338,-0.25683152722496805,0.000787204289004,5,0,8,2022-06-01,2022
2022-06,-0.06812346617186892,1.471372246139325,0.3577030916535439,-1.8624722139882541,0.9208013306149717,0.6313368720455338,-0.25683152722496805,0.000787204289004,5,1,8,2022-06-01,2022
2022-06,-0.1756759002299331,-0.05167695643766179,0.3577030916535439,-1.8624722139882541,0.9208013306149717,0.6313368720455338,-0.25683152722496805,0.000787204289004,5,0,8,2022-06-01,2022
2022-06,-0.09714891973803735,0.6826686018653371,0.3577030916535439,-1.8624722139882541,0.9208013306149717,0.6313368720455338,-0.25683152722496805,0.000787204289004,5,1,8,2022-06-01,2022
2022-06,-0.19133140604593943,-0.14341520909745642,0.3577030916535439,-1.8624722139882541,0.9208013306149717,0.6313368720455338,-0.25683152722496805,0.000787204289004,6,1,8,2022-06-01,2022
2022-06,-0.19275522287079921,-0.24043854756273658,0.3577030916535439,-1.8624722139882541,0.9208013306149717,0.6313368720455338,-0.25683152722496805,0.000787204289004,6,0,8,2022-06-01,2022
2022-06,-0.19277466064315224,-0.2410259031698975,0.3577030916535439,-1.8624722139882541,0.9208013306149717,0.6313368720455338,-0.25683152722496805,0.000787204289004,6,0,8,2022-06-01,2022
2022-06,-0.19307594611462428,-0.2256590057114765,0.3577030916535439,-1.8624722139882541,0.9208013306149717,0.6313368720455338,-0.25683152722496805,0.000787204289004,6,1,8,2022-06-01,2022
2022-06,-0.1921915274725612,-0.24538591347320504,0.3577030916535439,-1.8624722139882541,0.9208013306149717,0.6313368720455338,-0.25683152722496805,0.000787204289004,9,0,8,2022-06-01,2022
2022-06,-0.18525062292816522,-0.01046084767762022,0.3577030916535439,-1.8624722139882541,0.9208013306149717,0.6313368720455338,-0.25683152722496805,0.000787204289004,9,1,8,2022-06-01,2022
2022-06,-0.1866906378966525,-0.07327202391261248,0.3577030916535439,-1.8624722139882541,0.9208013306149717,0.6313368720455338,-0.25683152722496805,0.000787204289004,9,1,8,2022-06-01,2022
2022-06,-0.19219638691564947,-0.2453959279873231,0.3577030916535439,-1.8624722139882541,0.9208013306149717,0.6313368720455338,-0.25683152722496805,0.000787204289004,9,0,8,2022-06-01,2022
2022-06,-0.19038705427245453,-0.24449473057011184,0.3577030916535439,-1.8624722139882541,0.9208013306149717,0.6313368720455338,-0.25683152722496805,0.000787204289004,12,0,8,2022-06-01,2022
2022-06,-0.1794549271382355,-0.21986197794427567,0.3577030916535439,-1.8624722139882541,0.9208013306149717,0.6313368720455338,-0.25683152722496805,0.000787204289004,12,1,8,2022-06-01,2022
2022-06,-0.18024215691853337,-0.2233601696415388,0.3577030916535439,-1.8624722139882541,0.9208013306149717,0.6313368720455338,-0.25683152722496805,0.000787204289004,12,1,8,2022-06-01,2022
2022-06,-0.19326870402379187,-0.2515513969854922,0.3577030916535439,-1.8624722139882541,0.9208013306149717,0.6313368720455338,-0.25683152722496805,0.000787204289004,13,0,8,2022-06-01,2022
2022-06,-0.19310024333006556,-0.24822678729685116,0.3577030916535439,-1.8624722139882541,0.9208013306149717,0.6313368720455338,-0.25683152722496805,0.000787204289004,13,1,8,2022-06-01,2022
2022-06,-0.19320391144928176,-0.24982127210990956,0.3577030916535439,-1.8624722139882541,0.9208013306149717,0.6313368720455338,-0.25683152722496805,0.000787204289004,13,1,8,2022-06-01,2022
2022-06,-0.19185622589947138,-0.25004563205924674,0.3577030916535439,-1.8624722139882541,0.9208013306149717,0.6313368720455338,-0.25683152722496805,0.000787204289004,17,0,8,2022-06-01,2022
2022-06,-0.19187080422873615,-0.25006845208902617,0.3577030916535439,-1.8624722139882541,0.9208013306149717,0.6313368720455338,-0.25683152722496805,0.000787204289004,17,0,8,2022-06-01,2022
2022-06,-0.19308404518643804,-0.25155100511320067,0.3577030916535439,-1.8624722139882541,0.9208013306149717,0.6313368720455338,-0.25683152722496805,0.000787204289004,18,0,8,2022-06-01,2022
2022-06,-0.18921592848818422,-0.24745051876619442,0.3577030916535439,-1.8624722139882541,0.9208013306149717,0.6313368720455338,-0.25683152722496805,0.000787204289004,18,1,8,2022-06-01,2022
2022-06,-0.18927586161960608,-0.2476022168844002,0.3577030916535439,-1.8624722139882541,0.9208013306149717,0.6313368720455338,-0.25683152722496805,0.000787204289004,18,1,8,2022-06-01,2022
2022-06,-0.19319419256310522,-0.25166338102401503,0.3577030916535439,-1.8624722139882541,0.9208013306149717,0.6313368720455338,-0.25683152722496805,0.000787204289004,19,1,8,2022-06-01,2022
2022-06,-0.19275036342771096,-0.25134948261018925,0.3577030916535439,-1.8624722139882541,0.9208013306149717,0.6313368720455338,-0.25683152722496805,0.000787204289004,19,0,8,2022-06-01,2022
2022-06,-0.19330433993977242,-0.25173725330511376,0.3577030916535439,-1.8624722139882541,0.9208013306149717,0.6313368720455338,-0.25683152722496805,0.000787204289004,19,1,8,2022-06-01,2022
2022-06,-0.1925835225483474,-0.2504141748870646,0.3577030916535439,-1.8624722139882541,0.9208013306149717,0.6313368720455338,-0.25683152722496805,0.000787204289004,21,1,8,2022-06-01,2022
2022-06,-0.19331243901158618,-0.2517255580942785,0.3577030916535439,-1.8624722139882541,0.9208013306149717,0.6313368720455338,-0.25683152722496805,0.000787204289004,21,0,8,2022-06-01,2022
2022-06,-0.19275036342771096,-0.25083867707811947,0.3577030916535439,-1.8624722139882541,0.9208013306149717,0.6313368720455338,-0.25683152722496805,0.000787204289004,21,1,8,2022-06-01,2022
2022-06,-0.1927859993436915,-0.2510691458810687,0.3577030916535439,-1.8624722139882541,0.9208013306149717,0.6313368720455338,-0.25683152722496805,0.000787204289004,23,1,8,2022-06-01,2022
2022-06,-0.19319743219183072,-0.251553347638677,0.3577030916535439,-1.8624722139882541,0.9208013306149717,0.6313368720455338,-0.25683152722496805,0.000787204289004,23,0,8,2022-06-01,2022
2022-06,-0.19281515600222107,-0.25114355372096586,0.3577030916535439,-1.8624722139882541,0.9208013306149717,0.6313368720455338,-0.25683152722496805,0.000787204289004,23,1,8,2022-06-01,2022
2022-06,-0.1931472179465854,-0.2514442199137461,0.3577030916535439,-1.8624722139882541,0.9208013306149717,0.6313368720455338,-0.25683152722496805,0.000787204289004,25,1,8,2022-06-01,2022
2022-06,-0.19327032383815462,-0.2514633998853505,0.3577030916535439,-1.8624722139882541,0.9208013306149717,0.6313368720455338,-0.25683152722496805,0.000787204289004,28,0,8,2022-06-01,2022
2022-06,-0.19133788530339046,-0.2325047098557551,0.3577030916535439,-1.8624722139882541,0.9208013306149717,0.6313368720455338,-0.25683152722496805,0.000787204289004,28,1,8,2022-06-01,2022
2022-06,-0.19166508780466654,-0.24293871890781307,0.3577030916535439,-1.8624722139882541,0.9208013306149717,0.6313368720455338,-0.25683152722496805,0.000787204289004,28,1,8,2022-06-01,2022
2022-06,-0.19317151516202669,-0.25160824459259024,0.3577030916535439,-1.8624722139882541,0.9208013306149717,0.6313368720455338,-0.25683152722496805,0.000787204289004,30,1,8,2022-06-01,2022
2022-06,-0.1933286371552137,-0.2517532721735661,0.3577030916535439,-1.8624722139882541,0.9208013306149717,0.6313368720455338,-0.25683152722496805,0.000787204289004,30,0,8,2022-06-01,2022
2022-06,-0.19305650834227123,0.0010900931964349433,0.3577030916535439,-1.8624722139882541,0.9208013306149717,0.6313368720455338,-0.25683152722496805,0.000787204289004,30,1,8,2022-06-01,2022
2022-06,-0.19201820733574665,-0.24776146942956026,0.3577030916535439,-1.8624722139882541,0.9208013306149717,0.6313368720455338,-0.25683152722496805,0.000787204289004,37,1,8,2022-06-01,2022
2022-06,-0.08223690871453455,-0.0773233955990745,0.3577030916535439,-1.8624722139882541,0.9208013306149717,0.6313368720455338,-0.25683152722496805,0.000787204289004,37,0,8,2022-06-01,2022
2022-06,-0.1920165875213839,-0.24775765520592224,0.3577030916535439,-1.8624722139882541,0.9208013306149717,0.6313368720455338,-0.25683152722496805,0.000787204289004,37,1,8,2022-06-01,2022
2022-06,-0.08227092481615236,-0.07740510097186816,0.3577030916535439,-1.8624722139882541,0.9208013306149717,0.6313368720455338,-0.25683152722496805,0.000787204289004,37,0,8,2022-06-01,2022
2022-06,-0.19248147424349396,-0.19184037034466273,0.3577030916535439,-1.8624722139882541,0.9208013306149717,0.6313368720455338,-0.25683152722496805,0.000787204289004,38,1,8,2022-06-01,2022
2022-06,-0.19321686996418377,-0.2504529702439306,0.3577030916535439,-1.8624722139882541,0.9208013306149717,0.6313368720455338,-0.25683152722496805,0.000787204289004,38,1,8,2022-06-01,2022
2022-06,-0.19332701734085095,-0.25169777434880575,0.3577030916535439,-1.8624722139882541,0.9208013306149717,0.6313368720455338,-0.25683152722496805,0.000787204289004,40,1,8,2022-06-01,2022
2022-06,-0.19331081919722343,-0.25168917492907394,0.3577030916535439,-1.8624722139882541,0.9208013306149717,0.6313368720455338,-0.25683152722496805,0.000787204289004,40,0,8,2022-06-01,2022
2022-06,-0.19333187678393923,-0.2517341313891909,0.3577030916535439,-1.8624722139882541,0.9208013306149717,0.6313368720455338,-0.25683152722496805,0.000787204289004,40,1,8,2022-06-01,2022
2022-06,-0.19333187678393923,-0.2512112953777697,0.3577030916535439,-1.8624722139882541,0.9208013306149717,0.6313368720455338,-0.25683152722496805,0.000787204289004,41,1,8,2022-06-01,2022
2022-06,-0.19333511641266474,-0.2517667525803963,0.3577030916535439,-1.8624722139882541,0.9208013306149717,0.6313368720455338,-0.25683152722496805,0.000787204289004,43,0,8,2022-06-01,2022
2022-06,-0.013503325859842588,1.003368790951526,0.3577030916535439,-1.8624722139882541,0.9208013306149717,0.6313368720455338,-0.25683152722496805,0.000787204289004,44,1,8,2022-06-01,2022
2022-06,-0.1541534267920359,-0.0963767837449976,0.3577030916535439,-1.8624722139882541,0.9208013306149717,0.6313368720455338,-0.25683152722496805,0.000787204289004,44,0,8,2022-06-01,2022
2022-06,-0.024780473453327977,0.3455079782745369,0.3577030916535439,-1.8624722139882541,0.9208013306149717,0.6313368720455338,-0.25683152722496805,0.000787204289004,44,1,8,2022-06-01,2022
2022-06,-0.15457457852635162,-0.0989887606089974,0.3577030916535439,-1.8624722139882541,0.9208013306149717,0.6313368720455338,-0.25683152722496805,0.000787204289004,44,0,8,2022-06-01,2022
2022-06,-0.19327032383815462,-0.24810312981817595,0.3577030916535439,-1.8624722139882541,0.9208013306149717,0.6313368720455338,-0.25683152722496805,0.000787204289004,46,1,8,2022-06-01,2022
2022-06,-0.19333187678393923,-0.2517617366150641,0.3577030916535439,-1.8624722139882541,0.9208013306149717,0.6313368720455338,-0.25683152722496805,0.000787204289004,48,0,8,2022-06-01,2022
2022-06,-0.1917039633493726,-0.23167683609843434,0.3577030916535439,-1.8624722139882541,0.9208013306149717,0.6313368720455338,-0.25683152722496805,0.000787204289004,48,1,8,2022-06-01,2022
2022-06,-0.19250739127329802,-0.24332483067670324,0.3577030916535439,-1.8624722139882541,0.9208013306149717,0.6313368720455338,-0.25683152722496805,0.000787204289004,48,1,8,2022-06-01,2022
2022-06,-0.19098962521539858,-0.2499825319120298,0.3577030916535439,-1.8624722139882541,0.9208013306149717,0.6313368720455338,-0.25683152722496805,0.000787204289004,50,0,8,2022-06-01,2022
2022-06,-0.16337988940227616,-0.22796001884970077,0.3577030916535439,-1.8624722139882541,0.9208013306149717,0.6313368720455338,-0.25683152722496805,0.000787204289004,50,1,8,2022-06-01,2022
2022-06,-0.16353215195237492,-0.22833452684462371,0.3577030916535439,-1.8624722139882541,0.9208013306149717,0.6313368720455338,-0.25683152722496805,0.000787204289004,50,1,8,2022-06-01,2022
2022-06,-0.19011492545951206,-0.21389657571579418,0.3577030916535439,-1.8624722139882541,0.9208013306149717,0.6313368720455338,-0.25683152722496805,0.000787204289004,52,1,8,2022-06-01,2022
2022-06,-0.18599087809194328,-0.23063447757352415,0.3577030916535439,-1.8624722139882541,0.9208013306149717,0.6313368720455338,-0.25683152722496805,0.000787204289004,52,0,8,2022-06-01,2022
2022-06,-0.18603947252282585,-0.2307748592907765,0.3577030916535439,-1.8624722139882541,0.9208013306149717,0.6313368720455338,-0.25683152722496805,0.000787204289004,52,0,8,2022-06-01,2022
2022-06,-0.1907628512046132,-0.23415852848789473,0.3577030916535439,-1.8624722139882541,0.9208013306149717,0.6313368720455338,-0.25683152722496805,0.000787204289004,52,1,8,2022-06-01,2022
2022-06,-0.1932363077365368,-0.24740420381546668,0.3577030916535439,-1.8624722139882541,0.9208013306149717,0.6313368720455338,-0.25683152722496805,0.000787204289004,53,1,8,2022-06-01,2022
2022-06,-0.19325898513761533,-0.2496220006955064,0.3577030916535439,-1.8624722139882541,0.9208013306149717,0.6313368720455338,-0.25683152722496805,0.000787204289004,53,1,8,2022-06-01,2022
2022-06,-0.1932978606823214,-0.2515338106278736,0.3577030916535439,-1.8624722139882541,0.9208013306149717,0.6313368720455338,-0.25683152722496805,0.000787204289004,58,0,8,2022-06-01,2022
2022-06,-0.11786958506637189,-0.1152035869777947,0.3577030916535439,-1.8624722139882541,0.9208013306149717,0.6313368720455338,-0.25683152722496805,0.000787204289004,60,0,8,2022-06-01,2022
2022-06,-0.12191588134452852,-0.15862921975838717,0.3577030916535439,-1.8624722139882541,0.9208013306149717,0.6313368720455338,-0.25683152722496805,0.000787204289004,60,0,8,2022-06-01,2022
2022-06,-0.1933286371552137,-0.2517252924919475,0.3577030916535439,-1.8624722139882541,0.9208013306149717,0.6313368720455338,-0.25683152722496805,0.000787204289004,66,0,8,2022-06-01,2022
2022-06,-0.19332377771212544,-0.2515840747804731,0.3577030916535439,-1.8624722139882541,0.9208013306149717,0.6313368720455338,-0.25683152722496805,0.000787204289004,66,1,8,2022-06-01,2022
2022-06,-0.19333025696957648,-0.25174488610652634,0.3577030916535439,-1.8624722139882541,0.9208013306149717,0.6313368720455338,-0.25683152722496805,0.000787204289004,66,0,8,2022-06-01,2022
2022-06,-0.19099448465848684,-0.2293025602582316,0.3577030916535439,-1.8624722139882541,0.9208013306149717,0.6313368720455338,-0.25683152722496805,0.000787204289004,67,1,8,2022-06-01,2022
2022-06,-0.19266775289521054,-0.24807602096387202,0.3577030916535439,-1.8624722139882541,0.9208013306149717,0.6313368720455338,-0.25683152722496805,0.000787204289004,67,0,8,2022-06-01,2022
2022-06,-0.1917655162951572,-0.24255473631170713,0.3577030916535439,-1.8624722139882541,0.9208013306149717,0.6313368720455338,-0.25683152722496805,0.000787204289004,67,1,8,2022-06-01,2022
2022-06,-0.1931261603598696,0.03593788970020595,0.3577030916535439,-1.8624722139882541,0.9208013306149717,0.6313368720455338,-0.25683152722496805,0.000787204289004,68,1,8,2022-06-01,2022
2022-06,-0.19321848977854653,-0.2064891748911798,0.3577030916535439,-1.8624722139882541,0.9208013306149717,0.6313368720455338,-0.25683152722496805,0.000787204289004,68,1,8,2022-06-01,2022
2022-06,-0.19330595975413517,-0.2517511299383721,0.3577030916535439,-1.8624722139882541,0.9208013306149717,0.6313368720455338,-0.25683152722496805,0.000787204289004,69,0,8,2022-06-01,2022
2022-06,-0.1933189182690372,-0.251760269271039,0.3577030916535439,-1.8624722139882541,0.9208013306149717,0.6313368720455338,-0.25683152722496805,0.000787204289004,69,1,8,2022-06-01,2022
2022-06,-0.15067730516956826,0.4345198360694646,0.3577030916535439,-1.8624722139882541,0.9208013306149717,0.6313368720455338,-0.25683152722496805,0.000787204289004,72,1,8,2022-06-01,2022
2022-06,-0.17465379736703604,0.01898433181214838,0.3577030916535439,-1.8624722139882541,0.9208013306149717,0.6313368720455338,-0.25683152722496805,0.000787204289004,72,1,8,2022-06-01,2022
2022-06,-0.19313425943168336,-0.24996564657039944,0.3577030916535439,-1.8624722139882541,0.9208013306149717,0.6313368720455338,-0.25683152722496805,0.000787204289004,73,1,8,2022-06-01,2022
2022-06,-0.19290586560653522,-0.25111214733386433,0.3577030916535439,-1.8624722139882541,0.9208013306149717,0.6313368720455338,-0.25683152722496805,0.000787204289004,75,0,8,2022-06-01,2022
2022-06,-0.19035141835647396,-0.24668635473521083,0.3577030916535439,-1.8624722139882541,0.9208013306149717,0.6313368720455338,-0.25683152722496805,0.000787204289004,75,1,8,2022-06-01,2022
2022-06,-0.19038867408681728,-0.2467908583671011,0.3577030916535439,-1.8624722139882541,0.9208013306149717,0.6313368720455338,-0.25683152722496805,0.000787204289004,75,1,8,2022-06-01,2022
2022-06,-0.19239562408226807,-0.2421742152541768,0.3577030916535439,-1.8624722139882541,0.9208013306149717,0.6313368720455338,-0.25683152722496805,0.000787204289004,77,1,8,2022-06-01,2022
2022-06,-0.19331567864031168,-0.25151257985794334,0.3577030916535439,-1.8624722139882541,0.9208013306149717,0.6313368720455338,-0.25683152722496805,0.000787204289004,77,0,8,2022-06-01,2022
2022-06,-0.19246203647114093,-0.24290426897924694,0.3577030916535439,-1.8624722139882541,0.9208013306149717,0.6313368720455338,-0.25683152722496805,0.000787204289004,77,1,8,2022-06-01,2022
2022-06,-0.19321363033545827,-0.25064366400928484,0.3577030916535439,-1.8624722139882541,0.9208013306149717,0.6313368720455338,-0.25683152722496805,0.000787204289004,78,1,8,2022-06-01,2022
2022-06,-0.19333511641266474,-0.25175461760176715,0.3577030916535439,-1.8624722139882541,0.9208013306149717,0.6313368720455338,-0.25683152722496805,0.000787204289004,78,0,8,2022-06-01,2022
2022-06,-0.19321686996418377,-0.25064648984392074,0.3577030916535439,-1.8624722139882541,0.9208013306149717,0.6313368720455338,-0.25683152722496805,0.000787204289004,78,1,8,2022-06-01,2022
2022-06,-0.07957717353089436,-0.09636248476049164,0.3577030916535439,-1.8624722139882541,0.9208013306149717,0.6313368720455338,-0.25683152722496805,0.000787204289004,79,1,8,2022-06-01,2022
2022-06,-0.16577559484478763,-0.20061760865998454,0.3577030916535439,-1.8624722139882541,0.9208013306149717,0.6313368720455338,-0.25683152722496805,0.000787204289004,79,0,8,2022-06-01,2022
2022-06,-0.08203281210482768,-0.11026506431870615,0.3577030916535439,-1.8624722139882541,0.9208013306149717,0.6313368720455338,-0.25683152722496805,0.000787204289004,79,1,8,2022-06-01,2022
2022-06,-0.1657836939166014,-0.20062190619278217,0.3577030916535439,-1.8624722139882541,0.9208013306149717,0.6313368720455338,-0.25683152722496805,0.000787204289004,79,0,8,2022-06-01,2022
2022-06,0.1943852692702218,-0.1635315160011878,0.3577030916535439,-1.8624722139882541,0.9208013306149717,0.6313368720455338,-0.25683152722496805,0.000787204289004,80,1,8,2022-06-01,2022
2022-06,-0.13847524357495097,-0.23990224856103148,0.3577030916535439,-1.8624722139882541,0.9208013306149717,0.6313368720455338,-0.25683152722496805,0.000787204289004,80,0,8,2022-06-01,2022
2022-06,0.17378123057600545,-0.18370422639008668,0.3577030916535439,-1.8624722139882541,0.9208013306149717,0.6313368720455338,-0.25683152722496805,0.000787204289004,80,1,8,2022-06-01,2022
2022-06,-0.1385643333649024,-0.24009352578068646,0.3577030916535439,-1.8624722139882541,0.9208013306149717,0.6313368720455338,-0.25683152722496805,0.000787204289004,80,0,8,2022-06-01,2022
2022-06,-0.18181661647912917,-0.20747032731828233,0.3577030916535439,-1.8624722139882541,0.9208013306149717,0.6313368720455338,-0.25683152722496805,0.000787204289004,81,1,8,2022-06-01,2022
2022-06,-0.1853332334606656,-0.2475683417018617,0.3577030916535439,-1.8624722139882541,0.9208013306149717,0.6313368720455338,-0.25683152722496805,0.000787204289004,81,0,8,2022-06-01,2022
2022-06,-0.19000153845411935,-0.24979064946739116,0.3577030916535439,-1.8624722139882541,0.9208013306149717,0.6313368720455338,-0.25683152722496805,0.000787204289004,81,0,8,2022-06-01,2022
2022-06,-0.18526520125742998,-0.23266087096394827,0.3577030916535439,-1.8624722139882541,0.9208013306149717,0.6313368720455338,-0.25683152722496805,0.000787204289004,81,1,8,2022-06-01,2022
2022-06,-0.19333187678393923,-0.2517422953952654,0.3577030916535439,-1.8624722139882541,0.9208013306149717,0.6313368720455338,-0.25683152722496805,0.000787204289004,86,0,8,2022-06-01,2022
2022-06,-0.1918724240430989,-0.2478850528879137,0.3577030916535439,-1.8624722139882541,0.9208013306149717,0.6313368720455338,-0.25683152722496805,0.000787204289004,86,1,8,2022-06-01,2022
2022-06,-0.19192263828834424,-0.24828994404784355,0.3577030916535439,-1.8624722139882541,0.9208013306149717,0.6313368720455338,-0.25683152722496805,0.000787204289004,86,1,8,2022-06-01,2022
2022-06,-0.17788046757763973,-0.23544804522123872,0.3577030916535439,-1.8624722139882541,0.9208013306149717,0.6313368720455338,-0.25683152722496805,0.000787204289004,87,1,8,2022-06-01,2022
2022-06,-0.117652529941763,-0.15438371018454167,0.3577030916535439,-1.8624722139882541,0.9208013306149717,0.6313368720455338,-0.25683152722496805,0.000787204289004,87,0,8,2022-06-01,2022
2022-06,-0.1800251017939245,-0.23938628337712264,0.3577030916535439,-1.8624722139882541,0.9208013306149717,0.6313368720455338,-0.25683152722496805,0.000787204289004,87,1,8,2022-06-01,2022
2022-06,-0.12178467638114554,-0.18294873144502008,0.3577030916535439,-1.8624722139882541,0.9208013306149717,0.6313368720455338,-0.25683152722496805,0.000787204289004,87,0,8,2022-06-01,2022
2022-06,3.6123247796421323,1.9967441284713199,0.3577030916535439,-1.8624722139882541,0.9208013306149717,0.6313368720455338,-0.25683152722496805,0.000787204289004,88,0,8,2022-06-01,2022
2022-06,7.964791889388861,9.247844142420593,0.3577030916535439,-1.8624722139882541,0.9208013306149717,0.6313368720455338,-0.25683152722496805,0.000787204289004,88,1,8,2022-06-01,2022
2022-06,3.5772007250001994,1.9509145028684136,0.3577030916535439,-1.8624722139882541,0.9208013306149717,0.6313368720455338,-0.25683152722496805,0.000787204289004,88,0,8,2022-06-01,2022
2022-06,7.601043136460355,7.381179304429092,0.3577030916535439,-1.8624722139882541,0.9208013306149717,0.6313368720455338,-0.25683152722496805,0.000787204289004,88,1,8,2022-06-01,2022
2022-06,-0.1863569561379254,-0.20153397588901636,0.3577030916535439,-1.8624722139882541,0.9208013306149717,0.6313368720455338,-0.25683152722496805,0.000787204289004,89,1,8,2022-06-01,2022
2022-06,0.23672073745513048,0.5141951884769425,0.3577030916535439,-1.8624722139882541,0.9208013306149717,0.6313368720455338,-0.25683152722496805,0.000787204289004,89,0,8,2022-06-01,2022
2022-06,0.20155294782540317,0.3644855042989474,0.3577030916535439,-1.8624722139882541,0.9208013306149717,0.6313368720455338,-0.25683152722496805,0.000787204289004,89,0,8,2022-06-01,2022
2022-06,-0.1868218428600355,-0.2097058890755402,0.3577030916535439,-1.8624722139882541,0.9208013306149717,0.6313368720455338,-0.25683152722496805,0.000787204289004,89,1,8,2022-06-01,2022
2022-06,-0.19323792755089955,-0.2516773011986392,0.3577030916535439,-1.8624722139882541,0.9208013306149717,0.6313368720455338,-0.25683152722496805,0.000787204289004,91,1,8,2022-06-01,2022
2022-06,0.07719331993941536,2.768072656062519,0.3577030916535439,-1.8624722139882541,0.9208013306149717,0.6313368720455338,-0.25683152722496805,0.000787204289004,91,0,8,2022-06-01,2022
2022-06,0.058337060942609355,0.5981537006772131,0.3577030916535439,-1.8624722139882541,0.9208013306149717,0.6313368720455338,-0.25683152722496805,0.000787204289004,91,0,8,2022-06-01,2022
2022-06,-0.19333349659830198,-0.25176339989523505,0.3577030916535439,-1.8624722139882541,0.9208013306149717,0.6313368720455338,-0.25683152722496805,0.000787204289004,93,1,8,2022-06-01,2022
2022-06,-0.19333511641266474,-0.2517667699969426,0.3577030916535439,-1.8624722139882541,0.9208013306149717,0.6313368720455338,-0.25683152722496805,0.000787204289004,93,1,8,2022-06-01,2022
2022-06,-0.1933221578977627,-0.25154740424225475,0.3577030916535439,-1.8624722139882541,0.9208013306149717,0.6313368720455338,-0.25683152722496805,0.000787204289004,94,1,8,2022-06-01,2022
2022-06,-0.19320067182055622,-0.2507196088593923,0.3577030916535439,-1.8624722139882541,0.9208013306149717,0.6313368720455338,-0.25683152722496805,0.000787204289004,95,0,8,2022-06-01,2022
2022-06,-0.19295769966614332,-0.2427752820374063,0.3577030916535439,-1.8624722139882541,0.9208013306149717,0.6313368720455338,-0.25683152722496805,0.000787204289004,95,1,8,2022-06-01,2022
2022-06,-0.1931536972040364,-0.24958386716739947,0.3577030916535439,-1.8624722139882541,0.9208013306149717,0.6313368720455338,-0.25683152722496805,0.000787204289004,95,1,8,2022-06-01,2022
2022-06,-0.19319743219183072,-0.23607979995903522,0.3577030916535439,-1.8624722139882541,0.9208013306149717,0.6313368720455338,-0.25683152722496805,0.000787204289004,97,1,8,2022-06-01,2022
2022-06,-0.17185151851947358,-0.22287476178809976,0.3577030916535439,-1.8624722139882541,0.9208013306149717,0.6313368720455338,-0.25683152722496805,0.000787204289004,98,0,8,2022-06-01,2022
2022-06,-0.02574102337044042,0.6886741448788857,0.3577030916535439,-1.8624722139882541,0.9208013306149717,0.6313368720455338,-0.25683152722496805,0.000787204289004,98,1,8,2022-06-01,2022
2022-06,-0.02920742610673153,0.6308207844821372,0.3577030916535439,-1.8624722139882541,0.9208013306149717,0.6313368720455338,-0.25683152722496805,0.000787204289004,98,1,8,2022-06-01,2022
2022-06,-0.17186285722001285,-0.22293043377832303,0.3577030916535439,-1.8624722139882541,0.9208013306149717,0.6313368720455338,-0.25683152722496805,0.000787204289004,98,0,8,2022-06-01,2022
2022-06,-0.18947995822931293,-0.2419547885415769,0.3577030916535439,-1.8624722139882541,0.9208013306149717,0.6313368720455338,-0.25683152722496805,0.000787204289004,100,0,8,2022-06-01,2022
2022-06,-0.18099213096848796,-0.2101335480156106,0.3577030916535439,-1.8624722139882541,0.9208013306149717,0.6313368720455338,-0.25683152722496805,0.000787204289004,100,1,8,2022-06-01,2022
2022-06,-0.1818943675685413,-0.2231423626677441,0.3577030916535439,-1.8624722139882541,0.9208013306149717,0.6313368720455338,-0.25683152722496805,0.000787204289004,100,1,8,2022-06-01,2022
2022-06,-0.18948319785803844,-0.2419576666258517,0.3577030916535439,-1.8624722139882541,0.9208013306149717,0.6313368720455338,-0.25683152722496805,0.000787204289004,100,0,8,2022-06-01,2022
2022-06,0.9553432804186214,0.7055847492096499,0.3577030916535439,-1.8624722139882541,0.9208013306149717,0.6313368720455338,-0.25683152722496805,0.000787204289004,101,1,8,2022-06-01,2022
2022-06,0.08986512769923095,-0.022876646345047793,0.3577030916535439,-1.8624722139882541,0.9208013306149717,0.6313368720455338,-0.25683152722496805,0.000787204289004,101,0,8,2022-06-01,2022
2022-06,0.08954602426976864,-0.023196039679228807,0.3577030916535439,-1.8624722139882541,0.9208013306149717,0.6313368720455338,-0.25683152722496805,0.000787204289004,101,0,8,2022-06-01,2022
2022-06,0.931259880473212,0.5570052856784731,0.3577030916535439,-1.8624722139882541,0.9208013306149717,0.6313368720455338,-0.25683152722496805,0.000787204289004,101,1,8,2022-06-01,2022
2022-07,-0.19167156706211755,-0.24290892355124355,0.34810168946528397,-0.23896708936057232,1.6689812605509387,1.3033949092441925,0.14779968585016207,0.0008039673762714,0,1,8,2022-07-01,2022
2022-07,-0.19290910523526072,-0.24932714292091465,0.34810168946528397,-0.23896708936057232,1.6689812605509387,1.3033949092441925,0.14779968585016207,0.0008039673762714,0,0,8,2022-07-01,2022
2022-07,-0.19187404385746165,-0.2447948089544547,0.34810168946528397,-0.23896708936057232,1.6689812605509387,1.3033949092441925,0.14779968585016207,0.0008039673762714,0,1,8,2022-07-01,2022
2022-07,-0.19291396467834898,-0.24932844916188657,0.34810168946528397,-0.23896708936057232,1.6689812605509387,1.3033949092441925,0.14779968585016207,0.0008039673762714,0,0,8,2022-07-01,2022
2022-07,-0.19333187678393923,-0.25176996593318723,0.34810168946528397,-0.23896708936057232,1.6689812605509387,1.3033949092441925,0.14779968585016207,0.0008039673762714,1,0,8,2022-07-01,2022
2022-07,-0.19333025696957648,-0.25162344052923025,0.34810168946528397,-0.23896708936057232,1.6689812605509387,1.3033949092441925,0.14779968585016207,0.0008039673762714,1,1,8,2022-07-01,2022
2022-07,-0.17964120578995207,-0.24691885691993964,0.34810168946528397,-0.23896708936057232,1.6689812605509387,1.3033949092441925,0.14779968585016207,0.0008039673762714,2,1,8,2022-07-01,2022
2022-07,-0.1921364537842276,-0.25152817637514807,0.34810168946528397,-0.23896708936057232,1.6689812605509387,1.3033949092441925,0.14779968585016207,0.0008039673762714,2,0,8,2022-07-01,2022
2022-07,-0.17966550300539336,-0.24856479456488204,0.34810168946528397,-0.23896708936057232,1.6689812605509387,1.3033949092441925,0.14779968585016207,0.0008039673762714,2,1,8,2022-07-01,2022
2022-07,-0.18991082884980517,-0.18395841652908596,0.34810168946528397,-0.23896708936057232,1.6689812605509387,1.3033949092441925,0.14779968585016207,0.0008039673762714,3,1,8,2022-07-01,2022
2022-07,-0.19306622722844774,-0.25134283819777875,0.34810168946528397,-0.23896708936057232,1.6689812605509387,1.3033949092441925,0.14779968585016207,0.0008039673762714,3,0,8,2022-07-01,2022
2022-07,-0.19163755096049973,-0.2224976369570964,0.34810168946528397,-0.23896708936057232,1.6689812605509387,1.3033949092441925,0.14779968585016207,0.0008039673762714,3,1,8,2022-07-01,2022
2022-07,-0.17210582937442578,0.00841112536798591,0.34810168946528397,-0.23896708936057232,1.6689812605509387,1.3033949092441925,0.14779968585016207,0.0008039673762714,5,0,8,2022-07-01,2022
2022-07,0.026711805324222584,2.8520324135458495,0.34810168946528397,-0.23896708936057232,1.6689812605509387,1.3033949092441925,0.14779968585016207,0.0008039673762714,5,1,8,2022-07-01,2022
2022-07,-0.017285592396870508,1.5591666046198274,0.34810168946528397,-0.23896708936057232,1.6689812605509387,1.3033949092441925,0.14779968585016207,0.0008039673762714,5,1,8,2022-07-01,2022
2022-07,-0.17216090306275939,0.007627807490217386,0.34810168946528397,-0.23896708936057232,1.6689812605509387,1.3033949092441925,0.14779968585016207,0.0008039673762714,5,0,8,2022-07-01,2022
2022-07,-0.1912504153278018,-0.14084440930302813,0.34810168946528397,-0.23896708936057232,1.6689812605509387,1.3033949092441925,0.14779968585016207,0.0008039673762714,6,1,8,2022-07-01,2022
2022-07,-0.19273902472717167,-0.24119401638298374,0.34810168946528397,-0.23896708936057232,1.6689812605509387,1.3033949092441925,0.14779968585016207,0.0008039673762714,6,0,8,2022-07-01,2022
2022-07,-0.1930678470428105,-0.22368084309187228,0.34810168946528397,-0.23896708936057232,1.6689812605509387,1.3033949092441925,0.14779968585016207,0.0008039673762714,6,1,8,2022-07-01,2022
2022-07,-0.19276818138570123,-0.24197064195283946,0.34810168946528397,-0.23896708936057232,1.6689812605509387,1.3033949092441925,0.14779968585016207,0.0008039673762714,6,0,8,2022-07-01,2022
2022-07,-0.19333511641266474,-0.24575542291934208,0.34810168946528397,-0.23896708936057232,1.6689812605509387,1.3033949092441925,0.14779968585016207,0.0008039673762714,8,1,8,2022-07-01,2022
2022-07,-0.18432246929830784,0.09730270014008252,0.34810168946528397,-0.23896708936057232,1.6689812605509387,1.3033949092441925,0.14779968585016207,0.0008039673762714,9,1,8,2022-07-01,2022
2022-07,-0.19194369587506002,-0.24341188728334523,0.34810168946528397,-0.23896708936057232,1.6689812605509387,1.3033949092441925,0.14779968585016207,0.0008039673762714,9,0,8,2022-07-01,2022
2022-07,-0.19195017513251103,-0.24345164055025734,0.34810168946528397,-0.23896708936057232,1.6689812605509387,1.3033949092441925,0.14779968585016207,0.0008039673762714,9,0,8,2022-07-01,2022
2022-07,-0.18593418458924693,0.014117617573422909,0.34810168946528397,-0.23896708936057232,1.6689812605509387,1.3033949092441925,0.14779968585016207,0.0008039673762714,9,1,8,2022-07-01,2022
2022-07,-0.18704051779900713,-0.23695023540135773,0.34810168946528397,-0.23896708936057232,1.6689812605509387,1.3033949092441925,0.14779968585016207,0.0008039673762714,12,0,8,2022-07-01,2022
2022-07,-0.15874560051044023,-0.184144960802286,0.34810168946528397,-0.23896708936057232,1.6689812605509387,1.3033949092441925,0.14779968585016207,0.0008039673762714,12,1,8,2022-07-01,2022
2022-07,-0.1604302074477032,-0.190819281776912,0.34810168946528397,-0.23896708936057232,1.6689812605509387,1.3033949092441925,0.14779968585016207,0.0008039673762714,12,1,8,2022-07-01,2022
2022-07,-0.18704213761336988,-0.23695437183110216,0.34810168946528397,-0.23896708936057232,1.6689812605509387,1.3033949092441925,0.14779968585016207,0.0008039673762714,12,0,8,2022-07-01,2022
2022-07,-0.19322496903599753,-0.2511156262889862,0.34810168946528397,-0.23896708936057232,1.6689812605509387,1.3033949092441925,0.14779968585016207,0.0008039673762714,13,0,8,2022-07-01,2022
2022-07,-0.19309052444388905,-0.2476073242866004,0.34810168946528397,-0.23896708936057232,1.6689812605509387,1.3033949092441925,0.14779968585016207,0.0008039673762714,13,1,8,2022-07-01,2022
2022-07,-0.19322820866472304,-0.2511258976971621,0.34810168946528397,-0.23896708936057232,1.6689812605509387,1.3033949092441925,0.14779968585016207,0.0008039673762714,13,0,8,2022-07-01,2022
2022-07,-0.19320715107800726,-0.24994114148976618,0.34810168946528397,-0.23896708936057232,1.6689812605509387,1.3033949092441925,0.14779968585016207,0.0008039673762714,13,1,8,2022-07-01,2022
2022-07,-0.19215103211349238,-0.25031902829466984,0.34810168946528397,-0.23896708936057232,1.6689812605509387,1.3033949092441925,0.14779968585016207,0.0008039673762714,17,0,8,2022-07-01,2022
2022-07,-0.1845605820096325,-0.24188481321271108,0.34810168946528397,-0.23896708936057232,1.6689812605509387,1.3033949092441925,0.14779968585016207,0.0008039673762714,18,1,8,2022-07-01,2022
2022-07,-0.1928102965591328,-0.25117778594270335,0.34810168946528397,-0.23896708936057232,1.6689812605509387,1.3033949092441925,0.14779968585016207,0.0008039673762714,18,0,8,2022-07-01,2022
2022-07,-0.18469988604482926,-0.24227911946663178,0.34810168946528397,-0.23896708936057232,1.6689812605509387,1.3033949092441925,0.14779968585016207,0.0008039673762714,18,1,8,2022-07-01,2022
2022-07,-0.19279571822986802,-0.2514132402320287,0.34810168946528397,-0.23896708936057232,1.6689812605509387,1.3033949092441925,0.14779968585016207,0.0008039673762714,19,0,8,2022-07-01,2022
2022-07,-0.19319257274874246,-0.2516670776859656,0.34810168946528397,-0.23896708936057232,1.6689812605509387,1.3033949092441925,0.14779968585016207,0.0008039673762714,19,1,8,2022-07-01,2022
2022-07,-0.19330595975413517,-0.2517384115054422,0.34810168946528397,-0.23896708936057232,1.6689812605509387,1.3033949092441925,0.14779968585016207,0.0008039673762714,19,1,8,2022-07-01,2022
2022-07,-0.19331405882594893,-0.2517528541764551,0.34810168946528397,-0.23896708936057232,1.6689812605509387,1.3033949092441925,0.14779968585016207,0.0008039673762714,21,0,8,2022-07-01,2022
2022-07,-0.1924425986987879,-0.25004635484591786,0.34810168946528397,-0.23896708936057232,1.6689812605509387,1.3033949092441925,0.14779968585016207,0.0008039673762714,21,1,8,2022-07-01,2022
2022-07,-0.19262401790741623,-0.250582928158227,0.34810168946528397,-0.23896708936057232,1.6689812605509387,1.3033949092441925,0.14779968585016207,0.0008039673762714,21,1,8,2022-07-01,2022
2022-07,-0.19205546306608998,-0.2505328555876367,0.34810168946528397,-0.23896708936057232,1.6689812605509387,1.3033949092441925,0.14779968585016207,0.0008039673762714,23,1,8,2022-07-01,2022
2022-07,-0.19293502226506476,-0.25124591076352565,0.34810168946528397,-0.23896708936057232,1.6689812605509387,1.3033949092441925,0.14779968585016207,0.0008039673762714,23,0,8,2022-07-01,2022
2022-07,-0.19214131322731587,-0.2506896654621793,0.34810168946528397,-0.23896708936057232,1.6689812605509387,1.3033949092441925,0.14779968585016207,0.0008039673762714,23,1,8,2022-07-01,2022
2022-07,-0.19319419256310522,-0.2513756204920374,0.34810168946528397,-0.23896708936057232,1.6689812605509387,1.3033949092441925,0.14779968585016207,0.0008039673762714,25,1,8,2022-07-01,2022
2022-07,-0.19327194365251738,-0.2514767540222201,0.34810168946528397,-0.23896708936057232,1.6689812605509387,1.3033949092441925,0.14779968585016207,0.0008039673762714,28,0,8,2022-07-01,2022
2022-07,-0.19096370818559455,-0.22849300870761033,0.34810168946528397,-0.23896708936057232,1.6689812605509387,1.3033949092441925,0.14779968585016207,0.0008039673762714,28,1,8,2022-07-01,2022
2022-07,-0.1913945788060868,-0.24482021098722198,0.34810168946528397,-0.23896708936057232,1.6689812605509387,1.3033949092441925,0.14779968585016207,0.0008039673762714,28,1,8,2022-07-01,2022
2022-07,-0.18901669132156562,-0.23689203801192207,0.34810168946528397,-0.23896708936057232,1.6689812605509387,1.3033949092441925,0.14779968585016207,0.0008039673762714,30,1,8,2022-07-01,2022
2022-07,-0.19153064321255805,-0.2472528148409576,0.34810168946528397,-0.23896708936057232,1.6689812605509387,1.3033949092441925,0.14779968585016207,0.0008039673762714,30,0,8,2022-07-01,2022
2022-07,-0.18927100217651782,0.03385972998006458,0.34810168946528397,-0.23896708936057232,1.6689812605509387,1.3033949092441925,0.14779968585016207,0.0008039673762714,30,1,8,2022-07-01,2022
2022-07,-0.19154360172746007,-0.2472739759447027,0.34810168946528397,-0.23896708936057232,1.6689812605509387,1.3033949092441925,0.14779968585016207,0.0008039673762714,30,0,8,2022-07-01,2022
2022-07,-0.19120506052564473,-0.24225671743396332,0.34810168946528397,-0.23896708936057232,1.6689812605509387,1.3033949092441925,0.14779968585016207,0.0008039673762714,37,1,8,2022-07-01,2022
2022-07,-0.07238195813154617,-0.04048470062622303,0.34810168946528397,-0.23896708936057232,1.6689812605509387,1.3033949092441925,0.14779968585016207,0.0008039673762714,37,0,8,2022-07-01,2022
2022-07,-0.0724256931193405,-0.04056963241421734,0.34810168946528397,-0.23896708936057232,1.6689812605509387,1.3033949092441925,0.14779968585016207,0.0008039673762714,37,0,8,2022-07-01,2022
2022-07,-0.19227251819069885,-0.16663871494246232,0.34810168946528397,-0.23896708936057232,1.6689812605509387,1.3033949092441925,0.14779968585016207,0.0008039673762714,38,1,8,2022-07-01,2022
2022-07,-0.19327518328124288,-0.25035082655406293,0.34810168946528397,-0.23896708936057232,1.6689812605509387,1.3033949092441925,0.14779968585016207,0.0008039673762714,38,1,8,2022-07-01,2022
2022-07,-0.1933221578977627,-0.2516303287732889,0.34810168946528397,-0.23896708936057232,1.6689812605509387,1.3033949092441925,0.14779968585016207,0.0008039673762714,40,1,8,2022-07-01,2022
2022-07,-0.1933189182690372,-0.2517202852348885,0.34810168946528397,-0.23896708936057232,1.6689812605509387,1.3033949092441925,0.14779968585016207,0.0008039673762714,40,0,8,2022-07-01,2022
2022-07,-0.19332701734085095,-0.25166106897749474,0.34810168946528397,-0.23896708936057232,1.6689812605509387,1.3033949092441925,0.14779968585016207,0.0008039673762714,40,1,8,2022-07-01,2022
2022-07,-0.19332053808339994,-0.25172699060521103,0.34810168946528397,-0.23896708936057232,1.6689812605509387,1.3033949092441925,0.14779968585016207,0.0008039673762714,40,0,8,2022-07-01,2022
2022-07,-0.19333349659830198,-0.2514449949500561,0.34810168946528397,-0.23896708936057232,1.6689812605509387,1.3033949092441925,0.14779968585016207,0.0008039673762714,41,1,8,2022-07-01,2022
2022-07,-0.19333511641266474,-0.25176966114362714,0.34810168946528397,-0.23896708936057232,1.6689812605509387,1.3033949092441925,0.14779968585016207,0.0008039673762714,43,0,8,2022-07-01,2022
2022-07,-0.14744253588715078,-0.09735588537377424,0.34810168946528397,-0.23896708936057232,1.6689812605509387,1.3033949092441925,0.14779968585016207,0.0008039673762714,44,0,8,2022-07-01,2022
2022-07,0.02430476118117184,1.1290244656287043,0.34810168946528397,-0.23896708936057232,1.6689812605509387,1.3033949092441925,0.14779968585016207,0.0008039673762714,44,1,8,2022-07-01,2022
2022-07,0.011015804149147403,0.44599833281921697,0.34810168946528397,-0.23896708936057232,1.6689812605509387,1.3033949092441925,0.14779968585016207,0.0008039673762714,44,1,8,2022-07-01,2022
2022-07,-0.14785558854965278,-0.10023194932920391,0.34810168946528397,-0.23896708936057232,1.6689812605509387,1.3033949092441925,0.14779968585016207,0.0008039673762714,44,0,8,2022-07-01,2022
2022-07,-0.19318285386256595,-0.24667864791347652,0.34810168946528397,-0.23896708936057232,1.6689812605509387,1.3033949092441925,0.14779968585016207,0.0008039673762714,46,1,8,2022-07-01,2022
2022-07,-0.19333187678393923,-0.25170134474079564,0.34810168946528397,-0.23896708936057232,1.6689812605509387,1.3033949092441925,0.14779968585016207,0.0008039673762714,46,0,8,2022-07-01,2022
2022-07,-0.19062030754069093,-0.21779114623598678,0.34810168946528397,-0.23896708936057232,1.6689812605509387,1.3033949092441925,0.14779968585016207,0.0008039673762714,48,1,8,2022-07-01,2022
2022-07,-0.19332377771212544,-0.251743971737846,0.34810168946528397,-0.23896708936057232,1.6689812605509387,1.3033949092441925,0.14779968585016207,0.0008039673762714,48,0,8,2022-07-01,2022
2022-07,-0.19139781843481232,-0.23315146894818242,0.34810168946528397,-0.23896708936057232,1.6689812605509387,1.3033949092441925,0.14779968585016207,0.0008039673762714,48,1,8,2022-07-01,2022
2022-07,-0.15239106876536077,-0.22392585906511212,0.34810168946528397,-0.23896708936057232,1.6689812605509387,1.3033949092441925,0.14779968585016207,0.0008039673762714,50,1,8,2022-07-01,2022
2022-07,-0.19017323877657116,-0.24776990774623886,0.34810168946528397,-0.23896708936057232,1.6689812605509387,1.3033949092441925,0.14779968585016207,0.0008039673762714,50,0,8,2022-07-01,2022
2022-07,-0.15259030593197936,-0.22471754559337406,0.34810168946528397,-0.23896708936057232,1.6689812605509387,1.3033949092441925,0.14779968585016207,0.0008039673762714,50,1,8,2022-07-01,2022
2022-07,-0.19117914349584067,-0.22005241481557206,0.34810168946528397,-0.23896708936057232,1.6689812605509387,1.3033949092441925,0.14779968585016207,0.0008039673762714,52,1,8,2022-07-01,2022
2022-07,-0.1853364730893911,-0.22848792743022955,0.34810168946528397,-0.23896708936057232,1.6689812605509387,1.3033949092441925,0.14779968585016207,0.0008039673762714,52,0,8,2022-07-01,2022
2022-07,-0.19168452557701957,-0.23923465492510204,0.34810168946528397,-0.23896708936057232,1.6689812605509387,1.3033949092441925,0.14779968585016207,0.0008039673762714,52,1,8,2022-07-01,2022
2022-07,-0.18536724956228343,-0.2286183686536856,0.34810168946528397,-0.23896708936057232,1.6689812605509387,1.3033949092441925,0.14779968585016207,0.0008039673762714,52,0,8,2022-07-01,2022
2022-07,-0.1932395473652623,-0.249188650898935,0.34810168946528397,-0.23896708936057232,1.6689812605509387,1.3033949092441925,0.14779968585016207,0.0008039673762714,53,1,8,2022-07-01,2022
2022-07,-0.19325250588016432,-0.2496950543989294,0.34810168946528397,-0.23896708936057232,1.6689812605509387,1.3033949092441925,0.14779968585016207,0.0008039673762714,53,1,8,2022-07-01,2022
2022-07,-0.1932816625386939,-0.251272984784737,0.34810168946528397,-0.23896708936057232,1.6689812605509387,1.3033949092441925,0.14779968585016207,0.0008039673762714,58,1,8,2022-07-01,2022
2022-07,-0.19329624086795866,-0.2515640326898273,0.34810168946528397,-0.23896708936057232,1.6689812605509387,1.3033949092441925,0.14779968585016207,0.0008039673762714,58,0,8,2022-07-01,2022
2022-07,-0.1932849021674194,-0.2512827990085727,0.34810168946528397,-0.23896708936057232,1.6689812605509387,1.3033949092441925,0.14779968585016207,0.0008039673762714,58,1,8,2022-07-01,2022
2022-07,-0.11767844697156706,-0.1039934051860846,0.34810168946528397,-0.23896708936057232,1.6689812605509387,1.3033949092441925,0.14779968585016207,0.0008039673762714,60,0,8,2022-07-01,2022
2022-07,-0.12148015128094801,-0.15347494963210298,0.34810168946528397,-0.23896708936057232,1.6689812605509387,1.3033949092441925,0.14779968585016207,0.0008039673762714,60,0,8,2022-07-01,2022
2022-07,-0.19333025696957648,-0.25163555373717655,0.34810168946528397,-0.23896708936057232,1.6689812605509387,1.3033949092441925,0.14779968585016207,0.0008039673762714,66,0,8,2022-07-01,2022
2022-07,-0.19332701734085095,-0.25164014299712456,0.34810168946528397,-0.23896708936057232,1.6689812605509387,1.3033949092441925,0.14779968585016207,0.0008039673762714,66,1,8,2022-07-01,2022
2022-07,-0.1903497985421112,-0.22648134100707631,0.34810168946528397,-0.23896708936057232,1.6689812605509387,1.3033949092441925,0.14779968585016207,0.0008039673762714,67,1,8,2022-07-01,2022
2022-07,-0.19237294668118954,-0.24683696431927335,0.34810168946528397,-0.23896708936057232,1.6689812605509387,1.3033949092441925,0.14779968585016207,0.0008039673762714,67,0,8,2022-07-01,2022
2022-07,-0.19237942593864055,-0.24686239683099664,0.34810168946528397,-0.23896708936057232,1.6689812605509387,1.3033949092441925,0.14779968585016207,0.0008039673762714,67,0,8,2022-07-01,2022
2022-07,-0.1911953416394682,-0.2405329713684602,0.34810168946528397,-0.23896708936057232,1.6689812605509387,1.3033949092441925,0.14779968585016207,0.0008039673762714,67,1,8,2022-07-01,2022
2022-07,-0.19315855664712467,0.007343247248620939,0.34810168946528397,-0.23896708936057232,1.6689812605509387,1.3033949092441925,0.14779968585016207,0.0008039673762714,68,1,8,2022-07-01,2022
2022-07,-0.19317637460511494,-0.15791058693354817,0.34810168946528397,-0.23896708936057232,1.6689812605509387,1.3033949092441925,0.14779968585016207,0.0008039673762714,68,1,8,2022-07-01,2022
2022-07,-0.1933189182690372,-0.25175976419119656,0.34810168946528397,-0.23896708936057232,1.6689812605509387,1.3033949092441925,0.14779968585016207,0.0008039673762714,69,1,8,2022-07-01,2022
2022-07,-0.19330757956849792,-0.25175054648407136,0.34810168946528397,-0.23896708936057232,1.6689812605509387,1.3033949092441925,0.14779968585016207,0.0008039673762714,69,0,8,2022-07-01,2022
2022-07,-0.15463451165777348,0.4346847577004428,0.34810168946528397,-0.23896708936057232,1.6689812605509387,1.3033949092441925,0.14779968585016207,0.0008039673762714,72,1,8,2022-07-01,2022
2022-07,-0.19333511641266474,-0.25175751310258826,0.34810168946528397,-0.23896708936057232,1.6689812605509387,1.3033949092441925,0.14779968585016207,0.0008039673762714,72,0,8,2022-07-01,2022
2022-07,-0.17524017016635257,0.023765783348499984,0.34810168946528397,-0.23896708936057232,1.6689812605509387,1.3033949092441925,0.14779968585016207,0.0008039673762714,72,1,8,2022-07-01,2022
2022-07,-0.19305812815663398,-0.2499071356831305,0.34810168946528397,-0.23896708936057232,1.6689812605509387,1.3033949092441925,0.14779968585016207,0.0008039673762714,73,1,8,2022-07-01,2022
2022-07,-0.19288156839109394,-0.25109803122309443,0.34810168946528397,-0.23896708936057232,1.6689812605509387,1.3033949092441925,0.14779968585016207,0.0008039673762714,75,0,8,2022-07-01,2022
2022-07,-0.19022021339309098,-0.24672548536059302,0.34810168946528397,-0.23896708936057232,1.6689812605509387,1.3033949092441925,0.14779968585016207,0.0008039673762714,75,1,8,2022-07-01,2022
2022-07,-0.1902542294947088,-0.24681705720686126,0.34810168946528397,-0.23896708936057232,1.6689812605509387,1.3033949092441925,0.14779968585016207,0.0008039673762714,75,1,8,2022-07-01,2022
2022-07,-0.19223364264599277,-0.24225241119289256,0.34810168946528397,-0.23896708936057232,1.6689812605509387,1.3033949092441925,0.14779968585016207,0.0008039673762714,77,1,8,2022-07-01,2022
2022-07,-0.19330919938286067,-0.2514524492318692,0.34810168946528397,-0.23896708936057232,1.6689812605509387,1.3033949092441925,0.14779968585016207,0.0008039673762714,77,0,8,2022-07-01,2022
2022-07,-0.19231787299285594,-0.24343267828548162,0.34810168946528397,-0.23896708936057232,1.6689812605509387,1.3033949092441925,0.14779968585016207,0.0008039673762714,77,1,8,2022-07-01,2022
2022-07,-0.19294312133687852,-0.24655270451310043,0.34810168946528397,-0.23896708936057232,1.6689812605509387,1.3033949092441925,0.14779968585016207,0.0008039673762714,78,1,8,2022-07-01,2022
2022-07,-0.19333511641266474,-0.25175461760176715,0.34810168946528397,-0.23896708936057232,1.6689812605509387,1.3033949092441925,0.14779968585016207,0.0008039673762714,78,0,8,2022-07-01,2022
2022-07,-0.19294960059432956,-0.24659391641576456,0.34810168946528397,-0.23896708936057232,1.6689812605509387,1.3033949092441925,0.14779968585016207,0.0008039673762714,78,1,8,2022-07-01,2022
2022-07,0.010542818355223568,0.027976555620765533,0.34810168946528397,-0.23896708936057232,1.6689812605509387,1.3033949092441925,0.14779968585016207,0.0008039673762714,79,1,8,2022-07-01,2022
2022-07,-0.1525724879739891,-0.18491511177105757,0.34810168946528397,-0.23896708936057232,1.6689812605509387,1.3033949092441925,0.14779968585016207,0.0008039673762714,79,0,8,2022-07-01,2022
2022-07,0.006237351779026476,-0.003087922906391398,0.34810168946528397,-0.23896708936057232,1.6689812605509387,1.3033949092441925,0.14779968585016207,0.0008039673762714,79,1,8,2022-07-01,2022
2022-07,-0.15260488426124413,-0.18496233238219253,0.34810168946528397,-0.23896708936057232,1.6689812605509387,1.3033949092441925,0.14779968585016207,0.0008039673762714,79,0,8,2022-07-01,2022
2022-07,0.35014337876381096,-0.14170241803957112,0.34810168946528397,-0.23896708936057232,1.6689812605509387,1.3033949092441925,0.14779968585016207,0.0008039673762714,80,1,8,2022-07-01,2022
2022-07,-0.10819281406328632,-0.2358034995145179,0.34810168946528397,-0.23896708936057232,1.6689812605509387,1.3033949092441925,0.14779968585016207,0.0008039673762714,80,0,8,2022-07-01,2022
2022-07,0.32283492842216055,-0.1634604826171347,0.34810168946528397,-0.23896708936057232,1.6689812605509387,1.3033949092441925,0.14779968585016207,0.0008039673762714,80,1,8,2022-07-01,2022
2022-07,-0.10862044505505308,-0.23588659821101493,0.34810168946528397,-0.23896708936057232,1.6689812605509387,1.3033949092441925,0.14779968585016207,0.0008039673762714,80,0,8,2022-07-01,2022
2022-07,-0.18319021905874358,-0.24654942149412434,0.34810168946528397,-0.23896708936057232,1.6689812605509387,1.3033949092441925,0.14779968585016207,0.0008039673762714,81,0,8,2022-07-01,2022
2022-07,-0.18023405784671961,-0.1721335133818532,0.34810168946528397,-0.23896708936057232,1.6689812605509387,1.3033949092441925,0.14779968585016207,0.0008039673762714,81,1,8,2022-07-01,2022
2022-07,-0.18413943027531676,-0.22176881545267643,0.34810168946528397,-0.23896708936057232,1.6689812605509387,1.3033949092441925,0.14779968585016207,0.0008039673762714,81,1,8,2022-07-01,2022
2022-07,-0.1894912969298522,-0.249573173407976,0.34810168946528397,-0.23896708936057232,1.6689812605509387,1.3033949092441925,0.14779968585016207,0.0008039673762714,81,0,8,2022-07-01,2022
2022-07,-0.19332053808339994,-0.2517174115047503,0.34810168946528397,-0.23896708936057232,1.6689812605509387,1.3033949092441925,0.14779968585016207,0.0008039673762714,86,0,8,2022-07-01,2022
2022-07,-0.19246041665677818,-0.24737104706546276,0.34810168946528397,-0.23896708936057232,1.6689812605509387,1.3033949092441925,0.14779968585016207,0.0008039673762714,86,1,8,2022-07-01,2022
2022-07,-0.19249119312967047,-0.24774432719387207,0.34810168946528397,-0.23896708936057232,1.6689812605509387,1.3033949092441925,0.14779968585016207,0.0008039673762714,86,1,8,2022-07-01,2022
2022-07,-0.1781040019596996,-0.23811975648488448,0.34810168946528397,-0.23896708936057232,1.6689812605509387,1.3033949092441925,0.14779968585016207,0.0008039673762714,87,1,8,2022-07-01,2022
2022-07,-0.11514829693694709,-0.1317361912961044,0.34810168946528397,-0.23896708936057232,1.6689812605509387,1.3033949092441925,0.14779968585016207,0.0008039673762714,87,0,8,2022-07-01,2022
2022-07,-0.18001376309338524,-0.24055290025155512,0.34810168946528397,-0.23896708936057232,1.6689812605509387,1.3033949092441925,0.14779968585016207,0.0008039673762714,87,1,8,2022-07-01,2022
2022-07,-0.11950559757275228,-0.16054876699144474,0.34810168946528397,-0.23896708936057232,1.6689812605509387,1.3033949092441925,0.14779968585016207,0.0008039673762714,87,0,8,2022-07-01,2022
2022-07,4.4053713133166665,2.4416135466124165,0.34810168946528397,-0.23896708936057232,1.6689812605509387,1.3033949092441925,0.14779968585016207,0.0008039673762714,88,0,8,2022-07-01,2022
2022-07,9.319295237852065,10.931926157269992,0.34810168946528397,-0.23896708936057232,1.6689812605509387,1.3033949092441925,0.14779968585016207,0.0008039673762714,88,1,8,2022-07-01,2022
2022-07,8.893643659236595,8.628977196050164,0.34810168946528397,-0.23896708936057232,1.6689812605509387,1.3033949092441925,0.14779968585016207,0.0008039673762714,88,1,8,2022-07-01,2022
2022-07,4.369526441283308,2.38988327785428,0.34810168946528397,-0.23896708936057232,1.6689812605509387,1.3033949092441925,0.14779968585016207,0.0008039673762714,88,0,8,2022-07-01,2022
2022-07,-0.18608320751062019,-0.19768299898419336,0.34810168946528397,-0.23896708936057232,1.6689812605509387,1.3033949092441925,0.14779968585016207,0.0008039673762714,89,1,8,2022-07-01,2022
2022-07,0.27741209406184497,0.5704196097779297,0.34810168946528397,-0.23896708936057232,1.6689812605509387,1.3033949092441925,0.14779968585016207,0.0008039673762714,89,0,8,2022-07-01,2022
2022-07,-0.18656105274763227,-0.2072896959625485,0.34810168946528397,-0.23896708936057232,1.6689812605509387,1.3033949092441925,0.14779968585016207,0.0008039673762714,89,1,8,2022-07-01,2022
2022-07,0.24125783748520122,0.4069373953928847,0.34810168946528397,-0.23896708936057232,1.6689812605509387,1.3033949092441925,0.14779968585016207,0.0008039673762714,89,0,8,2022-07-01,2022
2022-07,0.08124123603193474,3.3580391733239723,0.34810168946528397,-0.23896708936057232,1.6689812605509387,1.3033949092441925,0.14779968585016207,0.0008039673762714,91,0,8,2022-07-01,2022
2022-07,-0.19326222476634083,-0.25168967130064324,0.34810168946528397,-0.23896708936057232,1.6689812605509387,1.3033949092441925,0.14779968585016207,0.0008039673762714,91,1,8,2022-07-01,2022
2022-07,0.06009941896928446,0.8302683890217096,0.34810168946528397,-0.23896708936057232,1.6689812605509387,1.3033949092441925,0.14779968585016207,0.0008039673762714,91,0,8,2022-07-01,2022
2022-07,-0.19333511641266474,-0.2516917656403349,0.34810168946528397,-0.23896708936057232,1.6689812605509387,1.3033949092441925,0.14779968585016207,0.0008039673762714,93,1,8,2022-07-01,2022
2022-07,-0.19333187678393923,-0.2516040167259778,0.34810168946528397,-0.23896708936057232,1.6689812605509387,1.3033949092441925,0.14779968585016207,0.0008039673762714,94,1,8,2022-07-01,2022
2022-07,-0.1932427869939878,-0.25102637955164797,0.34810168946528397,-0.23896708936057232,1.6689812605509387,1.3033949092441925,0.14779968585016207,0.0008039673762714,95,0,8,2022-07-01,2022
2022-07,-0.19300953372575141,-0.24533779155579946,0.34810168946528397,-0.23896708936057232,1.6689812605509387,1.3033949092441925,0.14779968585016207,0.0008039673762714,95,1,8,2022-07-01,2022
2022-07,-0.19314883776094816,-0.24956167413328653,0.34810168946528397,-0.23896708936057232,1.6689812605509387,1.3033949092441925,0.14779968585016207,0.0008039673762714,95,1,8,2022-07-01,2022
2022-07,-0.193202291634919,-0.23412096970581542,0.34810168946528397,-0.23896708936057232,1.6689812605509387,1.3033949092441925,0.14779968585016207,0.0008039673762714,97,1,8,2022-07-01,2022
2022-07,0.056087138792745635,0.6468300651257296,0.34810168946528397,-0.23896708936057232,1.6689812605509387,1.3033949092441925,0.14779968585016207,0.0008039673762714,98,1,8,2022-07-01,2022
2022-07,-0.16072663347608698,-0.2074734535883418,0.34810168946528397,-0.23896708936057232,1.6689812605509387,1.3033949092441925,0.14779968585016207,0.0008039673762714,98,0,8,2022-07-01,2022
2022-07,0.05089239413139723,0.597433509071481,0.34810168946528397,-0.23896708936057232,1.6689812605509387,1.3033949092441925,0.14779968585016207,0.0008039673762714,98,1,8,2022-07-01,2022
2022-07,-0.1607363523622635,-0.20749380046854776,0.34810168946528397,-0.23896708936057232,1.6689812605509387,1.3033949092441925,0.14779968585016207,0.0008039673762714,98,0,8,2022-07-01,2022
2022-07,-0.18697734503885977,-0.23580829341888485,0.34810168946528397,-0.23896708936057232,1.6689812605509387,1.3033949092441925,0.14779968585016207,0.0008039673762714,100,0,8,2022-07-01,2022
2022-07,-0.17068525217829153,-0.18744243115766718,0.34810168946528397,-0.23896708936057232,1.6689812605509387,1.3033949092441925,0.14779968585016207,0.0008039673762714,100,1,8,2022-07-01,2022
2022-07,-0.17200216125520962,-0.20562422130680275,0.34810168946528397,-0.23896708936057232,1.6689812605509387,1.3033949092441925,0.14779968585016207,0.0008039673762714,100,1,8,2022-07-01,2022
2022-07,-0.18698706392503628,-0.2357898841294539,0.34810168946528397,-0.23896708936057232,1.6689812605509387,1.3033949092441925,0.14779968585016207,0.0008039673762714,100,0,8,2022-07-01,2022
2022-07,0.17306689244203144,0.09713655064259072,0.34810168946528397,-0.23896708936057232,1.6689812605509387,1.3033949092441925,0.14779968585016207,0.0008039673762714,101,0,8,2022-07-01,2022
2022-07,1.2411174095529314,1.3116676414578468,0.34810168946528397,-0.23896708936057232,1.6689812605509387,1.3033949092441925,0.14779968585016207,0.0008039673762714,101,1,8,2022-07-01,2022
2022-07,1.204822229126728,0.9723564619181049,0.34810168946528397,-0.23896708936057232,1.6689812605509387,1.3033949092441925,0.14779968585016207,0.0008039673762714,101,1,8,2022-07-01,2022
2022-07,0.17253073388796022,0.09641363334736383,0.34810168946528397,-0.23896708936057232,1.6689812605509387,1.3033949092441925,0.14779968585016207,0.0008039673762714,101,0,8,2022-07-01,2022
2022-08,-0.1932946210535959,-0.2517545000400797,0.34810168946528397,-0.23896708936057232,1.6123624144816628,1.4445941833440854,0.20428193142897788,0.0008354192232191,0,0,8,2022-08-01,2022
2022-08,-0.19290100616344696,-0.251392340376478,0.34810168946528397,-0.23896708936057232,1.6123624144816628,1.4445941833440854,0.20428193142897788,0.0008354192232191,0,1,8,2022-08-01,2022
2022-08,-0.19291396467834898,-0.25141577433951423,0.34810168946528397,-0.23896708936057232,1.6123624144816628,1.4445941833440854,0.20428193142897788,0.0008354192232191,0,1,8,2022-08-01,2022
2022-08,-0.19333025696957648,-0.251341122667969,0.34810168946528397,-0.23896708936057232,1.6123624144816628,1.4445941833440854,0.20428193142897788,0.0008354192232191,1,1,8,2022-08-01,2022
2022-08,-0.19213969341295312,-0.25151115605528396,0.34810168946528397,-0.23896708936057232,1.6123624144816628,1.4445941833440854,0.20428193142897788,0.0008354192232191,2,0,8,2022-08-01,2022
2022-08,-0.17835993262901456,-0.24656381626963492,0.34810168946528397,-0.23896708936057232,1.6123624144816628,1.4445941833440854,0.20428193142897788,0.0008354192232191,2,1,8,2022-08-01,2022
2022-08,-0.19208785935334502,-0.2515021255760314,0.34810168946528397,-0.23896708936057232,1.6123624144816628,1.4445941833440854,0.20428193142897788,0.0008354192232191,2,0,8,2022-08-01,2022
2022-08,-0.17773144465626645,-0.24733156375501814,0.34810168946528397,-0.23896708936057232,1.6123624144816628,1.4445941833440854,0.20428193142897788,0.0008354192232191,2,1,8,2022-08-01,2022
2022-08,-0.19033036076975818,-0.1887536706783742,0.34810168946528397,-0.23896708936057232,1.6123624144816628,1.4445941833440854,0.20428193142897788,0.0008354192232191,3,1,8,2022-08-01,2022
2022-08,-0.19304193001300646,-0.2513410573559204,0.34810168946528397,-0.23896708936057232,1.6123624144816628,1.4445941833440854,0.20428193142897788,0.0008354192232191,3,0,8,2022-08-01,2022
2022-08,-0.19152254414074427,-0.22004941916960977,0.34810168946528397,-0.23896708936057232,1.6123624144816628,1.4445941833440854,0.20428193142897788,0.0008354192232191,3,1,8,2022-08-01,2022
2022-08,-0.1930370705699182,-0.25133028957617515,0.34810168946528397,-0.23896708936057232,1.6123624144816628,1.4445941833440854,0.20428193142897788,0.0008354192232191,3,0,8,2022-08-01,2022
2022-08,0.028566492769574604,3.090760639118412,0.34810168946528397,-0.23896708936057232,1.6123624144816628,1.4445941833440854,0.20428193142897788,0.0008354192232191,5,1,8,2022-08-01,2022
2022-08,-0.16983646945220904,0.015305264927503328,0.34810168946528397,-0.23896708936057232,1.6123624144816628,1.4445941833440854,0.20428193142897788,0.0008354192232191,5,0,8,2022-08-01,2022
2022-08,-0.009021299518105434,1.5838227781462901,0.34810168946528397,-0.23896708936057232,1.6123624144816628,1.4445941833440854,0.20428193142897788,0.0008354192232191,5,1,8,2022-08-01,2022
2022-08,-0.16945581307696211,0.019205543720743224,0.34810168946528397,-0.23896708936057232,1.6123624144816628,1.4445941833440854,0.20428193142897788,0.0008354192232191,5,0,8,2022-08-01,2022
2022-08,-0.19274712379898543,-0.23834055910464144,0.34810168946528397,-0.23896708936057232,1.6123624144816628,1.4445941833440854,0.20428193142897788,0.0008354192232191,6,0,8,2022-08-01,2022
2022-08,-0.19137676084809652,-0.15299966514619634,0.34810168946528397,-0.23896708936057232,1.6123624144816628,1.4445941833440854,0.20428193142897788,0.0008354192232191,6,1,8,2022-08-01,2022
2022-08,-0.19276656157133848,-0.24201037344906873,0.34810168946528397,-0.23896708936057232,1.6123624144816628,1.4445941833440854,0.20428193142897788,0.0008354192232191,6,0,8,2022-08-01,2022
2022-08,-0.19305974797099673,-0.2254117560661747,0.34810168946528397,-0.23896708936057232,1.6123624144816628,1.4445941833440854,0.20428193142897788,0.0008354192232191,6,1,8,2022-08-01,2022
2022-08,-0.19333511641266474,-0.24576346936372911,0.34810168946528397,-0.23896708936057232,1.6123624144816628,1.4445941833440854,0.20428193142897788,0.0008354192232191,8,1,8,2022-08-01,2022
2022-08,-0.19204574417991346,-0.24389632416432847,0.34810168946528397,-0.23896708936057232,1.6123624144816628,1.4445941833440854,0.20428193142897788,0.0008354192232191,9,0,8,2022-08-01,2022
2022-08,-0.18514533499458627,0.0328350405413679,0.34810168946528397,-0.23896708936057232,1.6123624144816628,1.4445941833440854,0.20428193142897788,0.0008354192232191,9,1,8,2022-08-01,2022
2022-08,-0.18655457349018126,-0.045883564374499454,0.34810168946528397,-0.23896708936057232,1.6123624144816628,1.4445941833440854,0.20428193142897788,0.0008354192232191,9,1,8,2022-08-01,2022
2022-08,-0.1920133478926584,-0.2437522544933987,0.34810168946528397,-0.23896708936057232,1.6123624144816628,1.4445941833440854,0.20428193142897788,0.0008354192232191,9,0,8,2022-08-01,2022
2022-08,-0.15749672363675776,-0.17168585589250268,0.34810168946528397,-0.23896708936057232,1.6123624144816628,1.4445941833440854,0.20428193142897788,0.0008354192232191,12,1,8,2022-08-01,2022
2022-08,-0.18709883111606623,-0.23425409743153705,0.34810168946528397,-0.23896708936057232,1.6123624144816628,1.4445941833440854,0.20428193142897788,0.0008354192232191,12,0,8,2022-08-01,2022
2022-08,-0.18690931283562415,-0.23387425997344868,0.34810168946528397,-0.23896708936057232,1.6123624144816628,1.4445941833440854,0.20428193142897788,0.0008354192232191,12,0,8,2022-08-01,2022
2022-08,-0.1584167781948014,-0.1794216369891849,0.34810168946528397,-0.23896708936057232,1.6123624144816628,1.4445941833440854,0.20428193142897788,0.0008354192232191,12,1,8,2022-08-01,2022
2022-08,-0.19327194365251738,-0.2513893273139694,0.34810168946528397,-0.23896708936057232,1.6123624144816628,1.4445941833440854,0.20428193142897788,0.0008354192232191,13,0,8,2022-08-01,2022
2022-08,-0.19305812815663398,-0.24750896434141476,0.34810168946528397,-0.23896708936057232,1.6123624144816628,1.4445941833440854,0.20428193142897788,0.0008354192232191,13,1,8,2022-08-01,2022
2022-08,-0.19319257274874246,-0.24946614873100992,0.34810168946528397,-0.23896708936057232,1.6123624144816628,1.4445941833440854,0.20428193142897788,0.0008354192232191,13,1,8,2022-08-01,2022
2022-08,-0.19333511641266474,-0.25176831136128947,0.34810168946528397,-0.23896708936057232,1.6123624144816628,1.4445941833440854,0.20428193142897788,0.0008354192232191,15,1,8,2022-08-01,2022
2022-08,-0.19333511641266474,-0.25176445359628574,0.34810168946528397,-0.23896708936057232,1.6123624144816628,1.4445941833440854,0.20428193142897788,0.0008354192232191,17,1,8,2022-08-01,2022
2022-08,-0.192068421580992,-0.25019704715857527,0.34810168946528397,-0.23896708936057232,1.6123624144816628,1.4445941833440854,0.20428193142897788,0.0008354192232191,17,0,8,2022-08-01,2022
2022-08,-0.19203926492246243,-0.2501544462863443,0.34810168946528397,-0.23896708936057232,1.6123624144816628,1.4445941833440854,0.20428193142897788,0.0008354192232191,17,0,8,2022-08-01,2022
2022-08,-0.18547901675331338,-0.24274344023664743,0.34810168946528397,-0.23896708936057232,1.6123624144816628,1.4445941833440854,0.20428193142897788,0.0008354192232191,18,1,8,2022-08-01,2022
2022-08,-0.1927519832420737,-0.25107139696967695,0.34810168946528397,-0.23896708936057232,1.6123624144816628,1.4445941833440854,0.20428193142897788,0.0008354192232191,18,0,8,2022-08-01,2022
2022-08,-0.18547739693895063,-0.2432213284962248,0.34810168946528397,-0.23896708936057232,1.6123624144816628,1.4445941833440854,0.20428193142897788,0.0008354192232191,18,1,8,2022-08-01,2022
2022-08,-0.19274874361334818,-0.25106486576481735,0.34810168946528397,-0.23896708936057232,1.6123624144816628,1.4445941833440854,0.20428193142897788,0.0008354192232191,18,0,8,2022-08-01,2022
2022-08,-0.193202291634919,-0.2516686364668587,0.34810168946528397,-0.23896708936057232,1.6123624144816628,1.4445941833440854,0.20428193142897788,0.0008354192232191,19,1,8,2022-08-01,2022
2022-08,-0.19275360305643646,-0.25134933892368233,0.34810168946528397,-0.23896708936057232,1.6123624144816628,1.4445941833440854,0.20428193142897788,0.0008354192232191,19,0,8,2022-08-01,2022
2022-08,-0.19330757956849792,-0.2517387032325926,0.34810168946528397,-0.23896708936057232,1.6123624144816628,1.4445941833440854,0.20428193142897788,0.0008354192232191,19,1,8,2022-08-01,2022
2022-08,-0.19253006867437655,-0.24998615455365858,0.34810168946528397,-0.23896708936057232,1.6123624144816628,1.4445941833440854,0.20428193142897788,0.0008354192232191,21,1,8,2022-08-01,2022
2022-08,-0.1933253975264882,-0.2517618106353859,0.34810168946528397,-0.23896708936057232,1.6123624144816628,1.4445941833440854,0.20428193142897788,0.0008354192232191,21,0,8,2022-08-01,2022
2022-08,-0.19265641419467128,-0.25048184252354666,0.34810168946528397,-0.23896708936057232,1.6123624144816628,1.4445941833440854,0.20428193142897788,0.0008354192232191,21,1,8,2022-08-01,2022
2022-08,-0.1933221578977627,-0.25176174096920073,0.34810168946528397,-0.23896708936057232,1.6123624144816628,1.4445941833440854,0.20428193142897788,0.0008354192232191,21,0,8,2022-08-01,2022
2022-08,-0.19187404385746165,-0.2502936044912197,0.34810168946528397,-0.23896708936057232,1.6123624144816628,1.4445941833440854,0.20428193142897788,0.0008354192232191,23,1,8,2022-08-01,2022
2022-08,-0.19292206375016274,-0.251320357790652,0.34810168946528397,-0.23896708936057232,1.6123624144816628,1.4445941833440854,0.20428193142897788,0.0008354192232191,23,0,8,2022-08-01,2022
2022-08,-0.19194531568942277,-0.2504751458614973,0.34810168946528397,-0.23896708936057232,1.6123624144816628,1.4445941833440854,0.20428193142897788,0.0008354192232191,23,1,8,2022-08-01,2022
2022-08,-0.1929204439358,-0.2513194651926545,0.34810168946528397,-0.23896708936057232,1.6123624144816628,1.4445941833440854,0.20428193142897788,0.0008354192232191,23,0,8,2022-08-01,2022
2022-08,-0.19315531701839916,-0.2515004579417239,0.34810168946528397,-0.23896708936057232,1.6123624144816628,1.4445941833440854,0.20428193142897788,0.0008354192232191,25,1,8,2022-08-01,2022
2022-08,-0.19315207738967366,-0.2515000225280666,0.34810168946528397,-0.23896708936057232,1.6123624144816628,1.4445941833440854,0.20428193142897788,0.0008354192232191,25,1,8,2022-08-01,2022
2022-08,-0.19154036209873457,-0.22873905661121796,0.34810168946528397,-0.23896708936057232,1.6123624144816628,1.4445941833440854,0.20428193142897788,0.0008354192232191,28,1,8,2022-08-01,2022
2022-08,-0.19325736532325258,-0.2514385769527474,0.34810168946528397,-0.23896708936057232,1.6123624144816628,1.4445941833440854,0.20428193142897788,0.0008354192232191,28,0,8,2022-08-01,2022
2022-08,-0.19181249091167704,-0.24619459855064826,0.34810168946528397,-0.23896708936057232,1.6123624144816628,1.4445941833440854,0.20428193142897788,0.0008354192232191,28,1,8,2022-08-01,2022
2022-08,-0.19141401657843984,-0.24699717042034292,0.34810168946528397,-0.23896708936057232,1.6123624144816628,1.4445941833440854,0.20428193142897788,0.0008354192232191,30,0,8,2022-08-01,2022
2022-08,-0.1901100660164238,-0.24035828776328516,0.34810168946528397,-0.23896708936057232,1.6123624144816628,1.4445941833440854,0.20428193142897788,0.0008354192232191,30,1,8,2022-08-01,2022
2022-08,-0.19138971936299853,-0.24693194980861488,0.34810168946528397,-0.23896708936057232,1.6123624144816628,1.4445941833440854,0.20428193142897788,0.0008354192232191,30,0,8,2022-08-01,2022
2022-08,-0.1902882455963266,0.02809281542140309,0.34810168946528397,-0.23896708936057232,1.6123624144816628,1.4445941833440854,0.20428193142897788,0.0008354192232191,30,1,8,2022-08-01,2022
2022-08,-0.19193883643197177,-0.24783660876440172,0.34810168946528397,-0.23896708936057232,1.6123624144816628,1.4445941833440854,0.20428193142897788,0.0008354192232191,37,1,8,2022-08-01,2022
2022-08,-0.08114515383403913,-0.07026237940125758,0.34810168946528397,-0.23896708936057232,1.6123624144816628,1.4445941833440854,0.20428193142897788,0.0008354192232191,37,0,8,2022-08-01,2022
2022-08,-0.19192911754579525,-0.2476369803107996,0.34810168946528397,-0.23896708936057232,1.6123624144816628,1.4445941833440854,0.20428193142897788,0.0008354192232191,37,1,8,2022-08-01,2022
2022-08,-0.08031742869467241,-0.06919292943858973,0.34810168946528397,-0.23896708936057232,1.6123624144816628,1.4445941833440854,0.20428193142897788,0.0008354192232191,37,0,8,2022-08-01,2022
2022-08,-0.1927519832420737,-0.1746597660050024,0.34810168946528397,-0.23896708936057232,1.6123624144816628,1.4445941833440854,0.20428193142897788,0.0008354192232191,38,1,8,2022-08-01,2022
2022-08,-0.1932881417961449,-0.24942300794584393,0.34810168946528397,-0.23896708936057232,1.6123624144816628,1.4445941833440854,0.20428193142897788,0.0008354192232191,38,1,8,2022-08-01,2022
2022-08,-0.19333187678393923,-0.25175209655669134,0.34810168946528397,-0.23896708936057232,1.6123624144816628,1.4445941833440854,0.20428193142897788,0.0008354192232191,40,1,8,2022-08-01,2022
2022-08,-0.19331081919722343,-0.2517029078758254,0.34810168946528397,-0.23896708936057232,1.6123624144816628,1.4445941833440854,0.20428193142897788,0.0008354192232191,40,0,8,2022-08-01,2022
2022-08,-0.19333349659830198,-0.2517556321155887,0.34810168946528397,-0.23896708936057232,1.6123624144816628,1.4445941833440854,0.20428193142897788,0.0008354192232191,40,1,8,2022-08-01,2022
2022-08,-0.19331405882594893,-0.25171122427667997,0.34810168946528397,-0.23896708936057232,1.6123624144816628,1.4445941833440854,0.20428193142897788,0.0008354192232191,40,0,8,2022-08-01,2022
2022-08,-0.19333349659830198,-0.2515349775364752,0.34810168946528397,-0.23896708936057232,1.6123624144816628,1.4445941833440854,0.20428193142897788,0.0008354192232191,41,1,8,2022-08-01,2022
2022-08,-0.19333511641266474,-0.25176966114362714,0.34810168946528397,-0.23896708936057232,1.6123624144816628,1.4445941833440854,0.20428193142897788,0.0008354192232191,43,1,8,2022-08-01,2022
2022-08,-0.19333511641266474,-0.25176796303036364,0.34810168946528397,-0.23896708936057232,1.6123624144816628,1.4445941833440854,0.20428193142897788,0.0008354192232191,43,0,8,2022-08-01,2022
2022-08,0.023838254644699016,0.932349823444648,0.34810168946528397,-0.23896708936057232,1.6123624144816628,1.4445941833440854,0.20428193142897788,0.0008354192232191,44,1,8,2022-08-01,2022
2022-08,-0.14527360445542473,-0.059467085867049074,0.34810168946528397,-0.23896708936057232,1.6123624144816628,1.4445941833440854,0.20428193142897788,0.0008354192232191,44,0,8,2022-08-01,2022
2022-08,0.018107351429279408,0.5076883580738728,0.34810168946528397,-0.23896708936057232,1.6123624144816628,1.4445941833440854,0.20428193142897788,0.0008354192232191,44,1,8,2022-08-01,2022
2022-08,-0.14429037713723372,-0.060019164259694974,0.34810168946528397,-0.23896708936057232,1.6123624144816628,1.4445941833440854,0.20428193142897788,0.0008354192232191,44,0,8,2022-08-01,2022
2022-08,-0.19333187678393923,-0.2515858730388778,0.34810168946528397,-0.23896708936057232,1.6123624144816628,1.4445941833440854,0.20428193142897788,0.0008354192232191,46,0,8,2022-08-01,2022
2022-08,-0.19327194365251738,-0.24825393533838425,0.34810168946528397,-0.23896708936057232,1.6123624144816628,1.4445941833440854,0.20428193142897788,0.0008354192232191,46,1,8,2022-08-01,2022
2022-08,-0.19326870402379187,-0.24786532864923772,0.34810168946528397,-0.23896708936057232,1.6123624144816628,1.4445941833440854,0.20428193142897788,0.0008354192232191,46,1,8,2022-08-01,2022
2022-08,-0.1898476560896578,-0.21787110124587808,0.34810168946528397,-0.23896708936057232,1.6123624144816628,1.4445941833440854,0.20428193142897788,0.0008354192232191,48,1,8,2022-08-01,2022
2022-08,-0.19333511641266474,-0.25177009655728444,0.34810168946528397,-0.23896708936057232,1.6123624144816628,1.4445941833440854,0.20428193142897788,0.0008354192232191,48,0,8,2022-08-01,2022
2022-08,-0.19032388151230717,-0.22970081571402406,0.34810168946528397,-0.23896708936057232,1.6123624144816628,1.4445941833440854,0.20428193142897788,0.0008354192232191,48,1,8,2022-08-01,2022
2022-08,-0.19333511641266474,-0.25176796303036364,0.34810168946528397,-0.23896708936057232,1.6123624144816628,1.4445941833440854,0.20428193142897788,0.0008354192232191,49,1,8,2022-08-01,2022
2022-08,-0.18829263430141507,-0.2433134881509304,0.34810168946528397,-0.23896708936057232,1.6123624144816628,1.4445941833440854,0.20428193142897788,0.0008354192232191,50,0,8,2022-08-01,2022
2022-08,-0.1506173720381464,-0.21694107944455307,0.34810168946528397,-0.23896708936057232,1.6123624144816628,1.4445941833440854,0.20428193142897788,0.0008354192232191,50,1,8,2022-08-01,2022
2022-08,-0.14994190944887845,-0.21749627104484873,0.34810168946528397,-0.23896708936057232,1.6123624144816628,1.4445941833440854,0.20428193142897788,0.0008354192232191,50,1,8,2022-08-01,2022
2022-08,-0.18817762748165964,-0.24308270585014793,0.34810168946528397,-0.23896708936057232,1.6123624144816628,1.4445941833440854,0.20428193142897788,0.0008354192232191,50,0,8,2022-08-01,2022
2022-08,-0.18573008797954008,-0.22301520881740072,0.34810168946528397,-0.23896708936057232,1.6123624144816628,1.4445941833440854,0.20428193142897788,0.0008354192232191,52,0,8,2022-08-01,2022
2022-08,-0.19214941229912963,-0.23250005963789505,0.34810168946528397,-0.23896708936057232,1.6123624144816628,1.4445941833440854,0.20428193142897788,0.0008354192232191,52,1,8,2022-08-01,2022
2022-08,-0.1857560050093441,-0.22437228868794903,0.34810168946528397,-0.23896708936057232,1.6123624144816628,1.4445941833440854,0.20428193142897788,0.0008354192232191,52,0,8,2022-08-01,2022
2022-08,-0.19255760551854337,-0.2465915303489225,0.34810168946528397,-0.23896708936057232,1.6123624144816628,1.4445941833440854,0.20428193142897788,0.0008354192232191,52,1,8,2022-08-01,2022
2022-08,-0.1932395473652623,-0.24909672201346778,0.34810168946528397,-0.23896708936057232,1.6123624144816628,1.4445941833440854,0.20428193142897788,0.0008354192232191,53,1,8,2022-08-01,2022
2022-08,-0.19325736532325258,-0.2496836030197422,0.34810168946528397,-0.23896708936057232,1.6123624144816628,1.4445941833440854,0.20428193142897788,0.0008354192232191,53,1,8,2022-08-01,2022
2022-08,-0.19326546439506637,-0.2510031545871672,0.34810168946528397,-0.23896708936057232,1.6123624144816628,1.4445941833440854,0.20428193142897788,0.0008354192232191,58,1,8,2022-08-01,2022
2022-08,-0.1932849021674194,-0.2514145247023178,0.34810168946528397,-0.23896708936057232,1.6123624144816628,1.4445941833440854,0.20428193142897788,0.0008354192232191,58,0,8,2022-08-01,2022
2022-08,-0.19328652198178214,-0.25143414008757947,0.34810168946528397,-0.23896708936057232,1.6123624144816628,1.4445941833440854,0.20428193142897788,0.0008354192232191,58,0,8,2022-08-01,2022
2022-08,-0.19327032383815462,-0.25101012120568417,0.34810168946528397,-0.23896708936057232,1.6123624144816628,1.4445941833440854,0.20428193142897788,0.0008354192232191,58,1,8,2022-08-01,2022
2022-08,-0.11829559624377589,-0.092604934564117,0.34810168946528397,-0.23896708936057232,1.6123624144816628,1.4445941833440854,0.20428193142897788,0.0008354192232191,60,0,8,2022-08-01,2022
2022-08,-0.12120802246800552,-0.15372693222385972,0.34810168946528397,-0.23896708936057232,1.6123624144816628,1.4445941833440854,0.20428193142897788,0.0008354192232191,60,0,8,2022-08-01,2022
2022-08,-0.19331729845467444,-0.2516257917629797,0.34810168946528397,-0.23896708936057232,1.6123624144816628,1.4445941833440854,0.20428193142897788,0.0008354192232191,66,1,8,2022-08-01,2022
2022-08,-0.19332701734085095,-0.2517356117956257,0.34810168946528397,-0.23896708936057232,1.6123624144816628,1.4445941833440854,0.20428193142897788,0.0008354192232191,66,0,8,2022-08-01,2022
2022-08,-0.1933286371552137,-0.2517552054102045,0.34810168946528397,-0.23896708936057232,1.6123624144816628,1.4445941833440854,0.20428193142897788,0.0008354192232191,66,0,8,2022-08-01,2022
2022-08,-0.19004365362755093,-0.22718297963687062,0.34810168946528397,-0.23896708936057232,1.6123624144816628,1.4445941833440854,0.20428193142897788,0.0008354192232191,67,1,8,2022-08-01,2022
2022-08,-0.19191129958780495,-0.24424051430629312,0.34810168946528397,-0.23896708936057232,1.6123624144816628,1.4445941833440854,0.20428193142897788,0.0008354192232191,67,0,8,2022-08-01,2022
2022-08,-0.1908276437791233,-0.23984746046053254,0.34810168946528397,-0.23896708936057232,1.6123624144816628,1.4445941833440854,0.20428193142897788,0.0008354192232191,67,1,8,2022-08-01,2022
2022-08,-0.19189348162981468,-0.24421143302812157,0.34810168946528397,-0.23896708936057232,1.6123624144816628,1.4445941833440854,0.20428193142897788,0.0008354192232191,67,0,8,2022-08-01,2022
2022-08,-0.19314559813222265,0.06580885585131854,0.34810168946528397,-0.23896708936057232,1.6123624144816628,1.4445941833440854,0.20428193142897788,0.0008354192232191,68,1,8,2022-08-01,2022
2022-08,-0.19316989534766393,-0.17737699541238303,0.34810168946528397,-0.23896708936057232,1.6123624144816628,1.4445941833440854,0.20428193142897788,0.0008354192232191,68,1,8,2022-08-01,2022
2022-08,-0.19330757956849792,-0.25175054648407136,0.34810168946528397,-0.23896708936057232,1.6123624144816628,1.4445941833440854,0.20428193142897788,0.0008354192232191,69,0,8,2022-08-01,2022
2022-08,-0.1933253975264882,-0.2517625203596473,0.34810168946528397,-0.23896708936057232,1.6123624144816628,1.4445941833440854,0.20428193142897788,0.0008354192232191,69,1,8,2022-08-01,2022
2022-08,-0.1518678687261916,0.46332266720715437,0.34810168946528397,-0.23896708936057232,1.6123624144816628,1.4445941833440854,0.20428193142897788,0.0008354192232191,72,1,8,2022-08-01,2022
2022-08,-0.17275861456261518,0.05499995564031919,0.34810168946528397,-0.23896708936057232,1.6123624144816628,1.4445941833440854,0.20428193142897788,0.0008354192232191,72,1,8,2022-08-01,2022
2022-08,-0.19314559813222265,-0.25015560884080934,0.34810168946528397,-0.23896708936057232,1.6123624144816628,1.4445941833440854,0.20428193142897788,0.0008354192232191,73,1,8,2022-08-01,2022
2022-08,-0.19016675951912013,-0.24692532281275067,0.34810168946528397,-0.23896708936057232,1.6123624144816628,1.4445941833440854,0.20428193142897788,0.0008354192232191,75,1,8,2022-08-01,2022
2022-08,-0.19286699006182914,-0.25101255952216506,0.34810168946528397,-0.23896708936057232,1.6123624144816628,1.4445941833440854,0.20428193142897788,0.0008354192232191,75,0,8,2022-08-01,2022
2022-08,-0.19010358675897276,-0.24681654341874565,0.34810168946528397,-0.23896708936057232,1.6123624144816628,1.4445941833440854,0.20428193142897788,0.0008354192232191,75,1,8,2022-08-01,2022
2022-08,-0.19284755228947612,-0.2509966233823076,0.34810168946528397,-0.23896708936057232,1.6123624144816628,1.4445941833440854,0.20428193142897788,0.0008354192232191,75,0,8,2022-08-01,2022
2022-08,-0.19226603893324784,-0.24353259701156044,0.34810168946528397,-0.23896708936057232,1.6123624144816628,1.4445941833440854,0.20428193142897788,0.0008354192232191,77,1,8,2022-08-01,2022
2022-08,-0.19331567864031168,-0.2513478062676086,0.34810168946528397,-0.23896708936057232,1.6123624144816628,1.4445941833440854,0.20428193142897788,0.0008354192232191,77,0,8,2022-08-01,2022
2022-08,-0.19331729845467444,-0.251375237328019,0.34810168946528397,-0.23896708936057232,1.6123624144816628,1.4445941833440854,0.20428193142897788,0.0008354192232191,77,0,8,2022-08-01,2022
2022-08,-0.19230005503486566,-0.24451287425721183,0.34810168946528397,-0.23896708936057232,1.6123624144816628,1.4445941833440854,0.20428193142897788,0.0008354192232191,77,1,8,2022-08-01,2022
2022-08,-0.19311158203060483,-0.24916230837266792,0.34810168946528397,-0.23896708936057232,1.6123624144816628,1.4445941833440854,0.20428193142897788,0.0008354192232191,78,1,8,2022-08-01,2022
2022-08,-0.19311806128805584,-0.24922515162582703,0.34810168946528397,-0.23896708936057232,1.6123624144816628,1.4445941833440854,0.20428193142897788,0.0008354192232191,78,1,8,2022-08-01,2022
2022-08,0.019275237584824217,0.03606548331834321,0.34810168946528397,-0.23896708936057232,1.6123624144816628,1.4445941833440854,0.20428193142897788,0.0008354192232191,79,1,8,2022-08-01,2022
2022-08,-0.15136086683064995,-0.18138119873734898,0.34810168946528397,-0.23896708936057232,1.6123624144816628,1.4445941833440854,0.20428193142897788,0.0008354192232191,79,0,8,2022-08-01,2022
2022-08,0.018820069748890667,0.0075689352096129005,0.34810168946528397,-0.23896708936057232,1.6123624144816628,1.4445941833440854,0.20428193142897788,0.0008354192232191,79,1,8,2022-08-01,2022
2022-08,-0.15071780052863706,-0.18050597809893265,0.34810168946528397,-0.23896708936057232,1.6123624144816628,1.4445941833440854,0.20428193142897788,0.0008354192232191,79,0,8,2022-08-01,2022
2022-08,0.36566120035898336,-0.1337305904909896,0.34810168946528397,-0.23896708936057232,1.6123624144816628,1.4445941833440854,0.20428193142897788,0.0008354192232191,80,1,8,2022-08-01,2022
2022-08,-0.09849984491657324,-0.22981150221984809,0.34810168946528397,-0.23896708936057232,1.6123624144816628,1.4445941833440854,0.20428193142897788,0.0008354192232191,80,0,8,2022-08-01,2022
2022-08,0.3479857860326242,-0.15377950406884297,0.34810168946528397,-0.23896708936057232,1.6123624144816628,1.4445941833440854,0.20428193142897788,0.0008354192232191,80,1,8,2022-08-01,2022
2022-08,-0.0970128553315661,-0.23019963430810816,0.34810168946528397,-0.23896708936057232,1.6123624144816628,1.4445941833440854,0.20428193142897788,0.0008354192232191,80,0,8,2022-08-01,2022
2022-08,-0.18063415199431956,-0.19355067519056482,0.34810168946528397,-0.23896708936057232,1.6123624144816628,1.4445941833440854,0.20428193142897788,0.0008354192232191,81,1,8,2022-08-01,2022
2022-08,-0.1818085174073154,-0.2457729787980047,0.34810168946528397,-0.23896708936057232,1.6123624144816628,1.4445941833440854,0.20428193142897788,0.0008354192232191,81,0,8,2022-08-01,2022
2022-08,-0.18941030621171456,-0.2495197046108587,0.34810168946528397,-0.23896708936057232,1.6123624144816628,1.4445941833440854,0.20428193142897788,0.0008354192232191,81,0,8,2022-08-01,2022
2022-08,-0.1837393361277168,-0.2268270768675244,0.34810168946528397,-0.23896708936057232,1.6123624144816628,1.4445941833440854,0.20428193142897788,0.0008354192232191,81,1,8,2022-08-01,2022
2022-08,-0.1923745664955523,-0.24733963197008804,0.34810168946528397,-0.23896708936057232,1.6123624144816628,1.4445941833440854,0.20428193142897788,0.0008354192232191,86,1,8,2022-08-01,2022
2022-08,-0.19333025696957648,-0.25173328233255915,0.34810168946528397,-0.23896708936057232,1.6123624144816628,1.4445941833440854,0.20428193142897788,0.0008354192232191,86,0,8,2022-08-01,2022
2022-08,-0.19235188909447373,-0.2473281414036717,0.34810168946528397,-0.23896708936057232,1.6123624144816628,1.4445941833440854,0.20428193142897788,0.0008354192232191,86,1,8,2022-08-01,2022
2022-08,-0.1933286371552137,-0.25172370323209836,0.34810168946528397,-0.23896708936057232,1.6123624144816628,1.4445941833440854,0.20428193142897788,0.0008354192232191,86,0,8,2022-08-01,2022
2022-08,-0.177190426659107,-0.2333502135120602,0.34810168946528397,-0.23896708936057232,1.6123624144816628,1.4445941833440854,0.20428193142897788,0.0008354192232191,87,1,8,2022-08-01,2022
2022-08,-0.11857582412853214,-0.15028157361977423,0.34810168946528397,-0.23896708936057232,1.6123624144816628,1.4445941833440854,0.20428193142897788,0.0008354192232191,87,0,8,2022-08-01,2022
2022-08,-0.12062326948305174,-0.18032963992185988,0.34810168946528397,-0.23896708936057232,1.6123624144816628,1.4445941833440854,0.20428193142897788,0.0008354192232191,87,0,8,2022-08-01,2022
2022-08,-0.1786029047834275,-0.24007936612855085,0.34810168946528397,-0.23896708936057232,1.6123624144816628,1.4445941833440854,0.20428193142897788,0.0008354192232191,87,1,8,2022-08-01,2022
2022-08,8.84001322550021,10.484746930634794,0.34810168946528397,-0.23896708936057232,1.6123624144816628,1.4445941833440854,0.20428193142897788,0.0008354192232191,88,1,8,2022-08-01,2022
2022-08,4.354301806087794,2.4694341846843626,0.34810168946528397,-0.23896708936057232,1.6123624144816628,1.4445941833440854,0.20428193142897788,0.0008354192232191,88,0,8,2022-08-01,2022
2022-08,8.686325238762219,8.602263906345618,0.34810168946528397,-0.23896708936057232,1.6123624144816628,1.4445941833440854,0.20428193142897788,0.0008354192232191,88,1,8,2022-08-01,2022
2022-08,4.449519353773495,2.494297501904153,0.34810168946528397,-0.23896708936057232,1.6123624144816628,1.4445941833440854,0.20428193142897788,0.0008354192232191,88,0,8,2022-08-01,2022
2022-08,0.31516672722888855,0.6262898046521514,0.34810168946528397,-0.23896708936057232,1.6123624144816628,1.4445941833440854,0.20428193142897788,0.0008354192232191,89,0,8,2022-08-01,2022
2022-08,-0.1861447604564048,-0.20063742868966516,0.34810168946528397,-0.23896708936057232,1.6123624144816628,1.4445941833440854,0.20428193142897788,0.0008354192232191,89,1,8,2022-08-01,2022
2022-08,0.3503118394575373,0.5558976673546057,0.34810168946528397,-0.23896708936057232,1.6123624144816628,1.4445941833440854,0.20428193142897788,0.0008354192232191,89,0,8,2022-08-01,2022
2022-08,-0.1862921635634153,-0.20782797609639433,0.34810168946528397,-0.23896708936057232,1.6123624144816628,1.4445941833440854,0.20428193142897788,0.0008354192232191,89,1,8,2022-08-01,2022
2022-08,0.060736006013846336,4.143528119378833,0.34810168946528397,-0.23896708936057232,1.6123624144816628,1.4445941833440854,0.20428193142897788,0.0008354192232191,91,0,8,2022-08-01,2022
2022-08,-0.19324926625143882,-0.2509437511019008,0.34810168946528397,-0.23896708936057232,1.6123624144816628,1.4445941833440854,0.20428193142897788,0.0008354192232191,91,1,8,2022-08-01,2022
2022-08,0.06936799675295631,1.2378426506364535,0.34810168946528397,-0.23896708936057232,1.6123624144816628,1.4445941833440854,0.20428193142897788,0.0008354192232191,91,0,8,2022-08-01,2022
2022-08,-0.19332377771212544,-0.2514263287665674,0.34810168946528397,-0.23896708936057232,1.6123624144816628,1.4445941833440854,0.20428193142897788,0.0008354192232191,94,1,8,2022-08-01,2022
2022-08,-0.1928993863490842,-0.24384932126002218,0.34810168946528397,-0.23896708936057232,1.6123624144816628,1.4445941833440854,0.20428193142897788,0.0008354192232191,95,1,8,2022-08-01,2022
2022-08,-0.19312454054550685,-0.25074768433201544,0.34810168946528397,-0.23896708936057232,1.6123624144816628,1.4445941833440854,0.20428193142897788,0.0008354192232191,95,0,8,2022-08-01,2022
2022-08,-0.19307594611462428,-0.2497565435156143,0.34810168946528397,-0.23896708936057232,1.6123624144816628,1.4445941833440854,0.20428193142897788,0.0008354192232191,95,1,8,2022-08-01,2022
2022-08,-0.19312130091678134,-0.2508035740290674,0.34810168946528397,-0.23896708936057232,1.6123624144816628,1.4445941833440854,0.20428193142897788,0.0008354192232191,95,0,8,2022-08-01,2022
2022-08,-0.19320391144928176,-0.23474465622854204,0.34810168946528397,-0.23896708936057232,1.6123624144816628,1.4445941833440854,0.20428193142897788,0.0008354192232191,97,1,8,2022-08-01,2022
2022-08,-0.19319743219183072,-0.2347342498421324,0.34810168946528397,-0.23896708936057232,1.6123624144816628,1.4445941833440854,0.20428193142897788,0.0008354192232191,97,1,8,2022-08-01,2022
2022-08,0.04904580575785897,1.002855969454223,0.34810168946528397,-0.23896708936057232,1.6123624144816628,1.4445941833440854,0.20428193142897788,0.0008354192232191,98,1,8,2022-08-01,2022
2022-08,-0.16110081059388287,-0.20947771925670158,0.34810168946528397,-0.23896708936057232,1.6123624144816628,1.4445941833440854,0.20428193142897788,0.0008354192232191,98,0,8,2022-08-01,2022
2022-08,0.04725591088701706,0.9007854160185808,0.34810168946528397,-0.23896708936057232,1.6123624144816628,1.4445941833440854,0.20428193142897788,0.0008354192232191,98,1,8,2022-08-01,2022
2022-08,-0.16045774429186999,-0.20875211981334568,0.34810168946528397,-0.23896708936057232,1.6123624144816628,1.4445941833440854,0.20428193142897788,0.0008354192232191,98,0,8,2022-08-01,2022
2022-08,-0.16835271949592742,-0.17577597068619188,0.34810168946528397,-0.23896708936057232,1.6123624144816628,1.4445941833440854,0.20428193142897788,0.0008354192232191,100,1,8,2022-08-01,2022
2022-08,-0.18598763846321778,-0.23395108871328052,0.34810168946528397,-0.23896708936057232,1.6123624144816628,1.4445941833440854,0.20428193142897788,0.0008354192232191,100,0,8,2022-08-01,2022
2022-08,-0.18593580440360968,-0.23386671425476754,0.34810168946528397,-0.23896708936057232,1.6123624144816628,1.4445941833440854,0.20428193142897788,0.0008354192232191,100,0,8,2022-08-01,2022
2022-08,-0.16945905270568762,-0.19834324283758747,0.34810168946528397,-0.23896708936057232,1.6123624144816628,1.4445941833440854,0.20428193142897788,0.0008354192232191,100,1,8,2022-08-01,2022
2022-08,1.1725522873919658,1.331052109440513,0.34810168946528397,-0.23896708936057232,1.6123624144816628,1.4445941833440854,0.20428193142897788,0.0008354192232191,101,1,8,2022-08-01,2022
2022-08,0.18666685383170442,0.13036510906688542,0.34810168946528397,-0.23896708936057232,1.6123624144816628,1.4445941833440854,0.20428193142897788,0.0008354192232191,101,0,8,2022-08-01,2022
2022-08,1.175020884480801,0.9969241811600856,0.34810168946528397,-0.23896708936057232,1.6123624144816628,1.4445941833440854,0.20428193142897788,0.0008354192232191,101,1,8,2022-08-01,2022
2022-08,0.19531018327135366,0.13660238358298943,0.34810168946528397,-0.23896708936057232,1.6123624144816628,1.4445941833440854,0.20428193142897788,0.0008354192232191,101,0,8,2022-08-01,2022
2022-09,-0.1932816625386939,-0.251759820794972,0.34810168946528397,-0.23896708936057232,1.0811051278204415,1.299555116543681,0.42404058439529485,0.0010437086578679,0,0,8,2022-09-01,2022
2022-09,-0.19302087242629068,-0.25151091222363586,0.34810168946528397,-0.23896708936057232,1.0811051278204415,1.299555116543681,0.42404058439529485,0.0010437086578679,0,1,8,2022-09-01,2022
2022-09,-0.19305488852790847,-0.2517016277596729,0.34810168946528397,-0.23896708936057232,1.0811051278204415,1.299555116543681,0.42404058439529485,0.0010437086578679,0,1,8,2022-09-01,2022
2022-09,-0.19329948049668416,-0.2513691371826801,0.34810168946528397,-0.23896708936057232,1.0811051278204415,1.299555116543681,0.42404058439529485,0.0010437086578679,1,0,8,2022-09-01,2022
2022-09,-0.19304193001300646,-0.2470523721638163,0.34810168946528397,-0.23896708936057232,1.0811051278204415,1.299555116543681,0.42404058439529485,0.0010437086578679,1,1,8,2022-09-01,2022
2022-09,-0.19330110031104691,-0.2513734869651166,0.34810168946528397,-0.23896708936057232,1.0811051278204415,1.299555116543681,0.42404058439529485,0.0010437086578679,1,0,8,2022-09-01,2022
2022-09,-0.19310186314442832,-0.24919743754653945,0.34810168946528397,-0.23896708936057232,1.0811051278204415,1.299555116543681,0.42404058439529485,0.0010437086578679,1,1,8,2022-09-01,2022
2022-09,-0.19211053675442358,-0.25151408203506104,0.34810168946528397,-0.23896708936057232,1.0811051278204415,1.299555116543681,0.42404058439529485,0.0010437086578679,2,0,8,2022-09-01,2022
2022-09,-0.17909694816406713,-0.24665004123619144,0.34810168946528397,-0.23896708936057232,1.0811051278204415,1.299555116543681,0.42404058439529485,0.0010437086578679,2,1,8,2022-09-01,2022
2022-09,-0.17912610482259667,-0.24831280761898872,0.34810168946528397,-0.23896708936057232,1.0811051278204415,1.299555116543681,0.42404058439529485,0.0010437086578679,2,1,8,2022-09-01,2022
2022-09,-0.19083736266529983,-0.2002572820878801,0.34810168946528397,-0.23896708936057232,1.0811051278204415,1.299555116543681,0.42404058439529485,0.0010437086578679,3,1,8,2022-09-01,2022
2022-09,-0.19310672258751657,-0.25141436359926456,0.34810168946528397,-0.23896708936057232,1.0811051278204415,1.299555116543681,0.42404058439529485,0.0010437086578679,3,0,8,2022-09-01,2022
2022-09,-0.19199876956339362,-0.23092892605927803,0.34810168946528397,-0.23896708936057232,1.0811051278204415,1.299555116543681,0.42404058439529485,0.0010437086578679,3,1,8,2022-09-01,2022
2022-09,-0.1761326878802294,-0.07481804283147604,0.34810168946528397,-0.23896708936057232,1.0811051278204415,1.299555116543681,0.42404058439529485,0.0010437086578679,5,0,8,2022-09-01,2022
2022-09,0.0243679339413192,3.526049206435851,0.34810168946528397,-0.23896708936057232,1.0811051278204415,1.299555116543681,0.42404058439529485,0.0010437086578679,5,1,8,2022-09-01,2022
2022-09,-0.1761764228680237,-0.07550039263625163,0.34810168946528397,-0.23896708936057232,1.0811051278204415,1.299555116543681,0.42404058439529485,0.0010437086578679,5,0,8,2022-09-01,2022
2022-09,-0.011361931272283311,2.0969848603662657,0.34810168946528397,-0.23896708936057232,1.0811051278204415,1.299555116543681,0.42404058439529485,0.0010437086578679,5,1,8,2022-09-01,2022
2022-09,-0.19138000047682202,-0.15567074070590242,0.34810168946528397,-0.23896708936057232,1.0811051278204415,1.299555116543681,0.42404058439529485,0.0010437086578679,6,1,8,2022-09-01,2022
2022-09,-0.19276332194261298,-0.24206011510527947,0.34810168946528397,-0.23896708936057232,1.0811051278204415,1.299555116543681,0.42404058439529485,0.0010437086578679,6,0,8,2022-09-01,2022
2022-09,-0.19308404518643804,-0.22583106812643453,0.34810168946528397,-0.23896708936057232,1.0811051278204415,1.299555116543681,0.42404058439529485,0.0010437086578679,6,1,8,2022-09-01,2022
2022-09,-0.1927730408287895,-0.24247707593178985,0.34810168946528397,-0.23896708936057232,1.0811051278204415,1.299555116543681,0.42404058439529485,0.0010437086578679,6,0,8,2022-09-01,2022
2022-09,-0.18520526812600813,0.03049335541341459,0.34810168946528397,-0.23896708936057232,1.0811051278204415,1.299555116543681,0.42404058439529485,0.0010437086578679,9,1,8,2022-09-01,2022
2022-09,-0.19213159434113936,-0.24425620661450245,0.34810168946528397,-0.23896708936057232,1.0811051278204415,1.299555116543681,0.42404058439529485,0.0010437086578679,9,0,8,2022-09-01,2022
2022-09,-0.18712150851714476,-0.02997183816082674,0.34810168946528397,-0.23896708936057232,1.0811051278204415,1.299555116543681,0.42404058439529485,0.0010437086578679,9,1,8,2022-09-01,2022
2022-09,-0.19216561044275715,-0.2443630919590982,0.34810168946528397,-0.23896708936057232,1.0811051278204415,1.299555116543681,0.42404058439529485,0.0010437086578679,9,0,8,2022-09-01,2022
2022-09,-0.16820207676019142,-0.1782629446433154,0.34810168946528397,-0.23896708936057232,1.0811051278204415,1.299555116543681,0.42404058439529485,0.0010437086578679,12,1,8,2022-09-01,2022
2022-09,-0.1884675742525924,-0.2340829101980302,0.34810168946528397,-0.23896708936057232,1.0811051278204415,1.299555116543681,0.42404058439529485,0.0010437086578679,12,0,8,2022-09-01,2022
2022-09,-0.16946391214877587,-0.18724468369106462,0.34810168946528397,-0.23896708936057232,1.0811051278204415,1.299555116543681,0.42404058439529485,0.0010437086578679,12,1,8,2022-09-01,2022
2022-09,-0.1884708138813179,-0.23409135722298197,0.34810168946528397,-0.23896708936057232,1.0811051278204415,1.299555116543681,0.42404058439529485,0.0010437086578679,12,0,8,2022-09-01,2022
2022-09,-0.19303869038428095,-0.2472795884267454,0.34810168946528397,-0.23896708936057232,1.0811051278204415,1.299555116543681,0.42404058439529485,0.0010437086578679,13,1,8,2022-09-01,2022
2022-09,-0.1932913814248704,-0.2515645464779429,0.34810168946528397,-0.23896708936057232,1.0811051278204415,1.299555116543681,0.42404058439529485,0.0010437086578679,13,0,8,2022-09-01,2022
2022-09,-0.19329300123923315,-0.2515675072908126,0.34810168946528397,-0.23896708936057232,1.0811051278204415,1.299555116543681,0.42404058439529485,0.0010437086578679,13,0,8,2022-09-01,2022
2022-09,-0.1931909529343797,-0.24908786134554156,0.34810168946528397,-0.23896708936057232,1.0811051278204415,1.299555116543681,0.42404058439529485,0.0010437086578679,13,1,8,2022-09-01,2022
2022-09,-0.19333349659830198,-0.2517488048294421,0.34810168946528397,-0.23896708936057232,1.0811051278204415,1.299555116543681,0.42404058439529485,0.0010437086578679,15,1,8,2022-09-01,2022
2022-09,-0.1921818085863847,-0.25049251015815066,0.34810168946528397,-0.23896708936057232,1.0811051278204415,1.299555116543681,0.42404058439529485,0.0010437086578679,17,0,8,2022-09-01,2022
2022-09,-0.19333511641266474,-0.25176212848735574,0.34810168946528397,-0.23896708936057232,1.0811051278204415,1.299555116543681,0.42404058439529485,0.0010437086578679,17,1,8,2022-09-01,2022
2022-09,-0.19218342840074745,-0.2504959455719068,0.34810168946528397,-0.23896708936057232,1.0811051278204415,1.299555116543681,0.42404058439529485,0.0010437086578679,17,0,8,2022-09-01,2022
2022-09,-0.18892922134597695,-0.24726882500113676,0.34810168946528397,-0.23896708936057232,1.0811051278204415,1.299555116543681,0.42404058439529485,0.0010437086578679,18,1,8,2022-09-01,2022
2022-09,-0.19301115354011417,-0.25150593544553285,0.34810168946528397,-0.23896708936057232,1.0811051278204415,1.299555116543681,0.42404058439529485,0.0010437086578679,18,0,8,2022-09-01,2022
2022-09,-0.1889923941061243,-0.2475364432973274,0.34810168946528397,-0.23896708936057232,1.0811051278204415,1.299555116543681,0.42404058439529485,0.0010437086578679,18,1,8,2022-09-01,2022
2022-09,-0.1932055312636445,-0.2516711444495248,0.34810168946528397,-0.23896708936057232,1.0811051278204415,1.299555116543681,0.42404058439529485,0.0010437086578679,19,1,8,2022-09-01,2022
2022-09,-0.19280705693040728,-0.2514163926269076,0.34810168946528397,-0.23896708936057232,1.0811051278204415,1.299555116543681,0.42404058439529485,0.0010437086578679,19,0,8,2022-09-01,2022
2022-09,-0.19330757956849792,-0.2517387032325926,0.34810168946528397,-0.23896708936057232,1.0811051278204415,1.299555116543681,0.42404058439529485,0.0010437086578679,19,1,8,2022-09-01,2022
2022-09,-0.1933253975264882,-0.25175887594733565,0.34810168946528397,-0.23896708936057232,1.0811051278204415,1.299555116543681,0.42404058439529485,0.0010437086578679,21,0,8,2022-09-01,2022
2022-09,-0.19235350890883648,-0.24981691361919992,0.34810168946528397,-0.23896708936057232,1.0811051278204415,1.299555116543681,0.42404058439529485,0.0010437086578679,21,1,8,2022-09-01,2022
2022-09,-0.19253654793182756,-0.2504402474568641,0.34810168946528397,-0.23896708936057232,1.0811051278204415,1.299555116543681,0.42404058439529485,0.0010437086578679,21,1,8,2022-09-01,2022
2022-09,-0.19326546439506637,-0.25168166839762196,0.34810168946528397,-0.23896708936057232,1.0811051278204415,1.299555116543681,0.42404058439529485,0.0010437086578679,23,0,8,2022-09-01,2022
2022-09,-0.19208623953898227,-0.2508012881073665,0.34810168946528397,-0.23896708936057232,1.0811051278204415,1.299555116543681,0.42404058439529485,0.0010437086578679,23,1,8,2022-09-01,2022
2022-09,-0.19210567731133532,-0.250841089269781,0.34810168946528397,-0.23896708936057232,1.0811051278204415,1.299555116543681,0.42404058439529485,0.0010437086578679,23,1,8,2022-09-01,2022
2022-09,-0.19319743219183072,-0.2514741023530471,0.34810168946528397,-0.23896708936057232,1.0811051278204415,1.299555116543681,0.42404058439529485,0.0010437086578679,25,1,8,2022-09-01,2022
2022-09,-0.19326222476634083,-0.25135813427955994,0.34810168946528397,-0.23896708936057232,1.0811051278204415,1.299555116543681,0.42404058439529485,0.0010437086578679,28,0,8,2022-09-01,2022
2022-09,-0.19143993360824388,-0.2241373133536467,0.34810168946528397,-0.23896708936057232,1.0811051278204415,1.299555116543681,0.42404058439529485,0.0010437086578679,28,1,8,2022-09-01,2022
2022-09,-0.1918141107260398,-0.24477831113097934,0.34810168946528397,-0.23896708936057232,1.0811051278204415,1.299555116543681,0.42404058439529485,0.0010437086578679,28,1,8,2022-09-01,2022
2022-09,-0.1932638445807036,-0.25150573950938704,0.34810168946528397,-0.23896708936057232,1.0811051278204415,1.299555116543681,0.42404058439529485,0.0010437086578679,28,0,8,2022-09-01,2022
2022-09,-0.1907012982588286,-0.22412880537078292,0.34810168946528397,-0.23896708936057232,1.0811051278204415,1.299555116543681,0.42404058439529485,0.0010437086578679,30,1,8,2022-09-01,2022
2022-09,-0.19095398929941804,-0.24602730826937433,0.34810168946528397,-0.23896708936057232,1.0811051278204415,1.299555116543681,0.42404058439529485,0.0010437086578679,30,0,8,2022-09-01,2022
2022-09,-0.19098638558667308,-0.2460854229302151,0.34810168946528397,-0.23896708936057232,1.0811051278204415,1.299555116543681,0.42404058439529485,0.0010437086578679,30,0,8,2022-09-01,2022
2022-09,-0.19089567598235893,0.04622612225979753,0.34810168946528397,-0.23896708936057232,1.0811051278204415,1.299555116543681,0.42404058439529485,0.0010437086578679,30,1,8,2022-09-01,2022
2022-09,-0.19196313364741305,-0.24767677711907746,0.34810168946528397,-0.23896708936057232,1.0811051278204415,1.299555116543681,0.42404058439529485,0.0010437086578679,37,1,8,2022-09-01,2022
2022-09,-0.0778682693781901,-0.06313612082102978,0.34810168946528397,-0.23896708936057232,1.0811051278204415,1.299555116543681,0.42404058439529485,0.0010437086578679,37,0,8,2022-09-01,2022
2022-09,-0.07790552510853341,-0.06326592634054615,0.34810168946528397,-0.23896708936057232,1.0811051278204415,1.299555116543681,0.42404058439529485,0.0010437086578679,37,0,8,2022-09-01,2022
2022-09,-0.1919615138330503,-0.24767296289543944,0.34810168946528397,-0.23896708936057232,1.0811051278204415,1.299555116543681,0.42404058439529485,0.0010437086578679,37,1,8,2022-09-01,2022
2022-09,-0.1927244463979069,-0.2081426234217107,0.34810168946528397,-0.23896708936057232,1.0811051278204415,1.299555116543681,0.42404058439529485,0.0010437086578679,38,1,8,2022-09-01,2022
2022-09,-0.19330919938286067,-0.25100393397761384,0.34810168946528397,-0.23896708936057232,1.0811051278204415,1.299555116543681,0.42404058439529485,0.0010437086578679,38,1,8,2022-09-01,2022
2022-09,-0.1933189182690372,-0.2517200109242844,0.34810168946528397,-0.23896708936057232,1.0811051278204415,1.299555116543681,0.42404058439529485,0.0010437086578679,40,0,8,2022-09-01,2022
2022-09,-0.1933253975264882,-0.2517008222444069,0.34810168946528397,-0.23896708936057232,1.0811051278204415,1.299555116543681,0.42404058439529485,0.0010437086578679,40,1,8,2022-09-01,2022
2022-09,-0.19333187678393923,-0.25174288320370275,0.34810168946528397,-0.23896708936057232,1.0811051278204415,1.299555116543681,0.42404058439529485,0.0010437086578679,40,1,8,2022-09-01,2022
2022-09,-0.19333349659830198,-0.2516300805875042,0.34810168946528397,-0.23896708936057232,1.0811051278204415,1.299555116543681,0.42404058439529485,0.0010437086578679,41,1,8,2022-09-01,2022
2022-09,-0.19333511641266474,-0.2517655247138827,0.34810168946528397,-0.23896708936057232,1.0811051278204415,1.299555116543681,0.42404058439529485,0.0010437086578679,43,0,8,2022-09-01,2022
2022-09,-0.14990465371853515,-0.011994178642509849,0.34810168946528397,-0.23896708936057232,1.0811051278204415,1.299555116543681,0.42404058439529485,0.0010437086578679,44,0,8,2022-09-01,2022
2022-09,0.00767412711878826,1.0373029589781697,0.34810168946528397,-0.23896708936057232,1.0811051278204415,1.299555116543681,0.42404058439529485,0.0010437086578679,44,1,8,2022-09-01,2022
2022-09,-0.15068216461265652,-0.036304285394144924,0.34810168946528397,-0.23896708936057232,1.0811051278204415,1.299555116543681,0.42404058439529485,0.0010437086578679,44,0,8,2022-09-01,2022
2022-09,-0.0050106391559293605,0.5042750197901457,0.34810168946528397,-0.23896708936057232,1.0811051278204415,1.299555116543681,0.42404058439529485,0.0010437086578679,44,1,8,2022-09-01,2022
2022-09,-0.19333511641266474,-0.2515937975674408,0.34810168946528397,-0.23896708936057232,1.0811051278204415,1.299555116543681,0.42404058439529485,0.0010437086578679,46,0,8,2022-09-01,2022
2022-09,-0.19321525014982102,-0.2467516624296703,0.34810168946528397,-0.23896708936057232,1.0811051278204415,1.299555116543681,0.42404058439529485,0.0010437086578679,46,1,8,2022-09-01,2022
2022-09,-0.19138485991991028,-0.22878875908019958,0.34810168946528397,-0.23896708936057232,1.0811051278204415,1.299555116543681,0.42404058439529485,0.0010437086578679,48,1,8,2022-09-01,2022
2022-09,-0.19333511641266474,-0.2517680501130951,0.34810168946528397,-0.23896708936057232,1.0811051278204415,1.299555116543681,0.42404058439529485,0.0010437086578679,48,0,8,2022-09-01,2022
2022-09,-0.19189186181545193,-0.2397077057389467,0.34810168946528397,-0.23896708936057232,1.0811051278204415,1.299555116543681,0.42404058439529485,0.0010437086578679,48,1,8,2022-09-01,2022
2022-09,-0.19333349659830198,-0.2517312968462818,0.34810168946528397,-0.23896708936057232,1.0811051278204415,1.299555116543681,0.42404058439529485,0.0010437086578679,49,1,8,2022-09-01,2022
2022-09,-0.16235616672501635,-0.2287461146666029,0.34810168946528397,-0.23896708936057232,1.0811051278204415,1.299555116543681,0.42404058439529485,0.0010437086578679,50,1,8,2022-09-01,2022
2022-09,-0.18912845851259555,-0.24654881626914069,0.34810168946528397,-0.23896708936057232,1.0811051278204415,1.299555116543681,0.42404058439529485,0.0010437086578679,50,0,8,2022-09-01,2022
2022-09,-0.1891300783269583,-0.24655234747390145,0.34810168946528397,-0.23896708936057232,1.0811051278204415,1.299555116543681,0.42404058439529485,0.0010437086578679,50,0,8,2022-09-01,2022
2022-09,-0.16263315498104708,-0.22952603631784443,0.34810168946528397,-0.23896708936057232,1.0811051278204415,1.299555116543681,0.42404058439529485,0.0010437086578679,50,1,8,2022-09-01,2022
2022-09,-0.1919679930905013,-0.22698691286698525,0.34810168946528397,-0.23896708936057232,1.0811051278204415,1.299555116543681,0.42404058439529485,0.0010437086578679,52,1,8,2022-09-01,2022
2022-09,-0.1860929263967967,-0.2303190508577612,0.34810168946528397,-0.23896708936057232,1.0811051278204415,1.299555116543681,0.42404058439529485,0.0010437086578679,52,0,8,2022-09-01,2022
2022-09,-0.19234540983702272,-0.24564990041949372,0.34810168946528397,-0.23896708936057232,1.0811051278204415,1.299555116543681,0.42404058439529485,0.0010437086578679,52,1,8,2022-09-01,2022
2022-09,-0.1861139839835125,-0.23037529323987554,0.34810168946528397,-0.23896708936057232,1.0811051278204415,1.299555116543681,0.42404058439529485,0.0010437086578679,52,0,8,2022-09-01,2022
2022-09,-0.19325736532325258,-0.24559620520727463,0.34810168946528397,-0.23896708936057232,1.0811051278204415,1.299555116543681,0.42404058439529485,0.0010437086578679,53,1,8,2022-09-01,2022
2022-09,-0.19326870402379187,-0.24853275682797737,0.34810168946528397,-0.23896708936057232,1.0811051278204415,1.299555116543681,0.42404058439529485,0.0010437086578679,53,1,8,2022-09-01,2022
2022-09,-0.19325412569452707,-0.2511703229526171,0.34810168946528397,-0.23896708936057232,1.0811051278204415,1.299555116543681,0.42404058439529485,0.0010437086578679,58,1,8,2022-09-01,2022
2022-09,-0.19330110031104691,-0.25142614153869475,0.34810168946528397,-0.23896708936057232,1.0811051278204415,1.299555116543681,0.42404058439529485,0.0010437086578679,58,0,8,2022-09-01,2022
2022-09,-0.19330595975413517,-0.2514816567800014,0.34810168946528397,-0.23896708936057232,1.0811051278204415,1.299555116543681,0.42404058439529485,0.0010437086578679,58,0,8,2022-09-01,2022
2022-09,-0.19325898513761533,-0.2512268527077453,0.34810168946528397,-0.23896708936057232,1.0811051278204415,1.299555116543681,0.42404058439529485,0.0010437086578679,58,1,8,2022-09-01,2022
2022-09,-0.11784690766529335,-0.09750800148909103,0.34810168946528397,-0.23896708936057232,1.0811051278204415,1.299555116543681,0.42404058439529485,0.0010437086578679,60,0,8,2022-09-01,2022
2022-09,-0.12162269494487025,-0.14729061270845437,0.34810168946528397,-0.23896708936057232,1.0811051278204415,1.299555116543681,0.42404058439529485,0.0010437086578679,60,0,8,2022-09-01,2022
2022-09,-0.1933253975264882,-0.25175959437987017,0.34810168946528397,-0.23896708936057232,1.0811051278204415,1.299555116543681,0.42404058439529485,0.0010437086578679,66,1,8,2022-09-01,2022
2022-09,-0.19333187678393923,-0.2517600385018006,0.34810168946528397,-0.23896708936057232,1.0811051278204415,1.299555116543681,0.42404058439529485,0.0010437086578679,66,0,8,2022-09-01,2022
2022-09,-0.19044374777515088,-0.22796597530853274,0.34810168946528397,-0.23896708936057232,1.0811051278204415,1.299555116543681,0.42404058439529485,0.0010437086578679,67,1,8,2022-09-01,2022
2022-09,-0.192212585059277,-0.24564061304618337,0.34810168946528397,-0.23896708936057232,1.0811051278204415,1.299555116543681,0.42404058439529485,0.0010437086578679,67,0,8,2022-09-01,2022
2022-09,-0.192225543574179,-0.24576303830420837,0.34810168946528397,-0.23896708936057232,1.0811051278204415,1.299555116543681,0.42404058439529485,0.0010437086578679,67,0,8,2022-09-01,2022
2022-09,-0.19129577012995888,-0.24100000476556085,0.34810168946528397,-0.23896708936057232,1.0811051278204415,1.299555116543681,0.42404058439529485,0.0010437086578679,67,1,8,2022-09-01,2022
2022-09,-0.19316017646148742,0.033349743025670564,0.34810168946528397,-0.23896708936057232,1.0811051278204415,1.299555116543681,0.42404058439529485,0.0010437086578679,68,1,8,2022-09-01,2022
2022-09,-0.19324116717962506,-0.18078348463928073,0.34810168946528397,-0.23896708936057232,1.0811051278204415,1.299555116543681,0.42404058439529485,0.0010437086578679,68,1,8,2022-09-01,2022
2022-09,-0.1933253975264882,-0.2517625203596473,0.34810168946528397,-0.23896708936057232,1.0811051278204415,1.299555116543681,0.42404058439529485,0.0010437086578679,69,1,8,2022-09-01,2022
2022-09,-0.19330757956849792,-0.25175058131716394,0.34810168946528397,-0.23896708936057232,1.0811051278204415,1.299555116543681,0.42404058439529485,0.0010437086578679,69,0,8,2022-09-01,2022
2022-09,-0.14886311308328504,0.6716287234174094,0.34810168946528397,-0.23896708936057232,1.0811051278204415,1.299555116543681,0.42404058439529485,0.0010437086578679,72,1,8,2022-09-01,2022
2022-09,-0.17265818607212452,0.061450278058943535,0.34810168946528397,-0.23896708936057232,1.0811051278204415,1.299555116543681,0.42404058439529485,0.0010437086578679,72,1,8,2022-09-01,2022
2022-09,-0.19314235850349715,-0.25022540129593906,0.34810168946528397,-0.23896708936057232,1.0811051278204415,1.299555116543681,0.42404058439529485,0.0010437086578679,73,1,8,2022-09-01,2022
2022-09,-0.1927859993436915,-0.25099065386106595,0.34810168946528397,-0.23896708936057232,1.0811051278204415,1.299555116543681,0.42404058439529485,0.0010437086578679,75,0,8,2022-09-01,2022
2022-09,-0.18989787033490316,-0.24641066386981372,0.34810168946528397,-0.23896708936057232,1.0811051278204415,1.299555116543681,0.42404058439529485,0.0010437086578679,75,1,8,2022-09-01,2022
2022-09,-0.1899480845801485,-0.2465864534256783,0.34810168946528397,-0.23896708936057232,1.0811051278204415,1.299555116543681,0.42404058439529485,0.0010437086578679,75,1,8,2022-09-01,2022
2022-09,-0.19200686863520738,-0.23440116710256567,0.34810168946528397,-0.23896708936057232,1.0811051278204415,1.299555116543681,0.42404058439529485,0.0010437086578679,77,1,8,2022-09-01,2022
2022-09,-0.19328328235305664,-0.250622907840241,0.34810168946528397,-0.23896708936057232,1.0811051278204415,1.299555116543681,0.42404058439529485,0.0010437086578679,77,0,8,2022-09-01,2022
2022-09,-0.1932849021674194,-0.25070921118125583,0.34810168946528397,-0.23896708936057232,1.0811051278204415,1.299555116543681,0.42404058439529485,0.0010437086578679,77,0,8,2022-09-01,2022
2022-09,-0.19218018877202195,-0.23714192626398717,0.34810168946528397,-0.23896708936057232,1.0811051278204415,1.299555116543681,0.42404058439529485,0.0010437086578679,77,1,8,2022-09-01,2022
2022-09,-0.19316017646148742,-0.24948785845596325,0.34810168946528397,-0.23896708936057232,1.0811051278204415,1.299555116543681,0.42404058439529485,0.0010437086578679,78,1,8,2022-09-01,2022
2022-09,-0.19316665571893843,-0.24967448981189477,0.34810168946528397,-0.23896708936057232,1.0811051278204415,1.299555116543681,0.42404058439529485,0.0010437086578679,78,1,8,2022-09-01,2022
2022-09,-0.06801493860956447,-0.055886200407990194,0.34810168946528397,-0.23896708936057232,1.0811051278204415,1.299555116543681,0.42404058439529485,0.0010437086578679,79,1,8,2022-09-01,2022
2022-09,-0.16242743855697747,-0.19393217157468753,0.34810168946528397,-0.23896708936057232,1.0811051278204415,1.299555116543681,0.42404058439529485,0.0010437086578679,79,0,8,2022-09-01,2022
2022-09,-0.162456595215507,-0.1939640090213098,0.34810168946528397,-0.23896708936057232,1.0811051278204415,1.299555116543681,0.42404058439529485,0.0010437086578679,79,0,8,2022-09-01,2022
2022-09,-0.07159148872252277,-0.08906513038362503,0.34810168946528397,-0.23896708936057232,1.0811051278204415,1.299555116543681,0.42404058439529485,0.0010437086578679,79,1,8,2022-09-01,2022
2022-09,-0.11342481445497805,-0.23568421358896205,0.34810168946528397,-0.23896708936057232,1.0811051278204415,1.299555116543681,0.42404058439529485,0.0010437086578679,80,0,8,2022-09-01,2022
2022-09,0.2632176608010417,-0.15338570724890133,0.34810168946528397,-0.23896708936057232,1.0811051278204415,1.299555116543681,0.42404058439529485,0.0010437086578679,80,1,8,2022-09-01,2022
2022-09,-0.11386378414728407,-0.23588912361022732,0.34810168946528397,-0.23896708936057232,1.0811051278204415,1.299555116543681,0.42404058439529485,0.0010437086578679,80,0,8,2022-09-01,2022
2022-09,0.23889938777303305,-0.17479295904277262,0.34810168946528397,-0.23896708936057232,1.0811051278204415,1.299555116543681,0.42404058439529485,0.0010437086578679,80,1,8,2022-09-01,2022
2022-09,-0.1858596731285603,-0.24782117770438677,0.34810168946528397,-0.23896708936057232,1.0811051278204415,1.299555116543681,0.42404058439529485,0.0010437086578679,81,0,8,2022-09-01,2022
2022-09,-0.18177936074878584,-0.2022241587854869,0.34810168946528397,-0.23896708936057232,1.0811051278204415,1.299555116543681,0.42404058439529485,0.0010437086578679,81,1,8,2022-09-01,2022
2022-09,-0.18514209536586076,-0.23413661847265904,0.34810168946528397,-0.23896708936057232,1.0811051278204415,1.299555116543681,0.42404058439529485,0.0010437086578679,81,1,8,2022-09-01,2022
2022-09,-0.18951559414529348,-0.24959840562941693,0.34810168946528397,-0.23896708936057232,1.0811051278204415,1.299555116543681,0.42404058439529485,0.0010437086578679,81,0,8,2022-09-01,2022
2022-09,-0.19332377771212544,-0.2517218091826891,0.34810168946528397,-0.23896708936057232,1.0811051278204415,1.299555116543681,0.42404058439529485,0.0010437086578679,86,0,8,2022-09-01,2022
2022-09,-0.1922806172625126,-0.24828627351071245,0.34810168946528397,-0.23896708936057232,1.0811051278204415,1.299555116543681,0.42404058439529485,0.0010437086578679,86,1,8,2022-09-01,2022
2022-09,-0.19229519559177738,-0.2484086247484157,0.34810168946528397,-0.23896708936057232,1.0811051278204415,1.299555116543681,0.42404058439529485,0.0010437086578679,86,1,8,2022-09-01,2022
2022-09,-0.11471094705900382,-0.12771995749178705,0.34810168946528397,-0.23896708936057232,1.0811051278204415,1.299555116543681,0.42404058439529485,0.0010437086578679,87,0,8,2022-09-01,2022
2022-09,-0.1770835189111653,-0.23837155184876857,0.34810168946528397,-0.23896708936057232,1.0811051278204415,1.299555116543681,0.42404058439529485,0.0010437086578679,87,1,8,2022-09-01,2022
2022-09,-0.11900507493466164,-0.15729037501180687,0.34810168946528397,-0.23896708936057232,1.0811051278204415,1.299555116543681,0.42404058439529485,0.0010437086578679,87,0,8,2022-09-01,2022
2022-09,-0.17910018779279263,-0.24108909039984588,0.34810168946528397,-0.23896708936057232,1.0811051278204415,1.299555116543681,0.42404058439529485,0.0010437086578679,87,1,8,2022-09-01,2022
2022-09,7.990321783560209,9.240745101548082,0.34810168946528397,-0.23896708936057232,1.0811051278204415,1.299555116543681,0.42404058439529485,0.0010437086578679,88,1,8,2022-09-01,2022
2022-09,3.925177345478582,2.1954118244220604,0.34810168946528397,-0.23896708936057232,1.0811051278204415,1.299555116543681,0.42404058439529485,0.0010437086578679,88,0,8,2022-09-01,2022
2022-09,3.8873303828928614,2.1447045948848595,0.34810168946528397,-0.23896708936057232,1.0811051278204415,1.299555116543681,0.42404058439529485,0.0010437086578679,88,0,8,2022-09-01,2022
2022-09,7.613288933042766,7.318162059972506,0.34810168946528397,-0.23896708936057232,1.0811051278204415,1.299555116543681,0.42404058439529485,0.0010437086578679,88,1,8,2022-09-01,2022
2022-09,0.2253496406286054,0.5035962534397697,0.34810168946528397,-0.23896708936057232,1.0811051278204415,1.299555116543681,0.42404058439529485,0.0010437086578679,89,0,8,2022-09-01,2022
2022-09,-0.1858839703440016,-0.13652161380501063,0.34810168946528397,-0.23896708936057232,1.0811051278204415,1.299555116543681,0.42404058439529485,0.0010437086578679,89,1,8,2022-09-01,2022
2022-09,0.19097556003662702,0.35488755478096756,0.34810168946528397,-0.23896708936057232,1.0811051278204415,1.299555116543681,0.42404058439529485,0.0010437086578679,89,0,8,2022-09-01,2022
2022-09,-0.18641688926934727,-0.18557119306988784,0.34810168946528397,-0.23896708936057232,1.0811051278204415,1.299555116543681,0.42404058439529485,0.0010437086578679,89,1,8,2022-09-01,2022
2022-09,0.07273397099875674,4.963195430855901,0.34810168946528397,-0.23896708936057232,1.0811051278204415,1.299555116543681,0.42404058439529485,0.0010437086578679,91,0,8,2022-09-01,2022
2022-09,-0.19326060495197808,-0.2501449586227516,0.34810168946528397,-0.23896708936057232,1.0811051278204415,1.299555116543681,0.42404058439529485,0.0010437086578679,91,1,8,2022-09-01,2022
2022-09,0.05281835340871037,1.5745975906144674,0.34810168946528397,-0.23896708936057232,1.0811051278204415,1.299555116543681,0.42404058439529485,0.0010437086578679,91,0,8,2022-09-01,2022
2022-09,-0.19332377771212544,-0.25140461904161404,0.34810168946528397,-0.23896708936057232,1.0811051278204415,1.299555116543681,0.42404058439529485,0.0010437086578679,94,1,8,2022-09-01,2022
2022-09,-0.19322010959290928,-0.2512451183106693,0.34810168946528397,-0.23896708936057232,1.0811051278204415,1.299555116543681,0.42404058439529485,0.0010437086578679,95,0,8,2022-09-01,2022
2022-09,-0.19300953372575141,-0.24527501361468892,0.34810168946528397,-0.23896708936057232,1.0811051278204415,1.299555116543681,0.42404058439529485,0.0010437086578679,95,1,8,2022-09-01,2022
2022-09,-0.1932265888503603,-0.2512730022012833,0.34810168946528397,-0.23896708936057232,1.0811051278204415,1.299555116543681,0.42404058439529485,0.0010437086578679,95,0,8,2022-09-01,2022
2022-09,-0.19317151516202669,-0.24982764221171597,0.34810168946528397,-0.23896708936057232,1.0811051278204415,1.299555116543681,0.42404058439529485,0.0010437086578679,95,1,8,2022-09-01,2022
2022-09,-0.19319905200619347,-0.23173328312496763,0.34810168946528397,-0.23896708936057232,1.0811051278204415,1.299555116543681,0.42404058439529485,0.0010437086578679,97,1,8,2022-09-01,2022
2022-09,-0.19320067182055622,-0.23186860968965867,0.34810168946528397,-0.23896708936057232,1.0811051278204415,1.299555116543681,0.42404058439529485,0.0010437086578679,97,1,8,2022-09-01,2022
2022-09,-0.006458753196230414,1.0324170386430205,0.34810168946528397,-0.23896708936057232,1.0811051278204415,1.299555116543681,0.42404058439529485,0.0010437086578679,98,1,8,2022-09-01,2022
2022-09,-0.16734843459102064,-0.22016718114736503,0.34810168946528397,-0.23896708936057232,1.0811051278204415,1.299555116543681,0.42404058439529485,0.0010437086578679,98,0,8,2022-09-01,2022
2022-09,-0.012732294223172227,0.9373090413148683,0.34810168946528397,-0.23896708936057232,1.0811051278204415,1.299555116543681,0.42404058439529485,0.0010437086578679,98,1,8,2022-09-01,2022
2022-09,-0.16735491384847165,-0.22017275879631515,0.34810168946528397,-0.23896708936057232,1.0811051278204415,1.299555116543681,0.42404058439529485,0.0010437086578679,98,0,8,2022-09-01,2022
2022-09,-0.17295785172923378,-0.18674210312298137,0.34810168946528397,-0.23896708936057232,1.0811051278204415,1.299555116543681,0.42404058439529485,0.0010437086578679,100,1,8,2022-09-01,2022
2022-09,-0.18767224540048075,-0.23871451847835617,0.34810168946528397,-0.23896708936057232,1.0811051278204415,1.299555116543681,0.42404058439529485,0.0010437086578679,100,0,8,2022-09-01,2022
2022-09,-0.18767548502920625,-0.2387353399594486,0.34810168946528397,-0.23896708936057232,1.0811051278204415,1.299555116543681,0.42404058439529485,0.0010437086578679,100,0,8,2022-09-01,2022
2022-09,-0.1742391248901713,-0.20915097178584866,0.34810168946528397,-0.23896708936057232,1.0811051278204415,1.299555116543681,0.42404058439529485,0.0010437086578679,100,1,8,2022-09-01,2022
2022-09,0.9734285077787571,1.0744677221765688,0.34810168946528397,-0.23896708936057232,1.0811051278204415,1.299555116543681,0.42404058439529485,0.0010437086578679,101,1,8,2022-09-01,2022
2022-09,0.13898599824971133,0.05580058556510224,0.34810168946528397,-0.23896708936057232,1.0811051278204415,1.299555116543681,0.42404058439529485,0.0010437086578679,101,0,8,2022-09-01,2022
2022-09,0.9424301203187556,0.7471119784443836,0.34810168946528397,-0.23896708936057232,1.0811051278204415,1.299555116543681,0.42404058439529485,0.0010437086578679,101,1,8,2022-09-01,2022
2022-09,0.13843850099510085,0.05494432283732507,0.34810168946528397,-0.23896708936057232,1.0811051278204415,1.299555116543681,0.42404058439529485,0.0010437086578679,101,0,8,2022-09-01,2022
2022-10,-0.1932881417961449,-0.251759820794972,0.36730449384180613,-0.07661657689780416,1.0186927969091715,1.1860049118266502,0.8764918499247586,0.0012561853888252,0,0,8,2022-10-01,2022
2022-10,-0.1930305913124672,-0.2515132678115219,0.36730449384180613,-0.07661657689780416,1.0186927969091715,1.1860049118266502,0.8764918499247586,0.0012561853888252,0,1,8,2022-10-01,2022
2022-10,-0.19305488852790847,-0.2517203940883028,0.36730449384180613,-0.07661657689780416,1.0186927969091715,1.1860049118266502,0.8764918499247586,0.0012561853888252,0,1,8,2022-10-01,2022
2022-10,-0.19313425943168336,-0.24858998759909381,0.36730449384180613,-0.07661657689780416,1.0186927969091715,1.1860049118266502,0.8764918499247586,0.0012561853888252,1,1,8,2022-10-01,2022
2022-10,-0.19322820866472304,-0.2503558120404391,0.36730449384180613,-0.07661657689780416,1.0186927969091715,1.1860049118266502,0.8764918499247586,0.0012561853888252,1,0,8,2022-10-01,2022
2022-10,-0.19323144829344854,-0.25037226196841217,0.36730449384180613,-0.07661657689780416,1.0186927969091715,1.1860049118266502,0.8764918499247586,0.0012561853888252,1,0,8,2022-10-01,2022
2022-10,-0.1931812340482032,-0.24961371912774444,0.36730449384180613,-0.07661657689780416,1.0186927969091715,1.1860049118266502,0.8764918499247586,0.0012561853888252,1,1,8,2022-10-01,2022
2022-10,-0.1918627051569224,-0.25146932151108986,0.36730449384180613,-0.07661657689780416,1.0186927969091715,1.1860049118266502,0.8764918499247586,0.0012561853888252,2,0,8,2022-10-01,2022
2022-10,-0.17873087011808497,-0.24567704410689023,0.36730449384180613,-0.07661657689780416,1.0186927969091715,1.1860049118266502,0.8764918499247586,0.0012561853888252,2,1,8,2022-10-01,2022
2022-10,-0.17875516733352625,-0.24661641423943761,0.36730449384180613,-0.07661657689780416,1.0186927969091715,1.1860049118266502,0.8764918499247586,0.0012561853888252,2,1,8,2022-10-01,2022
2022-10,-0.190508540349661,-0.18668482445636264,0.36730449384180613,-0.07661657689780416,1.0186927969091715,1.1860049118266502,0.8764918499247586,0.0012561853888252,3,1,8,2022-10-01,2022
2022-10,-0.19306298759972224,-0.2512944201990862,0.36730449384180613,-0.07661657689780416,1.0186927969091715,1.1860049118266502,0.8764918499247586,0.0012561853888252,3,0,8,2022-10-01,2022
2022-10,-0.19191453921653048,-0.22853411175686011,0.36730449384180613,-0.07661657689780416,1.0186927969091715,1.1860049118266502,0.8764918499247586,0.0012561853888252,3,1,8,2022-10-01,2022
2022-10,-0.060876416712912634,2.3125996004167506,0.36730449384180613,-0.07661657689780416,1.0186927969091715,1.1860049118266502,0.8764918499247586,0.0012561853888252,5,1,8,2022-10-01,2022
2022-10,-0.16896176969632248,0.07490553104218708,0.36730449384180613,-0.07661657689780416,1.0186927969091715,1.1860049118266502,0.8764918499247586,0.0012561853888252,5,0,8,2022-10-01,2022
2022-10,-0.09440657402189677,0.801915105068643,0.36730449384180613,-0.07661657689780416,1.0186927969091715,1.1860049118266502,0.8764918499247586,0.0012561853888252,5,1,8,2022-10-01,2022
2022-10,-0.1694979282503937,0.06009711691131099,0.36730449384180613,-0.07661657689780416,1.0186927969091715,1.1860049118266502,0.8764918499247586,0.0012561853888252,5,0,8,2022-10-01,2022
2022-10,-0.19114188776549737,-0.15081910919626607,0.36730449384180613,-0.07661657689780416,1.0186927969091715,1.1860049118266502,0.8764918499247586,0.0012561853888252,6,1,8,2022-10-01,2022
2022-10,-0.1927374049128089,-0.23872735882711016,0.36730449384180613,-0.07661657689780416,1.0186927969091715,1.1860049118266502,0.8764918499247586,0.0012561853888252,6,0,8,2022-10-01,2022
2022-10,-0.19275360305643646,-0.24042251563187453,0.36730449384180613,-0.07661657689780416,1.0186927969091715,1.1860049118266502,0.8764918499247586,0.0012561853888252,6,0,8,2022-10-01,2022
2022-10,-0.19302249224065343,-0.2247473235333973,0.36730449384180613,-0.07661657689780416,1.0186927969091715,1.1860049118266502,0.8764918499247586,0.0012561853888252,6,1,8,2022-10-01,2022
2022-10,-0.19333511641266474,-0.24020761722131065,0.36730449384180613,-0.07661657689780416,1.0186927969091715,1.1860049118266502,0.8764918499247586,0.0012561853888252,8,1,8,2022-10-01,2022
2022-10,-0.18505138576154662,-0.0013519286547082022,0.36730449384180613,-0.07661657689780416,1.0186927969091715,1.1860049118266502,0.8764918499247586,0.0012561853888252,9,1,8,2022-10-01,2022
2022-10,-0.19217694914329644,-0.24447798891498837,0.36730449384180613,-0.07661657689780416,1.0186927969091715,1.1860049118266502,0.8764918499247586,0.0012561853888252,9,0,8,2022-10-01,2022
2022-10,-0.18654809423273025,-0.0765488034109984,0.36730449384180613,-0.07661657689780416,1.0186927969091715,1.1860049118266502,0.8764918499247586,0.0012561853888252,9,1,8,2022-10-01,2022
2022-10,-0.1921850482151102,-0.2444908728051081,0.36730449384180613,-0.07661657689780416,1.0186927969091715,1.1860049118266502,0.8764918499247586,0.0012561853888252,9,0,8,2022-10-01,2022
2022-10,-0.16680255715077294,-0.1806983612692772,0.36730449384180613,-0.07661657689780416,1.0186927969091715,1.1860049118266502,0.8764918499247586,0.0012561853888252,12,1,8,2022-10-01,2022
2022-10,-0.18747300823386215,-0.22945495939242563,0.36730449384180613,-0.07661657689780416,1.0186927969091715,1.1860049118266502,0.8764918499247586,0.0012561853888252,12,0,8,2022-10-01,2022
2022-10,-0.16817615973038735,-0.18965422803750923,0.36730449384180613,-0.07661657689780416,1.0186927969091715,1.1860049118266502,0.8764918499247586,0.0012561853888252,12,1,8,2022-10-01,2022
2022-10,-0.19328652198178214,-0.2513267104759121,0.36730449384180613,-0.07661657689780416,1.0186927969091715,1.1860049118266502,0.8764918499247586,0.0012561853888252,13,0,8,2022-10-01,2022
2022-10,-0.19304193001300646,-0.2470705463298723,0.36730449384180613,-0.07661657689780416,1.0186927969091715,1.1860049118266502,0.8764918499247586,0.0012561853888252,13,1,8,2022-10-01,2022
2022-10,-0.19322496903599753,-0.249762186476613,0.36730449384180613,-0.07661657689780416,1.0186927969091715,1.1860049118266502,0.8764918499247586,0.0012561853888252,13,1,8,2022-10-01,2022
2022-10,-0.1932881417961449,-0.2513306727401936,0.36730449384180613,-0.07661657689780416,1.0186927969091715,1.1860049118266502,0.8764918499247586,0.0012561853888252,13,0,8,2022-10-01,2022
2022-10,-0.1933286371552137,-0.25173086578676107,0.36730449384180613,-0.07661657689780416,1.0186927969091715,1.1860049118266502,0.8764918499247586,0.0012561853888252,15,1,8,2022-10-01,2022
2022-10,-0.19333511641266474,-0.2517623897355501,0.36730449384180613,-0.07661657689780416,1.0186927969091715,1.1860049118266502,0.8764918499247586,0.0012561853888252,17,1,8,2022-10-01,2022
2022-10,-0.19204250455118796,-0.2502630471607499,0.36730449384180613,-0.07661657689780416,1.0186927969091715,1.1860049118266502,0.8764918499247586,0.0012561853888252,17,0,8,2022-10-01,2022
2022-10,-0.1920441243655507,-0.25026461029577957,0.36730449384180613,-0.07661657689780416,1.0186927969091715,1.1860049118266502,0.8764918499247586,0.0012561853888252,17,0,8,2022-10-01,2022
2022-10,-0.18725919273797875,-0.2450169178151836,0.36730449384180613,-0.07661657689780416,1.0186927969091715,1.1860049118266502,0.8764918499247586,0.0012561853888252,18,1,8,2022-10-01,2022
2022-10,-0.1928831882054567,-0.25129501671579674,0.36730449384180613,-0.07661657689780416,1.0186927969091715,1.1860049118266502,0.8764918499247586,0.0012561853888252,18,0,8,2022-10-01,2022
2022-10,-0.18733532401302813,-0.24529497297673988,0.36730449384180613,-0.07661657689780416,1.0186927969091715,1.1860049118266502,0.8764918499247586,0.0012561853888252,18,1,8,2022-10-01,2022
2022-10,-0.19275036342771096,-0.25128742745574983,0.36730449384180613,-0.07661657689780416,1.0186927969091715,1.1860049118266502,0.8764918499247586,0.0012561853888252,19,0,8,2022-10-01,2022
2022-10,-0.19320877089237,-0.25167335635090393,0.36730449384180613,-0.07661657689780416,1.0186927969091715,1.1860049118266502,0.8764918499247586,0.0012561853888252,19,1,8,2022-10-01,2022
2022-10,-0.19330757956849792,-0.2517387032325926,0.36730449384180613,-0.07661657689780416,1.0186927969091715,1.1860049118266502,0.8764918499247586,0.0012561853888252,19,1,8,2022-10-01,2022
2022-10,-0.1924247807407976,-0.24971469590901052,0.36730449384180613,-0.07661657689780416,1.0186927969091715,1.1860049118266502,0.8764918499247586,0.0012561853888252,21,1,8,2022-10-01,2022
2022-10,-0.19331567864031168,-0.25174904430695366,0.36730449384180613,-0.07661657689780416,1.0186927969091715,1.1860049118266502,0.8764918499247586,0.0012561853888252,21,0,8,2022-10-01,2022
2022-10,-0.19262725753614174,-0.2504266059469807,0.36730449384180613,-0.07661657689780416,1.0186927969091715,1.1860049118266502,0.8764918499247586,0.0012561853888252,21,1,8,2022-10-01,2022
2022-10,-0.19321363033545827,-0.2516384884252268,0.36730449384180613,-0.07661657689780416,1.0186927969091715,1.1860049118266502,0.8764918499247586,0.0012561853888252,23,0,8,2022-10-01,2022
2022-10,-0.19218990765819846,-0.25087903992415184,0.36730449384180613,-0.07661657689780416,1.0186927969091715,1.1860049118266502,0.8764918499247586,0.0012561853888252,23,1,8,2022-10-01,2022
2022-10,-0.192212585059277,-0.25092394413462993,0.36730449384180613,-0.07661657689780416,1.0186927969091715,1.1860049118266502,0.8764918499247586,0.0012561853888252,23,1,8,2022-10-01,2022
2022-10,-0.19321039070673277,-0.25145307187339916,0.36730449384180613,-0.07661657689780416,1.0186927969091715,1.1860049118266502,0.8764918499247586,0.0012561853888252,25,1,8,2022-10-01,2022
2022-10,-0.19143993360824388,-0.23001142675473718,0.36730449384180613,-0.07661657689780416,1.0186927969091715,1.1860049118266502,0.8764918499247586,0.0012561853888252,28,1,8,2022-10-01,2022
2022-10,-0.19325250588016432,-0.2511002213537907,0.36730449384180613,-0.07661657689780416,1.0186927969091715,1.1860049118266502,0.8764918499247586,0.0012561853888252,28,0,8,2022-10-01,2022
2022-10,-0.19180925128295154,-0.2438356187922267,0.36730449384180613,-0.07661657689780416,1.0186927969091715,1.1860049118266502,0.8764918499247586,0.0012561853888252,28,1,8,2022-10-01,2022
2022-10,-0.19181249091167704,-0.24395995116207075,0.36730449384180613,-0.07661657689780416,1.0186927969091715,1.1860049118266502,0.8764918499247586,0.0012561853888252,30,0,8,2022-10-01,2022
2022-10,-0.19076123139025045,-0.2416314503596607,0.36730449384180613,-0.07661657689780416,1.0186927969091715,1.1860049118266502,0.8764918499247586,0.0012561853888252,30,1,8,2022-10-01,2022
2022-10,-0.19181897016912805,-0.2439965346175577,0.36730449384180613,-0.07661657689780416,1.0186927969091715,1.1860049118266502,0.8764918499247586,0.0012561853888252,30,0,8,2022-10-01,2022
2022-10,-0.1909620883712318,-0.06337530225126167,0.36730449384180613,-0.07661657689780416,1.0186927969091715,1.1860049118266502,0.8764918499247586,0.0012561853888252,30,1,8,2022-10-01,2022
2022-10,-0.1919550345755993,-0.24792619947852923,0.36730449384180613,-0.07661657689780416,1.0186927969091715,1.1860049118266502,0.8764918499247586,0.0012561853888252,37,1,8,2022-10-01,2022
2022-10,-0.07899404036030333,-0.0746972677912122,0.36730449384180613,-0.07661657689780416,1.0186927969091715,1.1860049118266502,0.8764918499247586,0.0012561853888252,37,0,8,2022-10-01,2022
2022-10,-0.1919582742043248,-0.24792968278778768,0.36730449384180613,-0.07661657689780416,1.0186927969091715,1.1860049118266502,0.8764918499247586,0.0012561853888252,37,1,8,2022-10-01,2022
2022-10,-0.07903453571937215,-0.07476362918672237,0.36730449384180613,-0.07661657689780416,1.0186927969091715,1.1860049118266502,0.8764918499247586,0.0012561853888252,37,0,8,2022-10-01,2022
2022-10,-0.19265317456594577,-0.1857228476467279,0.36730449384180613,-0.07661657689780416,1.0186927969091715,1.1860049118266502,0.8764918499247586,0.0012561853888252,38,1,8,2022-10-01,2022
2022-10,-0.19328328235305664,-0.2495867365434011,0.36730449384180613,-0.07661657689780416,1.0186927969091715,1.1860049118266502,0.8764918499247586,0.0012561853888252,38,1,8,2022-10-01,2022
2022-10,-0.1933286371552137,-0.2517101183259904,0.36730449384180613,-0.07661657689780416,1.0186927969091715,1.1860049118266502,0.8764918499247586,0.0012561853888252,40,1,8,2022-10-01,2022
2022-10,-0.19331567864031168,-0.2516874289203081,0.36730449384180613,-0.07661657689780416,1.0186927969091715,1.1860049118266502,0.8764918499247586,0.0012561853888252,40,0,8,2022-10-01,2022
2022-10,-0.19333025696957648,-0.2517362431454288,0.36730449384180613,-0.07661657689780416,1.0186927969091715,1.1860049118266502,0.8764918499247586,0.0012561853888252,40,1,8,2022-10-01,2022
2022-10,-0.19333349659830198,-0.25166747391239375,0.36730449384180613,-0.07661657689780416,1.0186927969091715,1.1860049118266502,0.8764918499247586,0.0012561853888252,41,1,8,2022-10-01,2022
2022-10,-0.19333511641266474,-0.2517697917677243,0.36730449384180613,-0.07661657689780416,1.0186927969091715,1.1860049118266502,0.8764918499247586,0.0012561853888252,43,1,8,2022-10-01,2022
2022-10,0.005693094153141516,1.1215651852668218,0.36730449384180613,-0.07661657689780416,1.0186927969091715,1.1860049118266502,0.8764918499247586,0.0012561853888252,44,1,8,2022-10-01,2022
2022-10,-0.14663100889141162,0.03914592173623967,0.36730449384180613,-0.07661657689780416,1.0186927969091715,1.1860049118266502,0.8764918499247586,0.0012561853888252,44,0,8,2022-10-01,2022
2022-10,-0.006795674583683008,0.5142853234581416,0.36730449384180613,-0.07661657689780416,1.0186927969091715,1.1860049118266502,0.8764918499247586,0.0012561853888252,44,1,8,2022-10-01,2022
2022-10,-0.14738422257009168,0.014086119749453316,0.36730449384180613,-0.07661657689780416,1.0186927969091715,1.1860049118266502,0.8764918499247586,0.0012561853888252,44,0,8,2022-10-01,2022
2022-10,-0.19328004272433114,-0.24897806743771503,0.36730449384180613,-0.07661657689780416,1.0186927969091715,1.1860049118266502,0.8764918499247586,0.0012561853888252,46,1,8,2022-10-01,2022
2022-10,-0.19333349659830198,-0.25149147535797367,0.36730449384180613,-0.07661657689780416,1.0186927969091715,1.1860049118266502,0.8764918499247586,0.0012561853888252,46,0,8,2022-10-01,2022
2022-10,-0.19211863582623734,-0.2325884616727381,0.36730449384180613,-0.07661657689780416,1.0186927969091715,1.1860049118266502,0.8764918499247586,0.0012561853888252,48,1,8,2022-10-01,2022
2022-10,-0.19333349659830198,-0.25176548117251696,0.36730449384180613,-0.07661657689780416,1.0186927969091715,1.1860049118266502,0.8764918499247586,0.0012561853888252,48,0,8,2022-10-01,2022
2022-10,-0.19255436588981784,-0.24186187562124414,0.36730449384180613,-0.07661657689780416,1.0186927969091715,1.1860049118266502,0.8764918499247586,0.0012561853888252,48,1,8,2022-10-01,2022
2022-10,-0.1881371321225908,-0.24444508905904225,0.36730449384180613,-0.07661657689780416,1.0186927969091715,1.1860049118266502,0.8764918499247586,0.0012561853888252,50,0,8,2022-10-01,2022
2022-10,-0.15961706063760125,-0.22903995792737314,0.36730449384180613,-0.07661657689780416,1.0186927969091715,1.1860049118266502,0.8764918499247586,0.0012561853888252,50,1,8,2022-10-01,2022
2022-10,-0.15989566870799476,-0.2295583309488069,0.36730449384180613,-0.07661657689780416,1.0186927969091715,1.1860049118266502,0.8764918499247586,0.0012561853888252,50,1,8,2022-10-01,2022
2022-10,-0.19088757691054517,-0.22167292865706426,0.36730449384180613,-0.07661657689780416,1.0186927969091715,1.1860049118266502,0.8764918499247586,0.0012561853888252,52,1,8,2022-10-01,2022
2022-10,-0.18365510578085364,-0.22171298235939993,0.36730449384180613,-0.07661657689780416,1.0186927969091715,1.1860049118266502,0.8764918499247586,0.0012561853888252,52,0,8,2022-10-01,2022
2022-10,-0.19133788530339046,-0.2405534183938073,0.36730449384180613,-0.07661657689780416,1.0186927969091715,1.1860049118266502,0.8764918499247586,0.0012561853888252,52,1,8,2022-10-01,2022
2022-10,-0.1837085596548245,-0.22192043519642388,0.36730449384180613,-0.07661657689780416,1.0186927969091715,1.1860049118266502,0.8764918499247586,0.0012561853888252,52,0,8,2022-10-01,2022
2022-10,-0.19322496903599753,-0.24964519518103115,0.36730449384180613,-0.07661657689780416,1.0186927969091715,1.1860049118266502,0.8764918499247586,0.0012561853888252,53,1,8,2022-10-01,2022
2022-10,-0.1932363077365368,-0.24985994555095156,0.36730449384180613,-0.07661657689780416,1.0186927969091715,1.1860049118266502,0.8764918499247586,0.0012561853888252,53,1,8,2022-10-01,2022
2022-10,-0.19327680309560563,-0.25130841003989546,0.36730449384180613,-0.07661657689780416,1.0186927969091715,1.1860049118266502,0.8764918499247586,0.0012561853888252,58,0,8,2022-10-01,2022
2022-10,-0.19327032383815462,-0.25137258565884596,0.36730449384180613,-0.07661657689780416,1.0186927969091715,1.1860049118266502,0.8764918499247586,0.0012561853888252,58,1,8,2022-10-01,2022
2022-10,-0.19327194365251738,-0.2513734564861606,0.36730449384180613,-0.07661657689780416,1.0186927969091715,1.1860049118266502,0.8764918499247586,0.0012561853888252,58,1,8,2022-10-01,2022
2022-10,-0.117652529941763,-0.09801474461173812,0.36730449384180613,-0.07661657689780416,1.0186927969091715,1.1860049118266502,0.8764918499247586,0.0012561853888252,60,0,8,2022-10-01,2022
2022-10,-0.12167452900447835,-0.14938806996188758,0.36730449384180613,-0.07661657689780416,1.0186927969091715,1.1860049118266502,0.8764918499247586,0.0012561853888252,60,0,8,2022-10-01,2022
2022-10,-0.19330919938286067,-0.2517285798650602,0.36730449384180613,-0.07661657689780416,1.0186927969091715,1.1860049118266502,0.8764918499247586,0.0012561853888252,66,1,8,2022-10-01,2022
2022-10,-0.1933286371552137,-0.2517454956856466,0.36730449384180613,-0.07661657689780416,1.0186927969091715,1.1860049118266502,0.8764918499247586,0.0012561853888252,66,0,8,2022-10-01,2022
2022-10,-0.19333025696957648,-0.2517509383563629,0.36730449384180613,-0.07661657689780416,1.0186927969091715,1.1860049118266502,0.8764918499247586,0.0012561853888252,66,0,8,2022-10-01,2022
2022-10,-0.19235836835192474,-0.24602771320407563,0.36730449384180613,-0.07661657689780416,1.0186927969091715,1.1860049118266502,0.8764918499247586,0.0012561853888252,67,0,8,2022-10-01,2022
2022-10,-0.19017647840529667,-0.22551320744832726,0.36730449384180613,-0.07661657689780416,1.0186927969091715,1.1860049118266502,0.8764918499247586,0.0012561853888252,67,1,8,2022-10-01,2022
2022-10,-0.1910754753766245,-0.2406922805173957,0.36730449384180613,-0.07661657689780416,1.0186927969091715,1.1860049118266502,0.8764918499247586,0.0012561853888252,67,1,8,2022-10-01,2022
2022-10,-0.19236160798065025,-0.24612986560221642,0.36730449384180613,-0.07661657689780416,1.0186927969091715,1.1860049118266502,0.8764918499247586,0.0012561853888252,67,0,8,2022-10-01,2022
2022-10,-0.19316989534766393,0.048187852367974994,0.36730449384180613,-0.07661657689780416,1.0186927969091715,1.1860049118266502,0.8764918499247586,0.0012561853888252,68,1,8,2022-10-01,2022
2022-10,-0.19322172940727203,-0.1632651821752862,0.36730449384180613,-0.07661657689780416,1.0186927969091715,1.1860049118266502,0.8764918499247586,0.0012561853888252,68,1,8,2022-10-01,2022
2022-10,-0.1933253975264882,-0.2517625203596473,0.36730449384180613,-0.07661657689780416,1.0186927969091715,1.1860049118266502,0.8764918499247586,0.0012561853888252,69,1,8,2022-10-01,2022
2022-10,-0.19330919938286067,-0.2517516350182146,0.36730449384180613,-0.07661657689780416,1.0186927969091715,1.1860049118266502,0.8764918499247586,0.0012561853888252,69,0,8,2022-10-01,2022
2022-10,-0.1933286371552137,-0.2516691241301549,0.36730449384180613,-0.07661657689780416,1.0186927969091715,1.1860049118266502,0.8764918499247586,0.0012561853888252,72,0,8,2022-10-01,2022
2022-10,-0.14894896324451096,0.5552856586261681,0.36730449384180613,-0.07661657689780416,1.0186927969091715,1.1860049118266502,0.8764918499247586,0.0012561853888252,72,1,8,2022-10-01,2022
2022-10,-0.19333025696957648,-0.25168932732385396,0.36730449384180613,-0.07661657689780416,1.0186927969091715,1.1860049118266502,0.8764918499247586,0.0012561853888252,72,0,8,2022-10-01,2022
2022-10,-0.17102865282319513,0.06890715493743772,0.36730449384180613,-0.07661657689780416,1.0186927969091715,1.1860049118266502,0.8764918499247586,0.0012561853888252,72,1,8,2022-10-01,2022
2022-10,-0.1931536972040364,-0.25013521841923764,0.36730449384180613,-0.07661657689780416,1.0186927969091715,1.1860049118266502,0.8764918499247586,0.0012561853888252,73,1,8,2022-10-01,2022
2022-10,-0.19265965382339678,-0.25077779318641824,0.36730449384180613,-0.07661657689780416,1.0186927969091715,1.1860049118266502,0.8764918499247586,0.0012561853888252,75,0,8,2022-10-01,2022
2022-10,-0.19013598304622784,-0.24495031258802533,0.36730449384180613,-0.07661657689780416,1.0186927969091715,1.1860049118266502,0.8764918499247586,0.0012561853888252,75,1,8,2022-10-01,2022
2022-10,-0.19019105673456144,-0.24514495555525131,0.36730449384180613,-0.07661657689780416,1.0186927969091715,1.1860049118266502,0.8764918499247586,0.0012561853888252,75,1,8,2022-10-01,2022
2022-10,-0.19211863582623734,-0.2329396924535414,0.36730449384180613,-0.07661657689780416,1.0186927969091715,1.1860049118266502,0.8764918499247586,0.0012561853888252,77,1,8,2022-10-01,2022
2022-10,-0.19328004272433114,-0.2506486582039341,0.36730449384180613,-0.07661657689780416,1.0186927969091715,1.1860049118266502,0.8764918499247586,0.0012561853888252,77,0,8,2022-10-01,2022
2022-10,-0.192225543574179,-0.23582304958773098,0.36730449384180613,-0.07661657689780416,1.0186927969091715,1.1860049118266502,0.8764918499247586,0.0012561853888252,77,1,8,2022-10-01,2022
2022-10,-0.1932816625386939,-0.25067038534543373,0.36730449384180613,-0.07661657689780416,1.0186927969091715,1.1860049118266502,0.8764918499247586,0.0012561853888252,77,0,8,2022-10-01,2022
2022-10,-0.19321848977854653,-0.2506822460134588,0.36730449384180613,-0.07661657689780416,1.0186927969091715,1.1860049118266502,0.8764918499247586,0.0012561853888252,78,1,8,2022-10-01,2022
2022-10,-0.19322496903599753,-0.2507178193092608,0.36730449384180613,-0.07661657689780416,1.0186927969091715,1.1860049118266502,0.8764918499247586,0.0012561853888252,78,1,8,2022-10-01,2022
2022-10,-0.06353129245346456,-0.05125923363725113,0.36730449384180613,-0.07661657689780416,1.0186927969091715,1.1860049118266502,0.8764918499247586,0.0012561853888252,79,1,8,2022-10-01,2022
2022-10,-0.15923316463362883,-0.1901628129599267,0.36730449384180613,-0.07661657689780416,1.0186927969091715,1.1860049118266502,0.8764918499247586,0.0012561853888252,79,0,8,2022-10-01,2022
2022-10,-0.06714347848240343,-0.0896842494170865,0.36730449384180613,-0.07661657689780416,1.0186927969091715,1.1860049118266502,0.8764918499247586,0.0012561853888252,79,1,8,2022-10-01,2022
2022-10,-0.15924936277725638,-0.19018387391853067,0.36730449384180613,-0.07661657689780416,1.0186927969091715,1.1860049118266502,0.8764918499247586,0.0012561853888252,79,0,8,2022-10-01,2022
2022-10,-0.10183828231820687,-0.2349545952775492,0.36730449384180613,-0.07661657689780416,1.0186927969091715,1.1860049118266502,0.8764918499247586,0.0012561853888252,80,0,8,2022-10-01,2022
2022-10,0.5059403638021063,-0.12778361932262192,0.36730449384180613,-0.07661657689780416,1.0186927969091715,1.1860049118266502,0.8764918499247586,0.0012561853888252,80,1,8,2022-10-01,2022
2022-10,-0.10203589967046271,-0.23504891893813162,0.36730449384180613,-0.07661657689780416,1.0186927969091715,1.1860049118266502,0.8764918499247586,0.0012561853888252,80,0,8,2022-10-01,2022
2022-10,0.2853734816547753,-0.16608468154249512,0.36730449384180613,-0.07661657689780416,1.0186927969091715,1.1860049118266502,0.8764918499247586,0.0012561853888252,80,1,8,2022-10-01,2022
2022-10,-0.18271399363609425,-0.2074061778241513,0.36730449384180613,-0.07661657689780416,1.0186927969091715,1.1860049118266502,0.8764918499247586,0.0012561853888252,81,1,8,2022-10-01,2022
2022-10,-0.18967757558156878,-0.2496800326277523,0.36730449384180613,-0.07661657689780416,1.0186927969091715,1.1860049118266502,0.8764918499247586,0.0012561853888252,81,0,8,2022-10-01,2022
2022-10,-0.18576248426679512,-0.23547439645577894,0.36730449384180613,-0.07661657689780416,1.0186927969091715,1.1860049118266502,0.8764918499247586,0.0012561853888252,81,1,8,2022-10-01,2022
2022-10,-0.18967919539593153,-0.249680729289604,0.36730449384180613,-0.07661657689780416,1.0186927969091715,1.1860049118266502,0.8764918499247586,0.0012561853888252,81,0,8,2022-10-01,2022
2022-10,-0.19333025696957648,-0.25174357986555446,0.36730449384180613,-0.07661657689780416,1.0186927969091715,1.1860049118266502,0.8764918499247586,0.0012561853888252,86,0,8,2022-10-01,2022
2022-10,-0.19256894421908263,-0.24863926336269127,0.36730449384180613,-0.07661657689780416,1.0186927969091715,1.1860049118266502,0.8764918499247586,0.0012561853888252,86,1,8,2022-10-01,2022
2022-10,-0.19259162162016116,-0.24882054783891105,0.36730449384180613,-0.07661657689780416,1.0186927969091715,1.1860049118266502,0.8764918499247586,0.0012561853888252,86,1,8,2022-10-01,2022
2022-10,-0.11687825867636714,-0.13946844118802584,0.36730449384180613,-0.07661657689780416,1.0186927969091715,1.1860049118266502,0.8764918499247586,0.0012561853888252,87,0,8,2022-10-01,2022
2022-10,-0.1782011908214648,-0.23439881151467962,0.36730449384180613,-0.07661657689780416,1.0186927969091715,1.1860049118266502,0.8764918499247586,0.0012561853888252,87,1,8,2022-10-01,2022
2022-10,-0.120909976625259,-0.17760656726319818,0.36730449384180613,-0.07661657689780416,1.0186927969091715,1.1860049118266502,0.8764918499247586,0.0012561853888252,87,0,8,2022-10-01,2022
2022-10,-0.18013686898495446,-0.24238414124077423,0.36730449384180613,-0.07661657689780416,1.0186927969091715,1.1860049118266502,0.8764918499247586,0.0012561853888252,87,1,8,2022-10-01,2022
2022-10,7.661018383055642,9.432541059971976,0.36730449384180613,-0.07661657689780416,1.0186927969091715,1.1860049118266502,0.8764918499247586,0.0012561853888252,88,1,8,2022-10-01,2022
2022-10,3.8611444639045986,2.329252378904477,0.36730449384180613,-0.07661657689780416,1.0186927969091715,1.1860049118266502,0.8764918499247586,0.0012561853888252,88,0,8,2022-10-01,2022
2022-10,3.8215464819927423,2.2743816978512865,0.36730449384180613,-0.07661657689780416,1.0186927969091715,1.1860049118266502,0.8764918499247586,0.0012561853888252,88,0,8,2022-10-01,2022
2022-10,7.291402662505244,7.5623815658421085,0.36730449384180613,-0.07661657689780416,1.0186927969091715,1.1860049118266502,0.8764918499247586,0.0012561853888252,88,1,8,2022-10-01,2022
2022-10,0.300390780611857,0.6071845151982774,0.36730449384180613,-0.07661657689780416,1.0186927969091715,1.1860049118266502,0.8764918499247586,0.0012561853888252,89,0,8,2022-10-01,2022
2022-10,-0.18590502793071736,-0.14049642670810836,0.36730449384180613,-0.07661657689780416,1.0186927969091715,1.1860049118266502,0.8764918499247586,0.0012561853888252,89,1,8,2022-10-01,2022
2022-10,-0.18647682240076913,-0.1703242303033721,0.36730449384180613,-0.07661657689780416,1.0186927969091715,1.1860049118266502,0.8764918499247586,0.0012561853888252,89,1,8,2022-10-01,2022
2022-10,0.26300546511952105,0.4467010033793791,0.36730449384180613,-0.07661657689780416,1.0186927969091715,1.1860049118266502,0.8764918499247586,0.0012561853888252,89,0,8,2022-10-01,2022
2022-10,0.07876453987128564,4.641950696033338,0.36730449384180613,-0.07661657689780416,1.0186927969091715,1.1860049118266502,0.8764918499247586,0.0012561853888252,91,0,8,2022-10-01,2022
2022-10,-0.19324440680835056,-0.25165892238816423,0.36730449384180613,-0.07661657689780416,1.0186927969091715,1.1860049118266502,0.8764918499247586,0.0012561853888252,91,1,8,2022-10-01,2022
2022-10,0.05952600468486995,1.6391725317842059,0.36730449384180613,-0.07661657689780416,1.0186927969091715,1.1860049118266502,0.8764918499247586,0.0012561853888252,91,0,8,2022-10-01,2022
2022-10,-0.1933221578977627,-0.24700253036246436,0.36730449384180613,-0.07661657689780416,1.0186927969091715,1.1860049118266502,0.8764918499247586,0.0012561853888252,94,1,8,2022-10-01,2022
2022-10,-0.19331405882594893,-0.2517066263084588,0.36730449384180613,-0.07661657689780416,1.0186927969091715,1.1860049118266502,0.8764918499247586,0.0012561853888252,94,0,8,2022-10-01,2022
2022-10,-0.1933253975264882,-0.2515774042432432,0.36730449384180613,-0.07661657689780416,1.0186927969091715,1.1860049118266502,0.8764918499247586,0.0012561853888252,94,1,8,2022-10-01,2022
2022-10,-0.19331567864031168,-0.25171156825346924,0.36730449384180613,-0.07661657689780416,1.0186927969091715,1.1860049118266502,0.8764918499247586,0.0012561853888252,94,0,8,2022-10-01,2022
2022-10,-0.19317151516202669,-0.2508754738862985,0.36730449384180613,-0.07661657689780416,1.0186927969091715,1.1860049118266502,0.8764918499247586,0.0012561853888252,95,0,8,2022-10-01,2022
2022-10,-0.19293988170815302,-0.24429921242143468,0.36730449384180613,-0.07661657689780416,1.0186927969091715,1.1860049118266502,0.8764918499247586,0.0012561853888252,95,1,8,2022-10-01,2022
2022-10,-0.19317637460511494,-0.2508883795471011,0.36730449384180613,-0.07661657689780416,1.0186927969091715,1.1860049118266502,0.8764918499247586,0.0012561853888252,95,0,8,2022-10-01,2022
2022-10,-0.1931229207311441,-0.2497995014270442,0.36730449384180613,-0.07661657689780416,1.0186927969091715,1.1860049118266502,0.8764918499247586,0.0012561853888252,95,1,8,2022-10-01,2022
2022-10,-0.19319743219183072,-0.22952311904634048,0.36730449384180613,-0.07661657689780416,1.0186927969091715,1.1860049118266502,0.8764918499247586,0.0012561853888252,97,1,8,2022-10-01,2022
2022-10,-0.006743840524074917,0.9432316249642902,0.36730449384180613,-0.07661657689780416,1.0186927969091715,1.1860049118266502,0.8764918499247586,0.0012561853888252,98,1,8,2022-10-01,2022
2022-10,-0.16121257778491282,-0.21217305606539283,0.36730449384180613,-0.07661657689780416,1.0186927969091715,1.1860049118266502,0.8764918499247586,0.0012561853888252,98,0,8,2022-10-01,2022
2022-10,-0.011995278688119677,0.8682757124800903,0.36730449384180613,-0.07661657689780416,1.0186927969091715,1.1860049118266502,0.8764918499247586,0.0012561853888252,98,1,8,2022-10-01,2022
2022-10,-0.1701993078694657,-0.18168058045984015,0.36730449384180613,-0.07661657689780416,1.0186927969091715,1.1860049118266502,0.8764918499247586,0.0012561853888252,100,1,8,2022-10-01,2022
2022-10,-0.18636991465282743,-0.23563970125077555,0.36730449384180613,-0.07661657689780416,1.0186927969091715,1.1860049118266502,0.8764918499247586,0.0012561853888252,100,0,8,2022-10-01,2022
2022-10,-0.18637315428155296,-0.23566191605557135,0.36730449384180613,-0.07661657689780416,1.0186927969091715,1.1860049118266502,0.8764918499247586,0.0012561853888252,100,0,8,2022-10-01,2022
2022-10,-0.17147086214422666,-0.20302097884076853,0.36730449384180613,-0.07661657689780416,1.0186927969091715,1.1860049118266502,0.8764918499247586,0.0012561853888252,100,1,8,2022-10-01,2022
2022-10,0.9363379985004422,1.153680364844563,0.36730449384180613,-0.07661657689780416,1.0186927969091715,1.1860049118266502,0.8764918499247586,0.0012561853888252,101,1,8,2022-10-01,2022
2022-10,0.14555272567631142,0.0821134383914331,0.36730449384180613,-0.07661657689780416,1.0186927969091715,1.1860049118266502,0.8764918499247586,0.0012561853888252,101,0,8,2022-10-01,2022
2022-10,0.9054416593452942,0.7756767558732139,0.36730449384180613,-0.07661657689780416,1.0186927969091715,1.1860049118266502,0.8764918499247586,0.0012561853888252,101,1,8,2022-10-01,2022
2022-10,0.14513319375635841,0.08143512922539732,0.36730449384180613,-0.07661657689780416,1.0186927969091715,1.1860049118266502,0.8764918499247586,0.0012561853888252,101,0,8,2022-10-01,2022
2022-11,-0.19305002908482022,-0.25164707042841233,0.36730449384180613,-0.07661657689780416,0.9441317191756052,1.1546073632202054,0.8827808394534923,0.0012841058111548,0,1,8,2022-11-01,2022
2022-11,-0.19329624086795866,-0.25176384837130206,0.36730449384180613,-0.07661657689780416,0.9441317191756052,1.1546073632202054,0.8827808394534923,0.0012841058111548,0,0,8,2022-11-01,2022
2022-11,-0.19307432630026153,-0.25170630845648895,0.36730449384180613,-0.07661657689780416,0.9441317191756052,1.1546073632202054,0.8827808394534923,0.0012841058111548,0,1,8,2022-11-01,2022
2022-11,-0.19327194365251738,-0.25083959144679985,0.36730449384180613,-0.07661657689780416,0.9441317191756052,1.1546073632202054,0.8827808394534923,0.0012841058111548,1,0,8,2022-11-01,2022
2022-11,-0.19321686996418377,-0.24975540708596872,0.36730449384180613,-0.07661657689780416,0.9441317191756052,1.1546073632202054,0.8827808394534923,0.0012841058111548,1,1,8,2022-11-01,2022
2022-11,-0.1932427869939878,-0.25046024165200764,0.36730449384180613,-0.07661657689780416,0.9441317191756052,1.1546073632202054,0.8827808394534923,0.0012841058111548,1,1,8,2022-11-01,2022
2022-11,-0.19327356346688013,-0.2508538643064864,0.36730449384180613,-0.07661657689780416,0.9441317191756052,1.1546073632202054,0.8827808394534923,0.0012841058111548,1,0,8,2022-11-01,2022
2022-11,-0.17631572690322045,-0.24636119652420707,0.36730449384180613,-0.07661657689780416,0.9441317191756052,1.1546073632202054,0.8827808394534923,0.0012841058111548,2,1,8,2022-11-01,2022
2022-11,-0.1916245924455977,-0.2514082765163354,0.36730449384180613,-0.07661657689780416,0.9441317191756052,1.1546073632202054,0.8827808394534923,0.0012841058111548,2,0,8,2022-11-01,2022
2022-11,-0.17634488356175002,-0.24762927784320182,0.36730449384180613,-0.07661657689780416,0.9441317191756052,1.1546073632202054,0.8827808394534923,0.0012841058111548,2,1,8,2022-11-01,2022
2022-11,-0.19072235584554437,-0.1862551800300149,0.36730449384180613,-0.07661657689780416,0.9441317191756052,1.1546073632202054,0.8827808394534923,0.0012841058111548,3,1,8,2022-11-01,2022
2022-11,-0.19315531701839916,-0.25146780191742585,0.36730449384180613,-0.07661657689780416,0.9441317191756052,1.1546073632202054,0.8827808394534923,0.0012841058111548,3,0,8,2022-11-01,2022
2022-11,-0.19205870269481548,-0.228973657489775,0.36730449384180613,-0.07661657689780416,0.9441317191756052,1.1546073632202054,0.8827808394534923,0.0012841058111548,3,1,8,2022-11-01,2022
2022-11,-0.1667215664326353,0.10181307619580447,0.36730449384180613,-0.07661657689780416,0.9441317191756052,1.1546073632202054,0.8827808394534923,0.0012841058111548,5,0,8,2022-11-01,2022
2022-11,-0.06045688479295964,2.655771858458165,0.36730449384180613,-0.07661657689780416,0.9441317191756052,1.1546073632202054,0.8827808394534923,0.0012841058111548,5,1,8,2022-11-01,2022
2022-11,-0.1674326649378838,0.07551640769511572,0.36730449384180613,-0.07661657689780416,0.9441317191756052,1.1546073632202054,0.8827808394534923,0.0012841058111548,5,0,8,2022-11-01,2022
2022-11,-0.09305402902899813,0.8981515770348476,0.36730449384180613,-0.07661657689780416,0.9441317191756052,1.1546073632202054,0.8827808394534923,0.0012841058111548,5,1,8,2022-11-01,2022
2022-11,-0.19272930584099515,-0.24034340967861498,0.36730449384180613,-0.07661657689780416,0.9441317191756052,1.1546073632202054,0.8827808394534923,0.0012841058111548,6,0,8,2022-11-01,2022
2022-11,-0.19140429769226333,-0.159656600053486,0.36730449384180613,-0.07661657689780416,0.9441317191756052,1.1546073632202054,0.8827808394534923,0.0012841058111548,6,1,8,2022-11-01,2022
2022-11,-0.19308080555771254,-0.22764499271450256,0.36730449384180613,-0.07661657689780416,0.9441317191756052,1.1546073632202054,0.8827808394534923,0.0012841058111548,6,1,8,2022-11-01,2022
2022-11,-0.19274226435589717,-0.2407452311722608,0.36730449384180613,-0.07661657689780416,0.9441317191756052,1.1546073632202054,0.8827808394534923,0.0012841058111548,6,0,8,2022-11-01,2022
2022-11,-0.18469340678737822,0.04185736014197812,0.36730449384180613,-0.07661657689780416,0.9441317191756052,1.1546073632202054,0.8827808394534923,0.0012841058111548,9,1,8,2022-11-01,2022
2022-11,-0.19200038937775638,-0.24380203098270206,0.36730449384180613,-0.07661657689780416,0.9441317191756052,1.1546073632202054,0.8827808394534923,0.0012841058111548,9,0,8,2022-11-01,2022
2022-11,-0.19200524882084463,-0.24383032851629044,0.36730449384180613,-0.07661657689780416,0.9441317191756052,1.1546073632202054,0.8827808394534923,0.0012841058111548,9,0,8,2022-11-01,2022
2022-11,-0.18624356913253273,-0.015718676588158318,0.36730449384180613,-0.07661657689780416,0.9441317191756052,1.1546073632202054,0.8827808394534923,0.0012841058111548,9,1,8,2022-11-01,2022
2022-11,-0.18799782808739407,-0.23523539354514653,0.36730449384180613,-0.07661657689780416,0.9441317191756052,1.1546073632202054,0.8827808394534923,0.0012841058111548,12,0,8,2022-11-01,2022
2022-11,-0.1702527617434365,-0.19157989718658852,0.36730449384180613,-0.07661657689780416,0.9441317191756052,1.1546073632202054,0.8827808394534923,0.0012841058111548,12,1,8,2022-11-01,2022
2022-11,-0.18800430734484508,-0.23526212794370518,0.36730449384180613,-0.07661657689780416,0.9441317191756052,1.1546073632202054,0.8827808394534923,0.0012841058111548,12,0,8,2022-11-01,2022
2022-11,-0.1716004472932469,-0.19964080601531847,0.36730449384180613,-0.07661657689780416,0.9441317191756052,1.1546073632202054,0.8827808394534923,0.0012841058111548,12,1,8,2022-11-01,2022
2022-11,-0.19302897149810444,-0.2472408801526108,0.36730449384180613,-0.07661657689780416,0.9441317191756052,1.1546073632202054,0.8827808394534923,0.0012841058111548,13,1,8,2022-11-01,2022
2022-11,-0.19327842290996838,-0.2515586074356573,0.36730449384180613,-0.07661657689780416,0.9441317191756052,1.1546073632202054,0.8827808394534923,0.0012841058111548,13,0,8,2022-11-01,2022
2022-11,-0.1931844736769287,-0.2491695884890181,0.36730449384180613,-0.07661657689780416,0.9441317191756052,1.1546073632202054,0.8827808394534923,0.0012841058111548,13,1,8,2022-11-01,2022
2022-11,-0.19333187678393923,-0.25174092384224483,0.36730449384180613,-0.07661657689780416,0.9441317191756052,1.1546073632202054,0.8827808394534923,0.0012841058111548,15,1,8,2022-11-01,2022
2022-11,-0.19215265192785513,-0.25034091653922264,0.36730449384180613,-0.07661657689780416,0.9441317191756052,1.1546073632202054,0.8827808394534923,0.0012841058111548,17,0,8,2022-11-01,2022
2022-11,-0.19333511641266474,-0.25176883385767823,0.36730449384180613,-0.07661657689780416,0.9441317191756052,1.1546073632202054,0.8827808394534923,0.0012841058111548,17,1,8,2022-11-01,2022
2022-11,-0.18867167086229925,-0.2467868786862733,0.36730449384180613,-0.07661657689780416,0.9441317191756052,1.1546073632202054,0.8827808394534923,0.0012841058111548,18,1,8,2022-11-01,2022
2022-11,-0.192782759714966,-0.25110971772565654,0.36730449384180613,-0.07661657689780416,0.9441317191756052,1.1546073632202054,0.8827808394534923,0.0012841058111548,18,0,8,2022-11-01,2022
2022-11,-0.19278761915805426,-0.2511191226606544,0.36730449384180613,-0.07661657689780416,0.9441317191756052,1.1546073632202054,0.8827808394534923,0.0012841058111548,18,0,8,2022-11-01,2022
2022-11,-0.18874942195171138,-0.24708870743351857,0.36730449384180613,-0.07661657689780416,0.9441317191756052,1.1546073632202054,0.8827808394534923,0.0012841058111548,18,1,8,2022-11-01,2022
2022-11,-0.19321201052109552,-0.25167426201131116,0.36730449384180613,-0.07661657689780416,0.9441317191756052,1.1546073632202054,0.8827808394534923,0.0012841058111548,19,1,8,2022-11-01,2022
2022-11,-0.19281191637349554,-0.2514235464732972,0.36730449384180613,-0.07661657689780416,0.9441317191756052,1.1546073632202054,0.8827808394534923,0.0012841058111548,19,0,8,2022-11-01,2022
2022-11,-0.19330919938286067,-0.2517397917667359,0.36730449384180613,-0.07661657689780416,0.9441317191756052,1.1546073632202054,0.8827808394534923,0.0012841058111548,19,1,8,2022-11-01,2022
2022-11,-0.19330110031104691,-0.2517395435809512,0.36730449384180613,-0.07661657689780416,0.9441317191756052,1.1546073632202054,0.8827808394534923,0.0012841058111548,21,0,8,2022-11-01,2022
2022-11,-0.19247499498604295,-0.25001028082440996,0.36730449384180613,-0.07661657689780416,0.9441317191756052,1.1546073632202054,0.8827808394534923,0.0012841058111548,21,1,8,2022-11-01,2022
2022-11,-0.19264993493722027,-0.25048944049186667,0.36730449384180613,-0.07661657689780416,0.9441317191756052,1.1546073632202054,0.8827808394534923,0.0012841058111548,21,1,8,2022-11-01,2022
2022-11,-0.19232435225030695,-0.25102649275919886,0.36730449384180613,-0.07661657689780416,0.9441317191756052,1.1546073632202054,0.8827808394534923,0.0012841058111548,23,1,8,2022-11-01,2022
2022-11,-0.19325898513761533,-0.2517093215189975,0.36730449384180613,-0.07661657689780416,0.9441317191756052,1.1546073632202054,0.8827808394534923,0.0012841058111548,23,0,8,2022-11-01,2022
2022-11,-0.19233731076520896,-0.2510956408021158,0.36730449384180613,-0.07661657689780416,0.9441317191756052,1.1546073632202054,0.8827808394534923,0.0012841058111548,23,1,8,2022-11-01,2022
2022-11,-0.19322010959290928,-0.25145908058187,0.36730449384180613,-0.07661657689780416,0.9441317191756052,1.1546073632202054,0.8827808394534923,0.0012841058111548,25,1,8,2022-11-01,2022
2022-11,-0.19114512739422287,-0.22361223931602697,0.36730449384180613,-0.07661657689780416,0.9441317191756052,1.1546073632202054,0.8827808394534923,0.0012841058111548,28,1,8,2022-11-01,2022
2022-11,-0.19327194365251738,-0.2515175130946806,0.36730449384180613,-0.07661657689780416,0.9441317191756052,1.1546073632202054,0.8827808394534923,0.0012841058111548,28,0,8,2022-11-01,2022
2022-11,-0.19153064321255805,-0.243906456240134,0.36730449384180613,-0.07661657689780416,0.9441317191756052,1.1546073632202054,0.8827808394534923,0.0012841058111548,28,1,8,2022-11-01,2022
2022-11,-0.19199229030594261,-0.2476133286409347,0.36730449384180613,-0.07661657689780416,0.9441317191756052,1.1546073632202054,0.8827808394534923,0.0012841058111548,30,0,8,2022-11-01,2022
2022-11,-0.19098962521539858,-0.24293660715157514,0.36730449384180613,-0.07661657689780416,0.9441317191756052,1.1546073632202054,0.8827808394534923,0.0012841058111548,30,1,8,2022-11-01,2022
2022-11,-0.1912131595974585,0.007949708807064486,0.36730449384180613,-0.07661657689780416,0.9441317191756052,1.1546073632202054,0.8827808394534923,0.0012841058111548,30,1,8,2022-11-01,2022
2022-11,-0.19184002775584383,-0.24771131848451164,0.36730449384180613,-0.07661657689780416,0.9441317191756052,1.1546073632202054,0.8827808394534923,0.0012841058111548,37,1,8,2022-11-01,2022
2022-11,-0.07801405267083786,-0.07128002384697904,0.36730449384180613,-0.07661657689780416,0.9441317191756052,1.1546073632202054,0.8827808394534923,0.0012841058111548,37,0,8,2022-11-01,2022
2022-11,-0.07807398580225972,-0.07141384388041579,0.36730449384180613,-0.07661657689780416,0.9441317191756052,1.1546073632202054,0.8827808394534923,0.0012841058111548,37,0,8,2022-11-01,2022
2022-11,-0.19183192868403007,-0.2477019091953772,0.36730449384180613,-0.07661657689780416,0.9441317191756052,1.1546073632202054,0.8827808394534923,0.0012841058111548,37,1,8,2022-11-01,2022
2022-11,-0.19260943957815144,-0.18663834840258167,0.36730449384180613,-0.07661657689780416,0.9441317191756052,1.1546073632202054,0.8827808394534923,0.0012841058111548,38,1,8,2022-11-01,2022
2022-11,-0.1932978606823214,-0.25097746082724953,0.36730449384180613,-0.07661657689780416,0.9441317191756052,1.1546073632202054,0.8827808394534923,0.0012841058111548,38,1,8,2022-11-01,2022
2022-11,-0.19331567864031168,-0.25169083385510826,0.36730449384180613,-0.07661657689780416,0.9441317191756052,1.1546073632202054,0.8827808394534923,0.0012841058111548,40,0,8,2022-11-01,2022
2022-11,-0.19333025696957648,-0.25173722282615774,0.36730449384180613,-0.07661657689780416,0.9441317191756052,1.1546073632202054,0.8827808394534923,0.0012841058111548,40,1,8,2022-11-01,2022
2022-11,-0.19331729845467444,-0.2517066393708685,0.36730449384180613,-0.07661657689780416,0.9441317191756052,1.1546073632202054,0.8827808394534923,0.0012841058111548,40,0,8,2022-11-01,2022
2022-11,-0.19333349659830198,-0.2517508948149972,0.36730449384180613,-0.07661657689780416,0.9441317191756052,1.1546073632202054,0.8827808394534923,0.0012841058111548,40,1,8,2022-11-01,2022
2022-11,-0.19333349659830198,-0.2517005609962125,0.36730449384180613,-0.07661657689780416,0.9441317191756052,1.1546073632202054,0.8827808394534923,0.0012841058111548,41,1,8,2022-11-01,2022
2022-11,-0.14620013827091935,-0.03054951452238572,0.36730449384180613,-0.07661657689780416,0.9441317191756052,1.1546073632202054,0.8827808394534923,0.0012841058111548,44,0,8,2022-11-01,2022
2022-11,0.010610850558459188,1.1208556134001915,0.36730449384180613,-0.07661657689780416,0.9441317191756052,1.1546073632202054,0.8827808394534923,0.0012841058111548,44,1,8,2022-11-01,2022
2022-11,-0.14696631046450145,-0.045838041876628,0.36730449384180613,-0.07661657689780416,0.9441317191756052,1.1546073632202054,0.8827808394534923,0.0012841058111548,44,0,8,2022-11-01,2022
2022-11,-0.002723461275722327,0.5099433828216122,0.36730449384180613,-0.07661657689780416,0.9441317191756052,1.1546073632202054,0.8827808394534923,0.0012841058111548,44,1,8,2022-11-01,2022
2022-11,-0.1932816625386939,-0.24841610950918483,0.36730449384180613,-0.07661657689780416,0.9441317191756052,1.1546073632202054,0.8827808394534923,0.0012841058111548,46,1,8,2022-11-01,2022
2022-11,-0.1933286371552137,-0.25126723732446055,0.36730449384180613,-0.07661657689780416,0.9441317191756052,1.1546073632202054,0.8827808394534923,0.0012841058111548,46,0,8,2022-11-01,2022
2022-11,-0.19223526246035555,-0.23533828179236818,0.36730449384180613,-0.07661657689780416,0.9441317191756052,1.1546073632202054,0.8827808394534923,0.0012841058111548,48,1,8,2022-11-01,2022
2022-11,-0.19333349659830198,-0.2517531589660152,0.36730449384180613,-0.07661657689780416,0.9441317191756052,1.1546073632202054,0.8827808394534923,0.0012841058111548,48,0,8,2022-11-01,2022
2022-11,-0.1925349281174648,-0.24297594242137627,0.36730449384180613,-0.07661657689780416,0.9441317191756052,1.1546073632202054,0.8827808394534923,0.0012841058111548,48,1,8,2022-11-01,2022
2022-11,-0.19333511641266474,-0.2517305740596107,0.36730449384180613,-0.07661657689780416,0.9441317191756052,1.1546073632202054,0.8827808394534923,0.0012841058111548,49,1,8,2022-11-01,2022
2022-11,-0.15708853041734405,-0.22028108100597998,0.36730449384180613,-0.07661657689780416,0.9441317191756052,1.1546073632202054,0.8827808394534923,0.0012841058111548,50,1,8,2022-11-01,2022
2022-11,-0.18797029124322726,-0.244246287891389,0.36730449384180613,-0.07661657689780416,0.9441317191756052,1.1546073632202054,0.8827808394534923,0.0012841058111548,50,0,8,2022-11-01,2022
2022-11,-0.18797191105759,-0.2442502936970362,0.36730449384180613,-0.07661657689780416,0.9441317191756052,1.1546073632202054,0.8827808394534923,0.0012841058111548,50,0,8,2022-11-01,2022
2022-11,-0.15744974902023795,-0.22089362964735268,0.36730449384180613,-0.07661657689780416,0.9441317191756052,1.1546073632202054,0.8827808394534923,0.0012841058111548,50,1,8,2022-11-01,2022
2022-11,-0.19202954603628591,-0.24200082918170054,0.36730449384180613,-0.07661657689780416,0.9441317191756052,1.1546073632202054,0.8827808394534923,0.0012841058111548,52,1,8,2022-11-01,2022
2022-11,-0.1924215411120721,-0.24703156809927015,0.36730449384180613,-0.07661657689780416,0.9441317191756052,1.1546073632202054,0.8827808394534923,0.0012841058111548,52,0,8,2022-11-01,2022
2022-11,-0.19242316092643486,-0.24703852600951393,0.36730449384180613,-0.07661657689780416,0.9441317191756052,1.1546073632202054,0.8827808394534923,0.0012841058111548,52,0,8,2022-11-01,2022
2022-11,-0.19208461972461952,-0.2429858306655337,0.36730449384180613,-0.07661657689780416,0.9441317191756052,1.1546073632202054,0.8827808394534923,0.0012841058111548,52,1,8,2022-11-01,2022
2022-11,-0.19327032383815462,-0.24712093239829586,0.36730449384180613,-0.07661657689780416,0.9441317191756052,1.1546073632202054,0.8827808394534923,0.0012841058111548,53,1,8,2022-11-01,2022
2022-11,-0.19327680309560563,-0.24878440850535458,0.36730449384180613,-0.07661657689780416,0.9441317191756052,1.1546073632202054,0.8827808394534923,0.0012841058111548,53,1,8,2022-11-01,2022
2022-11,-0.1932913814248704,-0.25126873514744164,0.36730449384180613,-0.07661657689780416,0.9441317191756052,1.1546073632202054,0.8827808394534923,0.0012841058111548,58,0,8,2022-11-01,2022
2022-11,-0.19329948049668416,-0.2514488875481525,0.36730449384180613,-0.07661657689780416,0.9441317191756052,1.1546073632202054,0.8827808394534923,0.0012841058111548,58,1,8,2022-11-01,2022
2022-11,-0.19330272012540967,-0.2514557235425722,0.36730449384180613,-0.07661657689780416,0.9441317191756052,1.1546073632202054,0.8827808394534923,0.0012841058111548,58,1,8,2022-11-01,2022
2022-11,-0.1932946210535959,-0.25130374240548914,0.36730449384180613,-0.07661657689780416,0.9441317191756052,1.1546073632202054,0.8827808394534923,0.0012841058111548,58,0,8,2022-11-01,2022
2022-11,-0.11667578188102304,-0.09265151947131228,0.36730449384180613,-0.07661657689780416,0.9441317191756052,1.1546073632202054,0.8827808394534923,0.0012841058111548,60,0,8,2022-11-01,2022
2022-11,-0.12071721871609141,-0.14547888695935576,0.36730449384180613,-0.07661657689780416,0.9441317191756052,1.1546073632202054,0.8827808394534923,0.0012841058111548,60,0,8,2022-11-01,2022
2022-11,-0.19331567864031168,-0.2516478846519515,0.36730449384180613,-0.07661657689780416,0.9441317191756052,1.1546073632202054,0.8827808394534923,0.0012841058111548,66,1,8,2022-11-01,2022
2022-11,-0.19333511641266474,-0.25176077870501806,0.36730449384180613,-0.07661657689780416,0.9441317191756052,1.1546073632202054,0.8827808394534923,0.0012841058111548,66,0,8,2022-11-01,2022
2022-11,-0.1906867199295638,-0.22738412768413674,0.36730449384180613,-0.07661657689780416,0.9441317191756052,1.1546073632202054,0.8827808394534923,0.0012841058111548,67,1,8,2022-11-01,2022
2022-11,-0.19250091201584701,-0.24735949989527095,0.36730449384180613,-0.07661657689780416,0.9441317191756052,1.1546073632202054,0.8827808394534923,0.0012841058111548,67,0,8,2022-11-01,2022
2022-11,-0.19157113857162686,-0.24290915432048193,0.36730449384180613,-0.07661657689780416,0.9441317191756052,1.1546073632202054,0.8827808394534923,0.0012841058111548,67,1,8,2022-11-01,2022
2022-11,-0.19251063090202353,-0.24741976985371542,0.36730449384180613,-0.07661657689780416,0.9441317191756052,1.1546073632202054,0.8827808394534923,0.0012841058111548,67,0,8,2022-11-01,2022
2022-11,-0.19315693683276192,-0.018971173066876228,0.36730449384180613,-0.07661657689780416,0.9441317191756052,1.1546073632202054,0.8827808394534923,0.0012841058111548,68,1,8,2022-11-01,2022
2022-11,-0.19322496903599753,-0.18078425532145417,0.36730449384180613,-0.07661657689780416,0.9441317191756052,1.1546073632202054,0.8827808394534923,0.0012841058111548,68,1,8,2022-11-01,2022
2022-11,-0.19330919938286067,-0.2517516350182146,0.36730449384180613,-0.07661657689780416,0.9441317191756052,1.1546073632202054,0.8827808394534923,0.0012841058111548,69,0,8,2022-11-01,2022
2022-11,-0.1933253975264882,-0.2517631734801333,0.36730449384180613,-0.07661657689780416,0.9441317191756052,1.1546073632202054,0.8827808394534923,0.0012841058111548,69,1,8,2022-11-01,2022
2022-11,-0.1501427664298598,0.5178497546350908,0.36730449384180613,-0.07661657689780416,0.9441317191756052,1.1546073632202054,0.8827808394534923,0.0012841058111548,72,1,8,2022-11-01,2022
2022-11,-0.1933221578977627,-0.25159967565181446,0.36730449384180613,-0.07661657689780416,0.9441317191756052,1.1546073632202054,0.8827808394534923,0.0012841058111548,72,0,8,2022-11-01,2022
2022-11,-0.17130564107922588,0.07864421911892719,0.36730449384180613,-0.07661657689780416,0.9441317191756052,1.1546073632202054,0.8827808394534923,0.0012841058111548,72,1,8,2022-11-01,2022
2022-11,-0.19310510277315382,-0.24950577572796145,0.36730449384180613,-0.07661657689780416,0.9441317191756052,1.1546073632202054,0.8827808394534923,0.0012841058111548,73,1,8,2022-11-01,2022
2022-11,-0.19041945055970957,-0.24602729085282804,0.36730449384180613,-0.07661657689780416,0.9441317191756052,1.1546073632202054,0.8827808394534923,0.0012841058111548,75,1,8,2022-11-01,2022
2022-11,-0.19280381730168178,-0.25099337084228757,0.36730449384180613,-0.07661657689780416,0.9441317191756052,1.1546073632202054,0.8827808394534923,0.0012841058111548,75,0,8,2022-11-01,2022
2022-11,-0.19047452424804318,-0.2461966928903399,0.36730449384180613,-0.07661657689780416,0.9441317191756052,1.1546073632202054,0.8827808394534923,0.0012841058111548,75,1,8,2022-11-01,2022
2022-11,-0.19222068413109075,-0.23662418023821993,0.36730449384180613,-0.07661657689780416,0.9441317191756052,1.1546073632202054,0.8827808394534923,0.0012841058111548,77,1,8,2022-11-01,2022
2022-11,-0.19325412569452707,-0.2505522140788406,0.36730449384180613,-0.07661657689780416,0.9441317191756052,1.1546073632202054,0.8827808394534923,0.0012841058111548,77,0,8,2022-11-01,2022
2022-11,-0.19228871633432637,-0.23778171873789758,0.36730449384180613,-0.07661657689780416,0.9441317191756052,1.1546073632202054,0.8827808394534923,0.0012841058111548,77,1,8,2022-11-01,2022
2022-11,-0.19325574550888983,-0.25061055950891975,0.36730449384180613,-0.07661657689780416,0.9441317191756052,1.1546073632202054,0.8827808394534923,0.0012841058111548,77,0,8,2022-11-01,2022
2022-11,-0.19322820866472304,-0.250720814955223,0.36730449384180613,-0.07661657689780416,0.9441317191756052,1.1546073632202054,0.8827808394534923,0.0012841058111548,78,1,8,2022-11-01,2022
2022-11,-0.15926070147779564,-0.18854361842181613,0.36730449384180613,-0.07661657689780416,0.9441317191756052,1.1546073632202054,0.8827808394534923,0.0012841058111548,79,0,8,2022-11-01,2022
2022-11,-0.06255940383581285,-0.04684399981978733,0.36730449384180613,-0.07661657689780416,0.9441317191756052,1.1546073632202054,0.8827808394534923,0.0012841058111548,79,1,8,2022-11-01,2022
2022-11,-0.06571318240009266,-0.08404919553040387,0.36730449384180613,-0.07661657689780416,0.9441317191756052,1.1546073632202054,0.8827808394534923,0.0012841058111548,79,1,8,2022-11-01,2022
2022-11,-0.15928823832196243,-0.18873925848631734,0.36730449384180613,-0.07661657689780416,0.9441317191756052,1.1546073632202054,0.8827808394534923,0.0012841058111548,79,0,8,2022-11-01,2022
2022-11,-0.09745668446696039,-0.23010563720776872,0.36730449384180613,-0.07661657689780416,0.9441317191756052,1.1546073632202054,0.8827808394534923,0.0012841058111548,80,0,8,2022-11-01,2022
2022-11,0.5044598534745501,-0.14123553268311392,0.36730449384180613,-0.07661657689780416,0.9441317191756052,1.1546073632202054,0.8827808394534923,0.0012841058111548,80,1,8,2022-11-01,2022
2022-11,-0.09785191917147208,-0.23084041952515721,0.36730449384180613,-0.07661657689780416,0.9441317191756052,1.1546073632202054,0.8827808394534923,0.0012841058111548,80,0,8,2022-11-01,2022
2022-11,0.2807975060799984,-0.1787374628011852,0.36730449384180613,-0.07661657689780416,0.9441317191756052,1.1546073632202054,0.8827808394534923,0.0012841058111548,80,1,8,2022-11-01,2022
2022-11,-0.19019753599201245,-0.2498924099932404,0.36730449384180613,-0.07661657689780416,0.9441317191756052,1.1546073632202054,0.8827808394534923,0.0012841058111548,81,0,8,2022-11-01,2022
2022-11,-0.18281604194094767,-0.20748277579474475,0.36730449384180613,-0.07661657689780416,0.9441317191756052,1.1546073632202054,0.8827808394534923,0.0012841058111548,81,1,8,2022-11-01,2022
2022-11,-0.18574466630880485,-0.23630128617823418,0.36730449384180613,-0.07661657689780416,0.9441317191756052,1.1546073632202054,0.8827808394534923,0.0012841058111548,81,1,8,2022-11-01,2022
2022-11,-0.19020077562073795,-0.24989367269284657,0.36730449384180613,-0.07661657689780416,0.9441317191756052,1.1546073632202054,0.8827808394534923,0.0012841058111548,81,0,8,2022-11-01,2022
2022-11,-0.19332701734085095,-0.2517406625940505,0.36730449384180613,-0.07661657689780416,0.9441317191756052,1.1546073632202054,0.8827808394534923,0.0012841058111548,86,0,8,2022-11-01,2022
2022-11,-0.19254788663236683,-0.2484963736627728,0.36730449384180613,-0.07661657689780416,0.9441317191756052,1.1546073632202054,0.8827808394534923,0.0012841058111548,86,1,8,2022-11-01,2022
2022-11,-0.19258514236271015,-0.2487036741050167,0.36730449384180613,-0.07661657689780416,0.9441317191756052,1.1546073632202054,0.8827808394534923,0.0012841058111548,86,1,8,2022-11-01,2022
2022-11,-0.17694583469033132,-0.23698926588159874,0.36730449384180613,-0.07661657689780416,0.9441317191756052,1.1546073632202054,0.8827808394534923,0.0012841058111548,87,1,8,2022-11-01,2022
2022-11,-0.11406788075699094,-0.13083573843624713,0.36730449384180613,-0.07661657689780416,0.9441317191756052,1.1546073632202054,0.8827808394534923,0.0012841058111548,87,0,8,2022-11-01,2022
2022-11,-0.11837658696191354,-0.16094783667077636,0.36730449384180613,-0.07661657689780416,0.9441317191756052,1.1546073632202054,0.8827808394534923,0.0012841058111548,87,0,8,2022-11-01,2022
2022-11,-0.17888961192563474,-0.2421068045117525,0.36730449384180613,-0.07661657689780416,0.9441317191756052,1.1546073632202054,0.8827808394534923,0.0012841058111548,87,1,8,2022-11-01,2022
2022-11,7.4677340342201575,9.498874728340445,0.36730449384180613,-0.07661657689780416,0.9441317191756052,1.1546073632202054,0.8827808394534923,0.0012841058111548,88,1,8,2022-11-01,2022
2022-11,3.7701546317056827,2.207047940915758,0.36730449384180613,-0.07661657689780416,0.9441317191756052,1.1546073632202054,0.8827808394534923,0.0012841058111548,88,0,8,2022-11-01,2022
2022-11,7.095580064563325,7.506151140186787,0.36730449384180613,-0.07661657689780416,0.9441317191756052,1.1546073632202054,0.8827808394534923,0.0012841058111548,88,1,8,2022-11-01,2022
2022-11,3.7372610614412602,2.15115368943697,0.36730449384180613,-0.07661657689780416,0.9441317191756052,1.1546073632202054,0.8827808394534923,0.0012841058111548,88,0,8,2022-11-01,2022
2022-11,0.2993395210904304,0.5981648603292499,0.36730449384180613,-0.07661657689780416,0.9441317191756052,1.1546073632202054,0.8827808394534923,0.0012841058111548,89,0,8,2022-11-01,2022
2022-11,-0.18596010161905097,-0.16310589915117013,0.36730449384180613,-0.07661657689780416,0.9441317191756052,1.1546073632202054,0.8827808394534923,0.0012841058111548,89,1,8,2022-11-01,2022
2022-11,-0.18660964717851486,-0.18571892892381212,0.36730449384180613,-0.07661657689780416,0.9441317191756052,1.1546073632202054,0.8827808394534923,0.0012841058111548,89,1,8,2022-11-01,2022
2022-11,0.26215182295035033,0.4428641861266917,0.36730449384180613,-0.07661657689780416,0.9441317191756052,1.1546073632202054,0.8827808394534923,0.0012841058111548,89,0,8,2022-11-01,2022
2022-11,-0.19327518328124288,-0.2501460950523972,0.36730449384180613,-0.07661657689780416,0.9441317191756052,1.1546073632202054,0.8827808394534923,0.0012841058111548,91,1,8,2022-11-01,2022
2022-11,0.0902895190622722,3.818707319126397,0.36730449384180613,-0.07661657689780416,0.9441317191756052,1.1546073632202054,0.8827808394534923,0.0012841058111548,91,0,8,2022-11-01,2022
2022-11,0.06808186414893054,1.296664479860467,0.36730449384180613,-0.07661657689780416,0.9441317191756052,1.1546073632202054,0.8827808394534923,0.0012841058111548,91,0,8,2022-11-01,2022
2022-11,-0.19333511641266474,-0.25161485852604476,0.36730449384180613,-0.07661657689780416,0.9441317191756052,1.1546073632202054,0.8827808394534923,0.0012841058111548,93,1,8,2022-11-01,2022
2022-11,-0.19329948049668416,-0.25139233166820485,0.36730449384180613,-0.07661657689780416,0.9441317191756052,1.1546073632202054,0.8827808394534923,0.0012841058111548,94,1,8,2022-11-01,2022
2022-11,-0.19328328235305664,-0.251681076235048,0.36730449384180613,-0.07661657689780416,0.9441317191756052,1.1546073632202054,0.8827808394534923,0.0012841058111548,94,0,8,2022-11-01,2022
2022-11,-0.19330757956849792,-0.2514430094637788,0.36730449384180613,-0.07661657689780416,0.9441317191756052,1.1546073632202054,0.8827808394534923,0.0012841058111548,94,1,8,2022-11-01,2022
2022-11,-0.1931326396173206,-0.25082511394269436,0.36730449384180613,-0.07661657689780416,0.9441317191756052,1.1546073632202054,0.8827808394534923,0.0012841058111548,95,0,8,2022-11-01,2022
2022-11,-0.1930824253720753,-0.2453743096992378,0.36730449384180613,-0.07661657689780416,0.9441317191756052,1.1546073632202054,0.8827808394534923,0.0012841058111548,95,1,8,2022-11-01,2022
2022-11,-0.19313425943168336,-0.2508294158296286,0.36730449384180613,-0.07661657689780416,0.9441317191756052,1.1546073632202054,0.8827808394534923,0.0012841058111548,95,0,8,2022-11-01,2022
2022-11,-0.19324764643707606,-0.250379759791591,0.36730449384180613,-0.07661657689780416,0.9441317191756052,1.1546073632202054,0.8827808394534923,0.0012841058111548,95,1,8,2022-11-01,2022
2022-11,-0.19317961423384045,-0.22871827867149128,0.36730449384180613,-0.07661657689780416,0.9441317191756052,1.1546073632202054,0.8827808394534923,0.0012841058111548,97,1,8,2022-11-01,2022
2022-11,-0.1931812340482032,-0.22926644269535798,0.36730449384180613,-0.07661657689780416,0.9441317191756052,1.1546073632202054,0.8827808394534923,0.0012841058111548,97,1,8,2022-11-01,2022
2022-11,-0.026324156541031447,1.1922047768540884,0.36730449384180613,-0.07661657689780416,0.9441317191756052,1.1546073632202054,0.8827808394534923,0.0012841058111548,98,1,8,2022-11-01,2022
2022-11,-0.16262505590923332,-0.21240837102234783,0.36730449384180613,-0.07661657689780416,0.9441317191756052,1.1546073632202054,0.8827808394534923,0.0012841058111548,98,0,8,2022-11-01,2022
2022-11,-0.031181979814927263,1.1143242517916692,0.36730449384180613,-0.07661657689780416,0.9441317191756052,1.1546073632202054,0.8827808394534923,0.0012841058111548,98,1,8,2022-11-01,2022
2022-11,-0.16263801442413534,-0.21255618960486702,0.36730449384180613,-0.07661657689780416,0.9441317191756052,1.1546073632202054,0.8827808394534923,0.0012841058111548,98,0,8,2022-11-01,2022
2022-11,-0.17427314099178912,-0.18664652982520247,0.36730449384180613,-0.07661657689780416,0.9441317191756052,1.1546073632202054,0.8827808394534923,0.0012841058111548,100,1,8,2022-11-01,2022
2022-11,-0.18875752102352517,-0.23949920790914522,0.36730449384180613,-0.07661657689780416,0.9441317191756052,1.1546073632202054,0.8827808394534923,0.0012841058111548,100,0,8,2022-11-01,2022
2022-11,-0.17551553860802055,-0.20624432002099316,0.36730449384180613,-0.07661657689780416,0.9441317191756052,1.1546073632202054,0.8827808394534923,0.0012841058111548,100,1,8,2022-11-01,2022
2022-11,0.907894058290502,1.2456802140296677,0.36730449384180613,-0.07661657689780416,0.9441317191756052,1.1546073632202054,0.8827808394534923,0.0012841058111548,101,1,8,2022-11-01,2022
2022-11,0.14268565425423885,0.06838964403504544,0.36730449384180613,-0.07661657689780416,0.9441317191756052,1.1546073632202054,0.8827808394534923,0.0012841058111548,101,0,8,2022-11-01,2022
2022-11,0.8760420286613299,0.8596536251132767,0.36730449384180613,-0.07661657689780416,0.9441317191756052,1.1546073632202054,0.8827808394534923,0.0012841058111548,101,1,8,2022-11-01,2022
2022-11,0.1422369656757563,0.06768506636306432,0.36730449384180613,-0.07661657689780416,0.9441317191756052,1.1546073632202054,0.8827808394534923,0.0012841058111548,101,0,8,2022-11-01,2022
2022-12,-0.19329624086795866,-0.25175481353791296,0.36730449384180613,-0.07661657689780416,1.0135735613862755,1.149651154499802,0.8753052481268843,0.001257367645025,0,0,8,2022-12-01,2022
2022-12,-0.19299333558212386,-0.25166786143054876,0.36730449384180613,-0.07661657689780416,1.0135735613862755,1.149651154499802,0.8753052481268843,0.001257367645025,0,1,8,2022-12-01,2022
2022-12,-0.19301763279756518,-0.25170282514723047,0.36730449384180613,-0.07661657689780416,1.0135735613862755,1.149651154499802,0.8753052481268843,0.001257367645025,0,1,8,2022-12-01,2022
2022-12,-0.19321363033545827,-0.24896401228485715,0.36730449384180613,-0.07661657689780416,1.0135735613862755,1.149651154499802,0.8753052481268843,0.001257367645025,1,1,8,2022-12-01,2022
2022-12,-0.19326222476634083,-0.25044536792147404,0.36730449384180613,-0.07661657689780416,1.0135735613862755,1.149651154499802,0.8753052481268843,0.001257367645025,1,0,8,2022-12-01,2022
2022-12,-0.19326870402379187,-0.25064147823272515,0.36730449384180613,-0.07661657689780416,1.0135735613862755,1.149651154499802,0.8753052481268843,0.001257367645025,1,0,8,2022-12-01,2022
2022-12,-0.19324926625143882,-0.24991627936993396,0.36730449384180613,-0.07661657689780416,1.0135735613862755,1.149651154499802,0.8753052481268843,0.001257367645025,1,1,8,2022-12-01,2022
2022-12,-0.19160515467324468,-0.25140721846114816,0.36730449384180613,-0.07661657689780416,1.0135735613862755,1.149651154499802,0.8753052481268843,0.001257367645025,2,0,8,2022-12-01,2022
2022-12,-0.1759674668152286,-0.24378638656999502,0.36730449384180613,-0.07661657689780416,1.0135735613862755,1.149651154499802,0.8753052481268843,0.001257367645025,2,1,8,2022-12-01,2022
2022-12,-0.1760225405035622,-0.24544369721966625,0.36730449384180613,-0.07661657689780416,1.0135735613862755,1.149651154499802,0.8753052481268843,0.001257367645025,2,1,8,2022-12-01,2022
2022-12,-0.1930856650008008,-0.251291964466059,0.36730449384180613,-0.07661657689780416,1.0135735613862755,1.149651154499802,0.8753052481268843,0.001257367645025,3,0,8,2022-12-01,2022
2022-12,-0.18979906165877525,-0.16922229412773257,0.36730449384180613,-0.07661657689780416,1.0135735613862755,1.149651154499802,0.8753052481268843,0.001257367645025,3,1,8,2022-12-01,2022
2022-12,-0.19179143332496126,-0.22237496786742328,0.36730449384180613,-0.07661657689780416,1.0135735613862755,1.149651154499802,0.8753052481268843,0.001257367645025,3,1,8,2022-12-01,2022
2022-12,-0.16835595912465293,0.026201983719044933,0.36730449384180613,-0.07661657689780416,1.0135735613862755,1.149651154499802,0.8753052481268843,0.001257367645025,5,0,8,2022-12-01,2022
2022-12,-0.05138268473281814,2.4122632089254825,0.36730449384180613,-0.07661657689780416,1.0135735613862755,1.149651154499802,0.8753052481268843,0.001257367645025,5,1,8,2022-12-01,2022
2022-12,-0.16849202353112416,0.02405570353221788,0.36730449384180613,-0.07661657689780416,1.0135735613862755,1.149651154499802,0.8753052481268843,0.001257367645025,5,0,8,2022-12-01,2022
2022-12,-0.08795809304377764,0.9010081692915225,0.36730449384180613,-0.07661657689780416,1.0135735613862755,1.149651154499802,0.8753052481268843,0.001257367645025,5,1,8,2022-12-01,2022
2022-12,-0.19104631871809494,-0.13787059498153303,0.36730449384180613,-0.07661657689780416,1.0135735613862755,1.149651154499802,0.8753052481268843,0.001257367645025,6,1,8,2022-12-01,2022
2022-12,-0.19265479438030852,-0.23854421513457366,0.36730449384180613,-0.07661657689780416,1.0135735613862755,1.149651154499802,0.8753052481268843,0.001257367645025,6,0,8,2022-12-01,2022
2022-12,-0.19268557085320084,-0.2395500598701821,0.36730449384180613,-0.07661657689780416,1.0135735613862755,1.149651154499802,0.8753052481268843,0.001257367645025,6,0,8,2022-12-01,2022
2022-12,-0.19306946685717324,-0.2269277793381864,0.36730449384180613,-0.07661657689780416,1.0135735613862755,1.149651154499802,0.8753052481268843,0.001257367645025,6,1,8,2022-12-01,2022
2022-12,-0.19333511641266474,-0.24518031549836122,0.36730449384180613,-0.07661657689780416,1.0135735613862755,1.149651154499802,0.8753052481268843,0.001257367645025,8,1,8,2022-12-01,2022
2022-12,-0.18395477143796293,0.06868112735379307,0.36730449384180613,-0.07661657689780416,1.0135735613862755,1.149651154499802,0.8753052481268843,0.001257367645025,9,1,8,2022-12-01,2022
2022-12,-0.19175255778025518,-0.24194534006521334,0.36730449384180613,-0.07661657689780416,1.0135735613862755,1.149651154499802,0.8753052481268843,0.001257367645025,9,0,8,2022-12-01,2022
2022-12,-0.1857398068657166,-0.02306356942812971,0.36730449384180613,-0.07661657689780416,1.0135735613862755,1.149651154499802,0.8753052481268843,0.001257367645025,9,1,8,2022-12-01,2022
2022-12,-0.1917622766664317,-0.24207339086769078,0.36730449384180613,-0.07661657689780416,1.0135735613862755,1.149651154499802,0.8753052481268843,0.001257367645025,9,0,8,2022-12-01,2022
2022-12,-0.18703403854155612,-0.23212423233959048,0.36730449384180613,-0.07661657689780416,1.0135735613862755,1.149651154499802,0.8753052481268843,0.001257367645025,12,0,8,2022-12-01,2022
2022-12,-0.16911079261769577,-0.18705793477344562,0.36730449384180613,-0.07661657689780416,1.0135735613862755,1.149651154499802,0.8753052481268843,0.001257367645025,12,1,8,2022-12-01,2022
2022-12,-0.18703727817028162,-0.23213098125127873,0.36730449384180613,-0.07661657689780416,1.0135735613862755,1.149651154499802,0.8753052481268843,0.001257367645025,12,0,8,2022-12-01,2022
2022-12,-0.17032241376103488,-0.1945423776905839,0.36730449384180613,-0.07661657689780416,1.0135735613862755,1.149651154499802,0.8753052481268843,0.001257367645025,12,1,8,2022-12-01,2022
2022-12,-0.19329300123923315,-0.25147666693948867,0.36730449384180613,-0.07661657689780416,1.0135735613862755,1.149651154499802,0.8753052481268843,0.001257367645025,13,0,8,2022-12-01,2022
2022-12,-0.19311644147369308,-0.24776520527873994,0.36730449384180613,-0.07661657689780416,1.0135735613862755,1.149651154499802,0.8753052481268843,0.001257367645025,13,1,8,2022-12-01,2022
2022-12,-0.19321848977854653,-0.249869385319042,0.36730449384180613,-0.07661657689780416,1.0135735613862755,1.149651154499802,0.8753052481268843,0.001257367645025,13,1,8,2022-12-01,2022
2022-12,-0.19333349659830198,-0.25174771629529885,0.36730449384180613,-0.07661657689780416,1.0135735613862755,1.149651154499802,0.8753052481268843,0.001257367645025,15,1,8,2022-12-01,2022
2022-12,-0.1919550345755993,-0.2500680776332809,0.36730449384180613,-0.07661657689780416,1.0135735613862755,1.149651154499802,0.8753052481268843,0.001257367645025,17,0,8,2022-12-01,2022
2022-12,-0.19196313364741305,-0.25007780912852173,0.36730449384180613,-0.07661657689780416,1.0135735613862755,1.149651154499802,0.8753052481268843,0.001257367645025,17,0,8,2022-12-01,2022
2022-12,-0.18789901941126613,-0.24617052017539917,0.36730449384180613,-0.07661657689780416,1.0135735613862755,1.149651154499802,0.8753052481268843,0.001257367645025,18,1,8,2022-12-01,2022
2022-12,-0.19281677581658382,-0.25112457839378044,0.36730449384180613,-0.07661657689780416,1.0135735613862755,1.149651154499802,0.8753052481268843,0.001257367645025,18,0,8,2022-12-01,2022
2022-12,-0.18798001012940377,-0.24636993963044582,0.36730449384180613,-0.07661657689780416,1.0135735613862755,1.149651154499802,0.8753052481268843,0.001257367645025,18,1,8,2022-12-01,2022
2022-12,-0.19287670894800565,-0.25137038681987656,0.36730449384180613,-0.07661657689780416,1.0135735613862755,1.149651154499802,0.8753052481268843,0.001257367645025,19,0,8,2022-12-01,2022
2022-12,-0.19322496903599753,-0.25168405881860056,0.36730449384180613,-0.07661657689780416,1.0135735613862755,1.149651154499802,0.8753052481268843,0.001257367645025,19,1,8,2022-12-01,2022
2022-12,-0.19331567864031168,-0.25174414590330896,0.36730449384180613,-0.07661657689780416,1.0135735613862755,1.149651154499802,0.8753052481268843,0.001257367645025,19,1,8,2022-12-01,2022
2022-12,-0.19329624086795866,-0.251714711940075,0.36730449384180613,-0.07661657689780416,1.0135735613862755,1.149651154499802,0.8753052481268843,0.001257367645025,21,0,8,2022-12-01,2022
2022-12,-0.1924976723871215,-0.2500479789388596,0.36730449384180613,-0.07661657689780416,1.0135735613862755,1.149651154499802,0.8753052481268843,0.001257367645025,21,1,8,2022-12-01,2022
2022-12,-0.1932978606823214,-0.2517184129561621,0.36730449384180613,-0.07661657689780416,1.0135735613862755,1.149651154499802,0.8753052481268843,0.001257367645025,21,0,8,2022-12-01,2022
2022-12,-0.19271958695481864,-0.25076560595815023,0.36730449384180613,-0.07661657689780416,1.0135735613862755,1.149651154499802,0.8753052481268843,0.001257367645025,21,1,8,2022-12-01,2022
2022-12,-0.1925219696025628,-0.25113751453353905,0.36730449384180613,-0.07661657689780416,1.0135735613862755,1.149651154499802,0.8753052481268843,0.001257367645025,23,1,8,2022-12-01,2022
2022-12,-0.19321686996418377,-0.2516374347241761,0.36730449384180613,-0.07661657689780416,1.0135735613862755,1.149651154499802,0.8753052481268843,0.001257367645025,23,0,8,2022-12-01,2022
2022-12,-0.19253816774619031,-0.2511626161308828,0.36730449384180613,-0.07661657689780416,1.0135735613862755,1.149651154499802,0.8753052481268843,0.001257367645025,23,1,8,2022-12-01,2022
2022-12,-0.1932055312636445,-0.2514793708583005,0.36730449384180613,-0.07661657689780416,1.0135735613862755,1.149651154499802,0.8753052481268843,0.001257367645025,25,1,8,2022-12-01,2022
2022-12,-0.1918238296122163,-0.22878004645291686,0.36730449384180613,-0.07661657689780416,1.0135735613862755,1.149651154499802,0.8753052481268843,0.001257367645025,28,1,8,2022-12-01,2022
2022-12,-0.19325412569452707,-0.2514257583746763,0.36730449384180613,-0.07661657689780416,1.0135735613862755,1.149651154499802,0.8753052481268843,0.001257367645025,28,0,8,2022-12-01,2022
2022-12,-0.19215103211349238,-0.24553967980628302,0.36730449384180613,-0.07661657689780416,1.0135735613862755,1.149651154499802,0.8753052481268843,0.001257367645025,28,1,8,2022-12-01,2022
2022-12,-0.19175255778025518,-0.24658337069698458,0.36730449384180613,-0.07661657689780416,1.0135735613862755,1.149651154499802,0.8753052481268843,0.001257367645025,30,0,8,2022-12-01,2022
2022-12,-0.1909070146828982,-0.24131253598050273,0.36730449384180613,-0.07661657689780416,1.0135735613862755,1.149651154499802,0.8753052481268843,0.001257367645025,30,1,8,2022-12-01,2022
2022-12,-0.19114188776549737,-0.12476767002150921,0.36730449384180613,-0.07661657689780416,1.0135735613862755,1.149651154499802,0.8753052481268843,0.001257367645025,30,1,8,2022-12-01,2022
2022-12,-0.19178171443878472,-0.24682481192409791,0.36730449384180613,-0.07661657689780416,1.0135735613862755,1.149651154499802,0.8753052481268843,0.001257367645025,30,0,8,2022-12-01,2022
2022-12,-0.19333511641266474,-0.25154546665147975,0.36730449384180613,-0.07661657689780416,1.0135735613862755,1.149651154499802,0.8753052481268843,0.001257367645025,36,1,8,2022-12-01,2022
2022-12,-0.1920716612097175,-0.2482298003593597,0.36730449384180613,-0.07661657689780416,1.0135735613862755,1.149651154499802,0.8753052481268843,0.001257367645025,37,1,8,2022-12-01,2022
2022-12,-0.08178983995041476,-0.08110125784256252,0.36730449384180613,-0.07661657689780416,1.0135735613862755,1.149651154499802,0.8753052481268843,0.001257367645025,37,0,8,2022-12-01,2022
2022-12,-0.0818092777227678,-0.08112005029601188,0.36730449384180613,-0.07661657689780416,1.0135735613862755,1.149651154499802,0.8753052481268843,0.001257367645025,37,0,8,2022-12-01,2022
2022-12,-0.19206356213790374,-0.2482222677030883,0.36730449384180613,-0.07661657689780416,1.0135735613862755,1.149651154499802,0.8753052481268843,0.001257367645025,37,1,8,2022-12-01,2022
2022-12,-0.1922158246880025,-0.1374698794385768,0.36730449384180613,-0.07661657689780416,1.0135735613862755,1.149651154499802,0.8753052481268843,0.001257367645025,38,1,8,2022-12-01,2022
2022-12,-0.19315531701839916,-0.248697347544576,0.36730449384180613,-0.07661657689780416,1.0135735613862755,1.149651154499802,0.8753052481268843,0.001257367645025,38,1,8,2022-12-01,2022
2022-12,-0.1933189182690372,-0.25168233458051764,0.36730449384180613,-0.07661657689780416,1.0135735613862755,1.149651154499802,0.8753052481268843,0.001257367645025,40,0,8,2022-12-01,2022
2022-12,-0.1933286371552137,-0.2517181517079677,0.36730449384180613,-0.07661657689780416,1.0135735613862755,1.149651154499802,0.8753052481268843,0.001257367645025,40,1,8,2022-12-01,2022
2022-12,-0.19333187678393923,-0.25174218654185104,0.36730449384180613,-0.07661657689780416,1.0135735613862755,1.149651154499802,0.8753052481268843,0.001257367645025,40,1,8,2022-12-01,2022
2022-12,-0.19333349659830198,-0.2516788033757569,0.36730449384180613,-0.07661657689780416,1.0135735613862755,1.149651154499802,0.8753052481268843,0.001257367645025,41,1,8,2022-12-01,2022
2022-12,-0.19333349659830198,-0.25175725620853046,0.36730449384180613,-0.07661657689780416,1.0135735613862755,1.149651154499802,0.8753052481268843,0.001257367645025,43,0,8,2022-12-01,2022
2022-12,0.02300081061915579,1.2664143642048447,0.36730449384180613,-0.07661657689780416,1.0135735613862755,1.149651154499802,0.8753052481268843,0.001257367645025,44,1,8,2022-12-01,2022
2022-12,-0.13513356654459183,0.013053858467256062,0.36730449384180613,-0.07661657689780416,1.0135735613862755,1.149651154499802,0.8753052481268843,0.001257367645025,44,0,8,2022-12-01,2022
2022-12,0.009167595961246394,0.5787043517054715,0.36730449384180613,-0.07661657689780416,1.0135735613862755,1.149651154499802,0.8753052481268843,0.001257367645025,44,1,8,2022-12-01,2022
2022-12,-0.13594347372596827,-0.0019906151779290437,0.36730449384180613,-0.07661657689780416,1.0135735613862755,1.149651154499802,0.8753052481268843,0.001257367645025,44,0,8,2022-12-01,2022
2022-12,-0.19327194365251738,-0.2475119338625576,0.36730449384180613,-0.07661657689780416,1.0135735613862755,1.149651154499802,0.8753052481268843,0.001257367645025,46,1,8,2022-12-01,2022
2022-12,-0.19333511641266474,-0.25175490062064443,0.36730449384180613,-0.07661657689780416,1.0135735613862755,1.149651154499802,0.8753052481268843,0.001257367645025,46,0,8,2022-12-01,2022
2022-12,-0.19333511641266474,-0.25173748407435215,0.36730449384180613,-0.07661657689780416,1.0135735613862755,1.149651154499802,0.8753052481268843,0.001257367645025,48,0,8,2022-12-01,2022
2022-12,-0.19200686863520738,-0.2135437251961857,0.36730449384180613,-0.07661657689780416,1.0135735613862755,1.149651154499802,0.8753052481268843,0.001257367645025,48,1,8,2022-12-01,2022
2022-12,-0.1923292116933952,-0.24011198731975628,0.36730449384180613,-0.07661657689780416,1.0135735613862755,1.149651154499802,0.8753052481268843,0.001257367645025,48,1,8,2022-12-01,2022
2022-12,-0.19333187678393923,-0.2517210646253351,0.36730449384180613,-0.07661657689780416,1.0135735613862755,1.149651154499802,0.8753052481268843,0.001257367645025,49,1,8,2022-12-01,2022
2022-12,-0.1867602899142509,-0.2418609307736078,0.36730449384180613,-0.07661657689780416,1.0135735613862755,1.149651154499802,0.8753052481268843,0.001257367645025,50,0,8,2022-12-01,2022
2022-12,-0.1477551600591621,-0.21151915618898567,0.36730449384180613,-0.07661657689780416,1.0135735613862755,1.149651154499802,0.8753052481268843,0.001257367645025,50,1,8,2022-12-01,2022
2022-12,-0.18676838898606465,-0.24188358099206092,0.36730449384180613,-0.07661657689780416,1.0135735613862755,1.149651154499802,0.8753052481268843,0.001257367645025,50,0,8,2022-12-01,2022
2022-12,-0.14819898919455637,-0.21280992255952613,0.36730449384180613,-0.07661657689780416,1.0135735613862755,1.149651154499802,0.8753052481268843,0.001257367645025,50,1,8,2022-12-01,2022
2022-12,-0.19310024333006556,-0.251214291023732,0.36730449384180613,-0.07661657689780416,1.0135735613862755,1.149651154499802,0.8753052481268843,0.001257367645025,52,1,8,2022-12-01,2022
2022-12,-0.19324116717962506,-0.2447722719435525,0.36730449384180613,-0.07661657689780416,1.0135735613862755,1.149651154499802,0.8753052481268843,0.001257367645025,53,1,8,2022-12-01,2022
2022-12,-0.19324764643707606,-0.24619596139539562,0.36730449384180613,-0.07661657689780416,1.0135735613862755,1.149651154499802,0.8753052481268843,0.001257367645025,53,1,8,2022-12-01,2022
2022-12,-0.19327356346688013,-0.25149082659162425,0.36730449384180613,-0.07661657689780416,1.0135735613862755,1.149651154499802,0.8753052481268843,0.001257367645025,58,1,8,2022-12-01,2022
2022-12,-0.19330433993977242,-0.251521945605712,0.36730449384180613,-0.07661657689780416,1.0135735613862755,1.149651154499802,0.8753052481268843,0.001257367645025,58,0,8,2022-12-01,2022
2022-12,-0.11704509955573068,-0.10734468831537233,0.36730449384180613,-0.07661657689780416,1.0135735613862755,1.149651154499802,0.8753052481268843,0.001257367645025,60,0,8,2022-12-01,2022
2022-12,-0.12130197170104519,-0.15059223255598966,0.36730449384180613,-0.07661657689780416,1.0135735613862755,1.149651154499802,0.8753052481268843,0.001257367645025,60,0,8,2022-12-01,2022
2022-12,-0.19333187678393923,-0.2516490297898702,0.36730449384180613,-0.07661657689780416,1.0135735613862755,1.149651154499802,0.8753052481268843,0.001257367645025,66,0,8,2022-12-01,2022
2022-12,-0.19331081919722343,-0.2515214405258695,0.36730449384180613,-0.07661657689780416,1.0135735613862755,1.149651154499802,0.8753052481268843,0.001257367645025,66,1,8,2022-12-01,2022
2022-12,-0.19223850208908105,-0.24510139677297432,0.36730449384180613,-0.07661657689780416,1.0135735613862755,1.149651154499802,0.8753052481268843,0.001257367645025,67,0,8,2022-12-01,2022
2022-12,-0.1903125428117679,-0.2205127254258039,0.36730449384180613,-0.07661657689780416,1.0135735613862755,1.149651154499802,0.8753052481268843,0.001257367645025,67,1,8,2022-12-01,2022
2022-12,-0.19127633235760585,-0.23944894375654568,0.36730449384180613,-0.07661657689780416,1.0135735613862755,1.149651154499802,0.8753052481268843,0.001257367645025,67,1,8,2022-12-01,2022
2022-12,-0.19225146060398307,-0.24530810940678083,0.36730449384180613,-0.07661657689780416,1.0135735613862755,1.149651154499802,0.8753052481268843,0.001257367645025,67,0,8,2022-12-01,2022
2022-12,-0.19314883776094816,0.007527575266305304,0.36730449384180613,-0.07661657689780416,1.0135735613862755,1.149651154499802,0.8753052481268843,0.001257367645025,68,1,8,2022-12-01,2022
2022-12,-0.1932298284790858,-0.18793970403326785,0.36730449384180613,-0.07661657689780416,1.0135735613862755,1.149651154499802,0.8753052481268843,0.001257367645025,68,1,8,2022-12-01,2022
2022-12,-0.19330919938286067,-0.2517516350182146,0.36730449384180613,-0.07661657689780416,1.0135735613862755,1.149651154499802,0.8753052481268843,0.001257367645025,69,0,8,2022-12-01,2022
2022-12,-0.1933286371552137,-0.25176469742793384,0.36730449384180613,-0.07661657689780416,1.0135735613862755,1.149651154499802,0.8753052481268843,0.001257367645025,69,1,8,2022-12-01,2022
2022-12,-0.14608675126552664,0.6268830470519592,0.36730449384180613,-0.07661657689780416,1.0135735613862755,1.149651154499802,0.8753052481268843,0.001257367645025,72,1,8,2022-12-01,2022
2022-12,-0.19332701734085095,-0.2516817511262168,0.36730449384180613,-0.07661657689780416,1.0135735613862755,1.149651154499802,0.8753052481268843,0.001257367645025,72,0,8,2022-12-01,2022
2022-12,-0.17039206577863328,0.09910076260861483,0.36730449384180613,-0.07661657689780416,1.0135735613862755,1.149651154499802,0.8753052481268843,0.001257367645025,72,1,8,2022-12-01,2022
2022-12,-0.19316989534766393,-0.24996352610588835,0.36730449384180613,-0.07661657689780416,1.0135735613862755,1.149651154499802,0.8753052481268843,0.001257367645025,73,1,8,2022-12-01,2022
2022-12,-0.19057495273853386,-0.24604835616556855,0.36730449384180613,-0.07661657689780416,1.0135735613862755,1.149651154499802,0.8753052481268843,0.001257367645025,75,1,8,2022-12-01,2022
2022-12,-0.19277466064315224,-0.25109160887164916,0.36730449384180613,-0.07661657689780416,1.0135735613862755,1.149651154499802,0.8753052481268843,0.001257367645025,75,0,8,2022-12-01,2022
2022-12,-0.19062678679814196,-0.2461584069674529,0.36730449384180613,-0.07661657689780416,1.0135735613862755,1.149651154499802,0.8753052481268843,0.001257367645025,75,1,8,2022-12-01,2022
2022-12,-0.192776280457515,-0.2510927975509336,0.36730449384180613,-0.07661657689780416,1.0135735613862755,1.149651154499802,0.8753052481268843,0.001257367645025,75,0,8,2022-12-01,2022
2022-12,-0.19237942593864055,-0.23849255765827077,0.36730449384180613,-0.07661657689780416,1.0135735613862755,1.149651154499802,0.8753052481268843,0.001257367645025,77,1,8,2022-12-01,2022
2022-12,-0.19323792755089955,-0.2494665580198478,0.36730449384180613,-0.07661657689780416,1.0135735613862755,1.149651154499802,0.8753052481268843,0.001257367645025,77,0,8,2022-12-01,2022
2022-12,-0.19245231758496442,-0.2405765257966006,0.36730449384180613,-0.07661657689780416,1.0135735613862755,1.149651154499802,0.8753052481268843,0.001257367645025,77,1,8,2022-12-01,2022
2022-12,-0.19316341609021292,-0.2504763563114646,0.36730449384180613,-0.07661657689780416,1.0135735613862755,1.149651154499802,0.8753052481268843,0.001257367645025,78,1,8,2022-12-01,2022
2022-12,-0.19316827553330118,-0.2505362910013929,0.36730449384180613,-0.07661657689780416,1.0135735613862755,1.149651154499802,0.8753052481268843,0.001257367645025,78,1,8,2022-12-01,2022
2022-12,-0.051267677913062686,-0.0300095014421838,0.36730449384180613,-0.07661657689780416,1.0135735613862755,1.149651154499802,0.8753052481268843,0.001257367645025,79,1,8,2022-12-01,2022
2022-12,-0.15685203752038213,-0.18541156171484593,0.36730449384180613,-0.07661657689780416,1.0135735613862755,1.149651154499802,0.8753052481268843,0.001257367645025,79,0,8,2022-12-01,2022
2022-12,-0.15705775394445176,-0.18583565897119955,0.36730449384180613,-0.07661657689780416,1.0135735613862755,1.149651154499802,0.8753052481268843,0.001257367645025,79,0,8,2022-12-01,2022
2022-12,-0.05539820453808247,-0.07386573655917007,0.36730449384180613,-0.07661657689780416,1.0135735613862755,1.149651154499802,0.8753052481268843,0.001257367645025,79,1,8,2022-12-01,2022
2022-12,-0.0715461339203657,-0.22640390268812427,0.36730449384180613,-0.07661657689780416,1.0135735613862755,1.149651154499802,0.8753052481268843,0.001257367645025,80,0,8,2022-12-01,2022
2022-12,0.5674511944132832,-0.12205856107883735,0.36730449384180613,-0.07661657689780416,1.0135735613862755,1.149651154499802,0.8753052481268843,0.001257367645025,80,1,8,2022-12-01,2022
2022-12,0.33162242134009484,-0.16055476699164242,0.36730449384180613,-0.07661657689780416,1.0135735613862755,1.149651154499802,0.8753052481268843,0.001257367645025,80,1,8,2022-12-01,2022
2022-12,-0.07214708504894701,-0.22678706670655446,0.36730449384180613,-0.07661657689780416,1.0135735613862755,1.149651154499802,0.8753052481268843,0.001257367645025,80,0,8,2022-12-01,2022
2022-12,-0.18038146095373014,-0.20062080895036574,0.36730449384180613,-0.07661657689780416,1.0135735613862755,1.149651154499802,0.8753052481268843,0.001257367645025,81,1,8,2022-12-01,2022
2022-12,-0.18945728082823438,-0.24941449125470702,0.36730449384180613,-0.07661657689780416,1.0135735613862755,1.149651154499802,0.8753052481268843,0.001257367645025,81,0,8,2022-12-01,2022
2022-12,-0.18946052045695988,-0.2494192808049374,0.36730449384180613,-0.07661657689780416,1.0135735613862755,1.149651154499802,0.8753052481268843,0.001257367645025,81,0,8,2022-12-01,2022
2022-12,-0.1836259491223241,-0.23464913082626546,0.36730449384180613,-0.07661657689780416,1.0135735613862755,1.149651154499802,0.8753052481268843,0.001257367645025,81,1,8,2022-12-01,2022
2022-12,-0.192356748537562,-0.24773722995125796,0.36730449384180613,-0.07661657689780416,1.0135735613862755,1.149651154499802,0.8753052481268843,0.001257367645025,86,1,8,2022-12-01,2022
2022-12,-0.19332701734085095,-0.25172424749917,0.36730449384180613,-0.07661657689780416,1.0135735613862755,1.149651154499802,0.8753052481268843,0.001257367645025,86,0,8,2022-12-01,2022
2022-12,-0.19236970705246403,-0.24784974084030612,0.36730449384180613,-0.07661657689780416,1.0135735613862755,1.149651154499802,0.8753052481268843,0.001257367645025,86,1,8,2022-12-01,2022
2022-12,-0.17611648973660185,-0.2364344182580924,0.36730449384180613,-0.07661657689780416,1.0135735613862755,1.149651154499802,0.8753052481268843,0.001257367645025,87,1,8,2022-12-01,2022
2022-12,-0.11667740169538579,-0.14932788273203804,0.36730449384180613,-0.07661657689780416,1.0135735613862755,1.149651154499802,0.8753052481268843,0.001257367645025,87,0,8,2022-12-01,2022
2022-12,-0.1208856794098177,-0.17756491559274018,0.36730449384180613,-0.07661657689780416,1.0135735613862755,1.149651154499802,0.8753052481268843,0.001257367645025,87,0,8,2022-12-01,2022
2022-12,-0.17818499267783725,-0.24117483641137935,0.36730449384180613,-0.07661657689780416,1.0135735613862755,1.149651154499802,0.8753052481268843,0.001257367645025,87,1,8,2022-12-01,2022
2022-12,3.9179513536063415,2.45142733503446,0.36730449384180613,-0.07661657689780416,1.0135735613862755,1.149651154499802,0.8753052481268843,0.001257367645025,88,0,8,2022-12-01,2022
2022-12,7.462207227614444,10.195271739674663,0.36730449384180613,-0.07661657689780416,1.0135735613862755,1.149651154499802,0.8753052481268843,0.001257367645025,88,1,8,2022-12-01,2022
2022-12,3.8673645510575696,2.3950520167763965,0.36730449384180613,-0.07661657689780416,1.0135735613862755,1.149651154499802,0.8753052481268843,0.001257367645025,88,0,8,2022-12-01,2022
2022-12,7.0472091680628,8.099736515332353,0.36730449384180613,-0.07661657689780416,1.0135735613862755,1.149651154499802,0.8753052481268843,0.001257367645025,88,1,8,2022-12-01,2022
2022-12,-0.18665824160939745,0.06895869049791659,0.36730449384180613,-0.07661657689780416,1.0135735613862755,1.149651154499802,0.8753052481268843,0.001257367645025,89,1,8,2022-12-01,2022
2022-12,0.2980566281151301,0.6021329722161617,0.36730449384180613,-0.07661657689780416,1.0135735613862755,1.149651154499802,0.8753052481268843,0.001257367645025,89,0,8,2022-12-01,2022
2022-12,0.25890247533866806,0.44467962160015057,0.36730449384180613,-0.07661657689780416,1.0135735613862755,1.149651154499802,0.8753052481268843,0.001257367645025,89,0,8,2022-12-01,2022
2022-12,-0.18714742554694883,-0.2041978540609672,0.36730449384180613,-0.07661657689780416,1.0135735613862755,1.149651154499802,0.8753052481268843,0.001257367645025,89,1,8,2022-12-01,2022
2022-12,0.07645468459000006,2.559209052664082,0.36730449384180613,-0.07661657689780416,1.0135735613862755,1.149651154499802,0.8753052481268843,0.001257367645025,91,0,8,2022-12-01,2022
2022-12,-0.1932460266227133,-0.2513721633075984,0.36730449384180613,-0.07661657689780416,1.0135735613862755,1.149651154499802,0.8753052481268843,0.001257367645025,91,1,8,2022-12-01,2022
2022-12,0.05817345969197132,0.7848724180049347,0.36730449384180613,-0.07661657689780416,1.0135735613862755,1.149651154499802,0.8753052481268843,0.001257367645025,91,0,8,2022-12-01,2022
2022-12,-0.1933286371552137,-0.2511586843455573,0.36730449384180613,-0.07661657689780416,1.0135735613862755,1.149651154499802,0.8753052481268843,0.001257367645025,93,1,8,2022-12-01,2022
2022-12,-0.19333349659830198,-0.2515849064205586,0.36730449384180613,-0.07661657689780416,1.0135735613862755,1.149651154499802,0.8753052481268843,0.001257367645025,93,1,8,2022-12-01,2022
2022-12,-0.19330110031104691,-0.2516880951032038,0.36730449384180613,-0.07661657689780416,1.0135735613862755,1.149651154499802,0.8753052481268843,0.001257367645025,94,0,8,2022-12-01,2022
2022-12,-0.1933286371552137,-0.2517099833477566,0.36730449384180613,-0.07661657689780416,1.0135735613862755,1.149651154499802,0.8753052481268843,0.001257367645025,94,1,8,2022-12-01,2022
2022-12,-0.1930921442582518,-0.244924727681522,0.36730449384180613,-0.07661657689780416,1.0135735613862755,1.149651154499802,0.8753052481268843,0.001257367645025,95,1,8,2022-12-01,2022
2022-12,-0.19324764643707606,-0.24936098327036055,0.36730449384180613,-0.07661657689780416,1.0135735613862755,1.149651154499802,0.8753052481268843,0.001257367645025,95,0,8,2022-12-01,2022
2022-12,-0.19324926625143882,-0.2513468265868797,0.36730449384180613,-0.07661657689780416,1.0135735613862755,1.149651154499802,0.8753052481268843,0.001257367645025,95,0,8,2022-12-01,2022
2022-12,-0.19327032383815462,-0.2503495899792762,0.36730449384180613,-0.07661657689780416,1.0135735613862755,1.149651154499802,0.8753052481268843,0.001257367645025,95,1,8,2022-12-01,2022
2022-12,-0.1931877133056542,-0.22502715518267538,0.36730449384180613,-0.07661657689780416,1.0135735613862755,1.149651154499802,0.8753052481268843,0.001257367645025,97,1,8,2022-12-01,2022
2022-12,-0.019174295943840337,0.7958707579899552,0.36730449384180613,-0.07661657689780416,1.0135735613862755,1.149651154499802,0.8753052481268843,0.001257367645025,98,1,8,2022-12-01,2022
2022-12,-0.1546750070168423,-0.20012138513129799,0.36730449384180613,-0.07661657689780416,1.0135735613862755,1.149651154499802,0.8753052481268843,0.001257367645025,98,0,8,2022-12-01,2022
2022-12,-0.1547511382918917,-0.2002620629298373,0.36730449384180613,-0.07661657689780416,1.0135735613862755,1.149651154499802,0.8753052481268843,0.001257367645025,98,0,8,2022-12-01,2022
2022-12,-0.024684904405925558,0.7789287908134551,0.36730449384180613,-0.07661657689780416,1.0135735613862755,1.149651154499802,0.8753052481268843,0.001257367645025,98,1,8,2022-12-01,2022
2022-12,-0.1857948805540502,-0.23368895662917194,0.36730449384180613,-0.07661657689780416,1.0135735613862755,1.149651154499802,0.8753052481268843,0.001257367645025,100,0,8,2022-12-01,2022
2022-12,-0.16254244537673293,-0.11470177709188491,0.36730449384180613,-0.07661657689780416,1.0135735613862755,1.149651154499802,0.8753052481268843,0.001257367645025,100,1,8,2022-12-01,2022
2022-12,-0.16415578048203477,-0.16087564944053143,0.36730449384180613,-0.07661657689780416,1.0135735613862755,1.149651154499802,0.8753052481268843,0.001257367645025,100,1,8,2022-12-01,2022
2022-12,-0.1858110786976777,-0.23374489857586275,0.36730449384180613,-0.07661657689780416,1.0135735613862755,1.149651154499802,0.8753052481268843,0.001257367645025,100,0,8,2022-12-01,2022
2022-12,0.9043207478062691,1.284917263217971,0.36730449384180613,-0.07661657689780416,1.0135735613862755,1.149651154499802,0.8753052481268843,0.001257367645025,101,1,8,2022-12-01,2022
2022-12,0.17056103962285277,0.1287743818736896,0.36730449384180613,-0.07661657689780416,1.0135735613862755,1.149651154499802,0.8753052481268843,0.001257367645025,101,0,8,2022-12-01,2022
2022-12,0.16892178748774686,0.12698356033427827,0.36730449384180613,-0.07661657689780416,1.0135735613862755,1.149651154499802,0.8753052481268843,0.001257367645025,101,0,8,2022-12-01,2022
2022-12,0.8672950311024644,0.8325112047704982,0.36730449384180613,-0.07661657689780416,1.0135735613862755,1.149651154499802,0.8753052481268843,0.001257367645025,101,1,8,2022-12-01,2022
2023-01,-0.19258190273398465,-0.247042166067689,0.46651898312051276,0.2480844480277322,-0.7547154271202864,-0.6598069474485623,0.2313364524205115,0.0018337960982084,0,1,8,2023-01-01,2023
2023-01,-0.1932395473652623,-0.25152442746355863,0.46651898312051276,0.2480844480277322,-0.7547154271202864,-0.6598069474485623,0.2313364524205115,0.0018337960982084,0,0,8,2023-01-01,2023
2023-01,-0.1931747547907522,-0.21819614189519435,0.46651898312051276,0.2480844480277322,-0.7547154271202864,-0.6598069474485623,0.2313364524205115,0.0018337960982084,1,1,8,2023-01-01,2023
2023-01,-0.19330272012540967,-0.2512115043763252,0.46651898312051276,0.2480844480277322,-0.7547154271202864,-0.6598069474485623,0.2313364524205115,0.0018337960982084,1,0,8,2023-01-01,2023
2023-01,-0.19185136645638312,-0.2514704187535063,0.46651898312051276,0.2480844480277322,-0.7547154271202864,-0.6598069474485623,0.2313364524205115,0.0018337960982084,2,0,8,2023-01-01,2023
2023-01,-0.1814958932353041,-0.24892379747946827,0.46651898312051276,0.2480844480277322,-0.7547154271202864,-0.6598069474485623,0.2313364524205115,0.0018337960982084,2,1,8,2023-01-01,2023
2023-01,-0.1929755176241336,-0.25116609944014123,0.46651898312051276,0.2480844480277322,-0.7547154271202864,-0.6598069474485623,0.2313364524205115,0.0018337960982084,3,0,8,2023-01-01,2023
2023-01,-0.19155332061363659,-0.19478066216868178,0.46651898312051276,0.2480844480277322,-0.7547154271202864,-0.6598069474485623,0.2313364524205115,0.0018337960982084,3,1,8,2023-01-01,2023
2023-01,-0.16722694851381417,0.1386581630411452,0.46651898312051276,0.2480844480277322,-0.7547154271202864,-0.6598069474485623,0.2313364524205115,0.0018337960982084,5,0,8,2023-01-01,2023
2023-01,-0.0777273455286306,1.4722289660514425,0.46651898312051276,0.2480844480277322,-0.7547154271202864,-0.6598069474485623,0.2313364524205115,0.0018337960982084,5,1,8,2023-01-01,2023
2023-01,-0.19305812815663398,-0.22506275895743338,0.46651898312051276,0.2480844480277322,-0.7547154271202864,-0.6598069474485623,0.2313364524205115,0.0018337960982084,6,1,8,2023-01-01,2023
2023-01,-0.19271472751173038,-0.2390775184903165,0.46651898312051276,0.2480844480277322,-0.7547154271202864,-0.6598069474485623,0.2313364524205115,0.0018337960982084,6,0,8,2023-01-01,2023
2023-01,-0.19333511641266474,-0.24713046795739088,0.46651898312051276,0.2480844480277322,-0.7547154271202864,-0.6598069474485623,0.2313364524205115,0.0018337960982084,8,1,8,2023-01-01,2023
2023-01,-0.1916083943019702,-0.24200902802086763,0.46651898312051276,0.2480844480277322,-0.7547154271202864,-0.6598069474485623,0.2313364524205115,0.0018337960982084,9,0,8,2023-01-01,2023
2023-01,-0.18598115920576674,-0.0604407404709728,0.46651898312051276,0.2480844480277322,-0.7547154271202864,-0.6598069474485623,0.2313364524205115,0.0018337960982084,9,1,8,2023-01-01,2023
2023-01,-0.18687691654836908,-0.23356214240148127,0.46651898312051276,0.2480844480277322,-0.7547154271202864,-0.6598069474485623,0.2313364524205115,0.0018337960982084,12,0,8,2023-01-01,2023
2023-01,-0.17036452893446646,-0.204538687163634,0.46651898312051276,0.2480844480277322,-0.7547154271202864,-0.6598069474485623,0.2313364524205115,0.0018337960982084,12,1,8,2023-01-01,2023
2023-01,-0.19311644147369308,-0.24827315885135434,0.46651898312051276,0.2480844480277322,-0.7547154271202864,-0.6598069474485623,0.2313364524205115,0.0018337960982084,13,1,8,2023-01-01,2023
2023-01,-0.19330919938286067,-0.25165198189446675,0.46651898312051276,0.2480844480277322,-0.7547154271202864,-0.6598069474485623,0.2313364524205115,0.0018337960982084,13,0,8,2023-01-01,2023
2023-01,-0.19333349659830198,-0.25175916767448603,0.46651898312051276,0.2480844480277322,-0.7547154271202864,-0.6598069474485623,0.2313364524205115,0.0018337960982084,15,1,8,2023-01-01,2023
2023-01,-0.19173797945099041,-0.24973925323928262,0.46651898312051276,0.2480844480277322,-0.7547154271202864,-0.6598069474485623,0.2313364524205115,0.0018337960982084,17,0,8,2023-01-01,2023
2023-01,-0.19261267920687694,-0.25092807621023777,0.46651898312051276,0.2480844480277322,-0.7547154271202864,-0.6598069474485623,0.2313364524205115,0.0018337960982084,18,0,8,2023-01-01,2023
2023-01,-0.1858110786976777,-0.24387591632621047,0.46651898312051276,0.2480844480277322,-0.7547154271202864,-0.6598069474485623,0.2313364524205115,0.0018337960982084,18,1,8,2023-01-01,2023
2023-01,-0.19282163525967208,-0.2514260457476901,0.46651898312051276,0.2480844480277322,-0.7547154271202864,-0.6598069474485623,0.2313364524205115,0.0018337960982084,19,0,8,2023-01-01,2023
2023-01,-0.19333511641266474,-0.25175720831302817,0.46651898312051276,0.2480844480277322,-0.7547154271202864,-0.6598069474485623,0.2313364524205115,0.0018337960982084,19,1,8,2023-01-01,2023
2023-01,-0.1932913814248704,-0.2517154216643364,0.46651898312051276,0.2480844480277322,-0.7547154271202864,-0.6598069474485623,0.2313364524205115,0.0018337960982084,21,0,8,2023-01-01,2023
2023-01,-0.19257218384780814,-0.25059353918905564,0.46651898312051276,0.2480844480277322,-0.7547154271202864,-0.6598069474485623,0.2313364524205115,0.0018337960982084,21,1,8,2023-01-01,2023
2023-01,-0.192225543574179,-0.2504944477489257,0.46651898312051276,0.2480844480277322,-0.7547154271202864,-0.6598069474485623,0.2313364524205115,0.0018337960982084,23,1,8,2023-01-01,2023
2023-01,-0.1931844736769287,-0.251544260555649,0.46651898312051276,0.2480844480277322,-0.7547154271202864,-0.6598069474485623,0.2313364524205115,0.0018337960982084,23,0,8,2023-01-01,2023
2023-01,-0.1932265888503603,-0.25145584110425967,0.46651898312051276,0.2480844480277322,-0.7547154271202864,-0.6598069474485623,0.2313364524205115,0.0018337960982084,25,1,8,2023-01-01,2023
2023-01,-0.19210567731133532,-0.24610297445474114,0.46651898312051276,0.2480844480277322,-0.7547154271202864,-0.6598069474485623,0.2313364524205115,0.0018337960982084,28,1,8,2023-01-01,2023
2023-01,-0.1932638445807036,-0.2514099789837355,0.46651898312051276,0.2480844480277322,-0.7547154271202864,-0.6598069474485623,0.2313364524205115,0.0018337960982084,28,0,8,2023-01-01,2023
2023-01,-0.19120506052564473,-0.24552360433405523,0.46651898312051276,0.2480844480277322,-0.7547154271202864,-0.6598069474485623,0.2313364524205115,0.0018337960982084,30,0,8,2023-01-01,2023
2023-01,-0.1902639483808853,-0.013506892770725991,0.46651898312051276,0.2480844480277322,-0.7547154271202864,-0.6598069474485623,0.2313364524205115,0.0018337960982084,30,1,8,2023-01-01,2023
2023-01,-0.07270430118973399,-0.038342034372751625,0.46651898312051276,0.2480844480277322,-0.7547154271202864,-0.6598069474485623,0.2313364524205115,0.0018337960982084,37,0,8,2023-01-01,2023
2023-01,-0.19109491314897753,-0.24127592204605977,0.46651898312051276,0.2480844480277322,-0.7547154271202864,-0.6598069474485623,0.2313364524205115,0.0018337960982084,37,1,8,2023-01-01,2023
2023-01,-0.19330272012540967,-0.2503653214747147,0.46651898312051276,0.2480844480277322,-0.7547154271202864,-0.6598069474485623,0.2313364524205115,0.0018337960982084,38,1,8,2023-01-01,2023
2023-01,-0.1933189182690372,-0.25170173225895065,0.46651898312051276,0.2480844480277322,-0.7547154271202864,-0.6598069474485623,0.2313364524205115,0.0018337960982084,40,0,8,2023-01-01,2023
2023-01,-0.19333187678393923,-0.2517450385013064,0.46651898312051276,0.2480844480277322,-0.7547154271202864,-0.6598069474485623,0.2313364524205115,0.0018337960982084,40,1,8,2023-01-01,2023
2023-01,-0.13566324584121203,-0.03280391227445869,0.46651898312051276,0.2480844480277322,-0.7547154271202864,-0.6598069474485623,0.2313364524205115,0.0018337960982084,44,0,8,2023-01-01,2023
2023-01,0.004473373937988615,0.592707481339568,0.46651898312051276,0.2480844480277322,-0.7547154271202864,-0.6598069474485623,0.2313364524205115,0.0018337960982084,44,1,8,2023-01-01,2023
2023-01,-0.19327518328124288,-0.2475903649246483,0.46651898312051276,0.2480844480277322,-0.7547154271202864,-0.6598069474485623,0.2313364524205115,0.0018337960982084,46,1,8,2023-01-01,2023
2023-01,-0.19333511641266474,-0.2517466277611556,0.46651898312051276,0.2480844480277322,-0.7547154271202864,-0.6598069474485623,0.2313364524205115,0.0018337960982084,46,0,8,2023-01-01,2023
2023-01,-0.19333511641266474,-0.2517662213757344,0.46651898312051276,0.2480844480277322,-0.7547154271202864,-0.6598069474485623,0.2313364524205115,0.0018337960982084,48,0,8,2023-01-01,2023
2023-01,-0.19241020241153284,-0.23529812794489133,0.46651898312051276,0.2480844480277322,-0.7547154271202864,-0.6598069474485623,0.2313364524205115,0.0018337960982084,48,1,8,2023-01-01,2023
2023-01,-0.19333349659830198,-0.25174569597592894,0.46651898312051276,0.2480844480277322,-0.7547154271202864,-0.6598069474485623,0.2313364524205115,0.0018337960982084,49,1,8,2023-01-01,2023
2023-01,-0.1855778254294413,-0.2404688567074217,0.46651898312051276,0.2480844480277322,-0.7547154271202864,-0.6598069474485623,0.2313364524205115,0.0018337960982084,50,0,8,2023-01-01,2023
2023-01,-0.14005456257863502,-0.21848366294966048,0.46651898312051276,0.2480844480277322,-0.7547154271202864,-0.6598069474485623,0.2313364524205115,0.0018337960982084,50,1,8,2023-01-01,2023
2023-01,-0.19313425943168336,-0.25135066258120053,0.46651898312051276,0.2480844480277322,-0.7547154271202864,-0.6598069474485623,0.2313364524205115,0.0018337960982084,52,1,8,2023-01-01,2023
2023-01,-0.1932638445807036,-0.2499348497624181,0.46651898312051276,0.2480844480277322,-0.7547154271202864,-0.6598069474485623,0.2313364524205115,0.0018337960982084,53,1,8,2023-01-01,2023
2023-01,-0.19331405882594893,-0.25147471193216736,0.46651898312051276,0.2480844480277322,-0.7547154271202864,-0.6598069474485623,0.2313364524205115,0.0018337960982084,58,0,8,2023-01-01,2023
2023-01,-0.19328004272433114,-0.25113530263215994,0.46651898312051276,0.2480844480277322,-0.7547154271202864,-0.6598069474485623,0.2313364524205115,0.0018337960982084,58,1,8,2023-01-01,2023
2023-01,-0.12153522496928161,-0.16435597611543523,0.46651898312051276,0.2480844480277322,-0.7547154271202864,-0.6598069474485623,0.2313364524205115,0.0018337960982084,60,0,8,2023-01-01,2023
2023-01,-0.19333349659830198,-0.25175381208650116,0.46651898312051276,0.2480844480277322,-0.7547154271202864,-0.6598069474485623,0.2313364524205115,0.0018337960982084,66,0,8,2023-01-01,2023
2023-01,-0.19253816774619031,-0.24652479449766707,0.46651898312051276,0.2480844480277322,-0.7547154271202864,-0.6598069474485623,0.2313364524205115,0.0018337960982084,67,0,8,2023-01-01,2023
2023-01,-0.1920198271501094,-0.24308626753386472,0.46651898312051276,0.2480844480277322,-0.7547154271202864,-0.6598069474485623,0.2313364524205115,0.0018337960982084,67,1,8,2023-01-01,2023
2023-01,-0.19327680309560563,-0.19536153882062196,0.46651898312051276,0.2480844480277322,-0.7547154271202864,-0.6598069474485623,0.2313364524205115,0.0018337960982084,68,1,8,2023-01-01,2023
2023-01,-0.19330757956849792,-0.2517509078774069,0.46651898312051276,0.2480844480277322,-0.7547154271202864,-0.6598069474485623,0.2313364524205115,0.0018337960982084,69,0,8,2023-01-01,2023
2023-01,-0.17369810689301185,0.09334672758593648,0.46651898312051276,0.2480844480277322,-0.7547154271202864,-0.6598069474485623,0.2313364524205115,0.0018337960982084,72,1,8,2023-01-01,2023
2023-01,-0.19333025696957648,-0.2516994289207035,0.46651898312051276,0.2480844480277322,-0.7547154271202864,-0.6598069474485623,0.2313364524205115,0.0018337960982084,72,0,8,2023-01-01,2023
2023-01,-0.19086975895255487,-0.24695379886593855,0.46651898312051276,0.2480844480277322,-0.7547154271202864,-0.6598069474485623,0.2313364524205115,0.0018337960982084,75,1,8,2023-01-01,2023
2023-01,-0.19279247860114251,-0.2508484434064529,0.46651898312051276,0.2480844480277322,-0.7547154271202864,-0.6598069474485623,0.2313364524205115,0.0018337960982084,75,0,8,2023-01-01,2023
2023-01,-0.19232435225030695,-0.24002075945027732,0.46651898312051276,0.2480844480277322,-0.7547154271202864,-0.6598069474485623,0.2313364524205115,0.0018337960982084,77,1,8,2023-01-01,2023
2023-01,-0.19321848977854653,-0.2494843446677488,0.46651898312051276,0.2480844480277322,-0.7547154271202864,-0.6598069474485623,0.2313364524205115,0.0018337960982084,77,0,8,2023-01-01,2023
2023-01,-0.19315693683276192,-0.24970267849206884,0.46651898312051276,0.2480844480277322,-0.7547154271202864,-0.6598069474485623,0.2313364524205115,0.0018337960982084,78,1,8,2023-01-01,2023
2023-01,0.051179101273604484,0.02515812301701702,0.46651898312051276,0.2480844480277322,-0.7547154271202864,-0.6598069474485623,0.2313364524205115,0.0018337960982084,79,1,8,2023-01-01,2023
2023-01,-0.14482977532003044,-0.1594088801614343,0.46651898312051276,0.2480844480277322,-0.7547154271202864,-0.6598069474485623,0.2313364524205115,0.0018337960982084,79,0,8,2023-01-01,2023
2023-01,0.41529717187681914,-0.14875884497744002,0.46651898312051276,0.2480844480277322,-0.7547154271202864,-0.6598069474485623,0.2313364524205115,0.0018337960982084,80,1,8,2023-01-01,2023
2023-01,-0.04249638313875597,-0.22201375305145793,0.46651898312051276,0.2480844480277322,-0.7547154271202864,-0.6598069474485623,0.2313364524205115,0.0018337960982084,80,0,8,2023-01-01,2023
2023-01,-0.18520526812600813,-0.2300723193547116,0.46651898312051276,0.2480844480277322,-0.7547154271202864,-0.6598069474485623,0.2313364524205115,0.0018337960982084,81,1,8,2023-01-01,2023
2023-01,-0.18904908760882067,-0.24908916758651348,0.46651898312051276,0.2480844480277322,-0.7547154271202864,-0.6598069474485623,0.2313364524205115,0.0018337960982084,81,0,8,2023-01-01,2023
2023-01,-0.19248633368658222,-0.24767760005088976,0.46651898312051276,0.2480844480277322,-0.7547154271202864,-0.6598069474485623,0.2313364524205115,0.0018337960982084,86,1,8,2023-01-01,2023
2023-01,-0.19333025696957648,-0.2517402271803932,0.46651898312051276,0.2480844480277322,-0.7547154271202864,-0.6598069474485623,0.2313364524205115,0.0018337960982084,86,0,8,2023-01-01,2023
2023-01,-0.1836745435532067,-0.24306204111797214,0.46651898312051276,0.2480844480277322,-0.7547154271202864,-0.6598069474485623,0.2313364524205115,0.0018337960982084,87,1,8,2023-01-01,2023
2023-01,-0.11915733748476041,-0.16530577875921168,0.46651898312051276,0.2480844480277322,-0.7547154271202864,-0.6598069474485623,0.2313364524205115,0.0018337960982084,87,0,8,2023-01-01,2023
2023-01,7.72463659215276,8.71160106089151,0.46651898312051276,0.2480844480277322,-0.7547154271202864,-0.6598069474485623,0.2313364524205115,0.0018337960982084,88,1,8,2023-01-01,2023
2023-01,4.344882585568386,2.961148617431342,0.46651898312051276,0.2480844480277322,-0.7547154271202864,-0.6598069474485623,0.2313364524205115,0.0018337960982084,88,0,8,2023-01-01,2023
2023-01,-0.18718792090601763,-0.19431187840867872,0.46651898312051276,0.2480844480277322,-0.7547154271202864,-0.6598069474485623,0.2313364524205115,0.0018337960982084,89,1,8,2023-01-01,2023
2023-01,0.1278206178472559,0.2131550493854023,0.46651898312051276,0.2480844480277322,-0.7547154271202864,-0.6598069474485623,0.2313364524205115,0.0018337960982084,89,0,8,2023-01-01,2023
2023-01,0.05004685103404023,0.6441492537166461,0.46651898312051276,0.2480844480277322,-0.7547154271202864,-0.6598069474485623,0.2313364524205115,0.0018337960982084,91,0,8,2023-01-01,2023
2023-01,-0.19327518328124288,-0.25156341004829735,0.46651898312051276,0.2480844480277322,-0.7547154271202864,-0.6598069474485623,0.2313364524205115,0.0018337960982084,91,1,8,2023-01-01,2023
2023-01,-0.19330433993977242,-0.25172765243397016,0.46651898312051276,0.2480844480277322,-0.7547154271202864,-0.6598069474485623,0.2313364524205115,0.0018337960982084,94,0,8,2023-01-01,2023
2023-01,-0.19333187678393923,-0.25176399205780897,0.46651898312051276,0.2480844480277322,-0.7547154271202864,-0.6598069474485623,0.2313364524205115,0.0018337960982084,94,1,8,2023-01-01,2023
2023-01,-0.1932881417961449,-0.2512000878302306,0.46651898312051276,0.2480844480277322,-0.7547154271202864,-0.6598069474485623,0.2313364524205115,0.0018337960982084,95,1,8,2023-01-01,2023
2023-01,-0.19324440680835056,-0.2510589572014877,0.46651898312051276,0.2480844480277322,-0.7547154271202864,-0.6598069474485623,0.2313364524205115,0.0018337960982084,95,0,8,2023-01-01,2023
2023-01,-0.19319581237746797,-0.23142696526291553,0.46651898312051276,0.2480844480277322,-0.7547154271202864,-0.6598069474485623,0.2313364524205115,0.0018337960982084,97,1,8,2023-01-01,2023
2023-01,-0.00153451753346173,0.7835605297178783,0.46651898312051276,0.2480844480277322,-0.7547154271202864,-0.6598069474485623,0.2313364524205115,0.0018337960982084,98,1,8,2023-01-01,2023
2023-01,-0.14653705965837194,-0.1789628067853879,0.46651898312051276,0.2480844480277322,-0.7547154271202864,-0.6598069474485623,0.2313364524205115,0.0018337960982084,98,0,8,2023-01-01,2023
2023-01,-0.17832591652739677,-0.2207079126601015,0.46651898312051276,0.2480844480277322,-0.7547154271202864,-0.6598069474485623,0.2313364524205115,0.0018337960982084,100,0,8,2023-01-01,2023
2023-01,-0.15439801876081155,-0.16168352900270863,0.46651898312051276,0.2480844480277322,-0.7547154271202864,-0.6598069474485623,0.2313364524205115,0.0018337960982084,100,1,8,2023-01-01,2023
2023-01,0.24089661888230732,0.24371687332415426,0.46651898312051276,0.2480844480277322,-0.7547154271202864,-0.6598069474485623,0.2313364524205115,0.0018337960982084,101,0,8,2023-01-01,2023
2023-01,1.0052675788930272,1.0664553924495845,0.46651898312051276,0.2480844480277322,-0.7547154271202864,-0.6598069474485623,0.2313364524205115,0.0018337960982084,101,1,8,2023-01-01,2023
2023-02,-0.19320391144928176,-0.25132585706514377,0.46651898312051276,0.2480844480277322,-1.0128482276960225,-0.9612543721328703,0.19443313650662133,0.0020674353494223,0,0,8,2023-02-01,2023
2023-02,-0.19151606488329326,-0.24177177982727419,0.46651898312051276,0.2480844480277322,-1.0128482276960225,-0.9612543721328703,0.19443313650662133,0.0020674353494223,0,1,8,2023-02-01,2023
2023-02,-0.19323468792217405,-0.21787960922874183,0.46651898312051276,0.2480844480277322,-1.0128482276960225,-0.9612543721328703,0.19443313650662133,0.0020674353494223,1,1,8,2023-02-01,2023
2023-02,-0.19333025696957648,-0.25166246230119815,0.46651898312051276,0.2480844480277322,-1.0128482276960225,-0.9612543721328703,0.19443313650662133,0.0020674353494223,1,0,8,2023-02-01,2023
2023-02,-0.19169910390628433,-0.2514509993043904,0.46651898312051276,0.2480844480277322,-1.0128482276960225,-0.9612543721328703,0.19443313650662133,0.0020674353494223,2,0,8,2023-02-01,2023
2023-02,-0.18057745849162324,-0.24670126329883704,0.46651898312051276,0.2480844480277322,-1.0128482276960225,-0.9612543721328703,0.19443313650662133,0.0020674353494223,2,1,8,2023-02-01,2023
2023-02,-0.19305488852790847,-0.2513329194746653,0.46651898312051276,0.2480844480277322,-1.0128482276960225,-0.9612543721328703,0.19443313650662133,0.0020674353494223,3,0,8,2023-02-01,2023
2023-02,-0.1919890506772171,-0.2232215513495985,0.46651898312051276,0.2480844480277322,-1.0128482276960225,-0.9612543721328703,0.19443313650662133,0.0020674353494223,3,1,8,2023-02-01,2023
2023-02,-0.1675525312007275,0.031908906984002665,0.46651898312051276,0.2480844480277322,-1.0128482276960225,-0.9612543721328703,0.19443313650662133,0.0020674353494223,5,0,8,2023-02-01,2023
2023-02,-0.09132568710394083,0.8406076346453912,0.46651898312051276,0.2480844480277322,-1.0128482276960225,-0.9612543721328703,0.19443313650662133,0.0020674353494223,5,1,8,2023-02-01,2023
2023-02,-0.19307270648589878,-0.22690192447521548,0.46651898312051276,0.2480844480277322,-1.0128482276960225,-0.9612543721328703,0.19443313650662133,0.0020674353494223,6,1,8,2023-02-01,2023
2023-02,-0.19272282658354414,-0.23880407435939108,0.46651898312051276,0.2480844480277322,-1.0128482276960225,-0.9612543721328703,0.19443313650662133,0.0020674353494223,6,0,8,2023-02-01,2023
2023-02,-0.19176713610951995,-0.2421061426829934,0.46651898312051276,0.2480844480277322,-1.0128482276960225,-0.9612543721328703,0.19443313650662133,0.0020674353494223,9,0,8,2023-02-01,2023
2023-02,-0.1870000224399383,-0.023314180466865928,0.46651898312051276,0.2480844480277322,-1.0128482276960225,-0.9612543721328703,0.19443313650662133,0.0020674353494223,9,1,8,2023-02-01,2023
2023-02,-0.17236176004374074,-0.20339825171241538,0.46651898312051276,0.2480844480277322,-1.0128482276960225,-0.9612543721328703,0.19443313650662133,0.0020674353494223,12,1,8,2023-02-01,2023
2023-02,-0.18689959394944763,-0.23166928602561665,0.46651898312051276,0.2480844480277322,-1.0128482276960225,-0.9612543721328703,0.19443313650662133,0.0020674353494223,12,0,8,2023-02-01,2023
2023-02,-0.19311806128805584,-0.24894700502740275,0.46651898312051276,0.2480844480277322,-1.0128482276960225,-0.9612543721328703,0.19443313650662133,0.0020674353494223,13,1,8,2023-02-01,2023
2023-02,-0.1932978606823214,-0.2516502445939741,0.46651898312051276,0.2480844480277322,-1.0128482276960225,-0.9612543721328703,0.19443313650662133,0.0020674353494223,13,0,8,2023-02-01,2023
2023-02,-0.19333025696957648,-0.25174031426312465,0.46651898312051276,0.2480844480277322,-1.0128482276960225,-0.9612543721328703,0.19443313650662133,0.0020674353494223,15,1,8,2023-02-01,2023
2023-02,-0.19202144696447215,-0.250093318562995,0.46651898312051276,0.2480844480277322,-1.0128482276960225,-0.9612543721328703,0.19443313650662133,0.0020674353494223,17,0,8,2023-02-01,2023
2023-02,-0.19333349659830198,-0.2517534419848924,0.46651898312051276,0.2480844480277322,-1.0128482276960225,-0.9612543721328703,0.19443313650662133,0.0020674353494223,17,1,8,2023-02-01,2023
2023-02,-0.19248633368658222,-0.25079678157601343,0.46651898312051276,0.2480844480277322,-1.0128482276960225,-0.9612543721328703,0.19443313650662133,0.0020674353494223,18,0,8,2023-02-01,2023
2023-02,-0.1876560472568532,-0.24632179594235737,0.46651898312051276,0.2480844480277322,-1.0128482276960225,-0.9612543721328703,0.19443313650662133,0.0020674353494223,18,1,8,2023-02-01,2023
2023-02,-0.19332377771212544,-0.2517495885740253,0.46651898312051276,0.2480844480277322,-1.0128482276960225,-0.9612543721328703,0.19443313650662133,0.0020674353494223,19,1,8,2023-02-01,2023
2023-02,-0.19276980120006398,-0.2512990181673074,0.46651898312051276,0.2480844480277322,-1.0128482276960225,-0.9612543721328703,0.19443313650662133,0.0020674353494223,19,0,8,2023-02-01,2023
2023-02,-0.19256246496163162,-0.25051938824321623,0.46651898312051276,0.2480844480277322,-1.0128482276960225,-0.9612543721328703,0.19443313650662133,0.0020674353494223,21,1,8,2023-02-01,2023
2023-02,-0.1932946210535959,-0.2517102097628584,0.46651898312051276,0.2480844480277322,-1.0128482276960225,-0.9612543721328703,0.19443313650662133,0.0020674353494223,21,0,8,2023-02-01,2023
2023-02,-0.19218990765819846,-0.2506674767822029,0.46651898312051276,0.2480844480277322,-1.0128482276960225,-0.9612543721328703,0.19443313650662133,0.0020674353494223,23,1,8,2023-02-01,2023
2023-02,-0.19317313497638944,-0.2515571662164516,0.46651898312051276,0.2480844480277322,-1.0128482276960225,-0.9612543721328703,0.19443313650662133,0.0020674353494223,23,0,8,2023-02-01,2023
2023-02,-0.19322496903599753,-0.2514753824691996,0.46651898312051276,0.2480844480277322,-1.0128482276960225,-0.9612543721328703,0.19443313650662133,0.0020674353494223,25,1,8,2023-02-01,2023
2023-02,-0.19324116717962506,-0.25132133311724436,0.46651898312051276,0.2480844480277322,-1.0128482276960225,-0.9612543721328703,0.19443313650662133,0.0020674353494223,28,0,8,2023-02-01,2023
2023-02,-0.1920651819522665,-0.2467286072765159,0.46651898312051276,0.2480844480277322,-1.0128482276960225,-0.9612543721328703,0.19443313650662133,0.0020674353494223,28,1,8,2023-02-01,2023
2023-02,-0.1914156363928026,-0.005990664656604276,0.46651898312051276,0.2480844480277322,-1.0128482276960225,-0.9612543721328703,0.19443313650662133,0.0020674353494223,30,1,8,2023-02-01,2023
2023-02,-0.19140591750662608,-0.2470785622953033,0.46651898312051276,0.2480844480277322,-1.0128482276960225,-0.9612543721328703,0.19443313650662133,0.0020674353494223,30,0,8,2023-02-01,2023
2023-02,-0.19193559680324626,-0.24773911093825754,0.46651898312051276,0.2480844480277322,-1.0128482276960225,-0.9612543721328703,0.19443313650662133,0.0020674353494223,37,1,8,2023-02-01,2023
2023-02,-0.07848703846476168,-0.06889212391343916,0.46651898312051276,0.2480844480277322,-1.0128482276960225,-0.9612543721328703,0.19443313650662133,0.0020674353494223,37,0,8,2023-02-01,2023
2023-02,-0.19331405882594893,-0.25125113137327676,0.46651898312051276,0.2480844480277322,-1.0128482276960225,-0.9612543721328703,0.19443313650662133,0.0020674353494223,38,1,8,2023-02-01,2023
2023-02,-0.19333025696957648,-0.2517337395168993,0.46651898312051276,0.2480844480277322,-1.0128482276960225,-0.9612543721328703,0.19443313650662133,0.0020674353494223,40,1,8,2023-02-01,2023
2023-02,-0.19331567864031168,-0.2517195798647637,0.46651898312051276,0.2480844480277322,-1.0128482276960225,-0.9612543721328703,0.19443313650662133,0.0020674353494223,40,0,8,2023-02-01,2023
2023-02,-0.19333511641266474,-0.2517655247138827,0.46651898312051276,0.2480844480277322,-1.0128482276960225,-0.9612543721328703,0.19443313650662133,0.0020674353494223,43,0,8,2023-02-01,2023
2023-02,-0.1397257402629962,-0.061763222372311494,0.46651898312051276,0.2480844480277322,-1.0128482276960225,-0.9612543721328703,0.19443313650662133,0.0020674353494223,44,0,8,2023-02-01,2023
2023-02,-0.02093341434178994,0.3995252442052691,0.46651898312051276,0.2480844480277322,-1.0128482276960225,-0.9612543721328703,0.19443313650662133,0.0020674353494223,44,1,8,2023-02-01,2023
2023-02,-0.19327680309560563,-0.24739927928700253,0.46651898312051276,0.2480844480277322,-1.0128482276960225,-0.9612543721328703,0.19443313650662133,0.0020674353494223,46,1,8,2023-02-01,2023
2023-02,-0.19250901108766078,-0.23935177684478104,0.46651898312051276,0.2480844480277322,-1.0128482276960225,-0.9612543721328703,0.19443313650662133,0.0020674353494223,48,1,8,2023-02-01,2023
2023-02,-0.19333511641266474,-0.251769356354067,0.46651898312051276,0.2480844480277322,-1.0128482276960225,-0.9612543721328703,0.19443313650662133,0.0020674353494223,48,0,8,2023-02-01,2023
2023-02,-0.19333511641266474,-0.25176191078052707,0.46651898312051276,0.2480844480277322,-1.0128482276960225,-0.9612543721328703,0.19443313650662133,0.0020674353494223,49,1,8,2023-02-01,2023
2023-02,-0.14661967019087235,-0.20996871346736387,0.46651898312051276,0.2480844480277322,-1.0128482276960225,-0.9612543721328703,0.19443313650662133,0.0020674353494223,50,1,8,2023-02-01,2023
2023-02,-0.18648654128694564,-0.24252879436600477,0.46651898312051276,0.2480844480277322,-1.0128482276960225,-0.9612543721328703,0.19443313650662133,0.0020674353494223,50,0,8,2023-02-01,2023
2023-02,-0.1931747547907522,-0.2513977743389212,0.46651898312051276,0.2480844480277322,-1.0128482276960225,-0.9612543721328703,0.19443313650662133,0.0020674353494223,52,1,8,2023-02-01,2023
2023-02,-0.19321525014982102,-0.23969328483861668,0.46651898312051276,0.2480844480277322,-1.0128482276960225,-0.9612543721328703,0.19443313650662133,0.0020674353494223,53,1,8,2023-02-01,2023
2023-02,-0.1933286371552137,-0.25174571339247526,0.46651898312051276,0.2480844480277322,-1.0128482276960225,-0.9612543721328703,0.19443313650662133,0.0020674353494223,58,0,8,2023-02-01,2023
2023-02,-0.19331729845467444,-0.25151152615689265,0.46651898312051276,0.2480844480277322,-1.0128482276960225,-0.9612543721328703,0.19443313650662133,0.0020674353494223,58,1,8,2023-02-01,2023
2023-02,-0.1212226007972703,-0.16904903432521695,0.46651898312051276,0.2480844480277322,-1.0128482276960225,-0.9612543721328703,0.19443313650662133,0.0020674353494223,60,0,8,2023-02-01,2023
2023-02,-0.1923713268668268,-0.2463518481929847,0.46651898312051276,0.2480844480277322,-1.0128482276960225,-0.9612543721328703,0.19443313650662133,0.0020674353494223,67,0,8,2023-02-01,2023
2023-02,-0.19194531568942277,-0.2434065665284529,0.46651898312051276,0.2480844480277322,-1.0128482276960225,-0.9612543721328703,0.19443313650662133,0.0020674353494223,67,1,8,2023-02-01,2023
2023-02,-0.19330919938286067,-0.2092109848502353,0.46651898312051276,0.2480844480277322,-1.0128482276960225,-0.9612543721328703,0.19443313650662133,0.0020674353494223,68,1,8,2023-02-01,2023
2023-02,-0.19330757956849792,-0.25175054648407136,0.46651898312051276,0.2480844480277322,-1.0128482276960225,-0.9612543721328703,0.19443313650662133,0.0020674353494223,69,0,8,2023-02-01,2023
2023-02,-0.17174299095716913,0.06423161777322606,0.46651898312051276,0.2480844480277322,-1.0128482276960225,-0.9612543721328703,0.19443313650662133,0.0020674353494223,72,1,8,2023-02-01,2023
2023-02,-0.19333187678393923,-0.25171205591676543,0.46651898312051276,0.2480844480277322,-1.0128482276960225,-0.9612543721328703,0.19443313650662133,0.0020674353494223,72,0,8,2023-02-01,2023
2023-02,-0.19271148788300488,-0.2508866640172913,0.46651898312051276,0.2480844480277322,-1.0128482276960225,-0.9612543721328703,0.19443313650662133,0.0020674353494223,75,0,8,2023-02-01,2023
2023-02,-0.191216399226184,-0.24815860587225344,0.46651898312051276,0.2480844480277322,-1.0128482276960225,-0.9612543721328703,0.19443313650662133,0.0020674353494223,75,1,8,2023-02-01,2023
2023-02,-0.19325574550888983,-0.24978644337146155,0.46651898312051276,0.2480844480277322,-1.0128482276960225,-0.9612543721328703,0.19443313650662133,0.0020674353494223,77,0,8,2023-02-01,2023
2023-02,-0.19239886371099357,-0.2416142123329679,0.46651898312051276,0.2480844480277322,-1.0128482276960225,-0.9612543721328703,0.19443313650662133,0.0020674353494223,77,1,8,2023-02-01,2023
2023-02,-0.19325088606580157,-0.25041173657058363,0.46651898312051276,0.2480844480277322,-1.0128482276960225,-0.9612543721328703,0.19443313650662133,0.0020674353494223,78,1,8,2023-02-01,2023
2023-02,-0.15163623527231793,-0.17631888797548803,0.46651898312051276,0.2480844480277322,-1.0128482276960225,-0.9612543721328703,0.19443313650662133,0.0020674353494223,79,0,8,2023-02-01,2023
2023-02,-0.025817154645489802,-0.05108503334123572,0.46651898312051276,0.2480844480277322,-1.0128482276960225,-0.9612543721328703,0.19443313650662133,0.0020674353494223,79,1,8,2023-02-01,2023
2023-02,0.32427332357628513,-0.16221116327263332,0.46651898312051276,0.2480844480277322,-1.0128482276960225,-0.9612543721328703,0.19443313650662133,0.0020674353494223,80,1,8,2023-02-01,2023
2023-02,-0.06078570710859847,-0.22300863842531193,0.46651898312051276,0.2480844480277322,-1.0128482276960225,-0.9612543721328703,0.19443313650662133,0.0020674353494223,80,0,8,2023-02-01,2023
2023-02,-0.19050206109221,-0.25002535049108937,0.46651898312051276,0.2480844480277322,-1.0128482276960225,-0.9612543721328703,0.19443313650662133,0.0020674353494223,81,0,8,2023-02-01,2023
2023-02,-0.18603623289410035,-0.23930436900577345,0.46651898312051276,0.2480844480277322,-1.0128482276960225,-0.9612543721328703,0.19443313650662133,0.0020674353494223,81,1,8,2023-02-01,2023
2023-02,-0.1927179671404559,-0.2493667176682273,0.46651898312051276,0.2480844480277322,-1.0128482276960225,-0.9612543721328703,0.19443313650662133,0.0020674353494223,86,1,8,2023-02-01,2023
2023-02,-0.1933253975264882,-0.2517425784141426,0.46651898312051276,0.2480844480277322,-1.0128482276960225,-0.9612543721328703,0.19443313650662133,0.0020674353494223,86,0,8,2023-02-01,2023
2023-02,-0.18287435525800677,-0.24495532855335753,0.46651898312051276,0.2480844480277322,-1.0128482276960225,-0.9612543721328703,0.19443313650662133,0.0020674353494223,87,1,8,2023-02-01,2023
2023-02,-0.12055685709417888,-0.18928828898336209,0.46651898312051276,0.2480844480277322,-1.0128482276960225,-0.9612543721328703,0.19443313650662133,0.0020674353494223,87,0,8,2023-02-01,2023
2023-02,3.829826973015135,2.2501403603326864,0.46651898312051276,0.2480844480277322,-1.0128482276960225,-0.9612543721328703,0.19443313650662133,0.0020674353494223,88,0,8,2023-02-01,2023
2023-02,6.414987523208547,6.5775541081395135,0.46651898312051276,0.2480844480277322,-1.0128482276960225,-0.9612543721328703,0.19443313650662133,0.0020674353494223,88,1,8,2023-02-01,2023
2023-02,0.2696629021504353,0.45776487311982433,0.46651898312051276,0.2480844480277322,-1.0128482276960225,-0.9612543721328703,0.19443313650662133,0.0020674353494223,89,0,8,2023-02-01,2023
2023-02,-0.18738877788699898,-0.19998533577993582,0.46651898312051276,0.2480844480277322,-1.0128482276960225,-0.9612543721328703,0.19443313650662133,0.0020674353494223,89,1,8,2023-02-01,2023
2023-02,-0.19325898513761533,-0.2516896800089164,0.46651898312051276,0.2480844480277322,-1.0128482276960225,-0.9612543721328703,0.19443313650662133,0.0020674353494223,91,1,8,2023-02-01,2023
2023-02,0.05336261103459533,0.7525203733976186,0.46651898312051276,0.2480844480277322,-1.0128482276960225,-0.9612543721328703,0.19443313650662133,0.0020674353494223,91,0,8,2023-02-01,2023
2023-02,-0.1933189182690372,-0.2517364564981209,0.46651898312051276,0.2480844480277322,-1.0128482276960225,-0.9612543721328703,0.19443313650662133,0.0020674353494223,94,0,8,2023-02-01,2023
2023-02,-0.19333511641266474,-0.25176351310278594,0.46651898312051276,0.2480844480277322,-1.0128482276960225,-0.9612543721328703,0.19443313650662133,0.0020674353494223,94,1,8,2023-02-01,2023
2023-02,-0.19324764643707606,-0.2500054651493602,0.46651898312051276,0.2480844480277322,-1.0128482276960225,-0.9612543721328703,0.19443313650662133,0.0020674353494223,95,1,8,2023-02-01,2023
2023-02,-0.1932265888503603,-0.250987022511164,0.46651898312051276,0.2480844480277322,-1.0128482276960225,-0.9612543721328703,0.19443313650662133,0.0020674353494223,95,0,8,2023-02-01,2023
2023-02,-0.19319581237746797,-0.23183396382494673,0.46651898312051276,0.2480844480277322,-1.0128482276960225,-0.9612543721328703,0.19443313650662133,0.0020674353494223,97,1,8,2023-02-01,2023
2023-02,-0.023622306183959683,0.5640740130521609,0.46651898312051276,0.2480844480277322,-1.0128482276960225,-0.9612543721328703,0.19443313650662133,0.0020674353494223,98,1,8,2023-02-01,2023
2023-02,-0.15035172248265494,-0.19338606270328332,0.46651898312051276,0.2480844480277322,-1.0128482276960225,-0.9612543721328703,0.19443313650662133,0.0020674353494223,98,0,8,2023-02-01,2023
2023-02,-0.16729984016013807,-0.19632611069565425,0.46651898312051276,0.2480844480277322,-1.0128482276960225,-0.9612543721328703,0.19443313650662133,0.0020674353494223,100,1,8,2023-02-01,2023
2023-02,-0.18124644182344016,-0.23267486515889413,0.46651898312051276,0.2480844480277322,-1.0128482276960225,-0.9612543721328703,0.19443313650662133,0.0020674353494223,100,0,8,2023-02-01,2023
2023-02,0.8603330689713526,0.7683415596953908,0.46651898312051276,0.2480844480277322,-1.0128482276960225,-0.9612543721328703,0.19443313650662133,0.0020674353494223,101,1,8,2023-02-01,2023
2023-02,0.21514804977198793,0.17111427586669434,0.46651898312051276,0.2480844480277322,-1.0128482276960225,-0.9612543721328703,0.19443313650662133,0.0020674353494223,101,0,8,2023-02-01,2023
2023-03,-0.19202468659319766,-0.2447867581559311,0.46651898312051276,0.2480844480277322,-0.8285536083977344,-0.8392187996001467,0.8045837809735771,0.0023849424331977,0,1,8,2023-03-01,2023
2023-03,-0.1932298284790858,-0.2515259818903152,0.46651898312051276,0.2480844480277322,-0.8285536083977344,-0.8392187996001467,0.8045837809735771,0.0023849424331977,0,0,8,2023-03-01,2023
2023-03,-0.19333349659830198,-0.251740096556296,0.46651898312051276,0.2480844480277322,-0.8285536083977344,-0.8392187996001467,0.8045837809735771,0.0023849424331977,1,0,8,2023-03-01,2023
2023-03,-0.19317637460511494,-0.20125786267237167,0.46651898312051276,0.2480844480277322,-0.8285536083977344,-0.8392187996001467,0.8045837809735771,0.0023849424331977,1,1,8,2023-03-01,2023
2023-03,-0.17958289247289297,-0.2480615870011323,0.46651898312051276,0.2480844480277322,-0.8285536083977344,-0.8392187996001467,0.8045837809735771,0.0023849424331977,2,1,8,2023-03-01,2023
2023-03,-0.1913087286448609,-0.25135153776265173,0.46651898312051276,0.2480844480277322,-0.8285536083977344,-0.8392187996001467,0.8045837809735771,0.0023849424331977,2,0,8,2023-03-01,2023
2023-03,-0.19215913118530614,-0.2319168840018443,0.46651898312051276,0.2480844480277322,-0.8285536083977344,-0.8392187996001467,0.8045837809735771,0.0023849424331977,3,1,8,2023-03-01,2023
2023-03,-0.19311806128805584,-0.25140119233613106,0.46651898312051276,0.2480844480277322,-0.8285536083977344,-0.8392187996001467,0.8045837809735771,0.0023849424331977,3,0,8,2023-03-01,2023
2023-03,-0.08732474562794128,0.8927453852747187,0.46651898312051276,0.2480844480277322,-0.8285536083977344,-0.8392187996001467,0.8045837809735771,0.0023849424331977,5,1,8,2023-03-01,2023
2023-03,-0.17006972272044546,-0.0826101011433652,0.46651898312051276,0.2480844480277322,-0.8285536083977344,-0.8392187996001467,0.8045837809735771,0.0023849424331977,5,0,8,2023-03-01,2023
2023-03,-0.192776280457515,-0.24304874793901457,0.46651898312051276,0.2480844480277322,-0.8285536083977344,-0.8392187996001467,0.8045837809735771,0.0023849424331977,6,0,8,2023-03-01,2023
2023-03,-0.19309376407261455,-0.2272286719460684,0.46651898312051276,0.2480844480277322,-0.8285536083977344,-0.8392187996001467,0.8045837809735771,0.0023849424331977,6,1,8,2023-03-01,2023
2023-03,-0.19333349659830198,-0.24239246634990194,0.46651898312051276,0.2480844480277322,-0.8285536083977344,-0.8392187996001467,0.8045837809735771,0.0023849424331977,8,1,8,2023-03-01,2023
2023-03,-0.18668577845356424,0.00472095543507953,0.46651898312051276,0.2480844480277322,-0.8285536083977344,-0.8392187996001467,0.8045837809735771,0.0023849424331977,9,1,8,2023-03-01,2023
2023-03,-0.1917136822355491,-0.24177734876795112,0.46651898312051276,0.2480844480277322,-0.8285536083977344,-0.8392187996001467,0.8045837809735771,0.0023849424331977,9,0,8,2023-03-01,2023
2023-03,-0.18883365229857454,-0.2362416345071831,0.46651898312051276,0.2480844480277322,-0.8285536083977344,-0.8392187996001467,0.8045837809735771,0.0023849424331977,12,0,8,2023-03-01,2023
2023-03,-0.17680167121204632,-0.2047015188090571,0.46651898312051276,0.2480844480277322,-0.8285536083977344,-0.8392187996001467,0.8045837809735771,0.0023849424331977,12,1,8,2023-03-01,2023
2023-03,-0.19330433993977242,-0.25166214009509175,0.46651898312051276,0.2480844480277322,-0.8285536083977344,-0.8392187996001467,0.8045837809735771,0.0023849424331977,13,0,8,2023-03-01,2023
2023-03,-0.19306298759972224,-0.2486895884732028,0.46651898312051276,0.2480844480277322,-0.8285536083977344,-0.8392187996001467,0.8045837809735771,0.0023849424331977,13,1,8,2023-03-01,2023
2023-03,-0.19333511641266474,-0.2517690515645069,0.46651898312051276,0.2480844480277322,-0.8285536083977344,-0.8392187996001467,0.8045837809735771,0.0023849424331977,15,1,8,2023-03-01,2023
2023-03,-0.19198743086285436,-0.2499608004163936,0.46651898312051276,0.2480844480277322,-0.8285536083977344,-0.8392187996001467,0.8045837809735771,0.0023849424331977,17,0,8,2023-03-01,2023
2023-03,-0.19333511641266474,-0.2517612576600411,0.46651898312051276,0.2480844480277322,-0.8285536083977344,-0.8392187996001467,0.8045837809735771,0.0023849424331977,17,1,8,2023-03-01,2023
2023-03,-0.19013274341750233,-0.24871580472950927,0.46651898312051276,0.2480844480277322,-0.8285536083977344,-0.8392187996001467,0.8045837809735771,0.0023849424331977,18,1,8,2023-03-01,2023
2023-03,-0.19262239809305348,-0.2509157148165068,0.46651898312051276,0.2480844480277322,-0.8285536083977344,-0.8392187996001467,0.8045837809735771,0.0023849424331977,18,0,8,2023-03-01,2023
2023-03,-0.19332377771212544,-0.2517496974274396,0.46651898312051276,0.2480844480277322,-0.8285536083977344,-0.8392187996001467,0.8045837809735771,0.0023849424331977,19,1,8,2023-03-01,2023
2023-03,-0.19281191637349554,-0.25134527651425964,0.46651898312051276,0.2480844480277322,-0.8285536083977344,-0.8392187996001467,0.8045837809735771,0.0023849424331977,19,0,8,2023-03-01,2023
2023-03,-0.19219476710128672,-0.2495234056269458,0.46651898312051276,0.2480844480277322,-0.8285536083977344,-0.8392187996001467,0.8045837809735771,0.0023849424331977,21,1,8,2023-03-01,2023
2023-03,-0.1932849021674194,-0.2517133360329179,0.46651898312051276,0.2480844480277322,-0.8285536083977344,-0.8392187996001467,0.8045837809735771,0.0023849424331977,21,0,8,2023-03-01,2023
2023-03,-0.19321363033545827,-0.25163779176337514,0.46651898312051276,0.2480844480277322,-0.8285536083977344,-0.8392187996001467,0.8045837809735771,0.0023849424331977,23,0,8,2023-03-01,2023
2023-03,-0.19216885007148266,-0.2507705087159315,0.46651898312051276,0.2480844480277322,-0.8285536083977344,-0.8392187996001467,0.8045837809735771,0.0023849424331977,23,1,8,2023-03-01,2023
2023-03,-0.1932330681078113,-0.25147296156926496,0.46651898312051276,0.2480844480277322,-0.8285536083977344,-0.8392187996001467,0.8045837809735771,0.0023849424331977,25,1,8,2023-03-01,2023
2023-03,-0.19326708420942912,-0.2515073940812848,0.46651898312051276,0.2480844480277322,-0.8285536083977344,-0.8392187996001467,0.8045837809735771,0.0023849424331977,28,0,8,2023-03-01,2023
2023-03,-0.19127957198633136,-0.2453139221791059,0.46651898312051276,0.2480844480277322,-0.8285536083977344,-0.8392187996001467,0.8045837809735771,0.0023849424331977,28,1,8,2023-03-01,2023
2023-03,-0.1922223039454535,-0.24885152752062845,0.46651898312051276,0.2480844480277322,-0.8285536083977344,-0.8392187996001467,0.8045837809735771,0.0023849424331977,30,0,8,2023-03-01,2023
2023-03,-0.19161973300250945,0.019235156203576676,0.46651898312051276,0.2480844480277322,-0.8285536083977344,-0.8392187996001467,0.8045837809735771,0.0023849424331977,30,1,8,2023-03-01,2023
2023-03,-0.07743253931460958,-0.07191537074744833,0.46651898312051276,0.2480844480277322,-0.8285536083977344,-0.8392187996001467,0.8045837809735771,0.0023849424331977,37,0,8,2023-03-01,2023
2023-03,-0.19192263828834424,-0.24766679743805198,0.46651898312051276,0.2480844480277322,-0.8285536083977344,-0.8392187996001467,0.8045837809735771,0.0023849424331977,37,1,8,2023-03-01,2023
2023-03,-0.1932816625386939,-0.2503148439694231,0.46651898312051276,0.2480844480277322,-0.8285536083977344,-0.8392187996001467,0.8045837809735771,0.0023849424331977,38,1,8,2023-03-01,2023
2023-03,-0.19332053808339994,-0.25171492093863046,0.46651898312051276,0.2480844480277322,-0.8285536083977344,-0.8392187996001467,0.8045837809735771,0.0023849424331977,40,0,8,2023-03-01,2023
2023-03,-0.19333511641266474,-0.2517596901708748,0.46651898312051276,0.2480844480277322,-0.8285536083977344,-0.8392187996001467,0.8045837809735771,0.0023849424331977,40,1,8,2023-03-01,2023
2023-03,-0.19333511641266474,-0.2517612576600411,0.46651898312051276,0.2480844480277322,-0.8285536083977344,-0.8392187996001467,0.8045837809735771,0.0023849424331977,43,0,8,2023-03-01,2023
2023-03,-0.016428710598974248,0.5350298843738647,0.46651898312051276,0.2480844480277322,-0.8285536083977344,-0.8392187996001467,0.8045837809735771,0.0023849424331977,44,1,8,2023-03-01,2023
2023-03,-0.14050973041456857,-0.06441806135673661,0.46651898312051276,0.2480844480277322,-0.8285536083977344,-0.8392187996001467,0.8045837809735771,0.0023849424331977,44,0,8,2023-03-01,2023
2023-03,-0.19333187678393923,-0.25175599786306085,0.46651898312051276,0.2480844480277322,-0.8285536083977344,-0.8392187996001467,0.8045837809735771,0.0023849424331977,46,0,8,2023-03-01,2023
2023-03,-0.19325736532325258,-0.2462013822954291,0.46651898312051276,0.2480844480277322,-0.8285536083977344,-0.8392187996001467,0.8045837809735771,0.0023849424331977,46,1,8,2023-03-01,2023
2023-03,-0.19333349659830198,-0.25176805446723166,0.46651898312051276,0.2480844480277322,-0.8285536083977344,-0.8392187996001467,0.8045837809735771,0.0023849424331977,48,0,8,2023-03-01,2023
2023-03,-0.1927001491824656,-0.24490729807281997,0.46651898312051276,0.2480844480277322,-0.8285536083977344,-0.8392187996001467,0.8045837809735771,0.0023849424331977,48,1,8,2023-03-01,2023
2023-03,-0.18743575250351882,-0.24432734885196986,0.46651898312051276,0.2480844480277322,-0.8285536083977344,-0.8392187996001467,0.8045837809735771,0.0023849424331977,50,0,8,2023-03-01,2023
2023-03,-0.15676132791606798,-0.21861648153168542,0.46651898312051276,0.2480844480277322,-0.8285536083977344,-0.8392187996001467,0.8045837809735771,0.0023849424331977,50,1,8,2023-03-01,2023
2023-03,-0.19317151516202669,-0.2513551473418708,0.46651898312051276,0.2480844480277322,-0.8285536083977344,-0.8392187996001467,0.8045837809735771,0.0023849424331977,52,1,8,2023-03-01,2023
2023-03,-0.19326708420942912,-0.2503628657416875,0.46651898312051276,0.2480844480277322,-0.8285536083977344,-0.8392187996001467,0.8045837809735771,0.0023849424331977,53,1,8,2023-03-01,2023
2023-03,-0.19333511641266474,-0.25176582950344284,0.46651898312051276,0.2480844480277322,-0.8285536083977344,-0.8392187996001467,0.8045837809735771,0.0023849424331977,58,0,8,2023-03-01,2023
2023-03,-0.19330757956849792,-0.25131700075135416,0.46651898312051276,0.2480844480277322,-0.8285536083977344,-0.8392187996001467,0.8045837809735771,0.0023849424331977,58,1,8,2023-03-01,2023
2023-03,-0.11851589099711028,-0.1497122789711184,0.46651898312051276,0.2480844480277322,-0.8285536083977344,-0.8392187996001467,0.8045837809735771,0.0023849424331977,60,0,8,2023-03-01,2023
2023-03,-0.19333511641266474,-0.2517592547572175,0.46651898312051276,0.2480844480277322,-0.8285536083977344,-0.8392187996001467,0.8045837809735771,0.0023849424331977,66,0,8,2023-03-01,2023
2023-03,-0.19333511641266474,-0.2517626509837445,0.46651898312051276,0.2480844480277322,-0.8285536083977344,-0.8392187996001467,0.8045837809735771,0.0023849424331977,66,1,8,2023-03-01,2023
2023-03,-0.1925316884887393,-0.24829870892476513,0.46651898312051276,0.2480844480277322,-0.8285536083977344,-0.8392187996001467,0.8045837809735771,0.0023849424331977,67,0,8,2023-03-01,2023
2023-03,-0.19215913118530614,-0.24536752595445696,0.46651898312051276,0.2480844480277322,-0.8285536083977344,-0.8392187996001467,0.8045837809735771,0.0023849424331977,67,1,8,2023-03-01,2023
2023-03,-0.19327032383815462,-0.16521617498267446,0.46651898312051276,0.2480844480277322,-0.8285536083977344,-0.8392187996001467,0.8045837809735771,0.0023849424331977,68,1,8,2023-03-01,2023
2023-03,-0.19330757956849792,-0.25175054648407136,0.46651898312051276,0.2480844480277322,-0.8285536083977344,-0.8392187996001467,0.8045837809735771,0.0023849424331977,69,0,8,2023-03-01,2023
2023-03,-0.19333187678393923,-0.25171963211440257,0.46651898312051276,0.2480844480277322,-0.8285536083977344,-0.8392187996001467,0.8045837809735771,0.0023849424331977,72,0,8,2023-03-01,2023
2023-03,-0.17049897352657495,0.1128968791734812,0.46651898312051276,0.2480844480277322,-0.8285536083977344,-0.8392187996001467,0.8045837809735771,0.0023849424331977,72,1,8,2023-03-01,2023
2023-03,-0.19063002642686747,-0.24713886273270377,0.46651898312051276,0.2480844480277322,-0.8285536083977344,-0.8392187996001467,0.8045837809735771,0.0023849424331977,75,1,8,2023-03-01,2023
2023-03,-0.1924328798126114,-0.25046317198592133,0.46651898312051276,0.2480844480277322,-0.8285536083977344,-0.8392187996001467,0.8045837809735771,0.0023849424331977,75,0,8,2023-03-01,2023
2023-03,-0.19230653429231667,-0.24053445177489502,0.46651898312051276,0.2480844480277322,-0.8285536083977344,-0.8392187996001467,0.8045837809735771,0.0023849424331977,77,1,8,2023-03-01,2023
2023-03,-0.19323468792217405,-0.2501926930220022,0.46651898312051276,0.2480844480277322,-0.8285536083977344,-0.8392187996001467,0.8045837809735771,0.0023849424331977,77,0,8,2023-03-01,2023
2023-03,-0.19325898513761533,-0.2507126509491485,0.46651898312051276,0.2480844480277322,-0.8285536083977344,-0.8392187996001467,0.8045837809735771,0.0023849424331977,78,1,8,2023-03-01,2023
2023-03,-0.06737187230755158,-0.0991915980612539,0.46651898312051276,0.2480844480277322,-0.8285536083977344,-0.8392187996001467,0.8045837809735771,0.0023849424331977,79,1,8,2023-03-01,2023
2023-03,-0.1605225368663801,-0.191622502412956,0.46651898312051276,0.2480844480277322,-0.8285536083977344,-0.8392187996001467,0.8045837809735771,0.0023849424331977,79,0,8,2023-03-01,2023
2023-03,-0.07628247111705505,-0.22840230768865669,0.46651898312051276,0.2480844480277322,-0.8285536083977344,-0.8392187996001467,0.8045837809735771,0.0023849424331977,80,0,8,2023-03-01,2023
2023-03,0.2967105623796825,-0.17563982554382512,0.46651898312051276,0.2480844480277322,-0.8285536083977344,-0.8392187996001467,0.8045837809735771,0.0023849424331977,80,1,8,2023-03-01,2023
2023-03,-0.18973102945553963,-0.2495306509102034,0.46651898312051276,0.2480844480277322,-0.8285536083977344,-0.8392187996001467,0.8045837809735771,0.0023849424331977,81,0,8,2023-03-01,2023
2023-03,-0.1845848792250738,-0.23687814396211743,0.46651898312051276,0.2480844480277322,-0.8285536083977344,-0.8392187996001467,0.8045837809735771,0.0023849424331977,81,1,8,2023-03-01,2023
2023-03,-0.1933221578977627,-0.2517327816068532,0.46651898312051276,0.2480844480277322,-0.8285536083977344,-0.8392187996001467,0.8045837809735771,0.0023849424331977,86,0,8,2023-03-01,2023
2023-03,-0.1924733751716802,-0.24848938527357303,0.46651898312051276,0.2480844480277322,-0.8285536083977344,-0.8392187996001467,0.8045837809735771,0.0023849424331977,86,1,8,2023-03-01,2023
2023-03,-0.18004939900936578,-0.24224824428419214,0.46651898312051276,0.2480844480277322,-0.8285536083977344,-0.8392187996001467,0.8045837809735771,0.0023849424331977,87,1,8,2023-03-01,2023
2023-03,-0.11572009140699885,-0.1606956189556447,0.46651898312051276,0.2480844480277322,-0.8285536083977344,-0.8392187996001467,0.8045837809735771,0.0023849424331977,87,0,8,2023-03-01,2023
2023-03,7.2912406810689685,7.316557678207017,0.46651898312051276,0.2480844480277322,-0.8285536083977344,-0.8392187996001467,0.8045837809735771,0.0023849424331977,88,1,8,2023-03-01,2023
2023-03,4.311025225758126,2.3526172374391914,0.46651898312051276,0.2480844480277322,-0.8285536083977344,-0.8392187996001467,0.8045837809735771,0.0023849424331977,88,0,8,2023-03-01,2023
2023-03,-0.18684775988983954,-0.1986400425570908,0.46651898312051276,0.2480844480277322,-0.8285536083977344,-0.8392187996001467,0.8045837809735771,0.0023849424331977,89,1,8,2023-03-01,2023
2023-03,0.4486945044080575,0.7504980337083439,0.46651898312051276,0.2480844480277322,-0.8285536083977344,-0.8392187996001467,0.8045837809735771,0.0023849424331977,89,0,8,2023-03-01,2023
2023-03,0.08808171208584006,0.9212690248212067,0.46651898312051276,0.2480844480277322,-0.8285536083977344,-0.8392187996001467,0.8045837809735771,0.0023849424331977,91,0,8,2023-03-01,2023
2023-03,-0.19328004272433114,-0.25169823588728246,0.46651898312051276,0.2480844480277322,-0.8285536083977344,-0.8392187996001467,0.8045837809735771,0.0023849424331977,91,1,8,2023-03-01,2023
2023-03,-0.19331081919722343,-0.2517255755108248,0.46651898312051276,0.2480844480277322,-0.8285536083977344,-0.8392187996001467,0.8045837809735771,0.0023849424331977,94,0,8,2023-03-01,2023
2023-03,-0.19333511641266474,-0.2517646277617487,0.46651898312051276,0.2480844480277322,-0.8285536083977344,-0.8392187996001467,0.8045837809735771,0.0023849424331977,94,1,8,2023-03-01,2023
2023-03,-0.19324764643707606,-0.2511483519794694,0.46651898312051276,0.2480844480277322,-0.8285536083977344,-0.8392187996001467,0.8045837809735771,0.0023849424331977,95,0,8,2023-03-01,2023
2023-03,-0.19324764643707606,-0.2500379557164684,0.46651898312051276,0.2480844480277322,-0.8285536083977344,-0.8392187996001467,0.8045837809735771,0.0023849424331977,95,1,8,2023-03-01,2023
2023-03,-0.1931812340482032,-0.22367808692342153,0.46651898312051276,0.2480844480277322,-0.8285536083977344,-0.8392187996001467,0.8045837809735771,0.0023849424331977,97,1,8,2023-03-01,2023
2023-03,-0.15702049821410843,-0.2037910340185355,0.46651898312051276,0.2480844480277322,-0.8285536083977344,-0.8392187996001467,0.8045837809735771,0.0023849424331977,98,0,8,2023-03-01,2023
2023-03,-0.023772948919695697,0.9321190498521387,0.46651898312051276,0.2480844480277322,-0.8285536083977344,-0.8392187996001467,0.8045837809735771,0.0023849424331977,98,1,8,2023-03-01,2023
2023-03,-0.17490162896453723,-0.19283547777948198,0.46651898312051276,0.2480844480277322,-0.8285536083977344,-0.8392187996001467,0.8045837809735771,0.0023849424331977,100,1,8,2023-03-01,2023
2023-03,-0.18894217986087897,-0.24089331100297434,0.46651898312051276,0.2480844480277322,-0.8285536083977344,-0.8392187996001467,0.8045837809735771,0.0023849424331977,100,0,8,2023-03-01,2023
2023-03,0.2371386495607207,0.13639985092029305,0.46651898312051276,0.2480844480277322,-0.8285536083977344,-0.8392187996001467,0.8045837809735771,0.0023849424331977,101,0,8,2023-03-01,2023
2023-03,0.9145433962496025,0.7255333870222255,0.46651898312051276,0.2480844480277322,-0.8285536083977344,-0.8392187996001467,0.8045837809735771,0.0023849424331977,101,1,8,2023-03-01,2023
2023-04,-0.1931844736769287,-0.25124148696076737,0.6649479616779238,0.626902310440858,-0.7884889938792926,-0.8099765653387596,0.6656327104424986,0.002222535128416,0,0,8,2023-04-01,2023
2023-04,-0.1917136822355491,-0.24349203822938228,0.6649479616779238,0.626902310440858,-0.7884889938792926,-0.8099765653387596,0.6656327104424986,0.002222535128416,0,1,8,2023-04-01,2023
2023-04,-0.1930921442582518,0.07676777348380645,0.6649479616779238,0.626902310440858,-0.7884889938792926,-0.8099765653387596,0.6656327104424986,0.002222535128416,1,1,8,2023-04-01,2023
2023-04,-0.1919096797734422,-0.2514686988695599,0.6649479616779238,0.626902310440858,-0.7884889938792926,-0.8099765653387596,0.6656327104424986,0.002222535128416,2,0,8,2023-04-01,2023
2023-04,-0.18221995025545462,-0.24686280176569794,0.6649479616779238,0.626902310440858,-0.7884889938792926,-0.8099765653387596,0.6656327104424986,0.002222535128416,2,1,8,2023-04-01,2023
2023-04,-0.19213807359859036,-0.22967028886251026,0.6649479616779238,0.626902310440858,-0.7884889938792926,-0.8099765653387596,0.6656327104424986,0.002222535128416,3,1,8,2023-04-01,2023
2023-04,-0.19293988170815302,-0.24951250722310342,0.6649479616779238,0.626902310440858,-0.7884889938792926,-0.8099765653387596,0.6656327104424986,0.002222535128416,3,0,8,2023-04-01,2023
2023-04,-0.1618831809310925,0.0230541345587242,0.6649479616779238,0.626902310440858,-0.7884889938792926,-0.8099765653387596,0.6656327104424986,0.002222535128416,5,0,8,2023-04-01,2023
2023-04,-0.07853239326691877,0.9618730987279911,0.6649479616779238,0.626902310440858,-0.7884889938792926,-0.8099765653387596,0.6656327104424986,0.002222535128416,5,1,8,2023-04-01,2023
2023-04,-0.19276980120006398,-0.2415861281520716,0.6649479616779238,0.626902310440858,-0.7884889938792926,-0.8099765653387596,0.6656327104424986,0.002222535128416,6,0,8,2023-04-01,2023
2023-04,-0.1930824253720753,-0.22549467624307226,0.6649479616779238,0.626902310440858,-0.7884889938792926,-0.8099765653387596,0.6656327104424986,0.002222535128416,6,1,8,2023-04-01,2023
2023-04,-0.1917315001935394,-0.2406609089633867,0.6649479616779238,0.626902310440858,-0.7884889938792926,-0.8099765653387596,0.6656327104424986,0.002222535128416,9,0,8,2023-04-01,2023
2023-04,-0.18760745282597063,-0.11673177135325497,0.6649479616779238,0.626902310440858,-0.7884889938792926,-0.8099765653387596,0.6656327104424986,0.002222535128416,9,1,8,2023-04-01,2023
2023-04,-0.1862127926596404,-0.2303461335872457,0.6649479616779238,0.626902310440858,-0.7884889938792926,-0.8099765653387596,0.6656327104424986,0.002222535128416,12,0,8,2023-04-01,2023
2023-04,-0.16904276041446015,-0.19441524996506,0.6649479616779238,0.626902310440858,-0.7884889938792926,-0.8099765653387596,0.6656327104424986,0.002222535128416,12,1,8,2023-04-01,2023
2023-04,-0.1932881417961449,-0.2515734942286006,0.6649479616779238,0.626902310440858,-0.7884889938792926,-0.8099765653387596,0.6656327104424986,0.002222535128416,13,0,8,2023-04-01,2023
2023-04,-0.1930856650008008,-0.24821272343572012,0.6649479616779238,0.626902310440858,-0.7884889938792926,-0.8099765653387596,0.6656327104424986,0.002222535128416,13,1,8,2023-04-01,2023
2023-04,-0.19333349659830198,-0.2517562112157529,0.6649479616779238,0.626902310440858,-0.7884889938792926,-0.8099765653387596,0.6656327104424986,0.002222535128416,15,1,8,2023-04-01,2023
2023-04,-0.1922741380050616,-0.2504330239442894,0.6649479616779238,0.626902310440858,-0.7884889938792926,-0.8099765653387596,0.6656327104424986,0.002222535128416,17,0,8,2023-04-01,2023
2023-04,-0.18775485593298114,-0.24615855500809639,0.6649479616779238,0.626902310440858,-0.7884889938792926,-0.8099765653387596,0.6656327104424986,0.002222535128416,18,1,8,2023-04-01,2023
2023-04,-0.19231301354976768,-0.25050488896842793,0.6649479616779238,0.626902310440858,-0.7884889938792926,-0.8099765653387596,0.6656327104424986,0.002222535128416,18,0,8,2023-04-01,2023
2023-04,-0.1933253975264882,-0.25175071194126114,0.6649479616779238,0.626902310440858,-0.7884889938792926,-0.8099765653387596,0.6656327104424986,0.002222535128416,19,1,8,2023-04-01,2023
2023-04,-0.1927179671404559,-0.25099364950702824,0.6649479616779238,0.626902310440858,-0.7884889938792926,-0.8099765653387596,0.6656327104424986,0.002222535128416,19,0,8,2023-04-01,2023
2023-04,-0.1932913814248704,-0.25174340134595496,0.6649479616779238,0.626902310440858,-0.7884889938792926,-0.8099765653387596,0.6656327104424986,0.002222535128416,21,0,8,2023-04-01,2023
2023-04,-0.19255760551854337,-0.2503795507930355,0.6649479616779238,0.626902310440858,-0.7884889938792926,-0.8099765653387596,0.6656327104424986,0.002222535128416,21,1,8,2023-04-01,2023
2023-04,-0.19118886238201718,-0.25006645354033913,0.6649479616779238,0.626902310440858,-0.7884889938792926,-0.8099765653387596,0.6656327104424986,0.002222535128416,23,1,8,2023-04-01,2023
2023-04,-0.19307594611462428,-0.25145389915934807,0.6649479616779238,0.626902310440858,-0.7884889938792926,-0.8099765653387596,0.6656327104424986,0.002222535128416,23,0,8,2023-04-01,2023
2023-04,-0.19324440680835056,-0.2514903084493721,0.6649479616779238,0.626902310440858,-0.7884889938792926,-0.8099765653387596,0.6656327104424986,0.002222535128416,25,1,8,2023-04-01,2023
2023-04,-0.1932363077365368,-0.2511091299172192,0.6649479616779238,0.626902310440858,-0.7884889938792926,-0.8099765653387596,0.6656327104424986,0.002222535128416,28,0,8,2023-04-01,2023
2023-04,-0.1916148735594212,-0.2457414853281717,0.6649479616779238,0.626902310440858,-0.7884889938792926,-0.8099765653387596,0.6656327104424986,0.002222535128416,28,1,8,2023-04-01,2023
2023-04,-0.19199391012030537,-0.24776489613504327,0.6649479616779238,0.626902310440858,-0.7884889938792926,-0.8099765653387596,0.6656327104424986,0.002222535128416,30,0,8,2023-04-01,2023
2023-04,-0.19154360172746007,0.031557467204643856,0.6649479616779238,0.626902310440858,-0.7884889938792926,-0.8099765653387596,0.6656327104424986,0.002222535128416,30,1,8,2023-04-01,2023
2023-04,-0.19185460608510863,-0.24786060441105592,0.6649479616779238,0.626902310440858,-0.7884889938792926,-0.8099765653387596,0.6656327104424986,0.002222535128416,37,1,8,2023-04-01,2023
2023-04,-0.08054258289109506,-0.08135409384508757,0.6649479616779238,0.626902310440858,-0.7884889938792926,-0.8099765653387596,0.6656327104424986,0.002222535128416,37,0,8,2023-04-01,2023
2023-04,-0.19332377771212544,-0.2515372242709469,0.6649479616779238,0.626902310440858,-0.7884889938792926,-0.8099765653387596,0.6656327104424986,0.002222535128416,38,1,8,2023-04-01,2023
2023-04,-0.19331729845467444,-0.2517101357425367,0.6649479616779238,0.626902310440858,-0.7884889938792926,-0.8099765653387596,0.6656327104424986,0.002222535128416,40,0,8,2023-04-01,2023
2023-04,-0.19333511641266474,-0.25175446520698713,0.6649479616779238,0.626902310440858,-0.7884889938792926,-0.8099765653387596,0.6656327104424986,0.002222535128416,40,1,8,2023-04-01,2023
2023-04,-0.12690814921053284,-0.021361006237054548,0.6649479616779238,0.626902310440858,-0.7884889938792926,-0.8099765653387596,0.6656327104424986,0.002222535128416,44,0,8,2023-04-01,2023
2023-04,-0.0032709585303327925,0.515043726966439,0.6649479616779238,0.626902310440858,-0.7884889938792926,-0.8099765653387596,0.6656327104424986,0.002222535128416,44,1,8,2023-04-01,2023
2023-04,-0.19331729845467444,-0.25117710669739796,0.6649479616779238,0.626902310440858,-0.7884889938792926,-0.8099765653387596,0.6656327104424986,0.002222535128416,46,0,8,2023-04-01,2023
2023-04,-0.19327680309560563,-0.2478483692872856,0.6649479616779238,0.626902310440858,-0.7884889938792926,-0.8099765653387596,0.6656327104424986,0.002222535128416,46,1,8,2023-04-01,2023
2023-04,-0.19332701734085095,-0.25169637231682923,0.6649479616779238,0.626902310440858,-0.7884889938792926,-0.8099765653387596,0.6656327104424986,0.002222535128416,48,0,8,2023-04-01,2023
2023-04,-0.19259324143452392,-0.24132094817236188,0.6649479616779238,0.626902310440858,-0.7884889938792926,-0.8099765653387596,0.6656327104424986,0.002222535128416,48,1,8,2023-04-01,2023
2023-04,-0.14699384730866824,-0.21218955824300476,0.6649479616779238,0.626902310440858,-0.7884889938792926,-0.8099765653387596,0.6656327104424986,0.002222535128416,50,1,8,2023-04-01,2023
2023-04,-0.18657887070562257,-0.2429554649170731,0.6649479616779238,0.626902310440858,-0.7884889938792926,-0.8099765653387596,0.6656327104424986,0.002222535128416,50,0,8,2023-04-01,2023
2023-04,-0.1932298284790858,-0.25142677288849785,0.6649479616779238,0.626902310440858,-0.7884889938792926,-0.8099765653387596,0.6656327104424986,0.002222535128416,52,1,8,2023-04-01,2023
2023-04,-0.1932638445807036,-0.2499067829980681,0.6649479616779238,0.626902310440858,-0.7884889938792926,-0.8099765653387596,0.6656327104424986,0.002222535128416,53,1,8,2023-04-01,2023
2023-04,-0.19333025696957648,-0.2517524666583001,0.6649479616779238,0.626902310440858,-0.7884889938792926,-0.8099765653387596,0.6656327104424986,0.002222535128416,58,0,8,2023-04-01,2023
2023-04,-0.19329948049668416,-0.2451694824065674,0.6649479616779238,0.626902310440858,-0.7884889938792926,-0.8099765653387596,0.6656327104424986,0.002222535128416,58,1,8,2023-04-01,2023
2023-04,-0.12199201261957791,-0.15473177115391978,0.6649479616779238,0.626902310440858,-0.7884889938792926,-0.8099765653387596,0.6656327104424986,0.002222535128416,60,0,8,2023-04-01,2023
2023-04,-0.19333349659830198,-0.25176472355275326,0.6649479616779238,0.626902310440858,-0.7884889938792926,-0.8099765653387596,0.6656327104424986,0.002222535128416,66,1,8,2023-04-01,2023
2023-04,-0.19195989401868754,-0.2431092922080631,0.6649479616779238,0.626902310440858,-0.7884889938792926,-0.8099765653387596,0.6656327104424986,0.002222535128416,67,1,8,2023-04-01,2023
2023-04,-0.1922741380050616,-0.24640072337601743,0.6649479616779238,0.626902310440858,-0.7884889938792926,-0.8099765653387596,0.6656327104424986,0.002222535128416,67,0,8,2023-04-01,2023
2023-04,-0.19326870402379187,-0.15286652000392842,0.6649479616779238,0.626902310440858,-0.7884889938792926,-0.8099765653387596,0.6656327104424986,0.002222535128416,68,1,8,2023-04-01,2023
2023-04,-0.19330757956849792,-0.25175054648407136,0.6649479616779238,0.626902310440858,-0.7884889938792926,-0.8099765653387596,0.6656327104424986,0.002222535128416,69,0,8,2023-04-01,2023
2023-04,-0.19331405882594893,-0.2514670921931645,0.6649479616779238,0.626902310440858,-0.7884889938792926,-0.8099765653387596,0.6656327104424986,0.002222535128416,72,0,8,2023-04-01,2023
2023-04,-0.1741467954714944,0.07401721751509553,0.6649479616779238,0.626902310440858,-0.7884889938792926,-0.8099765653387596,0.6656327104424986,0.002222535128416,72,1,8,2023-04-01,2023
2023-04,-0.19260134050633768,-0.25059943904411214,0.6649479616779238,0.626902310440858,-0.7884889938792926,-0.8099765653387596,0.6656327104424986,0.002222535128416,75,0,8,2023-04-01,2023
2023-04,-0.19072235584554437,-0.2466314708437073,0.6649479616779238,0.626902310440858,-0.7884889938792926,-0.8099765653387596,0.6656327104424986,0.002222535128416,75,1,8,2023-04-01,2023
2023-04,-0.1932460266227133,-0.2505000515226952,0.6649479616779238,0.626902310440858,-0.7884889938792926,-0.8099765653387596,0.6656327104424986,0.002222535128416,77,0,8,2023-04-01,2023
2023-04,-0.19229681540614013,-0.24026839225959756,0.6649479616779238,0.626902310440858,-0.7884889938792926,-0.8099765653387596,0.6656327104424986,0.002222535128416,77,1,8,2023-04-01,2023
2023-04,-0.1931747547907522,-0.24984292523108742,0.6649479616779238,0.626902310440858,-0.7884889938792926,-0.8099765653387596,0.6656327104424986,0.002222535128416,78,1,8,2023-04-01,2023
2023-04,0.00204365239385933,-0.023625910520678334,0.6649479616779238,0.626902310440858,-0.7884889938792926,-0.8099765653387596,0.6656327104424986,0.002222535128416,79,1,8,2023-04-01,2023
2023-04,-0.1454323462629745,-0.17180857287767812,0.6649479616779238,0.626902310440858,-0.7884889938792926,-0.8099765653387596,0.6656327104424986,0.002222535128416,79,0,8,2023-04-01,2023
2023-04,-0.0479000838528995,-0.22336256877079055,0.6649479616779238,0.626902310440858,-0.7884889938792926,-0.8099765653387596,0.6656327104424986,0.002222535128416,80,0,8,2023-04-01,2023
2023-04,0.3318556746083312,-0.15760201798288784,0.6649479616779238,0.626902310440858,-0.7884889938792926,-0.8099765653387596,0.6656327104424986,0.002222535128416,80,1,8,2023-04-01,2023
2023-04,-0.1860378527084631,-0.23795244878706423,0.6649479616779238,0.626902310440858,-0.7884889938792926,-0.8099765653387596,0.6656327104424986,0.002222535128416,81,1,8,2023-04-01,2023
2023-04,-0.1905053007209355,-0.2500293780674195,0.6649479616779238,0.626902310440858,-0.7884889938792926,-0.8099765653387596,0.6656327104424986,0.002222535128416,81,0,8,2023-04-01,2023
2023-04,-0.19271310769736763,-0.249225386749202,0.6649479616779238,0.626902310440858,-0.7884889938792926,-0.8099765653387596,0.6656327104424986,0.002222535128416,86,1,8,2023-04-01,2023
2023-04,-0.19333025696957648,-0.25175098189772865,0.6649479616779238,0.626902310440858,-0.7884889938792926,-0.8099765653387596,0.6656327104424986,0.002222535128416,86,0,8,2023-04-01,2023
2023-04,-0.1825536320141817,-0.2441940469607853,0.6649479616779238,0.626902310440858,-0.7884889938792926,-0.8099765653387596,0.6656327104424986,0.002222535128416,87,1,8,2023-04-01,2023
2023-04,-0.12105899954663227,-0.18350279532394329,0.6649479616779238,0.626902310440858,-0.7884889938792926,-0.8099765653387596,0.6656327104424986,0.002222535128416,87,0,8,2023-04-01,2023
2023-04,4.6027570321186415,2.6472126970731056,0.6649479616779238,0.626902310440858,-0.7884889938792926,-0.8099765653387596,0.6656327104424986,0.002222535128416,88,0,8,2023-04-01,2023
2023-04,7.256299665450027,7.32759497029782,0.6649479616779238,0.626902310440858,-0.7884889938792926,-0.8099765653387596,0.6656327104424986,0.002222535128416,88,1,8,2023-04-01,2023
2023-04,0.188701340671322,0.35368960118561865,0.6649479616779238,0.626902310440858,-0.7884889938792926,-0.8099765653387596,0.6656327104424986,0.002222535128416,89,0,8,2023-04-01,2023
2023-04,-0.18815009063749283,-0.21393569327876663,0.6649479616779238,0.626902310440858,-0.7884889938792926,-0.8099765653387596,0.6656327104424986,0.002222535128416,89,1,8,2023-04-01,2023
2023-04,-0.19325088606580157,-0.25080646082161534,0.6649479616779238,0.626902310440858,-0.7884889938792926,-0.8099765653387596,0.6656327104424986,0.002222535128416,91,1,8,2023-04-01,2023
2023-04,0.0396233456097256,0.5852156668692114,0.6649479616779238,0.626902310440858,-0.7884889938792926,-0.8099765653387596,0.6656327104424986,0.002222535128416,91,0,8,2023-04-01,2023
2023-04,-0.19333511641266474,-0.2517639223916238,0.6649479616779238,0.626902310440858,-0.7884889938792926,-0.8099765653387596,0.6656327104424986,0.002222535128416,93,1,8,2023-04-01,2023
2023-04,-0.1933286371552137,-0.25174769017047943,0.6649479616779238,0.626902310440858,-0.7884889938792926,-0.8099765653387596,0.6656327104424986,0.002222535128416,94,0,8,2023-04-01,2023
2023-04,-0.19332053808339994,-0.25135625764669695,0.6649479616779238,0.626902310440858,-0.7884889938792926,-0.8099765653387596,0.6656327104424986,0.002222535128416,94,1,8,2023-04-01,2023
2023-04,-0.1932946210535959,-0.2507812764956767,0.6649479616779238,0.626902310440858,-0.7884889938792926,-0.8099765653387596,0.6656327104424986,0.002222535128416,95,1,8,2023-04-01,2023
2023-04,-0.19284917210383887,-0.2480695899041536,0.6649479616779238,0.626902310440858,-0.7884889938792926,-0.8099765653387596,0.6656327104424986,0.002222535128416,95,0,8,2023-04-01,2023
2023-04,-0.1931909529343797,-0.23009390716384087,0.6649479616779238,0.626902310440858,-0.7884889938792926,-0.8099765653387596,0.6656327104424986,0.002222535128416,97,1,8,2023-04-01,2023
2023-04,0.012616180739547225,0.8189427572987645,0.6649479616779238,0.626902310440858,-0.7884889938792926,-0.8099765653387596,0.6656327104424986,0.002222535128416,98,1,8,2023-04-01,2023
2023-04,-0.14450581244747987,-0.18592331644868862,0.6649479616779238,0.626902310440858,-0.7884889938792926,-0.8099765653387596,0.6656327104424986,0.002222535128416,98,0,8,2023-04-01,2023
2023-04,-0.1607914260505971,-0.17246487623747359,0.6649479616779238,0.626902310440858,-0.7884889938792926,-0.8099765653387596,0.6656327104424986,0.002222535128416,100,1,8,2023-04-01,2023
2023-04,-0.18583699572748175,-0.23391110903126658,0.6649479616779238,0.626902310440858,-0.7884889938792926,-0.8099765653387596,0.6656327104424986,0.002222535128416,100,0,8,2023-04-01,2023
2023-04,0.9742983480915554,1.0794607586255522,0.6649479616779238,0.626902310440858,-0.7884889938792926,-0.8099765653387596,0.6656327104424986,0.002222535128416,101,1,8,2023-04-01,2023
2023-04,0.30505584597658525,0.2538871828029374,0.6649479616779238,0.626902310440858,-0.7884889938792926,-0.8099765653387596,0.6656327104424986,0.002222535128416,101,0,8,2023-04-01,2023
2023-05,-0.1922773776337871,-0.24759118350232404,0.6649479616779238,0.626902310440858,-0.7693895441195686,-0.8186960506586222,1.075840951967638,0.0025360139729511,0,1,8,2023-05-01,2023
2023-05,-0.19310834240187932,-0.2510986190315318,0.6649479616779238,0.626902310440858,-0.7693895441195686,-0.8186960506586222,1.075840951967638,0.0025360139729511,0,0,8,2023-05-01,2023
2023-05,-0.19333025696957648,-0.25166363791807284,0.6649479616779238,0.626902310440858,-0.7693895441195686,-0.8186960506586222,1.075840951967638,0.0025360139729511,1,0,8,2023-05-01,2023
2023-05,-0.19315693683276192,-0.1916469160567212,0.6649479616779238,0.626902310440858,-0.7693895441195686,-0.8186960506586222,1.075840951967638,0.0025360139729511,1,1,8,2023-05-01,2023
2023-05,-0.1789155289554388,-0.2477685753804475,0.6649479616779238,0.626902310440858,-0.7693895441195686,-0.8186960506586222,1.075840951967638,0.0025360139729511,2,1,8,2023-05-01,2023
2023-05,-0.1914253552789791,-0.2513753418272967,0.6649479616779238,0.626902310440858,-0.7693895441195686,-0.8186960506586222,1.075840951967638,0.0025360139729511,2,0,8,2023-05-01,2023
2023-05,-0.19229681540614013,-0.23106951242094934,0.6649479616779238,0.626902310440858,-0.7693895441195686,-0.8186960506586222,1.075840951967638,0.0025360139729511,3,1,8,2023-05-01,2023
2023-05,-0.19299333558212386,-0.24981260302399258,0.6649479616779238,0.626902310440858,-0.7693895441195686,-0.8186960506586222,1.075840951967638,0.0025360139729511,3,0,8,2023-05-01,2023
2023-05,-0.09136618246300965,0.7677934522752996,0.6649479616779238,0.626902310440858,-0.7693895441195686,-0.8186960506586222,1.075840951967638,0.0025360139729511,5,1,8,2023-05-01,2023
2023-05,-0.16288098657854827,0.018958633698094116,0.6649479616779238,0.626902310440858,-0.7693895441195686,-0.8186960506586222,1.075840951967638,0.0025360139729511,5,0,8,2023-05-01,2023
2023-05,-0.19307270648589878,-0.2279171001255,0.6649479616779238,0.626902310440858,-0.7693895441195686,-0.8186960506586222,1.075840951967638,0.0025360139729511,6,1,8,2023-05-01,2023
2023-05,-0.19279085878677976,-0.24199365356462813,0.6649479616779238,0.626902310440858,-0.7693895441195686,-0.8186960506586222,1.075840951967638,0.0025360139729511,6,0,8,2023-05-01,2023
2023-05,-0.19333511641266474,-0.2470517712929692,0.6649479616779238,0.626902310440858,-0.7693895441195686,-0.8186960506586222,1.075840951967638,0.0025360139729511,8,1,8,2023-05-01,2023
2023-05,-0.18718792090601763,-0.021038521465906658,0.6649479616779238,0.626902310440858,-0.7693895441195686,-0.8186960506586222,1.075840951967638,0.0025360139729511,9,1,8,2023-05-01,2023
2023-05,-0.1916213528168722,-0.24126605992672176,0.6649479616779238,0.626902310440858,-0.7693895441195686,-0.8186960506586222,1.075840951967638,0.0025360139729511,9,0,8,2023-05-01,2023
2023-05,-0.17239901577408406,-0.19579466220209157,0.6649479616779238,0.626902310440858,-0.7693895441195686,-0.8186960506586222,1.075840951967638,0.0025360139729511,12,1,8,2023-05-01,2023
2023-05,-0.18642336852679828,-0.22875367780183034,0.6649479616779238,0.626902310440858,-0.7693895441195686,-0.8186960506586222,1.075840951967638,0.0025360139729511,12,0,8,2023-05-01,2023
2023-05,-0.19331405882594893,-0.25171286578616797,0.6649479616779238,0.626902310440858,-0.7693895441195686,-0.8186960506586222,1.075840951967638,0.0025360139729511,13,0,8,2023-05-01,2023
2023-05,-0.1929884761390356,-0.24687025604751103,0.6649479616779238,0.626902310440858,-0.7693895441195686,-0.8186960506586222,1.075840951967638,0.0025360139729511,13,1,8,2023-05-01,2023
2023-05,-0.19333511641266474,-0.2517690515645069,0.6649479616779238,0.626902310440858,-0.7693895441195686,-0.8186960506586222,1.075840951967638,0.0025360139729511,15,1,8,2023-05-01,2023
2023-05,-0.19221744450236525,-0.25043502249297644,0.6649479616779238,0.626902310440858,-0.7693895441195686,-0.8186960506586222,1.075840951967638,0.0025360139729511,17,0,8,2023-05-01,2023
2023-05,-0.18964355947995096,-0.2481241428812776,0.6649479616779238,0.626902310440858,-0.7693895441195686,-0.8186960506586222,1.075840951967638,0.0025360139729511,18,1,8,2023-05-01,2023
2023-05,-0.19260781976378868,-0.2507974129258165,0.6649479616779238,0.626902310440858,-0.7693895441195686,-0.8186960506586222,1.075840951967638,0.0025360139729511,18,0,8,2023-05-01,2023
2023-05,-0.1927795200862405,-0.2512059876852871,0.6649479616779238,0.626902310440858,-0.7693895441195686,-0.8186960506586222,1.075840951967638,0.0025360139729511,19,0,8,2023-05-01,2023
2023-05,-0.19332701734085095,-0.25175176564231183,0.6649479616779238,0.626902310440858,-0.7693895441195686,-0.8186960506586222,1.075840951967638,0.0025360139729511,19,1,8,2023-05-01,2023
2023-05,-0.1932427869939878,-0.2516303244191523,0.6649479616779238,0.626902310440858,-0.7693895441195686,-0.8186960506586222,1.075840951967638,0.0025360139729511,21,0,8,2023-05-01,2023
2023-05,-0.19222068413109075,-0.24986438241611952,0.6649479616779238,0.626902310440858,-0.7693895441195686,-0.8186960506586222,1.075840951967638,0.0025360139729511,21,1,8,2023-05-01,2023
2023-05,-0.1931293999885951,-0.2515546582337855,0.6649479616779238,0.626902310440858,-0.7693895441195686,-0.8186960506586222,1.075840951967638,0.0025360139729511,23,0,8,2023-05-01,2023
2023-05,-0.1917719955526082,-0.250601306968702,0.6649479616779238,0.626902310440858,-0.7693895441195686,-0.8186960506586222,1.075840951967638,0.0025360139729511,23,1,8,2023-05-01,2023
2023-05,-0.19321525014982102,-0.24614897590763563,0.6649479616779238,0.626902310440858,-0.7693895441195686,-0.8186960506586222,1.075840951967638,0.0025360139729511,25,1,8,2023-05-01,2023
2023-05,-0.1916148735594212,-0.2451510339299073,0.6649479616779238,0.626902310440858,-0.7693895441195686,-0.8186960506586222,1.075840951967638,0.0025360139729511,28,1,8,2023-05-01,2023
2023-05,-0.1932460266227133,-0.25144248696739,0.6649479616779238,0.626902310440858,-0.7693895441195686,-0.8186960506586222,1.075840951967638,0.0025360139729511,28,0,8,2023-05-01,2023
2023-05,-0.19189996088726569,-0.2475021805966339,0.6649479616779238,0.626902310440858,-0.7693895441195686,-0.8186960506586222,1.075840951967638,0.0025360139729511,30,0,8,2023-05-01,2023
2023-05,-0.19170558316373534,-0.0030516224697817096,0.6649479616779238,0.626902310440858,-0.7693895441195686,-0.8186960506586222,1.075840951967638,0.0025360139729511,30,1,8,2023-05-01,2023
2023-05,-0.07759290093652212,-0.07270093971382513,0.6649479616779238,0.626902310440858,-0.7693895441195686,-0.8186960506586222,1.075840951967638,0.0025360139729511,37,0,8,2023-05-01,2023
2023-05,-0.19187404385746165,-0.2479463330060431,0.6649479616779238,0.626902310440858,-0.7693895441195686,-0.8186960506586222,1.075840951967638,0.0025360139729511,37,1,8,2023-05-01,2023
2023-05,-0.19329624086795866,-0.25130230118628344,0.6649479616779238,0.626902310440858,-0.7693895441195686,-0.8186960506586222,1.075840951967638,0.0025360139729511,38,1,8,2023-05-01,2023
2023-05,-0.19333511641266474,-0.25175446520698713,0.6649479616779238,0.626902310440858,-0.7693895441195686,-0.8186960506586222,1.075840951967638,0.0025360139729511,40,1,8,2023-05-01,2023
2023-05,-0.1933221578977627,-0.25171047536518937,0.6649479616779238,0.626902310440858,-0.7693895441195686,-0.8186960506586222,1.075840951967638,0.0025360139729511,40,0,8,2023-05-01,2023
2023-05,-0.19333511641266474,-0.2517612576600411,0.6649479616779238,0.626902310440858,-0.7693895441195686,-0.8186960506586222,1.075840951967638,0.0025360139729511,43,0,8,2023-05-01,2023
2023-05,0.009269644266099823,0.6967628766403176,0.6649479616779238,0.626902310440858,-0.7693895441195686,-0.8186960506586222,1.075840951967638,0.0025360139729511,44,1,8,2023-05-01,2023
2023-05,-0.12946097664623132,-0.020697832049746758,0.6649479616779238,0.626902310440858,-0.7693895441195686,-0.8186960506586222,1.075840951967638,0.0025360139729511,44,0,8,2023-05-01,2023
2023-05,-0.1932849021674194,-0.2479184578237023,0.6649479616779238,0.626902310440858,-0.7693895441195686,-0.8186960506586222,1.075840951967638,0.0025360139729511,46,1,8,2023-05-01,2023
2023-05,-0.19333187678393923,-0.2516721720257561,0.6649479616779238,0.626902310440858,-0.7693895441195686,-0.8186960506586222,1.075840951967638,0.0025360139729511,46,0,8,2023-05-01,2023
2023-05,-0.19331729845467444,-0.25150882223808074,0.6649479616779238,0.626902310440858,-0.7693895441195686,-0.8186960506586222,1.075840951967638,0.0025360139729511,48,0,8,2023-05-01,2023
2023-05,-0.19275036342771096,-0.24404655058437255,0.6649479616779238,0.626902310440858,-0.7693895441195686,-0.8186960506586222,1.075840951967638,0.0025360139729511,48,1,8,2023-05-01,2023
2023-05,-0.19333349659830198,-0.2517565377759959,0.6649479616779238,0.626902310440858,-0.7693895441195686,-0.8186960506586222,1.075840951967638,0.0025360139729511,49,1,8,2023-05-01,2023
2023-05,-0.19333511641266474,-0.2517699223918215,0.6649479616779238,0.626902310440858,-0.7693895441195686,-0.8186960506586222,1.075840951967638,0.0025360139729511,49,0,8,2023-05-01,2023
2023-05,-0.18804480270391388,-0.24456564203834086,0.6649479616779238,0.626902310440858,-0.7693895441195686,-0.8186960506586222,1.075840951967638,0.0025360139729511,50,0,8,2023-05-01,2023
2023-05,-0.16141343476589418,-0.21947980231484754,0.6649479616779238,0.626902310440858,-0.7693895441195686,-0.8186960506586222,1.075840951967638,0.0025360139729511,50,1,8,2023-05-01,2023
2023-05,-0.1932265888503603,-0.25144484255527605,0.6649479616779238,0.626902310440858,-0.7693895441195686,-0.8186960506586222,1.075840951967638,0.0025360139729511,52,1,8,2023-05-01,2023
2023-05,-0.19325250588016432,-0.2499313577448865,0.6649479616779238,0.626902310440858,-0.7693895441195686,-0.8186960506586222,1.075840951967638,0.0025360139729511,53,1,8,2023-05-01,2023
2023-05,-0.19333511641266474,-0.2517596901708748,0.6649479616779238,0.626902310440858,-0.7693895441195686,-0.8186960506586222,1.075840951967638,0.0025360139729511,58,0,8,2023-05-01,2023
2023-05,-0.19327356346688013,-0.2342928623094471,0.6649479616779238,0.626902310440858,-0.7693895441195686,-0.8186960506586222,1.075840951967638,0.0025360139729511,58,1,8,2023-05-01,2023
2023-05,-0.11916705637093693,-0.15616574943048508,0.6649479616779238,0.626902310440858,-0.7693895441195686,-0.8186960506586222,1.075840951967638,0.0025360139729511,60,0,8,2023-05-01,2023
2023-05,-0.19333187678393923,-0.2517620196339414,0.6649479616779238,0.626902310440858,-0.7693895441195686,-0.8186960506586222,1.075840951967638,0.0025360139729511,66,0,8,2023-05-01,2023
2023-05,-0.19331081919722343,-0.2517257017807854,0.6649479616779238,0.626902310440858,-0.7693895441195686,-0.8186960506586222,1.075840951967638,0.0025360139729511,66,1,8,2023-05-01,2023
2023-05,-0.19254302718927857,-0.2481614404151625,0.6649479616779238,0.626902310440858,-0.7693895441195686,-0.8186960506586222,1.075840951967638,0.0025360139729511,67,0,8,2023-05-01,2023
2023-05,-0.19204250455118796,-0.24392139963685278,0.6649479616779238,0.626902310440858,-0.7693895441195686,-0.8186960506586222,1.075840951967638,0.0025360139729511,67,1,8,2023-05-01,2023
2023-05,-0.19326060495197808,-0.17391862229408064,0.6649479616779238,0.626902310440858,-0.7693895441195686,-0.8186960506586222,1.075840951967638,0.0025360139729511,68,1,8,2023-05-01,2023
2023-05,-0.19330757956849792,-0.25175054648407136,0.6649479616779238,0.626902310440858,-0.7693895441195686,-0.8186960506586222,1.075840951967638,0.0025360139729511,69,0,8,2023-05-01,2023
2023-05,-0.19333025696957648,-0.25164892093645586,0.6649479616779238,0.626902310440858,-0.7693895441195686,-0.8186960506586222,1.075840951967638,0.0025360139729511,72,0,8,2023-05-01,2023
2023-05,-0.17196328571050354,0.10623860754626357,0.6649479616779238,0.626902310440858,-0.7693895441195686,-0.8186960506586222,1.075840951967638,0.0025360139729511,72,1,8,2023-05-01,2023
2023-05,-0.19066404252848526,-0.24778596144778378,0.6649479616779238,0.626902310440858,-0.7693895441195686,-0.8186960506586222,1.075840951967638,0.0025360139729511,75,1,8,2023-05-01,2023
2023-05,-0.19253006867437655,-0.2506730283063336,0.6649479616779238,0.626902310440858,-0.7693895441195686,-0.8186960506586222,1.075840951967638,0.0025360139729511,75,0,8,2023-05-01,2023
2023-05,-0.1932395473652623,-0.2502431618190206,0.6649479616779238,0.626902310440858,-0.7693895441195686,-0.8186960506586222,1.075840951967638,0.0025360139729511,77,0,8,2023-05-01,2023
2023-05,-0.19233083150775795,-0.2403436839892191,0.6649479616779238,0.626902310440858,-0.7693895441195686,-0.8186960506586222,1.075840951967638,0.0025360139729511,77,1,8,2023-05-01,2023
2023-05,-0.19315531701839916,-0.24990730984859344,0.6649479616779238,0.626902310440858,-0.7693895441195686,-0.8186960506586222,1.075840951967638,0.0025360139729511,78,1,8,2023-05-01,2023
2023-05,-0.056988862242305774,-0.08652947717961458,0.6649479616779238,0.626902310440858,-0.7693895441195686,-0.8186960506586222,1.075840951967638,0.0025360139729511,79,1,8,2023-05-01,2023
2023-05,-0.15428301194105612,-0.1832099665769946,0.6649479616779238,0.626902310440858,-0.7693895441195686,-0.8186960506586222,1.075840951967638,0.0025360139729511,79,0,8,2023-05-01,2023
2023-05,0.3014145032891168,-0.1677827120773977,0.6649479616779238,0.626902310440858,-0.7693895441195686,-0.8186960506586222,1.075840951967638,0.0025360139729511,80,1,8,2023-05-01,2023
2023-05,-0.06062048604359768,-0.22471724080381394,0.6649479616779238,0.626902310440858,-0.7693895441195686,-0.8186960506586222,1.075840951967638,0.0025360139729511,80,0,8,2023-05-01,2023
2023-05,-0.18491532135507538,-0.2362078115742835,0.6649479616779238,0.626902310440858,-0.7693895441195686,-0.8186960506586222,1.075840951967638,0.0025360139729511,81,1,8,2023-05-01,2023
2023-05,-0.18933903437975344,-0.24930087441496931,0.6649479616779238,0.626902310440858,-0.7693895441195686,-0.8186960506586222,1.075840951967638,0.0025360139729511,81,0,8,2023-05-01,2023
2023-05,-0.1933221578977627,-0.2517213519983489,0.6649479616779238,0.626902310440858,-0.7693895441195686,-0.8186960506586222,1.075840951967638,0.0025360139729511,86,0,8,2023-05-01,2023
2023-05,-0.19236322779501303,-0.24764115592777317,0.6649479616779238,0.626902310440858,-0.7693895441195686,-0.8186960506586222,1.075840951967638,0.0025360139729511,86,1,8,2023-05-01,2023
2023-05,-0.11681670573058253,-0.1622254927360953,0.6649479616779238,0.626902310440858,-0.7693895441195686,-0.8186960506586222,1.075840951967638,0.0025360139729511,87,0,8,2023-05-01,2023
2023-05,-0.18042195631279895,-0.24206949391545787,0.6649479616779238,0.626902310440858,-0.7693895441195686,-0.8186960506586222,1.075840951967638,0.0025360139729511,87,1,8,2023-05-01,2023
2023-05,4.671547308476029,2.570142677117217,0.6649479616779238,0.626902310440858,-0.7693895441195686,-0.8186960506586222,1.075840951967638,0.0025360139729511,88,0,8,2023-05-01,2023
2023-05,7.35947374128557,7.426548806649639,0.6649479616779238,0.626902310440858,-0.7693895441195686,-0.8186960506586222,1.075840951967638,0.0025360139729511,88,1,8,2023-05-01,2023
2023-05,0.3502178902244976,0.5671042308588236,0.6649479616779238,0.626902310440858,-0.7693895441195686,-0.8186960506586222,1.075840951967638,0.0025360139729511,89,0,8,2023-05-01,2023
2023-05,-0.18777915314842242,-0.2088699862903787,0.6649479616779238,0.626902310440858,-0.7693895441195686,-0.8186960506586222,1.075840951967638,0.0025360139729511,89,1,8,2023-05-01,2023
2023-05,-0.19328328235305664,-0.25172744343541464,0.6649479616779238,0.626902310440858,-0.7693895441195686,-0.8186960506586222,1.075840951967638,0.0025360139729511,91,1,8,2023-05-01,2023
2023-05,0.08910219513437435,0.7234038615529316,0.6649479616779238,0.626902310440858,-0.7693895441195686,-0.8186960506586222,1.075840951967638,0.0025360139729511,91,0,8,2023-05-01,2023
2023-05,-0.19333511641266474,-0.251667430371028,0.6649479616779238,0.626902310440858,-0.7693895441195686,-0.8186960506586222,1.075840951967638,0.0025360139729511,93,1,8,2023-05-01,2023
2023-05,-0.19331081919722343,-0.25134321265352405,0.6649479616779238,0.626902310440858,-0.7693895441195686,-0.8186960506586222,1.075840951967638,0.0025360139729511,94,1,8,2023-05-01,2023
2023-05,-0.19333187678393923,-0.25175559728249614,0.6649479616779238,0.626902310440858,-0.7693895441195686,-0.8186960506586222,1.075840951967638,0.0025360139729511,94,0,8,2023-05-01,2023
2023-05,-0.19326060495197808,-0.25036533453712445,0.6649479616779238,0.626902310440858,-0.7693895441195686,-0.8186960506586222,1.075840951967638,0.0025360139729511,95,1,8,2023-05-01,2023
2023-05,-0.19290910523526072,-0.2483713881724428,0.6649479616779238,0.626902310440858,-0.7693895441195686,-0.8186960506586222,1.075840951967638,0.0025360139729511,95,0,8,2023-05-01,2023
2023-05,-0.19316017646148742,-0.2263244788828949,0.6649479616779238,0.626902310440858,-0.7693895441195686,-0.8186960506586222,1.075840951967638,0.0025360139729511,97,1,8,2023-05-01,2023
2023-05,-0.1535378973341898,-0.19920924141474203,0.6649479616779238,0.626902310440858,-0.7693895441195686,-0.8186960506586222,1.075840951967638,0.0025360139729511,98,0,8,2023-05-01,2023
2023-05,-0.0031543318962145867,0.936197495559812,0.6649479616779238,0.626902310440858,-0.7693895441195686,-0.8186960506586222,1.075840951967638,0.0025360139729511,98,1,8,2023-05-01,2023
2023-05,-0.17155671230545258,-0.19066340368759604,0.6649479616779238,0.626902310440858,-0.7693895441195686,-0.8186960506586222,1.075840951967638,0.0025360139729511,100,1,8,2023-05-01,2023
2023-05,-0.18794275439906047,-0.23905408452728022,0.6649479616779238,0.626902310440858,-0.7693895441195686,-0.8186960506586222,1.075840951967638,0.0025360139729511,100,0,8,2023-05-01,2023
2023-05,0.2779223355861121,0.22324944449303394,0.6649479616779238,0.626902310440858,-0.7693895441195686,-0.8186960506586222,1.075840951967638,0.0025360139729511,101,0,8,2023-05-01,2023
2023-05,0.9313522098918888,0.7911988870087381,0.6649479616779238,0.626902310440858,-0.7693895441195686,-0.8186960506586222,1.075840951967638,0.0025360139729511,101,1,8,2023-05-01,2023
2023-06,-0.19229681540614013,-0.24708489756401714,0.6649479616779238,0.626902310440858,-0.7346938222312098,-0.8205591888177626,0.8539464157651472,0.0023150700767297,0,1,8,2023-06-01,2023
2023-06,-0.19319419256310522,-0.25145920249769405,0.6649479616779238,0.626902310440858,-0.7346938222312098,-0.8205591888177626,0.8539464157651472,0.0023150700767297,0,0,8,2023-06-01,2023
2023-06,-0.19333025696957648,-0.25170291222996194,0.6649479616779238,0.626902310440858,-0.7346938222312098,-0.8205591888177626,0.8539464157651472,0.0023150700767297,1,0,8,2023-06-01,2023
2023-06,-0.1931261603598696,-0.19592441982610564,0.6649479616779238,0.626902310440858,-0.7346938222312098,-0.8205591888177626,0.8539464157651472,0.0023150700767297,1,1,8,2023-06-01,2023
2023-06,-0.1915290233981953,-0.2514043447310099,0.6649479616779238,0.626902310440858,-0.7346938222312098,-0.8205591888177626,0.8539464157651472,0.0023150700767297,2,0,8,2023-06-01,2023
2023-06,-0.17898194134431167,-0.2480816160293684,0.6649479616779238,0.626902310440858,-0.7346938222312098,-0.8205591888177626,0.8539464157651472,0.0023150700767297,2,1,8,2023-06-01,2023
2023-06,-0.19227251819069885,-0.23594250532461317,0.6649479616779238,0.626902310440858,-0.7346938222312098,-0.8205591888177626,0.8539464157651472,0.0023150700767297,3,1,8,2023-06-01,2023
2023-06,-0.19299495539648662,-0.2503677684994688,0.6649479616779238,0.626902310440858,-0.7346938222312098,-0.8205591888177626,0.8539464157651472,0.0023150700767297,3,0,8,2023-06-01,2023
2023-06,-0.15827423453087913,0.041682197581780066,0.6649479616779238,0.626902310440858,-0.7346938222312098,-0.8205591888177626,0.8539464157651472,0.0023150700767297,5,0,8,2023-06-01,2023
2023-06,-0.08112733587604884,0.8512677365931425,0.6649479616779238,0.626902310440858,-0.7346938222312098,-0.8205591888177626,0.8539464157651472,0.0023150700767297,5,1,8,2023-06-01,2023
2023-06,-0.1927244463979069,-0.24011771736348644,0.6649479616779238,0.626902310440858,-0.7346938222312098,-0.8205591888177626,0.8539464157651472,0.0023150700767297,6,0,8,2023-06-01,2023
2023-06,-0.19307918574334978,-0.22737697819188377,0.6649479616779238,0.626902310440858,-0.7346938222312098,-0.8205591888177626,0.8539464157651472,0.0023150700767297,6,1,8,2023-06-01,2023
2023-06,-0.19333511641266474,-0.24501955642194687,0.6649479616779238,0.626902310440858,-0.7346938222312098,-0.8205591888177626,0.8539464157651472,0.0023150700767297,8,1,8,2023-06-01,2023
2023-06,-0.19154684135618558,-0.24150678272130055,0.6649479616779238,0.626902310440858,-0.7346938222312098,-0.8205591888177626,0.8539464157651472,0.0023150700767297,9,0,8,2023-06-01,2023
2023-06,-0.18737581937209696,-0.034712543687127555,0.6649479616779238,0.626902310440858,-0.7346938222312098,-0.8205591888177626,0.8539464157651472,0.0023150700767297,9,1,8,2023-06-01,2023
2023-06,-0.16862322849450714,-0.19191386817001616,0.6649479616779238,0.626902310440858,-0.7346938222312098,-0.8205591888177626,0.8539464157651472,0.0023150700767297,12,1,8,2023-06-01,2023
2023-06,-0.18443261667497501,-0.22829954135725908,0.6649479616779238,0.626902310440858,-0.7346938222312098,-0.8205591888177626,0.8539464157651472,0.0023150700767297,12,0,8,2023-06-01,2023
2023-06,-0.19331567864031168,-0.25171867855849306,0.6649479616779238,0.626902310440858,-0.7346938222312098,-0.8205591888177626,0.8539464157651472,0.0023150700767297,13,0,8,2023-06-01,2023
2023-06,-0.19297065818104533,-0.24593193961601437,0.6649479616779238,0.626902310440858,-0.7346938222312098,-0.8205591888177626,0.8539464157651472,0.0023150700767297,13,1,8,2023-06-01,2023
2023-06,-0.19333025696957648,-0.2517255972815077,0.6649479616779238,0.626902310440858,-0.7346938222312098,-0.8205591888177626,0.8539464157651472,0.0023150700767297,15,1,8,2023-06-01,2023
2023-06,-0.1919679930905013,-0.2501604811196346,0.6649479616779238,0.626902310440858,-0.7346938222312098,-0.8205591888177626,0.8539464157651472,0.0023150700767297,17,0,8,2023-06-01,2023
2023-06,-0.1924701355429547,-0.2505676799719482,0.6649479616779238,0.626902310440858,-0.7346938222312098,-0.8205591888177626,0.8539464157651472,0.0023150700767297,18,0,8,2023-06-01,2023
2023-06,-0.18587587127218783,-0.24481669284487095,0.6649479616779238,0.626902310440858,-0.7346938222312098,-0.8205591888177626,0.8539464157651472,0.0023150700767297,18,1,8,2023-06-01,2023
2023-06,-0.19332701734085095,-0.25175190932881875,0.6649479616779238,0.626902310440858,-0.7346938222312098,-0.8205591888177626,0.8539464157651472,0.0023150700767297,19,1,8,2023-06-01,2023
2023-06,-0.19273254546972066,-0.2512018556096793,0.6649479616779238,0.626902310440858,-0.7346938222312098,-0.8205591888177626,0.8539464157651472,0.0023150700767297,19,0,8,2023-06-01,2023
2023-06,-0.19245555721368993,-0.25004742160937826,0.6649479616779238,0.626902310440858,-0.7346938222312098,-0.8205591888177626,0.8539464157651472,0.0023150700767297,21,1,8,2023-06-01,2023
2023-06,-0.19325250588016432,-0.2516625972794319,0.6649479616779238,0.626902310440858,-0.7346938222312098,-0.8205591888177626,0.8539464157651472,0.0023150700767297,21,0,8,2023-06-01,2023
2023-06,-0.1931504575753109,-0.25160022427302264,0.6649479616779238,0.626902310440858,-0.7346938222312098,-0.8205591888177626,0.8539464157651472,0.0023150700767297,23,0,8,2023-06-01,2023
2023-06,-0.1917282605648139,-0.25050078737177606,0.6649479616779238,0.626902310440858,-0.7346938222312098,-0.8205591888177626,0.8539464157651472,0.0023150700767297,23,1,8,2023-06-01,2023
2023-06,-0.19321686996418377,-0.25132657114354173,0.6649479616779238,0.626902310440858,-0.7346938222312098,-0.8205591888177626,0.8539464157651472,0.0023150700767297,25,1,8,2023-06-01,2023
2023-06,-0.1932460266227133,-0.25135035779164044,0.6649479616779238,0.626902310440858,-0.7346938222312098,-0.8205591888177626,0.8539464157651472,0.0023150700767297,28,0,8,2023-06-01,2023
2023-06,-0.19139295899172404,-0.24422179587316548,0.6649479616779238,0.626902310440858,-0.7346938222312098,-0.8205591888177626,0.8539464157651472,0.0023150700767297,28,1,8,2023-06-01,2023
2023-06,-0.19199067049157986,-0.24799667553310095,0.6649479616779238,0.626902310440858,-0.7346938222312098,-0.8205591888177626,0.8539464157651472,0.0023150700767297,30,0,8,2023-06-01,2023
2023-06,-0.19179953239677502,-0.03641231587665938,0.6649479616779238,0.626902310440858,-0.7346938222312098,-0.8205591888177626,0.8539464157651472,0.0023150700767297,30,1,8,2023-06-01,2023
2023-06,-0.08270017562228187,-0.08451630294782629,0.6649479616779238,0.626902310440858,-0.7346938222312098,-0.8205591888177626,0.8539464157651472,0.0023150700767297,37,0,8,2023-06-01,2023
2023-06,-0.19201172807829564,-0.24829848250966333,0.6649479616779238,0.626902310440858,-0.7346938222312098,-0.8205591888177626,0.8539464157651472,0.0023150700767297,37,1,8,2023-06-01,2023
2023-06,-0.19319257274874246,-0.24929552753525758,0.6649479616779238,0.626902310440858,-0.7346938222312098,-0.8205591888177626,0.8539464157651472,0.0023150700767297,38,1,8,2023-06-01,2023
2023-06,-0.19333025696957648,-0.251749662594347,0.6649479616779238,0.626902310440858,-0.7346938222312098,-0.8205591888177626,0.8539464157651472,0.0023150700767297,40,0,8,2023-06-01,2023
2023-06,-0.19333511641266474,-0.25175446520698713,0.6649479616779238,0.626902310440858,-0.7346938222312098,-0.8205591888177626,0.8539464157651472,0.0023150700767297,40,1,8,2023-06-01,2023
2023-06,-0.19333511641266474,-0.2517646538865681,0.6649479616779238,0.626902310440858,-0.7346938222312098,-0.8205591888177626,0.8539464157651472,0.0023150700767297,43,0,8,2023-06-01,2023
2023-06,-0.1242224969970886,0.01592874680581101,0.6649479616779238,0.626902310440858,-0.7346938222312098,-0.8205591888177626,0.8539464157651472,0.0023150700767297,44,0,8,2023-06-01,2023
2023-06,0.010416472834928846,0.7216263375466144,0.6649479616779238,0.626902310440858,-0.7346938222312098,-0.8205591888177626,0.8539464157651472,0.0023150700767297,44,1,8,2023-06-01,2023
2023-06,-0.1933286371552137,-0.25148493979897746,0.6649479616779238,0.626902310440858,-0.7346938222312098,-0.8205591888177626,0.8539464157651472,0.0023150700767297,46,0,8,2023-06-01,2023
2023-06,-0.19327194365251738,-0.2479666581155662,0.6649479616779238,0.626902310440858,-0.7346938222312098,-0.8205591888177626,0.8539464157651472,0.0023150700767297,46,1,8,2023-06-01,2023
2023-06,-0.1927374049128089,-0.24234586402616037,0.6649479616779238,0.626902310440858,-0.7346938222312098,-0.8205591888177626,0.8539464157651472,0.0023150700767297,48,1,8,2023-06-01,2023
2023-06,-0.19329624086795866,-0.2512420965398876,0.6649479616779238,0.626902310440858,-0.7346938222312098,-0.8205591888177626,0.8539464157651472,0.0023150700767297,48,0,8,2023-06-01,2023
2023-06,-0.19333349659830198,-0.25171295286889944,0.6649479616779238,0.626902310440858,-0.7346938222312098,-0.8205591888177626,0.8539464157651472,0.0023150700767297,49,1,8,2023-06-01,2023
2023-06,-0.18759935375415687,-0.24394373635747263,0.6649479616779238,0.626902310440858,-0.7346938222312098,-0.8205591888177626,0.8539464157651472,0.0023150700767297,50,0,8,2023-06-01,2023
2023-06,-0.16070557588937118,-0.22444636996760325,0.6649479616779238,0.626902310440858,-0.7346938222312098,-0.8205591888177626,0.8539464157651472,0.0023150700767297,50,1,8,2023-06-01,2023
2023-06,-0.19323468792217405,-0.25153270903132063,0.6649479616779238,0.626902310440858,-0.7346938222312098,-0.8205591888177626,0.8539464157651472,0.0023150700767297,52,1,8,2023-06-01,2023
2023-06,-0.19325088606580157,-0.2501282474465842,0.6649479616779238,0.626902310440858,-0.7346938222312098,-0.8205591888177626,0.8539464157651472,0.0023150700767297,53,1,8,2023-06-01,2023
2023-06,-0.19333025696957648,-0.251745103813355,0.6649479616779238,0.626902310440858,-0.7346938222312098,-0.8205591888177626,0.8539464157651472,0.0023150700767297,58,0,8,2023-06-01,2023
2023-06,-0.19331243901158618,-0.23411998131681333,0.6649479616779238,0.626902310440858,-0.7346938222312098,-0.8205591888177626,0.8539464157651472,0.0023150700767297,58,1,8,2023-06-01,2023
2023-06,-0.12136514446119255,-0.16115224161219915,0.6649479616779238,0.626902310440858,-0.7346938222312098,-0.8205591888177626,0.8539464157651472,0.0023150700767297,60,0,8,2023-06-01,2023
2023-06,-0.19333511641266474,-0.25176717928578046,0.6649479616779238,0.626902310440858,-0.7346938222312098,-0.8205591888177626,0.8539464157651472,0.0023150700767297,66,0,8,2023-06-01,2023
2023-06,-0.1933189182690372,-0.25156278305263086,0.6649479616779238,0.626902310440858,-0.7346938222312098,-0.8205591888177626,0.8539464157651472,0.0023150700767297,66,1,8,2023-06-01,2023
2023-06,-0.19228223707687536,-0.24613168563130397,0.6649479616779238,0.626902310440858,-0.7346938222312098,-0.8205591888177626,0.8539464157651472,0.0023150700767297,67,0,8,2023-06-01,2023
2023-06,-0.19207652065280575,-0.2433950280665343,0.6649479616779238,0.626902310440858,-0.7346938222312098,-0.8205591888177626,0.8539464157651472,0.0023150700767297,67,1,8,2023-06-01,2023
2023-06,-0.1932427869939878,-0.18532202325035732,0.6649479616779238,0.626902310440858,-0.7346938222312098,-0.8205591888177626,0.8539464157651472,0.0023150700767297,68,1,8,2023-06-01,2023
2023-06,-0.19330757956849792,-0.25175054648407136,0.6649479616779238,0.626902310440858,-0.7346938222312098,-0.8205591888177626,0.8539464157651472,0.0023150700767297,69,0,8,2023-06-01,2023
2023-06,-0.1933221578977627,-0.2515877017762385,0.6649479616779238,0.626902310440858,-0.7346938222312098,-0.8205591888177626,0.8539464157651472,0.0023150700767297,72,0,8,2023-06-01,2023
2023-06,-0.17160854636506065,0.0973390179932385,0.6649479616779238,0.626902310440858,-0.7346938222312098,-0.8205591888177626,0.8539464157651472,0.0023150700767297,72,1,8,2023-06-01,2023
2023-06,-0.19333511641266474,-0.25176849423502556,0.6649479616779238,0.626902310440858,-0.7346938222312098,-0.8205591888177626,0.8539464157651472,0.0023150700767297,73,1,8,2023-06-01,2023
2023-06,-0.1909653279999573,-0.24820613562708507,0.6649479616779238,0.626902310440858,-0.7346938222312098,-0.8205591888177626,0.8539464157651472,0.0023150700767297,75,1,8,2023-06-01,2023
2023-06,-0.19257218384780814,-0.2506750225008841,0.6649479616779238,0.626902310440858,-0.7346938222312098,-0.8205591888177626,0.8539464157651472,0.0023150700767297,75,0,8,2023-06-01,2023
2023-06,-0.1924701355429547,-0.2415903168314549,0.6649479616779238,0.626902310440858,-0.7346938222312098,-0.8205591888177626,0.8539464157651472,0.0023150700767297,77,1,8,2023-06-01,2023
2023-06,-0.19320715107800726,-0.24990945208378737,0.6649479616779238,0.626902310440858,-0.7346938222312098,-0.8205591888177626,0.8539464157651472,0.0023150700767297,77,0,8,2023-06-01,2023
2023-06,-0.19333511641266474,-0.251723115423661,0.6649479616779238,0.626902310440858,-0.7346938222312098,-0.8205591888177626,0.8539464157651472,0.0023150700767297,78,0,8,2023-06-01,2023
2023-06,-0.19315207738967366,-0.24880506017512063,0.6649479616779238,0.626902310440858,-0.7346938222312098,-0.8205591888177626,0.8539464157651472,0.0023150700767297,78,1,8,2023-06-01,2023
2023-06,-0.14374935914007428,-0.16789349002008977,0.6649479616779238,0.626902310440858,-0.7346938222312098,-0.8205591888177626,0.8539464157651472,0.0023150700767297,79,0,8,2023-06-01,2023
2023-06,-0.039128789078592775,-0.054193969583002925,0.6649479616779238,0.626902310440858,-0.7346938222312098,-0.8205591888177626,0.8539464157651472,0.0023150700767297,79,1,8,2023-06-01,2023
2023-06,-0.04938383380918111,-0.22376221319614983,0.6649479616779238,0.626902310440858,-0.7346938222312098,-0.8205591888177626,0.8539464157651472,0.0023150700767297,80,0,8,2023-06-01,2023
2023-06,0.31610783937364795,-0.15114748076006074,0.6649479616779238,0.626902310440858,-0.7346938222312098,-0.8205591888177626,0.8539464157651472,0.0023150700767297,80,1,8,2023-06-01,2023
2023-06,-0.18889844487308466,-0.24911928950332599,0.6649479616779238,0.626902310440858,-0.7346938222312098,-0.8205591888177626,0.8539464157651472,0.0023150700767297,81,0,8,2023-06-01,2023
2023-06,-0.18450064887821063,-0.2328466402008383,0.6649479616779238,0.626902310440858,-0.7346938222312098,-0.8205591888177626,0.8539464157651472,0.0023150700767297,81,1,8,2023-06-01,2023
2023-06,-0.19333511641266474,-0.25176953051952994,0.6649479616779238,0.626902310440858,-0.7346938222312098,-0.8205591888177626,0.8539464157651472,0.0023150700767297,86,0,8,2023-06-01,2023
2023-06,-0.1918238296122163,-0.24532650998793862,0.6649479616779238,0.626902310440858,-0.7346938222312098,-0.8205591888177626,0.8539464157651472,0.0023150700767297,86,1,8,2023-06-01,2023
2023-06,-0.18128531736814624,-0.241379171686617,0.6649479616779238,0.626902310440858,-0.7346938222312098,-0.8205591888177626,0.8539464157651472,0.0023150700767297,87,1,8,2023-06-01,2023
2023-06,-0.12038515677172708,-0.1801366515265317,0.6649479616779238,0.626902310440858,-0.7346938222312098,-0.8205591888177626,0.8539464157651472,0.0023150700767297,87,0,8,2023-06-01,2023
2023-06,4.985993771645428,2.816727280307126,0.6649479616779238,0.626902310440858,-0.7346938222312098,-0.8205591888177626,0.8539464157651472,0.0023150700767297,88,0,8,2023-06-01,2023
2023-06,7.344252345718782,7.403066673800466,0.6649479616779238,0.626902310440858,-0.7346938222312098,-0.8205591888177626,0.8539464157651472,0.0023150700767297,88,1,8,2023-06-01,2023
2023-06,-0.18764146892758843,-0.20987903131636834,0.6649479616779238,0.626902310440858,-0.7346938222312098,-0.8205591888177626,0.8539464157651472,0.0023150700767297,89,1,8,2023-06-01,2023
2023-06,0.19143882694437434,0.3673953563541841,0.6649479616779238,0.626902310440858,-0.7346938222312098,-0.8205591888177626,0.8539464157651472,0.0023150700767297,89,0,8,2023-06-01,2023
2023-06,0.06248216589689391,0.6366564508572875,0.6649479616779238,0.626902310440858,-0.7346938222312098,-0.8205591888177626,0.8539464157651472,0.0023150700767297,91,0,8,2023-06-01,2023
2023-06,-0.19324116717962506,-0.2516379093250626,0.6649479616779238,0.626902310440858,-0.7346938222312098,-0.8205591888177626,0.8539464157651472,0.0023150700767297,91,1,8,2023-06-01,2023
2023-06,-0.19333511641266474,-0.2517527235523579,0.6649479616779238,0.626902310440858,-0.7346938222312098,-0.8205591888177626,0.8539464157651472,0.0023150700767297,93,1,8,2023-06-01,2023
2023-06,-0.19333025696957648,-0.25175760018531973,0.6649479616779238,0.626902310440858,-0.7346938222312098,-0.8205591888177626,0.8539464157651472,0.0023150700767297,94,0,8,2023-06-01,2023
2023-06,-0.19332377771212544,-0.2515457757951764,0.6649479616779238,0.626902310440858,-0.7346938222312098,-0.8205591888177626,0.8539464157651472,0.0023150700767297,94,1,8,2023-06-01,2023
2023-06,-0.19327842290996838,-0.2508706059616098,0.6649479616779238,0.626902310440858,-0.7346938222312098,-0.8205591888177626,0.8539464157651472,0.0023150700767297,95,1,8,2023-06-01,2023
2023-06,-0.19325574550888983,-0.2510483548789323,0.6649479616779238,0.626902310440858,-0.7346938222312098,-0.8205591888177626,0.8539464157651472,0.0023150700767297,95,0,8,2023-06-01,2023
2023-06,-0.19316665571893843,-0.23009667204056478,0.6649479616779238,0.626902310440858,-0.7346938222312098,-0.8205591888177626,0.8539464157651472,0.0023150700767297,97,1,8,2023-06-01,2023
2023-06,-0.011131917632772406,0.7400155239289985,0.6649479616779238,0.626902310440858,-0.7346938222312098,-0.8205591888177626,0.8539464157651472,0.0023150700767297,98,1,8,2023-06-01,2023
2023-06,-0.1494284282958858,-0.19232102783510055,0.6649479616779238,0.626902310440858,-0.7346938222312098,-0.8205591888177626,0.8539464157651472,0.0023150700767297,98,0,8,2023-06-01,2023
2023-06,-0.17074680512407614,-0.19378063455953495,0.6649479616779238,0.626902310440858,-0.7346938222312098,-0.8205591888177626,0.8539464157651472,0.0023150700767297,100,1,8,2023-06-01,2023
2023-06,-0.18606862918135542,-0.23489724259060873,0.6649479616779238,0.626902310440858,-0.7346938222312098,-0.8205591888177626,0.8539464157651472,0.0023150700767297,100,0,8,2023-06-01,2023
2023-06,0.332722275292404,0.27450283950541476,0.6649479616779238,0.626902310440858,-0.7346938222312098,-0.8205591888177626,0.8539464157651472,0.0023150700767297,101,0,8,2023-06-01,2023
2023-06,0.9769321662453915,0.8351660829421524,0.6649479616779238,0.626902310440858,-0.7346938222312098,-0.8205591888177626,0.8539464157651472,0.0023150700767297,101,1,8,2023-06-01,2023
2023-07,-0.19305326871354572,-0.2508253882532985,0.8473746032548992,1.168070685316752,-0.5173356897858606,-0.6798755134916572,0.3752712505026619,0.0017457222794774,0,0,8,2023-07-01,2023
2023-07,-0.1918756636718244,-0.24440126032029771,0.8473746032548992,1.168070685316752,-0.5173356897858606,-0.6798755134916572,0.3752712505026619,0.0017457222794774,0,1,8,2023-07-01,2023
2023-07,-0.19317961423384045,-0.2079439920653838,0.8473746032548992,1.168070685316752,-0.5173356897858606,-0.6798755134916572,0.3752712505026619,0.0017457222794774,1,1,8,2023-07-01,2023
2023-07,-0.17677251455351678,-0.24708271614159402,0.8473746032548992,1.168070685316752,-0.5173356897858606,-0.6798755134916572,0.3752712505026619,0.0017457222794774,2,1,8,2023-07-01,2023
2023-07,-0.19127309272888035,-0.25131511105608145,0.8473746032548992,1.168070685316752,-0.5173356897858606,-0.6798755134916572,0.3752712505026619,0.0017457222794774,2,0,8,2023-07-01,2023
2023-07,-0.19211539619751183,-0.23085446596974196,0.8473746032548992,1.168070685316752,-0.5173356897858606,-0.6798755134916572,0.3752712505026619,0.0017457222794774,3,1,8,2023-07-01,2023
2023-07,-0.19299333558212386,-0.24958341869133244,0.8473746032548992,1.168070685316752,-0.5173356897858606,-0.6798755134916572,0.3752712505026619,0.0017457222794774,3,0,8,2023-07-01,2023
2023-07,-0.062081558598800754,1.1282613204656788,0.8473746032548992,1.168070685316752,-0.5173356897858606,-0.6798755134916572,0.3752712505026619,0.0017457222794774,5,1,8,2023-07-01,2023
2023-07,-0.15143051884824832,0.13035043998077075,0.8473746032548992,1.168070685316752,-0.5173356897858606,-0.6798755134916572,0.3752712505026619,0.0017457222794774,5,0,8,2023-07-01,2023
2023-07,-0.192776280457515,-0.24158078562649643,0.8473746032548992,1.168070685316752,-0.5173356897858606,-0.6798755134916572,0.3752712505026619,0.0017457222794774,6,0,8,2023-07-01,2023
2023-07,-0.19306622722844774,-0.22424496938041585,0.8473746032548992,1.168070685316752,-0.5173356897858606,-0.6798755134916572,0.3752712505026619,0.0017457222794774,6,1,8,2023-07-01,2023
2023-07,-0.1867149351120938,-0.12764053368655767,0.8473746032548992,1.168070685316752,-0.5173356897858606,-0.6798755134916572,0.3752712505026619,0.0017457222794774,9,1,8,2023-07-01,2023
2023-07,-0.19129577012995888,-0.23844615562481156,0.8473746032548992,1.168070685316752,-0.5173356897858606,-0.6798755134916572,0.3752712505026619,0.0017457222794774,9,0,8,2023-07-01,2023
2023-07,-0.1602892835981437,-0.18562693908043287,0.8473746032548992,1.168070685316752,-0.5173356897858606,-0.6798755134916572,0.3752712505026619,0.0017457222794774,12,1,8,2023-07-01,2023
2023-07,-0.18139708455917616,-0.22280714204711996,0.8473746032548992,1.168070685316752,-0.5173356897858606,-0.6798755134916572,0.3752712505026619,0.0017457222794774,12,0,8,2023-07-01,2023
2023-07,-0.1932946210535959,-0.2515318556205523,0.8473746032548992,1.168070685316752,-0.5173356897858606,-0.6798755134916572,0.3752712505026619,0.0017457222794774,13,0,8,2023-07-01,2023
2023-07,-0.19299009595339836,-0.24649771612231913,0.8473746032548992,1.168070685316752,-0.5173356897858606,-0.6798755134916572,0.3752712505026619,0.0017457222794774,13,1,8,2023-07-01,2023
2023-07,-0.19333349659830198,-0.2517528977178208,0.8473746032548992,1.168070685316752,-0.5173356897858606,-0.6798755134916572,0.3752712505026619,0.0017457222794774,15,1,8,2023-07-01,2023
2023-07,-0.1917104426068236,-0.24951141433482357,0.8473746032548992,1.168070685316752,-0.5173356897858606,-0.6798755134916572,0.3752712505026619,0.0017457222794774,17,0,8,2023-07-01,2023
2023-07,-0.1846431925421329,-0.24272052006172679,0.8473746032548992,1.168070685316752,-0.5173356897858606,-0.6798755134916572,0.3752712505026619,0.0017457222794774,18,1,8,2023-07-01,2023
2023-07,-0.19214455285604137,-0.25020440564938373,0.8473746032548992,1.168070685316752,-0.5173356897858606,-0.6798755134916572,0.3752712505026619,0.0017457222794774,18,0,8,2023-07-01,2023
2023-07,-0.1927374049128089,-0.25070203991831996,0.8473746032548992,1.168070685316752,-0.5173356897858606,-0.6798755134916572,0.3752712505026619,0.0017457222794774,19,0,8,2023-07-01,2023
2023-07,-0.1933286371552137,-0.251753507296941,0.8473746032548992,1.168070685316752,-0.5173356897858606,-0.6798755134916572,0.3752712505026619,0.0017457222794774,19,1,8,2023-07-01,2023
2023-07,-0.1932816625386939,-0.2517136277600683,0.8473746032548992,1.168070685316752,-0.5173356897858606,-0.6798755134916572,0.3752712505026619,0.0017457222794774,21,0,8,2023-07-01,2023
2023-07,-0.19244097888442516,-0.25018674527144336,0.8473746032548992,1.168070685316752,-0.5173356897858606,-0.6798755134916572,0.3752712505026619,0.0017457222794774,21,1,8,2023-07-01,2023
2023-07,-0.19327356346688013,-0.2516827656400384,0.8473746032548992,1.168070685316752,-0.5173356897858606,-0.6798755134916572,0.3752712505026619,0.0017457222794774,23,0,8,2023-07-01,2023
2023-07,-0.19308080555771254,-0.251485475357776,0.8473746032548992,1.168070685316752,-0.5173356897858606,-0.6798755134916572,0.3752712505026619,0.0017457222794774,23,1,8,2023-07-01,2023
2023-07,-0.19315531701839916,-0.25110276852368596,0.8473746032548992,1.168070685316752,-0.5173356897858606,-0.6798755134916572,0.3752712505026619,0.0017457222794774,25,1,8,2023-07-01,2023
2023-07,-0.19320715107800726,-0.2507965856398676,0.8473746032548992,1.168070685316752,-0.5173356897858606,-0.6798755134916572,0.3752712505026619,0.0017457222794774,28,0,8,2023-07-01,2023
2023-07,-0.19174121907971592,-0.2433494968603897,0.8473746032548992,1.168070685316752,-0.5173356897858606,-0.6798755134916572,0.3752712505026619,0.0017457222794774,28,1,8,2023-07-01,2023
2023-07,-0.19096694781432005,-0.0787110023211366,0.8473746032548992,1.168070685316752,-0.5173356897858606,-0.6798755134916572,0.3752712505026619,0.0017457222794774,30,1,8,2023-07-01,2023
2023-07,-0.1924328798126114,-0.24980191797284226,0.8473746032548992,1.168070685316752,-0.5173356897858606,-0.6798755134916572,0.3752712505026619,0.0017457222794774,30,0,8,2023-07-01,2023
2023-07,-0.19104145927500668,-0.24219975226517784,0.8473746032548992,1.168070685316752,-0.5173356897858606,-0.6798755134916572,0.3752712505026619,0.0017457222794774,37,1,8,2023-07-01,2023
2023-07,-0.07274479654880281,-0.04764821319897002,0.8473746032548992,1.168070685316752,-0.5173356897858606,-0.6798755134916572,0.3752712505026619,0.0017457222794774,37,0,8,2023-07-01,2023
2023-07,-0.19327518328124288,-0.2509077336841684,0.8473746032548992,1.168070685316752,-0.5173356897858606,-0.6798755134916572,0.3752712505026619,0.0017457222794774,38,1,8,2023-07-01,2023
2023-07,-0.19333349659830198,-0.251707266366535,0.8473746032548992,1.168070685316752,-0.5173356897858606,-0.6798755134916572,0.3752712505026619,0.0017457222794774,40,1,8,2023-07-01,2023
2023-07,-0.11947482109985998,-0.021521412628406466,0.8473746032548992,1.168070685316752,-0.5173356897858606,-0.6798755134916572,0.3752712505026619,0.0017457222794774,44,0,8,2023-07-01,2023
2023-07,0.01767648080878715,0.7253653391211878,0.8473746032548992,1.168070685316752,-0.5173356897858606,-0.6798755134916572,0.3752712505026619,0.0017457222794774,44,1,8,2023-07-01,2023
2023-07,-0.19325250588016432,-0.24661428506665337,0.8473746032548992,1.168070685316752,-0.5173356897858606,-0.6798755134916572,0.3752712505026619,0.0017457222794774,46,1,8,2023-07-01,2023
2023-07,-0.19331567864031168,-0.25092622134805764,0.8473746032548992,1.168070685316752,-0.5173356897858606,-0.6798755134916572,0.3752712505026619,0.0017457222794774,46,0,8,2023-07-01,2023
2023-07,-0.19329300123923315,-0.25131259001100564,0.8473746032548992,1.168070685316752,-0.5173356897858606,-0.6798755134916572,0.3752712505026619,0.0017457222794774,48,0,8,2023-07-01,2023
2023-07,-0.19254950644672958,-0.23943478845854663,0.8473746032548992,1.168070685316752,-0.5173356897858606,-0.6798755134916572,0.3752712505026619,0.0017457222794774,48,1,8,2023-07-01,2023
2023-07,-0.19333349659830198,-0.251708603086463,0.8473746032548992,1.168070685316752,-0.5173356897858606,-0.6798755134916572,0.3752712505026619,0.0017457222794774,49,1,8,2023-07-01,2023
2023-07,-0.15695408582523557,-0.21703114040543048,0.8473746032548992,1.168070685316752,-0.5173356897858606,-0.6798755134916572,0.3752712505026619,0.0017457222794774,50,1,8,2023-07-01,2023
2023-07,-0.18785366460910907,-0.24463820807846764,0.8473746032548992,1.168070685316752,-0.5173356897858606,-0.6798755134916572,0.3752712505026619,0.0017457222794774,50,0,8,2023-07-01,2023
2023-07,-0.19321686996418377,-0.25149626490820404,0.8473746032548992,1.168070685316752,-0.5173356897858606,-0.6798755134916572,0.3752712505026619,0.0017457222794774,52,1,8,2023-07-01,2023
2023-07,-0.19325574550888983,-0.24952270461095755,0.8473746032548992,1.168070685316752,-0.5173356897858606,-0.6798755134916572,0.3752712505026619,0.0017457222794774,53,1,8,2023-07-01,2023
2023-07,-0.19330272012540967,-0.2508442634353427,0.8473746032548992,1.168070685316752,-0.5173356897858606,-0.6798755134916572,0.3752712505026619,0.0017457222794774,58,1,8,2023-07-01,2023
2023-07,-0.19333187678393923,-0.25174098915429344,0.8473746032548992,1.168070685316752,-0.5173356897858606,-0.6798755134916572,0.3752712505026619,0.0017457222794774,58,0,8,2023-07-01,2023
2023-07,-0.12062164966868899,-0.15596959993200482,0.8473746032548992,1.168070685316752,-0.5173356897858606,-0.6798755134916572,0.3752712505026619,0.0017457222794774,60,0,8,2023-07-01,2023
2023-07,-0.1933286371552137,-0.2517495493867961,0.8473746032548992,1.168070685316752,-0.5173356897858606,-0.6798755134916572,0.3752712505026619,0.0017457222794774,66,0,8,2023-07-01,2023
2023-07,-0.19332053808339994,-0.25168176854276314,0.8473746032548992,1.168070685316752,-0.5173356897858606,-0.6798755134916572,0.3752712505026619,0.0017457222794774,66,1,8,2023-07-01,2023
2023-07,-0.1918270692409418,-0.2420490207652913,0.8473746032548992,1.168070685316752,-0.5173356897858606,-0.6798755134916572,0.3752712505026619,0.0017457222794774,67,1,8,2023-07-01,2023
2023-07,-0.19186756460001064,-0.2440218800465495,0.8473746032548992,1.168070685316752,-0.5173356897858606,-0.6798755134916572,0.3752712505026619,0.0017457222794774,67,0,8,2023-07-01,2023
2023-07,-0.19326708420942912,-0.19712754178156675,0.8473746032548992,1.168070685316752,-0.5173356897858606,-0.6798755134916572,0.3752712505026619,0.0017457222794774,68,1,8,2023-07-01,2023
2023-07,-0.19330757956849792,-0.2517513824782934,0.8473746032548992,1.168070685316752,-0.5173356897858606,-0.6798755134916572,0.3752712505026619,0.0017457222794774,69,0,8,2023-07-01,2023
2023-07,-0.19330110031104691,-0.25100629827377297,0.8473746032548992,1.168070685316752,-0.5173356897858606,-0.6798755134916572,0.3752712505026619,0.0017457222794774,72,0,8,2023-07-01,2023
2023-07,-0.1728201675083998,0.09300220652959228,0.8473746032548992,1.168070685316752,-0.5173356897858606,-0.6798755134916572,0.3752712505026619,0.0017457222794774,72,1,8,2023-07-01,2023
2023-07,-0.19240858259717009,-0.25046541436625647,0.8473746032548992,1.168070685316752,-0.5173356897858606,-0.6798755134916572,0.3752712505026619,0.0017457222794774,75,0,8,2023-07-01,2023
2023-07,-0.1908276437791233,-0.24759565520058457,0.8473746032548992,1.168070685316752,-0.5173356897858606,-0.6798755134916572,0.3752712505026619,0.0017457222794774,75,1,8,2023-07-01,2023
2023-07,-0.19321525014982102,-0.24945134902079805,0.8473746032548992,1.168070685316752,-0.5173356897858606,-0.6798755134916572,0.3752712505026619,0.0017457222794774,77,0,8,2023-07-01,2023
2023-07,-0.1924296401838859,-0.24236804835200015,0.8473746032548992,1.168070685316752,-0.5173356897858606,-0.6798755134916572,0.3752712505026619,0.0017457222794774,77,1,8,2023-07-01,2023
2023-07,-0.1930370705699182,-0.247961224153123,0.8473746032548992,1.168070685316752,-0.5173356897858606,-0.6798755134916572,0.3752712505026619,0.0017457222794774,78,1,8,2023-07-01,2023
2023-07,-0.13081676126785546,-0.14697854738612584,0.8473746032548992,1.168070685316752,-0.5173356897858606,-0.6798755134916572,0.3752712505026619,0.0017457222794774,79,0,8,2023-07-01,2023
2023-07,-0.003319552961215378,-0.007266753232756903,0.8473746032548992,1.168070685316752,-0.5173356897858606,-0.6798755134916572,0.3752712505026619,0.0017457222794774,79,1,8,2023-07-01,2023
2023-07,-0.02554502583254732,-0.22004065864682476,0.8473746032548992,1.168070685316752,-0.5173356897858606,-0.6798755134916572,0.3752712505026619,0.0017457222794774,80,0,8,2023-07-01,2023
2023-07,0.3947141907693186,-0.14717510181930737,0.8473746032548992,1.168070685316752,-0.5173356897858606,-0.6798755134916572,0.3752712505026619,0.0017457222794774,80,1,8,2023-07-01,2023
2023-07,-0.1880788188055317,-0.24877857831648323,0.8473746032548992,1.168070685316752,-0.5173356897858606,-0.6798755134916572,0.3752712505026619,0.0017457222794774,81,0,8,2023-07-01,2023
2023-07,-0.18435000614247463,-0.22210727990504747,0.8473746032548992,1.168070685316752,-0.5173356897858606,-0.6798755134916572,0.3752712505026619,0.0017457222794774,81,1,8,2023-07-01,2023
2023-07,-0.19333511641266474,-0.25176876854562963,0.8473746032548992,1.168070685316752,-0.5173356897858606,-0.6798755134916572,0.3752712505026619,0.0017457222794774,86,0,8,2023-07-01,2023
2023-07,-0.19247499498604295,-0.24806443460645106,0.8473746032548992,1.168070685316752,-0.5173356897858606,-0.6798755134916572,0.3752712505026619,0.0017457222794774,86,1,8,2023-07-01,2023
2023-07,-0.11789550209617594,-0.15226531824246514,0.8473746032548992,1.168070685316752,-0.5173356897858606,-0.6798755134916572,0.3752712505026619,0.0017457222794774,87,0,8,2023-07-01,2023
2023-07,-0.18096783375304668,-0.24161116443736674,0.8473746032548992,1.168070685316752,-0.5173356897858606,-0.6798755134916572,0.3752712505026619,0.0017457222794774,87,1,8,2023-07-01,2023
2023-07,7.976738020314164,8.142298135022068,0.8473746032548992,1.168070685316752,-0.5173356897858606,-0.6798755134916572,0.3752712505026619,0.0017457222794774,88,1,8,2023-07-01,2023
2023-07,5.589254755508023,3.2283273940138772,0.8473746032548992,1.168070685316752,-0.5173356897858606,-0.6798755134916572,0.3752712505026619,0.0017457222794774,88,0,8,2023-07-01,2023
2023-07,-0.1874811073056759,-0.20619313279144014,0.8473746032548992,1.168070685316752,-0.5173356897858606,-0.6798755134916572,0.3752712505026619,0.0017457222794774,89,1,8,2023-07-01,2023
2023-07,0.26899553863298115,0.4691911158765633,0.8473746032548992,1.168070685316752,-0.5173356897858606,-0.6798755134916572,0.3752712505026619,0.0017457222794774,89,0,8,2023-07-01,2023
2023-07,-0.19327356346688013,-0.25169974241853676,0.8473746032548992,1.168070685316752,-0.5173356897858606,-0.6798755134916572,0.3752712505026619,0.0017457222794774,91,1,8,2023-07-01,2023
2023-07,0.06589997420230244,0.821092276963202,0.8473746032548992,1.168070685316752,-0.5173356897858606,-0.6798755134916572,0.3752712505026619,0.0017457222794774,91,0,8,2023-07-01,2023
2023-07,-0.1933286371552137,-0.2517064826219519,0.8473746032548992,1.168070685316752,-0.5173356897858606,-0.6798755134916572,0.3752712505026619,0.0017457222794774,94,0,8,2023-07-01,2023
2023-07,-0.19331243901158618,-0.2513574114928888,0.8473746032548992,1.168070685316752,-0.5173356897858606,-0.6798755134916572,0.3752712505026619,0.0017457222794774,94,1,8,2023-07-01,2023
2023-07,-0.19328328235305664,-0.25123502106795637,0.8473746032548992,1.168070685316752,-0.5173356897858606,-0.6798755134916572,0.3752712505026619,0.0017457222794774,95,0,8,2023-07-01,2023
2023-07,-0.19324764643707606,-0.2504718410718383,0.8473746032548992,1.168070685316752,-0.5173356897858606,-0.6798755134916572,0.3752712505026619,0.0017457222794774,95,1,8,2023-07-01,2023
2023-07,-0.19317961423384045,-0.2223813031361371,0.8473746032548992,1.168070685316752,-0.5173356897858606,-0.6798755134916572,0.3752712505026619,0.0017457222794774,97,1,8,2023-07-01,2023
2023-07,-0.14147837940349478,-0.17679173414491378,0.8473746032548992,1.168070685316752,-0.5173356897858606,-0.6798755134916572,0.3752712505026619,0.0017457222794774,98,0,8,2023-07-01,2023
2023-07,0.02114126373071551,0.6694687277003772,0.8473746032548992,1.168070685316752,-0.5173356897858606,-0.6798755134916572,0.3752712505026619,0.0017457222794774,98,1,8,2023-07-01,2023
2023-07,-0.18463833309904465,-0.2328405792427286,0.8473746032548992,1.168070685316752,-0.5173356897858606,-0.6798755134916572,0.3752712505026619,0.0017457222794774,100,0,8,2023-07-01,2023
2023-07,-0.16910431336024476,-0.1911024704654879,0.8473746032548992,1.168070685316752,-0.5173356897858606,-0.6798755134916572,0.3752712505026619,0.0017457222794774,100,1,8,2023-07-01,2023
2023-07,1.1232062626450627,1.0234303228171682,0.8473746032548992,1.168070685316752,-0.5173356897858606,-0.6798755134916572,0.3752712505026619,0.0017457222794774,101,1,8,2023-07-01,2023
2023-07,0.4123977041674915,0.35320847780256753,0.8473746032548992,1.168070685316752,-0.5173356897858606,-0.6798755134916572,0.3752712505026619,0.0017457222794774,101,0,8,2023-07-01,2023
2023-08,-0.1929787572528591,-0.25082940712135543,0.8473746032548992,1.168070685316752,-0.514835421531577,-0.6074915753200257,0.5380730171710133,0.0018616633768975,0,0,8,2023-08-01,2023
2023-08,-0.1917687559238827,-0.24563524439578877,0.8473746032548992,1.168070685316752,-0.514835421531577,-0.6074915753200257,0.5380730171710133,0.0018616633768975,0,1,8,2023-08-01,2023
2023-08,-0.19324116717962506,-0.20739494850592935,0.8473746032548992,1.168070685316752,-0.514835421531577,-0.6074915753200257,0.5380730171710133,0.0018616633768975,1,1,8,2023-08-01,2023
2023-08,-0.19097342707177106,-0.25125027796250843,0.8473746032548992,1.168070685316752,-0.514835421531577,-0.6074915753200257,0.5380730171710133,0.0018616633768975,2,0,8,2023-08-01,2023
2023-08,-0.17607599437753305,-0.24723133153110605,0.8473746032548992,1.168070685316752,-0.514835421531577,-0.6074915753200257,0.5380730171710133,0.0018616633768975,2,1,8,2023-08-01,2023
2023-08,-0.19205384325172722,-0.22907904065725304,0.8473746032548992,1.168070685316752,-0.514835421531577,-0.6074915753200257,0.5380730171710133,0.0018616633768975,3,1,8,2023-08-01,2023
2023-08,-0.19294150152251577,-0.2491626392870475,0.8473746032548992,1.168070685316752,-0.514835421531577,-0.6074915753200257,0.5380730171710133,0.0018616633768975,3,0,8,2023-08-01,2023
2023-08,-0.1482249062243604,0.1627672088282456,0.8473746032548992,1.168070685316752,-0.514835421531577,-0.6074915753200257,0.5380730171710133,0.0018616633768975,5,0,8,2023-08-01,2023
2023-08,-0.05872854286790234,1.134900677723623,0.8473746032548992,1.168070685316752,-0.514835421531577,-0.6074915753200257,0.5380730171710133,0.0018616633768975,5,1,8,2023-08-01,2023
2023-08,-0.19303221112682994,-0.22582542516543583,0.8473746032548992,1.168070685316752,-0.514835421531577,-0.6074915753200257,0.5380730171710133,0.0018616633768975,6,1,8,2023-08-01,2023
2023-08,-0.1927309256553579,-0.2406321498913216,0.8473746032548992,1.168070685316752,-0.514835421531577,-0.6074915753200257,0.5380730171710133,0.0018616633768975,6,0,8,2023-08-01,2023
2023-08,-0.19134274474647872,-0.2402117623593282,0.8473746032548992,1.168070685316752,-0.514835421531577,-0.6074915753200257,0.5380730171710133,0.0018616633768975,9,0,8,2023-08-01,2023
2023-08,-0.18732398531248887,-0.08911783720684205,0.8473746032548992,1.168070685316752,-0.514835421531577,-0.6074915753200257,0.5380730171710133,0.0018616633768975,9,1,8,2023-08-01,2023
2023-08,-0.18269617567810395,-0.22328479518332237,0.8473746032548992,1.168070685316752,-0.514835421531577,-0.6074915753200257,0.5380730171710133,0.0018616633768975,12,0,8,2023-08-01,2023
2023-08,-0.16403267459046555,-0.19542193504902702,0.8473746032548992,1.168070685316752,-0.514835421531577,-0.6074915753200257,0.5380730171710133,0.0018616633768975,12,1,8,2023-08-01,2023
2023-08,-0.19326870402379187,-0.25141344923058423,0.8473746032548992,1.168070685316752,-0.514835421531577,-0.6074915753200257,0.5380730171710133,0.0018616633768975,13,0,8,2023-08-01,2023
2023-08,-0.19288156839109394,-0.24485507455876257,0.8473746032548992,1.168070685316752,-0.514835421531577,-0.6074915753200257,0.5380730171710133,0.0018616633768975,13,1,8,2023-08-01,2023
2023-08,-0.19332377771212544,-0.25171423298505197,0.8473746032548992,1.168070685316752,-0.514835421531577,-0.6074915753200257,0.5380730171710133,0.0018616633768975,15,1,8,2023-08-01,2023
2023-08,-0.19333349659830198,-0.2517480559179516,0.8473746032548992,1.168070685316752,-0.514835421531577,-0.6074915753200257,0.5380730171710133,0.0018616633768975,17,1,8,2023-08-01,2023
2023-08,-0.19156465931417585,-0.24954641288459792,0.8473746032548992,1.168070685316752,-0.514835421531577,-0.6074915753200257,0.5380730171710133,0.0018616633768975,17,0,8,2023-08-01,2023
2023-08,-0.19179467295368677,-0.2498131472910642,0.8473746032548992,1.168070685316752,-0.514835421531577,-0.6074915753200257,0.5380730171710133,0.0018616633768975,18,0,8,2023-08-01,2023
2023-08,-0.1839320940368844,-0.2419797377441406,0.8473746032548992,1.168070685316752,-0.514835421531577,-0.6074915753200257,0.5380730171710133,0.0018616633768975,18,1,8,2023-08-01,2023
2023-08,-0.19333025696957648,-0.25175394271059837,0.8473746032548992,1.168070685316752,-0.514835421531577,-0.6074915753200257,0.5380730171710133,0.0018616633768975,19,1,8,2023-08-01,2023
2023-08,-0.19264831512285752,-0.25043435631008076,0.8473746032548992,1.168070685316752,-0.514835421531577,-0.6074915753200257,0.5380730171710133,0.0018616633768975,19,0,8,2023-08-01,2023
2023-08,-0.19260943957815144,-0.2505346059505391,0.8473746032548992,1.168070685316752,-0.514835421531577,-0.6074915753200257,0.5380730171710133,0.0018616633768975,21,1,8,2023-08-01,2023
2023-08,-0.19326708420942912,-0.25165292238796655,0.8473746032548992,1.168070685316752,-0.514835421531577,-0.6074915753200257,0.5380730171710133,0.0018616633768975,21,0,8,2023-08-01,2023
2023-08,-0.19316341609021292,-0.25152279901648034,0.8473746032548992,1.168070685316752,-0.514835421531577,-0.6074915753200257,0.5380730171710133,0.0018616633768975,23,1,8,2023-08-01,2023
2023-08,-0.1932946210535959,-0.25170959147546507,0.8473746032548992,1.168070685316752,-0.514835421531577,-0.6074915753200257,0.5380730171710133,0.0018616633768975,23,0,8,2023-08-01,2023
2023-08,-0.19322334922163478,-0.25143108783784174,0.8473746032548992,1.168070685316752,-0.514835421531577,-0.6074915753200257,0.5380730171710133,0.0018616633768975,25,1,8,2023-08-01,2023
2023-08,-0.19322172940727203,-0.25116013862717274,0.8473746032548992,1.168070685316752,-0.514835421531577,-0.6074915753200257,0.5380730171710133,0.0018616633768975,28,0,8,2023-08-01,2023
2023-08,-0.19144317323696938,-0.24538597878525362,0.8473746032548992,1.168070685316752,-0.514835421531577,-0.6074915753200257,0.5380730171710133,0.0018616633768975,28,1,8,2023-08-01,2023
2023-08,-0.19091187412598645,-0.06405078993679811,0.8473746032548992,1.168070685316752,-0.514835421531577,-0.6074915753200257,0.5380730171710133,0.0018616633768975,30,1,8,2023-08-01,2023
2023-08,-0.19270824825427937,-0.25007048111666924,0.8473746032548992,1.168070685316752,-0.514835421531577,-0.6074915753200257,0.5380730171710133,0.0018616633768975,30,0,8,2023-08-01,2023
2023-08,-0.1919339769888835,-0.24811260006522237,0.8473746032548992,1.168070685316752,-0.514835421531577,-0.6074915753200257,0.5380730171710133,0.0018616633768975,37,1,8,2023-08-01,2023
2023-08,-0.08099937054139136,-0.07614989918885655,0.8473746032548992,1.168070685316752,-0.514835421531577,-0.6074915753200257,0.5380730171710133,0.0018616633768975,37,0,8,2023-08-01,2023
2023-08,-0.1932978606823214,-0.25021224744935183,0.8473746032548992,1.168070685316752,-0.514835421531577,-0.6074915753200257,0.5380730171710133,0.0018616633768975,38,1,8,2023-08-01,2023
2023-08,0.024675698670242243,0.6033849388756994,0.8473746032548992,1.168070685316752,-0.514835421531577,-0.6074915753200257,0.5380730171710133,0.0018616633768975,44,1,8,2023-08-01,2023
2023-08,-0.11675515278479792,-0.01823894662765611,0.8473746032548992,1.168070685316752,-0.514835421531577,-0.6074915753200257,0.5380730171710133,0.0018616633768975,44,0,8,2023-08-01,2023
2023-08,-0.19332377771212544,-0.25102645357196973,0.8473746032548992,1.168070685316752,-0.514835421531577,-0.6074915753200257,0.5380730171710133,0.0018616633768975,46,0,8,2023-08-01,2023
2023-08,-0.19328976161050765,-0.24881031126382777,0.8473746032548992,1.168070685316752,-0.514835421531577,-0.6074915753200257,0.5380730171710133,0.0018616633768975,46,1,8,2023-08-01,2023
2023-08,-0.19261267920687694,-0.24048329067016144,0.8473746032548992,1.168070685316752,-0.514835421531577,-0.6074915753200257,0.5380730171710133,0.0018616633768975,48,1,8,2023-08-01,2023
2023-08,-0.19327194365251738,-0.25113832004880504,0.8473746032548992,1.168070685316752,-0.514835421531577,-0.6074915753200257,0.5380730171710133,0.0018616633768975,48,0,8,2023-08-01,2023
2023-08,-0.19333349659830198,-0.2517473505478267,0.8473746032548992,1.168070685316752,-0.514835421531577,-0.6074915753200257,0.5380730171710133,0.0018616633768975,49,1,8,2023-08-01,2023
2023-08,-0.18806748010499244,-0.24415637932529166,0.8473746032548992,1.168070685316752,-0.514835421531577,-0.6074915753200257,0.5380730171710133,0.0018616633768975,50,0,8,2023-08-01,2023
2023-08,-0.15356057473526832,-0.2130334769935973,0.8473746032548992,1.168070685316752,-0.514835421531577,-0.6074915753200257,0.5380730171710133,0.0018616633768975,50,1,8,2023-08-01,2023
2023-08,-0.19320877089237,-0.25144793399224297,0.8473746032548992,1.168070685316752,-0.514835421531577,-0.6074915753200257,0.5380730171710133,0.0018616633768975,52,1,8,2023-08-01,2023
2023-08,-0.19326870402379187,-0.25006803844605174,0.8473746032548992,1.168070685316752,-0.514835421531577,-0.6074915753200257,0.5380730171710133,0.0018616633768975,53,1,8,2023-08-01,2023
2023-08,-0.1933286371552137,-0.2516605900224717,0.8473746032548992,1.168070685316752,-0.514835421531577,-0.6074915753200257,0.5380730171710133,0.0018616633768975,58,0,8,2023-08-01,2023
2023-08,-0.19325574550888983,-0.2507408526917323,0.8473746032548992,1.168070685316752,-0.514835421531577,-0.6074915753200257,0.5380730171710133,0.0018616633768975,58,1,8,2023-08-01,2023
2023-08,-0.11953475423128182,-0.15435448086572665,0.8473746032548992,1.168070685316752,-0.514835421531577,-0.6074915753200257,0.5380730171710133,0.0018616633768975,60,0,8,2023-08-01,2023
2023-08,-0.19332701734085095,-0.2517171937979216,0.8473746032548992,1.168070685316752,-0.514835421531577,-0.6074915753200257,0.5380730171710133,0.0018616633768975,66,0,8,2023-08-01,2023
2023-08,-0.19332053808339994,-0.2516997337102636,0.8473746032548992,1.168070685316752,-0.514835421531577,-0.6074915753200257,0.5380730171710133,0.0018616633768975,66,1,8,2023-08-01,2023
2023-08,-0.19188700237236367,-0.2402955011139015,0.8473746032548992,1.168070685316752,-0.514835421531577,-0.6074915753200257,0.5380730171710133,0.0018616633768975,67,1,8,2023-08-01,2023
2023-08,-0.19184164757020658,-0.24430755494710868,0.8473746032548992,1.168070685316752,-0.514835421531577,-0.6074915753200257,0.5380730171710133,0.0018616633768975,67,0,8,2023-08-01,2023
2023-08,-0.19325898513761533,-0.18295453986320856,0.8473746032548992,1.168070685316752,-0.514835421531577,-0.6074915753200257,0.5380730171710133,0.0018616633768975,68,1,8,2023-08-01,2023
2023-08,-0.19330919938286067,-0.2517516350182146,0.8473746032548992,1.168070685316752,-0.514835421531577,-0.6074915753200257,0.5380730171710133,0.0018616633768975,69,0,8,2023-08-01,2023
2023-08,-0.19330919938286067,-0.25131756678910866,0.8473746032548992,1.168070685316752,-0.514835421531577,-0.6074915753200257,0.5380730171710133,0.0018616633768975,72,0,8,2023-08-01,2023
2023-08,-0.17147086214422666,0.11273841472704087,0.8473746032548992,1.168070685316752,-0.514835421531577,-0.6074915753200257,0.5380730171710133,0.0018616633768975,72,1,8,2023-08-01,2023
2023-08,-0.192356748537562,-0.25025925035365815,0.8473746032548992,1.168070685316752,-0.514835421531577,-0.6074915753200257,0.5380730171710133,0.0018616633768975,75,0,8,2023-08-01,2023
2023-08,-0.1908827174674569,-0.2476917422864791,0.8473746032548992,1.168070685316752,-0.514835421531577,-0.6074915753200257,0.5380730171710133,0.0018616633768975,75,1,8,2023-08-01,2023
2023-08,-0.19232435225030695,-0.24136575659183535,0.8473746032548992,1.168070685316752,-0.514835421531577,-0.6074915753200257,0.5380730171710133,0.0018616633768975,77,1,8,2023-08-01,2023
2023-08,-0.19324440680835056,-0.25041196298568547,0.8473746032548992,1.168070685316752,-0.514835421531577,-0.6074915753200257,0.5380730171710133,0.0018616633768975,77,0,8,2023-08-01,2023
2023-08,-0.19266775289521054,-0.25048381930155084,0.8473746032548992,1.168070685316752,-0.514835421531577,-0.6074915753200257,0.5380730171710133,0.0018616633768975,78,0,8,2023-08-01,2023
2023-08,-0.19194207606069727,-0.24491039386392344,0.8473746032548992,1.168070685316752,-0.514835421531577,-0.6074915753200257,0.5380730171710133,0.0018616633768975,78,1,8,2023-08-01,2023
2023-08,-0.12072045834481691,-0.1393797343636227,0.8473746032548992,1.168070685316752,-0.514835421531577,-0.6074915753200257,0.5380730171710133,0.0018616633768975,79,0,8,2023-08-01,2023
2023-08,0.00186223318523101,0.0015475431389382998,0.8473746032548992,1.168070685316752,-0.514835421531577,-0.6074915753200257,0.5380730171710133,0.0018616633768975,79,1,8,2023-08-01,2023
2023-08,-0.017975633315403226,-0.21667949598165273,0.8473746032548992,1.168070685316752,-0.514835421531577,-0.6074915753200257,0.5380730171710133,0.0018616633768975,80,0,8,2023-08-01,2023
2023-08,0.39676973519565195,-0.1445948753191984,0.8473746032548992,1.168070685316752,-0.514835421531577,-0.6074915753200257,0.5380730171710133,0.0018616633768975,80,1,8,2023-08-01,2023
2023-08,-0.18439860057335722,-0.23038148046794588,0.8473746032548992,1.168070685316752,-0.514835421531577,-0.6074915753200257,0.5380730171710133,0.0018616633768975,81,1,8,2023-08-01,2023
2023-08,-0.18826185782852278,-0.2487038003749773,0.8473746032548992,1.168070685316752,-0.514835421531577,-0.6074915753200257,0.5380730171710133,0.0018616633768975,81,0,8,2023-08-01,2023
2023-08,-0.19333025696957648,-0.2517446683996977,0.8473746032548992,1.168070685316752,-0.514835421531577,-0.6074915753200257,0.5380730171710133,0.0018616633768975,86,0,8,2023-08-01,2023
2023-08,-0.19231463336413043,-0.24701207027569594,0.8473746032548992,1.168070685316752,-0.514835421531577,-0.6074915753200257,0.5380730171710133,0.0018616633768975,86,1,8,2023-08-01,2023
2023-08,-0.18067626716775115,-0.24226563470566498,0.8473746032548992,1.168070685316752,-0.514835421531577,-0.6074915753200257,0.5380730171710133,0.0018616633768975,87,1,8,2023-08-01,2023
2023-08,-0.11838954547681556,-0.17915259924447147,0.8473746032548992,1.168070685316752,-0.514835421531577,-0.6074915753200257,0.5380730171710133,0.0018616633768975,87,0,8,2023-08-01,2023
2023-08,7.871280006227139,8.083143610576643,0.8473746032548992,1.168070685316752,-0.514835421531577,-0.6074915753200257,0.5380730171710133,0.0018616633768975,88,1,8,2023-08-01,2023
2023-08,5.638116455760463,3.50459977176686,0.8473746032548992,1.168070685316752,-0.514835421531577,-0.6074915753200257,0.5380730171710133,0.0018616633768975,88,0,8,2023-08-01,2023
2023-08,-0.1874681487907739,-0.2127565669699597,0.8473746032548992,1.168070685316752,-0.514835421531577,-0.6074915753200257,0.5380730171710133,0.0018616633768975,89,1,8,2023-08-01,2023
2023-08,0.320118499735824,0.5366483212922115,0.8473746032548992,1.168070685316752,-0.514835421531577,-0.6074915753200257,0.5380730171710133,0.0018616633768975,89,0,8,2023-08-01,2023
2023-08,0.07030748908335296,1.2509096757404323,0.8473746032548992,1.168070685316752,-0.514835421531577,-0.6074915753200257,0.5380730171710133,0.0018616633768975,91,0,8,2023-08-01,2023
2023-08,-0.1932363077365368,-0.2515940370449523,0.8473746032548992,1.168070685316752,-0.514835421531577,-0.6074915753200257,0.5380730171710133,0.0018616633768975,91,1,8,2023-08-01,2023
2023-08,-0.19333349659830198,-0.2514225058346562,0.8473746032548992,1.168070685316752,-0.514835421531577,-0.6074915753200257,0.5380730171710133,0.0018616633768975,93,1,8,2023-08-01,2023
2023-08,-0.19333511641266474,-0.25176582950344284,0.8473746032548992,1.168070685316752,-0.514835421531577,-0.6074915753200257,0.5380730171710133,0.0018616633768975,94,0,8,2023-08-01,2023
2023-08,-0.1933253975264882,-0.25171415025645705,0.8473746032548992,1.168070685316752,-0.514835421531577,-0.6074915753200257,0.5380730171710133,0.0018616633768975,94,1,8,2023-08-01,2023
2023-08,-0.19326870402379187,-0.25053243759052574,0.8473746032548992,1.168070685316752,-0.514835421531577,-0.6074915753200257,0.5380730171710133,0.0018616633768975,95,1,8,2023-08-01,2023
2023-08,-0.19329624086795866,-0.25126752034333777,0.8473746032548992,1.168070685316752,-0.514835421531577,-0.6074915753200257,0.5380730171710133,0.0018616633768975,95,0,8,2023-08-01,2023
2023-08,-0.19317151516202669,-0.23581834712023206,0.8473746032548992,1.168070685316752,-0.514835421531577,-0.6074915753200257,0.5380730171710133,0.0018616633768975,97,1,8,2023-08-01,2023
2023-08,-0.14059882020451997,-0.17505304468269184,0.8473746032548992,1.168070685316752,-0.514835421531577,-0.6074915753200257,0.5380730171710133,0.0018616633768975,98,0,8,2023-08-01,2023
2023-08,0.010994746562431615,1.0368408980050354,0.8473746032548992,1.168070685316752,-0.514835421531577,-0.6074915753200257,0.5380730171710133,0.0018616633768975,98,1,8,2023-08-01,2023
2023-08,-0.1677209918944538,-0.1856865951056205,0.8473746032548992,1.168070685316752,-0.514835421531577,-0.6074915753200257,0.5380730171710133,0.0018616633768975,100,1,8,2023-08-01,2023
2023-08,-0.18351742156001966,-0.22947878522775347,0.8473746032548992,1.168070685316752,-0.514835421531577,-0.6074915753200257,0.5380730171710133,0.0018616633768975,100,0,8,2023-08-01,2023
2023-08,1.089070294764409,1.0011587618511328,0.8473746032548992,1.168070685316752,-0.514835421531577,-0.6074915753200257,0.5380730171710133,0.0018616633768975,101,1,8,2023-08-01,2023
2023-08,0.43926232537374765,0.38159077772175704,0.8473746032548992,1.168070685316752,-0.514835421531577,-0.6074915753200257,0.5380730171710133,0.0018616633768975,101,0,8,2023-08-01,2023
2023-09,-0.1928410730320251,-0.25094806169710815,0.8473746032548992,1.168070685316752,-0.7502334690923532,-0.6987388637522308,0.9124458844003492,0.0023800607569829,0,0,8,2023-09-01,2023
2023-09,-0.191917778845256,-0.24855626916547197,0.8473746032548992,1.168070685316752,-0.7502334690923532,-0.6987388637522308,0.9124458844003492,0.0023800607569829,0,1,8,2023-09-01,2023
2023-09,-0.19330110031104691,-0.23269059665433262,0.8473746032548992,1.168070685316752,-0.7502334690923532,-0.6987388637522308,0.9124458844003492,0.0023800607569829,1,1,8,2023-09-01,2023
2023-09,-0.17789342609254175,-0.24780152313189593,0.8473746032548992,1.168070685316752,-0.7502334690923532,-0.6987388637522308,0.9124458844003492,0.0023800607569829,2,1,8,2023-09-01,2023
2023-09,-0.19090215523980994,-0.2512587032167773,0.8473746032548992,1.168070685316752,-0.7502334690923532,-0.6987388637522308,0.9124458844003492,0.0023800607569829,2,0,8,2023-09-01,2023
2023-09,-0.19240372315408183,-0.23568389573699222,0.8473746032548992,1.168070685316752,-0.7502334690923532,-0.6987388637522308,0.9124458844003492,0.0023800607569829,3,1,8,2023-09-01,2023
2023-09,-0.19304516964173196,-0.25034055950002365,0.8473746032548992,1.168070685316752,-0.7502334690923532,-0.6987388637522308,0.9124458844003492,0.0023800607569829,3,0,8,2023-09-01,2023
2023-09,-0.029610759883056992,1.80631579128262,0.8473746032548992,1.168070685316752,-0.7502334690923532,-0.6987388637522308,0.9124458844003492,0.0023800607569829,5,1,8,2023-09-01,2023
2023-09,-0.1572796685121489,0.026535784891146233,0.8473746032548992,1.168070685316752,-0.7502334690923532,-0.6987388637522308,0.9124458844003492,0.0023800607569829,5,0,8,2023-09-01,2023
2023-09,-0.19279733804423077,-0.24271979292091908,0.8473746032548992,1.168070685316752,-0.7502334690923532,-0.6987388637522308,0.9124458844003492,0.0023800607569829,6,0,8,2023-09-01,2023
2023-09,-0.1930921442582518,-0.22844658054933167,0.8473746032548992,1.168070685316752,-0.7502334690923532,-0.6987388637522308,0.9124458844003492,0.0023800607569829,6,1,8,2023-09-01,2023
2023-09,-0.19333349659830198,-0.24165724861885612,0.8473746032548992,1.168070685316752,-0.7502334690923532,-0.6987388637522308,0.9124458844003492,0.0023800607569829,8,1,8,2023-09-01,2023
2023-09,-0.18782612776494226,-0.011650833203040377,0.8473746032548992,1.168070685316752,-0.7502334690923532,-0.6987388637522308,0.9124458844003492,0.0023800607569829,9,1,8,2023-09-01,2023
2023-09,-0.19148204878167546,-0.23880207581070406,0.8473746032548992,1.168070685316752,-0.7502334690923532,-0.6987388637522308,0.9124458844003492,0.0023800607569829,9,0,8,2023-09-01,2023
2023-09,-0.17397671496340533,-0.20367052022646603,0.8473746032548992,1.168070685316752,-0.7502334690923532,-0.6987388637522308,0.9124458844003492,0.0023800607569829,12,1,8,2023-09-01,2023
2023-09,-0.18519716905419437,-0.22839107401629818,0.8473746032548992,1.168070685316752,-0.7502334690923532,-0.6987388637522308,0.9124458844003492,0.0023800607569829,12,0,8,2023-09-01,2023
2023-09,-0.19328328235305664,-0.2514782126579721,0.8473746032548992,1.168070685316752,-0.7502334690923532,-0.6987388637522308,0.9124458844003492,0.0023800607569829,13,0,8,2023-09-01,2023
2023-09,-0.1929479807799668,-0.24564506297376104,0.8473746032548992,1.168070685316752,-0.7502334690923532,-0.6987388637522308,0.9124458844003492,0.0023800607569829,13,1,8,2023-09-01,2023
2023-09,-0.19333187678393923,-0.2517530762374203,0.8473746032548992,1.168070685316752,-0.7502334690923532,-0.6987388637522308,0.9124458844003492,0.0023800607569829,15,1,8,2023-09-01,2023
2023-09,-0.19182544942657906,-0.24987385701730253,0.8473746032548992,1.168070685316752,-0.7502334690923532,-0.6987388637522308,0.9124458844003492,0.0023800607569829,17,0,8,2023-09-01,2023
2023-09,-0.19333349659830198,-0.25172529684608413,0.8473746032548992,1.168070685316752,-0.7502334690923532,-0.6987388637522308,0.9124458844003492,0.0023800607569829,17,1,8,2023-09-01,2023
2023-09,-0.192068421580992,-0.25016411246953657,0.8473746032548992,1.168070685316752,-0.7502334690923532,-0.6987388637522308,0.9124458844003492,0.0023800607569829,18,0,8,2023-09-01,2023
2023-09,-0.1886975878921033,-0.24681753180774774,0.8473746032548992,1.168070685316752,-0.7502334690923532,-0.6987388637522308,0.9124458844003492,0.0023800607569829,18,1,8,2023-09-01,2023
2023-09,-0.192789238972417,-0.2512439775268872,0.8473746032548992,1.168070685316752,-0.7502334690923532,-0.6987388637522308,0.9124458844003492,0.0023800607569829,19,0,8,2023-09-01,2023
2023-09,-0.19333025696957648,-0.25175394271059837,0.8473746032548992,1.168070685316752,-0.7502334690923532,-0.6987388637522308,0.9124458844003492,0.0023800607569829,19,1,8,2023-09-01,2023
2023-09,-0.1932946210535959,-0.25172262340622825,0.8473746032548992,1.168070685316752,-0.7502334690923532,-0.6987388637522308,0.9124458844003492,0.0023800607569829,21,0,8,2023-09-01,2023
2023-09,-0.19249119312967047,-0.2502752822845202,0.8473746032548992,1.168070685316752,-0.7502334690923532,-0.6987388637522308,0.9124458844003492,0.0023800607569829,21,1,8,2023-09-01,2023
2023-09,-0.19310996221624208,-0.2514906132389322,0.8473746032548992,1.168070685316752,-0.7502334690923532,-0.6987388637522308,0.9124458844003492,0.0023800607569829,23,1,8,2023-09-01,2023
2023-09,-0.1932638445807036,-0.2516917525779252,0.8473746032548992,1.168070685316752,-0.7502334690923532,-0.6987388637522308,0.9124458844003492,0.0023800607569829,23,0,8,2023-09-01,2023
2023-09,-0.1932460266227133,-0.251372228619647,0.8473746032548992,1.168070685316752,-0.7502334690923532,-0.6987388637522308,0.9124458844003492,0.0023800607569829,25,1,8,2023-09-01,2023
2023-09,-0.19323792755089955,-0.2513376524211202,0.8473746032548992,1.168070685316752,-0.7502334690923532,-0.6987388637522308,0.9124458844003492,0.0023800607569829,28,0,8,2023-09-01,2023
2023-09,-0.19171530204991186,-0.24498907311179882,0.8473746032548992,1.168070685316752,-0.7502334690923532,-0.6987388637522308,0.9124458844003492,0.0023800607569829,28,1,8,2023-09-01,2023
2023-09,-0.19107223574789897,-0.10735559542748788,0.8473746032548992,1.168070685316752,-0.7502334690923532,-0.6987388637522308,0.9124458844003492,0.0023800607569829,30,1,8,2023-09-01,2023
2023-09,-0.19268071141011256,-0.2507190602381841,0.8473746032548992,1.168070685316752,-0.7502334690923532,-0.6987388637522308,0.9124458844003492,0.0023800607569829,30,0,8,2023-09-01,2023
2023-09,-0.07926778898760857,-0.07186664795919567,0.8473746032548992,1.168070685316752,-0.7502334690923532,-0.6987388637522308,0.9124458844003492,0.0023800607569829,37,0,8,2023-09-01,2023
2023-09,-0.19189348162981468,-0.24791127349835673,0.8473746032548992,1.168070685316752,-0.7502334690923532,-0.6987388637522308,0.9124458844003492,0.0023800607569829,37,1,8,2023-09-01,2023
2023-09,-0.1932978606823214,-0.25018957546021586,0.8473746032548992,1.168070685316752,-0.7502334690923532,-0.6987388637522308,0.9124458844003492,0.0023800607569829,38,1,8,2023-09-01,2023
2023-09,-0.19325412569452707,-0.2514244651961141,0.8473746032548992,1.168070685316752,-0.7502334690923532,-0.6987388637522308,0.9124458844003492,0.0023800607569829,43,0,8,2023-09-01,2023
2023-09,-0.19333187678393923,-0.2517425348727769,0.8473746032548992,1.168070685316752,-0.7502334690923532,-0.6987388637522308,0.9124458844003492,0.0023800607569829,43,1,8,2023-09-01,2023
2023-09,-0.12254922876036489,-0.03291147686435982,0.8473746032548992,1.168070685316752,-0.7502334690923532,-0.6987388637522308,0.9124458844003492,0.0023800607569829,44,0,8,2023-09-01,2023
2023-09,0.005516534387601454,0.6254125245071361,0.8473746032548992,1.168070685316752,-0.7502334690923532,-0.6987388637522308,0.9124458844003492,0.0023800607569829,44,1,8,2023-09-01,2023
2023-09,-0.19328652198178214,-0.24831121400500297,0.8473746032548992,1.168070685316752,-0.7502334690923532,-0.6987388637522308,0.9124458844003492,0.0023800607569829,46,1,8,2023-09-01,2023
2023-09,-0.19332701734085095,-0.2512411125050221,0.8473746032548992,1.168070685316752,-0.7502334690923532,-0.6987388637522308,0.9124458844003492,0.0023800607569829,46,0,8,2023-09-01,2023
2023-09,-0.1928410730320251,-0.24527733436948237,0.8473746032548992,1.168070685316752,-0.7502334690923532,-0.6987388637522308,0.9124458844003492,0.0023800607569829,48,1,8,2023-09-01,2023
2023-09,-0.19330919938286067,-0.2514830283330219,0.8473746032548992,1.168070685316752,-0.7502334690923532,-0.6987388637522308,0.9124458844003492,0.0023800607569829,48,0,8,2023-09-01,2023
2023-09,-0.18861983680269115,-0.2445801413131292,0.8473746032548992,1.168070685316752,-0.7502334690923532,-0.6987388637522308,0.9124458844003492,0.0023800607569829,50,0,8,2023-09-01,2023
2023-09,-0.16745372252459959,-0.219919739920054,0.8473746032548992,1.168070685316752,-0.7502334690923532,-0.6987388637522308,0.9124458844003492,0.0023800607569829,50,1,8,2023-09-01,2023
2023-09,-0.19322010959290928,-0.2515016858082375,0.8473746032548992,1.168070685316752,-0.7502334690923532,-0.6987388637522308,0.9124458844003492,0.0023800607569829,52,1,8,2023-09-01,2023
2023-09,-0.19324116717962506,-0.24767085984747467,0.8473746032548992,1.168070685316752,-0.7502334690923532,-0.6987388637522308,0.9124458844003492,0.0023800607569829,53,1,8,2023-09-01,2023
2023-09,-0.19328004272433114,-0.2514378323953934,0.8473746032548992,1.168070685316752,-0.7502334690923532,-0.6987388637522308,0.9124458844003492,0.0023800607569829,58,1,8,2023-09-01,2023
2023-09,-0.1933253975264882,-0.25171993690396266,0.8473746032548992,1.168070685316752,-0.7502334690923532,-0.6987388637522308,0.9124458844003492,0.0023800607569829,58,0,8,2023-09-01,2023
2023-09,-0.12087110108055293,-0.15055562297568328,0.8473746032548992,1.168070685316752,-0.7502334690923532,-0.6987388637522308,0.9124458844003492,0.0023800607569829,60,0,8,2023-09-01,2023
2023-09,-0.19333025696957648,-0.2517576872680512,0.8473746032548992,1.168070685316752,-0.7502334690923532,-0.6987388637522308,0.9124458844003492,0.0023800607569829,66,0,8,2023-09-01,2023
2023-09,-0.1933189182690372,-0.25173985707878443,0.8473746032548992,1.168070685316752,-0.7502334690923532,-0.6987388637522308,0.9124458844003492,0.0023800607569829,66,1,8,2023-09-01,2023
2023-09,-0.1922644191188851,-0.24594973061805192,0.8473746032548992,1.168070685316752,-0.7502334690923532,-0.6987388637522308,0.9124458844003492,0.0023800607569829,67,1,8,2023-09-01,2023
2023-09,-0.19223040301726727,-0.24619952307911241,0.8473746032548992,1.168070685316752,-0.7502334690923532,-0.6987388637522308,0.9124458844003492,0.0023800607569829,67,0,8,2023-09-01,2023
2023-09,-0.1932460266227133,-0.18302245133133874,0.8473746032548992,1.168070685316752,-0.7502334690923532,-0.6987388637522308,0.9124458844003492,0.0023800607569829,68,1,8,2023-09-01,2023
2023-09,-0.19330919938286067,-0.2517516350182146,0.8473746032548992,1.168070685316752,-0.7502334690923532,-0.6987388637522308,0.9124458844003492,0.0023800607569829,69,0,8,2023-09-01,2023
2023-09,-0.1734486554811479,0.09588566380892302,0.8473746032548992,1.168070685316752,-0.7502334690923532,-0.6987388637522308,0.9124458844003492,0.0023800607569829,72,1,8,2023-09-01,2023
2023-09,-0.1932946210535959,-0.25140513282972965,0.8473746032548992,1.168070685316752,-0.7502334690923532,-0.6987388637522308,0.9124458844003492,0.0023800607569829,72,0,8,2023-09-01,2023
2023-09,-0.1922368822747183,-0.2502129354029304,0.8473746032548992,1.168070685316752,-0.7502334690923532,-0.6987388637522308,0.9124458844003492,0.0023800607569829,75,0,8,2023-09-01,2023
2023-09,-0.19060572921142616,-0.24725882354942844,0.8473746032548992,1.168070685316752,-0.7502334690923532,-0.6987388637522308,0.9124458844003492,0.0023800607569829,75,1,8,2023-09-01,2023
2023-09,-0.1931909529343797,-0.2480283257518506,0.8473746032548992,1.168070685316752,-0.7502334690923532,-0.6987388637522308,0.9124458844003492,0.0023800607569829,77,0,8,2023-09-01,2023
2023-09,-0.19231139373540493,-0.23678309751486387,0.8473746032548992,1.168070685316752,-0.7502334690923532,-0.6987388637522308,0.9124458844003492,0.0023800607569829,77,1,8,2023-09-01,2023
2023-09,-0.19251711015947454,-0.25029615601525146,0.8473746032548992,1.168070685316752,-0.7502334690923532,-0.6987388637522308,0.9124458844003492,0.0023800607569829,78,0,8,2023-09-01,2023
2023-09,-0.19202954603628591,-0.248258211100499,0.8473746032548992,1.168070685316752,-0.7502334690923532,-0.6987388637522308,0.9124458844003492,0.0023800607569829,78,1,8,2023-09-01,2023
2023-09,-0.13154891735981977,-0.15552390180411219,0.8473746032548992,1.168070685316752,-0.7502334690923532,-0.6987388637522308,0.9124458844003492,0.0023800607569829,79,0,8,2023-09-01,2023
2023-09,-0.05573512592553506,-0.0775905480026518,0.8473746032548992,1.168070685316752,-0.7502334690923532,-0.6987388637522308,0.9124458844003492,0.0023800607569829,79,1,8,2023-09-01,2023
2023-09,-0.03875785158952237,-0.22244530023548809,0.8473746032548992,1.168070685316752,-0.7502334690923532,-0.6987388637522308,0.9124458844003492,0.0023800607569829,80,0,8,2023-09-01,2023
2023-09,0.30439820134530754,-0.1615401037439917,0.8473746032548992,1.168070685316752,-0.7502334690923532,-0.6987388637522308,0.9124458844003492,0.0023800607569829,80,1,8,2023-09-01,2023
2023-09,-0.18845299592332762,-0.24879690923145584,0.8473746032548992,1.168070685316752,-0.7502334690923532,-0.6987388637522308,0.9124458844003492,0.0023800607569829,81,0,8,2023-09-01,2023
2023-09,-0.18458001978198554,-0.2330656968118295,0.8473746032548992,1.168070685316752,-0.7502334690923532,-0.6987388637522308,0.9124458844003492,0.0023800607569829,81,1,8,2023-09-01,2023
2023-09,-0.19271148788300488,-0.24929653334080595,0.8473746032548992,1.168070685316752,-0.7502334690923532,-0.6987388637522308,0.9124458844003492,0.0023800607569829,86,1,8,2023-09-01,2023
2023-09,-0.19333349659830198,-0.2517586016367315,0.8473746032548992,1.168070685316752,-0.7502334690923532,-0.6987388637522308,0.9124458844003492,0.0023800607569829,86,0,8,2023-09-01,2023
2023-09,-0.18095487523814463,-0.2419792065394787,0.8473746032548992,1.168070685316752,-0.7502334690923532,-0.6987388637522308,0.9124458844003492,0.0023800607569829,87,1,8,2023-09-01,2023
2023-09,-0.1183846860337273,-0.15995867698651592,0.8473746032548992,1.168070685316752,-0.7502334690923532,-0.6987388637522308,0.9124458844003492,0.0023800607569829,87,0,8,2023-09-01,2023
2023-09,7.109403560335059,7.28144981783401,0.8473746032548992,1.168070685316752,-0.7502334690923532,-0.6987388637522308,0.9124458844003492,0.0023800607569829,88,1,8,2023-09-01,2023
2023-09,5.111908421319658,3.073651686450198,0.8473746032548992,1.168070685316752,-0.7502334690923532,-0.6987388637522308,0.9124458844003492,0.0023800607569829,88,0,8,2023-09-01,2023
2023-09,-0.18751026396420545,-0.19450615562843254,0.8473746032548992,1.168070685316752,-0.7502334690923532,-0.6987388637522308,0.9124458844003492,0.0023800607569829,89,1,8,2023-09-01,2023
2023-09,0.18868838215641998,0.3637309759722,0.8473746032548992,1.168070685316752,-0.7502334690923532,-0.6987388637522308,0.9124458844003492,0.0023800607569829,89,0,8,2023-09-01,2023
2023-09,-0.19327194365251738,-0.2511884013276685,0.8473746032548992,1.168070685316752,-0.7502334690923532,-0.6987388637522308,0.9124458844003492,0.0023800607569829,91,1,8,2023-09-01,2023
2023-09,0.05607741990656912,1.4981927825818029,0.8473746032548992,1.168070685316752,-0.7502334690923532,-0.6987388637522308,0.9124458844003492,0.0023800607569829,91,0,8,2023-09-01,2023
2023-09,-0.19332377771212544,-0.25132293979363984,0.8473746032548992,1.168070685316752,-0.7502334690923532,-0.6987388637522308,0.9124458844003492,0.0023800607569829,94,1,8,2023-09-01,2023
2023-09,-0.19332377771212544,-0.25173853342126623,0.8473746032548992,1.168070685316752,-0.7502334690923532,-0.6987388637522308,0.9124458844003492,0.0023800607569829,94,0,8,2023-09-01,2023
2023-09,-0.19326060495197808,-0.2501871589144178,0.8473746032548992,1.168070685316752,-0.7502334690923532,-0.6987388637522308,0.9124458844003492,0.0023800607569829,95,1,8,2023-09-01,2023
2023-09,-0.19331243901158618,-0.2513243635962992,0.8473746032548992,1.168070685316752,-0.7502334690923532,-0.6987388637522308,0.9124458844003492,0.0023800607569829,95,0,8,2023-09-01,2023
2023-09,-0.1932330681078113,-0.24359268409626883,0.8473746032548992,1.168070685316752,-0.7502334690923532,-0.6987388637522308,0.9124458844003492,0.0023800607569829,97,1,8,2023-09-01,2023
2023-09,-0.13790830854798747,-0.1703196192727412,0.8473746032548992,1.168070685316752,-0.7502334690923532,-0.6987388637522308,0.9124458844003492,0.0023800607569829,98,0,8,2023-09-01,2023
2023-09,-0.032942718027239616,0.8109618992709304,0.8473746032548992,1.168070685316752,-0.7502334690923532,-0.6987388637522308,0.9124458844003492,0.0023800607569829,98,1,8,2023-09-01,2023
2023-09,-0.1693294675566674,-0.19066936014642802,0.8473746032548992,1.168070685316752,-0.7502334690923532,-0.6987388637522308,0.9124458844003492,0.0023800607569829,100,1,8,2023-09-01,2023
2023-09,-0.18496715541468348,-0.23280983903852273,0.8473746032548992,1.168070685316752,-0.7502334690923532,-0.6987388637522308,0.9124458844003492,0.0023800607569829,100,0,8,2023-09-01,2023
2023-09,0.3595642190975816,0.2566742351444038,0.8473746032548992,1.168070685316752,-0.7502334690923532,-0.6987388637522308,0.9124458844003492,0.0023800607569829,101,0,8,2023-09-01,2023
2023-09,0.9126141973435639,0.7956587202471198,0.8473746032548992,1.168070685316752,-0.7502334690923532,-0.6987388637522308,0.9124458844003492,0.0023800607569829,101,1,8,2023-09-01,2023
2023-10,-0.1930273516837417,-0.25126553921119704,0.7193559074114082,-0.07661657689780416,-0.7309660894156359,-0.7059200805880641,1.7287092611580677,0.0030109914865222,0,0,8,2023-10-01,2023
2023-10,-0.19203764510809967,-0.2466620412365868,0.7193559074114082,-0.07661657689780416,-0.7309660894156359,-0.7059200805880641,1.7287092611580677,0.0030109914865222,0,1,8,2023-10-01,2023
2023-10,-0.19315531701839916,-0.16984949008453706,0.7193559074114082,-0.07661657689780416,-0.7309660894156359,-0.7059200805880641,1.7287092611580677,0.0030109914865222,1,1,8,2023-10-01,2023
2023-10,-0.19111435092133056,-0.2512788889939301,0.7193559074114082,-0.07661657689780416,-0.7309660894156359,-0.7059200805880641,1.7287092611580677,0.0030109914865222,2,0,8,2023-10-01,2023
2023-10,-0.1789090496979878,-0.24758395128147617,0.7193559074114082,-0.07661657689780416,-0.7309660894156359,-0.7059200805880641,1.7287092611580677,0.0030109914865222,2,1,8,2023-10-01,2023
2023-10,-0.19277790027187774,-0.24937023581057832,0.7193559074114082,-0.07661657689780416,-0.7309660894156359,-0.7059200805880641,1.7287092611580677,0.0030109914865222,3,0,8,2023-10-01,2023
2023-10,-0.19215913118530614,-0.22962155736598447,0.7193559074114082,-0.07661657689780416,-0.7309660894156359,-0.7059200805880641,1.7287092611580677,0.0030109914865222,3,1,8,2023-10-01,2023
2023-10,-0.14802080961465355,0.18936922857266722,0.7193559074114082,-0.07661657689780416,-0.7309660894156359,-0.7059200805880641,1.7287092611580677,0.0030109914865222,5,0,8,2023-10-01,2023
2023-10,-0.0898046814173159,0.8227253437804344,0.7193559074114082,-0.07661657689780416,-0.7309660894156359,-0.7059200805880641,1.7287092611580677,0.0030109914865222,5,1,8,2023-10-01,2023
2023-10,-0.19307270648589878,-0.22798914366923803,0.7193559074114082,-0.07661657689780416,-0.7309660894156359,-0.7059200805880641,1.7287092611580677,0.0030109914865222,6,1,8,2023-10-01,2023
2023-10,-0.19274226435589717,-0.24082252145056937,0.7193559074114082,-0.07661657689780416,-0.7309660894156359,-0.7059200805880641,1.7287092611580677,0.0030109914865222,6,0,8,2023-10-01,2023
2023-10,-0.1874811073056759,-0.0042934614076505645,0.7193559074114082,-0.07661657689780416,-0.7309660894156359,-0.7059200805880641,1.7287092611580677,0.0030109914865222,9,1,8,2023-10-01,2023
2023-10,-0.1913638023331945,-0.23992788136303714,0.7193559074114082,-0.07661657689780416,-0.7309660894156359,-0.7059200805880641,1.7287092611580677,0.0030109914865222,9,0,8,2023-10-01,2023
2023-10,-0.166546626481458,-0.1876784122975179,0.7193559074114082,-0.07661657689780416,-0.7309660894156359,-0.7059200805880641,1.7287092611580677,0.0030109914865222,12,1,8,2023-10-01,2023
2023-10,-0.18405843955717913,-0.2241785426728571,0.7193559074114082,-0.07661657689780416,-0.7309660894156359,-0.7059200805880641,1.7287092611580677,0.0030109914865222,12,0,8,2023-10-01,2023
2023-10,-0.19298361669594735,-0.24583034890149147,0.7193559074114082,-0.07661657689780416,-0.7309660894156359,-0.7059200805880641,1.7287092611580677,0.0030109914865222,13,1,8,2023-10-01,2023
2023-10,-0.19332053808339994,-0.25165887013852534,0.7193559074114082,-0.07661657689780416,-0.7309660894156359,-0.7059200805880641,1.7287092611580677,0.0030109914865222,13,0,8,2023-10-01,2023
2023-10,-0.1916116339306957,-0.24938810518707422,0.7193559074114082,-0.07661657689780416,-0.7309660894156359,-0.7059200805880641,1.7287092611580677,0.0030109914865222,17,0,8,2023-10-01,2023
2023-10,-0.19333349659830198,-0.25175537957566746,0.7193559074114082,-0.07661657689780416,-0.7309660894156359,-0.7059200805880641,1.7287092611580677,0.0030109914865222,17,1,8,2023-10-01,2023
2023-10,-0.19217694914329644,-0.25022081639012766,0.7193559074114082,-0.07661657689780416,-0.7309660894156359,-0.7059200805880641,1.7287092611580677,0.0030109914865222,18,0,8,2023-10-01,2023
2023-10,-0.18809015750607097,-0.24557241420503936,0.7193559074114082,-0.07661657689780416,-0.7309660894156359,-0.7059200805880641,1.7287092611580677,0.0030109914865222,18,1,8,2023-10-01,2023
2023-10,-0.19333025696957648,-0.25175394271059837,0.7193559074114082,-0.07661657689780416,-0.7309660894156359,-0.7059200805880641,1.7287092611580677,0.0030109914865222,19,1,8,2023-10-01,2023
2023-10,-0.19271472751173038,-0.2510549601041136,0.7193559074114082,-0.07661657689780416,-0.7309660894156359,-0.7059200805880641,1.7287092611580677,0.0030109914865222,19,0,8,2023-10-01,2023
2023-10,-0.19273902472717167,-0.25060182946509074,0.7193559074114082,-0.07661657689780416,-0.7309660894156359,-0.7059200805880641,1.7287092611580677,0.0030109914865222,21,1,8,2023-10-01,2023
2023-10,-0.19330757956849792,-0.2517287104891574,0.7193559074114082,-0.07661657689780416,-0.7309660894156359,-0.7059200805880641,1.7287092611580677,0.0030109914865222,21,0,8,2023-10-01,2023
2023-10,-0.19333187678393923,-0.2517695522902128,0.7193559074114082,-0.07661657689780416,-0.7309660894156359,-0.7059200805880641,1.7287092611580677,0.0030109914865222,22,0,8,2023-10-01,2023
2023-10,-0.19332053808339994,-0.2517639572247164,0.7193559074114082,-0.07661657689780416,-0.7309660894156359,-0.7059200805880641,1.7287092611580677,0.0030109914865222,22,1,8,2023-10-01,2023
2023-10,-0.19316665571893843,-0.2514727308000266,0.7193559074114082,-0.07661657689780416,-0.7309660894156359,-0.7059200805880641,1.7287092611580677,0.0030109914865222,23,1,8,2023-10-01,2023
2023-10,-0.1932298284790858,-0.25163101672686744,0.7193559074114082,-0.07661657689780416,-0.7309660894156359,-0.7059200805880641,1.7287092611580677,0.0030109914865222,23,0,8,2023-10-01,2023
2023-10,-0.19321363033545827,-0.25147716331105796,0.7193559074114082,-0.07661657689780416,-0.7309660894156359,-0.7059200805880641,1.7287092611580677,0.0030109914865222,25,1,8,2023-10-01,2023
2023-10,-0.1932395473652623,-0.2511616233877441,0.7193559074114082,-0.07661657689780416,-0.7309660894156359,-0.7059200805880641,1.7287092611580677,0.0030109914865222,28,0,8,2023-10-01,2023
2023-10,-0.19194693550378553,-0.22815667778216006,0.7193559074114082,-0.07661657689780416,-0.7309660894156359,-0.7059200805880641,1.7287092611580677,0.0030109914865222,28,1,8,2023-10-01,2023
2023-10,-0.19112083017878156,-0.04164200835666229,0.7193559074114082,-0.07661657689780416,-0.7309660894156359,-0.7059200805880641,1.7287092611580677,0.0030109914865222,30,1,8,2023-10-01,2023
2023-10,-0.19258190273398465,-0.24984966108036596,0.7193559074114082,-0.07661657689780416,-0.7309660894156359,-0.7059200805880641,1.7287092611580677,0.0030109914865222,30,0,8,2023-10-01,2023
2023-10,-0.19138000047682202,-0.24764702965801025,0.7193559074114082,-0.07661657689780416,-0.7309660894156359,-0.7059200805880641,1.7287092611580677,0.0030109914865222,37,1,8,2023-10-01,2023
2023-10,-0.08041785718516309,-0.08067826218276186,0.7193559074114082,-0.07661657689780416,-0.7309660894156359,-0.7059200805880641,1.7287092611580677,0.0030109914865222,37,0,8,2023-10-01,2023
2023-10,-0.19330919938286067,-0.2502033954896988,0.7193559074114082,-0.07661657689780416,-0.7309660894156359,-0.7059200805880641,1.7287092611580677,0.0030109914865222,38,1,8,2023-10-01,2023
2023-10,-0.19333511641266474,-0.2517527235523579,0.7193559074114082,-0.07661657689780416,-0.7309660894156359,-0.7059200805880641,1.7287092611580677,0.0030109914865222,40,1,8,2023-10-01,2023
2023-10,-0.19323468792217405,-0.2513993418280875,0.7193559074114082,-0.07661657689780416,-0.7309660894156359,-0.7059200805880641,1.7287092611580677,0.0030109914865222,43,1,8,2023-10-01,2023
2023-10,-0.19169910390628433,-0.24578868852276034,0.7193559074114082,-0.07661657689780416,-0.7309660894156359,-0.7059200805880641,1.7287092611580677,0.0030109914865222,43,0,8,2023-10-01,2023
2023-10,0.013944428517004568,0.5473392331103538,0.7193559074114082,-0.07661657689780416,-0.7309660894156359,-0.7059200805880641,1.7287092611580677,0.0030109914865222,44,1,8,2023-10-01,2023
2023-10,-0.11657535339053236,-0.029799841057917314,0.7193559074114082,-0.07661657689780416,-0.7309660894156359,-0.7059200805880641,1.7287092611580677,0.0030109914865222,44,0,8,2023-10-01,2023
2023-10,-0.19329624086795866,-0.24890294116528325,0.7193559074114082,-0.07661657689780416,-0.7309660894156359,-0.7059200805880641,1.7287092611580677,0.0030109914865222,46,1,8,2023-10-01,2023
2023-10,-0.19329624086795866,-0.24989540999333923,0.7193559074114082,-0.07661657689780416,-0.7309660894156359,-0.7059200805880641,1.7287092611580677,0.0030109914865222,46,0,8,2023-10-01,2023
2023-10,-0.19329948049668416,-0.2511886799924092,0.7193559074114082,-0.07661657689780416,-0.7309660894156359,-0.7059200805880641,1.7287092611580677,0.0030109914865222,48,0,8,2023-10-01,2023
2023-10,-0.1927212067691814,-0.2420913952224204,0.7193559074114082,-0.07661657689780416,-0.7309660894156359,-0.7059200805880641,1.7287092611580677,0.0030109914865222,48,1,8,2023-10-01,2023
2023-10,-0.1569362678672453,-0.21202960903599302,0.7193559074114082,-0.07661657689780416,-0.7309660894156359,-0.7059200805880641,1.7287092611580677,0.0030109914865222,50,1,8,2023-10-01,2023
2023-10,-0.18668577845356424,-0.2418851702519101,0.7193559074114082,-0.07661657689780416,-0.7309660894156359,-0.7059200805880641,1.7287092611580677,0.0030109914865222,50,0,8,2023-10-01,2023
2023-10,-0.19317637460511494,-0.25133394269675996,0.7193559074114082,-0.07661657689780416,-0.7309660894156359,-0.7059200805880641,1.7287092611580677,0.0030109914865222,52,1,8,2023-10-01,2023
2023-10,-0.19324440680835056,-0.24861204130083642,0.7193559074114082,-0.07661657689780416,-0.7309660894156359,-0.7059200805880641,1.7287092611580677,0.0030109914865222,53,1,8,2023-10-01,2023
2023-10,-0.19332377771212544,-0.24967745497890104,0.7193559074114082,-0.07661657689780416,-0.7309660894156359,-0.7059200805880641,1.7287092611580677,0.0030109914865222,58,1,8,2023-10-01,2023
2023-10,-0.11989435301981297,-0.14874628764756329,0.7193559074114082,-0.07661657689780416,-0.7309660894156359,-0.7059200805880641,1.7287092611580677,0.0030109914865222,60,0,8,2023-10-01,2023
2023-10,-0.1933221578977627,-0.25169733893514845,0.7193559074114082,-0.07661657689780416,-0.7309660894156359,-0.7059200805880641,1.7287092611580677,0.0030109914865222,66,0,8,2023-10-01,2023
2023-10,-0.19332053808339994,-0.2517474681095142,0.7193559074114082,-0.07661657689780416,-0.7309660894156359,-0.7059200805880641,1.7287092611580677,0.0030109914865222,66,1,8,2023-10-01,2023
2023-10,-0.1921818085863847,-0.24587385107999302,0.7193559074114082,-0.07661657689780416,-0.7309660894156359,-0.7059200805880641,1.7287092611580677,0.0030109914865222,67,0,8,2023-10-01,2023
2023-10,-0.19211863582623734,-0.24367398018022463,0.7193559074114082,-0.07661657689780416,-0.7309660894156359,-0.7059200805880641,1.7287092611580677,0.0030109914865222,67,1,8,2023-10-01,2023
2023-10,-0.19325898513761533,-0.15445184806777365,0.7193559074114082,-0.07661657689780416,-0.7309660894156359,-0.7059200805880641,1.7287092611580677,0.0030109914865222,68,1,8,2023-10-01,2023
2023-10,-0.19330919938286067,-0.2517516350182146,0.7193559074114082,-0.07661657689780416,-0.7309660894156359,-0.7059200805880641,1.7287092611580677,0.0030109914865222,69,0,8,2023-10-01,2023
2023-10,-0.17340168086462807,0.11049665267930296,0.7193559074114082,-0.07661657689780416,-0.7309660894156359,-0.7059200805880641,1.7287092611580677,0.0030109914865222,72,1,8,2023-10-01,2023
2023-10,-0.19331243901158618,-0.251408311349428,0.7193559074114082,-0.07661657689780416,-0.7309660894156359,-0.7059200805880641,1.7287092611580677,0.0030109914865222,72,0,8,2023-10-01,2023
2023-10,-0.19216237081403165,-0.2498638860445502,0.7193559074114082,-0.07661657689780416,-0.7309660894156359,-0.7059200805880641,1.7287092611580677,0.0030109914865222,75,0,8,2023-10-01,2023
2023-10,-0.19067862085775003,-0.24745118930322668,0.7193559074114082,-0.07661657689780416,-0.7309660894156359,-0.7059200805880641,1.7287092611580677,0.0030109914865222,75,1,8,2023-10-01,2023
2023-10,-0.19308080555771254,-0.24597619941427962,0.7193559074114082,-0.07661657689780416,-0.7309660894156359,-0.7059200805880641,1.7287092611580677,0.0030109914865222,77,0,8,2023-10-01,2023
2023-10,-0.1923875250104543,-0.2367284574550084,0.7193559074114082,-0.07661657689780416,-0.7309660894156359,-0.7059200805880641,1.7287092611580677,0.0030109914865222,77,1,8,2023-10-01,2023
2023-10,-0.19266127363775953,-0.25045755950387866,0.7193559074114082,-0.07661657689780416,-0.7309660894156359,-0.7059200805880641,1.7287092611580677,0.0030109914865222,78,0,8,2023-10-01,2023
2023-10,-0.1920263064075604,-0.2479587031080472,0.7193559074114082,-0.07661657689780416,-0.7309660894156359,-0.7059200805880641,1.7287092611580677,0.0030109914865222,78,1,8,2023-10-01,2023
2023-10,-0.028671267552660338,-0.049291063761082096,0.7193559074114082,-0.07661657689780416,-0.7309660894156359,-0.7059200805880641,1.7287092611580677,0.0030109914865222,79,1,8,2023-10-01,2023
2023-10,-0.12795130966014567,-0.14763070996204034,0.7193559074114082,-0.07661657689780416,-0.7309660894156359,-0.7059200805880641,1.7287092611580677,0.0030109914865222,79,0,8,2023-10-01,2023
2023-10,-0.018236423427806434,-0.22067485170110218,0.7193559074114082,-0.07661657689780416,-0.7309660894156359,-0.7059200805880641,1.7287092611580677,0.0030109914865222,80,0,8,2023-10-01,2023
2023-10,0.34566135242207385,-0.15409739522590626,0.7193559074114082,-0.07661657689780416,-0.7309660894156359,-0.7059200805880641,1.7287092611580677,0.0030109914865222,80,1,8,2023-10-01,2023
2023-10,-0.1891916312727429,-0.24926804422520837,0.7193559074114082,-0.07661657689780416,-0.7309660894156359,-0.7059200805880641,1.7287092611580677,0.0030109914865222,81,0,8,2023-10-01,2023
2023-10,-0.18570255113537326,-0.23780087693881907,0.7193559074114082,-0.07661657689780416,-0.7309660894156359,-0.7059200805880641,1.7287092611580677,0.0030109914865222,81,1,8,2023-10-01,2023
2023-10,-0.19333349659830198,-0.24958823872051883,0.7193559074114082,-0.07661657689780416,-0.7309660894156359,-0.7059200805880641,1.7287092611580677,0.0030109914865222,84,0,8,2023-10-01,2023
2023-10,-0.19333187678393923,-0.2504012343931694,0.7193559074114082,-0.07661657689780416,-0.7309660894156359,-0.7059200805880641,1.7287092611580677,0.0030109914865222,84,1,8,2023-10-01,2023
2023-10,-0.1933221578977627,-0.2517285145530116,0.7193559074114082,-0.07661657689780416,-0.7309660894156359,-0.7059200805880641,1.7287092611580677,0.0030109914865222,86,0,8,2023-10-01,2023
2023-10,-0.19266775289521054,-0.248791584122427,0.7193559074114082,-0.07661657689780416,-0.7309660894156359,-0.7059200805880641,1.7287092611580677,0.0030109914865222,86,1,8,2023-10-01,2023
2023-10,-0.18151047156456887,-0.24310202950825924,0.7193559074114082,-0.07661657689780416,-0.7309660894156359,-0.7059200805880641,1.7287092611580677,0.0030109914865222,87,1,8,2023-10-01,2023
2023-10,-0.119061768437358,-0.17489898662246348,0.7193559074114082,-0.07661657689780416,-0.7309660894156359,-0.7059200805880641,1.7287092611580677,0.0030109914865222,87,0,8,2023-10-01,2023
2023-10,5.178403420725026,3.1646101350204385,0.7193559074114082,-0.07661657689780416,-0.7309660894156359,-0.7059200805880641,1.7287092611580677,0.0030109914865222,88,0,8,2023-10-01,2023
2023-10,6.959573971409145,7.09762054036927,0.7193559074114082,-0.07661657689780416,-0.7309660894156359,-0.7059200805880641,1.7287092611580677,0.0030109914865222,88,1,8,2023-10-01,2023
2023-10,-0.18718630109165488,-0.17476501419424667,0.7193559074114082,-0.07661657689780416,-0.7309660894156359,-0.7059200805880641,1.7287092611580677,0.0030109914865222,89,1,8,2023-10-01,2023
2023-10,0.3374942484050739,0.57031555026797,0.7193559074114082,-0.07661657689780416,-0.7309660894156359,-0.7059200805880641,1.7287092611580677,0.0030109914865222,89,0,8,2023-10-01,2023
2023-10,0.06668720398260033,1.6204666734029989,0.7193559074114082,-0.07661657689780416,-0.7309660894156359,-0.7059200805880641,1.7287092611580677,0.0030109914865222,91,0,8,2023-10-01,2023
2023-10,-0.1932427869939878,-0.2514808991602377,0.7193559074114082,-0.07661657689780416,-0.7309660894156359,-0.7059200805880641,1.7287092611580677,0.0030109914865222,91,1,8,2023-10-01,2023
2023-10,-0.19333511641266474,-0.25176423588945707,0.7193559074114082,-0.07661657689780416,-0.7309660894156359,-0.7059200805880641,1.7287092611580677,0.0030109914865222,93,1,8,2023-10-01,2023
2023-10,-0.19331729845467444,-0.2512543490802042,0.7193559074114082,-0.07661657689780416,-0.7309660894156359,-0.7059200805880641,1.7287092611580677,0.0030109914865222,94,1,8,2023-10-01,2023
2023-10,-0.1933253975264882,-0.25174558276837805,0.7193559074114082,-0.07661657689780416,-0.7309660894156359,-0.7059200805880641,1.7287092611580677,0.0030109914865222,94,0,8,2023-10-01,2023
2023-10,-0.19325250588016432,-0.2502093258237113,0.7193559074114082,-0.07661657689780416,-0.7309660894156359,-0.7059200805880641,1.7287092611580677,0.0030109914865222,95,1,8,2023-10-01,2023
2023-10,-0.1932913814248704,-0.2513546683868478,0.7193559074114082,-0.07661657689780416,-0.7309660894156359,-0.7059200805880641,1.7287092611580677,0.0030109914865222,95,0,8,2023-10-01,2023
2023-10,-0.19312778017423235,-0.2167281534578568,0.7193559074114082,-0.07661657689780416,-0.7309660894156359,-0.7059200805880641,1.7287092611580677,0.0030109914865222,97,1,8,2023-10-01,2023
2023-10,-0.12607394481371512,-0.1640175552044299,0.7193559074114082,-0.07661657689780416,-0.7309660894156359,-0.7059200805880641,1.7287092611580677,0.0030109914865222,98,0,8,2023-10-01,2023
2023-10,-0.029829434822028628,0.9369061225788061,0.7193559074114082,-0.07661657689780416,-0.7309660894156359,-0.7059200805880641,1.7287092611580677,0.0030109914865222,98,1,8,2023-10-01,2023
2023-10,-0.18391913552198236,-0.22943320177197002,0.7193559074114082,-0.07661657689780416,-0.7309660894156359,-0.7059200805880641,1.7287092611580677,0.0030109914865222,100,0,8,2023-10-01,2023
2023-10,-0.16368279468811092,-0.17198979639598588,0.7193559074114082,-0.07661657689780416,-0.7309660894156359,-0.7059200805880641,1.7287092611580677,0.0030109914865222,100,1,8,2023-10-01,2023
2023-10,0.35966464758807226,0.28215005311006414,0.7193559074114082,-0.07661657689780416,-0.7309660894156359,-0.7059200805880641,1.7287092611580677,0.0030109914865222,101,0,8,2023-10-01,2023
2023-10,0.8985963238483006,0.8599781432662043,0.7193559074114082,-0.07661657689780416,-0.7309660894156359,-0.7059200805880641,1.7287092611580677,0.0030109914865222,101,1,8,2023-10-01,2023
2023-11,-0.1928410730320251,-0.2513296364556892,0.7193559074114082,-0.07661657689780416,-0.8087532506878252,-0.7136731694033995,1.5147649570013348,0.0029518237020554,0,0,8,2023-11-01,2023
2023-11,-0.19131034845922365,-0.2458221457081878,0.7193559074114082,-0.07661657689780416,-0.8087532506878252,-0.7136731694033995,1.5147649570013348,0.0029518237020554,0,1,8,2023-11-01,2023
2023-11,-0.19323792755089955,-0.22123793299686823,0.7193559074114082,-0.07661657689780416,-0.8087532506878252,-0.7136731694033995,1.5147649570013348,0.0029518237020554,1,1,8,2023-11-01,2023
2023-11,-0.19122449829799776,-0.25131929973546474,0.7193559074114082,-0.07661657689780416,-0.8087532506878252,-0.7136731694033995,1.5147649570013348,0.0029518237020554,2,0,8,2023-11-01,2023
2023-11,-0.17815421620494495,-0.2475914970001573,0.7193559074114082,-0.07661657689780416,-0.8087532506878252,-0.7136731694033995,1.5147649570013348,0.0029518237020554,2,1,8,2023-11-01,2023
2023-11,-0.19214455285604137,-0.22924508565546706,0.7193559074114082,-0.07661657689780416,-0.8087532506878252,-0.7136731694033995,1.5147649570013348,0.0029518237020554,3,1,8,2023-11-01,2023
2023-11,-0.19289452690599596,-0.24975095280425447,0.7193559074114082,-0.07661657689780416,-0.8087532506878252,-0.7136731694033995,1.5147649570013348,0.0029518237020554,3,0,8,2023-11-01,2023
2023-11,-0.08981116067476691,0.8290084978336087,0.7193559074114082,-0.07661657689780416,-0.8087532506878252,-0.7136731694033995,1.5147649570013348,0.0029518237020554,5,1,8,2023-11-01,2023
2023-11,-0.14809046163225192,0.18372189166671196,0.7193559074114082,-0.07661657689780416,-0.8087532506878252,-0.7136731694033995,1.5147649570013348,0.0029518237020554,5,0,8,2023-11-01,2023
2023-11,-0.19273902472717167,-0.24132705267183732,0.7193559074114082,-0.07661657689780416,-0.8087532506878252,-0.7136731694033995,1.5147649570013348,0.0029518237020554,6,0,8,2023-11-01,2023
2023-11,-0.19306136778535948,-0.22789601304207663,0.7193559074114082,-0.07661657689780416,-0.8087532506878252,-0.7136731694033995,1.5147649570013348,0.0029518237020554,6,1,8,2023-11-01,2023
2023-11,-0.19333187678393923,-0.23427640802733746,0.7193559074114082,-0.07661657689780416,-0.8087532506878252,-0.7136731694033995,1.5147649570013348,0.0029518237020554,8,1,8,2023-11-01,2023
2023-11,-0.1912633738427038,-0.2393956491248913,0.7193559074114082,-0.07661657689780416,-0.8087532506878252,-0.7136731694033995,1.5147649570013348,0.0029518237020554,9,0,8,2023-11-01,2023
2023-11,-0.18758963486798033,0.025429442329294758,0.7193559074114082,-0.07661657689780416,-0.8087532506878252,-0.7136731694033995,1.5147649570013348,0.0029518237020554,9,1,8,2023-11-01,2023
2023-11,-0.16844666872896707,-0.18810950665134443,0.7193559074114082,-0.07661657689780416,-0.8087532506878252,-0.7136731694033995,1.5147649570013348,0.0029518237020554,12,1,8,2023-11-01,2023
2023-11,-0.18554866877091175,-0.22856432946467722,0.7193559074114082,-0.07661657689780416,-0.8087532506878252,-0.7136731694033995,1.5147649570013348,0.0029518237020554,12,0,8,2023-11-01,2023
2023-11,-0.1932881417961449,-0.2515369064189771,0.7193559074114082,-0.07661657689780416,-0.8087532506878252,-0.7136731694033995,1.5147649570013348,0.0029518237020554,13,0,8,2023-11-01,2023
2023-11,-0.19296741855231983,-0.2457129265463889,0.7193559074114082,-0.07661657689780416,-0.8087532506878252,-0.7136731694033995,1.5147649570013348,0.0029518237020554,13,1,8,2023-11-01,2023
2023-11,-0.19333349659830198,-0.25175085127363145,0.7193559074114082,-0.07661657689780416,-0.8087532506878252,-0.7136731694033995,1.5147649570013348,0.0029518237020554,15,1,8,2023-11-01,2023
2023-11,-0.19156789894290135,-0.24924686570491694,0.7193559074114082,-0.07661657689780416,-0.8087532506878252,-0.7136731694033995,1.5147649570013348,0.0029518237020554,17,0,8,2023-11-01,2023
2023-11,-0.1923194928072187,-0.25050342597853936,0.7193559074114082,-0.07661657689780416,-0.8087532506878252,-0.7136731694033995,1.5147649570013348,0.0029518237020554,18,0,8,2023-11-01,2023
2023-11,-0.18919487090146841,-0.24706099770836754,0.7193559074114082,-0.07661657689780416,-0.8087532506878252,-0.7136731694033995,1.5147649570013348,0.0029518237020554,18,1,8,2023-11-01,2023
2023-11,-0.19333025696957648,-0.25175394271059837,0.7193559074114082,-0.07661657689780416,-0.8087532506878252,-0.7136731694033995,1.5147649570013348,0.0029518237020554,19,1,8,2023-11-01,2023
2023-11,-0.192782759714966,-0.2511655072775673,0.7193559074114082,-0.07661657689780416,-0.8087532506878252,-0.7136731694033995,1.5147649570013348,0.0029518237020554,19,0,8,2023-11-01,2023
2023-11,-0.19331081919722343,-0.2517473636102364,0.7193559074114082,-0.07661657689780416,-0.8087532506878252,-0.7136731694033995,1.5147649570013348,0.0029518237020554,21,0,8,2023-11-01,2023
2023-11,-0.19274388417025992,-0.2506272053730386,0.7193559074114082,-0.07661657689780416,-0.8087532506878252,-0.7136731694033995,1.5147649570013348,0.0029518237020554,21,1,8,2023-11-01,2023
2023-11,-0.19161325374505844,-0.25120293108141284,0.7193559074114082,-0.07661657689780416,-0.8087532506878252,-0.7136731694033995,1.5147649570013348,0.0029518237020554,22,0,8,2023-11-01,2023
2023-11,-0.19032226169794442,-0.25066506459054144,0.7193559074114082,-0.07661657689780416,-0.8087532506878252,-0.7136731694033995,1.5147649570013348,0.0029518237020554,22,1,8,2023-11-01,2023
2023-11,-0.1930889046295263,-0.25149127942182786,0.7193559074114082,-0.07661657689780416,-0.8087532506878252,-0.7136731694033995,1.5147649570013348,0.0029518237020554,23,1,8,2023-11-01,2023
2023-11,-0.1932298284790858,-0.25158503269051924,0.7193559074114082,-0.07661657689780416,-0.8087532506878252,-0.7136731694033995,1.5147649570013348,0.0029518237020554,23,0,8,2023-11-01,2023
2023-11,-0.1932298284790858,-0.251494562440804,0.7193559074114082,-0.07661657689780416,-0.8087532506878252,-0.7136731694033995,1.5147649570013348,0.0029518237020554,25,1,8,2023-11-01,2023
2023-11,-0.19109491314897753,-0.23642729489065883,0.7193559074114082,-0.07661657689780416,-0.8087532506878252,-0.7136731694033995,1.5147649570013348,0.0029518237020554,28,1,8,2023-11-01,2023
2023-11,-0.1931909529343797,-0.250288797524443,0.7193559074114082,-0.07661657689780416,-0.8087532506878252,-0.7136731694033995,1.5147649570013348,0.0029518237020554,28,0,8,2023-11-01,2023
2023-11,-0.19274226435589717,-0.25075585269222656,0.7193559074114082,-0.07661657689780416,-0.8087532506878252,-0.7136731694033995,1.5147649570013348,0.0029518237020554,30,0,8,2023-11-01,2023
2023-11,-0.19125527477089005,-0.01969574057986431,0.7193559074114082,-0.07661657689780416,-0.8087532506878252,-0.7136731694033995,1.5147649570013348,0.0029518237020554,30,1,8,2023-11-01,2023
2023-11,-0.1914091571353516,-0.24812308482609033,0.7193559074114082,-0.07661657689780416,-0.8087532506878252,-0.7136731694033995,1.5147649570013348,0.0029518237020554,37,1,8,2023-11-01,2023
2023-11,-0.0786344415717722,-0.07657649571960314,0.7193559074114082,-0.07661657689780416,-0.8087532506878252,-0.7136731694033995,1.5147649570013348,0.0029518237020554,37,0,8,2023-11-01,2023
2023-11,-0.19327680309560563,-0.25080940421793874,0.7193559074114082,-0.07661657689780416,-0.8087532506878252,-0.7136731694033995,1.5147649570013348,0.0029518237020554,38,1,8,2023-11-01,2023
2023-11,-0.19333511641266474,-0.2517646538865681,0.7193559074114082,-0.07661657689780416,-0.8087532506878252,-0.7136731694033995,1.5147649570013348,0.0029518237020554,43,1,8,2023-11-01,2023
2023-11,-0.19333187678393923,-0.2517561197788849,0.7193559074114082,-0.07661657689780416,-0.8087532506878252,-0.7136731694033995,1.5147649570013348,0.0029518237020554,43,0,8,2023-11-01,2023
2023-11,-0.11707911565734849,0.011488986137031108,0.7193559074114082,-0.07661657689780416,-0.8087532506878252,-0.7136731694033995,1.5147649570013348,0.0029518237020554,44,0,8,2023-11-01,2023
2023-11,0.014075633480387548,0.6477707545616586,0.7193559074114082,-0.07661657689780416,-0.8087532506878252,-0.7136731694033995,1.5147649570013348,0.0029518237020554,44,1,8,2023-11-01,2023
2023-11,-0.19332377771212544,-0.25083800654108723,0.7193559074114082,-0.07661657689780416,-0.8087532506878252,-0.7136731694033995,1.5147649570013348,0.0029518237020554,46,1,8,2023-11-01,2023
2023-11,-0.1932881417961449,-0.24965205294613374,0.7193559074114082,-0.07661657689780416,-0.8087532506878252,-0.7136731694033995,1.5147649570013348,0.0029518237020554,46,0,8,2023-11-01,2023
2023-11,-0.1926790915957498,-0.24184962308092753,0.7193559074114082,-0.07661657689780416,-0.8087532506878252,-0.7136731694033995,1.5147649570013348,0.0029518237020554,48,1,8,2023-11-01,2023
2023-11,-0.1932913814248704,-0.25097228375886416,0.7193559074114082,-0.07661657689780416,-0.8087532506878252,-0.7136731694033995,1.5147649570013348,0.0029518237020554,48,0,8,2023-11-01,2023
2023-11,-0.19333349659830198,-0.25174149423413594,0.7193559074114082,-0.07661657689780416,-0.8087532506878252,-0.7136731694033995,1.5147649570013348,0.0029518237020554,49,1,8,2023-11-01,2023
2023-11,-0.15577324115478874,-0.213951028547777,0.7193559074114082,-0.07661657689780416,-0.8087532506878252,-0.7136731694033995,1.5147649570013348,0.0029518237020554,50,1,8,2023-11-01,2023
2023-11,-0.18688663543454562,-0.24210120073798297,0.7193559074114082,-0.07661657689780416,-0.8087532506878252,-0.7136731694033995,1.5147649570013348,0.0029518237020554,50,0,8,2023-11-01,2023
2023-11,-0.1931812340482032,-0.2513326582264709,0.7193559074114082,-0.07661657689780416,-0.8087532506878252,-0.7136731694033995,1.5147649570013348,0.0029518237020554,52,1,8,2023-11-01,2023
2023-11,-0.19326870402379187,-0.25028015020920885,0.7193559074114082,-0.07661657689780416,-0.8087532506878252,-0.7136731694033995,1.5147649570013348,0.0029518237020554,53,1,8,2023-11-01,2023
2023-11,-0.1933253975264882,-0.2514930080140474,0.7193559074114082,-0.07661657689780416,-0.8087532506878252,-0.7136731694033995,1.5147649570013348,0.0029518237020554,58,1,8,2023-11-01,2023
2023-11,-0.19333511641266474,-0.2517666567893917,0.7193559074114082,-0.07661657689780416,-0.8087532506878252,-0.7136731694033995,1.5147649570013348,0.0029518237020554,58,0,8,2023-11-01,2023
2023-11,-0.11947968054294823,-0.14955586096886742,0.7193559074114082,-0.07661657689780416,-0.8087532506878252,-0.7136731694033995,1.5147649570013348,0.0029518237020554,60,0,8,2023-11-01,2023
2023-11,-0.1933189182690372,-0.2517418512733349,0.7193559074114082,-0.07661657689780416,-0.8087532506878252,-0.7136731694033995,1.5147649570013348,0.0029518237020554,66,1,8,2023-11-01,2023
2023-11,-0.19333349659830198,-0.25175463937245,0.7193559074114082,-0.07661657689780416,-0.8087532506878252,-0.7136731694033995,1.5147649570013348,0.0029518237020554,66,0,8,2023-11-01,2023
2023-11,-0.1921234952693256,-0.24262843442734291,0.7193559074114082,-0.07661657689780416,-0.8087532506878252,-0.7136731694033995,1.5147649570013348,0.0029518237020554,67,1,8,2023-11-01,2023
2023-11,-0.1924668959142292,-0.2475085985939426,0.7193559074114082,-0.07661657689780416,-0.8087532506878252,-0.7136731694033995,1.5147649570013348,0.0029518237020554,67,0,8,2023-11-01,2023
2023-11,-0.19326222476634083,-0.1892975850649456,0.7193559074114082,-0.07661657689780416,-0.8087532506878252,-0.7136731694033995,1.5147649570013348,0.0029518237020554,68,1,8,2023-11-01,2023
2023-11,-0.19330919938286067,-0.2517516350182146,0.7193559074114082,-0.07661657689780416,-0.8087532506878252,-0.7136731694033995,1.5147649570013348,0.0029518237020554,69,0,8,2023-11-01,2023
2023-11,-0.19331081919722343,-0.25128474095348424,0.7193559074114082,-0.07661657689780416,-0.8087532506878252,-0.7136731694033995,1.5147649570013348,0.0029518237020554,72,0,8,2023-11-01,2023
2023-11,-0.17172841262790436,0.126101638679676,0.7193559074114082,-0.07661657689780416,-0.8087532506878252,-0.7136731694033995,1.5147649570013348,0.0029518237020554,72,1,8,2023-11-01,2023
2023-11,-0.19224174171780656,-0.24998176558399293,0.7193559074114082,-0.07661657689780416,-0.8087532506878252,-0.7136731694033995,1.5147649570013348,0.0029518237020554,75,0,8,2023-11-01,2023
2023-11,-0.1908551806232901,-0.24727115011006678,0.7193559074114082,-0.07661657689780416,-0.8087532506878252,-0.7136731694033995,1.5147649570013348,0.0029518237020554,75,1,8,2023-11-01,2023
2023-11,-0.19311320184496758,-0.2465189686629323,0.7193559074114082,-0.07661657689780416,-0.8087532506878252,-0.7136731694033995,1.5147649570013348,0.0029518237020554,77,0,8,2023-11-01,2023
2023-11,-0.19248147424349396,-0.24141024280520243,0.7193559074114082,-0.07661657689780416,-0.8087532506878252,-0.7136731694033995,1.5147649570013348,0.0029518237020554,77,1,8,2023-11-01,2023
2023-11,-0.19256894421908263,-0.250171767041632,0.7193559074114082,-0.07661657689780416,-0.8087532506878252,-0.7136731694033995,1.5147649570013348,0.0029518237020554,78,0,8,2023-11-01,2023
2023-11,-0.19201496770702114,-0.24826733301661957,0.7193559074114082,-0.07661657689780416,-0.8087532506878252,-0.7136731694033995,1.5147649570013348,0.0029518237020554,78,1,8,2023-11-01,2023
2023-11,-0.03605276160372511,-0.0525462293255193,0.7193559074114082,-0.07661657689780416,-0.8087532506878252,-0.7136731694033995,1.5147649570013348,0.0029518237020554,79,1,8,2023-11-01,2023
2023-11,-0.1331314759922293,-0.15458546781092802,0.7193559074114082,-0.07661657689780416,-0.8087532506878252,-0.7136731694033995,1.5147649570013348,0.0029518237020554,79,0,8,2023-11-01,2023
2023-11,0.30184699372397183,-0.17032559314811946,0.7193559074114082,-0.07661657689780416,-0.8087532506878252,-0.7136731694033995,1.5147649570013348,0.0029518237020554,80,1,8,2023-11-01,2023
2023-11,-0.0038540917009238207,-0.2154349182918794,0.7193559074114082,-0.07661657689780416,-0.8087532506878252,-0.7136731694033995,1.5147649570013348,0.0029518237020554,80,0,8,2023-11-01,2023
2023-11,-0.18561022171669636,-0.2375863312133176,0.7193559074114082,-0.07661657689780416,-0.8087532506878252,-0.7136731694033995,1.5147649570013348,0.0029518237020554,81,1,8,2023-11-01,2023
2023-11,-0.18922726718872349,-0.24928912695449518,0.7193559074114082,-0.07661657689780416,-0.8087532506878252,-0.7136731694033995,1.5147649570013348,0.0029518237020554,81,0,8,2023-11-01,2023
2023-11,-0.19333511641266474,-0.25168157696075394,0.7193559074114082,-0.07661657689780416,-0.8087532506878252,-0.7136731694033995,1.5147649570013348,0.0029518237020554,84,1,8,2023-11-01,2023
2023-11,-0.19333349659830198,-0.2504123069624747,0.7193559074114082,-0.07661657689780416,-0.8087532506878252,-0.7136731694033995,1.5147649570013348,0.0029518237020554,84,0,8,2023-11-01,2023
2023-11,-0.19333511641266474,-0.25176752761670634,0.7193559074114082,-0.07661657689780416,-0.8087532506878252,-0.7136731694033995,1.5147649570013348,0.0029518237020554,86,0,8,2023-11-01,2023
2023-11,-0.1926288773505045,-0.24880880473257347,0.7193559074114082,-0.07661657689780416,-0.8087532506878252,-0.7136731694033995,1.5147649570013348,0.0029518237020554,86,1,8,2023-11-01,2023
2023-11,-0.18035230429520058,-0.2430810164451576,0.7193559074114082,-0.07661657689780416,-0.8087532506878252,-0.7136731694033995,1.5147649570013348,0.0029518237020554,87,1,8,2023-11-01,2023
2023-11,-0.11689283700563191,-0.15984269585061905,0.7193559074114082,-0.07661657689780416,-0.8087532506878252,-0.7136731694033995,1.5147649570013348,0.0029518237020554,87,0,8,2023-11-01,2023
2023-11,4.959631292891625,2.9447705675448304,0.7193559074114082,-0.07661657689780416,-0.8087532506878252,-0.7136731694033995,1.5147649570013348,0.0029518237020554,88,0,8,2023-11-01,2023
2023-11,6.705964496076019,7.483819209117166,0.7193559074114082,-0.07661657689780416,-0.8087532506878252,-0.7136731694033995,1.5147649570013348,0.0029518237020554,88,1,8,2023-11-01,2023
2023-11,0.21153424392868628,0.4018494344124718,0.7193559074114082,-0.07661657689780416,-0.8087532506878252,-0.7136731694033995,1.5147649570013348,0.0029518237020554,89,0,8,2023-11-01,2023
2023-11,-0.18740821565935203,-0.1823118780132965,0.7193559074114082,-0.07661657689780416,-0.8087532506878252,-0.7136731694033995,1.5147649570013348,0.0029518237020554,89,1,8,2023-11-01,2023
2023-11,0.07297694315316967,1.3155892381037484,0.7193559074114082,-0.07661657689780416,-0.8087532506878252,-0.7136731694033995,1.5147649570013348,0.0029518237020554,91,0,8,2023-11-01,2023
2023-11,-0.19326708420942912,-0.251654263462031,0.7193559074114082,-0.07661657689780416,-0.8087532506878252,-0.7136731694033995,1.5147649570013348,0.0029518237020554,91,1,8,2023-11-01,2023
2023-11,-0.19333349659830198,-0.25176613429300293,0.7193559074114082,-0.07661657689780416,-0.8087532506878252,-0.7136731694033995,1.5147649570013348,0.0029518237020554,94,0,8,2023-11-01,2023
2023-11,-0.19332053808339994,-0.25032397459381683,0.7193559074114082,-0.07661657689780416,-0.8087532506878252,-0.7136731694033995,1.5147649570013348,0.0029518237020554,94,1,8,2023-11-01,2023
2023-11,-0.19330595975413517,-0.2515357525727852,0.7193559074114082,-0.07661657689780416,-0.8087532506878252,-0.7136731694033995,1.5147649570013348,0.0029518237020554,95,0,8,2023-11-01,2023
2023-11,-0.19324764643707606,-0.24965903698119696,0.7193559074114082,-0.07661657689780416,-0.8087532506878252,-0.7136731694033995,1.5147649570013348,0.0029518237020554,95,1,8,2023-11-01,2023
2023-11,-0.1931877133056542,-0.22763537442681264,0.7193559074114082,-0.07661657689780416,-0.8087532506878252,-0.7136731694033995,1.5147649570013348,0.0029518237020554,97,1,8,2023-11-01,2023
2023-11,-0.031465447328409016,1.1363997503419558,0.7193559074114082,-0.07661657689780416,-0.8087532506878252,-0.7136731694033995,1.5147649570013348,0.0029518237020554,98,1,8,2023-11-01,2023
2023-11,-0.12553292681655565,-0.16448859005304126,0.7193559074114082,-0.07661657689780416,-0.8087532506878252,-0.7136731694033995,1.5147649570013348,0.0029518237020554,98,0,8,2023-11-01,2023
2023-11,-0.16425296934379993,-0.1629941458818857,0.7193559074114082,-0.07661657689780416,-0.8087532506878252,-0.7136731694033995,1.5147649570013348,0.0029518237020554,100,1,8,2023-11-01,2023
2023-11,-0.18509836037806646,-0.2296930174554217,0.7193559074114082,-0.07661657689780416,-0.8087532506878252,-0.7136731694033995,1.5147649570013348,0.0029518237020554,100,0,8,2023-11-01,2023
2023-11,0.8743752396820571,0.7878492628054846,0.7193559074114082,-0.07661657689780416,-0.8087532506878252,-0.7136731694033995,1.5147649570013348,0.0029518237020554,101,1,8,2023-11-01,2023
2023-11,0.3659479075011906,0.25584084469604496,0.7193559074114082,-0.07661657689780416,-0.8087532506878252,-0.7136731694033995,1.5147649570013348,0.0029518237020554,101,0,8,2023-11-01,2023
2023-12,-0.19077095027642696,-0.24405838512757816,0.7193559074114082,-0.07661657689780416,-0.7116850885405529,-0.6301526975648539,2.4111239551155674,0.0035240129658838,0,1,8,2023-12-01,2023
2023-12,-0.19292530337888825,-0.25138537375796105,0.7193559074114082,-0.07661657689780416,-0.7116850885405529,-0.6301526975648539,2.4111239551155674,0.0035240129658838,0,0,8,2023-12-01,2023
2023-12,-0.19306946685717324,0.25673176635094375,0.7193559074114082,-0.07661657689780416,-0.7116850885405529,-0.6301526975648539,2.4111239551155674,0.0035240129658838,1,1,8,2023-12-01,2023
2023-12,-0.17860128496906474,-0.24734486564224886,0.7193559074114082,-0.07661657689780416,-0.7116850885405529,-0.6301526975648539,2.4111239551155674,0.0035240129658838,2,1,8,2023-12-01,2023
2023-12,-0.19108681407716377,-0.25128676127285415,0.7193559074114082,-0.07661657689780416,-0.7116850885405529,-0.6301526975648539,2.4111239551155674,0.0035240129658838,2,0,8,2023-12-01,2023
2023-12,-0.19204088473682518,-0.2263472727878549,0.7193559074114082,-0.07661657689780416,-0.7116850885405529,-0.6301526975648539,2.4111239551155674,0.0035240129658838,3,1,8,2023-12-01,2023
2023-12,-0.19282649470276034,-0.24860631561124283,0.7193559074114082,-0.07661657689780416,-0.7116850885405529,-0.6301526975648539,2.4111239551155674,0.0035240129658838,3,0,8,2023-12-01,2023
2023-12,-0.1468205271718537,0.16932028451585784,0.7193559074114082,-0.07661657689780416,-0.7116850885405529,-0.6301526975648539,2.4111239551155674,0.0035240129658838,5,0,8,2023-12-01,2023
2023-12,-0.08493065999979255,0.9704814357315069,0.7193559074114082,-0.07661657689780416,-0.7116850885405529,-0.6301526975648539,2.4111239551155674,0.0035240129658838,5,1,8,2023-12-01,2023
2023-12,-0.1930403101986437,-0.22626498831489703,0.7193559074114082,-0.07661657689780416,-0.7116850885405529,-0.6301526975648539,2.4111239551155674,0.0035240129658838,6,1,8,2023-12-01,2023
2023-12,-0.19270176899682837,-0.23973354753950787,0.7193559074114082,-0.07661657689780416,-0.7116850885405529,-0.6301526975648539,2.4111239551155674,0.0035240129658838,6,0,8,2023-12-01,2023
2023-12,-0.19094265059887874,-0.23685930361316573,0.7193559074114082,-0.07661657689780416,-0.7116850885405529,-0.6301526975648539,2.4111239551155674,0.0035240129658838,9,0,8,2023-12-01,2023
2023-12,-0.187119888702782,0.09593427774376136,0.7193559074114082,-0.07661657689780416,-0.7116850885405529,-0.6301526975648539,2.4111239551155674,0.0035240129658838,9,1,8,2023-12-01,2023
2023-12,-0.16585820537728801,-0.18867908867301408,0.7193559074114082,-0.07661657689780416,-0.7116850885405529,-0.6301526975648539,2.4111239551155674,0.0035240129658838,12,1,8,2023-12-01,2023
2023-12,-0.18487158636728104,-0.22735267775566947,0.7193559074114082,-0.07661657689780416,-0.7116850885405529,-0.6301526975648539,2.4111239551155674,0.0035240129658838,12,0,8,2023-12-01,2023
2023-12,-0.19331081919722343,-0.2516422460450894,0.7193559074114082,-0.07661657689780416,-0.7116850885405529,-0.6301526975648539,2.4111239551155674,0.0035240129658838,13,0,8,2023-12-01,2023
2023-12,-0.19298685632467286,-0.2458620992653823,0.7193559074114082,-0.07661657689780416,-0.7116850885405529,-0.6301526975648539,2.4111239551155674,0.0035240129658838,13,1,8,2023-12-01,2023
2023-12,-0.19333187678393923,-0.251738964480787,0.7193559074114082,-0.07661657689780416,-0.7116850885405529,-0.6301526975648539,2.4111239551155674,0.0035240129658838,15,1,8,2023-12-01,2023
2023-12,-0.1917072029780981,-0.24940078878691158,0.7193559074114082,-0.07661657689780416,-0.7116850885405529,-0.6301526975648539,2.4111239551155674,0.0035240129658838,17,0,8,2023-12-01,2023
2023-12,-0.19213159434113936,-0.25094176561562354,0.7193559074114082,-0.07661657689780416,-0.7116850885405529,-0.6301526975648539,2.4111239551155674,0.0035240129658838,17,1,8,2023-12-01,2023
2023-12,-0.1884805327674944,-0.2459438002840394,0.7193559074114082,-0.07661657689780416,-0.7116850885405529,-0.6301526975648539,2.4111239551155674,0.0035240129658838,18,1,8,2023-12-01,2023
2023-12,-0.19229033614868912,-0.2503886596467464,0.7193559074114082,-0.07661657689780416,-0.7116850885405529,-0.6301526975648539,2.4111239551155674,0.0035240129658838,18,0,8,2023-12-01,2023
2023-12,-0.19275360305643646,-0.2512151313720906,0.7193559074114082,-0.07661657689780416,-0.7116850885405529,-0.6301526975648539,2.4111239551155674,0.0035240129658838,19,0,8,2023-12-01,2023
2023-12,-0.19333025696957648,-0.25175394271059837,0.7193559074114082,-0.07661657689780416,-0.7116850885405529,-0.6301526975648539,2.4111239551155674,0.0035240129658838,19,1,8,2023-12-01,2023
2023-12,-0.19331243901158618,-0.2517226930724134,0.7193559074114082,-0.07661657689780416,-0.7116850885405529,-0.6301526975648539,2.4111239551155674,0.0035240129658838,21,0,8,2023-12-01,2023
2023-12,-0.19288156839109394,-0.2508142590802177,0.7193559074114082,-0.07661657689780416,-0.7116850885405529,-0.6301526975648539,2.4111239551155674,0.0035240129658838,21,1,8,2023-12-01,2023
2023-12,-0.18725271348052774,-0.2498258526615844,0.7193559074114082,-0.07661657689780416,-0.7116850885405529,-0.6301526975648539,2.4111239551155674,0.0035240129658838,22,1,8,2023-12-01,2023
2023-12,-0.19060248958270065,-0.2508329122012967,0.7193559074114082,-0.07661657689780416,-0.7116850885405529,-0.6301526975648539,2.4111239551155674,0.0035240129658838,22,0,8,2023-12-01,2023
2023-12,-0.19321201052109552,-0.25159220395345505,0.7193559074114082,-0.07661657689780416,-0.7116850885405529,-0.6301526975648539,2.4111239551155674,0.0035240129658838,23,0,8,2023-12-01,2023
2023-12,-0.19314559813222265,-0.25148474821696826,0.7193559074114082,-0.07661657689780416,-0.7116850885405529,-0.6301526975648539,2.4111239551155674,0.0035240129658838,23,1,8,2023-12-01,2023
2023-12,-0.1932395473652623,-0.25150554357324123,0.7193559074114082,-0.07661657689780416,-0.7116850885405529,-0.6301526975648539,2.4111239551155674,0.0035240129658838,25,1,8,2023-12-01,2023
2023-12,-0.19318285386256595,-0.25104848985716605,0.7193559074114082,-0.07661657689780416,-0.7116850885405529,-0.6301526975648539,2.4111239551155674,0.0035240129658838,28,0,8,2023-12-01,2023
2023-12,-0.19148528841040097,-0.23809708449574848,0.7193559074114082,-0.07661657689780416,-0.7116850885405529,-0.6301526975648539,2.4111239551155674,0.0035240129658838,28,1,8,2023-12-01,2023
2023-12,-0.19183678812711832,-0.2476708511392015,0.7193559074114082,-0.07661657689780416,-0.7116850885405529,-0.6301526975648539,2.4111239551155674,0.0035240129658838,30,0,8,2023-12-01,2023
2023-12,-0.19157113857162686,-0.09177864571250884,0.7193559074114082,-0.07661657689780416,-0.7116850885405529,-0.6301526975648539,2.4111239551155674,0.0035240129658838,30,1,8,2023-12-01,2023
2023-12,-0.08260136694615394,-0.08609331461081697,0.7193559074114082,-0.07661657689780416,-0.7116850885405529,-0.6301526975648539,2.4111239551155674,0.0035240129658838,37,0,8,2023-12-01,2023
2023-12,-0.1915322630269208,-0.24814272633617146,0.7193559074114082,-0.07661657689780416,-0.7116850885405529,-0.6301526975648539,2.4111239551155674,0.0035240129658838,37,1,8,2023-12-01,2023
2023-12,-0.19320067182055622,-0.25000093684732416,0.7193559074114082,-0.07661657689780416,-0.7116850885405529,-0.6301526975648539,2.4111239551155674,0.0035240129658838,38,1,8,2023-12-01,2023
2023-12,-0.19333511641266474,-0.25175446520698713,0.7193559074114082,-0.07661657689780416,-0.7116850885405529,-0.6301526975648539,2.4111239551155674,0.0035240129658838,40,1,8,2023-12-01,2023
2023-12,-0.19333511641266474,-0.2517647845106653,0.7193559074114082,-0.07661657689780416,-0.7116850885405529,-0.6301526975648539,2.4111239551155674,0.0035240129658838,43,1,8,2023-12-01,2023
2023-12,-0.19330757956849792,-0.2516515769597655,0.7193559074114082,-0.07661657689780416,-0.7116850885405529,-0.6301526975648539,2.4111239551155674,0.0035240129658838,43,0,8,2023-12-01,2023
2023-12,0.023128775953813265,0.8216094351805319,0.7193559074114082,-0.07661657689780416,-0.7116850885405529,-0.6301526975648539,2.4111239551155674,0.0035240129658838,44,1,8,2023-12-01,2023
2023-12,-0.10634622568974807,0.024389212977168787,0.7193559074114082,-0.07661657689780416,-0.7116850885405529,-0.6301526975648539,2.4111239551155674,0.0035240129658838,44,0,8,2023-12-01,2023
2023-12,-0.19328976161050765,-0.24927661752012073,0.7193559074114082,-0.07661657689780416,-0.7116850885405529,-0.6301526975648539,2.4111239551155674,0.0035240129658838,46,0,8,2023-12-01,2023
2023-12,-0.19331729845467444,-0.2505987902777628,0.7193559074114082,-0.07661657689780416,-0.7116850885405529,-0.6301526975648539,2.4111239551155674,0.0035240129658838,46,1,8,2023-12-01,2023
2023-12,-0.19268881048192635,-0.24182401204960474,0.7193559074114082,-0.07661657689780416,-0.7116850885405529,-0.6301526975648539,2.4111239551155674,0.0035240129658838,48,1,8,2023-12-01,2023
2023-12,-0.1932849021674194,-0.25137303848904957,0.7193559074114082,-0.07661657689780416,-0.7116850885405529,-0.6301526975648539,2.4111239551155674,0.0035240129658838,48,0,8,2023-12-01,2023
2023-12,-0.1858045994402267,-0.23921126014929492,0.7193559074114082,-0.07661657689780416,-0.7116850885405529,-0.6301526975648539,2.4111239551155674,0.0035240129658838,50,0,8,2023-12-01,2023
2023-12,-0.1494446264395133,-0.2141480096863427,0.7193559074114082,-0.07661657689780416,-0.7116850885405529,-0.6301526975648539,2.4111239551155674,0.0035240129658838,50,1,8,2023-12-01,2023
2023-12,-0.1931779944194777,-0.25137095285763106,0.7193559074114082,-0.07661657689780416,-0.7116850885405529,-0.6301526975648539,2.4111239551155674,0.0035240129658838,52,1,8,2023-12-01,2023
2023-12,-0.19326708420942912,-0.24516548530919333,0.7193559074114082,-0.07661657689780416,-0.7116850885405529,-0.6301526975648539,2.4111239551155674,0.0035240129658838,53,1,8,2023-12-01,2023
2023-12,-0.19329624086795866,-0.2402596360909491,0.7193559074114082,-0.07661657689780416,-0.7116850885405529,-0.6301526975648539,2.4111239551155674,0.0035240129658838,58,1,8,2023-12-01,2023
2023-12,-0.19333511641266474,-0.25176178015642986,0.7193559074114082,-0.07661657689780416,-0.7116850885405529,-0.6301526975648539,2.4111239551155674,0.0035240129658838,58,0,8,2023-12-01,2023
2023-12,-0.12090511718217074,-0.15447036185648233,0.7193559074114082,-0.07661657689780416,-0.7116850885405529,-0.6301526975648539,2.4111239551155674,0.0035240129658838,60,0,8,2023-12-01,2023
2023-12,-0.19331567864031168,-0.25174483821102406,0.7193559074114082,-0.07661657689780416,-0.7116850885405529,-0.6301526975648539,2.4111239551155674,0.0035240129658838,66,1,8,2023-12-01,2023
2023-12,-0.19328328235305664,-0.25148622426926653,0.7193559074114082,-0.07661657689780416,-0.7116850885405529,-0.6301526975648539,2.4111239551155674,0.0035240129658838,66,0,8,2023-12-01,2023
2023-12,-0.1922676587476106,-0.24584555790054122,0.7193559074114082,-0.07661657689780416,-0.7116850885405529,-0.6301526975648539,2.4111239551155674,0.0035240129658838,67,0,8,2023-12-01,2023
2023-12,-0.19192263828834424,-0.241267087502953,0.7193559074114082,-0.07661657689780416,-0.7116850885405529,-0.6301526975648539,2.4111239551155674,0.0035240129658838,67,1,8,2023-12-01,2023
2023-12,-0.19327194365251738,-0.17912297369922828,0.7193559074114082,-0.07661657689780416,-0.7116850885405529,-0.6301526975648539,2.4111239551155674,0.0035240129658838,68,1,8,2023-12-01,2023
2023-12,-0.19330757956849792,-0.25175083821122174,0.7193559074114082,-0.07661657689780416,-0.7116850885405529,-0.6301526975648539,2.4111239551155674,0.0035240129658838,69,0,8,2023-12-01,2023
2023-12,-0.1933286371552137,-0.2516456117926604,0.7193559074114082,-0.07661657689780416,-0.7116850885405529,-0.6301526975648539,2.4111239551155674,0.0035240129658838,72,0,8,2023-12-01,2023
2023-12,-0.1727893910355075,0.12739659808373632,0.7193559074114082,-0.07661657689780416,-0.7116850885405529,-0.6301526975648539,2.4111239551155674,0.0035240129658838,72,1,8,2023-12-01,2023
2023-12,-0.19104307908936943,-0.24796189033601868,0.7193559074114082,-0.07661657689780416,-0.7116850885405529,-0.6301526975648539,2.4111239551155674,0.0035240129658838,75,1,8,2023-12-01,2023
2023-12,-0.19237942593864055,-0.2502767409202722,0.7193559074114082,-0.07661657689780416,-0.7116850885405529,-0.6301526975648539,2.4111239551155674,0.0035240129658838,75,0,8,2023-12-01,2023
2023-12,-0.19307432630026153,-0.2480371036911819,0.7193559074114082,-0.07661657689780416,-0.7116850885405529,-0.6301526975648539,2.4111239551155674,0.0035240129658838,77,0,8,2023-12-01,2023
2023-12,-0.19247175535731745,-0.24149422974556037,0.7193559074114082,-0.07661657689780416,-0.7116850885405529,-0.6301526975648539,2.4111239551155674,0.0035240129658838,77,1,8,2023-12-01,2023
2023-12,-0.19210081786824704,-0.2496564419157994,0.7193559074114082,-0.07661657689780416,-0.7116850885405529,-0.6301526975648539,2.4111239551155674,0.0035240129658838,78,0,8,2023-12-01,2023
2023-12,-0.19106899611917347,-0.246481827877964,0.7193559074114082,-0.07661657689780416,-0.7116850885405529,-0.6301526975648539,2.4111239551155674,0.0035240129658838,78,1,8,2023-12-01,2023
2023-12,-0.11632590197866842,-0.12576528543899454,0.7193559074114082,-0.07661657689780416,-0.7116850885405529,-0.6301526975648539,2.4111239551155674,0.0035240129658838,79,0,8,2023-12-01,2023
2023-12,0.021172040203607814,0.04174407857075654,0.7193559074114082,-0.07661657689780416,-0.7116850885405529,-0.6301526975648539,2.4111239551155674,0.0035240129658838,79,1,8,2023-12-01,2023
2023-12,0.03947432268835234,-0.21042683394689948,0.7193559074114082,-0.07661657689780416,-0.7116850885405529,-0.6301526975648539,2.4111239551155674,0.0035240129658838,80,0,8,2023-12-01,2023
2023-12,0.3811887408403322,-0.14521823092754546,0.7193559074114082,-0.07661657689780416,-0.7116850885405529,-0.6301526975648539,2.4111239551155674,0.0035240129658838,80,1,8,2023-12-01,2023
2023-12,-0.18535267123301866,-0.2374861512390444,0.7193559074114082,-0.07661657689780416,-0.7116850885405529,-0.6301526975648539,2.4111239551155674,0.0035240129658838,81,1,8,2023-12-01,2023
2023-12,-0.18860849810215188,-0.24902511388338705,0.7193559074114082,-0.07661657689780416,-0.7116850885405529,-0.6301526975648539,2.4111239551155674,0.0035240129658838,81,0,8,2023-12-01,2023
2023-12,-0.19333511641266474,-0.2509295740332189,0.7193559074114082,-0.07661657689780416,-0.7116850885405529,-0.6301526975648539,2.4111239551155674,0.0035240129658838,84,1,8,2023-12-01,2023
2023-12,-0.19333349659830198,-0.25099926634320746,0.7193559074114082,-0.07661657689780416,-0.7116850885405529,-0.6301526975648539,2.4111239551155674,0.0035240129658838,84,0,8,2023-12-01,2023
2023-12,-0.19265641419467128,-0.24868091938728581,0.7193559074114082,-0.07661657689780416,-0.7116850885405529,-0.6301526975648539,2.4111239551155674,0.0035240129658838,86,1,8,2023-12-01,2023
2023-12,-0.19333511641266474,-0.25176469742793384,0.7193559074114082,-0.07661657689780416,-0.7116850885405529,-0.6301526975648539,2.4111239551155674,0.0035240129658838,86,0,8,2023-12-01,2023
2023-12,-0.11971455362554739,-0.1817505209556134,0.7193559074114082,-0.07661657689780416,-0.7116850885405529,-0.6301526975648539,2.4111239551155674,0.0035240129658838,87,0,8,2023-12-01,2023
2023-12,-0.1807945136162321,-0.24304634010148965,0.7193559074114082,-0.07661657689780416,-0.7116850885405529,-0.6301526975648539,2.4111239551155674,0.0035240129658838,87,1,8,2023-12-01,2023
2023-12,6.80789617429533,7.851954350419386,0.7193559074114082,-0.07661657689780416,-0.7116850885405529,-0.6301526975648539,2.4111239551155674,0.0035240129658838,88,1,8,2023-12-01,2023
2023-12,5.226523245999325,3.348871595373148,0.7193559074114082,-0.07661657689780416,-0.7116850885405529,-0.6301526975648539,2.4111239551155674,0.0035240129658838,88,0,8,2023-12-01,2023
2023-12,-0.18768358410102,-0.18909514383911724,0.7193559074114082,-0.07661657689780416,-0.7116850885405529,-0.6301526975648539,2.4111239551155674,0.0035240129658838,89,1,8,2023-12-01,2023
2023-12,0.25035471494642125,0.4493917683446686,0.7193559074114082,-0.07661657689780416,-0.7116850885405529,-0.6301526975648539,2.4111239551155674,0.0035240129658838,89,0,8,2023-12-01,2023
2023-12,0.06209665007855873,0.847173076080871,0.7193559074114082,-0.07661657689780416,-0.7116850885405529,-0.6301526975648539,2.4111239551155674,0.0035240129658838,91,0,8,2023-12-01,2023
2023-12,-0.19323792755089955,-0.2516048265953804,0.7193559074114082,-0.07661657689780416,-0.7116850885405529,-0.6301526975648539,2.4111239551155674,0.0035240129658838,91,1,8,2023-12-01,2023
2023-12,-0.19333025696957648,-0.25175707768893096,0.7193559074114082,-0.07661657689780416,-0.7116850885405529,-0.6301526975648539,2.4111239551155674,0.0035240129658838,94,0,8,2023-12-01,2023
2023-12,-0.1933189182690372,-0.251138289569849,0.7193559074114082,-0.07661657689780416,-0.7116850885405529,-0.6301526975648539,2.4111239551155674,0.0035240129658838,94,1,8,2023-12-01,2023
2023-12,-0.19330272012540967,-0.2515364187556809,0.7193559074114082,-0.07661657689780416,-0.7116850885405529,-0.6301526975648539,2.4111239551155674,0.0035240129658838,95,0,8,2023-12-01,2023
2023-12,-0.19325736532325258,-0.24996308633809447,0.7193559074114082,-0.07661657689780416,-0.7116850885405529,-0.6301526975648539,2.4111239551155674,0.0035240129658838,95,1,8,2023-12-01,2023
2023-12,-0.19316827553330118,-0.21762441763833076,0.7193559074114082,-0.07661657689780416,-0.7116850885405529,-0.6301526975648539,2.4111239551155674,0.0035240129658838,97,1,8,2023-12-01,2023
2023-12,-0.10025572368579733,-0.13255207811543948,0.7193559074114082,-0.07661657689780416,-0.7116850885405529,-0.6301526975648539,2.4111239551155674,0.0035240129658838,98,0,8,2023-12-01,2023
2023-12,-0.010623295922868009,0.7435702105482972,0.7193559074114082,-0.07661657689780416,-0.7116850885405529,-0.6301526975648539,2.4111239551155674,0.0035240129658838,98,1,8,2023-12-01,2023
2023-12,-0.16404077366227932,-0.15276753306307622,0.7193559074114082,-0.07661657689780416,-0.7116850885405529,-0.6301526975648539,2.4111239551155674,0.0035240129658838,100,1,8,2023-12-01,2023
2023-12,-0.18410055473061068,-0.2275362525077267,0.7193559074114082,-0.07661657689780416,-0.7116850885405529,-0.6301526975648539,2.4111239551155674,0.0035240129658838,100,0,8,2023-12-01,2023
2023-12,0.44950765121815944,0.3905597678576203,0.7193559074114082,-0.07661657689780416,-0.7116850885405529,-0.6301526975648539,2.4111239551155674,0.0035240129658838,101,0,8,2023-12-01,2023
2023-12,0.9217272729484114,0.903832292751772,0.7193559074114082,-0.07661657689780416,-0.7116850885405529,-0.6301526975648539,2.4111239551155674,0.0035240129658838,101,1,8,2023-12-01,2023
