month,industry_invoice_count,industry_invoice_amount,housing_burden,price_income_ratio,total_county_invoice_count,total_county_invoice_amount,donation_count,donation_ratio,industry_label,carrier_type_label,county_label,date,year
2019-01,-0.16073297888970442,-0.25543749782947917,-2.0088923944914887,2.3737520344338554,-1.1748078359634913,-1.2635521785623915,-1.3832499772509619,0.0009502762571561,0,1,0,2019-01-01,2019
2019-01,-0.20088273375875634,-0.2781612174179279,-2.0088923944914887,2.3737520344338554,-1.1748078359634913,-1.2635521785623915,-1.3832499772509619,0.0009502762571561,0,0,0,2019-01-01,2019
2019-01,-0.20483507649196586,-0.2722883421920001,-2.0088923944914887,2.3737520344338554,-1.1748078359634913,-1.2635521785623915,-1.3832499772509619,0.0009502762571561,1,1,0,2019-01-01,2019
2019-01,-0.205058250671801,-0.27843981002971435,-2.0088923944914887,2.3737520344338554,-1.1748078359634913,-1.2635521785623915,-1.3832499772509619,0.0009502762571561,2,1,0,2019-01-01,2019
2019-01,-0.2050078565021608,-0.2790846694303802,-2.0088923944914887,2.3737520344338554,-1.1748078359634913,-1.2635521785623915,-1.3832499772509619,0.0009502762571561,4,0,0,2019-01-01,2019
2019-01,-0.08934603801082353,0.05252366218004637,-2.0088923944914887,2.3737520344338554,-1.1748078359634913,-1.2635521785623915,-1.3832499772509619,0.0009502762571561,4,1,0,2019-01-01,2019
2019-01,-0.20517163755349144,-0.2765578045056313,-2.0088923944914887,2.3737520344338554,-1.1748078359634913,-1.2635521785623915,-1.3832499772509619,0.0009502762571561,6,1,0,2019-01-01,2019
2019-01,-0.20335924723821733,-0.2688004936187456,-2.0088923944914887,2.3737520344338554,-1.1748078359634913,-1.2635521785623915,-1.3832499772509619,0.0009502762571561,8,1,0,2019-01-01,2019
2019-01,-0.2038757874770293,-0.2642402105886637,-2.0088923944914887,2.3737520344338554,-1.1748078359634913,-1.2635521785623915,-1.3832499772509619,0.0009502762571561,9,1,0,2019-01-01,2019
2019-01,-0.205283224643409,-0.27954782771196796,-2.0088923944914887,2.3737520344338554,-1.1748078359634913,-1.2635521785623915,-1.3832499772509619,0.0009502762571561,9,0,0,2019-01-01,2019
2019-01,-0.200502977694682,-0.2621923880082972,-2.0088923944914887,2.3737520344338554,-1.1748078359634913,-1.2635521785623915,-1.3832499772509619,0.0009502762571561,10,1,0,2019-01-01,2019
2019-01,-0.17808837095543276,-0.16865859606474926,-2.0088923944914887,2.3737520344338554,-1.1748078359634913,-1.2635521785623915,-1.3832499772509619,0.0009502762571561,10,0,0,2019-01-01,2019
2019-01,-0.2053084217282291,-0.27953262752840013,-2.0088923944914887,2.3737520344338554,-1.1748078359634913,-1.2635521785623915,-1.3832499772509619,0.0009502762571561,12,0,0,2019-01-01,2019
2019-01,-0.20329805431793993,-0.27430360523937053,-2.0088923944914887,2.3737520344338554,-1.1748078359634913,-1.2635521785623915,-1.3832499772509619,0.0009502762571561,12,1,0,2019-01-01,2019
2019-01,-0.20469469273368246,-0.2753151658427641,-2.0088923944914887,2.3737520344338554,-1.1748078359634913,-1.2635521785623915,-1.3832499772509619,0.0009502762571561,19,0,0,2019-01-01,2019
2019-01,-0.2052886240187276,-0.2784021192519541,-2.0088923944914887,2.3737520344338554,-1.1748078359634913,-1.2635521785623915,-1.3832499772509619,0.0009502762571561,19,1,0,2019-01-01,2019
2019-01,-0.20511224442498693,1.0576544545894562,-2.0088923944914887,2.3737520344338554,-1.1748078359634913,-1.2635521785623915,-1.3832499772509619,0.0009502762571561,24,1,0,2019-01-01,2019
2019-01,-0.19972366785703188,-0.26204227866859253,-2.0088923944914887,2.3737520344338554,-1.1748078359634913,-1.2635521785623915,-1.3832499772509619,0.0009502762571561,29,1,0,2019-01-01,2019
2019-01,-0.202317167801729,-0.27019024803677777,-2.0088923944914887,2.3737520344338554,-1.1748078359634913,-1.2635521785623915,-1.3832499772509619,0.0009502762571561,29,0,0,2019-01-01,2019
2019-01,-0.20485487420146736,-0.2774796392942518,-2.0088923944914887,2.3737520344338554,-1.1748078359634913,-1.2635521785623915,-1.3832499772509619,0.0009502762571561,42,1,0,2019-01-01,2019
2019-01,-0.1867939637607763,-0.20378880526738663,-2.0088923944914887,2.3737520344338554,-1.1748078359634913,-1.2635521785623915,-1.3832499772509619,0.0009502762571561,42,0,0,2019-01-01,2019
2019-01,-0.054610056794546766,0.3990492061989831,-2.0088923944914887,2.3737520344338554,-1.1748078359634913,-1.2635521785623915,-1.3832499772509619,0.0009502762571561,44,1,0,2019-01-01,2019
2019-01,-0.19752432231059197,-0.2067878092273423,-2.0088923944914887,2.3737520344338554,-1.1748078359634913,-1.2635521785623915,-1.3832499772509619,0.0009502762571561,44,0,0,2019-01-01,2019
2019-01,-0.2053084217282291,-0.2792461724560698,-2.0088923944914887,2.3737520344338554,-1.1748078359634913,-1.2635521785623915,-1.3832499772509619,0.0009502762571561,45,1,0,2019-01-01,2019
2019-01,-0.20439592729938702,-0.2782564099653876,-2.0088923944914887,2.3737520344338554,-1.1748078359634913,-1.2635521785623915,-1.3832499772509619,0.0009502762571561,49,1,0,2019-01-01,2019
2019-01,-0.06333544730939182,-0.24912976573901965,-2.0088923944914887,2.3737520344338554,-1.1748078359634913,-1.2635521785623915,-1.3832499772509619,0.0009502762571561,51,1,0,2019-01-01,2019
2019-01,-0.20508164796484823,-0.2794628632450188,-2.0088923944914887,2.3737520344338554,-1.1748078359634913,-1.2635521785623915,-1.3832499772509619,0.0009502762571561,51,0,0,2019-01-01,2019
2019-01,-0.20530302235291054,-0.2793573006798506,-2.0088923944914887,2.3737520344338554,-1.1748078359634913,-1.2635521785623915,-1.3832499772509619,0.0009502762571561,53,1,0,2019-01-01,2019
2019-01,-0.0773864216801417,-0.12956842506041386,-2.0088923944914887,2.3737520344338554,-1.1748078359634913,-1.2635521785623915,-1.3832499772509619,0.0009502762571561,60,0,0,2019-01-01,2019
2019-01,-0.20000623516537153,-0.27869694861896654,-2.0088923944914887,2.3737520344338554,-1.1748078359634913,-1.2635521785623915,-1.3832499772509619,0.0009502762571561,67,1,0,2019-01-01,2019
2019-01,-0.20410796061572878,-0.27945445024019183,-2.0088923944914887,2.3737520344338554,-1.1748078359634913,-1.2635521785623915,-1.3832499772509619,0.0009502762571561,67,0,0,2019-01-01,2019
2019-01,-0.204091762489773,-0.27926289953979794,-2.0088923944914887,2.3737520344338554,-1.1748078359634913,-1.2635521785623915,-1.3832499772509619,0.0009502762571561,76,1,0,2019-01-01,2019
2019-01,-0.20529762297759194,-0.2795327823689798,-2.0088923944914887,2.3737520344338554,-1.1748078359634913,-1.2635521785623915,-1.3832499772509619,0.0009502762571561,78,1,0,2019-01-01,2019
2019-01,-0.1170214361021545,-0.1217995054311825,-2.0088923944914887,2.3737520344338554,-1.1748078359634913,-1.2635521785623915,-1.3832499772509619,0.0009502762571561,79,1,0,2019-01-01,2019
2019-01,-0.20495206295720203,-0.27924338102450913,-2.0088923944914887,2.3737520344338554,-1.1748078359634913,-1.2635521785623915,-1.3832499772509619,0.0009502762571561,79,0,0,2019-01-01,2019
2019-01,-0.15162243293546646,-0.25862464169594945,-2.0088923944914887,2.3737520344338554,-1.1748078359634913,-1.2635521785623915,-1.3832499772509619,0.0009502762571561,80,1,0,2019-01-01,2019
2019-01,-0.17976757667951496,-0.2705989368433507,-2.0088923944914887,2.3737520344338554,-1.1748078359634913,-1.2635521785623915,-1.3832499772509619,0.0009502762571561,80,0,0,2019-01-01,2019
2019-01,-0.20528682422695474,-0.1903781572897366,-2.0088923944914887,2.3737520344338554,-1.1748078359634913,-1.2635521785623915,-1.3832499772509619,0.0009502762571561,84,1,0,2019-01-01,2019
2019-01,-0.1818535353442644,-0.23331617691385773,-2.0088923944914887,2.3737520344338554,-1.1748078359634913,-1.2635521785623915,-1.3832499772509619,0.0009502762571561,87,1,0,2019-01-01,2019
2019-01,-0.1994267022145093,-0.2765309310628097,-2.0088923944914887,2.3737520344338554,-1.1748078359634913,-1.2635521785623915,-1.3832499772509619,0.0009502762571561,87,0,0,2019-01-01,2019
2019-01,0.9178426351687362,0.3247562917827044,-2.0088923944914887,2.3737520344338554,-1.1748078359634913,-1.2635521785623915,-1.3832499772509619,0.0009502762571561,88,0,0,2019-01-01,2019
2019-01,9.394771895769914,6.726972060926047,-2.0088923944914887,2.3737520344338554,-1.1748078359634913,-1.2635521785623915,-1.3832499772509619,0.0009502762571561,88,1,0,2019-01-01,2019
2019-01,-0.1858076778692468,-0.11778500963756137,-2.0088923944914887,2.3737520344338554,-1.1748078359634913,-1.2635521785623915,-1.3832499772509619,0.0009502762571561,89,1,0,2019-01-01,2019
2019-01,0.4439412632476679,0.5843443557777258,-2.0088923944914887,2.3737520344338554,-1.1748078359634913,-1.2635521785623915,-1.3832499772509619,0.0009502762571561,89,0,0,2019-01-01,2019
2019-01,-0.20458130585199202,-0.27516448445314023,-2.0088923944914887,2.3737520344338554,-1.1748078359634913,-1.2635521785623915,-1.3832499772509619,0.0009502762571561,90,1,0,2019-01-01,2019
2019-01,0.1911605087489078,1.0835350725178192,-2.0088923944914887,2.3737520344338554,-1.1748078359634913,-1.2635521785623915,-1.3832499772509619,0.0009502762571561,90,0,0,2019-01-01,2019
2019-01,-0.20517523713703717,-0.27939305595036534,-2.0088923944914887,2.3737520344338554,-1.1748078359634913,-1.2635521785623915,-1.3832499772509619,0.0009502762571561,93,0,0,2019-01-01,2019
2019-01,-0.20375700122002027,-0.11120683557138245,-2.0088923944914887,2.3737520344338554,-1.1748078359634913,-1.2635521785623915,-1.3832499772509619,0.0009502762571561,93,1,0,2019-01-01,2019
2019-01,-0.20475048627864126,-0.27672956571972196,-2.0088923944914887,2.3737520344338554,-1.1748078359634913,-1.2635521785623915,-1.3832499772509619,0.0009502762571561,94,1,0,2019-01-01,2019
2019-01,-0.20303708451087465,-0.2742276172249132,-2.0088923944914887,2.3737520344338554,-1.1748078359634913,-1.2635521785623915,-1.3832499772509619,0.0009502762571561,94,0,0,2019-01-01,2019
2019-01,-0.1340924610677703,0.3636283010125842,-2.0088923944914887,2.3737520344338554,-1.1748078359634913,-1.2635521785623915,-1.3832499772509619,0.0009502762571561,99,1,0,2019-01-01,2019
2019-01,-0.20491606712174473,-0.2791856900052123,-2.0088923944914887,2.3737520344338554,-1.1748078359634913,-1.2635521785623915,-1.3832499772509619,0.0009502762571561,99,0,0,2019-01-01,2019
2019-01,-0.14664240909995155,-0.22887577920256058,-2.0088923944914887,2.3737520344338554,-1.1748078359634913,-1.2635521785623915,-1.3832499772509619,0.0009502762571561,100,1,0,2019-01-01,2019
2019-01,-0.20514644046867134,-0.27929121386023564,-2.0088923944914887,2.3737520344338554,-1.1748078359634913,-1.2635521785623915,-1.3832499772509619,0.0009502762571561,100,0,0,2019-01-01,2019
2019-01,1.1149018363796244,0.27013951606418446,-2.0088923944914887,2.3737520344338554,-1.1748078359634913,-1.2635521785623915,-1.3832499772509619,0.0009502762571561,101,1,0,2019-01-01,2019
2019-01,-0.17422061843554784,-0.2691020198408274,-2.0088923944914887,2.3737520344338554,-1.1748078359634913,-1.2635521785623915,-1.3832499772509619,0.0009502762571561,101,0,0,2019-01-01,2019
2019-02,-0.20029060226548406,-0.27791149397198944,-2.0088923944914887,2.3737520344338554,-1.1123458964418886,-1.3539465704657594,-1.6593688640801874,0.0007523003883376,0,0,0,2019-02-01,2019
2019-02,-0.15588793943715432,-0.24457826130957783,-2.0088923944914887,2.3737520344338554,-1.1123458964418886,-1.3539465704657594,-1.6593688640801874,0.0007523003883376,0,1,0,2019-02-01,2019
2019-02,-0.20486927253565027,-0.2702411948886059,-2.0088923944914887,2.3737520344338554,-1.1123458964418886,-1.3539465704657594,-1.6593688640801874,0.0007523003883376,1,1,0,2019-02-01,2019
2019-02,-0.20516983776171857,-0.27905391206968594,-2.0088923944914887,2.3737520344338554,-1.1123458964418886,-1.3539465704657594,-1.6593688640801874,0.0007523003883376,2,1,0,2019-02-01,2019
2019-02,-0.0594784935401441,0.17358358439740662,-2.0088923944914887,2.3737520344338554,-1.1123458964418886,-1.3539465704657594,-1.6593688640801874,0.0007523003883376,4,1,0,2019-02-01,2019
2019-02,-0.2047630848210513,-0.27845729411183184,-2.0088923944914887,2.3737520344338554,-1.1123458964418886,-1.3539465704657594,-1.6593688640801874,0.0007523003883376,4,0,0,2019-02-01,2019
2019-02,-0.2051986344300844,-0.27741881705434457,-2.0088923944914887,2.3737520344338554,-1.1123458964418886,-1.3539465704657594,-1.6593688640801874,0.0007523003883376,6,1,0,2019-02-01,2019
2019-02,-0.2036562128807399,-0.27432389795755757,-2.0088923944914887,2.3737520344338554,-1.1123458964418886,-1.3539465704657594,-1.6593688640801874,0.0007523003883376,8,1,0,2019-02-01,2019
2019-02,-0.20529042381050047,-0.279576331282003,-2.0088923944914887,2.3737520344338554,-1.1123458964418886,-1.3539465704657594,-1.6593688640801874,0.0007523003883376,9,0,0,2019-02-01,2019
2019-02,-0.20441932459243425,-0.27072028454538755,-2.0088923944914887,2.3737520344338554,-1.1123458964418886,-1.3539465704657594,-1.6593688640801874,0.0007523003883376,9,1,0,2019-02-01,2019
2019-02,-0.17877589141266684,-0.18052873941670788,-2.0088923944914887,2.3737520344338554,-1.1123458964418886,-1.3539465704657594,-1.6593688640801874,0.0007523003883376,10,0,0,2019-02-01,2019
2019-02,-0.2048026802400543,-0.27781775090440025,-2.0088923944914887,2.3737520344338554,-1.1123458964418886,-1.3539465704657594,-1.6593688640801874,0.0007523003883376,10,1,0,2019-02-01,2019
2019-02,-0.20530482214468337,-0.27957069680535507,-2.0088923944914887,2.3737520344338554,-1.1123458964418886,-1.3539465704657594,-1.6593688640801874,0.0007523003883376,12,0,0,2019-02-01,2019
2019-02,-0.20328905535907563,-0.27369531832338984,-2.0088923944914887,2.3737520344338554,-1.1123458964418886,-1.3539465704657594,-1.6593688640801874,0.0007523003883376,12,1,0,2019-02-01,2019
2019-02,-0.20497186066670353,-0.27333384299022484,-2.0088923944914887,2.3737520344338554,-1.1123458964418886,-1.3539465704657594,-1.6593688640801874,0.0007523003883376,19,0,0,2019-02-01,2019
2019-02,-0.20529222360227334,-0.27853467999263315,-2.0088923944914887,2.3737520344338554,-1.1123458964418886,-1.3539465704657594,-1.6593688640801874,0.0007523003883376,19,1,0,2019-02-01,2019
2019-02,-0.2051680379699457,0.5854098396129783,-2.0088923944914887,2.3737520344338554,-1.1123458964418886,-1.3539465704657594,-1.6593688640801874,0.0007523003883376,24,1,0,2019-02-01,2019
2019-02,-0.20252594364738125,-0.27252382030461186,-2.0088923944914887,2.3737520344338554,-1.1123458964418886,-1.3539465704657594,-1.6593688640801874,0.0007523003883376,29,0,0,2019-02-01,2019
2019-02,-0.20050117790290917,-0.266760494788778,-2.0088923944914887,2.3737520344338554,-1.1123458964418886,-1.3539465704657594,-1.6593688640801874,0.0007523003883376,29,1,0,2019-02-01,2019
2019-02,-0.1882931903075721,-0.2148168997405104,-2.0088923944914887,2.3737520344338554,-1.1123458964418886,-1.3539465704657594,-1.6593688640801874,0.0007523003883376,42,0,0,2019-02-01,2019
2019-02,-0.20489626941224323,-0.27822070630839935,-2.0088923944914887,2.3737520344338554,-1.1123458964418886,-1.3539465704657594,-1.6593688640801874,0.0007523003883376,42,1,0,2019-02-01,2019
2019-02,-0.05529577746000798,0.16919768626901485,-2.0088923944914887,2.3737520344338554,-1.1123458964418886,-1.3539465704657594,-1.6593688640801874,0.0007523003883376,44,1,0,2019-02-01,2019
2019-02,-0.19803726296585822,-0.21834528643773962,-2.0088923944914887,2.3737520344338554,-1.1123458964418886,-1.3539465704657594,-1.6593688640801874,0.0007523003883376,44,0,0,2019-02-01,2019
2019-02,-0.2053138211035477,-0.27958123026589765,-2.0088923944914887,2.3737520344338554,-1.1123458964418886,-1.3539465704657594,-1.6593688640801874,0.0007523003883376,45,0,0,2019-02-01,2019
2019-02,-0.20518783567944723,-0.2747553268237012,-2.0088923944914887,2.3737520344338554,-1.1123458964418886,-1.3539465704657594,-1.6593688640801874,0.0007523003883376,45,1,0,2019-02-01,2019
2019-02,-0.20395317852326247,-0.277534074360249,-2.0088923944914887,2.3737520344338554,-1.1123458964418886,-1.3539465704657594,-1.6593688640801874,0.0007523003883376,49,1,0,2019-02-01,2019
2019-02,-0.20502765421166233,-0.2793903462402217,-2.0088923944914887,2.3737520344338554,-1.1123458964418886,-1.3539465704657594,-1.6593688640801874,0.0007523003883376,51,0,0,2019-02-01,2019
2019-02,-0.06331924918343605,-0.23550043985164862,-2.0088923944914887,2.3737520344338554,-1.1123458964418886,-1.3539465704657594,-1.6593688640801874,0.0007523003883376,51,1,0,2019-02-01,2019
2019-02,-0.20530122256113767,-0.27941244113071056,-2.0088923944914887,2.3737520344338554,-1.1123458964418886,-1.3539465704657594,-1.6593688640801874,0.0007523003883376,53,1,0,2019-02-01,2019
2019-02,-0.07633174370124335,-0.14350416755150688,-2.0088923944914887,2.3737520344338554,-1.1123458964418886,-1.3539465704657594,-1.6593688640801874,0.0007523003883376,60,0,0,2019-02-01,2019
2019-02,-0.20444092209370862,-0.279481233359342,-2.0088923944914887,2.3737520344338554,-1.1123458964418886,-1.3539465704657594,-1.6593688640801874,0.0007523003883376,67,0,0,2019-02-01,2019
2019-02,-0.20116350127532315,-0.27889634887652265,-2.0088923944914887,2.3737520344338554,-1.1123458964418886,-1.3539465704657594,-1.6593688640801874,0.0007523003883376,67,1,0,2019-02-01,2019
2019-02,-0.2042015497879177,-0.27928714499389296,-2.0088923944914887,2.3737520344338554,-1.1123458964418886,-1.3539465704657594,-1.6593688640801874,0.0007523003883376,76,1,0,2019-02-01,2019
2019-02,-0.2053138211035477,-0.27958295501790975,-2.0088923944914887,2.3737520344338554,-1.1123458964418886,-1.3539465704657594,-1.6593688640801874,0.0007523003883376,76,0,0,2019-02-01,2019
2019-02,-0.20528142485163614,-0.2794699256959012,-2.0088923944914887,2.3737520344338554,-1.1123458964418886,-1.3539465704657594,-1.6593688640801874,0.0007523003883376,78,1,0,2019-02-01,2019
2019-02,-0.06475728280995445,-0.0839400632684638,-2.0088923944914887,2.3737520344338554,-1.1123458964418886,-1.3539465704657594,-1.6593688640801874,0.0007523003883376,79,1,0,2019-02-01,2019
2019-02,-0.2047630848210513,-0.2790134470648739,-2.0088923944914887,2.3737520344338554,-1.1123458964418886,-1.3539465704657594,-1.6593688640801874,0.0007523003883376,79,0,0,2019-02-01,2019
2019-02,-0.15572595817759655,-0.2662657576311985,-2.0088923944914887,2.3737520344338554,-1.1123458964418886,-1.3539465704657594,-1.6593688640801874,0.0007523003883376,80,1,0,2019-02-01,2019
2019-02,-0.19714456624651763,-0.27676870167622547,-2.0088923944914887,2.3737520344338554,-1.1123458964418886,-1.3539465704657594,-1.6593688640801874,0.0007523003883376,80,0,0,2019-02-01,2019
2019-02,-0.20529042381050047,-0.20404486427370858,-2.0088923944914887,2.3737520344338554,-1.1123458964418886,-1.3539465704657594,-1.6593688640801874,0.0007523003883376,84,1,0,2019-02-01,2019
2019-02,-0.2031000772229249,-0.27851828409570034,-2.0088923944914887,2.3737520344338554,-1.1123458964418886,-1.3539465704657594,-1.6593688640801874,0.0007523003883376,87,0,0,2019-02-01,2019
2019-02,-0.19442328108594714,-0.26079974323277844,-2.0088923944914887,2.3737520344338554,-1.1123458964418886,-1.3539465704657594,-1.6593688640801874,0.0007523003883376,87,1,0,2019-02-01,2019
2019-02,9.809064164173725,6.600119668754864,-2.0088923944914887,2.3737520344338554,-1.1123458964418886,-1.3539465704657594,-1.6593688640801874,0.0007523003883376,88,1,0,2019-02-01,2019
2019-02,1.0050515455228652,0.392123621485623,-2.0088923944914887,2.3737520344338554,-1.1123458964418886,-1.3539465704657594,-1.6593688640801874,0.0007523003883376,88,0,0,2019-02-01,2019
2019-02,-0.1879278325776807,-0.12232014397683369,-2.0088923944914887,2.3737520344338554,-1.1123458964418886,-1.3539465704657594,-1.6593688640801874,0.0007523003883376,89,1,0,2019-02-01,2019
2019-02,0.2663180133919389,0.32579849791748455,-2.0088923944914887,2.3737520344338554,-1.1123458964418886,-1.3539465704657594,-1.6593688640801874,0.0007523003883376,89,0,0,2019-02-01,2019
2019-02,-0.20446971876207445,-0.27345452401754383,-2.0088923944914887,2.3737520344338554,-1.1123458964418886,-1.3539465704657594,-1.6593688640801874,0.0007523003883376,90,1,0,2019-02-01,2019
2019-02,0.1483200651794241,0.8772634201501358,-2.0088923944914887,2.3737520344338554,-1.1123458964418886,-1.3539465704657594,-1.6593688640801874,0.0007523003883376,90,0,0,2019-02-01,2019
2019-02,-0.2051788367205829,-0.2793971420212169,-2.0088923944914887,2.3737520344338554,-1.1123458964418886,-1.3539465704657594,-1.6593688640801874,0.0007523003883376,93,0,0,2019-02-01,2019
2019-02,-0.20389198560298508,-0.1878312792200695,-2.0088923944914887,2.3737520344338554,-1.1123458964418886,-1.3539465704657594,-1.6593688640801874,0.0007523003883376,93,1,0,2019-02-01,2019
2019-02,-0.2030154870096003,-0.2739598720559558,-2.0088923944914887,2.3737520344338554,-1.1123458964418886,-1.3539465704657594,-1.6593688640801874,0.0007523003883376,94,0,0,2019-02-01,2019
2019-02,-0.2046676958570895,-0.2762173057698801,-2.0088923944914887,2.3737520344338554,-1.1123458964418886,-1.3539465704657594,-1.6593688640801874,0.0007523003883376,94,1,0,2019-02-01,2019
2019-02,-0.1322674722100861,0.1296295998156267,-2.0088923944914887,2.3737520344338554,-1.1123458964418886,-1.3539465704657594,-1.6593688640801874,0.0007523003883376,99,1,0,2019-02-01,2019
2019-02,-0.20476128502927843,-0.2789821778700414,-2.0088923944914887,2.3737520344338554,-1.1123458964418886,-1.3539465704657594,-1.6593688640801874,0.0007523003883376,99,0,0,2019-02-01,2019
2019-02,-0.20510684504966833,-0.2793062893111143,-2.0088923944914887,2.3737520344338554,-1.1123458964418886,-1.3539465704657594,-1.6593688640801874,0.0007523003883376,100,0,0,2019-02-01,2019
2019-02,-0.12187007513825032,-0.22069548256224872,-2.0088923944914887,2.3737520344338554,-1.1123458964418886,-1.3539465704657594,-1.6593688640801874,0.0007523003883376,100,1,0,2019-02-01,2019
2019-02,-0.16993891380790418,-0.2663482446488734,-2.0088923944914887,2.3737520344338554,-1.1123458964418886,-1.3539465704657594,-1.6593688640801874,0.0007523003883376,101,0,0,2019-02-01,2019
2019-02,1.2421165182609761,0.4209891872902124,-2.0088923944914887,2.3737520344338554,-1.1123458964418886,-1.3539465704657594,-1.6593688640801874,0.0007523003883376,101,1,0,2019-02-01,2019
2019-03,-0.16209542126176255,-0.25090221295075443,-2.0088923944914887,2.3737520344338554,-1.1280999005648882,-1.32499410208122,-1.4596102888740885,0.0008803208081672,0,1,0,2019-03-01,2019
2019-03,-0.20094212688726085,-0.2781441806530405,-2.0088923944914887,2.3737520344338554,-1.1280999005648882,-1.32499410208122,-1.4596102888740885,0.0008803208081672,0,0,0,2019-03-01,2019
2019-03,-0.2051194435920784,-0.2769608631366835,-2.0088923944914887,2.3737520344338554,-1.1280999005648882,-1.32499410208122,-1.4596102888740885,0.0008803208081672,1,1,0,2019-03-01,2019
2019-03,-0.20510144567434974,-0.27862853058840265,-2.0088923944914887,2.3737520344338554,-1.1280999005648882,-1.32499410208122,-1.4596102888740885,0.0008803208081672,2,1,0,2019-03-01,2019
2019-03,-0.20449671563866742,-0.27672649471489247,-2.0088923944914887,2.3737520344338554,-1.1280999005648882,-1.32499410208122,-1.4596102888740885,0.0008803208081672,4,0,0,2019-03-01,2019
2019-03,-0.09632743029776329,0.004816587112092002,-2.0088923944914887,2.3737520344338554,-1.1280999005648882,-1.32499410208122,-1.4596102888740885,0.0008803208081672,4,1,0,2019-03-01,2019
2019-03,-0.2051644383864,-0.276556075452492,-2.0088923944914887,2.3737520344338554,-1.1280999005648882,-1.32499410208122,-1.4596102888740885,0.0008803208081672,6,1,0,2019-03-01,2019
2019-03,-0.20365801267251274,-0.2755683215882178,-2.0088923944914887,2.3737520344338554,-1.1280999005648882,-1.32499410208122,-1.4596102888740885,0.0008803208081672,8,1,0,2019-03-01,2019
2019-03,-0.20529762297759194,-0.2795456814494891,-2.0088923944914887,2.3737520344338554,-1.1280999005648882,-1.32499410208122,-1.4596102888740885,0.0008803208081672,9,0,0,2019-03-01,2019
2019-03,-0.2040161712353127,-0.2657682376443127,-2.0088923944914887,2.3737520344338554,-1.1280999005648882,-1.32499410208122,-1.4596102888740885,0.0008803208081672,9,1,0,2019-03-01,2019
2019-03,-0.17609600146287221,-0.1694881114588878,-2.0088923944914887,2.3737520344338554,-1.1280999005648882,-1.32499410208122,-1.4596102888740885,0.0008803208081672,10,0,0,2019-03-01,2019
2019-03,-0.20473428815268546,-0.27746027131841544,-2.0088923944914887,2.3737520344338554,-1.1280999005648882,-1.32499410208122,-1.4596102888740885,0.0008803208081672,10,1,0,2019-03-01,2019
2019-03,-0.20334664869580726,-0.2742022964890152,-2.0088923944914887,2.3737520344338554,-1.1280999005648882,-1.32499410208122,-1.4596102888740885,0.0008803208081672,12,1,0,2019-03-01,2019
2019-03,-0.20531022152000197,-0.27956317413386095,-2.0088923944914887,2.3737520344338554,-1.1280999005648882,-1.32499410208122,-1.4596102888740885,0.0008803208081672,12,0,0,2019-03-01,2019
2019-03,-0.20482247794955583,-0.2637147891895526,-2.0088923944914887,2.3737520344338554,-1.1280999005648882,-1.32499410208122,-1.4596102888740885,0.0008803208081672,19,0,0,2019-03-01,2019
2019-03,-0.20529582318581907,-0.27839725037595,-2.0088923944914887,2.3737520344338554,-1.1280999005648882,-1.32499410208122,-1.4596102888740885,0.0008803208081672,19,1,0,2019-03-01,2019
2019-03,-0.20513204213448843,0.8620761872763729,-2.0088923944914887,2.3737520344338554,-1.1280999005648882,-1.32499410208122,-1.4596102888740885,0.0008803208081672,24,1,0,2019-03-01,2019
2019-03,-0.20272392074239629,-0.2743645350074581,-2.0088923944914887,2.3737520344338554,-1.1280999005648882,-1.32499410208122,-1.4596102888740885,0.0008803208081672,29,0,0,2019-03-01,2019
2019-03,-0.20113290481518445,-0.2638595135179876,-2.0088923944914887,2.3737520344338554,-1.1280999005648882,-1.32499410208122,-1.4596102888740885,0.0008803208081672,29,1,0,2019-03-01,2019
2019-03,-0.2048926698286975,-0.278175836949322,-2.0088923944914887,2.3737520344338554,-1.1280999005648882,-1.32499410208122,-1.4596102888740885,0.0008803208081672,42,1,0,2019-03-01,2019
2019-03,-0.18712332565521045,-0.20857515124261278,-2.0088923944914887,2.3737520344338554,-1.1280999005648882,-1.32499410208122,-1.4596102888740885,0.0008803208081672,42,0,0,2019-03-01,2019
2019-03,-0.04666217632557898,0.28643739030780035,-2.0088923944914887,2.3737520344338554,-1.1280999005648882,-1.32499410208122,-1.4596102888740885,0.0008803208081672,44,1,0,2019-03-01,2019
2019-03,-0.1952583844685561,-0.18411717415094614,-2.0088923944914887,2.3737520344338554,-1.1280999005648882,-1.32499410208122,-1.4596102888740885,0.0008803208081672,44,0,0,2019-03-01,2019
2019-03,-0.2051590390110814,-0.2743100698335704,-2.0088923944914887,2.3737520344338554,-1.1280999005648882,-1.32499410208122,-1.4596102888740885,0.0008803208081672,45,1,0,2019-03-01,2019
2019-03,-0.20531202131177484,-0.279579939927734,-2.0088923944914887,2.3737520344338554,-1.1280999005648882,-1.32499410208122,-1.4596102888740885,0.0008803208081672,45,0,0,2019-03-01,2019
2019-03,-0.2053138211035477,-0.27958170338989097,-2.0088923944914887,2.3737520344338554,-1.1280999005648882,-1.32499410208122,-1.4596102888740885,0.0008803208081672,49,0,0,2019-03-01,2019
2019-03,-0.20389738497830368,-0.27741753961956256,-2.0088923944914887,2.3737520344338554,-1.1280999005648882,-1.32499410208122,-1.4596102888740885,0.0008803208081672,49,1,0,2019-03-01,2019
2019-03,-0.20503665317052663,-0.27944746520959923,-2.0088923944914887,2.3737520344338554,-1.1280999005648882,-1.32499410208122,-1.4596102888740885,0.0008803208081672,51,0,0,2019-03-01,2019
2019-03,-0.039889559884291444,-0.23954212307037787,-2.0088923944914887,2.3737520344338554,-1.1280999005648882,-1.32499410208122,-1.4596102888740885,0.0008803208081672,51,1,0,2019-03-01,2019
2019-03,-0.20531022152000197,-0.27938344723217334,-2.0088923944914887,2.3737520344338554,-1.1280999005648882,-1.32499410208122,-1.4596102888740885,0.0008803208081672,53,1,0,2019-03-01,2019
2019-03,-0.07758439877515676,-0.13821848651371138,-2.0088923944914887,2.3737520344338554,-1.1280999005648882,-1.32499410208122,-1.4596102888740885,0.0008803208081672,60,0,0,2019-03-01,2019
2019-03,-0.2042015497879177,-0.2794757236153832,-2.0088923944914887,2.3737520344338554,-1.1280999005648882,-1.32499410208122,-1.4596102888740885,0.0008803208081672,67,0,0,2019-03-01,2019
2019-03,-0.1999486418286399,-0.27874364165598187,-2.0088923944914887,2.3737520344338554,-1.1280999005648882,-1.32499410208122,-1.4596102888740885,0.0008803208081672,67,1,0,2019-03-01,2019
2019-03,-0.20419795020437198,-0.2792698071501007,-2.0088923944914887,2.3737520344338554,-1.1280999005648882,-1.32499410208122,-1.4596102888740885,0.0008803208081672,76,1,0,2019-03-01,2019
2019-03,-0.20522203172313164,-0.2793934688585777,-2.0088923944914887,2.3737520344338554,-1.1280999005648882,-1.32499410208122,-1.4596102888740885,0.0008803208081672,78,1,0,2019-03-01,2019
2019-03,-0.2048080796153729,-0.2791229709682045,-2.0088923944914887,2.3737520344338554,-1.1280999005648882,-1.32499410208122,-1.4596102888740885,0.0008803208081672,79,0,0,2019-03-01,2019
2019-03,-0.07708225687052768,-0.10682094604524511,-2.0088923944914887,2.3737520344338554,-1.1280999005648882,-1.32499410208122,-1.4596102888740885,0.0008803208081672,79,1,0,2019-03-01,2019
2019-03,-0.1935449827007895,-0.27564772039655444,-2.0088923944914887,2.3737520344338554,-1.1280999005648882,-1.32499410208122,-1.4596102888740885,0.0008803208081672,80,0,0,2019-03-01,2019
2019-03,-0.15405215182883295,-0.26753118366603573,-2.0088923944914887,2.3737520344338554,-1.1280999005648882,-1.32499410208122,-1.4596102888740885,0.0008803208081672,80,1,0,2019-03-01,2019
2019-03,-0.20528682422695474,-0.2075563991545205,-2.0088923944914887,2.3737520344338554,-1.1280999005648882,-1.32499410208122,-1.4596102888740885,0.0008803208081672,84,1,0,2019-03-01,2019
2019-03,-0.2022523752979059,-0.27805880327787896,-2.0088923944914887,2.3737520344338554,-1.1280999005648882,-1.32499410208122,-1.4596102888740885,0.0008803208081672,87,0,0,2019-03-01,2019
2019-03,-0.19159220862723195,-0.262087251254723,-2.0088923944914887,2.3737520344338554,-1.1280999005648882,-1.32499410208122,-1.4596102888740885,0.0008803208081672,87,1,0,2019-03-01,2019
2019-03,1.0133989797654088,0.34910304602579156,-2.0088923944914887,2.3737520344338554,-1.1280999005648882,-1.32499410208122,-1.4596102888740885,0.0008803208081672,88,0,0,2019-03-01,2019
2019-03,9.399881504613075,6.181100879365509,-2.0088923944914887,2.3737520344338554,-1.1280999005648882,-1.32499410208122,-1.4596102888740885,0.0008803208081672,88,1,0,2019-03-01,2019
2019-03,-0.18632241831628593,-0.12743344443821994,-2.0088923944914887,2.3737520344338554,-1.1280999005648882,-1.32499410208122,-1.4596102888740885,0.0008803208081672,89,1,0,2019-03-01,2019
2019-03,0.5070059669688253,0.6613949379060856,-2.0088923944914887,2.3737520344338554,-1.1280999005648882,-1.32499410208122,-1.4596102888740885,0.0008803208081672,89,0,0,2019-03-01,2019
2019-03,-0.2045183131399418,-0.27215269324198277,-2.0088923944914887,2.3737520344338554,-1.1280999005648882,-1.32499410208122,-1.4596102888740885,0.0008803208081672,90,1,0,2019-03-01,2019
2019-03,0.19941615361103532,1.053593313071219,-2.0088923944914887,2.3737520344338554,-1.1280999005648882,-1.32499410208122,-1.4596102888740885,0.0008803208081672,90,0,0,2019-03-01,2019
2019-03,-0.20404676769545138,-0.10322833921761104,-2.0088923944914887,2.3737520344338554,-1.1280999005648882,-1.32499410208122,-1.4596102888740885,0.0008803208081672,93,1,0,2019-03-01,2019
2019-03,-0.20519143526299294,-0.27940720665889335,-2.0088923944914887,2.3737520344338554,-1.1280999005648882,-1.32499410208122,-1.4596102888740885,0.0008803208081672,93,0,0,2019-03-01,2019
2019-03,-0.20296149325641435,-0.27387901086436706,-2.0088923944914887,2.3737520344338554,-1.1280999005648882,-1.32499410208122,-1.4596102888740885,0.0008803208081672,94,0,0,2019-03-01,2019
2019-03,-0.2045723068931277,-0.2755634742178497,-2.0088923944914887,2.3737520344338554,-1.1280999005648882,-1.32499410208122,-1.4596102888740885,0.0008803208081672,94,1,0,2019-03-01,2019
2019-03,-0.13215948470371428,0.2751079803678282,-2.0088923944914887,2.3737520344338554,-1.1280999005648882,-1.32499410208122,-1.4596102888740885,0.0008803208081672,99,1,0,2019-03-01,2019
2019-03,-0.20466229648177092,-0.2788674539039113,-2.0088923944914887,2.3737520344338554,-1.1280999005648882,-1.32499410208122,-1.4596102888740885,0.0008803208081672,99,0,0,2019-03-01,2019
2019-03,-0.12812615134072589,-0.2301130070473949,-2.0088923944914887,2.3737520344338554,-1.1280999005648882,-1.32499410208122,-1.4596102888740885,0.0008803208081672,100,1,0,2019-03-01,2019
2019-03,-0.20514104109335277,-0.27937456540448025,-2.0088923944914887,2.3737520344338554,-1.1280999005648882,-1.32499410208122,-1.4596102888740885,0.0008803208081672,100,0,0,2019-03-01,2019
2019-03,1.2385079357563837,0.32243932186590923,-2.0088923944914887,2.3737520344338554,-1.1280999005648882,-1.32499410208122,-1.4596102888740885,0.0008803208081672,101,1,0,2019-03-01,2019
2019-03,-0.1649732883065722,-0.26622355066986547,-2.0088923944914887,2.3737520344338554,-1.1280999005648882,-1.32499410208122,-1.4596102888740885,0.0008803208081672,101,0,0,2019-03-01,2019
2019-04,-0.2007639475017473,-0.27828538665941593,-1.7576263460879589,0.13425901866133744,-1.1090397940093588,-1.2870318136740573,-1.3873225272041954,0.0009151874290828,0,0,0,2019-04-01,2019
2019-04,-0.1603784199104502,-0.250161352390713,-1.7576263460879589,0.13425901866133744,-1.1090397940093588,-1.2870318136740573,-1.3873225272041954,0.0009151874290828,0,1,0,2019-04-01,2019
2019-04,-0.20491246753819903,-0.275513791897422,-1.7576263460879589,0.13425901866133744,-1.1090397940093588,-1.2870318136740573,-1.3873225272041954,0.0009151874290828,1,1,0,2019-04-01,2019
2019-04,-0.2050636500471196,-0.2784960558702679,-1.7576263460879589,0.13425901866133744,-1.1090397940093588,-1.2870318136740573,-1.3873225272041954,0.0009151874290828,2,1,0,2019-04-01,2019
2019-04,-0.0899831642984174,0.04071952392628568,-1.7576263460879589,0.13425901866133744,-1.1090397940093588,-1.2870318136740573,-1.3873225272041954,0.0009151874290828,4,1,0,2019-04-01,2019
2019-04,-0.20362921600414693,-0.2734441453975809,-1.7576263460879589,0.13425901866133744,-1.1090397940093588,-1.2870318136740573,-1.3873225272041954,0.0009151874290828,4,0,0,2019-04-01,2019
2019-04,-0.20518063651235577,-0.277151656838688,-1.7576263460879589,0.13425901866133744,-1.1090397940093588,-1.2870318136740573,-1.3873225272041954,0.0009151874290828,6,1,0,2019-04-01,2019
2019-04,-0.20358242141805247,-0.27390520472908914,-1.7576263460879589,0.13425901866133744,-1.1090397940093588,-1.2870318136740573,-1.3873225272041954,0.0009151874290828,8,1,0,2019-04-01,2019
2019-04,-0.205018655252798,-0.27844378427125843,-1.7576263460879589,0.13425901866133744,-1.1090397940093588,-1.2870318136740573,-1.3873225272041954,0.0009151874290828,9,0,0,2019-04-01,2019
2019-04,-0.20409896165686445,-0.2679802256481132,-1.7576263460879589,0.13425901866133744,-1.1090397940093588,-1.2870318136740573,-1.3873225272041954,0.0009151874290828,9,1,0,2019-04-01,2019
2019-04,-0.1780271780351554,-0.1805357545551909,-1.7576263460879589,0.13425901866133744,-1.1090397940093588,-1.2870318136740573,-1.3873225272041954,0.0009151874290828,10,0,0,2019-04-01,2019
2019-04,-0.20478108273877993,-0.27752949796089527,-1.7576263460879589,0.13425901866133744,-1.1090397940093588,-1.2870318136740573,-1.3873225272041954,0.0009151874290828,10,1,0,2019-04-01,2019
2019-04,-0.2033448489040344,-0.2736952882154993,-1.7576263460879589,0.13425901866133744,-1.1090397940093588,-1.2870318136740573,-1.3873225272041954,0.0009151874290828,12,1,0,2019-04-01,2019
2019-04,-0.20530482214468337,-0.2795567138407883,-1.7576263460879589,0.13425901866133744,-1.1090397940093588,-1.2870318136740573,-1.3873225272041954,0.0009151874290828,12,0,0,2019-04-01,2019
2019-04,-0.20530662193645624,-0.27862856499742034,-1.7576263460879589,0.13425901866133744,-1.1090397940093588,-1.2870318136740573,-1.3873225272041954,0.0009151874290828,19,1,0,2019-04-01,2019
2019-04,-0.20471988981850256,-0.26666460975983713,-1.7576263460879589,0.13425901866133744,-1.1090397940093588,-1.2870318136740573,-1.3873225272041954,0.0009151874290828,19,0,0,2019-04-01,2019
2019-04,-0.2050744487977568,1.2761715193572325,-1.7576263460879589,0.13425901866133744,-1.1090397940093588,-1.2870318136740573,-1.3873225272041954,0.0009151874290828,24,1,0,2019-04-01,2019
2019-04,-0.2032602586907098,-0.2749703616786735,-1.7576263460879589,0.13425901866133744,-1.1090397940093588,-1.2870318136740573,-1.3873225272041954,0.0009151874290828,29,0,0,2019-04-01,2019
2019-04,-0.20182042527241853,-0.26536230586028275,-1.7576263460879589,0.13425901866133744,-1.1090397940093588,-1.2870318136740573,-1.3873225272041954,0.0009151874290828,29,1,0,2019-04-01,2019
2019-04,-0.18760387005856516,-0.21430563335105454,-1.7576263460879589,0.13425901866133744,-1.1090397940093588,-1.2870318136740573,-1.3873225272041954,0.0009151874290828,42,0,0,2019-04-01,2019
2019-04,-0.20490166878756183,-0.2777195303633832,-1.7576263460879589,0.13425901866133744,-1.1090397940093588,-1.2870318136740573,-1.3873225272041954,0.0009151874290828,42,1,0,2019-04-01,2019
2019-04,-0.1916192055038249,-0.1718480582387869,-1.7576263460879589,0.13425901866133744,-1.1090397940093588,-1.2870318136740573,-1.3873225272041954,0.0009151874290828,44,0,0,2019-04-01,2019
2019-04,-0.04733889803217588,0.3113122326488702,-1.7576263460879589,0.13425901866133744,-1.1090397940093588,-1.2870318136740573,-1.3873225272041954,0.0009151874290828,44,1,0,2019-04-01,2019
2019-04,-0.20517703692881004,-0.2763627827955772,-1.7576263460879589,0.13425901866133744,-1.1090397940093588,-1.2870318136740573,-1.3873225272041954,0.0009151874290828,45,1,0,2019-04-01,2019
2019-04,-0.20531202131177484,-0.2795472513609215,-1.7576263460879589,0.13425901866133744,-1.1090397940093588,-1.2870318136740573,-1.3873225272041954,0.0009151874290828,45,0,0,2019-04-01,2019
2019-04,-0.20379299705547757,-0.2773605410817469,-1.7576263460879589,0.13425901866133744,-1.1090397940093588,-1.2870318136740573,-1.3873225272041954,0.0009151874290828,49,1,0,2019-04-01,2019
2019-04,-0.20531202131177484,-0.27958166037861887,-1.7576263460879589,0.13425901866133744,-1.1090397940093588,-1.2870318136740573,-1.3873225272041954,0.0009151874290828,49,0,0,2019-04-01,2019
2019-04,-0.2050384529622995,-0.2793903892514938,-1.7576263460879589,0.13425901866133744,-1.1090397940093588,-1.2870318136740573,-1.3873225272041954,0.0009151874290828,51,0,0,2019-04-01,2019
2019-04,-0.015689559706361017,-0.2336313205046932,-1.7576263460879589,0.13425901866133744,-1.1090397940093588,-1.2870318136740573,-1.3873225272041954,0.0009151874290828,51,1,0,2019-04-01,2019
2019-04,-0.20531022152000197,-0.2795069110887986,-1.7576263460879589,0.13425901866133744,-1.1090397940093588,-1.2870318136740573,-1.3873225272041954,0.0009151874290828,53,1,0,2019-04-01,2019
2019-04,-0.07251978472631723,-0.12644211203610525,-1.7576263460879589,0.13425901866133744,-1.1090397940093588,-1.2870318136740573,-1.3873225272041954,0.0009151874290828,60,0,0,2019-04-01,2019
2019-04,-0.19960848118356858,-0.2786727590795253,-1.7576263460879589,0.13425901866133744,-1.1090397940093588,-1.2870318136740573,-1.3873225272041954,0.0009151874290828,67,1,0,2019-04-01,2019
2019-04,-0.204091762489773,-0.2794574438247315,-1.7576263460879589,0.13425901866133744,-1.1090397940093588,-1.2870318136740573,-1.3873225272041954,0.0009151874290828,67,0,0,2019-04-01,2019
2019-04,-0.20426994187528655,-0.2792913988087058,-1.7576263460879589,0.13425901866133744,-1.1090397940093588,-1.2870318136740573,-1.3873225272041954,0.0009151874290828,76,1,0,2019-04-01,2019
2019-04,-0.20507624858952964,-0.27897455197149423,-1.7576263460879589,0.13425901866133744,-1.1090397940093588,-1.2870318136740573,-1.3873225272041954,0.0009151874290828,78,1,0,2019-04-01,2019
2019-04,-0.2045075143893046,-0.27880349614226635,-1.7576263460879589,0.13425901866133744,-1.1090397940093588,-1.2870318136740573,-1.3873225272041954,0.0009151874290828,79,0,0,2019-04-01,2019
2019-04,-0.07038883126724615,-0.09834261569814777,-1.7576263460879589,0.13425901866133744,-1.1090397940093588,-1.2870318136740573,-1.3873225272041954,0.0009151874290828,79,1,0,2019-04-01,2019
2019-04,-0.19062932002874966,-0.274724509247226,-1.7576263460879589,0.13425901866133744,-1.1090397940093588,-1.2870318136740573,-1.3873225272041954,0.0009151874290828,80,0,0,2019-04-01,2019
2019-04,-0.15763193766505962,-0.26508136913416563,-1.7576263460879589,0.13425901866133744,-1.1090397940093588,-1.2870318136740573,-1.3873225272041954,0.0009151874290828,80,1,0,2019-04-01,2019
2019-04,-0.2052886240187276,-0.1934803581948938,-1.7576263460879589,0.13425901866133744,-1.1090397940093588,-1.2870318136740573,-1.3873225272041954,0.0009151874290828,84,1,0,2019-04-01,2019
2019-04,-0.20142267129061556,-0.2775617134037144,-1.7576263460879589,0.13425901866133744,-1.1090397940093588,-1.2870318136740573,-1.3873225272041954,0.0009151874290828,87,0,0,2019-04-01,2019
2019-04,-0.19025856292353968,-0.25877416178122603,-1.7576263460879589,0.13425901866133744,-1.1090397940093588,-1.2870318136740573,-1.3873225272041954,0.0009151874290828,87,1,0,2019-04-01,2019
2019-04,9.521570825751734,6.34157818083987,-1.7576263460879589,0.13425901866133744,-1.1090397940093588,-1.2870318136740573,-1.3873225272041954,0.0009151874290828,88,1,0,2019-04-01,2019
2019-04,1.0819674467279845,0.371196087029993,-1.7576263460879589,0.13425901866133744,-1.1090397940093588,-1.2870318136740573,-1.3873225272041954,0.0009151874290828,88,0,0,2019-04-01,2019
2019-04,-0.18865674824569065,-0.15542155448476394,-1.7576263460879589,0.13425901866133744,-1.1090397940093588,-1.2870318136740573,-1.3873225272041954,0.0009151874290828,89,1,0,2019-04-01,2019
2019-04,0.4253296165244805,0.549140588697506,-1.7576263460879589,0.13425901866133744,-1.1090397940093588,-1.2870318136740573,-1.3873225272041954,0.0009151874290828,89,0,0,2019-04-01,2019
2019-04,-0.2045939043944021,-0.2739618548756006,-1.7576263460879589,0.13425901866133744,-1.1090397940093588,-1.2870318136740573,-1.3873225272041954,0.0009151874290828,90,1,0,2019-04-01,2019
2019-04,0.19090673810893397,1.0423310781360464,-1.7576263460879589,0.13425901866133744,-1.1090397940093588,-1.2870318136740573,-1.3873225272041954,0.0009151874290828,90,0,0,2019-04-01,2019
2019-04,-0.20514464067689847,-0.2793328444705222,-1.7576263460879589,0.13425901866133744,-1.1090397940093588,-1.2870318136740573,-1.3873225272041954,0.0009151874290828,93,0,0,2019-04-01,2019
2019-04,-0.2033196518192143,-0.09595574816302772,-1.7576263460879589,0.13425901866133744,-1.1090397940093588,-1.2870318136740573,-1.3873225272041954,0.0009151874290828,93,1,0,2019-04-01,2019
2019-04,-0.20290210012790985,-0.2736919118306378,-1.7576263460879589,0.13425901866133744,-1.1090397940093588,-1.2870318136740573,-1.3873225272041954,0.0009151874290828,94,0,0,2019-04-01,2019
2019-04,-0.20459570418617493,-0.27564961289252776,-1.7576263460879589,0.13425901866133744,-1.1090397940093588,-1.2870318136740573,-1.3873225272041954,0.0009151874290828,94,1,0,2019-04-01,2019
2019-04,-0.20478648211409853,-0.279045499064859,-1.7576263460879589,0.13425901866133744,-1.1090397940093588,-1.2870318136740573,-1.3873225272041954,0.0009151874290828,99,0,0,2019-04-01,2019
2019-04,-0.13331675081366587,0.29088295367287925,-1.7576263460879589,0.13425901866133744,-1.1090397940093588,-1.2870318136740573,-1.3873225272041954,0.0009151874290828,99,1,0,2019-04-01,2019
2019-04,-0.20515004005221707,-0.2793722600002945,-1.7576263460879589,0.13425901866133744,-1.1090397940093588,-1.2870318136740573,-1.3873225272041954,0.0009151874290828,100,0,0,2019-04-01,2019
2019-04,-0.13054687127522807,-0.23627198035209437,-1.7576263460879589,0.13425901866133744,-1.1090397940093588,-1.2870318136740573,-1.3873225272041954,0.0009151874290828,100,1,0,2019-04-01,2019
2019-04,1.237975197391616,0.31403404186338335,-1.7576263460879589,0.13425901866133744,-1.1090397940093588,-1.2870318136740573,-1.3873225272041954,0.0009151874290828,101,1,0,2019-04-01,2019
2019-04,-0.16086076410557779,-0.26496559999412295,-1.7576263460879589,0.13425901866133744,-1.1090397940093588,-1.2870318136740573,-1.3873225272041954,0.0009151874290828,101,0,0,2019-04-01,2019
2019-05,-0.1614456964317586,-0.2519616881112915,-1.7576263460879589,0.13425901866133744,-1.1462559248590372,-1.2865556744223432,-1.28917407333127,0.0009937313087901,0,1,0,2019-05-01,2019
2019-05,-0.20102311751703975,-0.2783390002101156,-1.7576263460879589,0.13425901866133744,-1.1462559248590372,-1.2865556744223432,-1.28917407333127,0.0009937313087901,0,0,0,2019-05-01,2019
2019-05,-0.2051590390110814,-0.2778810462924545,-1.7576263460879589,0.13425901866133744,-1.1462559248590372,-1.2865556744223432,-1.28917407333127,0.0009937313087901,1,1,0,2019-05-01,2019
2019-05,-0.20517163755349144,-0.27906143904230724,-1.7576263460879589,0.13425901866133744,-1.1462559248590372,-1.2865556744223432,-1.28917407333127,0.0009937313087901,2,1,0,2019-05-01,2019
2019-05,-0.128905461178376,-0.024233436834118355,-1.7576263460879589,0.13425901866133744,-1.1462559248590372,-1.2865556744223432,-1.28917407333127,0.0009937313087901,4,1,0,2019-05-01,2019
2019-05,-0.20469469273368246,-0.2772338685842214,-1.7576263460879589,0.13425901866133744,-1.1462559248590372,-1.2865556744223432,-1.28917407333127,0.0009937313087901,4,0,0,2019-05-01,2019
2019-05,-0.2052094331807216,-0.277445423827279,-1.7576263460879589,0.13425901866133744,-1.1462559248590372,-1.2865556744223432,-1.28917407333127,0.0009937313087901,6,1,0,2019-05-01,2019
2019-05,-0.20360401891932683,-0.2734458443428297,-1.7576263460879589,0.13425901866133744,-1.1462559248590372,-1.2865556744223432,-1.28917407333127,0.0009937313087901,8,1,0,2019-05-01,2019
2019-05,-0.2049592621242935,-0.27829080607970325,-1.7576263460879589,0.13425901866133744,-1.1462559248590372,-1.2865556744223432,-1.28917407333127,0.0009937313087901,9,0,0,2019-05-01,2019
2019-05,-0.20396217748212678,-0.26632872183245737,-1.7576263460879589,0.13425901866133744,-1.1462559248590372,-1.2865556744223432,-1.28917407333127,0.0009937313087901,9,1,0,2019-05-01,2019
2019-05,-0.17948860895472102,-0.19501939613620586,-1.7576263460879589,0.13425901866133744,-1.1462559248590372,-1.2865556744223432,-1.28917407333127,0.0009937313087901,10,0,0,2019-05-01,2019
2019-05,-0.2048080796153729,-0.2780267985902932,-1.7576263460879589,0.13425901866133744,-1.1462559248590372,-1.2865556744223432,-1.28917407333127,0.0009937313087901,10,1,0,2019-05-01,2019
2019-05,-0.2035860210015982,-0.273734062877317,-1.7576263460879589,0.13425901866133744,-1.1462559248590372,-1.2865556744223432,-1.28917407333127,0.0009937313087901,12,1,0,2019-05-01,2019
2019-05,-0.20529762297759194,-0.2791017492065397,-1.7576263460879589,0.13425901866133744,-1.1462559248590372,-1.2865556744223432,-1.28917407333127,0.0009937313087901,19,1,0,2019-05-01,2019
2019-05,-0.20462630064631362,-0.2742152514841782,-1.7576263460879589,0.13425901866133744,-1.1462559248590372,-1.2865556744223432,-1.28917407333127,0.0009937313087901,19,0,0,2019-05-01,2019
2019-05,-0.2050942465072583,1.1818511759792683,-1.7576263460879589,0.13425901866133744,-1.1462559248590372,-1.2865556744223432,-1.28917407333127,0.0009937313087901,24,1,0,2019-05-01,2019
2019-05,-0.20177543047809693,-0.2680897280458078,-1.7576263460879589,0.13425901866133744,-1.1462559248590372,-1.2865556744223432,-1.28917407333127,0.0009937313087901,29,1,0,2019-05-01,2019
2019-05,-0.2032458603565269,-0.2741302268014481,-1.7576263460879589,0.13425901866133744,-1.1462559248590372,-1.2865556744223432,-1.28917407333127,0.0009937313087901,29,0,0,2019-05-01,2019
2019-05,-0.18864414970328058,-0.21918674176101915,-1.7576263460879589,0.13425901866133744,-1.1462559248590372,-1.2865556744223432,-1.28917407333127,0.0009937313087901,42,0,0,2019-05-01,2019
2019-05,-0.20488187107806033,-0.2778955625967956,-1.7576263460879589,0.13425901866133744,-1.1462559248590372,-1.2865556744223432,-1.28917407333127,0.0009937313087901,42,1,0,2019-05-01,2019
2019-05,-0.057126165693010746,0.3147227899661221,-1.7576263460879589,0.13425901866133744,-1.1462559248590372,-1.2865556744223432,-1.28917407333127,0.0009937313087901,44,1,0,2019-05-01,2019
2019-05,-0.19015417500071355,-0.1609841635981148,-1.7576263460879589,0.13425901866133744,-1.1462559248590372,-1.2865556744223432,-1.28917407333127,0.0009937313087901,44,0,0,2019-05-01,2019
2019-05,-0.20512664275916984,-0.2746269768865629,-1.7576263460879589,0.13425901866133744,-1.1462559248590372,-1.2865556744223432,-1.28917407333127,0.0009937313087901,45,1,0,2019-05-01,2019
2019-05,-0.20531202131177484,-0.2792268173836151,-1.7576263460879589,0.13425901866133744,-1.1462559248590372,-1.2865556744223432,-1.28917407333127,0.0009937313087901,45,0,0,2019-05-01,2019
2019-05,-0.2045075143893046,-0.27839851490735035,-1.7576263460879589,0.13425901866133744,-1.1462559248590372,-1.2865556744223432,-1.28917407333127,0.0009937313087901,49,1,0,2019-05-01,2019
2019-05,-0.045591300220724856,-0.24302698236021994,-1.7576263460879589,0.13425901866133744,-1.1462559248590372,-1.2865556744223432,-1.28917407333127,0.0009937313087901,51,1,0,2019-05-01,2019
2019-05,-0.20503125379520803,-0.27946690630459825,-1.7576263460879589,0.13425901866133744,-1.1462559248590372,-1.2865556744223432,-1.28917407333127,0.0009937313087901,51,0,0,2019-05-01,2019
2019-05,-0.20531022152000197,-0.27945764597771044,-1.7576263460879589,0.13425901866133744,-1.1462559248590372,-1.2865556744223432,-1.28917407333127,0.0009937313087901,53,1,0,2019-05-01,2019
2019-05,-0.0780433456772371,-0.13800845386968685,-1.7576263460879589,0.13425901866133744,-1.1462559248590372,-1.2865556744223432,-1.28917407333127,0.0009937313087901,60,0,0,2019-05-01,2019
2019-05,-0.19725075396111663,-0.2784169882487266,-1.7576263460879589,0.13425901866133744,-1.1462559248590372,-1.2865556744223432,-1.28917407333127,0.0009937313087901,67,1,0,2019-05-01,2019
2019-05,-0.20343303870090473,-0.27940112916614257,-1.7576263460879589,0.13425901866133744,-1.1462559248590372,-1.2865556744223432,-1.28917407333127,0.0009937313087901,67,0,0,2019-05-01,2019
2019-05,-0.20426814208351368,-0.2791902018876579,-1.7576263460879589,0.13425901866133744,-1.1462559248590372,-1.2865556744223432,-1.28917407333127,0.0009937313087901,76,1,0,2019-05-01,2019
2019-05,-0.2051032454661226,-0.2787499858186198,-1.7576263460879589,0.13425901866133744,-1.1462559248590372,-1.2865556744223432,-1.28917407333127,0.0009937313087901,78,1,0,2019-05-01,2019
2019-05,-0.1237508575408933,-0.1602483095501484,-1.7576263460879589,0.13425901866133744,-1.1462559248590372,-1.2865556744223432,-1.28917407333127,0.0009937313087901,79,1,0,2019-05-01,2019
2019-05,-0.20483147690842013,-0.2792010450293598,-1.7576263460879589,0.13425901866133744,-1.1462559248590372,-1.2865556744223432,-1.28917407333127,0.0009937313087901,79,0,0,2019-05-01,2019
2019-05,-0.1890293051426735,-0.27409043277248113,-1.7576263460879589,0.13425901866133744,-1.1462559248590372,-1.2865556744223432,-1.28917407333127,0.0009937313087901,80,0,0,2019-05-01,2019
2019-05,-0.15840044875207257,-0.2637770437048215,-1.7576263460879589,0.13425901866133744,-1.1462559248590372,-1.2865556744223432,-1.28917407333127,0.0009937313087901,80,1,0,2019-05-01,2019
2019-05,-0.2049988575432965,-0.19916209992976727,-1.7576263460879589,0.13425901866133744,-1.1462559248590372,-1.2865556744223432,-1.28917407333127,0.0009937313087901,84,1,0,2019-05-01,2019
2019-05,-0.18864774928682632,-0.25384546139865877,-1.7576263460879589,0.13425901866133744,-1.1462559248590372,-1.2865556744223432,-1.28917407333127,0.0009937313087901,87,1,0,2019-05-01,2019
2019-05,-0.20087193500811915,-0.2775419368207928,-1.7576263460879589,0.13425901866133744,-1.1462559248590372,-1.2865556744223432,-1.28917407333127,0.0009937313087901,87,0,0,2019-05-01,2019
2019-05,9.393720817374561,6.470779083093696,-1.7576263460879589,0.13425901866133744,-1.1462559248590372,-1.2865556744223432,-1.28917407333127,0.0009937313087901,88,1,0,2019-05-01,2019
2019-05,1.1187281936887334,0.39753965678583764,-1.7576263460879589,0.13425901866133744,-1.1462559248590372,-1.2865556744223432,-1.28917407333127,0.0009937313087901,88,0,0,2019-05-01,2019
2019-05,-0.18576628265847092,-0.14076326563329894,-1.7576263460879589,0.13425901866133744,-1.1462559248590372,-1.2865556744223432,-1.28917407333127,0.0009937313087901,89,1,0,2019-05-01,2019
2019-05,0.41731154417637095,0.5362170433766339,-1.7576263460879589,0.13425901866133744,-1.1462559248590372,-1.2865556744223432,-1.28917407333127,0.0009937313087901,89,0,0,2019-05-01,2019
2019-05,-0.20453091168235182,-0.27350153533797283,-1.7576263460879589,0.13425901866133744,-1.1462559248590372,-1.2865556744223432,-1.28917407333127,0.0009937313087901,90,1,0,2019-05-01,2019
2019-05,0.18312443848306967,1.0545872347519154,-1.7576263460879589,0.13425901866133744,-1.1462559248590372,-1.2865556744223432,-1.28917407333127,0.0009937313087901,90,0,0,2019-05-01,2019
2019-05,-0.20343303870090473,-0.11782276063110257,-1.7576263460879589,0.13425901866133744,-1.1462559248590372,-1.2865556744223432,-1.28917407333127,0.0009937313087901,93,1,0,2019-05-01,2019
2019-05,-0.2051680379699457,-0.2793794170759756,-1.7576263460879589,0.13425901866133744,-1.1462559248590372,-1.2865556744223432,-1.28917407333127,0.0009937313087901,93,0,0,2019-05-01,2019
2019-05,-0.20287690304308975,-0.2735618027324697,-1.7576263460879589,0.13425901866133744,-1.1462559248590372,-1.2865556744223432,-1.28917407333127,0.0009937313087901,94,0,0,2019-05-01,2019
2019-05,-0.2045975039779478,-0.2756324083836791,-1.7576263460879589,0.13425901866133744,-1.1462559248590372,-1.2865556744223432,-1.28917407333127,0.0009937313087901,94,1,0,2019-05-01,2019
2019-05,-0.13490056757378627,0.38981999366544007,-1.7576263460879589,0.13425901866133744,-1.1462559248590372,-1.2865556744223432,-1.28917407333127,0.0009937313087901,99,1,0,2019-05-01,2019
2019-05,-0.2048638731603317,-0.27891226734833485,-1.7576263460879589,0.13425901866133744,-1.1462559248590372,-1.2865556744223432,-1.28917407333127,0.0009937313087901,99,0,0,2019-05-01,2019
2019-05,-0.14132402441113817,-0.23729582067367866,-1.7576263460879589,0.13425901866133744,-1.1462559248590372,-1.2865556744223432,-1.28917407333127,0.0009937313087901,100,1,0,2019-05-01,2019
2019-05,-0.20519143526299294,-0.2794048582434355,-1.7576263460879589,0.13425901866133744,-1.1462559248590372,-1.2865556744223432,-1.28917407333127,0.0009937313087901,100,0,0,2019-05-01,2019
2019-05,-0.15893678670038608,-0.2637048922958374,-1.7576263460879589,0.13425901866133744,-1.1462559248590372,-1.2865556744223432,-1.28917407333127,0.0009937313087901,101,0,0,2019-05-01,2019
2019-05,1.203971731426895,0.33556379434449773,-1.7576263460879589,0.13425901866133744,-1.1462559248590372,-1.2865556744223432,-1.28917407333127,0.0009937313087901,101,1,0,2019-05-01,2019
2019-06,-0.1597880882089508,-0.25015803192050523,-1.7576263460879589,0.13425901866133744,-1.076352548031125,-1.2610776774136088,-1.3634981099777799,0.0009139677692238,0,1,0,2019-06-01,2019
2019-06,-0.2007441497922458,-0.2781771315886129,-1.7576263460879589,0.13425901866133744,-1.076352548031125,-1.2610776774136088,-1.3634981099777799,0.0009139677692238,0,0,0,2019-06-01,2019
2019-06,-0.20494126420656483,-0.27383312643926766,-1.7576263460879589,0.13425901866133744,-1.076352548031125,-1.2610776774136088,-1.3634981099777799,0.0009139677692238,1,1,0,2019-06-01,2019
2019-06,-0.2051734373452643,-0.27906896601492853,-1.7576263460879589,0.13425901866133744,-1.076352548031125,-1.2610776774136088,-1.3634981099777799,0.0009139677692238,2,1,0,2019-06-01,2019
2019-06,-0.2048026802400543,-0.27863140374138035,-1.7576263460879589,0.13425901866133744,-1.076352548031125,-1.2610776774136088,-1.3634981099777799,0.0009139677692238,4,0,0,2019-06-01,2019
2019-06,-0.09984062383839398,0.03349109684591689,-1.7576263460879589,0.13425901866133744,-1.076352548031125,-1.2610776774136088,-1.3634981099777799,0.0009139677692238,4,1,0,2019-06-01,2019
2019-06,-0.20520043422185727,-0.27759395035216955,-1.7576263460879589,0.13425901866133744,-1.076352548031125,-1.2610776774136088,-1.3634981099777799,0.0009139677692238,6,1,0,2019-06-01,2019
2019-06,-0.2035500251661409,-0.2740654045132335,-1.7576263460879589,0.13425901866133744,-1.076352548031125,-1.2610776774136088,-1.3634981099777799,0.0009139677692238,8,1,0,2019-06-01,2019
2019-06,-0.20402696998594988,-0.2664627019451164,-1.7576263460879589,0.13425901866133744,-1.076352548031125,-1.2610776774136088,-1.3634981099777799,0.0009139677692238,9,1,0,2019-06-01,2019
2019-06,-0.20495206295720203,-0.27807972826176613,-1.7576263460879589,0.13425901866133744,-1.076352548031125,-1.2610776774136088,-1.3634981099777799,0.0009139677692238,9,0,0,2019-06-01,2019
2019-06,-0.17803437720224682,-0.1815179943743791,-1.7576263460879589,0.13425901866133744,-1.076352548031125,-1.2610776774136088,-1.3634981099777799,0.0009139677692238,10,0,0,2019-06-01,2019
2019-06,-0.20479548107296286,-0.27789163566765085,-1.7576263460879589,0.13425901866133744,-1.076352548031125,-1.2610776774136088,-1.3634981099777799,0.0009139677692238,10,1,0,2019-06-01,2019
2019-06,-0.20530662193645624,-0.279547259963176,-1.7576263460879589,0.13425901866133744,-1.076352548031125,-1.2610776774136088,-1.3634981099777799,0.0009139677692238,12,0,0,2019-06-01,2019
2019-06,-0.20350143078827357,-0.27354311863586006,-1.7576263460879589,0.13425901866133744,-1.076352548031125,-1.2610776774136088,-1.3634981099777799,0.0009139677692238,12,1,0,2019-06-01,2019
2019-06,-0.2052994227693648,-0.27748945446655,-1.7576263460879589,0.13425901866133744,-1.076352548031125,-1.2610776774136088,-1.3634981099777799,0.0009139677692238,19,1,0,2019-06-01,2019
2019-06,-0.20469469273368246,-0.27067500657922505,-1.7576263460879589,0.13425901866133744,-1.076352548031125,-1.2610776774136088,-1.3634981099777799,0.0009139677692238,19,0,0,2019-06-01,2019
2019-06,-0.2050780483813025,1.1568305899426141,-1.7576263460879589,0.13425901866133744,-1.076352548031125,-1.2610776774136088,-1.3634981099777799,0.0009139677692238,24,1,0,2019-06-01,2019
2019-06,-0.20075134895933727,-0.263802596701589,-1.7576263460879589,0.13425901866133744,-1.076352548031125,-1.2610776774136088,-1.3634981099777799,0.0009139677692238,29,1,0,2019-06-01,2019
2019-06,-0.20385239018398207,-0.27666430471653175,-1.7576263460879589,0.13425901866133744,-1.076352548031125,-1.2610776774136088,-1.3634981099777799,0.0009139677692238,29,0,0,2019-06-01,2019
2019-06,-0.2049178669135176,-0.2781667486675227,-1.7576263460879589,0.13425901866133744,-1.076352548031125,-1.2610776774136088,-1.3634981099777799,0.0009139677692238,42,1,0,2019-06-01,2019
2019-06,-0.18765786381175106,-0.21203639304293284,-1.7576263460879589,0.13425901866133744,-1.076352548031125,-1.2610776774136088,-1.3634981099777799,0.0009139677692238,42,0,0,2019-06-01,2019
2019-06,-0.18658158833157834,-0.15440130560440182,-1.7576263460879589,0.13425901866133744,-1.076352548031125,-1.2610776774136088,-1.3634981099777799,0.0009139677692238,44,0,0,2019-06-01,2019
2019-06,-0.04486598413626063,0.35970304070523396,-1.7576263460879589,0.13425901866133744,-1.076352548031125,-1.2610776774136088,-1.3634981099777799,0.0009139677692238,44,1,0,2019-06-01,2019
2019-06,-0.20513204213448843,-0.2749529722213547,-1.7576263460879589,0.13425901866133744,-1.076352548031125,-1.2610776774136088,-1.3634981099777799,0.0009139677692238,45,1,0,2019-06-01,2019
2019-06,-0.20531202131177484,-0.27953821899377596,-1.7576263460879589,0.13425901866133744,-1.076352548031125,-1.2610776774136088,-1.3634981099777799,0.0009139677692238,45,0,0,2019-06-01,2019
2019-06,-0.20382719309916197,-0.277321396522989,-1.7576263460879589,0.13425901866133744,-1.076352548031125,-1.2610776774136088,-1.3634981099777799,0.0009139677692238,49,1,0,2019-06-01,2019
2019-06,-0.20490706816288043,-0.27933735635296775,-1.7576263460879589,0.13425901866133744,-1.076352548031125,-1.2610776774136088,-1.3634981099777799,0.0009139677692238,51,0,0,2019-06-01,2019
2019-06,-0.011044297140598824,-0.22467673924477422,-1.7576263460879589,0.13425901866133744,-1.076352548031125,-1.2610776774136088,-1.3634981099777799,0.0009139677692238,51,1,0,2019-06-01,2019
2019-06,-0.20531022152000197,-0.27934285749467214,-1.7576263460879589,0.13425901866133744,-1.076352548031125,-1.2610776774136088,-1.3634981099777799,0.0009139677692238,53,1,0,2019-06-01,2019
2019-06,-0.07497470070450384,-0.14782785417590186,-1.7576263460879589,0.13425901866133744,-1.076352548031125,-1.2610776774136088,-1.3634981099777799,0.0009139677692238,60,0,0,2019-06-01,2019
2019-06,-0.20288230241840832,-0.2793465951742195,-1.7576263460879589,0.13425901866133744,-1.076352548031125,-1.2610776774136088,-1.3634981099777799,0.0009139677692238,67,0,0,2019-06-01,2019
2019-06,-0.1954527619800254,-0.2782228783776415,-1.7576263460879589,0.13425901866133744,-1.076352548031125,-1.2610776774136088,-1.3634981099777799,0.0009139677692238,67,1,0,2019-06-01,2019
2019-06,-0.20423034645628352,-0.2791015384513063,-1.7576263460879589,0.13425901866133744,-1.076352548031125,-1.2610776774136088,-1.3634981099777799,0.0009139677692238,76,1,0,2019-06-01,2019
2019-06,-0.20516983776171857,-0.27918784917107287,-1.7576263460879589,0.13425901866133744,-1.076352548031125,-1.2610776774136088,-1.3634981099777799,0.0009139677692238,78,1,0,2019-06-01,2019
2019-06,-0.05995543835995308,-0.08155473553688572,-1.7576263460879589,0.13425901866133744,-1.076352548031125,-1.2610776774136088,-1.3634981099777799,0.0009139677692238,79,1,0,2019-06-01,2019
2019-06,-0.20439952688293275,-0.27879057985724826,-1.7576263460879589,0.13425901866133744,-1.076352548031125,-1.2610776774136088,-1.3634981099777799,0.0009139677692238,79,0,0,2019-06-01,2019
2019-06,-0.18941446058206643,-0.2740467978369137,-1.7576263460879589,0.13425901866133744,-1.076352548031125,-1.2610776774136088,-1.3634981099777799,0.0009139677692238,80,0,0,2019-06-01,2019
2019-06,-0.1589655833687519,-0.26399943348732663,-1.7576263460879589,0.13425901866133744,-1.076352548031125,-1.2610776774136088,-1.3634981099777799,0.0009139677692238,80,1,0,2019-06-01,2019
2019-06,-0.2050528512964824,-0.21213275549699423,-1.7576263460879589,0.13425901866133744,-1.076352548031125,-1.2610776774136088,-1.3634981099777799,0.0009139677692238,84,1,0,2019-06-01,2019
2019-06,-0.18948825204475384,-0.2569475762812717,-1.7576263460879589,0.13425901866133744,-1.076352548031125,-1.2610776774136088,-1.3634981099777799,0.0009139677692238,87,1,0,2019-06-01,2019
2019-06,-0.20164764526222356,-0.27792612640676523,-1.7576263460879589,0.13425901866133744,-1.076352548031125,-1.2610776774136088,-1.3634981099777799,0.0009139677692238,87,0,0,2019-06-01,2019
2019-06,9.620150820526819,6.626736631059695,-1.7576263460879589,0.13425901866133744,-1.076352548031125,-1.2610776774136088,-1.3634981099777799,0.0009139677692238,88,1,0,2019-06-01,2019
2019-06,1.2195921242235823,0.451549040222837,-1.7576263460879589,0.13425901866133744,-1.076352548031125,-1.2610776774136088,-1.3634981099777799,0.0009139677692238,88,0,0,2019-06-01,2019
2019-06,-0.18641600748847487,-0.14509493084867248,-1.7576263460879589,0.13425901866133744,-1.076352548031125,-1.2610776774136088,-1.3634981099777799,0.0009139677692238,89,1,0,2019-06-01,2019
2019-06,0.3798758753007981,0.48190544983832606,-1.7576263460879589,0.13425901866133744,-1.076352548031125,-1.2610776774136088,-1.3634981099777799,0.0009139677692238,89,0,0,2019-06-01,2019
2019-06,-0.2045381108494433,-0.27642654270537037,-1.7576263460879589,0.13425901866133744,-1.076352548031125,-1.2610776774136088,-1.3634981099777799,0.0009139677692238,90,1,0,2019-06-01,2019
2019-06,0.17307440122339665,1.1158099139037512,-1.7576263460879589,0.13425901866133744,-1.076352548031125,-1.2610776774136088,-1.3634981099777799,0.0009139677692238,90,0,0,2019-06-01,2019
2019-06,-0.20375340163647454,-0.10218849010054308,-1.7576263460879589,0.13425901866133744,-1.076352548031125,-1.2610776774136088,-1.3634981099777799,0.0009139677692238,93,1,0,2019-06-01,2019
2019-06,-0.2051680379699457,-0.2793624319246147,-1.7576263460879589,0.13425901866133744,-1.076352548031125,-1.2610776774136088,-1.3634981099777799,0.0009139677692238,93,0,0,2019-06-01,2019
2019-06,-0.2028895015854998,-0.27350803864231765,-1.7576263460879589,0.13425901866133744,-1.076352548031125,-1.2610776774136088,-1.3634981099777799,0.0009139677692238,94,0,0,2019-06-01,2019
2019-06,-0.20459030481085635,-0.27562864919849567,-1.7576263460879589,0.13425901866133744,-1.076352548031125,-1.2610776774136088,-1.3634981099777799,0.0009139677692238,94,1,0,2019-06-01,2019
2019-06,-0.12646494353437232,0.31712499532088073,-1.7576263460879589,0.13425901866133744,-1.076352548031125,-1.2610776774136088,-1.3634981099777799,0.0009139677692238,99,1,0,2019-06-01,2019
2019-06,-0.20475948523750556,-0.27903439785552436,-1.7576263460879589,0.13425901866133744,-1.076352548031125,-1.2610776774136088,-1.3634981099777799,0.0009139677692238,99,0,0,2019-06-01,2019
2019-06,-0.12776439319438018,-0.23512591489852194,-1.7576263460879589,0.13425901866133744,-1.076352548031125,-1.2610776774136088,-1.3634981099777799,0.0009139677692238,100,1,0,2019-06-01,2019
2019-06,-0.2051086448414412,-0.2793461048457173,-1.7576263460879589,0.13425901866133744,-1.076352548031125,-1.2610776774136088,-1.3634981099777799,0.0009139677692238,100,0,0,2019-06-01,2019
2019-06,-0.15405215182883295,-0.261298536353319,-1.7576263460879589,0.13425901866133744,-1.076352548031125,-1.2610776774136088,-1.3634981099777799,0.0009139677692238,101,0,0,2019-06-01,2019
2019-06,1.2804268859381611,0.3645516196900929,-1.7576263460879589,0.13425901866133744,-1.076352548031125,-1.2610776774136088,-1.3634981099777799,0.0009139677692238,101,1,0,2019-06-01,2019
2019-07,-0.15624609799995426,-0.2469486985387474,-0.5366303921270584,2.000503198471769,-0.9459500387572803,-1.1448613666709382,-1.3305104553565892,0.0008749698047082,0,1,0,2019-07-01,2019
2019-07,-0.20022221017811523,-0.2780319556418206,-0.5366303921270584,2.000503198471769,-0.9459500387572803,-1.1448613666709382,-1.3305104553565892,0.0008749698047082,0,0,0,2019-07-01,2019
2019-07,-0.20493586483124626,-0.2731935273171823,-0.5366303921270584,2.000503198471769,-0.9459500387572803,-1.1448613666709382,-1.3305104553565892,0.0008749698047082,1,1,0,2019-07-01,2019
2019-07,-0.2051734373452643,-0.27906896601492853,-0.5366303921270584,2.000503198471769,-0.9459500387572803,-1.1448613666709382,-1.3305104553565892,0.0008749698047082,2,1,0,2019-07-01,2019
2019-07,-0.06002203065554906,0.1709378148108774,-0.5366303921270584,2.000503198471769,-0.9459500387572803,-1.1448613666709382,-1.3305104553565892,0.0008749698047082,4,1,0,2019-07-01,2019
2019-07,-0.2045327114741247,-0.27754667666298066,-0.5366303921270584,2.000503198471769,-0.9459500387572803,-1.1448613666709382,-1.3305104553565892,0.0008749698047082,4,0,0,2019-07-01,2019
2019-07,-0.20520043422185727,-0.27778593976753907,-0.5366303921270584,2.000503198471769,-0.9459500387572803,-1.1448613666709382,-1.3305104553565892,0.0008749698047082,6,1,0,2019-07-01,2019
2019-07,-0.20482067815778296,-0.2726240838810547,-0.5366303921270584,2.000503198471769,-0.9459500387572803,-1.1448613666709382,-1.3305104553565892,0.0008749698047082,6,0,0,2019-07-01,2019
2019-07,-0.20350323058004643,-0.2743298851266369,-0.5366303921270584,2.000503198471769,-0.9459500387572803,-1.1448613666709382,-1.3305104553565892,0.0008749698047082,8,1,0,2019-07-01,2019
2019-07,-0.2048584737850131,-0.277601378398865,-0.5366303921270584,2.000503198471769,-0.9459500387572803,-1.1448613666709382,-1.3305104553565892,0.0008749698047082,9,0,0,2019-07-01,2019
2019-07,-0.20396217748212678,-0.26456650270123316,-0.5366303921270584,2.000503198471769,-0.9459500387572803,-1.1448613666709382,-1.3305104553565892,0.0008749698047082,9,1,0,2019-07-01,2019
2019-07,-0.204754085862187,-0.27728212293041465,-0.5366303921270584,2.000503198471769,-0.9459500387572803,-1.1448613666709382,-1.3305104553565892,0.0008749698047082,10,1,0,2019-07-01,2019
2019-07,-0.175635254769019,-0.16936061744606476,-0.5366303921270584,2.000503198471769,-0.9459500387572803,-1.1448613666709382,-1.3305104553565892,0.0008749698047082,10,0,0,2019-07-01,2019
2019-07,-0.20324766014829973,-0.2728349466426312,-0.5366303921270584,2.000503198471769,-0.9459500387572803,-1.1448613666709382,-1.3305104553565892,0.0008749698047082,12,1,0,2019-07-01,2019
2019-07,-0.20531022152000197,-0.27957305812419453,-0.5366303921270584,2.000503198471769,-0.9459500387572803,-1.1448613666709382,-1.3305104553565892,0.0008749698047082,12,0,0,2019-07-01,2019
2019-07,-0.20530302235291054,-0.2784395820699721,-0.5366303921270584,2.000503198471769,-0.9459500387572803,-1.1448613666709382,-1.3305104553565892,0.0008749698047082,19,1,0,2019-07-01,2019
2019-07,-0.20456510772603625,-0.2670068203442188,-0.5366303921270584,2.000503198471769,-0.9459500387572803,-1.1448613666709382,-1.3305104553565892,0.0008749698047082,19,0,0,2019-07-01,2019
2019-07,-0.20502945400343517,1.3488943330914729,-0.5366303921270584,2.000503198471769,-0.9459500387572803,-1.1448613666709382,-1.3305104553565892,0.0008749698047082,24,1,0,2019-07-01,2019
2019-07,-0.201681841305908,-0.26371955053737645,-0.5366303921270584,2.000503198471769,-0.9459500387572803,-1.1448613666709382,-1.3305104553565892,0.0008749698047082,29,1,0,2019-07-01,2019
2019-07,-0.2030748801381048,-0.2740898951315796,-0.5366303921270584,2.000503198471769,-0.9459500387572803,-1.1448613666709382,-1.3305104553565892,0.0008749698047082,29,0,0,2019-07-01,2019
2019-07,-0.20488727045337893,-0.2779283844985516,-0.5366303921270584,2.000503198471769,-0.9459500387572803,-1.1448613666709382,-1.3305104553565892,0.0008749698047082,42,1,0,2019-07-01,2019
2019-07,-0.1865491920796668,-0.2067650476621355,-0.5366303921270584,2.000503198471769,-0.9459500387572803,-1.1448613666709382,-1.3305104553565892,0.0008749698047082,42,0,0,2019-07-01,2019
2019-07,-0.18699554043933708,-0.15966929610597366,-0.5366303921270584,2.000503198471769,-0.9459500387572803,-1.1448613666709382,-1.3305104553565892,0.0008749698047082,44,0,0,2019-07-01,2019
2019-07,-0.04136718892981286,0.41123544799201833,-0.5366303921270584,2.000503198471769,-0.9459500387572803,-1.1448613666709382,-1.3305104553565892,0.0008749698047082,44,1,0,2019-07-01,2019
2019-07,-0.20514284088512563,-0.2747283544549537,-0.5366303921270584,2.000503198471769,-0.9459500387572803,-1.1448613666709382,-1.3305104553565892,0.0008749698047082,45,1,0,2019-07-01,2019
2019-07,-0.20531202131177484,-0.27946337938028426,-0.5366303921270584,2.000503198471769,-0.9459500387572803,-1.1448613666709382,-1.3305104553565892,0.0008749698047082,45,0,0,2019-07-01,2019
2019-07,-0.20280491137217518,-0.2758736586090096,-0.5366303921270584,2.000503198471769,-0.9459500387572803,-1.1448613666709382,-1.3305104553565892,0.0008749698047082,49,1,0,2019-07-01,2019
2019-07,0.0631125232767199,-0.20215266077700544,-0.5366303921270584,2.000503198471769,-0.9459500387572803,-1.1448613666709382,-1.3305104553565892,0.0008749698047082,51,1,0,2019-07-01,2019
2019-07,-0.20482247794955583,-0.2792407100245104,-0.5366303921270584,2.000503198471769,-0.9459500387572803,-1.1448613666709382,-1.3305104553565892,0.0008749698047082,51,0,0,2019-07-01,2019
2019-07,-0.20530662193645624,-0.2792997128876069,-0.5366303921270584,2.000503198471769,-0.9459500387572803,-1.1448613666709382,-1.3305104553565892,0.0008749698047082,53,1,0,2019-07-01,2019
2019-07,-0.07638573745442928,-0.1416568033059906,-0.5366303921270584,2.000503198471769,-0.9459500387572803,-1.1448613666709382,-1.3305104553565892,0.0008749698047082,60,0,0,2019-07-01,2019
2019-07,-0.19330021101967998,-0.277903072364908,-0.5366303921270584,2.000503198471769,-0.9459500387572803,-1.1448613666709382,-1.3305104553565892,0.0008749698047082,67,1,0,2019-07-01,2019
2019-07,-0.2026033346936144,-0.27931327004057965,-0.5366303921270584,2.000503198471769,-0.9459500387572803,-1.1448613666709382,-1.3305104553565892,0.0008749698047082,67,0,0,2019-07-01,2019
2019-07,-0.2052940233940462,-0.1986898318607441,-0.5366303921270584,2.000503198471769,-0.9459500387572803,-1.1448613666709382,-1.3305104553565892,0.0008749698047082,68,1,0,2019-07-01,2019
2019-07,-0.20531022152000197,-0.2795816904865093,-0.5366303921270584,2.000503198471769,-0.9459500387572803,-1.1448613666709382,-1.3305104553565892,0.0008749698047082,76,0,0,2019-07-01,2019
2019-07,-0.2040809637391358,-0.2791026008297277,-0.5366303921270584,2.000503198471769,-0.9459500387572803,-1.1448613666709382,-1.3305104553565892,0.0008749698047082,76,1,0,2019-07-01,2019
2019-07,-0.2051680379699457,-0.27918617603258733,-0.5366303921270584,2.000503198471769,-0.9459500387572803,-1.1448613666709382,-1.3305104553565892,0.0008749698047082,78,1,0,2019-07-01,2019
2019-07,-0.2043725300063398,-0.2784680125208445,-0.5366303921270584,2.000503198471769,-0.9459500387572803,-1.1448613666709382,-1.3305104553565892,0.0008749698047082,79,0,0,2019-07-01,2019
2019-07,-0.04620142963172578,-0.04902355557136297,-0.5366303921270584,2.000503198471769,-0.9459500387572803,-1.1448613666709382,-1.3305104553565892,0.0008749698047082,79,1,0,2019-07-01,2019
2019-07,-0.18942165974915787,-0.27403465575479374,-0.5366303921270584,2.000503198471769,-0.9459500387572803,-1.1448613666709382,-1.3305104553565892,0.0008749698047082,80,0,0,2019-07-01,2019
2019-07,-0.15566476525731918,-0.263578770342595,-0.5366303921270584,2.000503198471769,-0.9459500387572803,-1.1448613666709382,-1.3305104553565892,0.0008749698047082,80,1,0,2019-07-01,2019
2019-07,-0.20502765421166233,-0.2249162346102021,-0.5366303921270584,2.000503198471769,-0.9459500387572803,-1.1448613666709382,-1.3305104553565892,0.0008749698047082,84,1,0,2019-07-01,2019
2019-07,-0.18570508973819355,-0.234982833600682,-0.5366303921270584,2.000503198471769,-0.9459500387572803,-1.1448613666709382,-1.3305104553565892,0.0008749698047082,87,1,0,2019-07-01,2019
2019-07,-0.19891916093456163,-0.2766409797036602,-0.5366303921270584,2.000503198471769,-0.9459500387572803,-1.1448613666709382,-1.3305104553565892,0.0008749698047082,87,0,0,2019-07-01,2019
2019-07,1.320974394789016,0.5220674230337886,-0.5366303921270584,2.000503198471769,-0.9459500387572803,-1.1448613666709382,-1.3305104553565892,0.0008749698047082,88,0,0,2019-07-01,2019
2019-07,10.175832930815059,7.243233147260444,-0.5366303921270584,2.000503198471769,-0.9459500387572803,-1.1448613666709382,-1.3305104553565892,0.0008749698047082,88,1,0,2019-07-01,2019
2019-07,-0.18558270389763878,-0.13900607021865855,-0.5366303921270584,2.000503198471769,-0.9459500387572803,-1.1448613666709382,-1.3305104553565892,0.0008749698047082,89,1,0,2019-07-01,2019
2019-07,0.43202484191953483,0.5600706690837189,-0.5366303921270584,2.000503198471769,-0.9459500387572803,-1.1448613666709382,-1.3305104553565892,0.0008749698047082,89,0,0,2019-07-01,2019
2019-07,-0.20443012334307145,-0.27387495490140595,-0.5366303921270584,2.000503198471769,-0.9459500387572803,-1.1448613666709382,-1.3305104553565892,0.0008749698047082,90,1,0,2019-07-01,2019
2019-07,0.19927576985275194,1.35818833780534,-0.5366303921270584,2.000503198471769,-0.9459500387572803,-1.1448613666709382,-1.3305104553565892,0.0008749698047082,90,0,0,2019-07-01,2019
2019-07,-0.20284090720763245,-0.052246192339588056,-0.5366303921270584,2.000503198471769,-0.9459500387572803,-1.1448613666709382,-1.3305104553565892,0.0008749698047082,93,1,0,2019-07-01,2019
2019-07,-0.2051734373452643,-0.2793823031323349,-0.5366303921270584,2.000503198471769,-0.9459500387572803,-1.1448613666709382,-1.3305104553565892,0.0008749698047082,93,0,0,2019-07-01,2019
2019-07,-0.2045633079342634,-0.2754420404932686,-0.5366303921270584,2.000503198471769,-0.9459500387572803,-1.1448613666709382,-1.3305104553565892,0.0008749698047082,94,1,0,2019-07-01,2019
2019-07,-0.20277791449558222,-0.27339448888391643,-0.5366303921270584,2.000503198471769,-0.9459500387572803,-1.1448613666709382,-1.3305104553565892,0.0008749698047082,94,0,0,2019-07-01,2019
2019-07,-0.11337505797033187,0.33995120216854097,-0.5366303921270584,2.000503198471769,-0.9459500387572803,-1.1448613666709382,-1.3305104553565892,0.0008749698047082,99,1,0,2019-07-01,2019
2019-07,-0.20465509731467946,-0.2789571367074122,-0.5366303921270584,2.000503198471769,-0.9459500387572803,-1.1448613666709382,-1.3305104553565892,0.0008749698047082,99,0,0,2019-07-01,2019
2019-07,-0.20510504525789547,-0.27931776901964356,-0.5366303921270584,2.000503198471769,-0.9459500387572803,-1.1448613666709382,-1.3305104553565892,0.0008749698047082,100,0,0,2019-07-01,2019
2019-07,-0.12617157747539548,-0.23601803319923362,-0.5366303921270584,2.000503198471769,-0.9459500387572803,-1.1448613666709382,-1.3305104553565892,0.0008749698047082,100,1,0,2019-07-01,2019
2019-07,-0.14941048884661648,-0.25977908574533115,-0.5366303921270584,2.000503198471769,-0.9459500387572803,-1.1448613666709382,-1.3305104553565892,0.0008749698047082,101,0,0,2019-07-01,2019
2019-07,1.3688452563636548,0.4088526579254954,-0.5366303921270584,2.000503198471769,-0.9459500387572803,-1.1448613666709382,-1.3305104553565892,0.0008749698047082,101,1,0,2019-07-01,2019
2019-08,-0.20106811231136135,-0.27825793256442066,-0.5366303921270584,2.000503198471769,-1.0748950949297276,-1.188516912520208,-1.273698383508983,0.0009665312154567,0,0,0,2019-08-01,2019
2019-08,-0.16385561761562362,-0.25109501958029423,-0.5366303921270584,2.000503198471769,-1.0748950949297276,-1.188516912520208,-1.273698383508983,0.0009665312154567,0,1,0,2019-08-01,2019
2019-08,-0.20470549148431966,-0.271054361698211,-0.5366303921270584,2.000503198471769,-1.0748950949297276,-1.188516912520208,-1.273698383508983,0.0009665312154567,1,1,0,2019-08-01,2019
2019-08,-0.2051734373452643,-0.27906724556404366,-0.5366303921270584,2.000503198471769,-1.0748950949297276,-1.188516912520208,-1.273698383508983,0.0009665312154567,2,1,0,2019-08-01,2019
2019-08,-0.09059329370941833,0.12006517463167617,-0.5366303921270584,2.000503198471769,-1.0748950949297276,-1.188516912520208,-1.273698383508983,0.0009665312154567,4,1,0,2019-08-01,2019
2019-08,-0.20434913271329255,-0.27653089235266476,-0.5366303921270584,2.000503198471769,-1.0748950949297276,-1.188516912520208,-1.273698383508983,0.0009665312154567,4,0,0,2019-08-01,2019
2019-08,-0.205204033805403,-0.27775606413792336,-0.5366303921270584,2.000503198471769,-1.0748950949297276,-1.188516912520208,-1.273698383508983,0.0009665312154567,6,1,0,2019-08-01,2019
2019-08,-0.20482967711664726,-0.27294286622551167,-0.5366303921270584,2.000503198471769,-1.0748950949297276,-1.188516912520208,-1.273698383508983,0.0009665312154567,6,0,0,2019-08-01,2019
2019-08,-0.2035896205851439,-0.27505586808765137,-0.5366303921270584,2.000503198471769,-1.0748950949297276,-1.188516912520208,-1.273698383508983,0.0009665312154567,8,1,0,2019-08-01,2019
2019-08,-0.20400897206822124,-0.2651270643096677,-0.5366303921270584,2.000503198471769,-1.0748950949297276,-1.188516912520208,-1.273698383508983,0.0009665312154567,9,1,0,2019-08-01,2019
2019-08,-0.2048584737850131,-0.27791653919420933,-0.5366303921270584,2.000503198471769,-1.0748950949297276,-1.188516912520208,-1.273698383508983,0.0009665312154567,9,0,0,2019-08-01,2019
2019-08,-0.20479188148941713,-0.27798140879482325,-0.5366303921270584,2.000503198471769,-1.0748950949297276,-1.188516912520208,-1.273698383508983,0.0009665312154567,10,1,0,2019-08-01,2019
2019-08,-0.17805777449529406,-0.18414928636671218,-0.5366303921270584,2.000503198471769,-1.0748950949297276,-1.188516912520208,-1.273698383508983,0.0009665312154567,10,0,0,2019-08-01,2019
2019-08,-0.20337184578062736,-0.2740854004536429,-0.5366303921270584,2.000503198471769,-1.0748950949297276,-1.188516912520208,-1.273698383508983,0.0009665312154567,12,1,0,2019-08-01,2019
2019-08,-0.2052940233940462,-0.27863709843380924,-0.5366303921270584,2.000503198471769,-1.0748950949297276,-1.188516912520208,-1.273698383508983,0.0009665312154567,19,1,0,2019-08-01,2019
2019-08,-0.20458130585199202,-0.26881072600038336,-0.5366303921270584,2.000503198471769,-1.0748950949297276,-1.188516912520208,-1.273698383508983,0.0009665312154567,19,0,0,2019-08-01,2019
2019-08,-0.2050042569186151,1.222486995757441,-0.5366303921270584,2.000503198471769,-1.0748950949297276,-1.188516912520208,-1.273698383508983,0.0009665312154567,24,1,0,2019-08-01,2019
2019-08,-0.20183842319014716,-0.26943804970540514,-0.5366303921270584,2.000503198471769,-1.0748950949297276,-1.188516912520208,-1.273698383508983,0.0009665312154567,29,1,0,2019-08-01,2019
2019-08,-0.2025583398992928,-0.2728628824638742,-0.5366303921270584,2.000503198471769,-1.0748950949297276,-1.188516912520208,-1.273698383508983,0.0009665312154567,29,0,0,2019-08-01,2019
2019-08,-0.20491066774642616,-0.2781818069138925,-0.5366303921270584,2.000503198471769,-1.0748950949297276,-1.188516912520208,-1.273698383508983,0.0009665312154567,42,1,0,2019-08-01,2019
2019-08,-0.18812221008915,-0.21782270808371573,-0.5366303921270584,2.000503198471769,-1.0748950949297276,-1.188516912520208,-1.273698383508983,0.0009665312154567,42,0,0,2019-08-01,2019
2019-08,-0.1780811717883413,-0.13056988661711322,-0.5366303921270584,2.000503198471769,-1.0748950949297276,-1.188516912520208,-1.273698383508983,0.0009665312154567,44,0,0,2019-08-01,2019
2019-08,-0.057106367983509244,0.2558272959082104,-0.5366303921270584,2.000503198471769,-1.0748950949297276,-1.188516912520208,-1.273698383508983,0.0009665312154567,44,1,0,2019-08-01,2019
2019-08,-0.20513024234271557,-0.27531048191523005,-0.5366303921270584,2.000503198471769,-1.0748950949297276,-1.188516912520208,-1.273698383508983,0.0009665312154567,45,1,0,2019-08-01,2019
2019-08,-0.2053138211035477,-0.27931370015330087,-0.5366303921270584,2.000503198471769,-1.0748950949297276,-1.188516912520208,-1.273698383508983,0.0009665312154567,45,0,0,2019-08-01,2019
2019-08,-0.20320626493752386,-0.2766450571722573,-0.5366303921270584,2.000503198471769,-1.0748950949297276,-1.188516912520208,-1.273698383508983,0.0009665312154567,49,1,0,2019-08-01,2019
2019-08,-0.20502225483634373,-0.2793767116669591,-0.5366303921270584,2.000503198471769,-1.0748950949297276,-1.188516912520208,-1.273698383508983,0.0009665312154567,51,0,0,2019-08-01,2019
2019-08,-0.024297963755969914,-0.2305231754417288,-0.5366303921270584,2.000503198471769,-1.0748950949297276,-1.188516912520208,-1.273698383508983,0.0009665312154567,51,1,0,2019-08-01,2019
2019-08,-0.20530302235291054,-0.2793248787829253,-0.5366303921270584,2.000503198471769,-1.0748950949297276,-1.188516912520208,-1.273698383508983,0.0009665312154567,53,1,0,2019-08-01,2019
2019-08,-0.07328469622978447,-0.1350480998388597,-0.5366303921270584,2.000503198471769,-1.0748950949297276,-1.188516912520208,-1.273698383508983,0.0009665312154567,60,0,0,2019-08-01,2019
2019-08,-0.20270592282466765,-0.27931988517423195,-0.5366303921270584,2.000503198471769,-1.0748950949297276,-1.188516912520208,-1.273698383508983,0.0009665312154567,67,0,0,2019-08-01,2019
2019-08,-0.19404172523009997,-0.2780621796627405,-0.5366303921270584,2.000503198471769,-1.0748950949297276,-1.188516912520208,-1.273698383508983,0.0009665312154567,67,1,0,2019-08-01,2019
2019-08,-0.205283224643409,-0.16477977072678152,-0.5366303921270584,2.000503198471769,-1.0748950949297276,-1.188516912520208,-1.273698383508983,0.0009665312154567,68,1,0,2019-08-01,2019
2019-08,-0.20436173125570262,-0.27926883079422354,-0.5366303921270584,2.000503198471769,-1.0748950949297276,-1.188516912520208,-1.273698383508983,0.0009665312154567,76,1,0,2019-08-01,2019
2019-08,-0.2052346302655417,-0.279354268385166,-0.5366303921270584,2.000503198471769,-1.0748950949297276,-1.188516912520208,-1.273698383508983,0.0009665312154567,78,1,0,2019-08-01,2019
2019-08,-0.20431673646138102,-0.278359361746338,-0.5366303921270584,2.000503198471769,-1.0748950949297276,-1.188516912520208,-1.273698383508983,0.0009665312154567,79,0,0,2019-08-01,2019
2019-08,-0.09626263779394019,-0.10591706416160819,-0.5366303921270584,2.000503198471769,-1.0748950949297276,-1.188516912520208,-1.273698383508983,0.0009665312154567,79,1,0,2019-08-01,2019
2019-08,-0.15483506125002883,-0.2655951000695141,-0.5366303921270584,2.000503198471769,-1.0748950949297276,-1.188516912520208,-1.273698383508983,0.0009665312154567,80,1,0,2019-08-01,2019
2019-08,-0.19266128494031323,-0.27519683753203017,-0.5366303921270584,2.000503198471769,-1.0748950949297276,-1.188516912520208,-1.273698383508983,0.0009665312154567,80,0,0,2019-08-01,2019
2019-08,-0.2049880587926593,-0.1961090135962458,-0.5366303921270584,2.000503198471769,-1.0748950949297276,-1.188516912520208,-1.273698383508983,0.0009665312154567,84,1,0,2019-08-01,2019
2019-08,-0.18713232461407475,-0.22989212696054126,-0.5366303921270584,2.000503198471769,-1.0748950949297276,-1.188516912520208,-1.273698383508983,0.0009665312154567,87,1,0,2019-08-01,2019
2019-08,-0.19959228305761278,-0.2768156914910184,-0.5366303921270584,2.000503198471769,-1.0748950949297276,-1.188516912520208,-1.273698383508983,0.0009665312154567,87,0,0,2019-08-01,2019
2019-08,1.3141441850109967,0.6100993205757127,-0.5366303921270584,2.000503198471769,-1.0748950949297276,-1.188516912520208,-1.273698383508983,0.0009665312154567,88,0,0,2019-08-01,2019
2019-08,9.530242222513394,6.7110423588706665,-0.5366303921270584,2.000503198471769,-1.0748950949297276,-1.188516912520208,-1.273698383508983,0.0009665312154567,88,1,0,2019-08-01,2019
2019-08,-0.1859732587123503,-0.13489836469722252,-0.5366303921270584,2.000503198471769,-1.0748950949297276,-1.188516912520208,-1.273698383508983,0.0009665312154567,89,1,0,2019-08-01,2019
2019-08,0.39093019636972925,0.4929451788605588,-0.5366303921270584,2.000503198471769,-1.0748950949297276,-1.188516912520208,-1.273698383508983,0.0009665312154567,89,0,0,2019-08-01,2019
2019-08,0.18325582328248874,1.560782741462981,-0.5366303921270584,2.000503198471769,-1.0748950949297276,-1.188516912520208,-1.273698383508983,0.0009665312154567,90,0,0,2019-08-01,2019
2019-08,-0.20466229648177092,-0.27584935724026083,-0.5366303921270584,2.000503198471769,-1.0748950949297276,-1.188516912520208,-1.273698383508983,0.0009665312154567,90,1,0,2019-08-01,2019
2019-08,-0.2051734373452643,-0.2793840235832198,-0.5366303921270584,2.000503198471769,-1.0748950949297276,-1.188516912520208,-1.273698383508983,0.0009665312154567,93,0,0,2019-08-01,2019
2019-08,-0.2035698228756424,-0.06242593678251122,-0.5366303921270584,2.000503198471769,-1.0748950949297276,-1.188516912520208,-1.273698383508983,0.0009665312154567,93,1,0,2019-08-01,2019
2019-08,-0.20275631699430785,-0.2733478216536644,-0.5366303921270584,2.000503198471769,-1.0748950949297276,-1.188516912520208,-1.273698383508983,0.0009665312154567,94,0,0,2019-08-01,2019
2019-08,-0.20457950606021916,-0.2755687473998118,-0.5366303921270584,2.000503198471769,-1.0748950949297276,-1.188516912520208,-1.273698383508983,0.0009665312154567,94,1,0,2019-08-01,2019
2019-08,-0.20469649252545533,-0.27910637721942,-0.5366303921270584,2.000503198471769,-1.0748950949297276,-1.188516912520208,-1.273698383508983,0.0009665312154567,99,0,0,2019-08-01,2019
2019-08,-0.11975531980513503,0.35473884311978465,-0.5366303921270584,2.000503198471769,-1.0748950949297276,-1.188516912520208,-1.273698383508983,0.0009665312154567,99,1,0,2019-08-01,2019
2019-08,-0.20508704734016683,-0.2793657093835504,-0.5366303921270584,2.000503198471769,-1.0748950949297276,-1.188516912520208,-1.273698383508983,0.0009665312154567,100,0,0,2019-08-01,2019
2019-08,-0.13577886595894395,-0.23695320148221183,-0.5366303921270584,2.000503198471769,-1.0748950949297276,-1.188516912520208,-1.273698383508983,0.0009665312154567,100,1,0,2019-08-01,2019
2019-08,-0.1485285908779131,-0.2585342018940592,-0.5366303921270584,2.000503198471769,-1.0748950949297276,-1.188516912520208,-1.273698383508983,0.0009665312154567,101,0,0,2019-08-01,2019
2019-08,1.2988369559827877,0.4279114644367463,-0.5366303921270584,2.000503198471769,-1.0748950949297276,-1.188516912520208,-1.273698383508983,0.0009665312154567,101,1,0,2019-08-01,2019
2019-09,-0.2005587712396408,-0.2780771260798028,-0.5366303921270584,2.000503198471769,-1.030007328270321,-1.1970516567122351,-1.1545762973769058,0.001013820414047,0,0,0,2019-09-01,2019
2019-09,-0.16201803021552938,-0.24949961106573948,-0.5366303921270584,2.000503198471769,-1.030007328270321,-1.1970516567122351,-1.1545762973769058,0.001013820414047,0,1,0,2019-09-01,2019
2019-09,-0.20430953729428955,-0.2700452570384556,-0.5366303921270584,2.000503198471769,-1.030007328270321,-1.1970516567122351,-1.1545762973769058,0.001013820414047,1,1,0,2019-09-01,2019
2019-09,-0.20518783567944723,-0.27912466561232613,-0.5366303921270584,2.000503198471769,-1.030007328270321,-1.1970516567122351,-1.1545762973769058,0.001013820414047,2,1,0,2019-09-01,2019
2019-09,-0.08781801479566193,0.045622331523035686,-0.5366303921270584,2.000503198471769,-1.030007328270321,-1.1970516567122351,-1.1545762973769058,0.001013820414047,4,1,0,2019-09-01,2019
2019-09,-0.20401977081885844,-0.2764655926393296,-0.5366303921270584,2.000503198471769,-1.030007328270321,-1.1970516567122351,-1.1545762973769058,0.001013820414047,4,0,0,2019-09-01,2019
2019-09,-0.20520763338894873,-0.27812233952905707,-0.5366303921270584,2.000503198471769,-1.030007328270321,-1.1970516567122351,-1.1545762973769058,0.001013820414047,6,1,0,2019-09-01,2019
2019-09,-0.20482067815778296,-0.27297344293886294,-0.5366303921270584,2.000503198471769,-1.030007328270321,-1.1970516567122351,-1.1545762973769058,0.001013820414047,6,0,0,2019-09-01,2019
2019-09,-0.20356622329209667,-0.2742349334423011,-0.5366303921270584,2.000503198471769,-1.030007328270321,-1.1970516567122351,-1.1545762973769058,0.001013820414047,8,1,0,2019-09-01,2019
2019-09,-0.20407016498849861,-0.2660445850676944,-0.5366303921270584,2.000503198471769,-1.030007328270321,-1.1970516567122351,-1.1545762973769058,0.001013820414047,9,1,0,2019-09-01,2019
2019-09,-0.20499705775152363,-0.27853147565286007,-0.5366303921270584,2.000503198471769,-1.030007328270321,-1.1970516567122351,-1.1545762973769058,0.001013820414047,9,0,0,2019-09-01,2019
2019-09,-0.20477028398814276,-0.27753675396250216,-0.5366303921270584,2.000503198471769,-1.030007328270321,-1.1970516567122351,-1.1545762973769058,0.001013820414047,10,1,0,2019-09-01,2019
2019-09,-0.1775448338400278,-0.18147424760950415,-0.5366303921270584,2.000503198471769,-1.030007328270321,-1.1970516567122351,-1.1545762973769058,0.001013820414047,10,0,0,2019-09-01,2019
2019-09,-0.2053084217282291,-0.279557660088775,-0.5366303921270584,2.000503198471769,-1.030007328270321,-1.1970516567122351,-1.1545762973769058,0.001013820414047,12,0,0,2019-09-01,2019
2019-09,-0.20154505713117032,-0.2718977009152095,-0.5366303921270584,2.000503198471769,-1.030007328270321,-1.1970516567122351,-1.1545762973769058,0.001013820414047,12,1,0,2019-09-01,2019
2019-09,-0.2045435102247619,-0.26238564625619426,-0.5366303921270584,2.000503198471769,-1.030007328270321,-1.1970516567122351,-1.1545762973769058,0.001013820414047,19,0,0,2019-09-01,2019
2019-09,-0.2052994227693648,-0.278094726292355,-0.5366303921270584,2.000503198471769,-1.030007328270321,-1.1970516567122351,-1.1545762973769058,0.001013820414047,19,1,0,2019-09-01,2019
2019-09,-0.20502225483634373,1.222267896337253,-0.5366303921270584,2.000503198471769,-1.030007328270321,-1.1970516567122351,-1.1545762973769058,0.001013820414047,24,1,0,2019-09-01,2019
2019-09,-0.2018060269382356,-0.2693992234300609,-0.5366303921270584,2.000503198471769,-1.030007328270321,-1.1970516567122351,-1.1545762973769058,0.001013820414047,29,1,0,2019-09-01,2019
2019-09,-0.20278691345444655,-0.27331506856994375,-0.5366303921270584,2.000503198471769,-1.030007328270321,-1.1970516567122351,-1.1545762973769058,0.001013820414047,29,0,0,2019-09-01,2019
2019-09,-0.20490526837110756,-0.2781318063100511,-0.5366303921270584,2.000503198471769,-1.030007328270321,-1.1970516567122351,-1.1545762973769058,0.001013820414047,42,1,0,2019-09-01,2019
2019-09,-0.18753007859587772,-0.21364447267825462,-0.5366303921270584,2.000503198471769,-1.030007328270321,-1.1970516567122351,-1.1545762973769058,0.001013820414047,42,0,0,2019-09-01,2019
2019-09,-0.05093128241081258,0.2657462285992422,-0.5366303921270584,2.000503198471769,-1.030007328270321,-1.1970516567122351,-1.1545762973769058,0.001013820414047,44,1,0,2019-09-01,2019
2019-09,-0.1843948413275485,-0.13507548081469237,-0.5366303921270584,2.000503198471769,-1.030007328270321,-1.1970516567122351,-1.1545762973769058,0.001013820414047,44,0,0,2019-09-01,2019
2019-09,-0.20531202131177484,-0.2795818797361067,-0.5366303921270584,2.000503198471769,-1.030007328270321,-1.1970516567122351,-1.1545762973769058,0.001013820414047,45,0,0,2019-09-01,2019
2019-09,-0.20516983776171857,-0.2729804279694555,-0.5366303921270584,2.000503198471769,-1.030007328270321,-1.1970516567122351,-1.1545762973769058,0.001013820414047,45,1,0,2019-09-01,2019
2019-09,-0.20403416915304134,-0.2778131314937744,-0.5366303921270584,2.000503198471769,-1.030007328270321,-1.1970516567122351,-1.1545762973769058,0.001013820414047,49,1,0,2019-09-01,2019
2019-09,0.028176765173655225,-0.21747600712252457,-0.5366303921270584,2.000503198471769,-1.030007328270321,-1.1970516567122351,-1.1545762973769058,0.001013820414047,51,1,0,2019-09-01,2019
2019-09,-0.20469109315013673,-0.27910333202135373,-0.5366303921270584,2.000503198471769,-1.030007328270321,-1.1970516567122351,-1.1545762973769058,0.001013820414047,51,0,0,2019-09-01,2019
2019-09,-0.20530662193645624,-0.27942391653811266,-0.5366303921270584,2.000503198471769,-1.030007328270321,-1.1970516567122351,-1.1545762973769058,0.001013820414047,53,1,0,2019-09-01,2019
2019-09,-0.07827731860770942,-0.13866933066809076,-0.5366303921270584,2.000503198471769,-1.030007328270321,-1.1970516567122351,-1.1545762973769058,0.001013820414047,60,0,0,2019-09-01,2019
2019-09,-0.19585231575360124,-0.2783585273276588,-0.5366303921270584,2.000503198471769,-1.030007328270321,-1.1970516567122351,-1.1545762973769058,0.001013820414047,67,1,0,2019-09-01,2019
2019-09,-0.2029542940893229,-0.27935704691334506,-0.5366303921270584,2.000503198471769,-1.030007328270321,-1.1970516567122351,-1.1545762973769058,0.001013820414047,67,0,0,2019-09-01,2019
2019-09,-0.2052886240187276,-0.17696403830242635,-0.5366303921270584,2.000503198471769,-1.030007328270321,-1.1970516567122351,-1.1545762973769058,0.001013820414047,68,1,0,2019-09-01,2019
2019-09,-0.2053138211035477,-0.27958295501790975,-0.5366303921270584,2.000503198471769,-1.030007328270321,-1.1970516567122351,-1.1545762973769058,0.001013820414047,76,0,0,2019-09-01,2019
2019-09,-0.20406296582140718,-0.2792196990180789,-0.5366303921270584,2.000503198471769,-1.030007328270321,-1.1970516567122351,-1.1545762973769058,0.001013820414047,76,1,0,2019-09-01,2019
2019-09,-0.20522743109845024,-0.2794032840308759,-0.5366303921270584,2.000503198471769,-1.030007328270321,-1.1970516567122351,-1.1545762973769058,0.001013820414047,78,1,0,2019-09-01,2019
2019-09,-0.0890166761163894,-0.11147290330072711,-0.5366303921270584,2.000503198471769,-1.030007328270321,-1.1970516567122351,-1.1545762973769058,0.001013820414047,79,1,0,2019-09-01,2019
2019-09,-0.20431313687783528,-0.278704458387079,-0.5366303921270584,2.000503198471769,-1.030007328270321,-1.1970516567122351,-1.1545762973769058,0.001013820414047,79,0,0,2019-09-01,2019
2019-09,-0.15154324209746042,-0.2639410628899303,-0.5366303921270584,2.000503198471769,-1.030007328270321,-1.1970516567122351,-1.1545762973769058,0.001013820414047,80,1,0,2019-09-01,2019
2019-09,-0.19112066318274157,-0.27466953654032733,-0.5366303921270584,2.000503198471769,-1.030007328270321,-1.1970516567122351,-1.1545762973769058,0.001013820414047,80,0,0,2019-09-01,2019
2019-09,-0.2034906320376364,-0.2679693782052841,-0.5366303921270584,2.000503198471769,-1.030007328270321,-1.1970516567122351,-1.1545762973769058,0.001013820414047,81,1,0,2019-09-01,2019
2019-09,-0.2050042569186151,-0.17564303740288065,-0.5366303921270584,2.000503198471769,-1.030007328270321,-1.1970516567122351,-1.1545762973769058,0.001013820414047,84,1,0,2019-09-01,2019
2019-09,-0.19922692532772138,-0.2766658402189465,-0.5366303921270584,2.000503198471769,-1.030007328270321,-1.1970516567122351,-1.1545762973769058,0.001013820414047,87,0,0,2019-09-01,2019
2019-09,-0.1862684245631,-0.23464711341726352,-0.5366303921270584,2.000503198471769,-1.030007328270321,-1.1970516567122351,-1.1545762973769058,0.001013820414047,87,1,0,2019-09-01,2019
2019-09,1.400384807391325,0.556311303252942,-0.5366303921270584,2.000503198471769,-1.030007328270321,-1.1970516567122351,-1.1545762973769058,0.001013820414047,88,0,0,2019-09-01,2019
2019-09,9.703902330885276,6.590304044838342,-0.5366303921270584,2.000503198471769,-1.030007328270321,-1.1970516567122351,-1.1545762973769058,0.001013820414047,88,1,0,2019-09-01,2019
2019-09,0.4025442526800212,0.5094833097691192,-0.5366303921270584,2.000503198471769,-1.030007328270321,-1.1970516567122351,-1.1545762973769058,0.001013820414047,89,0,0,2019-09-01,2019
2019-09,-0.18637281248592613,-0.10738921957477106,-0.5366303921270584,2.000503198471769,-1.030007328270321,-1.1970516567122351,-1.1545762973769058,0.001013820414047,89,1,0,2019-09-01,2019
2019-09,-0.20468929335836386,-0.27515165849179357,-0.5366303921270584,2.000503198471769,-1.030007328270321,-1.1970516567122351,-1.1545762973769058,0.001013820414047,90,1,0,2019-09-01,2019
2019-09,0.18049494270291525,1.6810135224842702,-0.5366303921270584,2.000503198471769,-1.030007328270321,-1.1970516567122351,-1.1545762973769058,0.001013820414047,90,0,0,2019-09-01,2019
2019-09,-0.20517703692881004,-0.27938342142541006,-0.5366303921270584,2.000503198471769,-1.030007328270321,-1.1970516567122351,-1.1545762973769058,0.001013820414047,93,0,0,2019-09-01,2019
2019-09,-0.204025170194177,-0.07279180390328648,-0.5366303921270584,2.000503198471769,-1.030007328270321,-1.1970516567122351,-1.1545762973769058,0.001013820414047,93,1,0,2019-09-01,2019
2019-09,-0.20274911782721639,-0.2730798614283464,-0.5366303921270584,2.000503198471769,-1.030007328270321,-1.1970516567122351,-1.1545762973769058,0.001013820414047,94,0,0,2019-09-01,2019
2019-09,-0.20446071980321012,-0.27500895139202103,-0.5366303921270584,2.000503198471769,-1.030007328270321,-1.1970516567122351,-1.1545762973769058,0.001013820414047,94,1,0,2019-09-01,2019
2019-09,-0.20436173125570262,-0.2787710871487227,-0.5366303921270584,2.000503198471769,-1.030007328270321,-1.1970516567122351,-1.1545762973769058,0.001013820414047,99,0,0,2019-09-01,2019
2019-09,-0.12346649044078077,0.34059535188321677,-0.5366303921270584,2.000503198471769,-1.030007328270321,-1.1970516567122351,-1.1545762973769058,0.001013820414047,99,1,0,2019-09-01,2019
2019-09,-0.13268862348493632,-0.2307832172918492,-0.5366303921270584,2.000503198471769,-1.030007328270321,-1.1970516567122351,-1.1545762973769058,0.001013820414047,100,1,0,2019-09-01,2019
2019-09,-0.20504025275407237,-0.27916646826770114,-0.5366303921270584,2.000503198471769,-1.030007328270321,-1.1970516567122351,-1.1545762973769058,0.001013820414047,100,0,0,2019-09-01,2019
2019-09,-0.14170738005875821,-0.25691853076920795,-0.5366303921270584,2.000503198471769,-1.030007328270321,-1.1970516567122351,-1.1545762973769058,0.001013820414047,101,0,0,2019-09-01,2019
2019-09,1.2988765514017908,0.3574050430605717,-0.5366303921270584,2.000503198471769,-1.030007328270321,-1.1970516567122351,-1.1545762973769058,0.001013820414047,101,1,0,2019-09-01,2019
2019-10,-0.2002942018490298,-0.27805169351459724,-1.722292058031214,-2.6340031813908023,-0.9503273409741219,-1.174031340610448,-1.133399037620092,0.0009866738875972,0,0,0,2019-10-01,2019
2019-10,-0.15817547478046456,-0.24603435201260326,-1.722292058031214,-2.6340031813908023,-0.9503273409741219,-1.174031340610448,-1.133399037620092,0.0009866738875972,0,1,0,2019-10-01,2019
2019-10,-0.2037012076750615,-0.26765146468852397,-1.722292058031214,-2.6340031813908023,-0.9503273409741219,-1.174031340610448,-1.133399037620092,0.0009866738875972,1,1,0,2019-10-01,2019
2019-10,-0.20516263859462713,-0.2790263848555281,-1.722292058031214,-2.6340031813908023,-0.9503273409741219,-1.174031340610448,-1.133399037620092,0.0009866738875972,2,1,0,2019-10-01,2019
2019-10,-0.20306588117924046,-0.27312587058613497,-1.722292058031214,-2.6340031813908023,-0.9503273409741219,-1.174031340610448,-1.133399037620092,0.0009866738875972,4,0,0,2019-10-01,2019
2019-10,-0.05186537434092904,0.12913184326674423,-1.722292058031214,-2.6340031813908023,-0.9503273409741219,-1.174031340610448,-1.133399037620092,0.0009866738875972,4,1,0,2019-10-01,2019
2019-10,-0.20480088044828143,-0.27187241888945635,-1.722292058031214,-2.6340031813908023,-0.9503273409741219,-1.174031340610448,-1.133399037620092,0.0009866738875972,6,0,0,2019-10-01,2019
2019-10,-0.20518243630412863,-0.277139919062526,-1.722292058031214,-2.6340031813908023,-0.9503273409741219,-1.174031340610448,-1.133399037620092,0.0009866738875972,6,1,0,2019-10-01,2019
2019-10,-0.2035896205851439,-0.275205633337179,-1.722292058031214,-2.6340031813908023,-0.9503273409741219,-1.174031340610448,-1.133399037620092,0.0009866738875972,8,1,0,2019-10-01,2019
2019-10,-0.2050492517129367,-0.2785570673597725,-1.722292058031214,-2.6340031813908023,-0.9503273409741219,-1.174031340610448,-1.133399037620092,0.0009866738875972,9,0,0,2019-10-01,2019
2019-10,-0.204025170194177,-0.2638140592056094,-1.722292058031214,-2.6340031813908023,-0.9503273409741219,-1.174031340610448,-1.133399037620092,0.0009866738875972,9,1,0,2019-10-01,2019
2019-10,-0.20481527878246436,-0.2780418095242637,-1.722292058031214,-2.6340031813908023,-0.9503273409741219,-1.174031340610448,-1.133399037620092,0.0009866738875972,10,1,0,2019-10-01,2019
2019-10,-0.17861930952842767,-0.1879942102199936,-1.722292058031214,-2.6340031813908023,-0.9503273409741219,-1.174031340610448,-1.133399037620092,0.0009866738875972,10,0,0,2019-10-01,2019
2019-10,-0.20530302235291054,-0.2795501331161537,-1.722292058031214,-2.6340031813908023,-0.9503273409741219,-1.174031340610448,-1.133399037620092,0.0009866738875972,12,0,0,2019-10-01,2019
2019-10,-0.20100152001576538,-0.26989532834609387,-1.722292058031214,-2.6340031813908023,-0.9503273409741219,-1.174031340610448,-1.133399037620092,0.0009866738875972,12,1,0,2019-10-01,2019
2019-10,-0.20462630064631362,-0.26541285270728016,-1.722292058031214,-2.6340031813908023,-0.9503273409741219,-1.174031340610448,-1.133399037620092,0.0009866738875972,19,0,0,2019-10-01,2019
2019-10,-0.20530482214468337,-0.27880181870265364,-1.722292058031214,-2.6340031813908023,-0.9503273409741219,-1.174031340610448,-1.133399037620092,0.0009866738875972,19,1,0,2019-10-01,2019
2019-10,-0.20505645088002813,1.0844451953370409,-1.722292058031214,-2.6340031813908023,-0.9503273409741219,-1.174031340610448,-1.133399037620092,0.0009866738875972,24,1,0,2019-10-01,2019
2019-10,-0.20310727639001636,-0.27401048341986134,-1.722292058031214,-2.6340031813908023,-0.9503273409741219,-1.174031340610448,-1.133399037620092,0.0009866738875972,29,0,0,2019-10-01,2019
2019-10,-0.20190321569397027,-0.2657583536539791,-1.722292058031214,-2.6340031813908023,-0.9503273409741219,-1.174031340610448,-1.133399037620092,0.0009866738875972,29,1,0,2019-10-01,2019
2019-10,-0.18777485027698723,-0.21578093288820951,-1.722292058031214,-2.6340031813908023,-0.9503273409741219,-1.174031340610448,-1.133399037620092,0.0009866738875972,42,0,0,2019-10-01,2019
2019-10,-0.20490526837110756,-0.27825207442915767,-1.722292058031214,-2.6340031813908023,-0.9503273409741219,-1.174031340610448,-1.133399037620092,0.0009866738875972,42,1,0,2019-10-01,2019
2019-10,-0.1927764716137765,-0.1785486036752792,-1.722292058031214,-2.6340031813908023,-0.9503273409741219,-1.174031340610448,-1.133399037620092,0.0009866738875972,44,0,0,2019-10-01,2019
2019-10,-0.03713407868003654,0.33398990436938547,-1.722292058031214,-2.6340031813908023,-0.9503273409741219,-1.174031340610448,-1.133399037620092,0.0009866738875972,44,1,0,2019-10-01,2019
2019-10,-0.20531022152000197,-0.27955628372806707,-1.722292058031214,-2.6340031813908023,-0.9503273409741219,-1.174031340610448,-1.133399037620092,0.0009866738875972,45,0,0,2019-10-01,2019
2019-10,-0.20515183984398994,-0.2724594324302457,-1.722292058031214,-2.6340031813908023,-0.9503273409741219,-1.174031340610448,-1.133399037620092,0.0009866738875972,45,1,0,2019-10-01,2019
2019-10,-0.2036706112149228,-0.2770815613685113,-1.722292058031214,-2.6340031813908023,-0.9503273409741219,-1.174031340610448,-1.133399037620092,0.0009866738875972,49,1,0,2019-10-01,2019
2019-10,0.038737943296821654,-0.21405777229319897,-1.722292058031214,-2.6340031813908023,-0.9503273409741219,-1.174031340610448,-1.133399037620092,0.0009866738875972,51,1,0,2019-10-01,2019
2019-10,-0.2046982923172282,-0.27915154765740213,-1.722292058031214,-2.6340031813908023,-0.9503273409741219,-1.174031340610448,-1.133399037620092,0.0009866738875972,51,0,0,2019-10-01,2019
2019-10,-0.2052796250598633,-0.2788673076655861,-1.722292058031214,-2.6340031813908023,-0.9503273409741219,-1.174031340610448,-1.133399037620092,0.0009866738875972,53,1,0,2019-10-01,2019
2019-10,-0.07120053735680786,-0.13814363399683804,-1.722292058031214,-2.6340031813908023,-0.9503273409741219,-1.174031340610448,-1.133399037620092,0.0009866738875972,60,0,0,2019-10-01,2019
2019-10,-0.20267892594807468,-0.2793269777330048,-1.722292058031214,-2.6340031813908023,-0.9503273409741219,-1.174031340610448,-1.133399037620092,0.0009866738875972,67,0,0,2019-10-01,2019
2019-10,-0.19493262215766768,-0.2782238633357731,-1.722292058031214,-2.6340031813908023,-0.9503273409741219,-1.174031340610448,-1.133399037620092,0.0009866738875972,67,1,0,2019-10-01,2019
2019-10,-0.20528502443518187,-0.1969668949243486,-1.722292058031214,-2.6340031813908023,-0.9503273409741219,-1.174031340610448,-1.133399037620092,0.0009866738875972,68,1,0,2019-10-01,2019
2019-10,-0.2052994227693648,-0.27957994422886123,-1.722292058031214,-2.6340031813908023,-0.9503273409741219,-1.174031340610448,-1.133399037620092,0.0009866738875972,76,0,0,2019-10-01,2019
2019-10,-0.2041817520784162,-0.2792214495768543,-1.722292058031214,-2.6340031813908023,-0.9503273409741219,-1.174031340610448,-1.133399037620092,0.0009866738875972,76,1,0,2019-10-01,2019
2019-10,-0.205283224643409,-0.2794985539986254,-1.722292058031214,-2.6340031813908023,-0.9503273409741219,-1.174031340610448,-1.133399037620092,0.0009866738875972,78,1,0,2019-10-01,2019
2019-10,-0.20427354145883228,-0.2784397197060429,-1.722292058031214,-2.6340031813908023,-0.9503273409741219,-1.174031340610448,-1.133399037620092,0.0009866738875972,79,0,0,2019-10-01,2019
2019-10,-0.07211843116096854,-0.08288891509020949,-1.722292058031214,-2.6340031813908023,-0.9503273409741219,-1.174031340610448,-1.133399037620092,0.0009866738875972,79,1,0,2019-10-01,2019
2019-10,-0.1302049108383839,-0.2637715253586083,-1.722292058031214,-2.6340031813908023,-0.9503273409741219,-1.174031340610448,-1.133399037620092,0.0009866738875972,80,1,0,2019-10-01,2019
2019-10,-0.19175778947033545,-0.27499007804581405,-1.722292058031214,-2.6340031813908023,-0.9503273409741219,-1.174031340610448,-1.133399037620092,0.0009866738875972,80,0,0,2019-10-01,2019
2019-10,-0.2035410262072766,-0.27220343363970473,-1.722292058031214,-2.6340031813908023,-0.9503273409741219,-1.174031340610448,-1.133399037620092,0.0009866738875972,81,1,0,2019-10-01,2019
2019-10,-0.20499705775152363,-0.20360924180853307,-1.722292058031214,-2.6340031813908023,-0.9503273409741219,-1.174031340610448,-1.133399037620092,0.0009866738875972,84,1,0,2019-10-01,2019
2019-10,-0.18682636001268788,-0.2390387148403386,-1.722292058031214,-2.6340031813908023,-0.9503273409741219,-1.174031340610448,-1.133399037620092,0.0009866738875972,87,1,0,2019-10-01,2019
2019-10,-0.19980645827858362,-0.2770519610110372,-1.722292058031214,-2.6340031813908023,-0.9503273409741219,-1.174031340610448,-1.133399037620092,0.0009866738875972,87,0,0,2019-10-01,2019
2019-10,10.008967036385737,6.70024214241837,-1.722292058031214,-2.6340031813908023,-0.9503273409741219,-1.174031340610448,-1.133399037620092,0.0009866738875972,88,1,0,2019-10-01,2019
2019-10,1.5341471317423563,0.6159692022171007,-1.722292058031214,-2.6340031813908023,-0.9503273409741219,-1.174031340610448,-1.133399037620092,0.0009866738875972,88,0,0,2019-10-01,2019
2019-10,0.42236895905811905,0.5399587745858411,-1.722292058031214,-2.6340031813908023,-0.9503273409741219,-1.174031340610448,-1.133399037620092,0.0009866738875972,89,0,0,2019-10-01,2019
2019-10,-0.1873518992103642,-0.119800621076236,-1.722292058031214,-2.6340031813908023,-0.9503273409741219,-1.174031340610448,-1.133399037620092,0.0009866738875972,89,1,0,2019-10-01,2019
2019-10,-0.2045525091836262,-0.2736261002831644,-1.722292058031214,-2.6340031813908023,-0.9503273409741219,-1.174031340610448,-1.133399037620092,0.0009866738875972,90,1,0,2019-10-01,2019
2019-10,0.19311688240601105,1.8238303311085649,-1.722292058031214,-2.6340031813908023,-0.9503273409741219,-1.174031340610448,-1.133399037620092,0.0009866738875972,90,0,0,2019-10-01,2019
2019-10,-0.20516623817817287,-0.27933102509371144,-1.722292058031214,-2.6340031813908023,-0.9503273409741219,-1.174031340610448,-1.133399037620092,0.0009866738875972,93,0,0,2019-10-01,2019
2019-10,-0.20389918477007654,-0.047468633567256356,-1.722292058031214,-2.6340031813908023,-0.9503273409741219,-1.174031340610448,-1.133399037620092,0.0009866738875972,93,1,0,2019-10-01,2019
2019-10,-0.20274911782721639,-0.27306050635589163,-1.722292058031214,-2.6340031813908023,-0.9503273409741219,-1.174031340610448,-1.133399037620092,0.0009866738875972,94,0,0,2019-10-01,2019
2019-10,-0.2044733183456202,-0.27496277879139847,-1.722292058031214,-2.6340031813908023,-0.9503273409741219,-1.174031340610448,-1.133399037620092,0.0009866738875972,94,1,0,2019-10-01,2019
2019-10,-0.12202485723071664,0.34247324122855777,-1.722292058031214,-2.6340031813908023,-0.9503273409741219,-1.174031340610448,-1.133399037620092,0.0009866738875972,99,1,0,2019-10-01,2019
2019-10,-0.2041763527030976,-0.27873129742088293,-1.722292058031214,-2.6340031813908023,-0.9503273409741219,-1.174031340610448,-1.133399037620092,0.0009866738875972,99,0,0,2019-10-01,2019
2019-10,-0.12591600704364878,-0.23135560269899,-1.722292058031214,-2.6340031813908023,-0.9503273409741219,-1.174031340610448,-1.133399037620092,0.0009866738875972,100,1,0,2019-10-01,2019
2019-10,-0.2049682610831578,-0.2790784198925409,-1.722292058031214,-2.6340031813908023,-0.9503273409741219,-1.174031340610448,-1.133399037620092,0.0009866738875972,100,0,0,2019-10-01,2019
2019-10,1.321607921493064,0.3803491438051174,-1.722292058031214,-2.6340031813908023,-0.9503273409741219,-1.174031340610448,-1.133399037620092,0.0009866738875972,101,1,0,2019-10-01,2019
2019-10,-0.13545850302337414,-0.25377692293653287,-1.722292058031214,-2.6340031813908023,-0.9503273409741219,-1.174031340610448,-1.133399037620092,0.0009866738875972,101,0,0,2019-10-01,2019
2019-11,-0.20027980351484687,-0.27785759224576656,-1.722292058031214,-2.6340031813908023,-1.0793427748076347,-1.2190882727834298,-1.2506884762732142,0.000982416344852,0,0,0,2019-11-01,2019
2019-11,-0.16183985083001584,-0.2478533890343002,-1.722292058031214,-2.6340031813908023,-1.0793427748076347,-1.2190882727834298,-1.2506884762732142,0.000982416344852,0,1,0,2019-11-01,2019
2019-11,-0.2035860210015982,-0.26986222256994186,-1.722292058031214,-2.6340031813908023,-1.0793427748076347,-1.2190882727834298,-1.2506884762732142,0.000982416344852,1,1,0,2019-11-01,2019
2019-11,-0.2051482402604442,-0.2790474603788677,-1.722292058031214,-2.6340031813908023,-1.0793427748076347,-1.2190882727834298,-1.2506884762732142,0.000982416344852,2,1,0,2019-11-01,2019
2019-11,-0.05137043160339142,0.13926087741983595,-1.722292058031214,-2.6340031813908023,-1.0793427748076347,-1.2190882727834298,-1.2506884762732142,0.000982416344852,4,1,0,2019-11-01,2019
2019-11,-0.20328725556730276,-0.27470749398797467,-1.722292058031214,-2.6340031813908023,-1.0793427748076347,-1.2190882727834298,-1.2506884762732142,0.000982416344852,4,0,0,2019-11-01,2019
2019-11,-0.204833276700193,-0.2737350478354486,-1.722292058031214,-2.6340031813908023,-1.0793427748076347,-1.2190882727834298,-1.2506884762732142,0.000982416344852,6,0,0,2019-11-01,2019
2019-11,-0.2051932350547658,-0.2767422497438707,-1.722292058031214,-2.6340031813908023,-1.0793427748076347,-1.2190882727834298,-1.2506884762732142,0.000982416344852,6,1,0,2019-11-01,2019
2019-11,-0.2031198749324264,-0.2722329135656169,-1.722292058031214,-2.6340031813908023,-1.0793427748076347,-1.2190882727834298,-1.2506884762732142,0.000982416344852,8,1,0,2019-11-01,2019
2019-11,-0.20508524754839397,-0.27881759093614067,-1.722292058031214,-2.6340031813908023,-1.0793427748076347,-1.2190882727834298,-1.2506884762732142,0.000982416344852,9,0,0,2019-11-01,2019
2019-11,-0.20409716186509158,-0.26604602594531046,-1.722292058031214,-2.6340031813908023,-1.0793427748076347,-1.2190882727834298,-1.2506884762732142,0.000982416344852,9,1,0,2019-11-01,2019
2019-11,-0.17975677792887776,-0.19817591167579832,-1.722292058031214,-2.6340031813908023,-1.0793427748076347,-1.2190882727834298,-1.2506884762732142,0.000982416344852,10,0,0,2019-11-01,2019
2019-11,-0.20479188148941713,-0.27798237224731875,-1.722292058031214,-2.6340031813908023,-1.0793427748076347,-1.2190882727834298,-1.2506884762732142,0.000982416344852,10,1,0,2019-11-01,2019
2019-11,-0.20029960122434837,-0.26912414914033395,-1.722292058031214,-2.6340031813908023,-1.0793427748076347,-1.2190882727834298,-1.2506884762732142,0.000982416344852,12,1,0,2019-11-01,2019
2019-11,-0.2053084217282291,-0.27955886440439437,-1.722292058031214,-2.6340031813908023,-1.0793427748076347,-1.2190882727834298,-1.2506884762732142,0.000982416344852,12,0,0,2019-11-01,2019
2019-11,-0.20472708898559402,-0.2741638831218833,-1.722292058031214,-2.6340031813908023,-1.0793427748076347,-1.2190882727834298,-1.2506884762732142,0.000982416344852,19,0,0,2019-11-01,2019
2019-11,-0.2052886240187276,-0.2783384754725957,-1.722292058031214,-2.6340031813908023,-1.0793427748076347,-1.2190882727834298,-1.2506884762732142,0.000982416344852,19,1,0,2019-11-01,2019
2019-11,-0.20503485337875377,1.0336102975491264,-1.722292058031214,-2.6340031813908023,-1.0793427748076347,-1.2190882727834298,-1.2506884762732142,0.000982416344852,24,1,0,2019-11-01,2019
2019-11,-0.20220558071181144,-0.2697983938421133,-1.722292058031214,-2.6340031813908023,-1.0793427748076347,-1.2190882727834298,-1.2506884762732142,0.000982416344852,29,1,0,2019-11-01,2019
2019-11,-0.20295069450577716,-0.27379453242479285,-1.722292058031214,-2.6340031813908023,-1.0793427748076347,-1.2190882727834298,-1.2506884762732142,0.000982416344852,29,0,0,2019-11-01,2019
2019-11,-0.20493046545592766,-0.27844415846932585,-1.722292058031214,-2.6340031813908023,-1.0793427748076347,-1.2190882727834298,-1.2506884762732142,0.000982416344852,42,1,0,2019-11-01,2019
2019-11,-0.18872514033305948,-0.2221044329110288,-1.722292058031214,-2.6340031813908023,-1.0793427748076347,-1.2190882727834298,-1.2506884762732142,0.000982416344852,42,0,0,2019-11-01,2019
2019-11,-0.05473244263510152,0.3344274967508241,-1.722292058031214,-2.6340031813908023,-1.0793427748076347,-1.2190882727834298,-1.2506884762732142,0.000982416344852,44,1,0,2019-11-01,2019
2019-11,-0.1906329196122954,-0.2017762605324143,-1.722292058031214,-2.6340031813908023,-1.0793427748076347,-1.2190882727834298,-1.2506884762732142,0.000982416344852,44,0,0,2019-11-01,2019
2019-11,-0.20531202131177484,-0.2795829507167825,-1.722292058031214,-2.6340031813908023,-1.0793427748076347,-1.2190882727834298,-1.2506884762732142,0.000982416344852,45,0,0,2019-11-01,2019
2019-11,-0.20514104109335277,-0.2748785713228386,-1.722292058031214,-2.6340031813908023,-1.0793427748076347,-1.2190882727834298,-1.2506884762732142,0.000982416344852,45,1,0,2019-11-01,2019
2019-11,-0.20388658622766648,-0.2774399183844474,-1.722292058031214,-2.6340031813908023,-1.0793427748076347,-1.2190882727834298,-1.2506884762732142,0.000982416344852,49,1,0,2019-11-01,2019
2019-11,-0.20479728086473573,-0.2793103882853475,-1.722292058031214,-2.6340031813908023,-1.0793427748076347,-1.2190882727834298,-1.2506884762732142,0.000982416344852,51,0,0,2019-11-01,2019
2019-11,0.013341081589936608,-0.22618305851138334,-1.722292058031214,-2.6340031813908023,-1.0793427748076347,-1.2190882727834298,-1.2506884762732142,0.000982416344852,51,1,0,2019-11-01,2019
2019-11,-0.20531022152000197,-0.2793647373288004,-1.722292058031214,-2.6340031813908023,-1.0793427748076347,-1.2190882727834298,-1.2506884762732142,0.000982416344852,53,1,0,2019-11-01,2019
2019-11,-0.07719564375221812,-0.14262050956802155,-1.722292058031214,-2.6340031813908023,-1.0793427748076347,-1.2190882727834298,-1.2506884762732142,0.000982416344852,60,0,0,2019-11-01,2019
2019-11,-0.20300828784250882,-0.2793564146476449,-1.722292058031214,-2.6340031813908023,-1.0793427748076347,-1.2190882727834298,-1.2506884762732142,0.000982416344852,67,0,0,2019-11-01,2019
2019-11,-0.19579472241686957,-0.27834394220528236,-1.722292058031214,-2.6340031813908023,-1.0793427748076347,-1.2190882727834298,-1.2506884762732142,0.000982416344852,67,1,0,2019-11-01,2019
2019-11,-0.2052796250598633,-0.1502635524082616,-1.722292058031214,-2.6340031813908023,-1.0793427748076347,-1.2190882727834298,-1.2506884762732142,0.000982416344852,68,1,0,2019-11-01,2019
2019-11,-0.20531022152000197,-0.2795821033947217,-1.722292058031214,-2.6340031813908023,-1.0793427748076347,-1.2190882727834298,-1.2506884762732142,0.000982416344852,76,0,0,2019-11-01,2019
2019-11,-0.20427894083415085,-0.279274942695992,-1.722292058031214,-2.6340031813908023,-1.0793427748076347,-1.2190882727834298,-1.2506884762732142,0.000982416344852,76,1,0,2019-11-01,2019
2019-11,-0.2052940233940462,-0.2795449846668807,-1.722292058031214,-2.6340031813908023,-1.0793427748076347,-1.2190882727834298,-1.2506884762732142,0.000982416344852,78,1,0,2019-11-01,2019
2019-11,-0.20441392521711566,-0.27878245072681723,-1.722292058031214,-2.6340031813908023,-1.0793427748076347,-1.2190882727834298,-1.2506884762732142,0.000982416344852,79,0,0,2019-11-01,2019
2019-11,-0.034943732092460954,-0.033399353979607166,-1.722292058031214,-2.6340031813908023,-1.0793427748076347,-1.2190882727834298,-1.2506884762732142,0.000982416344852,79,1,0,2019-11-01,2019
2019-11,-0.13200110302770224,-0.26171899734507165,-1.722292058031214,-2.6340031813908023,-1.0793427748076347,-1.2190882727834298,-1.2506884762732142,0.000982416344852,80,1,0,2019-11-01,2019
2019-11,-0.1883921788550796,-0.2738738710173485,-1.722292058031214,-2.6340031813908023,-1.0793427748076347,-1.2190882727834298,-1.2506884762732142,0.000982416344852,80,0,0,2019-11-01,2019
2019-11,-0.20342763932558616,-0.2732403837970317,-1.722292058031214,-2.6340031813908023,-1.0793427748076347,-1.2190882727834298,-1.2506884762732142,0.000982416344852,81,1,0,2019-11-01,2019
2019-11,-0.2049628617078392,-0.2089815432472544,-1.722292058031214,-2.6340031813908023,-1.0793427748076347,-1.2190882727834298,-1.2506884762732142,0.000982416344852,84,1,0,2019-11-01,2019
2019-11,-0.19871758425600086,-0.27646856901936046,-1.722292058031214,-2.6340031813908023,-1.0793427748076347,-1.2190882727834298,-1.2506884762732142,0.000982416344852,87,0,0,2019-11-01,2019
2019-11,-0.1858688707895242,-0.22557274146335846,-1.722292058031214,-2.6340031813908023,-1.0793427748076347,-1.2190882727834298,-1.2506884762732142,0.000982416344852,87,1,0,2019-11-01,2019
2019-11,9.315467670882205,6.490419238561198,-1.722292058031214,-2.6340031813908023,-1.0793427748076347,-1.2190882727834298,-1.2506884762732142,0.000982416344852,88,1,0,2019-11-01,2019
2019-11,1.4161077883190656,0.5415088019071802,-1.722292058031214,-2.6340031813908023,-1.0793427748076347,-1.2190882727834298,-1.2506884762732142,0.000982416344852,88,0,0,2019-11-01,2019
2019-11,-0.18648079999229797,-0.1013998655228106,-1.722292058031214,-2.6340031813908023,-1.0793427748076347,-1.2190882727834298,-1.2506884762732142,0.000982416344852,89,1,0,2019-11-01,2019
2019-11,0.38050940200484623,0.4729364555011191,-1.722292058031214,-2.6340031813908023,-1.0793427748076347,-1.2190882727834298,-1.2506884762732142,0.000982416344852,89,0,0,2019-11-01,2019
2019-11,0.18030416477499164,1.4788545176331898,-1.722292058031214,-2.6340031813908023,-1.0793427748076347,-1.2190882727834298,-1.2506884762732142,0.000982416344852,90,0,0,2019-11-01,2019
2019-11,-0.20462990022985936,-0.27489965114730547,-1.722292058031214,-2.6340031813908023,-1.0793427748076347,-1.2190882727834298,-1.2506884762732142,0.000982416344852,90,1,0,2019-11-01,2019
2019-11,-0.20362921600414693,-0.018844950253697645,-1.722292058031214,-2.6340031813908023,-1.0793427748076347,-1.2190882727834298,-1.2506884762732142,0.000982416344852,93,1,0,2019-11-01,2019
2019-11,-0.2051644383864,-0.2793405176814687,-1.722292058031214,-2.6340031813908023,-1.0793427748076347,-1.2190882727834298,-1.2506884762732142,0.000982416344852,93,0,0,2019-11-01,2019
2019-11,-0.2025079457296526,-0.2727411476603882,-1.722292058031214,-2.6340031813908023,-1.0793427748076347,-1.2190882727834298,-1.2506884762732142,0.000982416344852,94,0,0,2019-11-01,2019
2019-11,-0.20447151855384732,-0.27494790119237156,-1.722292058031214,-2.6340031813908023,-1.0793427748076347,-1.2190882727834298,-1.2506884762732142,0.000982416344852,94,1,0,2019-11-01,2019
2019-11,-0.2041565549935961,-0.2787637795335892,-1.722292058031214,-2.6340031813908023,-1.0793427748076347,-1.2190882727834298,-1.2506884762732142,0.000982416344852,99,0,0,2019-11-01,2019
2019-11,-0.11773415364420867,0.3729137765911896,-1.722292058031214,-2.6340031813908023,-1.0793427748076347,-1.2190882727834298,-1.2506884762732142,0.000982416344852,99,1,0,2019-11-01,2019
2019-11,-0.11996409565078726,-0.2313647985089696,-1.722292058031214,-2.6340031813908023,-1.0793427748076347,-1.2190882727834298,-1.2506884762732142,0.000982416344852,100,1,0,2019-11-01,2019
2019-11,-0.20504565212939097,-0.27919664067509453,-1.722292058031214,-2.6340031813908023,-1.0793427748076347,-1.2190882727834298,-1.2506884762732142,0.000982416344852,100,0,0,2019-11-01,2019
2019-11,1.2045764614625771,0.3521505107860467,-1.722292058031214,-2.6340031813908023,-1.0793427748076347,-1.2190882727834298,-1.2506884762732142,0.000982416344852,101,1,0,2019-11-01,2019
2019-11,-0.1379962094231125,-0.2547039921969706,-1.722292058031214,-2.6340031813908023,-1.0793427748076347,-1.2190882727834298,-1.2506884762732142,0.000982416344852,101,0,0,2019-11-01,2019
2019-12,-0.1999234447438198,-0.277887158194223,-1.722292058031214,-2.6340031813908023,-1.11355526240361,-1.1826000919830835,-1.3406918302396729,0.0009455592651688,0,0,0,2019-12-01,2019
2019-12,-0.1602974292806713,-0.24806933572824147,-1.722292058031214,-2.6340031813908023,-1.11355526240361,-1.1826000919830835,-1.3406918302396729,0.0009455592651688,0,1,0,2019-12-01,2019
2019-12,-0.2031900668115681,-0.268445594709088,-1.722292058031214,-2.6340031813908023,-1.11355526240361,-1.1826000919830835,-1.3406918302396729,0.0009455592651688,1,1,0,2019-12-01,2019
2019-12,-0.20514644046867134,-0.278972620765376,-1.722292058031214,-2.6340031813908023,-1.11355526240361,-1.1826000919830835,-1.3406918302396729,0.0009455592651688,2,1,0,2019-12-01,2019
2019-12,-0.05698038255940876,0.1511285605270292,-1.722292058031214,-2.6340031813908023,-1.11355526240361,-1.1826000919830835,-1.3406918302396729,0.0009455592651688,4,1,0,2019-12-01,2019
2019-12,-0.20288230241840832,-0.27180504173167774,-1.722292058031214,-2.6340031813908023,-1.11355526240361,-1.1826000919830835,-1.3406918302396729,0.0009455592651688,4,0,0,2019-12-01,2019
2019-12,-0.20480987940714576,-0.2723352717910121,-1.722292058031214,-2.6340031813908023,-1.11355526240361,-1.1826000919830835,-1.3406918302396729,0.0009455592651688,6,0,0,2019-12-01,2019
2019-12,-0.2051932350547658,-0.2771815195649221,-1.722292058031214,-2.6340031813908023,-1.11355526240361,-1.1826000919830835,-1.3406918302396729,0.0009455592651688,6,1,0,2019-12-01,2019
2019-12,-0.20332685098630576,-0.2693769478922291,-1.722292058031214,-2.6340031813908023,-1.11355526240361,-1.1826000919830835,-1.3406918302396729,0.0009455592651688,8,1,0,2019-12-01,2019
2019-12,-0.20507624858952964,-0.2788622925512567,-1.722292058031214,-2.6340031813908023,-1.11355526240361,-1.1826000919830835,-1.3406918302396729,0.0009455592651688,9,0,0,2019-12-01,2019
2019-12,-0.20390458414539514,-0.26612638390501536,-1.722292058031214,-2.6340031813908023,-1.11355526240361,-1.1826000919830835,-1.3406918302396729,0.0009455592651688,9,1,0,2019-12-01,2019
2019-12,-0.20471629023495683,-0.27751873654061043,-1.722292058031214,-2.6340031813908023,-1.11355526240361,-1.1826000919830835,-1.3406918302396729,0.0009455592651688,10,1,0,2019-12-01,2019
2019-12,-0.17623098584583702,-0.1719365109199051,-1.722292058031214,-2.6340031813908023,-1.11355526240361,-1.1826000919830835,-1.3406918302396729,0.0009455592651688,10,0,0,2019-12-01,2019
2019-12,-0.20531202131177484,-0.2795769291386855,-1.722292058031214,-2.6340031813908023,-1.11355526240361,-1.1826000919830835,-1.3406918302396729,0.0009455592651688,12,0,0,2019-12-01,2019
2019-12,-0.20104831460185985,-0.2708933834100412,-1.722292058031214,-2.6340031813908023,-1.11355526240361,-1.1826000919830835,-1.3406918302396729,0.0009455592651688,12,1,0,2019-12-01,2019
2019-12,-0.20480448003182716,-0.27545038468006017,-1.722292058031214,-2.6340031813908023,-1.11355526240361,-1.1826000919830835,-1.3406918302396729,0.0009455592651688,19,0,0,2019-12-01,2019
2019-12,-0.20529762297759194,-0.27833268615536816,-1.722292058031214,-2.6340031813908023,-1.11355526240361,-1.1826000919830835,-1.3406918302396729,0.0009455592651688,19,1,0,2019-12-01,2019
2019-12,-0.2050492517129367,1.0906435669670038,-1.722292058031214,-2.6340031813908023,-1.11355526240361,-1.1826000919830835,-1.3406918302396729,0.0009455592651688,24,1,0,2019-12-01,2019
2019-12,-0.20082694021379754,-0.26586395923041944,-1.722292058031214,-2.6340031813908023,-1.11355526240361,-1.1826000919830835,-1.3406918302396729,0.0009455592651688,29,1,0,2019-12-01,2019
2019-12,-0.2030946778476063,-0.27427744578366614,-1.722292058031214,-2.6340031813908023,-1.11355526240361,-1.1826000919830835,-1.3406918302396729,0.0009455592651688,29,0,0,2019-12-01,2019
2019-12,-0.20486207336855883,-0.27775676092053175,-1.722292058031214,-2.6340031813908023,-1.11355526240361,-1.1826000919830835,-1.3406918302396729,0.0009455592651688,42,1,0,2019-12-01,2019
2019-12,-0.18613703976368093,-0.2014765966984154,-1.722292058031214,-2.6340031813908023,-1.11355526240361,-1.1826000919830835,-1.3406918302396729,0.0009455592651688,42,0,0,2019-12-01,2019
2019-12,-0.06973190727015077,0.3906186484718313,-1.722292058031214,-2.6340031813908023,-1.11355526240361,-1.1826000919830835,-1.3406918302396729,0.0009455592651688,44,1,0,2019-12-01,2019
2019-12,-0.18684615772218938,-0.20469672590947577,-1.722292058031214,-2.6340031813908023,-1.11355526240361,-1.1826000919830835,-1.3406918302396729,0.0009455592651688,44,0,0,2019-12-01,2019
2019-12,-0.20531202131177484,-0.27958080015317643,-1.722292058031214,-2.6340031813908023,-1.11355526240361,-1.1826000919830835,-1.3406918302396729,0.0009455592651688,45,0,0,2019-12-01,2019
2019-12,-0.20500065733506936,-0.2740887166227235,-1.722292058031214,-2.6340031813908023,-1.11355526240361,-1.1826000919830835,-1.3406918302396729,0.0009455592651688,45,1,0,2019-12-01,2019
2019-12,-0.2030100876342817,-0.27604581122567656,-1.722292058031214,-2.6340031813908023,-1.11355526240361,-1.1826000919830835,-1.3406918302396729,0.0009455592651688,49,1,0,2019-12-01,2019
2019-12,-0.2048584737850131,-0.2792981730840649,-1.722292058031214,-2.6340031813908023,-1.11355526240361,-1.1826000919830835,-1.3406918302396729,0.0009455592651688,51,0,0,2019-12-01,2019
2019-12,-0.025215857560130596,-0.2419090548808695,-1.722292058031214,-2.6340031813908023,-1.11355526240361,-1.1826000919830835,-1.3406918302396729,0.0009455592651688,51,1,0,2019-12-01,2019
2019-12,-0.20531022152000197,-0.27955354391003295,-1.722292058031214,-2.6340031813908023,-1.11355526240361,-1.1826000919830835,-1.3406918302396729,0.0009455592651688,53,1,0,2019-12-01,2019
2019-12,-0.07174407447221282,-0.12641920853370045,-1.722292058031214,-2.6340031813908023,-1.11355526240361,-1.1826000919830835,-1.3406918302396729,0.0009455592651688,60,0,0,2019-12-01,2019
2019-12,-0.19540236781038522,-0.2782826855515267,-1.722292058031214,-2.6340031813908023,-1.11355526240361,-1.1826000919830835,-1.3406918302396729,0.0009455592651688,67,1,0,2019-12-01,2019
2019-12,-0.2030244859684646,-0.279353476977759,-1.722292058031214,-2.6340031813908023,-1.11355526240361,-1.1826000919830835,-1.3406918302396729,0.0009455592651688,67,0,0,2019-12-01,2019
2019-12,-0.2052886240187276,-0.17352741185314152,-1.722292058031214,-2.6340031813908023,-1.11355526240361,-1.1826000919830835,-1.3406918302396729,0.0009455592651688,68,1,0,2019-12-01,2019
2019-12,-0.20531022152000197,-0.2795816904865093,-1.722292058031214,-2.6340031813908023,-1.11355526240361,-1.1826000919830835,-1.3406918302396729,0.0009455592651688,76,0,0,2019-12-01,2019
2019-12,-0.20418715145373478,-0.27920078266059983,-1.722292058031214,-2.6340031813908023,-1.11355526240361,-1.1826000919830835,-1.3406918302396729,0.0009455592651688,76,1,0,2019-12-01,2019
2019-12,-0.20530482214468337,-0.2795649117892547,-1.722292058031214,-2.6340031813908023,-1.11355526240361,-1.1826000919830835,-1.3406918302396729,0.0009455592651688,78,1,0,2019-12-01,2019
2019-12,-0.09784285497051486,-0.10301797538679115,-1.722292058031214,-2.6340031813908023,-1.11355526240361,-1.1826000919830835,-1.3406918302396729,0.0009455592651688,79,1,0,2019-12-01,2019
2019-12,-0.20421954770564635,-0.2786064529024226,-1.722292058031214,-2.6340031813908023,-1.11355526240361,-1.1826000919830835,-1.3406918302396729,0.0009455592651688,79,0,0,2019-12-01,2019
2019-12,-0.18090504507996505,-0.2714555192310354,-1.722292058031214,-2.6340031813908023,-1.11355526240361,-1.1826000919830835,-1.3406918302396729,0.0009455592651688,80,0,0,2019-12-01,2019
2019-12,-0.11879063141487989,-0.2569538946371464,-1.722292058031214,-2.6340031813908023,-1.11355526240361,-1.1826000919830835,-1.3406918302396729,0.0009455592651688,80,1,0,2019-12-01,2019
2019-12,-0.20366341204783134,-0.2735511402381108,-1.722292058031214,-2.6340031813908023,-1.11355526240361,-1.1826000919830835,-1.3406918302396729,0.0009455592651688,81,1,0,2019-12-01,2019
2019-12,-0.20500065733506936,-0.2035588110919704,-1.722292058031214,-2.6340031813908023,-1.11355526240361,-1.1826000919830835,-1.3406918302396729,0.0009455592651688,84,1,0,2019-12-01,2019
2019-12,-0.19907934240234654,-0.27660946534457664,-1.722292058031214,-2.6340031813908023,-1.11355526240361,-1.1826000919830835,-1.3406918302396729,0.0009455592651688,87,0,0,2019-12-01,2019
2019-12,-0.1836929225361315,-0.22273298243730608,-1.722292058031214,-2.6340031813908023,-1.11355526240361,-1.1826000919830835,-1.3406918302396729,0.0009455592651688,87,1,0,2019-12-01,2019
2019-12,1.4184763142921546,0.6083622071240259,-1.722292058031214,-2.6340031813908023,-1.11355526240361,-1.1826000919830835,-1.3406918302396729,0.0009455592651688,88,0,0,2019-12-01,2019
2019-12,9.141708573962815,6.994006834207456,-1.722292058031214,-2.6340031813908023,-1.11355526240361,-1.1826000919830835,-1.3406918302396729,0.0009455592651688,88,1,0,2019-12-01,2019
2019-12,0.4311627416603329,0.5501216457067108,-1.722292058031214,-2.6340031813908023,-1.11355526240361,-1.1826000919830835,-1.3406918302396729,0.0009455592651688,89,0,0,2019-12-01,2019
2019-12,-0.18719171774257928,-0.12754077046554516,-1.722292058031214,-2.6340031813908023,-1.11355526240361,-1.1826000919830835,-1.3406918302396729,0.0009455592651688,89,1,0,2019-12-01,2019
2019-12,0.1982462889586737,1.2855391636700992,-1.722292058031214,-2.6340031813908023,-1.11355526240361,-1.1826000919830835,-1.3406918302396729,0.0009455592651688,90,0,0,2019-12-01,2019
2019-12,-0.20465509731467946,-0.2774744177258162,-1.722292058031214,-2.6340031813908023,-1.11355526240361,-1.1826000919830835,-1.3406918302396729,0.0009455592651688,90,1,0,2019-12-01,2019
2019-12,-0.2037498020529288,-0.022182483033141357,-1.722292058031214,-2.6340031813908023,-1.11355526240361,-1.1826000919830835,-1.3406918302396729,0.0009455592651688,93,1,0,2019-12-01,2019
2019-12,-0.2051734373452643,-0.2793583888650353,-1.722292058031214,-2.6340031813908023,-1.11355526240361,-1.1826000919830835,-1.3406918302396729,0.0009455592651688,93,0,0,2019-12-01,2019
2019-12,-0.20271132219998625,-0.2727222227006547,-1.722292058031214,-2.6340031813908023,-1.11355526240361,-1.1826000919830835,-1.3406918302396729,0.0009455592651688,94,0,0,2019-12-01,2019
2019-12,-0.20429693875187951,-0.27404127949070045,-1.722292058031214,-2.6340031813908023,-1.11355526240361,-1.1826000919830835,-1.3406918302396729,0.0009455592651688,94,1,0,2019-12-01,2019
2019-12,-0.20389918477007654,-0.2784816384918527,-1.722292058031214,-2.6340031813908023,-1.11355526240361,-1.1826000919830835,-1.3406918302396729,0.0009455592651688,99,0,0,2019-12-01,2019
2019-12,-0.11505246390264119,0.39120711149249116,-1.722292058031214,-2.6340031813908023,-1.11355526240361,-1.1826000919830835,-1.3406918302396729,0.0009455592651688,99,1,0,2019-12-01,2019
2019-12,-0.2049538627489749,-0.27902650958821723,-1.722292058031214,-2.6340031813908023,-1.11355526240361,-1.1826000919830835,-1.3406918302396729,0.0009455592651688,100,0,0,2019-12-01,2019
2019-12,-0.1274638279683119,-0.22529722845865588,-1.722292058031214,-2.6340031813908023,-1.11355526240361,-1.1826000919830835,-1.3406918302396729,0.0009455592651688,100,1,0,2019-12-01,2019
2019-12,-0.1391192794893797,-0.2531553412363393,-1.722292058031214,-2.6340031813908023,-1.11355526240361,-1.1826000919830835,-1.3406918302396729,0.0009455592651688,101,0,0,2019-12-01,2019
2019-12,1.1318864713401426,0.3342982693837346,-1.722292058031214,-2.6340031813908023,-1.11355526240361,-1.1826000919830835,-1.3406918302396729,0.0009455592651688,101,1,0,2019-12-01,2019
2020-01,-0.1988399700965556,-0.27735639049398714,-1.4042834655204963,0.2586752973153662,-0.8857766677926683,-0.7819100675499786,-2.903736502290657,0.0,0,0,0,2020-01-01,2020
2020-01,-0.15551898212371718,-0.24195325756522895,-1.4042834655204963,0.2586752973153662,-0.8857766677926683,-0.7819100675499786,-2.903736502290657,0.0,0,1,0,2020-01-01,2020
2020-01,-0.2032350616058897,-0.20323297920001268,-1.4042834655204963,0.2586752973153662,-0.8857766677926683,-0.7819100675499786,-2.903736502290657,0.0,1,1,0,2020-01-01,2020
2020-01,-0.20514464067689847,-0.27896702930000017,-1.4042834655204963,0.2586752973153662,-0.8857766677926683,-0.7819100675499786,-2.903736502290657,0.0,2,1,0,2020-01-01,2020
2020-01,-0.055652136231035064,0.689415228986431,-1.4042834655204963,0.2586752973153662,-0.8857766677926683,-0.7819100675499786,-2.903736502290657,0.0,4,1,0,2020-01-01,2020
2020-01,-0.20382899289093484,-0.2743790900219441,-1.4042834655204963,0.2586752973153662,-0.8857766677926683,-0.7819100675499786,-2.903736502290657,0.0,4,0,0,2020-01-01,2020
2020-01,-0.2036310157959198,-0.238656082262417,-1.4042834655204963,0.2586752973153662,-0.8857766677926683,-0.7819100675499786,-2.903736502290657,0.0,6,1,0,2020-01-01,2020
2020-01,-0.20479368128119,-0.2708643809092496,-1.4042834655204963,0.2586752973153662,-0.8857766677926683,-0.7819100675499786,-2.903736502290657,0.0,6,0,0,2020-01-01,2020
2020-01,-0.2033700459888545,-0.2694343636393843,-1.4042834655204963,0.2586752973153662,-0.8857766677926683,-0.7819100675499786,-2.903736502290657,0.0,8,1,0,2020-01-01,2020
2020-01,-0.2038055955978876,-0.2550118324737998,-1.4042834655204963,0.2586752973153662,-0.8857766677926683,-0.7819100675499786,-2.903736502290657,0.0,9,1,0,2020-01-01,2020
2020-01,-0.20508704734016683,-0.27883936754321587,-1.4042834655204963,0.2586752973153662,-0.8857766677926683,-0.7819100675499786,-2.903736502290657,0.0,9,0,0,2020-01-01,2020
2020-01,-0.17463277075153372,-0.16051547406693217,-1.4042834655204963,0.2586752973153662,-0.8857766677926683,-0.7819100675499786,-2.903736502290657,0.0,10,0,0,2020-01-01,2020
2020-01,-0.20385239018398207,-0.2685489464948692,-1.4042834655204963,0.2586752973153662,-0.8857766677926683,-0.7819100675499786,-2.903736502290657,0.0,10,1,0,2020-01-01,2020
2020-01,-0.201496462753303,-0.27110318809432354,-1.4042834655204963,0.2586752973153662,-0.8857766677926683,-0.7819100675499786,-2.903736502290657,0.0,12,1,0,2020-01-01,2020
2020-01,-0.20531022152000197,-0.2795773592514067,-1.4042834655204963,0.2586752973153662,-0.8857766677926683,-0.7819100675499786,-2.903736502290657,0.0,12,0,0,2020-01-01,2020
2020-01,-0.20491966670529047,-0.27621343045426194,-1.4042834655204963,0.2586752973153662,-0.8857766677926683,-0.7819100675499786,-2.903736502290657,0.0,19,0,0,2020-01-01,2020
2020-01,-0.2052940233940462,-0.27829129640820544,-1.4042834655204963,0.2586752973153662,-0.8857766677926683,-0.7819100675499786,-2.903736502290657,0.0,19,1,0,2020-01-01,2020
2020-01,-0.2023927590561893,-0.27211324760432,-1.4042834655204963,0.2586752973153662,-0.8857766677926683,-0.7819100675499786,-2.903736502290657,0.0,29,0,0,2020-01-01,2020
2020-01,-0.19799586775508235,-0.2565999032653306,-1.4042834655204963,0.2586752973153662,-0.8857766677926683,-0.7819100675499786,-2.903736502290657,0.0,29,1,0,2020-01-01,2020
2020-01,-0.18510755886960267,-0.2026821166334416,-1.4042834655204963,0.2586752973153662,-0.8857766677926683,-0.7819100675499786,-2.903736502290657,0.0,42,0,0,2020-01-01,2020
2020-01,-0.20430233812719809,-0.2745716901973777,-1.4042834655204963,0.2586752973153662,-0.8857766677926683,-0.7819100675499786,-2.903736502290657,0.0,42,1,0,2020-01-01,2020
2020-01,-0.19175239009501685,-0.20234598784293795,-1.4042834655204963,0.2586752973153662,-0.8857766677926683,-0.7819100675499786,-2.903736502290657,0.0,44,0,0,2020-01-01,2020
2020-01,-0.06044858130571784,0.8250986611406187,-1.4042834655204963,0.2586752973153662,-0.8857766677926683,-0.7819100675499786,-2.903736502290657,0.0,44,1,0,2020-01-01,2020
2020-01,-0.2050744487977568,-0.274230025856152,-1.4042834655204963,0.2586752973153662,-0.8857766677926683,-0.7819100675499786,-2.903736502290657,0.0,45,1,0,2020-01-01,2020
2020-01,-0.20529582318581907,-0.27892229757699366,-1.4042834655204963,0.2586752973153662,-0.8857766677926683,-0.7819100675499786,-2.903736502290657,0.0,45,0,0,2020-01-01,2020
2020-01,-0.2040413683201328,-0.2776856202764425,-1.4042834655204963,0.2586752973153662,-0.8857766677926683,-0.7819100675499786,-2.903736502290657,0.0,49,1,0,2020-01-01,2020
2020-01,-0.07104935484788728,-0.23740603275736322,-1.4042834655204963,0.2586752973153662,-0.8857766677926683,-0.7819100675499786,-2.903736502290657,0.0,51,1,0,2020-01-01,2020
2020-01,-0.20498985858443217,-0.2793458725848479,-1.4042834655204963,0.2586752973153662,-0.8857766677926683,-0.7819100675499786,-2.903736502290657,0.0,51,0,0,2020-01-01,2020
2020-01,-0.20531022152000197,-0.2794967948375956,-1.4042834655204963,0.2586752973153662,-0.8857766677926683,-0.7819100675499786,-2.903736502290657,0.0,53,1,0,2020-01-01,2020
2020-01,-0.0734682749906166,-0.10349272090508853,-1.4042834655204963,0.2586752973153662,-0.8857766677926683,-0.7819100675499786,-2.903736502290657,0.0,60,0,0,2020-01-01,2020
2020-01,-0.2033196518192143,-0.27937998482476756,-1.4042834655204963,0.2586752973153662,-0.8857766677926683,-0.7819100675499786,-2.903736502290657,0.0,67,0,0,2020-01-01,2020
2020-01,-0.19639765266077905,-0.27828510278501994,-1.4042834655204963,0.2586752973153662,-0.8857766677926683,-0.7819100675499786,-2.903736502290657,0.0,67,1,0,2020-01-01,2020
2020-01,-0.2040161712353127,-0.2791977804738057,-1.4042834655204963,0.2586752973153662,-0.8857766677926683,-0.7819100675499786,-2.903736502290657,0.0,76,1,0,2020-01-01,2020
2020-01,-0.20530302235291054,-0.279579574331921,-1.4042834655204963,0.2586752973153662,-0.8857766677926683,-0.7819100675499786,-2.903736502290657,0.0,76,0,0,2020-01-01,2020
2020-01,-0.20528502443518187,-0.2794277187345682,-1.4042834655204963,0.2586752973153662,-0.8857766677926683,-0.7819100675499786,-2.903736502290657,0.0,78,1,0,2020-01-01,2020
2020-01,-0.10066672826213859,0.0072676446697264255,-1.4042834655204963,0.2586752973153662,-0.8857766677926683,-0.7819100675499786,-2.903736502290657,0.0,79,1,0,2020-01-01,2020
2020-01,-0.2039549783150353,-0.2780707991216737,-1.4042834655204963,0.2586752973153662,-0.8857766677926683,-0.7819100675499786,-2.903736502290657,0.0,79,0,0,2020-01-01,2020
2020-01,-0.1829568077010301,-0.27178900712943077,-1.4042834655204963,0.2586752973153662,-0.8857766677926683,-0.7819100675499786,-2.903736502290657,0.0,80,0,0,2020-01-01,2020
2020-01,-0.11378001111922628,-0.24123721020807457,-1.4042834655204963,0.2586752973153662,-0.8857766677926683,-0.7819100675499786,-2.903736502290657,0.0,80,1,0,2020-01-01,2020
2020-01,-0.2037048072586072,-0.27356846087739417,-1.4042834655204963,0.2586752973153662,-0.8857766677926683,-0.7819100675499786,-2.903736502290657,0.0,81,1,0,2020-01-01,2020
2020-01,-0.20510144567434974,-0.27417242085939947,-1.4042834655204963,0.2586752973153662,-0.8857766677926683,-0.7819100675499786,-2.903736502290657,0.0,84,1,0,2020-01-01,2020
2020-01,-0.18431745028131535,-0.2244336610403786,-1.4042834655204963,0.2586752973153662,-0.8857766677926683,-0.7819100675499786,-2.903736502290657,0.0,87,1,0,2020-01-01,2020
2020-01,-0.19969487118866605,-0.2769014602687562,-1.4042834655204963,0.2586752973153662,-0.8857766677926683,-0.7819100675499786,-2.903736502290657,0.0,87,0,0,2020-01-01,2020
2020-01,10.617881587939978,10.17051348834453,-1.4042834655204963,0.2586752973153662,-0.8857766677926683,-0.7819100675499786,-2.903736502290657,0.0,88,1,0,2020-01-01,2020
2020-01,1.5972802275508824,0.8330943921111292,-1.4042834655204963,0.2586752973153662,-0.8857766677926683,-0.7819100675499786,-2.903736502290657,0.0,88,0,0,2020-01-01,2020
2020-01,-0.1864232066555663,-0.07641562401109925,-1.4042834655204963,0.2586752973153662,-0.8857766677926683,-0.7819100675499786,-2.903736502290657,0.0,89,1,0,2020-01-01,2020
2020-01,0.30200608445606075,0.419724488145874,-1.4042834655204963,0.2586752973153662,-0.8857766677926683,-0.7819100675499786,-2.903736502290657,0.0,89,0,0,2020-01-01,2020
2020-01,-0.20446971876207445,-0.2035195374993961,-1.4042834655204963,0.2586752973153662,-0.8857766677926683,-0.7819100675499786,-2.903736502290657,0.0,90,1,0,2020-01-01,2020
2020-01,0.21038948405018762,3.892142746021116,-1.4042834655204963,0.2586752973153662,-0.8857766677926683,-0.7819100675499786,-2.903736502290657,0.0,90,0,0,2020-01-01,2020
2020-01,-0.20517523713703717,-0.2793834644366822,-1.4042834655204963,0.2586752973153662,-0.8857766677926683,-0.7819100675499786,-2.903736502290657,0.0,93,0,0,2020-01-01,2020
2020-01,-0.20459930376972066,-0.2628169890997937,-1.4042834655204963,0.2586752973153662,-0.8857766677926683,-0.7819100675499786,-2.903736502290657,0.0,93,1,0,2020-01-01,2020
2020-01,-0.20426454249996795,-0.27393255559703134,-1.4042834655204963,0.2586752973153662,-0.8857766677926683,-0.7819100675499786,-2.903736502290657,0.0,94,1,0,2020-01-01,2020
2020-01,-0.20266452761389178,-0.27283534234633466,-1.4042834655204963,0.2586752973153662,-0.8857766677926683,-0.7819100675499786,-2.903736502290657,0.0,94,0,0,2020-01-01,2020
2020-01,-0.20352302828954794,-0.2778211961072972,-1.4042834655204963,0.2586752973153662,-0.8857766677926683,-0.7819100675499786,-2.903736502290657,0.0,99,0,0,2020-01-01,2020
2020-01,-0.10727016427677691,0.4724874178201689,-1.4042834655204963,0.2586752973153662,-0.8857766677926683,-0.7819100675499786,-2.903736502290657,0.0,99,1,0,2020-01-01,2020
2020-01,-0.12717406149288077,-0.20383678864256558,-1.4042834655204963,0.2586752973153662,-0.8857766677926683,-0.7819100675499786,-2.903736502290657,0.0,100,1,0,2020-01-01,2020
2020-01,-0.20491966670529047,-0.2789867026558686,-1.4042834655204963,0.2586752973153662,-0.8857766677926683,-0.7819100675499786,-2.903736502290657,0.0,100,0,0,2020-01-01,2020
2020-01,1.3445930622243112,0.6022081887178747,-1.4042834655204963,0.2586752973153662,-0.8857766677926683,-0.7819100675499786,-2.903736502290657,0.0,101,1,0,2020-01-01,2020
2020-01,-0.12484153135524892,-0.24364015105558648,-1.4042834655204963,0.2586752973153662,-0.8857766677926683,-0.7819100675499786,-2.903736502290657,0.0,101,0,0,2020-01-01,2020
2022-01,-0.12963257705461312,-0.21884313761142077,-0.6033729362342466,-0.14567760831022725,0.7840515001369972,1.0730518277363172,-1.0250692088640831,0.0005702121447523,0,1,0,2022-01-01,2022
2022-01,-0.190902888378225,-0.27303165869567964,-0.6033729362342466,-0.14567760831022725,0.7840515001369972,1.0730518277363172,-1.0250692088640831,0.0005702121447523,0,0,0,2022-01-01,2022
2022-01,-0.19100187692573253,-0.27310804671496774,-0.6033729362342466,-0.14567760831022725,0.7840515001369972,1.0730518277363172,-1.0250692088640831,0.0005702121447523,0,0,0,2022-01-01,2022
2022-01,-0.13253384139247001,-0.22615948833426067,-0.6033729362342466,-0.14567760831022725,0.7840515001369972,1.0730518277363172,-1.0250692088640831,0.0005702121447523,0,1,0,2022-01-01,2022
2022-01,-0.2052796250598633,-0.2791291344834996,-0.6033729362342466,-0.14567760831022725,0.7840515001369972,1.0730518277363172,-1.0250692088640831,0.0005702121447523,1,0,0,2022-01-01,2022
2022-01,-0.2034258395338133,-0.18924099947062056,-0.6033729362342466,-0.14567760831022725,0.7840515001369972,1.0730518277363172,-1.0250692088640831,0.0005702121447523,1,1,0,2022-01-01,2022
2022-01,-0.2038811868523479,-0.2323397221107699,-0.6033729362342466,-0.14567760831022725,0.7840515001369972,1.0730518277363172,-1.0250692088640831,0.0005702121447523,1,1,0,2022-01-01,2022
2022-01,-0.20449671563866742,-0.27583172261869093,-0.6033729362342466,-0.14567760831022725,0.7840515001369972,1.0730518277363172,-1.0250692088640831,0.0005702121447523,2,0,0,2022-01-01,2022
2022-01,-0.20272032115885058,-0.2606718320106158,-0.6033729362342466,-0.14567760831022725,0.7840515001369972,1.0730518277363172,-1.0250692088640831,0.0005702121447523,2,1,0,2022-01-01,2022
2022-01,-0.20279051303799225,-0.2687752244963741,-0.6033729362342466,-0.14567760831022725,0.7840515001369972,1.0730518277363172,-1.0250692088640831,0.0005702121447523,2,1,0,2022-01-01,2022
2022-01,-0.20530302235291054,-0.279560498832735,-0.6033729362342466,-0.14567760831022725,0.7840515001369972,1.0730518277363172,-1.0250692088640831,0.0005702121447523,3,1,0,2022-01-01,2022
2022-01,-0.10058753742413257,1.1273472446342867,-0.6033729362342466,-0.14567760831022725,0.7840515001369972,1.0730518277363172,-1.0250692088640831,0.0005702121447523,5,1,0,2022-01-01,2022
2022-01,-0.19701498123887143,-0.21368703233201902,-0.6033729362342466,-0.14567760831022725,0.7840515001369972,1.0730518277363172,-1.0250692088640831,0.0005702121447523,5,0,0,2022-01-01,2022
2022-01,-0.1970365787401458,-0.21428319867151588,-0.6033729362342466,-0.14567760831022725,0.7840515001369972,1.0730518277363172,-1.0250692088640831,0.0005702121447523,5,0,0,2022-01-01,2022
2022-01,-0.11607654542140085,0.34005411093821925,-0.6033729362342466,-0.14567760831022725,0.7840515001369972,1.0730518277363172,-1.0250692088640831,0.0005702121447523,5,1,0,2022-01-01,2022
2022-01,-0.20482067815778296,-0.27163444182193436,-0.6033729362342466,-0.14567760831022725,0.7840515001369972,1.0730518277363172,-1.0250692088640831,0.0005702121447523,6,0,0,2022-01-01,2022
2022-01,-0.20364901371364844,-0.24067463997323196,-0.6033729362342466,-0.14567760831022725,0.7840515001369972,1.0730518277363172,-1.0250692088640831,0.0005702121447523,6,1,0,2022-01-01,2022
2022-01,-0.2048530744096945,-0.2727623350130354,-0.6033729362342466,-0.14567760831022725,0.7840515001369972,1.0730518277363172,-1.0250692088640831,0.0005702121447523,6,0,0,2022-01-01,2022
2022-01,-0.20520043422185727,-0.2771156348982861,-0.6033729362342466,-0.14567760831022725,0.7840515001369972,1.0730518277363172,-1.0250692088640831,0.0005702121447523,6,1,0,2022-01-01,2022
2022-01,-0.20343303870090473,-0.26644862435575095,-0.6033729362342466,-0.14567760831022725,0.7840515001369972,1.0730518277363172,-1.0250692088640831,0.0005702121447523,8,1,0,2022-01-01,2022
2022-01,-0.20343123890913187,-0.2664481082204855,-0.6033729362342466,-0.14567760831022725,0.7840515001369972,1.0730518277363172,-1.0250692088640831,0.0005702121447523,8,1,0,2022-01-01,2022
2022-01,-0.20487467191096886,-0.27568573805998275,-0.6033729362342466,-0.14567760831022725,0.7840515001369972,1.0730518277363172,-1.0250692088640831,0.0005702121447523,9,0,0,2022-01-01,2022
2022-01,-0.2039603776903539,-0.25287482171956177,-0.6033729362342466,-0.14567760831022725,0.7840515001369972,1.0730518277363172,-1.0250692088640831,0.0005702121447523,9,1,0,2022-01-01,2022
2022-01,-0.20487647170274173,-0.2756870283981464,-0.6033729362342466,-0.14567760831022725,0.7840515001369972,1.0730518277363172,-1.0250692088640831,0.0005702121447523,9,0,0,2022-01-01,2022
2022-01,-0.20431673646138102,-0.2645261925370007,-0.6033729362342466,-0.14567760831022725,0.7840515001369972,1.0730518277363172,-1.0250692088640831,0.0005702121447523,9,1,0,2022-01-01,2022
2022-01,-0.2052094331807216,-0.2793487457378256,-0.6033729362342466,-0.14567760831022725,0.7840515001369972,1.0730518277363172,-1.0250692088640831,0.0005702121447523,12,0,0,2022-01-01,2022
2022-01,-0.20264652969616315,-0.2721467705898116,-0.6033729362342466,-0.14567760831022725,0.7840515001369972,1.0730518277363172,-1.0250692088640831,0.0005702121447523,12,1,0,2022-01-01,2022
2022-01,-0.20272932011771488,-0.27285752756049503,-0.6033729362342466,-0.14567760831022725,0.7840515001369972,1.0730518277363172,-1.0250692088640831,0.0005702121447523,12,1,0,2022-01-01,2022
2022-01,-0.20523643005731454,-0.27922369476525905,-0.6033729362342466,-0.14567760831022725,0.7840515001369972,1.0730518277363172,-1.0250692088640831,0.0005702121447523,15,1,0,2022-01-01,2022
2022-01,-0.2052382298490874,-0.27923221099713913,-0.6033729362342466,-0.14567760831022725,0.7840515001369972,1.0730518277363172,-1.0250692088640831,0.0005702121447523,15,1,0,2022-01-01,2022
2022-01,-0.20191581423638033,-0.2783514003598683,-0.6033729362342466,-0.14567760831022725,0.7840515001369972,1.0730518277363172,-1.0250692088640831,0.0005702121447523,18,1,0,2022-01-01,2022
2022-01,-0.20529762297759194,-0.27958039154609127,-0.6033729362342466,-0.14567760831022725,0.7840515001369972,1.0730518277363172,-1.0250692088640831,0.0005702121447523,18,0,0,2022-01-01,2022
2022-01,-0.20194101132120043,-0.2784263690071763,-0.6033729362342466,-0.14567760831022725,0.7840515001369972,1.0730518277363172,-1.0250692088640831,0.0005702121447523,18,1,0,2022-01-01,2022
2022-01,-0.20445172084434582,-0.2580462476140933,-0.6033729362342466,-0.14567760831022725,0.7840515001369972,1.0730518277363172,-1.0250692088640831,0.0005702121447523,19,1,0,2022-01-01,2022
2022-01,-0.20491606712174473,-0.27430133854532973,-0.6033729362342466,-0.14567760831022725,0.7840515001369972,1.0730518277363172,-1.0250692088640831,0.0005702121447523,19,0,0,2022-01-01,2022
2022-01,-0.20462450085454076,-0.26038525220559633,-0.6033729362342466,-0.14567760831022725,0.7840515001369972,1.0730518277363172,-1.0250692088640831,0.0005702121447523,19,1,0,2022-01-01,2022
2022-01,-0.2050528512964824,1.6111116374411472,-0.6033729362342466,-0.14567760831022725,0.7840515001369972,1.0730518277363172,-1.0250692088640831,0.0005702121447523,24,1,0,2022-01-01,2022
2022-01,-0.20530662193645624,-0.27877304846273143,-0.6033729362342466,-0.14567760831022725,0.7840515001369972,1.0730518277363172,-1.0250692088640831,0.0005702121447523,27,1,0,2022-01-01,2022
2022-01,-0.19763590940050954,-0.2479145424610028,-0.6033729362342466,-0.14567760831022725,0.7840515001369972,1.0730518277363172,-1.0250692088640831,0.0005702121447523,30,1,0,2022-01-01,2022
2022-01,-0.20165844401286076,-0.26941097841073175,-0.6033729362342466,-0.14567760831022725,0.7840515001369972,1.0730518277363172,-1.0250692088640831,0.0005702121447523,30,0,0,2022-01-01,2022
2022-01,-0.19821004297605319,-0.25058417900243235,-0.6033729362342466,-0.14567760831022725,0.7840515001369972,1.0730518277363172,-1.0250692088640831,0.0005702121447523,30,1,0,2022-01-01,2022
2022-01,-0.20167284234704366,-0.26945838973599145,-0.6033729362342466,-0.14567760831022725,0.7840515001369972,1.0730518277363172,-1.0250692088640831,0.0005702121447523,30,0,0,2022-01-01,2022
2022-01,-0.20380199601434187,-0.26580266816764603,-0.6033729362342466,-0.14567760831022725,0.7840515001369972,1.0730518277363172,-1.0250692088640831,0.0005702121447523,37,1,0,2022-01-01,2022
2022-01,-0.17680151983783493,-0.1685051920616001,-0.6033729362342466,-0.14567760831022725,0.7840515001369972,1.0730518277363172,-1.0250692088640831,0.0005702121447523,37,0,0,2022-01-01,2022
2022-01,-0.1768033196296078,-0.16851248247222472,-0.6033729362342466,-0.14567760831022725,0.7840515001369972,1.0730518277363172,-1.0250692088640831,0.0005702121447523,37,0,0,2022-01-01,2022
2022-01,-0.20473608794445833,-0.2762788118890141,-0.6033729362342466,-0.14567760831022725,0.7840515001369972,1.0730518277363172,-1.0250692088640831,0.0005702121447523,37,1,0,2022-01-01,2022
2022-01,-0.20454171043298902,-0.2795180467071509,-0.6033729362342466,-0.14567760831022725,0.7840515001369972,1.0730518277363172,-1.0250692088640831,0.0005702121447523,39,1,0,2022-01-01,2022
2022-01,-0.20454710980830762,-0.2795183047747836,-0.6033729362342466,-0.14567760831022725,0.7840515001369972,1.0730518277363172,-1.0250692088640831,0.0005702121447523,39,1,0,2022-01-01,2022
2022-01,-0.1880628169606455,-0.21230627157098747,-0.6033729362342466,-0.14567760831022725,0.7840515001369972,1.0730518277363172,-1.0250692088640831,0.0005702121447523,41,0,0,2022-01-01,2022
2022-01,-0.20433473437910965,-0.2738171262460384,-0.6033729362342466,-0.14567760831022725,0.7840515001369972,1.0730518277363172,-1.0250692088640831,0.0005702121447523,41,1,0,2022-01-01,2022
2022-01,-0.2048476750343759,-0.2775801265293097,-0.6033729362342466,-0.14567760831022725,0.7840515001369972,1.0730518277363172,-1.0250692088640831,0.0005702121447523,41,1,0,2022-01-01,2022
2022-01,-0.16189924395852034,0.0794736908728066,-0.6033729362342466,-0.14567760831022725,0.7840515001369972,1.0730518277363172,-1.0250692088640831,0.0005702121447523,44,0,0,2022-01-01,2022
2022-01,0.011201129172001216,2.1447934287835313,-0.6033729362342466,-0.14567760831022725,0.7840515001369972,1.0730518277363172,-1.0250692088640831,0.0005702121447523,44,1,0,2022-01-01,2022
2022-01,-0.007358323589773186,1.3886318968604021,-0.6033729362342466,-0.14567760831022725,0.7840515001369972,1.0730518277363172,-1.0250692088640831,0.0005702121447523,44,1,0,2022-01-01,2022
2022-01,-0.16221420751877155,0.07415582450008246,-0.6033729362342466,-0.14567760831022725,0.7840515001369972,1.0730518277363172,-1.0250692088640831,0.0005702121447523,44,0,0,2022-01-01,2022
2022-01,-0.20498265941734073,-0.27300016154110496,-0.6033729362342466,-0.14567760831022725,0.7840515001369972,1.0730518277363172,-1.0250692088640831,0.0005702121447523,46,1,0,2022-01-01,2022
2022-01,-0.20528142485163614,-0.27883412446914424,-0.6033729362342466,-0.14567760831022725,0.7840515001369972,1.0730518277363172,-1.0250692088640831,0.0005702121447523,46,0,0,2022-01-01,2022
2022-01,-0.20499525795975077,-0.2736599544554514,-0.6033729362342466,-0.14567760831022725,0.7840515001369972,1.0730518277363172,-1.0250692088640831,0.0005702121447523,46,1,0,2022-01-01,2022
2022-01,-0.20392978123021524,-0.27650652646700785,-0.6033729362342466,-0.14567760831022725,0.7840515001369972,1.0730518277363172,-1.0250692088640831,0.0005702121447523,48,1,0,2022-01-01,2022
2022-01,-0.2053138211035477,-0.27957649902596426,-0.6033729362342466,-0.14567760831022725,0.7840515001369972,1.0730518277363172,-1.0250692088640831,0.0005702121447523,48,0,0,2022-01-01,2022
2022-01,-0.2039657770656725,-0.27671332466336884,-0.6033729362342466,-0.14567760831022725,0.7840515001369972,1.0730518277363172,-1.0250692088640831,0.0005702121447523,48,1,0,2022-01-01,2022
2022-01,-0.20506724963066533,-0.27917418448991976,-0.6033729362342466,-0.14567760831022725,0.7840515001369972,1.0730518277363172,-1.0250692088640831,0.0005702121447523,49,0,0,2022-01-01,2022
2022-01,-0.20383439226625344,-0.2700563969579351,-0.6033729362342466,-0.14567760831022725,0.7840515001369972,1.0730518277363172,-1.0250692088640831,0.0005702121447523,49,1,0,2022-01-01,2022
2022-01,-0.20401797102708558,-0.27692478528162784,-0.6033729362342466,-0.14567760831022725,0.7840515001369972,1.0730518277363172,-1.0250692088640831,0.0005702121447523,49,1,0,2022-01-01,2022
2022-01,-0.2051986344300844,-0.27915513049636986,-0.6033729362342466,-0.14567760831022725,0.7840515001369972,1.0730518277363172,-1.0250692088640831,0.0005702121447523,50,1,0,2022-01-01,2022
2022-01,-0.09079127080443337,-0.22408461596485682,-0.6033729362342466,-0.14567760831022725,0.7840515001369972,1.0730518277363172,-1.0250692088640831,0.0005702121447523,51,1,0,2022-01-01,2022
2022-01,-0.20488547066160606,-0.2792738717153162,-0.6033729362342466,-0.14567760831022725,0.7840515001369972,1.0730518277363172,-1.0250692088640831,0.0005702121447523,51,0,0,2022-01-01,2022
2022-01,-0.09448084393880475,-0.24272570130238924,-0.6033729362342466,-0.14567760831022725,0.7840515001369972,1.0730518277363172,-1.0250692088640831,0.0005702121447523,51,1,0,2022-01-01,2022
2022-01,-0.2053084217282291,-0.2794814226089393,-0.6033729362342466,-0.14567760831022725,0.7840515001369972,1.0730518277363172,-1.0250692088640831,0.0005702121447523,52,0,0,2022-01-01,2022
2022-01,-0.20531022152000197,-0.27948196024984084,-0.6033729362342466,-0.14567760831022725,0.7840515001369972,1.0730518277363172,-1.0250692088640831,0.0005702121447523,52,0,0,2022-01-01,2022
2022-01,-0.205283224643409,-0.2777555049913858,-0.6033729362342466,-0.14567760831022725,0.7840515001369972,1.0730518277363172,-1.0250692088640831,0.0005702121447523,53,1,0,2022-01-01,2022
2022-01,-0.20502765421166233,-0.09060986424764353,-0.6033729362342466,-0.14567760831022725,0.7840515001369972,1.0730518277363172,-1.0250692088640831,0.0005702121447523,53,1,0,2022-01-01,2022
2022-01,-0.06806530008847864,-0.09312834197432868,-0.6033729362342466,-0.14567760831022725,0.7840515001369972,1.0730518277363172,-1.0250692088640831,0.0005702121447523,60,0,0,2022-01-01,2022
2022-01,-0.07506289050137417,-0.14199027830100436,-0.6033729362342466,-0.14567760831022725,0.7840515001369972,1.0730518277363172,-1.0250692088640831,0.0005702121447523,60,0,0,2022-01-01,2022
2022-01,-0.20524722880795174,-0.27906595522588,-0.6033729362342466,-0.14567760831022725,0.7840515001369972,1.0730518277363172,-1.0250692088640831,0.0005702121447523,61,1,0,2022-01-01,2022
2022-01,-0.20525082839149747,-0.27907971883295896,-0.6033729362342466,-0.14567760831022725,0.7840515001369972,1.0730518277363172,-1.0250692088640831,0.0005702121447523,61,1,0,2022-01-01,2022
2022-01,-0.20145866712607285,-0.27913093235467423,-0.6033729362342466,-0.14567760831022725,0.7840515001369972,1.0730518277363172,-1.0250692088640831,0.0005702121447523,67,0,0,2022-01-01,2022
2022-01,-0.1967522116400333,-0.2782151062407691,-0.6033729362342466,-0.14567760831022725,0.7840515001369972,1.0730518277363172,-1.0250692088640831,0.0005702121447523,67,1,0,2022-01-01,2022
2022-01,-0.19678280810017196,-0.27825804009260097,-0.6033729362342466,-0.14567760831022725,0.7840515001369972,1.0730518277363172,-1.0250692088640831,0.0005702121447523,67,1,0,2022-01-01,2022
2022-01,-0.20528682422695474,-0.2783239763727635,-0.6033729362342466,-0.14567760831022725,0.7840515001369972,1.0730518277363172,-1.0250692088640831,0.0005702121447523,68,1,0,2022-01-01,2022
2022-01,-0.2052580275585889,-0.14911778803359405,-0.6033729362342466,-0.14567760831022725,0.7840515001369972,1.0730518277363172,-1.0250692088640831,0.0005702121447523,68,1,0,2022-01-01,2022
2022-01,-0.19711037020283323,-0.044210882396471134,-0.6033729362342466,-0.14567760831022725,0.7840515001369972,1.0730518277363172,-1.0250692088640831,0.0005702121447523,72,1,0,2022-01-01,2022
2022-01,-0.1998334551551766,-0.18076420462593795,-0.6033729362342466,-0.14567760831022725,0.7840515001369972,1.0730518277363172,-1.0250692088640831,0.0005702121447523,72,1,0,2022-01-01,2022
2022-01,-0.2045489096000805,-0.2793312530534537,-0.6033729362342466,-0.14567760831022725,0.7840515001369972,1.0730518277363172,-1.0250692088640831,0.0005702121447523,77,1,0,2022-01-01,2022
2022-01,-0.20514464067689847,-0.27952725542051216,-0.6033729362342466,-0.14567760831022725,0.7840515001369972,1.0730518277363172,-1.0250692088640831,0.0005702121447523,77,0,0,2022-01-01,2022
2022-01,-0.20469469273368246,-0.27937998482476756,-0.6033729362342466,-0.14567760831022725,0.7840515001369972,1.0730518277363172,-1.0250692088640831,0.0005702121447523,77,1,0,2022-01-01,2022
2022-01,-0.2051644383864,-0.27939245809368285,-0.6033729362342466,-0.14567760831022725,0.7840515001369972,1.0730518277363172,-1.0250692088640831,0.0005702121447523,78,0,0,2022-01-01,2022
2022-01,-0.20113650439873018,-0.27228838950439943,-0.6033729362342466,-0.14567760831022725,0.7840515001369972,1.0730518277363172,-1.0250692088640831,0.0005702121447523,78,1,0,2022-01-01,2022
2022-01,-0.20124269211332915,-0.2730066992544674,-0.6033729362342466,-0.14567760831022725,0.7840515001369972,1.0730518277363172,-1.0250692088640831,0.0005702121447523,78,1,0,2022-01-01,2022
2022-01,-0.18699914002288281,-0.24468229697458574,-0.6033729362342466,-0.14567760831022725,0.7840515001369972,1.0730518277363172,-1.0250692088640831,0.0005702121447523,79,0,0,2022-01-01,2022
2022-01,-0.009946424159151734,-0.005541069156835238,-0.6033729362342466,-0.14567760831022725,0.7840515001369972,1.0730518277363172,-1.0250692088640831,0.0005702121447523,79,1,0,2022-01-01,2022
2022-01,-0.18701353835706575,-0.2447250931903468,-0.6033729362342466,-0.14567760831022725,0.7840515001369972,1.0730518277363172,-1.0250692088640831,0.0005702121447523,79,0,0,2022-01-01,2022
2022-01,-0.01958250931106602,-0.07642400690803576,-0.6033729362342466,-0.14567760831022725,0.7840515001369972,1.0730518277363172,-1.0250692088640831,0.0005702121447523,79,1,0,2022-01-01,2022
2022-01,-0.05690119172140274,-0.2554166416636274,-0.6033729362342466,-0.14567760831022725,0.7840515001369972,1.0730518277363172,-1.0250692088640831,0.0005702121447523,80,1,0,2022-01-01,2022
2022-01,-0.19044934085146326,-0.2768889052784239,-0.6033729362342466,-0.14567760831022725,0.7840515001369972,1.0730518277363172,-1.0250692088640831,0.0005702121447523,80,0,0,2022-01-01,2022
2022-01,-0.06621691393774722,-0.2569162468706583,-0.6033729362342466,-0.14567760831022725,0.7840515001369972,1.0730518277363172,-1.0250692088640831,0.0005702121447523,80,1,0,2022-01-01,2022
2022-01,-0.19046013960210045,-0.2768905397067645,-0.6033729362342466,-0.14567760831022725,0.7840515001369972,1.0730518277363172,-1.0250692088640831,0.0005702121447523,80,0,0,2022-01-01,2022
2022-01,-0.1922419334572359,-0.27427221561297616,-0.6033729362342466,-0.14567760831022725,0.7840515001369972,1.0730518277363172,-1.0250692088640831,0.0005702121447523,81,0,0,2022-01-01,2022
2022-01,-0.19653443683551672,-0.23764736470411071,-0.6033729362342466,-0.14567760831022725,0.7840515001369972,1.0730518277363172,-1.0250692088640831,0.0005702121447523,81,1,0,2022-01-01,2022
2022-01,-0.19806246005067832,-0.25642106239584866,-0.6033729362342466,-0.14567760831022725,0.7840515001369972,1.0730518277363172,-1.0250692088640831,0.0005702121447523,81,1,0,2022-01-01,2022
2022-01,-0.19224553304078162,-0.27427331240041525,-0.6033729362342466,-0.14567760831022725,0.7840515001369972,1.0730518277363172,-1.0250692088640831,0.0005702121447523,81,0,0,2022-01-01,2022
2022-01,-0.20503485337875377,-0.2684983265287092,-0.6033729362342466,-0.14567760831022725,0.7840515001369972,1.0730518277363172,-1.0250692088640831,0.0005702121447523,84,1,0,2022-01-01,2022
2022-01,-0.20503665317052663,-0.23643087689469347,-0.6033729362342466,-0.14567760831022725,0.7840515001369972,1.0730518277363172,-1.0250692088640831,0.0005702121447523,84,1,0,2022-01-01,2022
2022-01,-0.203985574775174,-0.27425251645034443,-0.6033729362342466,-0.14567760831022725,0.7840515001369972,1.0730518277363172,-1.0250692088640831,0.0005702121447523,86,1,0,2022-01-01,2022
2022-01,-0.20409716186509158,-0.2782358161682957,-0.6033729362342466,-0.14567760831022725,0.7840515001369972,1.0730518277363172,-1.0250692088640831,0.0005702121447523,86,1,0,2022-01-01,2022
2022-01,-0.2014118725399784,-0.2752733201761169,-0.6033729362342466,-0.14567760831022725,0.7840515001369972,1.0730518277363172,-1.0250692088640831,0.0005702121447523,87,0,0,2022-01-01,2022
2022-01,-0.1812542046839007,-0.2114234695118174,-0.6033729362342466,-0.14567760831022725,0.7840515001369972,1.0730518277363172,-1.0250692088640831,0.0005702121447523,87,1,0,2022-01-01,2022
2022-01,-0.18630262060678443,-0.22630840196060031,-0.6033729362342466,-0.14567760831022725,0.7840515001369972,1.0730518277363172,-1.0250692088640831,0.0005702121447523,87,1,0,2022-01-01,2022
2022-01,-0.20142807066593416,-0.2752810191938267,-0.6033729362342466,-0.14567760831022725,0.7840515001369972,1.0730518277363172,-1.0250692088640831,0.0005702121447523,87,0,0,2022-01-01,2022
2022-01,7.446315522675487,10.723229466546004,-0.6033729362342466,-0.14567760831022725,0.7840515001369972,1.0730518277363172,-1.0250692088640831,0.0005702121447523,88,1,0,2022-01-01,2022
2022-01,2.8441597696651617,1.7659747119744844,-0.6033729362342466,-0.14567760831022725,0.7840515001369972,1.0730518277363172,-1.0250692088640831,0.0005702121447523,88,0,0,2022-01-01,2022
2022-01,2.817962000619352,1.725851418816041,-0.6033729362342466,-0.14567760831022725,0.7840515001369972,1.0730518277363172,-1.0250692088640831,0.0005702121447523,88,0,0,2022-01-01,2022
2022-01,7.056120666318554,8.147780587322181,-0.6033729362342466,-0.14567760831022725,0.7840515001369972,1.0730518277363172,-1.0250692088640831,0.0005702121447523,88,1,0,2022-01-01,2022
2022-01,0.45116922700749007,0.6972340545947051,-0.6033729362342466,-0.14567760831022725,0.7840515001369972,1.0730518277363172,-1.0250692088640831,0.0005702121447523,89,0,0,2022-01-01,2022
2022-01,-0.19109546609792147,-0.13009769596837986,-0.6033729362342466,-0.14567760831022725,0.7840515001369972,1.0730518277363172,-1.0250692088640831,0.0005702121447523,89,1,0,2022-01-01,2022
2022-01,0.4080480159214396,0.5461636968325481,-0.6033729362342466,-0.14567760831022725,0.7840515001369972,1.0730518277363172,-1.0250692088640831,0.0005702121447523,89,0,0,2022-01-01,2022
2022-01,-0.19196296573244195,-0.1566408509302507,-0.6033729362342466,-0.14567760831022725,0.7840515001369972,1.0730518277363172,-1.0250692088640831,0.0005702121447523,89,1,0,2022-01-01,2022
2022-01,-0.20443372292661718,-0.23008177656270734,-0.6033729362342466,-0.14567760831022725,0.7840515001369972,1.0730518277363172,-1.0250692088640831,0.0005702121447523,90,1,0,2022-01-01,2022
2022-01,0.21266442085108783,4.149287288033379,-0.6033729362342466,-0.14567760831022725,0.7840515001369972,1.0730518277363172,-1.0250692088640831,0.0005702121447523,90,0,0,2022-01-01,2022
2022-01,-0.2045183131399418,-0.27610421193096335,-0.6033729362342466,-0.14567760831022725,0.7840515001369972,1.0730518277363172,-1.0250692088640831,0.0005702121447523,90,1,0,2022-01-01,2022
2022-01,0.17949785806074856,1.0659628344970191,-0.6033729362342466,-0.14567760831022725,0.7840515001369972,1.0730518277363172,-1.0250692088640831,0.0005702121447523,90,0,0,2022-01-01,2022
2022-01,-0.20516083880285427,-0.2792981730840649,-0.6033729362342466,-0.14567760831022725,0.7840515001369972,1.0730518277363172,-1.0250692088640831,0.0005702121447523,93,0,0,2022-01-01,2022
2022-01,-0.20488187107806033,-0.24783467913092727,-0.6033729362342466,-0.14567760831022725,0.7840515001369972,1.0730518277363172,-1.0250692088640831,0.0005702121447523,93,1,0,2022-01-01,2022
2022-01,-0.20490526837110756,-0.16787416938717586,-0.6033729362342466,-0.14567760831022725,0.7840515001369972,1.0730518277363172,-1.0250692088640831,0.0005702121447523,93,1,0,2022-01-01,2022
2022-01,-0.20437432979811265,-0.2750601649137363,-0.6033729362342466,-0.14567760831022725,0.7840515001369972,1.0730518277363172,-1.0250692088640831,0.0005702121447523,94,1,0,2022-01-01,2022
2022-01,-0.20258173719234004,-0.27301452730599357,-0.6033729362342466,-0.14567760831022725,0.7840515001369972,1.0730518277363172,-1.0250692088640831,0.0005702121447523,94,0,0,2022-01-01,2022
2022-01,-0.204091762489773,0.8493678746623249,-0.6033729362342466,-0.14567760831022725,0.7840515001369972,1.0730518277363172,-1.0250692088640831,0.0005702121447523,94,1,0,2022-01-01,2022
2022-01,-0.07797855317341398,0.8338413129594126,-0.6033729362342466,-0.14567760831022725,0.7840515001369972,1.0730518277363172,-1.0250692088640831,0.0005702121447523,98,1,0,2022-01-01,2022
2022-01,-0.1772694656987796,-0.08361143994494538,-0.6033729362342466,-0.14567760831022725,0.7840515001369972,1.0730518277363172,-1.0250692088640831,0.0005702121447523,98,0,0,2022-01-01,2022
2022-01,-0.08223326092446467,0.7240902111860598,-0.6033729362342466,-0.14567760831022725,0.7840515001369972,1.0730518277363172,-1.0250692088640831,0.0005702121447523,98,1,0,2022-01-01,2022
2022-01,-0.17944181436862655,-0.1957471339571229,-0.6033729362342466,-0.14567760831022725,0.7840515001369972,1.0730518277363172,-1.0250692088640831,0.0005702121447523,98,0,0,2022-01-01,2022
2022-01,-0.20162964734449493,-0.272224582282207,-0.6033729362342466,-0.14567760831022725,0.7840515001369972,1.0730518277363172,-1.0250692088640831,0.0005702121447523,100,0,0,2022-01-01,2022
2022-01,-0.15910056775171671,-0.20446300695789382,-0.6033729362342466,-0.14567760831022725,0.7840515001369972,1.0730518277363172,-1.0250692088640831,0.0005702121447523,100,1,0,2022-01-01,2022
2022-01,-0.16005445739133467,-0.21440698941380926,-0.6033729362342466,-0.14567760831022725,0.7840515001369972,1.0730518277363172,-1.0250692088640831,0.0005702121447523,100,1,0,2022-01-01,2022
2022-01,-0.2016314471362678,-0.2722284532966979,-0.6033729362342466,-0.14567760831022725,0.7840515001369972,1.0730518277363172,-1.0250692088640831,0.0005702121447523,100,0,0,2022-01-01,2022
2022-01,0.052830312878347406,-0.13113629775855629,-0.6033729362342466,-0.14567760831022725,0.7840515001369972,1.0730518277363172,-1.0250692088640831,0.0005702121447523,101,0,0,2022-01-01,2022
2022-01,1.1598264388220847,0.6225823831576595,-0.6033729362342466,-0.14567760831022725,0.7840515001369972,1.0730518277363172,-1.0250692088640831,0.0005702121447523,101,1,0,2022-01-01,2022
2022-01,0.05252434827696051,-0.13162630367620243,-0.6033729362342466,-0.14567760831022725,0.7840515001369972,1.0730518277363172,-1.0250692088640831,0.0005702121447523,101,0,0,2022-01-01,2022
2022-01,1.1373938341651069,0.5010954020194032,-0.6033729362342466,-0.14567760831022725,0.7840515001369972,1.0730518277363172,-1.0250692088640831,0.0005702121447523,101,1,0,2022-01-01,2022
2022-02,-0.1899759956152,-0.2723006735237174,-0.6033729362342466,-0.14567760831022725,0.6833344766020267,0.678345854643538,-1.0853429481719377,0.0005669104826128,0,0,0,2022-02-01,2022
2022-02,-0.1369685283208071,-0.21527224287395372,-0.6033729362342466,-0.14567760831022725,0.6833344766020267,0.678345854643538,-1.0853429481719377,0.0005669104826128,0,1,0,2022-02-01,2022
2022-02,-0.13962682076932734,-0.22307455645486032,-0.6033729362342466,-0.14567760831022725,0.6833344766020267,0.678345854643538,-1.0853429481719377,0.0005669104826128,0,1,0,2022-02-01,2022
2022-02,-0.1900317891601588,-0.27234756871371163,-0.6033729362342466,-0.14567760831022725,0.6833344766020267,0.678345854643538,-1.0853429481719377,0.0005669104826128,0,0,0,2022-02-01,2022
2022-02,-0.2029542940893229,-0.21498668673721072,-0.6033729362342466,-0.14567760831022725,0.6833344766020267,0.678345854643538,-1.0853429481719377,0.0005669104826128,1,1,0,2022-02-01,2022
2022-02,-0.20522563130667737,-0.27848926869152707,-0.6033729362342466,-0.14567760831022725,0.6833344766020267,0.678345854643538,-1.0853429481719377,0.0005669104826128,1,0,0,2022-02-01,2022
2022-02,-0.20523103068199597,-0.27853787573015176,-0.6033729362342466,-0.14567760831022725,0.6833344766020267,0.678345854643538,-1.0853429481719377,0.0005669104826128,1,0,0,2022-02-01,2022
2022-02,-0.20354642558259517,-0.2421193584959084,-0.6033729362342466,-0.14567760831022725,0.6833344766020267,0.678345854643538,-1.0853429481719377,0.0005669104826128,1,1,0,2022-02-01,2022
2022-02,-0.20291109908677415,-0.26626356405632023,-0.6033729362342466,-0.14567760831022725,0.6833344766020267,0.678345854643538,-1.0853429481719377,0.0005669104826128,2,1,0,2022-02-01,2022
2022-02,-0.2045381108494433,-0.2758110772080725,-0.6033729362342466,-0.14567760831022725,0.6833344766020267,0.678345854643538,-1.0853429481719377,0.0005669104826128,2,0,0,2022-02-01,2022
2022-02,-0.20295609388109576,-0.2690677054479287,-0.6033729362342466,-0.14567760831022725,0.6833344766020267,0.678345854643538,-1.0853429481719377,0.0005669104826128,2,1,0,2022-02-01,2022
2022-02,-0.2051482402604442,-0.2732357858920419,-0.6033729362342466,-0.14567760831022725,0.6833344766020267,0.678345854643538,-1.0853429481719377,0.0005669104826128,3,1,0,2022-02-01,2022
2022-02,-0.2051842360959015,-0.2742426840735374,-0.6033729362342466,-0.14567760831022725,0.6833344766020267,0.678345854643538,-1.0853429481719377,0.0005669104826128,3,0,0,2022-02-01,2022
2022-02,-0.061622045541625224,1.2984871092856458,-0.6033729362342466,-0.14567760831022725,0.6833344766020267,0.678345854643538,-1.0853429481719377,0.0005669104826128,5,1,0,2022-02-01,2022
2022-02,-0.19335420477286588,-0.18895951220022028,-0.6033729362342466,-0.14567760831022725,0.6833344766020267,0.678345854643538,-1.0853429481719377,0.0005669104826128,5,0,0,2022-02-01,2022
2022-02,-0.19337220269059452,-0.18961546420796627,-0.6033729362342466,-0.14567760831022725,0.6833344766020267,0.678345854643538,-1.0853429481719377,0.0005669104826128,5,0,0,2022-02-01,2022
2022-02,-0.07873266592624403,0.5535816057711217,-0.6033729362342466,-0.14567760831022725,0.6833344766020267,0.678345854643538,-1.0853429481719377,0.0005669104826128,5,1,0,2022-02-01,2022
2022-02,-0.20371200642569867,-0.24941652189025484,-0.6033729362342466,-0.14567760831022725,0.6833344766020267,0.678345854643538,-1.0853429481719377,0.0005669104826128,6,1,0,2022-02-01,2022
2022-02,-0.20485667399324023,-0.2728395187408577,-0.6033729362342466,-0.14567760831022725,0.6833344766020267,0.678345854643538,-1.0853429481719377,0.0005669104826128,6,0,0,2022-02-01,2022
2022-02,-0.2051590390110814,-0.27699757325743934,-0.6033729362342466,-0.14567760831022725,0.6833344766020267,0.678345854643538,-1.0853429481719377,0.0005669104826128,6,1,0,2022-02-01,2022
2022-02,-0.2048926698286975,-0.2741172589029034,-0.6033729362342466,-0.14567760831022725,0.6833344766020267,0.678345854643538,-1.0853429481719377,0.0005669104826128,6,0,0,2022-02-01,2022
2022-02,-0.20384879060043634,-0.27624974487131426,-0.6033729362342466,-0.14567760831022725,0.6833344766020267,0.678345854643538,-1.0853429481719377,0.0005669104826128,8,1,0,2022-02-01,2022
2022-02,-0.20384699080866348,-0.2762492287360488,-0.6033729362342466,-0.14567760831022725,0.6833344766020267,0.678345854643538,-1.0853429481719377,0.0005669104826128,8,1,0,2022-02-01,2022
2022-02,-0.20423754562337498,-0.25787387994106564,-0.6033729362342466,-0.14567760831022725,0.6833344766020267,0.678345854643538,-1.0853429481719377,0.0005669104826128,9,1,0,2022-02-01,2022
2022-02,-0.20500605671038796,-0.27712954904481746,-0.6033729362342466,-0.14567760831022725,0.6833344766020267,0.678345854643538,-1.0853429481719377,0.0005669104826128,9,0,0,2022-02-01,2022
2022-02,-0.2050078565021608,-0.27714159220101153,-0.6033729362342466,-0.14567760831022725,0.6833344766020267,0.678345854643538,-1.0853429481719377,0.0005669104826128,9,0,0,2022-02-01,2022
2022-02,-0.2045129137646232,-0.26834832901831207,-0.6033729362342466,-0.14567760831022725,0.6833344766020267,0.678345854643538,-1.0853429481719377,0.0005669104826128,9,1,0,2022-02-01,2022
2022-02,-0.2009943208486739,-0.26946566724323445,-0.6033729362342466,-0.14567760831022725,0.6833344766020267,0.678345854643538,-1.0853429481719377,0.0005669104826128,12,1,0,2022-02-01,2022
2022-02,-0.20506185025534673,-0.27859409146281483,-0.6033729362342466,-0.14567760831022725,0.6833344766020267,0.678345854643538,-1.0853429481719377,0.0005669104826128,12,0,0,2022-02-01,2022
2022-02,-0.20112390585632012,-0.27043150256323545,-0.6033729362342466,-0.14567760831022725,0.6833344766020267,0.678345854643538,-1.0853429481719377,0.0005669104826128,12,1,0,2022-02-01,2022
2022-02,-0.20531022152000197,-0.279582047480068,-0.6033729362342466,-0.14567760831022725,0.6833344766020267,0.678345854643538,-1.0853429481719377,0.0005669104826128,13,0,0,2022-02-01,2022
2022-02,-0.20502585441988946,-0.2794825193963784,-0.6033729362342466,-0.14567760831022725,0.6833344766020267,0.678345854643538,-1.0853429481719377,0.0005669104826128,13,1,0,2022-02-01,2022
2022-02,-0.20515543942753567,-0.2789176910697494,-0.6033729362342466,-0.14567760831022725,0.6833344766020267,0.678345854643538,-1.0853429481719377,0.0005669104826128,15,1,0,2022-02-01,2022
2022-02,-0.20515723921930853,-0.2789247879296495,-0.6033729362342466,-0.14567760831022725,0.6833344766020267,0.678345854643538,-1.0853429481719377,0.0005669104826128,15,1,0,2022-02-01,2022
2022-02,-0.1992503226207686,-0.2771842679852107,-0.6033729362342466,-0.14567760831022725,0.6833344766020267,0.678345854643538,-1.0853429481719377,0.0005669104826128,18,1,0,2022-02-01,2022
2022-02,-0.205283224643409,-0.2795723054269324,-0.6033729362342466,-0.14567760831022725,0.6833344766020267,0.678345854643538,-1.0853429481719377,0.0005669104826128,18,0,0,2022-02-01,2022
2022-02,-0.1992755197055887,-0.27728680255682153,-0.6033729362342466,-0.14567760831022725,0.6833344766020267,0.678345854643538,-1.0853429481719377,0.0005669104826128,18,1,0,2022-02-01,2022
2022-02,-0.2048638731603317,-0.2715337567350247,-0.6033729362342466,-0.14567760831022725,0.6833344766020267,0.678345854643538,-1.0853429481719377,0.0005669104826128,19,0,0,2022-02-01,2022
2022-02,-0.20464069898049653,-0.2663496726231078,-0.6033729362342466,-0.14567760831022725,0.6833344766020267,0.678345854643538,-1.0853429481719377,0.0005669104826128,19,1,0,2022-02-01,2022
2022-02,-0.20476488461282416,-0.2675637518012863,-0.6033729362342466,-0.14567760831022725,0.6833344766020267,0.678345854643538,-1.0853429481719377,0.0005669104826128,19,1,0,2022-02-01,2022
2022-02,-0.20506724963066533,1.4907826917934948,-0.6033729362342466,-0.14567760831022725,0.6833344766020267,0.678345854643538,-1.0853429481719377,0.0005669104826128,24,1,0,2022-02-01,2022
2022-02,-0.20531022152000197,-0.27899971786681266,-0.6033729362342466,-0.14567760831022725,0.6833344766020267,0.678345854643538,-1.0853429481719377,0.0005669104826128,27,1,0,2022-02-01,2022
2022-02,-0.2024827486448325,-0.27145363103618925,-0.6033729362342466,-0.14567760831022725,0.6833344766020267,0.678345854643538,-1.0853429481719377,0.0005669104826128,30,0,0,2022-02-01,2022
2022-02,-0.20079634375365887,-0.26320211203037114,-0.6033729362342466,-0.14567760831022725,0.6833344766020267,0.678345854643538,-1.0853429481719377,0.0005669104826128,30,1,0,2022-02-01,2022
2022-02,-0.20122649398737338,-0.26570262394869104,-0.6033729362342466,-0.14567760831022725,0.6833344766020267,0.678345854643538,-1.0853429481719377,0.0005669104826128,30,1,0,2022-02-01,2022
2022-02,-0.2024971469790154,-0.27150502520524744,-0.6033729362342466,-0.14567760831022725,0.6833344766020267,0.678345854643538,-1.0853429481719377,0.0005669104826128,30,0,0,2022-02-01,2022
2022-02,-0.18050729109816208,-0.18822134414581373,-0.6033729362342466,-0.14567760831022725,0.6833344766020267,0.678345854643538,-1.0853429481719377,0.0005669104826128,37,0,0,2022-02-01,2022
2022-02,-0.20420874895500915,-0.27107414258225976,-0.6033729362342466,-0.14567760831022725,0.6833344766020267,0.678345854643538,-1.0853429481719377,0.0005669104826128,37,1,0,2022-02-01,2022
2022-02,-0.2048386760755116,-0.2779558471958013,-0.6033729362342466,-0.14567760831022725,0.6833344766020267,0.678345854643538,-1.0853429481719377,0.0005669104826128,37,1,0,2022-02-01,2022
2022-02,-0.19273507640300064,-0.2779151886402647,-0.6033729362342466,-0.14567760831022725,0.6833344766020267,0.678345854643538,-1.0853429481719377,0.0005669104826128,39,1,0,2022-02-01,2022
2022-02,-0.19283946432582677,-0.27793093076586123,-0.6033729362342466,-0.14567760831022725,0.6833344766020267,0.678345854643538,-1.0853429481719377,0.0005669104826128,39,1,0,2022-02-01,2022
2022-02,-0.19014337625007638,-0.224550174275429,-0.6033729362342466,-0.14567760831022725,0.6833344766020267,0.678345854643538,-1.0853429481719377,0.0005669104826128,41,0,0,2022-02-01,2022
2022-02,-0.2045075143893046,-0.27563270516145677,-0.6033729362342466,-0.14567760831022725,0.6833344766020267,0.678345854643538,-1.0853429481719377,0.0005669104826128,41,1,0,2022-02-01,2022
2022-02,-0.19014517604184925,-0.22457804557976382,-0.6033729362342466,-0.14567760831022725,0.6833344766020267,0.678345854643538,-1.0853429481719377,0.0005669104826128,41,0,0,2022-02-01,2022
2022-02,-0.20492146649706333,-0.27832544735827003,-0.6033729362342466,-0.14567760831022725,0.6833344766020267,0.678345854643538,-1.0853429481719377,0.0005669104826128,41,1,0,2022-02-01,2022
2022-02,-0.15858222772113184,0.09021868515282555,-0.6033729362342466,-0.14567760831022725,0.6833344766020267,0.678345854643538,-1.0853429481719377,0.0005669104826128,44,0,0,2022-02-01,2022
2022-02,-0.019688697025665003,1.427609464354323,-0.6033729362342466,-0.14567760831022725,0.6833344766020267,0.678345854643538,-1.0853429481719377,0.0005669104826128,44,1,0,2022-02-01,2022
2022-02,-0.03375226993882493,0.8777616498230116,-0.6033729362342466,-0.14567760831022725,0.6833344766020267,0.678345854643538,-1.0853429481719377,0.0005669104826128,44,1,0,2022-02-01,2022
2022-02,-0.16074197784856875,0.08218122464610254,-0.6033729362342466,-0.14567760831022725,0.6833344766020267,0.678345854643538,-1.0853429481719377,0.0005669104826128,44,0,0,2022-02-01,2022
2022-02,-0.20500245712684223,-0.2745418575790341,-0.6033729362342466,-0.14567760831022725,0.6833344766020267,0.678345854643538,-1.0853429481719377,0.0005669104826128,46,1,0,2022-02-01,2022
2022-02,-0.20524722880795174,-0.27747410804465694,-0.6033729362342466,-0.14567760831022725,0.6833344766020267,0.678345854643538,-1.0853429481719377,0.0005669104826128,46,0,0,2022-02-01,2022
2022-02,-0.20500605671038796,-0.2745870194147619,-0.6033729362342466,-0.14567760831022725,0.6833344766020267,0.678345854643538,-1.0853429481719377,0.0005669104826128,46,1,0,2022-02-01,2022
2022-02,-0.2022415765472687,-0.27067994857439187,-0.6033729362342466,-0.14567760831022725,0.6833344766020267,0.678345854643538,-1.0853429481719377,0.0005669104826128,48,1,0,2022-02-01,2022
2022-02,-0.20530662193645624,-0.27954269216607663,-0.6033729362342466,-0.14567760831022725,0.6833344766020267,0.678345854643538,-1.0853429481719377,0.0005669104826128,48,0,0,2022-02-01,2022
2022-02,-0.20226857342386168,-0.2709332763649341,-0.6033729362342466,-0.14567760831022725,0.6833344766020267,0.678345854643538,-1.0853429481719377,0.0005669104826128,48,1,0,2022-02-01,2022
2022-02,-0.20487467191096886,-0.2788436815738097,-0.6033729362342466,-0.14567760831022725,0.6833344766020267,0.678345854643538,-1.0853429481719377,0.0005669104826128,49,0,0,2022-02-01,2022
2022-02,-0.20270232324112192,-0.27380816699805544,-0.6033729362342466,-0.14567760831022725,0.6833344766020267,0.678345854643538,-1.0853429481719377,0.0005669104826128,49,1,0,2022-02-01,2022
2022-02,-0.20283010845699528,-0.2749396817382691,-0.6033729362342466,-0.14567760831022725,0.6833344766020267,0.678345854643538,-1.0853429481719377,0.0005669104826128,49,1,0,2022-02-01,2022
2022-02,-0.20507624858952964,-0.2789877478297812,-0.6033729362342466,-0.14567760831022725,0.6833344766020267,0.678345854643538,-1.0853429481719377,0.0005669104826128,50,1,0,2022-02-01,2022
2022-02,-0.2051932350547658,-0.2791905588812165,-0.6033729362342466,-0.14567760831022725,0.6833344766020267,0.678345854643538,-1.0853429481719377,0.0005669104826128,50,1,0,2022-02-01,2022
2022-02,-0.20476668440459703,-0.2790605358055927,-0.6033729362342466,-0.14567760831022725,0.6833344766020267,0.678345854643538,-1.0853429481719377,0.0005669104826128,51,0,0,2022-02-01,2022
2022-02,-0.09000296200791891,-0.2115514495520154,-0.6033729362342466,-0.14567760831022725,0.6833344766020267,0.678345854643538,-1.0853429481719377,0.0005669104826128,51,1,0,2022-02-01,2022
2022-02,-0.0936259428466943,-0.23005515258526404,-0.6033729362342466,-0.14567760831022725,0.6833344766020267,0.678345854643538,-1.0853429481719377,0.0005669104826128,51,1,0,2022-02-01,2022
2022-02,-0.2053138211035477,-0.27958282168296616,-0.6033729362342466,-0.14567760831022725,0.6833344766020267,0.678345854643538,-1.0853429481719377,0.0005669104826128,52,0,0,2022-02-01,2022
2022-02,-0.20530122256113767,-0.2793451930067483,-0.6033729362342466,-0.14567760831022725,0.6833344766020267,0.678345854643538,-1.0853429481719377,0.0005669104826128,53,1,0,2022-02-01,2022
2022-02,-0.20510504525789547,-0.10539340622465404,-0.6033729362342466,-0.14567760831022725,0.6833344766020267,0.678345854643538,-1.0853429481719377,0.0005669104826128,53,1,0,2022-02-01,2022
2022-02,-0.06586955412558446,-0.10347430777949325,-0.6033729362342466,-0.14567760831022725,0.6833344766020267,0.678345854643538,-1.0853429481719377,0.0005669104826128,60,0,0,2022-02-01,2022
2022-02,-0.07244419347185695,-0.1493000655037185,-0.6033729362342466,-0.14567760831022725,0.6833344766020267,0.678345854643538,-1.0853429481719377,0.0005669104826128,60,0,0,2022-02-01,2022
2022-02,-0.2052634269339075,-0.2793201518441191,-0.6033729362342466,-0.14567760831022725,0.6833344766020267,0.678345854643538,-1.0853429481719377,0.0005669104826128,61,1,0,2022-02-01,2022
2022-02,-0.20526702651745324,-0.2793407972547375,-0.6033729362342466,-0.14567760831022725,0.6833344766020267,0.678345854643538,-1.0853429481719377,0.0005669104826128,61,1,0,2022-02-01,2022
2022-02,-0.1984206186134783,-0.2784413240264931,-0.6033729362342466,-0.14567760831022725,0.6833344766020267,0.678345854643538,-1.0853429481719377,0.0005669104826128,67,1,0,2022-02-01,2022
2022-02,-0.20203100090984363,-0.27919032231921986,-0.6033729362342466,-0.14567760831022725,0.6833344766020267,0.678345854643538,-1.0853429481719377,0.0005669104826128,67,0,0,2022-02-01,2022
2022-02,-0.2020364002851622,-0.27919089006801184,-0.6033729362342466,-0.14567760831022725,0.6833344766020267,0.678345854643538,-1.0853429481719377,0.0005669104826128,67,0,0,2022-02-01,2022
2022-02,-0.1984692129913456,-0.27850222368669014,-0.6033729362342466,-0.14567760831022725,0.6833344766020267,0.678345854643538,-1.0853429481719377,0.0005669104826128,67,1,0,2022-02-01,2022
2022-02,-0.20530482214468337,-0.2789136308056611,-0.6033729362342466,-0.14567760831022725,0.6833344766020267,0.678345854643538,-1.0853429481719377,0.0005669104826128,68,1,0,2022-02-01,2022
2022-02,-0.20528682422695474,-0.21906366500584298,-0.6033729362342466,-0.14567760831022725,0.6833344766020267,0.678345854643538,-1.0853429481719377,0.0005669104826128,68,1,0,2022-02-01,2022
2022-02,-0.19985685244822382,-0.1320112158515465,-0.6033729362342466,-0.14567760831022725,0.6833344766020267,0.678345854643538,-1.0853429481719377,0.0005669104826128,72,1,0,2022-02-01,2022
2022-02,-0.20155405609003466,-0.2130429471342514,-0.6033729362342466,-0.14567760831022725,0.6833344766020267,0.678345854643538,-1.0853429481719377,0.0005669104826128,72,1,0,2022-02-01,2022
2022-02,-0.20476668440459703,-0.2794092023819198,-0.6033729362342466,-0.14567760831022725,0.6833344766020267,0.678345854643538,-1.0853429481719377,0.0005669104826128,77,1,0,2022-02-01,2022
2022-02,-0.2051338419262613,-0.27952389624015944,-0.6033729362342466,-0.14567760831022725,0.6833344766020267,0.678345854643538,-1.0853429481719377,0.0005669104826128,77,0,0,2022-02-01,2022
2022-02,-0.20484227565905733,-0.2794338134318278,-0.6033729362342466,-0.14567760831022725,0.6833344766020267,0.678345854643538,-1.0853429481719377,0.0005669104826128,77,1,0,2022-02-01,2022
2022-02,-0.1988111734281898,-0.2727371820210986,-0.6033729362342466,-0.14567760831022725,0.6833344766020267,0.678345854643538,-1.0853429481719377,0.0005669104826128,78,1,0,2022-02-01,2022
2022-02,-0.20490706816288043,-0.2790103459521539,-0.6033729362342466,-0.14567760831022725,0.6833344766020267,0.678345854643538,-1.0853429481719377,0.0005669104826128,78,0,0,2022-02-01,2022
2022-02,-0.1989101619756973,-0.2734246311834193,-0.6033729362342466,-0.14567760831022725,0.6833344766020267,0.678345854643538,-1.0853429481719377,0.0005669104826128,78,1,0,2022-02-01,2022
2022-02,0.2496933367859934,0.26098228719566424,-0.6033729362342466,-0.14567760831022725,0.6833344766020267,0.678345854643538,-1.0853429481719377,0.0005669104826128,79,1,0,2022-02-01,2022
2022-02,-0.17366808236127856,-0.2295471636547438,-0.6033729362342466,-0.14567760831022725,0.6833344766020267,0.678345854643538,-1.0853429481719377,0.0005669104826128,79,0,0,2022-02-01,2022
2022-02,-0.17368428048723436,-0.22959589542605768,-0.6033729362342466,-0.14567760831022725,0.6833344766020267,0.678345854643538,-1.0853429481719377,0.0005669104826128,79,0,0,2022-02-01,2022
2022-02,0.23881359551903003,0.15243626664236207,-0.6033729362342466,-0.14567760831022725,0.6833344766020267,0.678345854643538,-1.0853429481719377,0.0005669104826128,79,1,0,2022-02-01,2022
2022-02,0.008589631309575433,-0.22797671028027408,-0.6033729362342466,-0.14567760831022725,0.6833344766020267,0.678345854643538,-1.0853429481719377,0.0005669104826128,80,1,0,2022-02-01,2022
2022-02,-0.18798542591441234,-0.27567838313244997,-0.6033729362342466,-0.14567760831022725,0.6833344766020267,0.678345854643538,-1.0853429481719377,0.0005669104826128,80,0,0,2022-02-01,2022
2022-02,0.0005535610437373132,-0.2295464883777715,-0.6033729362342466,-0.14567760831022725,0.6833344766020267,0.678345854643538,-1.0853429481719377,0.0005669104826128,80,1,0,2022-02-01,2022
2022-02,-0.18799442487327667,-0.2756820390905803,-0.6033729362342466,-0.14567760831022725,0.6833344766020267,0.678345854643538,-1.0853429481719377,0.0005669104826128,80,0,0,2022-02-01,2022
2022-02,-0.19934751137650328,-0.2771653731333676,-0.6033729362342466,-0.14567760831022725,0.6833344766020267,0.678345854643538,-1.0853429481719377,0.0005669104826128,81,0,0,2022-02-01,2022
2022-02,-0.19972186806525902,-0.2629484143428887,-0.6033729362342466,-0.14567760831022725,0.6833344766020267,0.678345854643538,-1.0853429481719377,0.0005669104826128,81,1,0,2022-02-01,2022
2022-02,-0.19934931116827614,-0.27716606131372157,-0.6033729362342466,-0.14567760831022725,0.6833344766020267,0.678345854643538,-1.0853429481719377,0.0005669104826128,81,0,0,2022-02-01,2022
2022-02,-0.2008233406302518,-0.2696841386988493,-0.6033729362342466,-0.14567760831022725,0.6833344766020267,0.678345854643538,-1.0853429481719377,0.0005669104826128,81,1,0,2022-02-01,2022
2022-02,-0.20513204213448843,-0.27131022715380837,-0.6033729362342466,-0.14567760831022725,0.6833344766020267,0.678345854643538,-1.0853429481719377,0.0005669104826128,84,1,0,2022-02-01,2022
2022-02,-0.2051140442167598,-0.23320106154515127,-0.6033729362342466,-0.14567760831022725,0.6833344766020267,0.678345854643538,-1.0853429481719377,0.0005669104826128,84,1,0,2022-02-01,2022
2022-02,-0.20298669034123445,-0.2758358775075779,-0.6033729362342466,-0.14567760831022725,0.6833344766020267,0.678345854643538,-1.0853429481719377,0.0005669104826128,86,1,0,2022-02-01,2022
2022-02,-0.2031846674362495,-0.27681728290808694,-0.6033729362342466,-0.14567760831022725,0.6833344766020267,0.678345854643538,-1.0853429481719377,0.0005669104826128,86,1,0,2022-02-01,2022
2022-02,-0.203429439117359,-0.2775111235454449,-0.6033729362342466,-0.14567760831022725,0.6833344766020267,0.678345854643538,-1.0853429481719377,0.0005669104826128,87,0,0,2022-02-01,2022
2022-02,-0.19095148275609233,-0.2517912731500182,-0.6033729362342466,-0.14567760831022725,0.6833344766020267,0.678345854643538,-1.0853429481719377,0.0005669104826128,87,1,0,2022-02-01,2022
2022-02,-0.20343303870090473,-0.2775125429174249,-0.6033729362342466,-0.14567760831022725,0.6833344766020267,0.678345854643538,-1.0853429481719377,0.0005669104826128,87,0,0,2022-02-01,2022
2022-02,-0.19448267421445167,-0.26142563466243857,-0.6033729362342466,-0.14567760831022725,0.6833344766020267,0.678345854643538,-1.0853429481719377,0.0005669104826128,87,1,0,2022-02-01,2022
2022-02,6.87969427799178,8.203877862640656,-0.6033729362342466,-0.14567760831022725,0.6833344766020267,0.678345854643538,-1.0853429481719377,0.0005669104826128,88,1,0,2022-02-01,2022
2022-02,2.838832386017484,1.7104274088892482,-0.6033729362342466,-0.14567760831022725,0.6833344766020267,0.678345854643538,-1.0853429481719377,0.0005669104826128,88,0,0,2022-02-01,2022
2022-02,6.540001578781413,6.588971568531393,-0.6033729362342466,-0.14567760831022725,0.6833344766020267,0.678345854643538,-1.0853429481719377,0.0005669104826128,88,1,0,2022-02-01,2022
2022-02,2.817195289324112,1.6808017392814703,-0.6033729362342466,-0.14567760831022725,0.6833344766020267,0.678345854643538,-1.0853429481719377,0.0005669104826128,88,0,0,2022-02-01,2022
2022-02,-0.19351798582419652,-0.17083453632138462,-0.6033729362342466,-0.14567760831022725,0.6833344766020267,0.678345854643538,-1.0853429481719377,0.0005669104826128,89,1,0,2022-02-01,2022
2022-02,0.22499479428697966,0.33939429651823677,-0.6033729362342466,-0.14567760831022725,0.6833344766020267,0.678345854643538,-1.0853429481719377,0.0005669104826128,89,0,0,2022-02-01,2022
2022-02,0.19982110675992976,0.26909957232231785,-0.6033729362342466,-0.14567760831022725,0.6833344766020267,0.678345854643538,-1.0853429481719377,0.0005669104826128,89,0,0,2022-02-01,2022
2022-02,-0.19439268462580847,-0.1896914780291869,-0.6033729362342466,-0.14567760831022725,0.6833344766020267,0.678345854643538,-1.0853429481719377,0.0005669104826128,89,1,0,2022-02-01,2022
2022-02,-0.20440492625825135,-0.25229259963448675,-0.6033729362342466,-0.14567760831022725,0.6833344766020267,0.678345854643538,-1.0853429481719377,0.0005669104826128,90,1,0,2022-02-01,2022
2022-02,0.1826618919974436,3.7730683789654718,-0.6033729362342466,-0.14567760831022725,0.6833344766020267,0.678345854643538,-1.0853429481719377,0.0005669104826128,90,0,0,2022-02-01,2022
2022-02,-0.20449671563866742,-0.2754715935383434,-0.6033729362342466,-0.14567760831022725,0.6833344766020267,0.678345854643538,-1.0853429481719377,0.0005669104826128,90,1,0,2022-02-01,2022
2022-02,0.15706885298731638,0.9415479298271153,-0.6033729362342466,-0.14567760831022725,0.6833344766020267,0.678345854643538,-1.0853429481719377,0.0005669104826128,90,0,0,2022-02-01,2022
2022-02,-0.20526162714213464,-0.27939329681348923,-0.6033729362342466,-0.14567760831022725,0.6833344766020267,0.678345854643538,-1.0853429481719377,0.0005669104826128,93,0,0,2022-02-01,2022
2022-02,-0.2049538627489749,-0.24643869237956467,-0.6033729362342466,-0.14567760831022725,0.6833344766020267,0.678345854643538,-1.0853429481719377,0.0005669104826128,93,1,0,2022-02-01,2022
2022-02,-0.20498445920911357,-0.1799938641399844,-0.6033729362342466,-0.14567760831022725,0.6833344766020267,0.678345854643538,-1.0853429481719377,0.0005669104826128,93,1,0,2022-02-01,2022
2022-02,-0.2047288887773669,-0.27522203783636623,-0.6033729362342466,-0.14567760831022725,0.6833344766020267,0.678345854643538,-1.0853429481719377,0.0005669104826128,94,0,0,2022-02-01,2022
2022-02,-0.20442832355129859,-0.2753129206543593,-0.6033729362342466,-0.14567760831022725,0.6833344766020267,0.678345854643538,-1.0853429481719377,0.0005669104826128,94,1,0,2022-02-01,2022
2022-02,-0.20405756644608858,1.6845897377160985,-0.6033729362342466,-0.14567760831022725,0.6833344766020267,0.678345854643538,-1.0853429481719377,0.0005669104826128,94,1,0,2022-02-01,2022
2022-02,-0.1836875231608129,-0.21864326853099855,-0.6033729362342466,-0.14567760831022725,0.6833344766020267,0.678345854643538,-1.0853429481719377,0.0005669104826128,98,0,0,2022-02-01,2022
2022-02,-0.05462085554518395,0.4721015120844388,-0.6033729362342466,-0.14567760831022725,0.6833344766020267,0.678345854643538,-1.0853429481719377,0.0005669104826128,98,1,0,2022-02-01,2022
2022-02,-0.18392689546660385,-0.24459144856561033,-0.6033729362342466,-0.14567760831022725,0.6833344766020267,0.678345854643538,-1.0853429481719377,0.0005669104826128,98,0,0,2022-02-01,2022
2022-02,-0.05829783013714526,0.41935730521689846,-0.6033729362342466,-0.14567760831022725,0.6833344766020267,0.678345854643538,-1.0853429481719377,0.0005669104826128,98,1,0,2022-02-01,2022
2022-02,-0.136347600159169,-0.1824167020019798,-0.6033729362342466,-0.14567760831022725,0.6833344766020267,0.678345854643538,-1.0853429481719377,0.0005669104826128,100,1,0,2022-02-01,2022
2022-02,-0.20022760955343383,-0.2715956413533534,-0.6033729362342466,-0.14567760831022725,0.6833344766020267,0.678345854643538,-1.0853429481719377,0.0005669104826128,100,0,0,2022-02-01,2022
2022-02,-0.13752826356216782,-0.19090453353908882,-0.6033729362342466,-0.14567760831022725,0.6833344766020267,0.678345854643538,-1.0853429481719377,0.0005669104826128,100,1,0,2022-02-01,2022
2022-02,-0.20022940934520667,-0.2716059640586626,-0.6033729362342466,-0.14567760831022725,0.6833344766020267,0.678345854643538,-1.0853429481719377,0.0005669104826128,100,0,0,2022-02-01,2022
2022-02,1.1675637436536275,0.7923956941542419,-0.6033729362342466,-0.14567760831022725,0.6833344766020267,0.678345854643538,-1.0853429481719377,0.0005669104826128,101,1,0,2022-02-01,2022
2022-02,0.07052046621382846,-0.09166524043394741,-0.6033729362342466,-0.14567760831022725,0.6833344766020267,0.678345854643538,-1.0853429481719377,0.0005669104826128,101,0,0,2022-02-01,2022
2022-02,0.07028469349158326,-0.09202486198128391,-0.6033729362342466,-0.14567760831022725,0.6833344766020267,0.678345854643538,-1.0853429481719377,0.0005669104826128,101,0,0,2022-02-01,2022
2022-02,1.1464449869908402,0.6794561065627287,-0.6033729362342466,-0.14567760831022725,0.6833344766020267,0.678345854643538,-1.0853429481719377,0.0005669104826128,101,1,0,2022-02-01,2022
2022-03,-0.13031649792830147,-0.21661964409232767,-0.6033729362342466,-0.14567760831022725,0.9419970955810921,0.9006362810026134,-0.5082626197987631,0.0006981198003011,0,1,0,2022-03-01,2022
2022-03,-0.19019916979503515,-0.2730760033172371,-0.6033729362342466,-0.14567760831022725,0.9419970955810921,0.9006362810026134,-0.5082626197987631,0.0006981198003011,0,0,0,2022-03-01,2022
2022-03,-0.19026036271531255,-0.2731035563381582,-0.6033729362342466,-0.14567760831022725,0.9419970955810921,0.9006362810026134,-0.5082626197987631,0.0006981198003011,0,0,0,2022-03-01,2022
2022-03,-0.1336659104176015,-0.2257303777756844,-0.6033729362342466,-0.14567760831022725,0.9419970955810921,0.9006362810026134,-0.5082626197987631,0.0006981198003011,0,1,0,2022-03-01,2022
2022-03,-0.20137227712097536,-0.17492953201190867,-0.6033729362342466,-0.14567760831022725,0.9419970955810921,0.9006362810026134,-0.5082626197987631,0.0006981198003011,1,1,0,2022-03-01,2022
2022-03,-0.20526522672568037,-0.27914008515338173,-0.6033729362342466,-0.14567760831022725,0.9419970955810921,0.9006362810026134,-0.5082626197987631,0.0006981198003011,1,0,0,2022-03-01,2022
2022-03,-0.20526702651745324,-0.2791628381163341,-0.6033729362342466,-0.14567760831022725,0.9419970955810921,0.9006362810026134,-0.5082626197987631,0.0006981198003011,1,0,0,2022-03-01,2022
2022-03,-0.2019266129870175,-0.21326202934993035,-0.6033729362342466,-0.14567760831022725,0.9419970955810921,0.9006362810026134,-0.5082626197987631,0.0006981198003011,1,1,0,2022-03-01,2022
2022-03,-0.20453631105767042,-0.2758463378489579,-0.6033729362342466,-0.14567760831022725,0.9419970955810921,0.9006362810026134,-0.5082626197987631,0.0006981198003011,2,0,0,2022-03-01,2022
2022-03,-0.20271852136707771,-0.25999285176777587,-0.6033729362342466,-0.14567760831022725,0.9419970955810921,0.9006362810026134,-0.5082626197987631,0.0006981198003011,2,1,0,2022-03-01,2022
2022-03,-0.20280131178862945,-0.26485692771398034,-0.6033729362342466,-0.14567760831022725,0.9419970955810921,0.9006362810026134,-0.5082626197987631,0.0006981198003011,2,1,0,2022-03-01,2022
2022-03,-0.20526702651745324,-0.2794409360984912,-0.6033729362342466,-0.14567760831022725,0.9419970955810921,0.9006362810026134,-0.5082626197987631,0.0006981198003011,3,1,0,2022-03-01,2022
2022-03,-0.09551572420820159,0.9518034601315168,-0.6033729362342466,-0.14567760831022725,0.9419970955810921,0.9006362810026134,-0.5082626197987631,0.0006981198003011,5,1,0,2022-03-01,2022
2022-03,-0.19428469711943663,-0.2156986007111142,-0.6033729362342466,-0.14567760831022725,0.9419970955810921,0.9006362810026134,-0.5082626197987631,0.0006981198003011,5,0,0,2022-03-01,2022
2022-03,-0.19430809441248384,-0.21582612483182775,-0.6033729362342466,-0.14567760831022725,0.9419970955810921,0.9006362810026134,-0.5082626197987631,0.0006981198003011,5,0,0,2022-03-01,2022
2022-03,-0.11155546848796628,0.2521709334719104,-0.6033729362342466,-0.14567760831022725,0.9419970955810921,0.9006362810026134,-0.5082626197987631,0.0006981198003011,5,1,0,2022-03-01,2022
2022-03,-0.20486747274387743,-0.27310717788727085,-0.6033729362342466,-0.14567760831022725,0.9419970955810921,0.9006362810026134,-0.5082626197987631,0.0006981198003011,6,0,0,2022-03-01,2022
2022-03,-0.20361841725350974,-0.2424804596310059,-0.6033729362342466,-0.14567760831022725,0.9419970955810921,0.9006362810026134,-0.5082626197987631,0.0006981198003011,6,1,0,2022-03-01,2022
2022-03,-0.20489626941224323,-0.27411868257601063,-0.6033729362342466,-0.14567760831022725,0.9419970955810921,0.9006362810026134,-0.5082626197987631,0.0006981198003011,6,0,0,2022-03-01,2022
2022-03,-0.20519683463831154,-0.2779258296289876,-0.6033729362342466,-0.14567760831022725,0.9419970955810921,0.9006362810026134,-0.5082626197987631,0.0006981198003011,6,1,0,2022-03-01,2022
2022-03,-0.2037462024693831,-0.27582490103093243,-0.6033729362342466,-0.14567760831022725,0.9419970955810921,0.9006362810026134,-0.5082626197987631,0.0006981198003011,8,1,0,2022-03-01,2022
2022-03,-0.20374800226115597,-0.2758284494608825,-0.6033729362342466,-0.14567760831022725,0.9419970955810921,0.9006362810026134,-0.5082626197987631,0.0006981198003011,8,1,0,2022-03-01,2022
2022-03,-0.2048080796153729,-0.2754492018700768,-0.6033729362342466,-0.14567760831022725,0.9419970955810921,0.9006362810026134,-0.5082626197987631,0.0006981198003011,9,0,0,2022-03-01,2022
2022-03,-0.20384699080866348,-0.25485163268965544,-0.6033729362342466,-0.14567760831022725,0.9419970955810921,0.9006362810026134,-0.5082626197987631,0.0006981198003011,9,1,0,2022-03-01,2022
2022-03,-0.20430413791897095,-0.26552357662510295,-0.6033729362342466,-0.14567760831022725,0.9419970955810921,0.9006362810026134,-0.5082626197987631,0.0006981198003011,9,1,0,2022-03-01,2022
2022-03,-0.2048134789906915,-0.27548128827907964,-0.6033729362342466,-0.14567760831022725,0.9419970955810921,0.9006362810026134,-0.5082626197987631,0.0006981198003011,9,0,0,2022-03-01,2022
2022-03,-0.20514104109335277,-0.2790257525898279,-0.6033729362342466,-0.14567760831022725,0.9419970955810921,0.9006362810026134,-0.5082626197987631,0.0006981198003011,12,0,0,2022-03-01,2022
2022-03,-0.20107351168667995,-0.2692188255525282,-0.6033729362342466,-0.14567760831022725,0.9419970955810921,0.9006362810026134,-0.5082626197987631,0.0006981198003011,12,1,0,2022-03-01,2022
2022-03,-0.20117609981773318,-0.2698028756166684,-0.6033729362342466,-0.14567760831022725,0.9419970955810921,0.9006362810026134,-0.5082626197987631,0.0006981198003011,12,1,0,2022-03-01,2022
2022-03,-0.20528502443518187,-0.27957701516122974,-0.6033729362342466,-0.14567760831022725,0.9419970955810921,0.9006362810026134,-0.5082626197987631,0.0006981198003011,13,0,0,2022-03-01,2022
2022-03,-0.20420334957969058,-0.2793017000083789,-0.6033729362342466,-0.14567760831022725,0.9419970955810921,0.9006362810026134,-0.5082626197987631,0.0006981198003011,13,1,0,2022-03-01,2022
2022-03,-0.20421054874678202,-0.27930400111143744,-0.6033729362342466,-0.14567760831022725,0.9419970955810921,0.9006362810026134,-0.5082626197987631,0.0006981198003011,13,1,0,2022-03-01,2022
2022-03,-0.20499165837620503,-0.2781710239879716,-0.6033729362342466,-0.14567760831022725,0.9419970955810921,0.9006362810026134,-0.5082626197987631,0.0006981198003011,15,1,0,2022-03-01,2022
2022-03,-0.2053138211035477,-0.2795775743077673,-0.6033729362342466,-0.14567760831022725,0.9419970955810921,0.9006362810026134,-0.5082626197987631,0.0006981198003011,15,0,0,2022-03-01,2022
2022-03,-0.20499525795975077,-0.2782007017657356,-0.6033729362342466,-0.14567760831022725,0.9419970955810921,0.9006362810026134,-0.5082626197987631,0.0006981198003011,15,1,0,2022-03-01,2022
2022-03,-0.20529042381050047,-0.2795734022143715,-0.6033729362342466,-0.14567760831022725,0.9419970955810921,0.9006362810026134,-0.5082626197987631,0.0006981198003011,18,0,0,2022-03-01,2022
2022-03,-0.2030892784722877,-0.278645201757477,-0.6033729362342466,-0.14567760831022725,0.9419970955810921,0.9006362810026134,-0.5082626197987631,0.0006981198003011,18,1,0,2022-03-01,2022
2022-03,-0.2031198749324264,-0.278727224253413,-0.6033729362342466,-0.14567760831022725,0.9419970955810921,0.9006362810026134,-0.5082626197987631,0.0006981198003011,18,1,0,2022-03-01,2022
2022-03,-0.20428074062592372,-0.25293197079682983,-0.6033729362342466,-0.14567760831022725,0.9419970955810921,0.9006362810026134,-0.5082626197987631,0.0006981198003011,19,1,0,2022-03-01,2022
2022-03,-0.20528142485163614,-0.27769087625389577,-0.6033729362342466,-0.14567760831022725,0.9419970955810921,0.9006362810026134,-0.5082626197987631,0.0006981198003011,19,0,0,2022-03-01,2022
2022-03,-0.2045129137646232,-0.2577127038010441,-0.6033729362342466,-0.14567760831022725,0.9419970955810921,0.9006362810026134,-0.5082626197987631,0.0006981198003011,19,1,0,2022-03-01,2022
2022-03,-0.2053138211035477,-0.2795759828906988,-0.6033729362342466,-0.14567760831022725,0.9419970955810921,0.9006362810026134,-0.5082626197987631,0.0006981198003011,21,1,0,2022-03-01,2022
2022-03,-0.20507264900598393,1.3075334077822371,-0.6033729362342466,-0.14567760831022725,0.9419970955810921,0.9006362810026134,-0.5082626197987631,0.0006981198003011,24,1,0,2022-03-01,2022
2022-03,-0.20530482214468337,-0.2788338018846033,-0.6033729362342466,-0.14567760831022725,0.9419970955810921,0.9006362810026134,-0.5082626197987631,0.0006981198003011,27,1,0,2022-03-01,2022
2022-03,-0.20096192459676235,-0.26061568509598815,-0.6033729362342466,-0.14567760831022725,0.9419970955810921,0.9006362810026134,-0.5082626197987631,0.0006981198003011,30,1,0,2022-03-01,2022
2022-03,-0.20269512407403048,-0.27277544054765085,-0.6033729362342466,-0.14567760831022725,0.9419970955810921,0.9006362810026134,-0.5082626197987631,0.0006981198003011,30,0,0,2022-03-01,2022
2022-03,-0.20163324692804066,-0.26278655002251317,-0.6033729362342466,-0.14567760831022725,0.9419970955810921,0.9006362810026134,-0.5082626197987631,0.0006981198003011,30,1,0,2022-03-01,2022
2022-03,-0.17708768672972033,-0.17653516860697394,-0.6033729362342466,-0.14567760831022725,0.9419970955810921,0.9006362810026134,-0.5082626197987631,0.0006981198003011,37,0,0,2022-03-01,2022
2022-03,-0.20392438185489664,-0.2685666929457466,-0.6033729362342466,-0.14567760831022725,0.9419970955810921,0.9006362810026134,-0.5082626197987631,0.0006981198003011,37,1,0,2022-03-01,2022
2022-03,-0.20474148731977693,-0.27746438319603023,-0.6033729362342466,-0.14567760831022725,0.9419970955810921,0.9006362810026134,-0.5082626197987631,0.0006981198003011,37,1,0,2022-03-01,2022
2022-03,-0.1984548146571627,-0.2785124001536741,-0.6033729362342466,-0.14567760831022725,0.9419970955810921,0.9006362810026134,-0.5082626197987631,0.0006981198003011,39,1,0,2022-03-01,2022
2022-03,-0.19852860611985013,-0.27852414223096333,-0.6033729362342466,-0.14567760831022725,0.9419970955810921,0.9006362810026134,-0.5082626197987631,0.0006981198003011,39,1,0,2022-03-01,2022
2022-03,-0.18740049358823152,-0.21333017640947993,-0.6033729362342466,-0.14567760831022725,0.9419970955810921,0.9006362810026134,-0.5082626197987631,0.0006981198003011,41,0,0,2022-03-01,2022
2022-03,-0.20443012334307145,-0.27368210956172123,-0.6033729362342466,-0.14567760831022725,0.9419970955810921,0.9006362810026134,-0.5082626197987631,0.0006981198003011,41,1,0,2022-03-01,2022
2022-03,-0.20488007128628746,-0.27820351040180513,-0.6033729362342466,-0.14567760831022725,0.9419970955810921,0.9006362810026134,-0.5082626197987631,0.0006981198003011,41,1,0,2022-03-01,2022
2022-03,0.030152936540259988,2.425675354238843,-0.6033729362342466,-0.14567760831022725,0.9419970955810921,0.9006362810026134,-0.5082626197987631,0.0006981198003011,44,1,0,2022-03-01,2022
2022-03,-0.1462878501206973,0.18383286086284167,-0.6033729362342466,-0.14567760831022725,0.9419970955810921,0.9006362810026134,-0.5082626197987631,0.0006981198003011,44,0,0,2022-03-01,2022
2022-03,0.010490211421719903,1.6801803984444006,-0.6033729362342466,-0.14567760831022725,0.9419970955810921,0.9006362810026134,-0.5082626197987631,0.0006981198003011,44,1,0,2022-03-01,2022
2022-03,-0.14898573798822057,0.13922185329263995,-0.6033729362342466,-0.14567760831022725,0.9419970955810921,0.9006362810026134,-0.5082626197987631,0.0006981198003011,44,0,0,2022-03-01,2022
2022-03,-0.20528142485163614,-0.27864719748050343,-0.6033729362342466,-0.14567760831022725,0.9419970955810921,0.9006362810026134,-0.5082626197987631,0.0006981198003011,46,0,0,2022-03-01,2022
2022-03,-0.20487647170274173,-0.2694674952222996,-0.6033729362342466,-0.14567760831022725,0.9419970955810921,0.9006362810026134,-0.5082626197987631,0.0006981198003011,46,1,0,2022-03-01,2022
2022-03,-0.20488547066160606,-0.2697025088131724,-0.6033729362342466,-0.14567760831022725,0.9419970955810921,0.9006362810026134,-0.5082626197987631,0.0006981198003011,46,1,0,2022-03-01,2022
2022-03,-0.20531202131177484,-0.27957770334158366,-0.6033729362342466,-0.14567760831022725,0.9419970955810921,0.9006362810026134,-0.5082626197987631,0.0006981198003011,48,0,0,2022-03-01,2022
2022-03,-0.20332865077807863,-0.2744522737014591,-0.6033729362342466,-0.14567760831022725,0.9419970955810921,0.9006362810026134,-0.5082626197987631,0.0006981198003011,48,1,0,2022-03-01,2022
2022-03,-0.20335924723821733,-0.2745957162939849,-0.6033729362342466,-0.14567760831022725,0.9419970955810921,0.9006362810026134,-0.5082626197987631,0.0006981198003011,48,1,0,2022-03-01,2022
2022-03,-0.2053138211035477,-0.2795817464011631,-0.6033729362342466,-0.14567760831022725,0.9419970955810921,0.9006362810026134,-0.5082626197987631,0.0006981198003011,48,0,0,2022-03-01,2022
2022-03,-0.20502225483634373,-0.279095288913467,-0.6033729362342466,-0.14567760831022725,0.9419970955810921,0.9006362810026134,-0.5082626197987631,0.0006981198003011,49,0,0,2022-03-01,2022
2022-03,-0.20367961017378713,-0.2691004499293949,-0.6033729362342466,-0.14567760831022725,0.9419970955810921,0.9006362810026134,-0.5082626197987631,0.0006981198003011,49,1,0,2022-03-01,2022
2022-03,-0.2050240546281166,-0.27909633408737955,-0.6033729362342466,-0.14567760831022725,0.9419970955810921,0.9006362810026134,-0.5082626197987631,0.0006981198003011,49,0,0,2022-03-01,2022
2022-03,-0.20383799184979917,-0.2758606046879206,-0.6033729362342466,-0.14567760831022725,0.9419970955810921,0.9006362810026134,-0.5082626197987631,0.0006981198003011,49,1,0,2022-03-01,2022
2022-03,-0.20519143526299294,-0.2792286109536625,-0.6033729362342466,-0.14567760831022725,0.9419970955810921,0.9006362810026134,-0.5082626197987631,0.0006981198003011,50,1,0,2022-03-01,2022
2022-03,-0.031165969161219248,-0.2037660307987982,-0.6033729362342466,-0.14567760831022725,0.9419970955810921,0.9006362810026134,-0.5082626197987631,0.0006981198003011,51,1,0,2022-03-01,2022
2022-03,-0.20479188148941713,-0.2792456563208044,-0.6033729362342466,-0.14567760831022725,0.9419970955810921,0.9006362810026134,-0.5082626197987631,0.0006981198003011,51,0,0,2022-03-01,2022
2022-03,-0.03551606587623173,-0.22782790848324194,-0.6033729362342466,-0.14567760831022725,0.9419970955810921,0.9006362810026134,-0.5082626197987631,0.0006981198003011,51,1,0,2022-03-01,2022
2022-03,-0.20529582318581907,-0.27928473206152693,-0.6033729362342466,-0.14567760831022725,0.9419970955810921,0.9006362810026134,-0.5082626197987631,0.0006981198003011,52,1,0,2022-03-01,2022
2022-03,-0.20480627982360003,-0.27127011914255494,-0.6033729362342466,-0.14567760831022725,0.9419970955810921,0.9006362810026134,-0.5082626197987631,0.0006981198003011,52,0,0,2022-03-01,2022
2022-03,-0.20480987940714576,-0.2713939916062654,-0.6033729362342466,-0.14567760831022725,0.9419970955810921,0.9006362810026134,-0.5082626197987631,0.0006981198003011,52,0,0,2022-03-01,2022
2022-03,-0.20529762297759194,-0.27930726996811867,-0.6033729362342466,-0.14567760831022725,0.9419970955810921,0.9006362810026134,-0.5082626197987631,0.0006981198003011,52,1,0,2022-03-01,2022
2022-03,-0.20529582318581907,-0.2779367200830888,-0.6033729362342466,-0.14567760831022725,0.9419970955810921,0.9006362810026134,-0.5082626197987631,0.0006981198003011,53,1,0,2022-03-01,2022
2022-03,-0.20505105150470956,-0.06538880267163026,-0.6033729362342466,-0.14567760831022725,0.9419970955810921,0.9006362810026134,-0.5082626197987631,0.0006981198003011,53,1,0,2022-03-01,2022
2022-03,-0.06421194590277664,-0.09511321325681793,-0.6033729362342466,-0.14567760831022725,0.9419970955810921,0.9006362810026134,-0.5082626197987631,0.0006981198003011,60,0,0,2022-03-01,2022
2022-03,-0.07114114422830335,-0.1424769938563332,-0.6033729362342466,-0.14567760831022725,0.9419970955810921,0.9006362810026134,-0.5082626197987631,0.0006981198003011,60,0,0,2022-03-01,2022
2022-03,-0.2052382298490874,-0.27895348074928183,-0.6033729362342466,-0.14567760831022725,0.9419970955810921,0.9006362810026134,-0.5082626197987631,0.0006981198003011,61,1,0,2022-03-01,2022
2022-03,-0.19510900175140836,-0.27785246100100247,-0.6033729362342466,-0.14567760831022725,0.9419970955810921,0.9006362810026134,-0.5082626197987631,0.0006981198003011,67,1,0,2022-03-01,2022
2022-03,-0.2006145647845996,-0.2790040620052969,-0.6033729362342466,-0.14567760831022725,0.9419970955810921,0.9006362810026134,-0.5082626197987631,0.0006981198003011,67,0,0,2022-03-01,2022
2022-03,-0.1951377984197742,-0.27792813933430055,-0.6033729362342466,-0.14567760831022725,0.9419970955810921,0.9006362810026134,-0.5082626197987631,0.0006981198003011,67,1,0,2022-03-01,2022
2022-03,-0.20530482214468337,-0.27937210085858766,-0.6033729362342466,-0.14567760831022725,0.9419970955810921,0.9006362810026134,-0.5082626197987631,0.0006981198003011,68,1,0,2022-03-01,2022
2022-03,-0.20527602547631757,-0.15881900196627313,-0.6033729362342466,-0.14567760831022725,0.9419970955810921,0.9006362810026134,-0.5082626197987631,0.0006981198003011,68,1,0,2022-03-01,2022
2022-03,-0.19709057249333173,-0.012297731400064682,-0.6033729362342466,-0.14567760831022725,0.9419970955810921,0.9006362810026134,-0.5082626197987631,0.0006981198003011,72,1,0,2022-03-01,2022
2022-03,-0.19976866265135348,-0.16640003115436816,-0.6033729362342466,-0.14567760831022725,0.9419970955810921,0.9006362810026134,-0.5082626197987631,0.0006981198003011,72,1,0,2022-03-01,2022
2022-03,-0.2051842360959015,-0.27954079967010326,-0.6033729362342466,-0.14567760831022725,0.9419970955810921,0.9006362810026134,-0.5082626197987631,0.0006981198003011,77,0,0,2022-03-01,2022
2022-03,-0.20457050710135485,-0.27934997155908103,-0.6033729362342466,-0.14567760831022725,0.9419970955810921,0.9006362810026134,-0.5082626197987631,0.0006981198003011,77,1,0,2022-03-01,2022
2022-03,-0.20472168961027543,-0.27940084099061935,-0.6033729362342466,-0.14567760831022725,0.9419970955810921,0.9006362810026134,-0.5082626197987631,0.0006981198003011,77,1,0,2022-03-01,2022
2022-03,-0.20035179518576143,-0.2719137656253469,-0.6033729362342466,-0.14567760831022725,0.9419970955810921,0.9006362810026134,-0.5082626197987631,0.0006981198003011,78,1,0,2022-03-01,2022
2022-03,-0.20504745192116383,-0.2792875966122502,-0.6033729362342466,-0.14567760831022725,0.9419970955810921,0.9006362810026134,-0.5082626197987631,0.0006981198003011,78,0,0,2022-03-01,2022
2022-03,-0.2004795804016348,-0.2731813551271719,-0.6033729362342466,-0.14567760831022725,0.9419970955810921,0.9006362810026134,-0.5082626197987631,0.0006981198003011,78,1,0,2022-03-01,2022
2022-03,0.10339546273696376,0.1244925614331565,-0.6033729362342466,-0.14567760831022725,0.9419970955810921,0.9006362810026134,-0.5082626197987631,0.0006981198003011,79,1,0,2022-03-01,2022
2022-03,-0.18190212972213174,-0.24100333211478578,-0.6033729362342466,-0.14567760831022725,0.9419970955810921,0.9006362810026134,-0.5082626197987631,0.0006981198003011,79,0,0,2022-03-01,2022
2022-03,-0.18192012763986037,-0.24105369401331303,-0.6033729362342466,-0.14567760831022725,0.9419970955810921,0.9006362810026134,-0.5082626197987631,0.0006981198003011,79,0,0,2022-03-01,2022
2022-03,0.09110648451184782,0.00868089184459146,-0.6033729362342466,-0.14567760831022725,0.9419970955810921,0.9006362810026134,-0.5082626197987631,0.0006981198003011,79,1,0,2022-03-01,2022
2022-03,-0.02344486245563234,-0.2467806448963136,-0.6033729362342466,-0.14567760831022725,0.9419970955810921,0.9006362810026134,-0.5082626197987631,0.0006981198003011,80,1,0,2022-03-01,2022
2022-03,-0.18939646266433777,-0.2766701112382682,-0.6033729362342466,-0.14567760831022725,0.9419970955810921,0.9006362810026134,-0.5082626197987631,0.0006981198003011,80,0,0,2022-03-01,2022
2022-03,-0.18940366183142923,-0.2766713370595237,-0.6033729362342466,-0.14567760831022725,0.9419970955810921,0.9006362810026134,-0.5082626197987631,0.0006981198003011,80,0,0,2022-03-01,2022
2022-03,-0.035534063793960374,-0.24872048337689145,-0.6033729362342466,-0.14567760831022725,0.9419970955810921,0.9006362810026134,-0.5082626197987631,0.0006981198003011,80,1,0,2022-03-01,2022
2022-03,-0.1976971023207869,-0.2604324699801315,-0.6033729362342466,-0.14567760831022725,0.9419970955810921,0.9006362810026134,-0.5082626197987631,0.0006981198003011,81,1,0,2022-03-01,2022
2022-03,-0.19711396978637896,-0.2762477018358885,-0.6033729362342466,-0.14567760831022725,0.9419970955810921,0.9006362810026134,-0.5082626197987631,0.0006981198003011,81,0,0,2022-03-01,2022
2022-03,-0.19956708597279268,-0.26867025548676116,-0.6033729362342466,-0.14567760831022725,0.9419970955810921,0.9006362810026134,-0.5082626197987631,0.0006981198003011,81,1,0,2022-03-01,2022
2022-03,-0.20503665317052663,-0.26520005873958535,-0.6033729362342466,-0.14567760831022725,0.9419970955810921,0.9006362810026134,-0.5082626197987631,0.0006981198003011,84,1,0,2022-03-01,2022
2022-03,-0.20501505566925227,-0.2147495096793502,-0.6033729362342466,-0.14567760831022725,0.9419970955810921,0.9006362810026134,-0.5082626197987631,0.0006981198003011,84,1,0,2022-03-01,2022
2022-03,-0.20403956852835994,-0.2767290065731844,-0.6033729362342466,-0.14567760831022725,0.9419970955810921,0.9006362810026134,-0.5082626197987631,0.0006981198003011,86,1,0,2022-03-01,2022
2022-03,-0.20414035686764032,-0.27831714618275055,-0.6033729362342466,-0.14567760831022725,0.9419970955810921,0.9006362810026134,-0.5082626197987631,0.0006981198003011,86,1,0,2022-03-01,2022
2022-03,-0.20221637946244864,-0.27626721605005006,-0.6033729362342466,-0.14567760831022725,0.9419970955810921,0.9006362810026134,-0.5082626197987631,0.0006981198003011,87,0,0,2022-03-01,2022
2022-03,-0.18407807797552442,-0.24218498509491165,-0.6033729362342466,-0.14567760831022725,0.9419970955810921,0.9006362810026134,-0.5082626197987631,0.0006981198003011,87,1,0,2022-03-01,2022
2022-03,-0.2022325775884044,-0.2763816905508019,-0.6033729362342466,-0.14567760831022725,0.9419970955810921,0.9006362810026134,-0.5082626197987631,0.0006981198003011,87,0,0,2022-03-01,2022
2022-03,-0.18964843351253874,-0.2528160038049354,-0.6033729362342466,-0.14567760831022725,0.9419970955810921,0.9006362810026134,-0.5082626197987631,0.0006981198003011,87,1,0,2022-03-01,2022
2022-03,3.015136388503704,1.5746686812020843,-0.6033729362342466,-0.14567760831022725,0.9419970955810921,0.9006362810026134,-0.5082626197987631,0.0006981198003011,88,0,0,2022-03-01,2022
2022-03,7.304223761999641,8.805260071579523,-0.6033729362342466,-0.14567760831022725,0.9419970955810921,0.9006362810026134,-0.5082626197987631,0.0006981198003011,88,1,0,2022-03-01,2022
2022-03,2.9760989049502817,1.5284971214522554,-0.6033729362342466,-0.14567760831022725,0.9419970955810921,0.9006362810026134,-0.5082626197987631,0.0006981198003011,88,0,0,2022-03-01,2022
2022-03,6.897963964278123,6.764518755225788,-0.6033729362342466,-0.14567760831022725,0.9419970955810921,0.9006362810026134,-0.5082626197987631,0.0006981198003011,88,1,0,2022-03-01,2022
2022-03,0.6716329204327027,1.0351268879075182,-0.6033729362342466,-0.14567760831022725,0.9419970955810921,0.9006362810026134,-0.5082626197987631,0.0006981198003011,89,0,0,2022-03-01,2022
2022-03,-0.19111706359919584,-0.13812275632535018,-0.6033729362342466,-0.14567760831022725,0.9419970955810921,0.9006362810026134,-0.5082626197987631,0.0006981198003011,89,1,0,2022-03-01,2022
2022-03,-0.19238771659083787,-0.17124782733407456,-0.6033729362342466,-0.14567760831022725,0.9419970955810921,0.9006362810026134,-0.5082626197987631,0.0006981198003011,89,1,0,2022-03-01,2022
2022-03,0.6092809342535995,0.8096632016131872,-0.6033729362342466,-0.14567760831022725,0.9419970955810921,0.9006362810026134,-0.5082626197987631,0.0006981198003011,89,0,0,2022-03-01,2022
2022-03,0.28021960504554105,4.122210496519422,-0.6033729362342466,-0.14567760831022725,0.9419970955810921,0.9006362810026134,-0.5082626197987631,0.0006981198003011,90,0,0,2022-03-01,2022
2022-03,-0.20425014416578505,-0.2465171062297697,-0.6033729362342466,-0.14567760831022725,0.9419970955810921,0.9006362810026134,-0.5082626197987631,0.0006981198003011,90,1,0,2022-03-01,2022
2022-03,0.24077716834322474,1.3775885161811663,-0.6033729362342466,-0.14567760831022725,0.9419970955810921,0.9006362810026134,-0.5082626197987631,0.0006981198003011,90,0,0,2022-03-01,2022
2022-03,-0.20436533083924835,-0.2742248343956069,-0.6033729362342466,-0.14567760831022725,0.9419970955810921,0.9006362810026134,-0.5082626197987631,0.0006981198003011,90,1,0,2022-03-01,2022
2022-03,-0.2046281004380865,-0.25075217242908515,-0.6033729362342466,-0.14567760831022725,0.9419970955810921,0.9006362810026134,-0.5082626197987631,0.0006981198003011,93,1,0,2022-03-01,2022
2022-03,-0.20514464067689847,-0.2791961976589917,-0.6033729362342466,-0.14567760831022725,0.9419970955810921,0.9006362810026134,-0.5082626197987631,0.0006981198003011,93,0,0,2022-03-01,2022
2022-03,-0.20467489502418096,-0.11678906642707522,-0.6033729362342466,-0.14567760831022725,0.9419970955810921,0.9006362810026134,-0.5082626197987631,0.0006981198003011,93,1,0,2022-03-01,2022
2022-03,-0.20447151855384732,-0.27551507363333116,-0.6033729362342466,-0.14567760831022725,0.9419970955810921,0.9006362810026134,-0.5082626197987631,0.0006981198003011,94,1,0,2022-03-01,2022
2022-03,-0.20258713656765862,-0.2732108307519569,-0.6033729362342466,-0.14567760831022725,0.9419970955810921,0.9006362810026134,-0.5082626197987631,0.0006981198003011,94,0,0,2022-03-01,2022
2022-03,-0.20414575624295891,0.9592804751602401,-0.6033729362342466,-0.14567760831022725,0.9419970955810921,0.9006362810026134,-0.5082626197987631,0.0006981198003011,94,1,0,2022-03-01,2022
2022-03,-0.18979421664614074,-0.1519128755524209,-0.6033729362342466,-0.14567760831022725,0.9419970955810921,0.9006362810026134,-0.5082626197987631,0.0006981198003011,98,0,0,2022-03-01,2022
2022-03,-0.05306763524520225,0.8146783030391924,-0.6033729362342466,-0.14567760831022725,0.9419970955810921,0.9006362810026134,-0.5082626197987631,0.0006981198003011,98,1,0,2022-03-01,2022
2022-03,-0.1913996309075355,-0.25567018020940296,-0.6033729362342466,-0.14567760831022725,0.9419970955810921,0.9006362810026134,-0.5082626197987631,0.0006981198003011,98,0,0,2022-03-01,2022
2022-03,-0.0575293190501323,0.734934767958786,-0.6033729362342466,-0.14567760831022725,0.9419970955810921,0.9006362810026134,-0.5082626197987631,0.0006981198003011,98,1,0,2022-03-01,2022
2022-03,-0.14335598932270172,-0.20948313640161012,-0.6033729362342466,-0.14567760831022725,0.9419970955810921,0.9006362810026134,-0.5082626197987631,0.0006981198003011,100,1,0,2022-03-01,2022
2022-03,-0.20109150960440858,-0.2731958198179864,-0.6033729362342466,-0.14567760831022725,0.9419970955810921,0.9006362810026134,-0.5082626197987631,0.0006981198003011,100,0,0,2022-03-01,2022
2022-03,-0.14476882586440004,-0.21720796517578952,-0.6033729362342466,-0.14567760831022725,0.9419970955810921,0.9006362810026134,-0.5082626197987631,0.0006981198003011,100,1,0,2022-03-01,2022
2022-03,1.193522140393646,0.6127926477258268,-0.6033729362342466,-0.14567760831022725,0.9419970955810921,0.9006362810026134,-0.5082626197987631,0.0006981198003011,101,1,0,2022-03-01,2022
2022-03,0.078405353970746,-0.1258001687996893,-0.6033729362342466,-0.14567760831022725,0.9419970955810921,0.9006362810026134,-0.5082626197987631,0.0006981198003011,101,0,0,2022-03-01,2022
2022-03,1.1649018516215615,0.48817187820416713,-0.6033729362342466,-0.14567760831022725,0.9419970955810921,0.9006362810026134,-0.5082626197987631,0.0006981198003011,101,1,0,2022-03-01,2022
2022-03,0.07382128432526118,-0.12905371346806102,-0.6033729362342466,-0.14567760831022725,0.9419970955810921,0.9006362810026134,-0.5082626197987631,0.0006981198003011,101,0,0,2022-03-01,2022
2022-04,-0.12931581370258904,-0.21570827824734157,-0.022320199301083265,0.16536308832484467,0.8187107328858232,0.8323998132110225,-0.6233121559776069,0.0006859109217365,0,1,0,2022-04-01,2022
2022-04,-0.1896502333043116,-0.2724495527410394,-0.022320199301083265,0.16536308832484467,0.8187107328858232,0.8323998132110225,-0.6233121559776069,0.0006859109217365,0,0,0,2022-04-01,2022
2022-04,-0.1897456222682734,-0.2725167062402029,-0.022320199301083265,0.16536308832484467,0.8187107328858232,0.8323998132110225,-0.6233121559776069,0.0006859109217365,0,0,0,2022-04-01,2022
2022-04,-0.13239525742595948,-0.2236956564288061,-0.022320199301083265,0.16536308832484467,0.8187107328858232,0.8323998132110225,-0.6233121559776069,0.0006859109217365,0,1,0,2022-04-01,2022
2022-04,-0.2031090761817892,-0.16832288018245797,-0.022320199301083265,0.16536308832484467,0.8187107328858232,0.8323998132110225,-0.6233121559776069,0.0006859109217365,1,1,0,2022-04-01,2022
2022-04,-0.20530122256113767,-0.2794868248247178,-0.022320199301083265,0.16536308832484467,0.8187107328858232,0.8323998132110225,-0.6233121559776069,0.0006859109217365,1,0,0,2022-04-01,2022
2022-04,-0.20363641517123837,-0.20792459714951808,-0.022320199301083265,0.16536308832484467,0.8187107328858232,0.8323998132110225,-0.6233121559776069,0.0006859109217365,1,1,0,2022-04-01,2022
2022-04,-0.20278511366267368,-0.26537458127734626,-0.022320199301083265,0.16536308832484467,0.8187107328858232,0.8323998132110225,-0.6233121559776069,0.0006859109217365,2,1,0,2022-04-01,2022
2022-04,-0.20446971876207445,-0.2753044302292425,-0.022320199301083265,0.16536308832484467,0.8187107328858232,0.8323998132110225,-0.6233121559776069,0.0006859109217365,2,0,0,2022-04-01,2022
2022-04,-0.20284630658295105,-0.26860616439017265,-0.022320199301083265,0.16536308832484467,0.8187107328858232,0.8323998132110225,-0.6233121559776069,0.0006859109217365,2,1,0,2022-04-01,2022
2022-04,-0.20529762297759194,-0.2794836075815631,-0.022320199301083265,0.16536308832484467,0.8187107328858232,0.8323998132110225,-0.6233121559776069,0.0006859109217365,3,1,0,2022-04-01,2022
2022-04,-0.20530302235291054,-0.279538584589589,-0.022320199301083265,0.16536308832484467,0.8187107328858232,0.8323998132110225,-0.6233121559776069,0.0006859109217365,3,0,0,2022-04-01,2022
2022-04,-0.10397474554066277,0.9317743967414909,-0.022320199301083265,0.16536308832484467,0.8187107328858232,0.8323998132110225,-0.6233121559776069,0.0006859109217365,5,1,0,2022-04-01,2022
2022-04,-0.19171459446778671,-0.20302053362362213,-0.022320199301083265,0.16536308832484467,0.8187107328858232,0.8323998132110225,-0.6233121559776069,0.0006859109217365,5,0,0,2022-04-01,2022
2022-04,-0.19175059030324398,-0.20326994738840126,-0.022320199301083265,0.16536308832484467,0.8187107328858232,0.8323998132110225,-0.6233121559776069,0.0006859109217365,5,0,0,2022-04-01,2022
2022-04,-0.11867724453318945,0.3150769791897896,-0.022320199301083265,0.16536308832484467,0.8187107328858232,0.8323998132110225,-0.6233121559776069,0.0006859109217365,5,1,0,2022-04-01,2022
2022-04,-0.20346723474458916,-0.23992432983670545,-0.022320199301083265,0.16536308832484467,0.8187107328858232,0.8323998132110225,-0.6233121559776069,0.0006859109217365,6,1,0,2022-04-01,2022
2022-04,-0.204833276700193,-0.2723630785784387,-0.022320199301083265,0.16536308832484467,0.8187107328858232,0.8323998132110225,-0.6233121559776069,0.0006859109217365,6,0,0,2022-04-01,2022
2022-04,-0.20484587524260306,-0.27320015535421627,-0.022320199301083265,0.16536308832484467,0.8187107328858232,0.8323998132110225,-0.6233121559776069,0.0006859109217365,6,0,0,2022-04-01,2022
2022-04,-0.20519143526299294,-0.27666497569237686,-0.022320199301083265,0.16536308832484467,0.8187107328858232,0.8323998132110225,-0.6233121559776069,0.0006859109217365,6,1,0,2022-04-01,2022
2022-04,-0.2036706112149228,-0.2733832543396382,-0.022320199301083265,0.16536308832484467,0.8187107328858232,0.8323998132110225,-0.6233121559776069,0.0006859109217365,8,1,0,2022-04-01,2022
2022-04,-0.20367781038201427,-0.27339417920275716,-0.022320199301083265,0.16536308832484467,0.8187107328858232,0.8323998132110225,-0.6233121559776069,0.0006859109217365,8,1,0,2022-04-01,2022
2022-04,-0.20407016498849861,-0.25685299879500334,-0.022320199301083265,0.16536308832484467,0.8187107328858232,0.8323998132110225,-0.6233121559776069,0.0006859109217365,9,1,0,2022-04-01,2022
2022-04,-0.20486747274387743,-0.27490675660945996,-0.022320199301083265,0.16536308832484467,0.8187107328858232,0.8323998132110225,-0.6233121559776069,0.0006859109217365,9,0,0,2022-04-01,2022
2022-04,-0.20486927253565027,-0.2749364343872239,-0.022320199301083265,0.16536308832484467,0.8187107328858232,0.8323998132110225,-0.6233121559776069,0.0006859109217365,9,0,0,2022-04-01,2022
2022-04,-0.20437073021456692,-0.26627689324955073,-0.022320199301083265,0.16536308832484467,0.8187107328858232,0.8323998132110225,-0.6233121559776069,0.0006859109217365,9,1,0,2022-04-01,2022
2022-04,-0.20502225483634373,-0.2788231565947532,-0.022320199301083265,0.16536308832484467,0.8187107328858232,0.8323998132110225,-0.6233121559776069,0.0006859109217365,12,0,0,2022-04-01,2022
2022-04,-0.2020975932054396,-0.27176694234683235,-0.022320199301083265,0.16536308832484467,0.8187107328858232,0.8323998132110225,-0.6233121559776069,0.0006859109217365,12,1,0,2022-04-01,2022
2022-04,-0.20219478196117424,-0.2722805829585094,-0.022320199301083265,0.16536308832484467,0.8187107328858232,0.8323998132110225,-0.6233121559776069,0.0006859109217365,12,1,0,2022-04-01,2022
2022-04,-0.2052796250598633,-0.2795747785750794,-0.022320199301083265,0.16536308832484467,0.8187107328858232,0.8323998132110225,-0.6233121559776069,0.0006859109217365,13,0,0,2022-04-01,2022
2022-04,-0.20377679892952177,-0.2791645370615829,-0.022320199301083265,0.16536308832484467,0.8187107328858232,0.8323998132110225,-0.6233121559776069,0.0006859109217365,13,1,0,2022-04-01,2022
2022-04,-0.20378759768015897,-0.2791756769810624,-0.022320199301083265,0.16536308832484467,0.8187107328858232,0.8323998132110225,-0.6233121559776069,0.0006859109217365,13,1,0,2022-04-01,2022
2022-04,-0.2051932350547658,-0.2790189611099599,-0.022320199301083265,0.16536308832484467,0.8187107328858232,0.8323998132110225,-0.6233121559776069,0.0006859109217365,15,1,0,2022-04-01,2022
2022-04,-0.20530482214468337,-0.2795818324237074,-0.022320199301083265,0.16536308832484467,0.8187107328858232,0.8323998132110225,-0.6233121559776069,0.0006859109217365,18,0,0,2022-04-01,2022
2022-04,-0.2029848905494616,-0.2785389080006827,-0.022320199301083265,0.16536308832484467,0.8187107328858232,0.8323998132110225,-0.6233121559776069,0.0006859109217365,18,1,0,2022-04-01,2022
2022-04,-0.20300828784250882,-0.2787082433790257,-0.022320199301083265,0.16536308832484467,0.8187107328858232,0.8323998132110225,-0.6233121559776069,0.0006859109217365,18,1,0,2022-04-01,2022
2022-04,-0.20404316811190568,-0.2534145959801799,-0.022320199301083265,0.16536308832484467,0.8187107328858232,0.8323998132110225,-0.6233121559776069,0.0006859109217365,19,1,0,2022-04-01,2022
2022-04,-0.20530122256113767,-0.2792607962885912,-0.022320199301083265,0.16536308832484467,0.8187107328858232,0.8323998132110225,-0.6233121559776069,0.0006859109217365,19,0,0,2022-04-01,2022
2022-04,-0.20429873854365235,-0.2567400985068112,-0.022320199301083265,0.16536308832484467,0.8187107328858232,0.8323998132110225,-0.6233121559776069,0.0006859109217365,19,1,0,2022-04-01,2022
2022-04,-0.20530302235291054,-0.27936832446889537,-0.022320199301083265,0.16536308832484467,0.8187107328858232,0.8323998132110225,-0.6233121559776069,0.0006859109217365,19,0,0,2022-04-01,2022
2022-04,-0.20501145608570653,1.7063056472840827,-0.022320199301083265,0.16536308832484467,0.8187107328858232,0.8323998132110225,-0.6233121559776069,0.0006859109217365,24,1,0,2022-04-01,2022
2022-04,-0.20530302235291054,-0.277927115666024,-0.022320199301083265,0.16536308832484467,0.8187107328858232,0.8323998132110225,-0.6233121559776069,0.0006859109217365,27,1,0,2022-04-01,2022
2022-04,-0.2025277434391541,-0.27251564816290874,-0.022320199301083265,0.16536308832484467,0.8187107328858232,0.8323998132110225,-0.6233121559776069,0.0006859109217365,30,0,0,2022-04-01,2022
2022-04,-0.2013812760798397,-0.26128063936298923,-0.022320199301083265,0.16536308832484467,0.8187107328858232,0.8323998132110225,-0.6233121559776069,0.0006859109217365,30,1,0,2022-04-01,2022
2022-04,-0.20256193948283852,-0.27262341720633676,-0.022320199301083265,0.16536308832484467,0.8187107328858232,0.8323998132110225,-0.6233121559776069,0.0006859109217365,30,0,0,2022-04-01,2022
2022-04,-0.2018024273546899,-0.26410301753397725,-0.022320199301083265,0.16536308832484467,0.8187107328858232,0.8323998132110225,-0.6233121559776069,0.0006859109217365,30,1,0,2022-04-01,2022
2022-04,-0.18107422550661426,-0.19469307391574595,-0.022320199301083265,0.16536308832484467,0.8187107328858232,0.8323998132110225,-0.6233121559776069,0.0006859109217365,37,0,0,2022-04-01,2022
2022-04,-0.20412775832523028,-0.2683226297832194,-0.022320199301083265,0.16536308832484467,0.8187107328858232,0.8323998132110225,-0.6233121559776069,0.0006859109217365,37,1,0,2022-04-01,2022
2022-04,-0.204833276700193,-0.2780568161571069,-0.022320199301083265,0.16536308832484467,0.8187107328858232,0.8323998132110225,-0.6233121559776069,0.0006859109217365,37,1,0,2022-04-01,2022
2022-04,-0.2003787920623544,-0.278875759380558,-0.022320199301083265,0.16536308832484467,0.8187107328858232,0.8323998132110225,-0.6233121559776069,0.0006859109217365,39,1,0,2022-04-01,2022
2022-04,-0.20052277540418353,-0.27889748007297943,-0.022320199301083265,0.16536308832484467,0.8187107328858232,0.8323998132110225,-0.6233121559776069,0.0006859109217365,39,1,0,2022-04-01,2022
2022-04,-0.20451651334816892,-0.2745689503793436,-0.022320199301083265,0.16536308832484467,0.8187107328858232,0.8323998132110225,-0.6233121559776069,0.0006859109217365,41,1,0,2022-04-01,2022
2022-04,-0.18973842310118194,-0.22295321305395066,-0.022320199301083265,0.16536308832484467,0.8187107328858232,0.8323998132110225,-0.6233121559776069,0.0006859109217365,41,0,0,2022-04-01,2022
2022-04,-0.2049340650394734,-0.27830450516987404,-0.022320199301083265,0.16536308832484467,0.8187107328858232,0.8323998132110225,-0.6233121559776069,0.0006859109217365,41,1,0,2022-04-01,2022
2022-04,0.012081227348931751,1.8896764424402115,-0.022320199301083265,0.16536308832484467,0.8187107328858232,0.8323998132110225,-0.6233121559776069,0.0006859109217365,44,1,0,2022-04-01,2022
2022-04,-0.14701316620516153,0.1151816102780734,-0.022320199301083265,0.16536308832484467,0.8187107328858232,0.8323998132110225,-0.6233121559776069,0.0006859109217365,44,0,0,2022-04-01,2022
2022-04,-0.005635922863142261,1.1804136876514355,-0.022320199301083265,0.16536308832484467,0.8187107328858232,0.8323998132110225,-0.6233121559776069,0.0006859109217365,44,1,0,2022-04-01,2022
2022-04,-0.1477114854130328,0.10729517095002401,-0.022320199301083265,0.16536308832484467,0.8187107328858232,0.8323998132110225,-0.6233121559776069,0.0006859109217365,44,0,0,2022-04-01,2022
2022-04,-0.20495746233252063,-0.27303832114173127,-0.022320199301083265,0.16536308832484467,0.8187107328858232,0.8323998132110225,-0.6233121559776069,0.0006859109217365,46,1,0,2022-04-01,2022
2022-04,-0.20525262818327034,-0.27806211514583234,-0.022320199301083265,0.16536308832484467,0.8187107328858232,0.8323998132110225,-0.6233121559776069,0.0006859109217365,46,0,0,2022-04-01,2022
2022-04,-0.2049682610831578,-0.2731956047616258,-0.022320199301083265,0.16536308832484467,0.8187107328858232,0.8323998132110225,-0.6233121559776069,0.0006859109217365,46,1,0,2022-04-01,2022
2022-04,-0.20530662193645624,-0.27957215488748,-0.022320199301083265,0.16536308832484467,0.8187107328858232,0.8323998132110225,-0.6233121559776069,0.0006859109217365,48,0,0,2022-04-01,2022
2022-04,-0.2036454141301027,-0.2761047581741193,-0.022320199301083265,0.16536308832484467,0.8187107328858232,0.8323998132110225,-0.6233121559776069,0.0006859109217365,48,1,0,2022-04-01,2022
2022-04,-0.2053084217282291,-0.27957417641726967,-0.022320199301083265,0.16536308832484467,0.8187107328858232,0.8323998132110225,-0.6233121559776069,0.0006859109217365,48,0,0,2022-04-01,2022
2022-04,-0.20366701163137707,-0.2765137953719964,-0.022320199301083265,0.16536308832484467,0.8187107328858232,0.8323998132110225,-0.6233121559776069,0.0006859109217365,48,1,0,2022-04-01,2022
2022-04,-0.20486927253565027,-0.27883098034515214,-0.022320199301083265,0.16536308832484467,0.8187107328858232,0.8323998132110225,-0.6233121559776069,0.0006859109217365,49,0,0,2022-04-01,2022
2022-04,-0.20336104702999017,-0.27401158450842766,-0.022320199301083265,0.16536308832484467,0.8187107328858232,0.8323998132110225,-0.6233121559776069,0.0006859109217365,49,1,0,2022-04-01,2022
2022-04,-0.20346903453636203,-0.2753283573999238,-0.022320199301083265,0.16536308832484467,0.8187107328858232,0.8323998132110225,-0.6233121559776069,0.0006859109217365,49,1,0,2022-04-01,2022
2022-04,-0.20518963547122007,-0.2791589929086064,-0.022320199301083265,0.16536308832484467,0.8187107328858232,0.8323998132110225,-0.6233121559776069,0.0006859109217365,50,1,0,2022-04-01,2022
2022-04,-0.20520223401363014,-0.2791800297218011,-0.022320199301083265,0.16536308832484467,0.8187107328858232,0.8323998132110225,-0.6233121559776069,0.0006859109217365,50,1,0,2022-04-01,2022
2022-04,-0.2038451910168906,-0.27828246619403885,-0.022320199301083265,0.16536308832484467,0.8187107328858232,0.8323998132110225,-0.6233121559776069,0.0006859109217365,51,0,0,2022-04-01,2022
2022-04,-0.05484762930856482,-0.211921492730587,-0.022320199301083265,0.16536308832484467,0.8187107328858232,0.8323998132110225,-0.6233121559776069,0.0006859109217365,51,1,0,2022-04-01,2022
2022-04,-0.05891515871523764,-0.23135555538659064,-0.022320199301083265,0.16536308832484467,0.8187107328858232,0.8323998132110225,-0.6233121559776069,0.0006859109217365,51,1,0,2022-04-01,2022
2022-04,-0.20521483255604017,-0.27804536225534093,-0.022320199301083265,0.16536308832484467,0.8187107328858232,0.8323998132110225,-0.6233121559776069,0.0006859109217365,52,0,0,2022-04-01,2022
2022-04,-0.20509964588257687,-0.2772018036808547,-0.022320199301083265,0.16536308832484467,0.8187107328858232,0.8323998132110225,-0.6233121559776069,0.0006859109217365,52,1,0,2022-04-01,2022
2022-04,-0.20514644046867134,-0.2781524603229239,-0.022320199301083265,0.16536308832484467,0.8187107328858232,0.8323998132110225,-0.6233121559776069,0.0006859109217365,52,1,0,2022-04-01,2022
2022-04,-0.20527242589277184,-0.2772992973313729,-0.022320199301083265,0.16536308832484467,0.8187107328858232,0.8323998132110225,-0.6233121559776069,0.0006859109217365,53,1,0,2022-04-01,2022
2022-04,-0.20502585441988946,-0.0615300506943617,-0.022320199301083265,0.16536308832484467,0.8187107328858232,0.8323998132110225,-0.6233121559776069,0.0006859109217365,53,1,0,2022-04-01,2022
2022-04,-0.06283690498830848,-0.08317837234933391,-0.022320199301083265,0.16536308832484467,0.8187107328858232,0.8323998132110225,-0.6233121559776069,0.0006859109217365,60,0,0,2022-04-01,2022
2022-04,-0.06962571955555179,-0.13359843932101648,-0.022320199301083265,0.16536308832484467,0.8187107328858232,0.8323998132110225,-0.6233121559776069,0.0006859109217365,60,0,0,2022-04-01,2022
2022-04,-0.2052634269339075,-0.2792438068361031,-0.022320199301083265,0.16536308832484467,0.8187107328858232,0.8323998132110225,-0.6233121559776069,0.0006859109217365,61,1,0,2022-04-01,2022
2022-04,-0.1954491623964797,-0.2779816410556927,-0.022320199301083265,0.16536308832484467,0.8187107328858232,0.8323998132110225,-0.6233121559776069,0.0006859109217365,67,1,0,2022-04-01,2022
2022-04,-0.20113830419050305,-0.2790640627299067,-0.022320199301083265,0.16536308832484467,0.8187107328858232,0.8323998132110225,-0.6233121559776069,0.0006859109217365,67,0,0,2022-04-01,2022
2022-04,-0.20114010398227591,-0.27906426488288566,-0.022320199301083265,0.16536308832484467,0.8187107328858232,0.8323998132110225,-0.6233121559776069,0.0006859109217365,67,0,0,2022-04-01,2022
2022-04,-0.19547075989775406,-0.27805891080605927,-0.022320199301083265,0.16536308832484467,0.8187107328858232,0.8323998132110225,-0.6233121559776069,0.0006859109217365,67,1,0,2022-04-01,2022
2022-04,-0.20530482214468337,-0.27889754458988764,-0.022320199301083265,0.16536308832484467,0.8187107328858232,0.8323998132110225,-0.6233121559776069,0.0006859109217365,68,1,0,2022-04-01,2022
2022-04,-0.20527782526809044,-0.17488505835653487,-0.022320199301083265,0.16536308832484467,0.8187107328858232,0.8323998132110225,-0.6233121559776069,0.0006859109217365,68,1,0,2022-04-01,2022
2022-04,-0.19730114813075683,-0.03739401297452578,-0.022320199301083265,0.16536308832484467,0.8187107328858232,0.8323998132110225,-0.6233121559776069,0.0006859109217365,72,1,0,2022-04-01,2022
2022-04,-0.1999180453685012,-0.18378922610440004,-0.022320199301083265,0.16536308832484467,0.8187107328858232,0.8323998132110225,-0.6233121559776069,0.0006859109217365,72,1,0,2022-04-01,2022
2022-04,-0.20467489502418096,-0.279386156942317,-0.022320199301083265,0.16536308832484467,0.8187107328858232,0.8323998132110225,-0.6233121559776069,0.0006859109217365,77,1,0,2022-04-01,2022
2022-04,-0.2051734373452643,-0.2795365931676898,-0.022320199301083265,0.16536308832484467,0.8187107328858232,0.8323998132110225,-0.6233121559776069,0.0006859109217365,77,0,0,2022-04-01,2022
2022-04,-0.20481707857423723,-0.2794337403126652,-0.022320199301083265,0.16536308832484467,0.8187107328858232,0.8323998132110225,-0.6233121559776069,0.0006859109217365,77,1,0,2022-04-01,2022
2022-04,-0.20496646129138493,-0.27915691546416294,-0.022320199301083265,0.16536308832484467,0.8187107328858232,0.8323998132110225,-0.6233121559776069,0.0006859109217365,78,0,0,2022-04-01,2022
2022-04,-0.20016101725783783,-0.2717854285915903,-0.022320199301083265,0.16536308832484467,0.8187107328858232,0.8323998132110225,-0.6233121559776069,0.0006859109217365,78,1,0,2022-04-01,2022
2022-04,-0.2003229985173956,-0.27367296106414096,-0.022320199301083265,0.16536308832484467,0.8187107328858232,0.8323998132110225,-0.6233121559776069,0.0006859109217365,78,1,0,2022-04-01,2022
2022-04,-0.02851127629624473,0.04538694803522263,-0.022320199301083265,0.16536308832484467,0.8187107328858232,0.8323998132110225,-0.6233121559776069,0.0006859109217365,79,1,0,2022-04-01,2022
2022-04,-0.1802355225404596,-0.23715492434846247,-0.022320199301083265,0.16536308832484467,0.8187107328858232,0.8323998132110225,-0.6233121559776069,0.0006859109217365,79,0,0,2022-04-01,2022
2022-04,-0.18025172066641537,-0.2371973119571384,-0.022320199301083265,0.16536308832484467,0.8187107328858232,0.8323998132110225,-0.6233121559776069,0.0006859109217365,79,0,0,2022-04-01,2022
2022-04,-0.04013793114894669,-0.053855299944313546,-0.022320199301083265,0.16536308832484467,0.8187107328858232,0.8323998132110225,-0.6233121559776069,0.0006859109217365,79,1,0,2022-04-01,2022
2022-04,-0.18767046235416113,-0.2762878356539052,-0.022320199301083265,0.16536308832484467,0.8187107328858232,0.8323998132110225,-0.6233121559776069,0.0006859109217365,80,0,0,2022-04-01,2022
2022-04,-0.0524737039601571,-0.2547667757508866,-0.022320199301083265,0.16536308832484467,0.8187107328858232,0.8323998132110225,-0.6233121559776069,0.0006859109217365,80,1,0,2022-04-01,2022
2022-04,-0.06202699869051964,-0.25633542695305445,-0.022320199301083265,0.16536308832484467,0.8187107328858232,0.8323998132110225,-0.6233121559776069,0.0006859109217365,80,1,0,2022-04-01,2022
2022-04,-0.18767406193770686,-0.27628856684553127,-0.022320199301083265,0.16536308832484467,0.8187107328858232,0.8323998132110225,-0.6233121559776069,0.0006859109217365,80,0,0,2022-04-01,2022
2022-04,-0.19648044308233079,-0.27605686512261185,-0.022320199301083265,0.16536308832484467,0.8187107328858232,0.8323998132110225,-0.6233121559776069,0.0006859109217365,81,0,0,2022-04-01,2022
2022-04,-0.1970023826964614,-0.2569817573392268,-0.022320199301083265,0.16536308832484467,0.8187107328858232,0.8323998132110225,-0.6233121559776069,0.0006859109217365,81,1,0,2022-04-01,2022
2022-04,-0.19648404266587652,-0.2760581554607755,-0.022320199301083265,0.16536308832484467,0.8187107328858232,0.8323998132110225,-0.6233121559776069,0.0006859109217365,81,0,0,2022-04-01,2022
2022-04,-0.19905774490107217,-0.26616136067150475,-0.022320199301083265,0.16536308832484467,0.8187107328858232,0.8323998132110225,-0.6233121559776069,0.0006859109217365,81,1,0,2022-04-01,2022
2022-04,-0.20502585441988946,-0.250519502952543,-0.022320199301083265,0.16536308832484467,0.8187107328858232,0.8323998132110225,-0.6233121559776069,0.0006859109217365,84,1,0,2022-04-01,2022
2022-04,-0.2050330535869809,-0.2018083942538164,-0.022320199301083265,0.16536308832484467,0.8187107328858232,0.8323998132110225,-0.6233121559776069,0.0006859109217365,84,1,0,2022-04-01,2022
2022-04,-0.20364901371364844,-0.2747931982488043,-0.022320199301083265,0.16536308832484467,0.8187107328858232,0.8323998132110225,-0.6233121559776069,0.0006859109217365,86,1,0,2022-04-01,2022
2022-04,-0.20374440267761024,-0.2777255390380986,-0.022320199301083265,0.16536308832484467,0.8187107328858232,0.8323998132110225,-0.6233121559776069,0.0006859109217365,86,1,0,2022-04-01,2022
2022-04,-0.2013560789950196,-0.2749575013083091,-0.022320199301083265,0.16536308832484467,0.8187107328858232,0.8323998132110225,-0.6233121559776069,0.0006859109217365,87,0,0,2022-04-01,2022
2022-04,-0.1833329641815587,-0.23693356253536108,-0.022320199301083265,0.16536308832484467,0.8187107328858232,0.8323998132110225,-0.6233121559776069,0.0006859109217365,87,1,0,2022-04-01,2022
2022-04,-0.18804121945937113,-0.2481565840937403,-0.022320199301083265,0.16536308832484467,0.8187107328858232,0.8323998132110225,-0.6233121559776069,0.0006859109217365,87,1,0,2022-04-01,2022
2022-04,-0.20137947628806682,-0.2750297473420919,-0.022320199301083265,0.16536308832484467,0.8187107328858232,0.8323998132110225,-0.6233121559776069,0.0006859109217365,87,0,0,2022-04-01,2022
2022-04,3.1582450315312185,1.7976581483687435,-0.022320199301083265,0.16536308832484467,0.8187107328858232,0.8323998132110225,-0.6233121559776069,0.0006859109217365,88,0,0,2022-04-01,2022
2022-04,7.133308336081376,9.03738684049233,-0.022320199301083265,0.16536308832484467,0.8187107328858232,0.8323998132110225,-0.6233121559776069,0.0006859109217365,88,1,0,2022-04-01,2022
2022-04,3.12672527821305,1.7572933469173369,-0.022320199301083265,0.16536308832484467,0.8187107328858232,0.8323998132110225,-0.6233121559776069,0.0006859109217365,88,0,0,2022-04-01,2022
2022-04,6.7496863192789425,6.927931206125513,-0.022320199301083265,0.16536308832484467,0.8187107328858232,0.8323998132110225,-0.6233121559776069,0.0006859109217365,88,1,0,2022-04-01,2022
2022-04,0.44181930874746117,0.6877345721305311,-0.022320199301083265,0.16536308832484467,0.8187107328858232,0.8323998132110225,-0.6233121559776069,0.0006859109217365,89,0,0,2022-04-01,2022
2022-04,-0.1932786135184056,-0.1537697710958393,-0.022320199301083265,0.16536308832484467,0.8187107328858232,0.8323998132110225,-0.6233121559776069,0.0006859109217365,89,1,0,2022-04-01,2022
2022-04,-0.19387254480345076,-0.19175422982210685,-0.022320199301083265,0.16536308832484467,0.8187107328858232,0.8323998132110225,-0.6233121559776069,0.0006859109217365,89,1,0,2022-04-01,2022
2022-04,0.39800697762063086,0.5326639294990619,-0.022320199301083265,0.16536308832484467,0.8187107328858232,0.8323998132110225,-0.6233121559776069,0.0006859109217365,89,0,0,2022-04-01,2022
2022-04,0.21892049705356337,4.09456126368367,-0.022320199301083265,0.16536308832484467,0.8187107328858232,0.8323998132110225,-0.6233121559776069,0.0006859109217365,90,0,0,2022-04-01,2022
2022-04,-0.20400177290112978,-0.19790733208816175,-0.022320199301083265,0.16536308832484467,0.8187107328858232,0.8323998132110225,-0.6233121559776069,0.0006859109217365,90,1,0,2022-04-01,2022
2022-04,-0.20407736415559008,-0.27325180328978,-0.022320199301083265,0.16536308832484467,0.8187107328858232,0.8323998132110225,-0.6233121559776069,0.0006859109217365,90,1,0,2022-04-01,2022
2022-04,0.18931212259817637,1.107244193253957,-0.022320199301083265,0.16536308832484467,0.8187107328858232,0.8323998132110225,-0.6233121559776069,0.0006859109217365,90,0,0,2022-04-01,2022
2022-04,-0.20482607753310153,-0.2577539172019911,-0.022320199301083265,0.16536308832484467,0.8187107328858232,0.8323998132110225,-0.6233121559776069,0.0006859109217365,93,1,0,2022-04-01,2022
2022-04,-0.2051932350547658,-0.27918954381519445,-0.022320199301083265,0.16536308832484467,0.8187107328858232,0.8323998132110225,-0.6233121559776069,0.0006859109217365,93,0,0,2022-04-01,2022
2022-04,-0.20486747274387743,-0.1502233841812272,-0.022320199301083265,0.16536308832484467,0.8187107328858232,0.8323998132110225,-0.6233121559776069,0.0006859109217365,93,1,0,2022-04-01,2022
2022-04,-0.20519683463831154,-0.2792022278393431,-0.022320199301083265,0.16536308832484467,0.8187107328858232,0.8323998132110225,-0.6233121559776069,0.0006859109217365,93,0,0,2022-04-01,2022
2022-04,-0.20446611917852872,-0.27512394202803836,-0.022320199301083265,0.16536308832484467,0.8187107328858232,0.8323998132110225,-0.6233121559776069,0.0006859109217365,94,1,0,2022-04-01,2022
2022-04,-0.20474508690332266,-0.2750710682712192,-0.022320199301083265,0.16536308832484467,0.8187107328858232,0.8323998132110225,-0.6233121559776069,0.0006859109217365,94,0,0,2022-04-01,2022
2022-04,-0.20412955811700315,1.0693600497176587,-0.022320199301083265,0.16536308832484467,0.8187107328858232,0.8323998132110225,-0.6233121559776069,0.0006859109217365,94,1,0,2022-04-01,2022
2022-04,-0.05929131519576624,0.774063223296437,-0.022320199301083265,0.16536308832484467,0.8187107328858232,0.8323998132110225,-0.6233121559776069,0.0006859109217365,98,1,0,2022-04-01,2022
2022-04,-0.19022256708808238,-0.22795883479558032,-0.022320199301083265,0.16536308832484467,0.8187107328858232,0.8323998132110225,-0.6233121559776069,0.0006859109217365,98,0,0,2022-04-01,2022
2022-04,-0.06273251706548236,0.7081017342273239,-0.022320199301083265,0.16536308832484467,0.8187107328858232,0.8323998132110225,-0.6233121559776069,0.0006859109217365,98,1,0,2022-04-01,2022
2022-04,-0.19061672148633962,-0.2539247956900872,-0.022320199301083265,0.16536308832484467,0.8187107328858232,0.8323998132110225,-0.6233121559776069,0.0006859109217365,98,0,0,2022-04-01,2022
2022-04,-0.19960668139179572,-0.26995849039920455,-0.022320199301083265,0.16536308832484467,0.8187107328858232,0.8323998132110225,-0.6233121559776069,0.0006859109217365,100,0,0,2022-04-01,2022
2022-04,-0.15047416578437917,-0.2081767335278225,-0.022320199301083265,0.16536308832484467,0.8187107328858232,0.8323998132110225,-0.6233121559776069,0.0006859109217365,100,1,0,2022-04-01,2022
2022-04,-0.15137406167081122,-0.2136843699342747,-0.022320199301083265,0.16536308832484467,0.8187107328858232,0.8323998132110225,-0.6233121559776069,0.0006859109217365,100,1,0,2022-04-01,2022
2022-04,0.10151648012609366,-0.10763138594019771,-0.022320199301083265,0.16536308832484467,0.8187107328858232,0.8323998132110225,-0.6233121559776069,0.0006859109217365,101,0,0,2022-04-01,2022
2022-04,1.1951257548632679,0.5674108136422965,-0.022320199301083265,0.16536308832484467,0.8187107328858232,0.8323998132110225,-0.6233121559776069,0.0006859109217365,101,1,0,2022-04-01,2022
2022-04,1.1719984305819644,0.4740207137566527,-0.022320199301083265,0.16536308832484467,0.8187107328858232,0.8323998132110225,-0.6233121559776069,0.0006859109217365,101,1,0,2022-04-01,2022
2022-04,0.09849103015590914,-0.1099812594801659,-0.022320199301083265,0.16536308832484467,0.8187107328858232,0.8323998132110225,-0.6233121559776069,0.0006859109217365,101,0,0,2022-04-01,2022
2022-05,-0.1375804575235809,-0.2236971403176943,-0.022320199301083265,0.16536308832484467,0.44190779403381547,0.5354022896332626,-0.3997291635450926,0.000835034196881,0,1,0,2022-05-01,2022
2022-05,-0.18935866703710763,-0.27324169133970416,-0.022320199301083265,0.16536308832484467,0.44190779403381547,0.5354022896332626,-0.3997291635450926,0.000835034196881,0,0,0,2022-05-01,2022
2022-05,-0.18942165974915787,-0.2732717605200444,-0.022320199301083265,0.16536308832484467,0.44190779403381547,0.5354022896332626,-0.3997291635450926,0.000835034196881,0,0,0,2022-05-01,2022
2022-05,-0.14068869791531716,-0.23207349523971837,-0.022320199301083265,0.16536308832484467,0.44190779403381547,0.5354022896332626,-0.3997291635450926,0.000835034196881,0,1,0,2022-05-01,2022
2022-05,-0.20446611917852872,-0.19316693075381597,-0.022320199301083265,0.16536308832484467,0.44190779403381547,0.5354022896332626,-0.3997291635450926,0.000835034196881,1,1,0,2022-05-01,2022
2022-05,-0.2053138211035477,-0.27955156109038815,-0.022320199301083265,0.16536308832484467,0.44190779403381547,0.5354022896332626,-0.3997291635450926,0.000835034196881,1,0,0,2022-05-01,2022
2022-05,-0.20461190231213072,-0.2249284240047214,-0.022320199301083265,0.16536308832484467,0.44190779403381547,0.5354022896332626,-0.3997291635450926,0.000835034196881,1,1,0,2022-05-01,2022
2022-05,-0.20448411709625736,-0.27548727114703175,-0.022320199301083265,0.16536308832484467,0.44190779403381547,0.5354022896332626,-0.3997291635450926,0.000835034196881,2,0,0,2022-05-01,2022
2022-05,-0.20278691345444655,-0.2578092684080845,-0.022320199301083265,0.16536308832484467,0.44190779403381547,0.5354022896332626,-0.3997291635450926,0.000835034196881,2,1,0,2022-05-01,2022
2022-05,-0.20285710533358825,-0.26296859523176813,-0.022320199301083265,0.16536308832484467,0.44190779403381547,0.5354022896332626,-0.3997291635450926,0.000835034196881,2,1,0,2022-05-01,2022
2022-05,-0.1982748354798763,-0.23515284855712454,-0.022320199301083265,0.16536308832484467,0.44190779403381547,0.5354022896332626,-0.3997291635450926,0.000835034196881,5,0,0,2022-05-01,2022
2022-05,-0.15714239430284058,0.48329482145603636,-0.022320199301083265,0.16536308832484467,0.44190779403381547,0.5354022896332626,-0.3997291635450926,0.000835034196881,5,1,0,2022-05-01,2022
2022-05,-0.16649771193818808,0.05268522112038979,-0.022320199301083265,0.16536308832484467,0.44190779403381547,0.5354022896332626,-0.3997291635450926,0.000835034196881,5,1,0,2022-05-01,2022
2022-05,-0.19830363214824212,-0.23545951462622486,-0.022320199301083265,0.16536308832484467,0.44190779403381547,0.5354022896332626,-0.3997291635450926,0.000835034196881,5,0,0,2022-05-01,2022
2022-05,-0.20364361433832984,-0.24792625873152874,-0.022320199301083265,0.16536308832484467,0.44190779403381547,0.5354022896332626,-0.3997291635450926,0.000835034196881,6,1,0,2022-05-01,2022
2022-05,-0.2048440754508302,-0.27093396884641524,-0.022320199301083265,0.16536308832484467,0.44190779403381547,0.5354022896332626,-0.3997291635450926,0.000835034196881,6,0,0,2022-05-01,2022
2022-05,-0.20487467191096886,-0.2730056626828093,-0.022320199301083265,0.16536308832484467,0.44190779403381547,0.5354022896332626,-0.3997291635450926,0.000835034196881,6,0,0,2022-05-01,2022
2022-05,-0.205204033805403,-0.2775941353006397,-0.022320199301083265,0.16536308832484467,0.44190779403381547,0.5354022896332626,-0.3997291635450926,0.000835034196881,6,1,0,2022-05-01,2022
2022-05,-0.20365261329719417,-0.2724156211484626,-0.022320199301083265,0.16536308832484467,0.44190779403381547,0.5354022896332626,-0.3997291635450926,0.000835034196881,8,1,0,2022-05-01,2022
2022-05,-0.20365441308896703,-0.27241865344314714,-0.022320199301083265,0.16536308832484467,0.44190779403381547,0.5354022896332626,-0.3997291635450926,0.000835034196881,8,1,0,2022-05-01,2022
2022-05,-0.20489087003692466,-0.2763182489244224,-0.022320199301083265,0.16536308832484467,0.44190779403381547,0.5354022896332626,-0.3997291635450926,0.000835034196881,9,0,0,2022-05-01,2022
2022-05,-0.20419795020437198,-0.24833561421281955,-0.022320199301083265,0.16536308832484467,0.44190779403381547,0.5354022896332626,-0.3997291635450926,0.000835034196881,9,1,0,2022-05-01,2022
2022-05,-0.20453991064121615,-0.26921743198731146,-0.022320199301083265,0.16536308832484467,0.44190779403381547,0.5354022896332626,-0.3997291635450926,0.000835034196881,9,1,0,2022-05-01,2022
2022-05,-0.20489626941224323,-0.27635179771667734,-0.022320199301083265,0.16536308832484467,0.44190779403381547,0.5354022896332626,-0.3997291635450926,0.000835034196881,9,0,0,2022-05-01,2022
2022-05,-0.204025170194177,-0.2764607968824881,-0.022320199301083265,0.16536308832484467,0.44190779403381547,0.5354022896332626,-0.3997291635450926,0.000835034196881,12,1,0,2022-05-01,2022
2022-05,-0.20519683463831154,-0.27929563541900976,-0.022320199301083265,0.16536308832484467,0.44190779403381547,0.5354022896332626,-0.3997291635450926,0.000835034196881,12,0,0,2022-05-01,2022
2022-05,-0.20408816290622728,-0.2766878533880184,-0.022320199301083265,0.16536308832484467,0.44190779403381547,0.5354022896332626,-0.3997291635450926,0.000835034196881,12,1,0,2022-05-01,2022
2022-05,-0.2052994227693648,-0.2795784560388458,-0.022320199301083265,0.16536308832484467,0.44190779403381547,0.5354022896332626,-0.3997291635450926,0.000835034196881,13,0,0,2022-05-01,2022
2022-05,-0.204091762489773,-0.27926000058005696,-0.022320199301083265,0.16536308832484467,0.44190779403381547,0.5354022896332626,-0.3997291635450926,0.000835034196881,13,1,0,2022-05-01,2022
2022-05,-0.20409536207331871,-0.2792608608054994,-0.022320199301083265,0.16536308832484467,0.44190779403381547,0.5354022896332626,-0.3997291635450926,0.000835034196881,13,1,0,2022-05-01,2022
2022-05,-0.20513744150980703,-0.27875986120669893,-0.022320199301083265,0.16536308832484467,0.44190779403381547,0.5354022896332626,-0.3997291635450926,0.000835034196881,15,1,0,2022-05-01,2022
2022-05,-0.2053138211035477,-0.2795702236813617,-0.022320199301083265,0.16536308832484467,0.44190779403381547,0.5354022896332626,-0.3997291635450926,0.000835034196881,15,0,0,2022-05-01,2022
2022-05,-0.2051392413015799,-0.27876470857706703,-0.022320199301083265,0.16536308832484467,0.44190779403381547,0.5354022896332626,-0.3997291635450926,0.000835034196881,15,1,0,2022-05-01,2022
2022-05,-0.20447151855384732,-0.2792601941307815,-0.022320199301083265,0.16536308832484467,0.44190779403381547,0.5354022896332626,-0.3997291635450926,0.000835034196881,18,1,0,2022-05-01,2022
2022-05,-0.20530302235291054,-0.27957903669101947,-0.022320199301083265,0.16536308832484467,0.44190779403381547,0.5354022896332626,-0.3997291635450926,0.000835034196881,18,0,0,2022-05-01,2022
2022-05,-0.20449131626334882,-0.2792885815703818,-0.022320199301083265,0.16536308832484467,0.44190779403381547,0.5354022896332626,-0.3997291635450926,0.000835034196881,18,1,0,2022-05-01,2022
2022-05,-0.2043221358366996,-0.25843669103903216,-0.022320199301083265,0.16536308832484467,0.44190779403381547,0.5354022896332626,-0.3997291635450926,0.000835034196881,19,1,0,2022-05-01,2022
2022-05,-0.2053138211035477,-0.27944574475871437,-0.022320199301083265,0.16536308832484467,0.44190779403381547,0.5354022896332626,-0.3997291635450926,0.000835034196881,19,0,0,2022-05-01,2022
2022-05,-0.20456690751780912,-0.26425220643245845,-0.022320199301083265,0.16536308832484467,0.44190779403381547,0.5354022896332626,-0.3997291635450926,0.000835034196881,19,1,0,2022-05-01,2022
2022-05,-0.2053138211035477,-0.2795821550082483,-0.022320199301083265,0.16536308832484467,0.44190779403381547,0.5354022896332626,-0.3997291635450926,0.000835034196881,21,1,0,2022-05-01,2022
2022-05,-0.20502045504457087,1.7554498192772938,-0.022320199301083265,0.16536308832484467,0.44190779403381547,0.5354022896332626,-0.3997291635450926,0.000835034196881,24,1,0,2022-05-01,2022
2022-05,-0.20530662193645624,-0.27851799161904994,-0.022320199301083265,0.16536308832484467,0.44190779403381547,0.5354022896332626,-0.3997291635450926,0.000835034196881,27,1,0,2022-05-01,2022
2022-05,-0.203164869726748,-0.27378349573236643,-0.022320199301083265,0.16536308832484467,0.44190779403381547,0.5354022896332626,-0.3997291635450926,0.000835034196881,30,0,0,2022-05-01,2022
2022-05,-0.20197880694843057,-0.2681348554725178,-0.022320199301083265,0.16536308832484467,0.44190779403381547,0.5354022896332626,-0.3997291635450926,0.000835034196881,30,1,0,2022-05-01,2022
2022-05,-0.2031756684773852,-0.2738012550866255,-0.022320199301083265,0.16536308832484467,0.44190779403381547,0.5354022896332626,-0.3997291635450926,0.000835034196881,30,0,0,2022-05-01,2022
2022-05,-0.2023117684264104,-0.27039029346341564,-0.022320199301083265,0.16536308832484467,0.44190779403381547,0.5354022896332626,-0.3997291635450926,0.000835034196881,30,1,0,2022-05-01,2022
2022-05,-0.2041259585334574,-0.26849327700536213,-0.022320199301083265,0.16536308832484467,0.44190779403381547,0.5354022896332626,-0.3997291635450926,0.000835034196881,37,1,0,2022-05-01,2022
2022-05,-0.18087804820337208,-0.20084517832028762,-0.022320199301083265,0.16536308832484467,0.44190779403381547,0.5354022896332626,-0.3997291635450926,0.000835034196881,37,0,0,2022-05-01,2022
2022-05,-0.20480987940714576,-0.2780068499622832,-0.022320199301083265,0.16536308832484467,0.44190779403381547,0.5354022896332626,-0.3997291635450926,0.000835034196881,37,1,0,2022-05-01,2022
2022-05,-0.18088884695400925,-0.20089382406905723,-0.022320199301083265,0.16536308832484467,0.44190779403381547,0.5354022896332626,-0.3997291635450926,0.000835034196881,37,0,0,2022-05-01,2022
2022-05,-0.19941410367209925,-0.2789217814417282,-0.022320199301083265,0.16536308832484467,0.44190779403381547,0.5354022896332626,-0.3997291635450926,0.000835034196881,39,1,0,2022-05-01,2022
2022-05,-0.2004129881060388,-0.27903597636921124,-0.022320199301083265,0.16536308832484467,0.44190779403381547,0.5354022896332626,-0.3997291635450926,0.000835034196881,39,1,0,2022-05-01,2022
2022-05,-0.18968442934799604,-0.22674545670113747,-0.022320199301083265,0.16536308832484467,0.44190779403381547,0.5354022896332626,-0.3997291635450926,0.000835034196881,41,0,0,2022-05-01,2022
2022-05,-0.2044481212608001,-0.2741991265582598,-0.022320199301083265,0.16536308832484467,0.44190779403381547,0.5354022896332626,-0.3997291635450926,0.000835034196881,41,1,0,2022-05-01,2022
2022-05,-0.18968982872331464,-0.22675190839195572,-0.022320199301083265,0.16536308832484467,0.44190779403381547,0.5354022896332626,-0.3997291635450926,0.000835034196881,41,0,0,2022-05-01,2022
2022-05,-0.2049142673299719,-0.2782220611634712,-0.022320199301083265,0.16536308832484467,0.44190779403381547,0.5354022896332626,-0.3997291635450926,0.000835034196881,41,1,0,2022-05-01,2022
2022-05,-0.14339018536638615,0.08741772229422691,-0.022320199301083265,0.16536308832484467,0.44190779403381547,0.5354022896332626,-0.3997291635450926,0.000835034196881,44,0,0,2022-05-01,2022
2022-05,0.026117803385498718,2.177994707164201,-0.022320199301083265,0.16536308832484467,0.44190779403381547,0.5354022896332626,-0.3997291635450926,0.000835034196881,44,1,0,2022-05-01,2022
2022-05,0.008551835682345289,1.491400841194173,-0.022320199301083265,0.16536308832484467,0.44190779403381547,0.5354022896332626,-0.3997291635450926,0.000835034196881,44,1,0,2022-05-01,2022
2022-05,-0.14471303231944124,0.06998652683696822,-0.022320199301083265,0.16536308832484467,0.44190779403381547,0.5354022896332626,-0.3997291635450926,0.000835034196881,44,0,0,2022-05-01,2022
2022-05,-0.2052886240187276,-0.2789003618282116,-0.022320199301083265,0.16536308832484467,0.44190779403381547,0.5354022896332626,-0.3997291635450926,0.000835034196881,46,0,0,2022-05-01,2022
2022-05,-0.204979059833795,-0.27203817142883163,-0.022320199301083265,0.16536308832484467,0.44190779403381547,0.5354022896332626,-0.3997291635450926,0.000835034196881,46,1,0,2022-05-01,2022
2022-05,-0.2049880587926593,-0.27220849606643344,-0.022320199301083265,0.16536308832484467,0.44190779403381547,0.5354022896332626,-0.3997291635450926,0.000835034196881,46,1,0,2022-05-01,2022
2022-05,-0.20480448003182716,-0.27796925380932164,-0.022320199301083265,0.16536308832484467,0.44190779403381547,0.5354022896332626,-0.3997291635450926,0.000835034196881,48,1,0,2022-05-01,2022
2022-05,-0.20482427774132866,-0.2780173834228258,-0.022320199301083265,0.16536308832484467,0.44190779403381547,0.5354022896332626,-0.3997291635450926,0.000835034196881,48,1,0,2022-05-01,2022
2022-05,-0.2045723068931277,-0.27687601480016905,-0.022320199301083265,0.16536308832484467,0.44190779403381547,0.5354022896332626,-0.3997291635450926,0.000835034196881,49,1,0,2022-05-01,2022
2022-05,-0.20514464067689847,-0.27928619014365186,-0.022320199301083265,0.16536308832484467,0.44190779403381547,0.5354022896332626,-0.3997291635450926,0.000835034196881,49,0,0,2022-05-01,2022
2022-05,-0.20462630064631362,-0.27765286719272186,-0.022320199301083265,0.16536308832484467,0.44190779403381547,0.5354022896332626,-0.3997291635450926,0.000835034196881,49,1,0,2022-05-01,2022
2022-05,-0.2051932350547658,-0.27916845108734595,-0.022320199301083265,0.16536308832484467,0.44190779403381547,0.5354022896332626,-0.3997291635450926,0.000835034196881,50,1,0,2022-05-01,2022
2022-05,-0.20519503484653867,-0.2791705844464432,-0.022320199301083265,0.16536308832484467,0.44190779403381547,0.5354022896332626,-0.3997291635450926,0.000835034196881,50,1,0,2022-05-01,2022
2022-05,-0.20428793979301518,-0.27869532709400757,-0.022320199301083265,0.16536308832484467,0.44190779403381547,0.5354022896332626,-0.3997291635450926,0.000835034196881,51,0,0,2022-05-01,2022
2022-05,-0.12578102266068397,-0.24135469979900212,-0.022320199301083265,0.16536308832484467,0.44190779403381547,0.5354022896332626,-0.3997291635450926,0.000835034196881,51,1,0,2022-05-01,2022
2022-05,-0.20429513896010665,-0.27870100458192765,-0.022320199301083265,0.16536308832484467,0.44190779403381547,0.5354022896332626,-0.3997291635450926,0.000835034196881,51,0,0,2022-05-01,2022
2022-05,-0.12852750490607456,-0.2523458131803557,-0.022320199301083265,0.16536308832484467,0.44190779403381547,0.5354022896332626,-0.3997291635450926,0.000835034196881,51,1,0,2022-05-01,2022
2022-05,-0.20487647170274173,-0.27539049148363076,-0.022320199301083265,0.16536308832484467,0.44190779403381547,0.5354022896332626,-0.3997291635450926,0.000835034196881,52,1,0,2022-05-01,2022
2022-05,-0.2049592621242935,-0.2767993859177571,-0.022320199301083265,0.16536308832484467,0.44190779403381547,0.5354022896332626,-0.3997291635450926,0.000835034196881,52,1,0,2022-05-01,2022
2022-05,-0.20530302235291054,-0.2791823222226052,-0.022320199301083265,0.16536308832484467,0.44190779403381547,0.5354022896332626,-0.3997291635450926,0.000835034196881,53,1,0,2022-05-01,2022
2022-05,-0.20505465108825527,-0.06402957765455004,-0.022320199301083265,0.16536308832484467,0.44190779403381547,0.5354022896332626,-0.3997291635450926,0.000835034196881,53,1,0,2022-05-01,2022
2022-05,-0.06669025917401047,-0.08011796549729734,-0.022320199301083265,0.16536308832484467,0.44190779403381547,0.5354022896332626,-0.3997291635450926,0.000835034196881,60,0,0,2022-05-01,2022
2022-05,-0.07352586832734825,-0.13376348647552896,-0.022320199301083265,0.16536308832484467,0.44190779403381547,0.5354022896332626,-0.3997291635450926,0.000835034196881,60,0,0,2022-05-01,2022
2022-05,-0.2052796250598633,-0.27938359347049857,-0.022320199301083265,0.16536308832484467,0.44190779403381547,0.5354022896332626,-0.3997291635450926,0.000835034196881,61,1,0,2022-05-01,2022
2022-05,-0.20528142485163614,-0.2794076797828867,-0.022320199301083265,0.16536308832484467,0.44190779403381547,0.5354022896332626,-0.3997291635450926,0.000835034196881,61,1,0,2022-05-01,2022
2022-05,-0.1945510663018205,-0.2778615277771657,-0.022320199301083265,0.16536308832484467,0.44190779403381547,0.5354022896332626,-0.3997291635450926,0.000835034196881,67,1,0,2022-05-01,2022
2022-05,-0.20059656686687094,-0.2789767842565174,-0.022320199301083265,0.16536308832484467,0.44190779403381547,0.5354022896332626,-0.3997291635450926,0.000835034196881,67,0,0,2022-05-01,2022
2022-05,-0.194570864011322,-0.27789896908954764,-0.022320199301083265,0.16536308832484467,0.44190779403381547,0.5354022896332626,-0.3997291635450926,0.000835034196881,67,1,0,2022-05-01,2022
2022-05,-0.20529582318581907,-0.2783832588091288,-0.022320199301083265,0.16536308832484467,0.44190779403381547,0.5354022896332626,-0.3997291635450926,0.000835034196881,68,1,0,2022-05-01,2022
2022-05,-0.20527782526809044,-0.1940276164168611,-0.022320199301083265,0.16536308832484467,0.44190779403381547,0.5354022896332626,-0.3997291635450926,0.000835034196881,68,1,0,2022-05-01,2022
2022-05,-0.19539516864329376,-0.041719136175409614,-0.022320199301083265,0.16536308832484467,0.44190779403381547,0.5354022896332626,-0.3997291635450926,0.000835034196881,72,1,0,2022-05-01,2022
2022-05,-0.19844401590652552,-0.16778829308125773,-0.022320199301083265,0.16536308832484467,0.44190779403381547,0.5354022896332626,-0.3997291635450926,0.000835034196881,72,1,0,2022-05-01,2022
2022-05,-0.2052130327642673,-0.27954842556865045,-0.022320199301083265,0.16536308832484467,0.44190779403381547,0.5354022896332626,-0.3997291635450926,0.000835034196881,77,0,0,2022-05-01,2022
2022-05,-0.20467129544063523,-0.2793757826234813,-0.022320199301083265,0.16536308832484467,0.44190779403381547,0.5354022896332626,-0.3997291635450926,0.000835034196881,77,1,0,2022-05-01,2022
2022-05,-0.20479548107296286,-0.2794184799133165,-0.022320199301083265,0.16536308832484467,0.44190779403381547,0.5354022896332626,-0.3997291635450926,0.000835034196881,77,1,0,2022-05-01,2022
2022-05,-0.20250974552142548,-0.27468625072067376,-0.022320199301083265,0.16536308832484467,0.44190779403381547,0.5354022896332626,-0.3997291635450926,0.000835034196881,78,1,0,2022-05-01,2022
2022-05,-0.20504025275407237,-0.27926665012272694,-0.022320199301083265,0.16536308832484467,0.44190779403381547,0.5354022896332626,-0.3997291635450926,0.000835034196881,78,0,0,2022-05-01,2022
2022-05,-0.20259253594297721,-0.27541751976703205,-0.022320199301083265,0.16536308832484467,0.44190779403381547,0.5354022896332626,-0.3997291635450926,0.000835034196881,78,1,0,2022-05-01,2022
2022-05,-0.1431562124359138,-0.15333020879813747,-0.022320199301083265,0.16536308832484467,0.44190779403381547,0.5354022896332626,-0.3997291635450926,0.000835034196881,79,1,0,2022-05-01,2022
2022-05,-0.18963943455367444,-0.2488866789323696,-0.022320199301083265,0.16536308832484467,0.44190779403381547,0.5354022896332626,-0.3997291635450926,0.000835034196881,79,0,0,2022-05-01,2022
2022-05,-0.18965743247140307,-0.248916305096607,-0.022320199301083265,0.16536308832484467,0.44190779403381547,0.5354022896332626,-0.3997291635450926,0.000835034196881,79,0,0,2022-05-01,2022
2022-05,-0.15051916057870077,-0.19397621364554848,-0.022320199301083265,0.16536308832484467,0.44190779403381547,0.5354022896332626,-0.3997291635450926,0.000835034196881,79,1,0,2022-05-01,2022
2022-05,-0.0879691973045825,-0.26448593828742206,-0.022320199301083265,0.16536308832484467,0.44190779403381547,0.5354022896332626,-0.3997291635450926,0.000835034196881,80,1,0,2022-05-01,2022
2022-05,-0.1932282193487654,-0.2776532069817716,-0.022320199301083265,0.16536308832484467,0.44190779403381547,0.5354022896332626,-0.3997291635450926,0.000835034196881,80,0,0,2022-05-01,2022
2022-05,-0.19323001914053828,-0.27767256205422636,-0.022320199301083265,0.16536308832484467,0.44190779403381547,0.5354022896332626,-0.3997291635450926,0.000835034196881,80,0,0,2022-05-01,2022
2022-05,-0.09671078594538335,-0.2657863152819854,-0.022320199301083265,0.16536308832484467,0.44190779403381547,0.5354022896332626,-0.3997291635450926,0.000835034196881,80,1,0,2022-05-01,2022
2022-05,-0.19540056801861236,-0.24865839660558384,-0.022320199301083265,0.16536308832484467,0.44190779403381547,0.5354022896332626,-0.3997291635450926,0.000835034196881,81,1,0,2022-05-01,2022
2022-05,-0.1935089868653322,-0.27493792687836655,-0.022320199301083265,0.16536308832484467,0.44190779403381547,0.5354022896332626,-0.3997291635450926,0.000835034196881,81,0,0,2022-05-01,2022
2022-05,-0.19351258644887792,-0.2749399053968841,-0.022320199301083265,0.16536308832484467,0.44190779403381547,0.5354022896332626,-0.3997291635450926,0.000835034196881,81,0,0,2022-05-01,2022
2022-05,-0.19769530252901404,-0.2607067270556881,-0.022320199301083265,0.16536308832484467,0.44190779403381547,0.5354022896332626,-0.3997291635450926,0.000835034196881,81,1,0,2022-05-01,2022
2022-05,-0.2051086448414412,-0.2699193587438283,-0.022320199301083265,0.16536308832484467,0.44190779403381547,0.5354022896332626,-0.3997291635450926,0.000835034196881,84,1,0,2022-05-01,2022
2022-05,-0.20508164796484823,-0.17684975305127185,-0.022320199301083265,0.16536308832484467,0.44190779403381547,0.5354022896332626,-0.3997291635450926,0.000835034196881,84,1,0,2022-05-01,2022
2022-05,-0.20434553312974682,-0.27817175087847046,-0.022320199301083265,0.16536308832484467,0.44190779403381547,0.5354022896332626,-0.3997291635450926,0.000835034196881,86,1,0,2022-05-01,2022
2022-05,-0.2044175248006614,-0.2786507330070718,-0.022320199301083265,0.16536308832484467,0.44190779403381547,0.5354022896332626,-0.3997291635450926,0.000835034196881,86,1,0,2022-05-01,2022
2022-05,-0.18146118073778003,-0.229515055740105,-0.022320199301083265,0.16536308832484467,0.44190779403381547,0.5354022896332626,-0.3997291635450926,0.000835034196881,87,1,0,2022-05-01,2022
2022-05,-0.20078734479479454,-0.27444316821515097,-0.022320199301083265,0.16536308832484467,0.44190779403381547,0.5354022896332626,-0.3997291635450926,0.000835034196881,87,0,0,2022-05-01,2022
2022-05,-0.18636201373528893,-0.24241626960849152,-0.022320199301083265,0.16536308832484467,0.44190779403381547,0.5354022896332626,-0.3997291635450926,0.000835034196881,87,1,0,2022-05-01,2022
2022-05,-0.20080714250429604,-0.2744726524421904,-0.022320199301083265,0.16536308832484467,0.44190779403381547,0.5354022896332626,-0.3997291635450926,0.000835034196881,87,0,0,2022-05-01,2022
2022-05,6.3692949287088005,7.729229326159662,-0.022320199301083265,0.16536308832484467,0.44190779403381547,0.5354022896332626,-0.3997291635450926,0.000835034196881,88,1,0,2022-05-01,2022
2022-05,2.8845488968400046,1.807958522225459,-0.022320199301083265,0.16536308832484467,0.44190779403381547,0.5354022896332626,-0.3997291635450926,0.000835034196881,88,0,0,2022-05-01,2022
2022-05,2.848473870544717,1.7481519806059749,-0.022320199301083265,0.16536308832484467,0.44190779403381547,0.5354022896332626,-0.3997291635450926,0.000835034196881,88,0,0,2022-05-01,2022
2022-05,6.023263362874407,5.86871832402471,-0.022320199301083265,0.16536308832484467,0.44190779403381547,0.5354022896332626,-0.3997291635450926,0.000835034196881,88,1,0,2022-05-01,2022
2022-05,0.47395279106017646,0.7415502973148026,-0.022320199301083265,0.16536308832484467,0.44190779403381547,0.5354022896332626,-0.3997291635450926,0.000835034196881,89,0,0,2022-05-01,2022
2022-05,-0.19191437135457462,-0.1716434450150497,-0.022320199301083265,0.16536308832484467,0.44190779403381547,0.5354022896332626,-0.3997291635450926,0.000835034196881,89,1,0,2022-05-01,2022
2022-05,-0.1926522859814489,-0.1948488435388618,-0.022320199301083265,0.16536308832484467,0.44190779403381547,0.5354022896332626,-0.3997291635450926,0.000835034196881,89,1,0,2022-05-01,2022
2022-05,0.4287096254739192,0.5859878422922582,-0.022320199301083265,0.16536308832484467,0.44190779403381547,0.5354022896332626,-0.3997291635450926,0.000835034196881,89,0,0,2022-05-01,2022
2022-05,-0.20389378539475794,-0.20018641767647208,-0.022320199301083265,0.16536308832484467,0.44190779403381547,0.5354022896332626,-0.3997291635450926,0.000835034196881,90,1,0,2022-05-01,2022
2022-05,0.2519430765020735,4.050947218691103,-0.022320199301083265,0.16536308832484467,0.44190779403381547,0.5354022896332626,-0.3997291635450926,0.000835034196881,90,0,0,2022-05-01,2022
2022-05,0.2147197830556986,1.0302739518807933,-0.022320199301083265,0.16536308832484467,0.44190779403381547,0.5354022896332626,-0.3997291635450926,0.000835034196881,90,0,0,2022-05-01,2022
2022-05,-0.20397477602453684,-0.27456497183667233,-0.022320199301083265,0.16536308832484467,0.44190779403381547,0.5354022896332626,-0.3997291635450926,0.000835034196881,90,1,0,2022-05-01,2022
2022-05,-0.20523643005731454,-0.27931807870080283,-0.022320199301083265,0.16536308832484467,0.44190779403381547,0.5354022896332626,-0.3997291635450926,0.000835034196881,93,0,0,2022-05-01,2022
2022-05,-0.2048188783660101,-0.25225776050406823,-0.022320199301083265,0.16536308832484467,0.44190779403381547,0.5354022896332626,-0.3997291635450926,0.000835034196881,93,1,0,2022-05-01,2022
2022-05,-0.2049340650394734,-0.18719788232342413,-0.022320199301083265,0.16536308832484467,0.44190779403381547,0.5354022896332626,-0.3997291635450926,0.000835034196881,93,1,0,2022-05-01,2022
2022-05,-0.20468929335836386,-0.27506999298941615,-0.022320199301083265,0.16536308832484467,0.44190779403381547,0.5354022896332626,-0.3997291635450926,0.000835034196881,94,0,0,2022-05-01,2022
2022-05,-0.20436893042279405,-0.2743291324293748,-0.022320199301083265,0.16536308832484467,0.44190779403381547,0.5354022896332626,-0.3997291635450926,0.000835034196881,94,1,0,2022-05-01,2022
2022-05,-0.204091762489773,0.3844815765068962,-0.022320199301083265,0.16536308832484467,0.44190779403381547,0.5354022896332626,-0.3997291635450926,0.000835034196881,94,1,0,2022-05-01,2022
2022-05,-0.1908434952497205,-0.2243903228825888,-0.022320199301083265,0.16536308832484467,0.44190779403381547,0.5354022896332626,-0.3997291635450926,0.000835034196881,98,0,0,2022-05-01,2022
2022-05,-0.08380807872572074,0.6239707182037116,-0.022320199301083265,0.16536308832484467,0.44190779403381547,0.5354022896332626,-0.3997291635450926,0.000835034196881,98,1,0,2022-05-01,2022
2022-05,-0.1914248279923556,-0.253506390637142,-0.022320199301083265,0.16536308832484467,0.44190779403381547,0.5354022896332626,-0.3997291635450926,0.000835034196881,98,0,0,2022-05-01,2022
2022-05,-0.08712869454665498,0.5521033642629536,-0.022320199301083265,0.16536308832484467,0.44190779403381547,0.5354022896332626,-0.3997291635450926,0.000835034196881,98,1,0,2022-05-01,2022
2022-05,-0.18088344757869068,-0.24790010357695155,-0.022320199301083265,0.16536308832484467,0.44190779403381547,0.5354022896332626,-0.3997291635450926,0.000835034196881,100,1,0,2022-05-01,2022
2022-05,-0.20251874448028978,-0.2752591350585712,-0.022320199301083265,0.16536308832484467,0.44190779403381547,0.5354022896332626,-0.3997291635450926,0.000835034196881,100,0,0,2022-05-01,2022
2022-05,-0.18149177719791873,-0.2512559548571919,-0.022320199301083265,0.16536308832484467,0.44190779403381547,0.5354022896332626,-0.3997291635450926,0.000835034196881,100,1,0,2022-05-01,2022
2022-05,1.0615722063578887,0.43802208546424276,-0.022320199301083265,0.16536308832484467,0.44190779403381547,0.5354022896332626,-0.3997291635450926,0.000835034196881,101,1,0,2022-05-01,2022
2022-05,0.07612321800275434,-0.1265833610537528,-0.022320199301083265,0.16536308832484467,0.44190779403381547,0.5354022896332626,-0.3997291635450926,0.000835034196881,101,0,0,2022-05-01,2022
2022-05,1.0423810266838391,0.3716063285434895,-0.022320199301083265,0.16536308832484467,0.44190779403381547,0.5354022896332626,-0.3997291635450926,0.000835034196881,101,1,0,2022-05-01,2022
2022-05,0.07363770556442904,-0.12778442502098722,-0.022320199301083265,0.16536308832484467,0.44190779403381547,0.5354022896332626,-0.3997291635450926,0.000835034196881,101,0,0,2022-05-01,2022
2022-06,-0.18985720935819098,-0.272553704536482,-0.022320199301083265,0.16536308832484467,0.7172223796006463,0.7663500616383848,0.08123898593177356,0.0009221805786719,0,0,0,2022-06-01,2022
2022-06,-0.13220447949803588,-0.2119276089334827,-0.022320199301083265,0.16536308832484467,0.7172223796006463,0.7663500616383848,0.08123898593177356,0.0009221805786719,0,1,0,2022-06-01,2022
2022-06,-0.13725469521269248,-0.22911727459214215,-0.022320199301083265,0.16536308832484467,0.7172223796006463,0.7663500616383848,0.08123898593177356,0.0009221805786719,0,1,0,2022-06-01,2022
2022-06,-0.18989680477719398,-0.2726513444253254,-0.022320199301083265,0.16536308832484467,0.7172223796006463,0.7663500616383848,0.08123898593177356,0.0009221805786719,0,0,0,2022-06-01,2022
2022-06,-0.20530662193645624,-0.2794402006057379,-0.022320199301083265,0.16536308832484467,0.7172223796006463,0.7663500616383848,0.08123898593177356,0.0009221805786719,1,0,0,2022-06-01,2022
2022-06,-0.20450391480575886,-0.22318735351599941,-0.022320199301083265,0.16536308832484467,0.7172223796006463,0.7663500616383848,0.08123898593177356,0.0009221805786719,1,1,0,2022-06-01,2022
2022-06,-0.2047576854457327,-0.2446811915848922,-0.022320199301083265,0.16536308832484467,0.7172223796006463,0.7663500616383848,0.08123898593177356,0.0009221805786719,1,1,0,2022-06-01,2022
2022-06,-0.2045183131399418,-0.2755600505205888,-0.022320199301083265,0.16536308832484467,0.7172223796006463,0.7663500616383848,0.08123898593177356,0.0009221805786719,2,0,0,2022-06-01,2022
2022-06,-0.20260513448538728,-0.26456973284776947,-0.022320199301083265,0.16536308832484467,0.7172223796006463,0.7663500616383848,0.08123898593177356,0.0009221805786719,2,1,0,2022-06-01,2022
2022-06,-0.20268972469871188,-0.26894902014363614,-0.022320199301083265,0.16536308832484467,0.7172223796006463,0.7663500616383848,0.08123898593177356,0.0009221805786719,2,1,0,2022-06-01,2022
2022-06,-0.20531022152000197,-0.27957811194866883,-0.022320199301083265,0.16536308832484467,0.7172223796006463,0.7663500616383848,0.08123898593177356,0.0009221805786719,3,0,0,2022-06-01,2022
2022-06,-0.2053084217282291,-0.2795258403496594,-0.022320199301083265,0.16536308832484467,0.7172223796006463,0.7663500616383848,0.08123898593177356,0.0009221805786719,3,1,0,2022-06-01,2022
2022-06,-0.20531202131177484,-0.2795827012514042,-0.022320199301083265,0.16536308832484467,0.7172223796006463,0.7663500616383848,0.08123898593177356,0.0009221805786719,3,1,0,2022-06-01,2022
2022-06,-0.11710782610725197,0.7411620216579786,-0.022320199301083265,0.16536308832484467,0.7172223796006463,0.7663500616383848,0.08123898593177356,0.0009221805786719,5,1,0,2022-06-01,2022
2022-06,-0.19179378530579272,-0.19578561614229018,-0.022320199301083265,0.16536308832484467,0.7172223796006463,0.7663500616383848,0.08123898593177356,0.0009221805786719,5,0,0,2022-06-01,2022
2022-06,-0.19180818363997565,-0.19589812502790604,-0.022320199301083265,0.16536308832484467,0.7172223796006463,0.7663500616383848,0.08123898593177356,0.0009221805786719,5,0,0,2022-06-01,2022
2022-06,-0.13189131572955753,0.23008771624226154,-0.022320199301083265,0.16536308832484467,0.7172223796006463,0.7663500616383848,0.08123898593177356,0.0009221805786719,5,1,0,2022-06-01,2022
2022-06,-0.203575222250961,-0.2447699238392792,-0.022320199301083265,0.16536308832484467,0.7172223796006463,0.7663500616383848,0.08123898593177356,0.0009221805786719,6,1,0,2022-06-01,2022
2022-06,-0.20483507649196586,-0.2721916270455073,-0.022320199301083265,0.16536308832484467,0.7172223796006463,0.7663500616383848,0.08123898593177356,0.0009221805786719,6,0,0,2022-06-01,2022
2022-06,-0.20520763338894873,-0.27764058747453113,-0.022320199301083265,0.16536308832484467,0.7172223796006463,0.7663500616383848,0.08123898593177356,0.0009221805786719,6,1,0,2022-06-01,2022
2022-06,-0.20485127461792163,-0.2725956706346911,-0.022320199301083265,0.16536308832484467,0.7172223796006463,0.7663500616383848,0.08123898593177356,0.0009221805786719,6,0,0,2022-06-01,2022
2022-06,-0.2037660001788846,-0.27457038265470524,-0.022320199301083265,0.16536308832484467,0.7172223796006463,0.7663500616383848,0.08123898593177356,0.0009221805786719,8,1,0,2022-06-01,2022
2022-06,-0.20479548107296286,-0.2758736414045007,-0.022320199301083265,0.16536308832484467,0.7172223796006463,0.7663500616383848,0.08123898593177356,0.0009221805786719,9,0,0,2022-06-01,2022
2022-06,-0.20409536207331871,-0.25760382936792253,-0.022320199301083265,0.16536308832484467,0.7172223796006463,0.7663500616383848,0.08123898593177356,0.0009221805786719,9,1,0,2022-06-01,2022
2022-06,-0.20448591688803022,-0.267879691100656,-0.022320199301083265,0.16536308832484467,0.7172223796006463,0.7663500616383848,0.08123898593177356,0.0009221805786719,9,1,0,2022-06-01,2022
2022-06,-0.2047990806565086,-0.2758955771532828,-0.022320199301083265,0.16536308832484467,0.7172223796006463,0.7663500616383848,0.08123898593177356,0.0009221805786719,9,0,0,2022-06-01,2022
2022-06,-0.20319726597865956,-0.27343753456505576,-0.022320199301083265,0.16536308832484467,0.7172223796006463,0.7663500616383848,0.08123898593177356,0.0009221805786719,12,1,0,2022-06-01,2022
2022-06,-0.20508704734016683,-0.2789770036140052,-0.022320199301083265,0.16536308832484467,0.7172223796006463,0.7663500616383848,0.08123898593177356,0.0009221805786719,12,0,0,2022-06-01,2022
2022-06,-0.20328905535907563,-0.2742187483006017,-0.022320199301083265,0.16536308832484467,0.7172223796006463,0.7663500616383848,0.08123898593177356,0.0009221805786719,12,1,0,2022-06-01,2022
2022-06,-0.20406476561318004,-0.2792053762644624,-0.022320199301083265,0.16536308832484467,0.7172223796006463,0.7663500616383848,0.08123898593177356,0.0009221805786719,13,1,0,2022-06-01,2022
2022-06,-0.20526702651745324,-0.2795699828182378,-0.022320199301083265,0.16536308832484467,0.7172223796006463,0.7663500616383848,0.08123898593177356,0.0009221805786719,13,0,0,2022-06-01,2022
2022-06,-0.2040755643638172,-0.2792243442354681,-0.022320199301083265,0.16536308832484467,0.7172223796006463,0.7663500616383848,0.08123898593177356,0.0009221805786719,13,1,0,2022-06-01,2022
2022-06,-0.2050690494224382,-0.2785202712164724,-0.022320199301083265,0.16536308832484467,0.7172223796006463,0.7663500616383848,0.08123898593177356,0.0009221805786719,15,1,0,2022-06-01,2022
2022-06,-0.20531202131177484,-0.2795707785267721,-0.022320199301083265,0.16536308832484467,0.7172223796006463,0.7663500616383848,0.08123898593177356,0.0009221805786719,15,0,0,2022-06-01,2022
2022-06,-0.20529762297759194,-0.2795754667554333,-0.022320199301083265,0.16536308832484467,0.7172223796006463,0.7663500616383848,0.08123898593177356,0.0009221805786719,18,0,0,2022-06-01,2022
2022-06,-0.20374260288583737,-0.2788957639232218,-0.022320199301083265,0.16536308832484467,0.7172223796006463,0.7663500616383848,0.08123898593177356,0.0009221805786719,18,1,0,2022-06-01,2022
2022-06,-0.20375340163647454,-0.2789168394465614,-0.022320199301083265,0.16536308832484467,0.7172223796006463,0.7663500616383848,0.08123898593177356,0.0009221805786719,18,1,0,2022-06-01,2022
2022-06,-0.20434193354620112,-0.26251788441233237,-0.022320199301083265,0.16536308832484467,0.7172223796006463,0.7663500616383848,0.08123898593177356,0.0009221805786719,19,1,0,2022-06-01,2022
2022-06,-0.20530482214468337,-0.2787747689136163,-0.022320199301083265,0.16536308832484467,0.7172223796006463,0.7663500616383848,0.08123898593177356,0.0009221805786719,19,0,0,2022-06-01,2022
2022-06,-0.20459210460262922,-0.2667810283700889,-0.022320199301083265,0.16536308832484467,0.7172223796006463,0.7663500616383848,0.08123898593177356,0.0009221805786719,19,1,0,2022-06-01,2022
2022-06,-0.20531202131177484,-0.27949047648172093,-0.022320199301083265,0.16536308832484467,0.7172223796006463,0.7663500616383848,0.08123898593177356,0.0009221805786719,21,1,0,2022-06-01,2022
2022-06,-0.2053084217282291,-0.27958338082950374,-0.022320199301083265,0.16536308832484467,0.7172223796006463,0.7663500616383848,0.08123898593177356,0.0009221805786719,22,0,0,2022-06-01,2022
2022-06,-0.20527242589277184,-0.2795500040823373,-0.022320199301083265,0.16536308832484467,0.7172223796006463,0.7663500616383848,0.08123898593177356,0.0009221805786719,22,1,0,2022-06-01,2022
2022-06,-0.2052994227693648,-0.2792405035704042,-0.022320199301083265,0.16536308832484467,0.7172223796006463,0.7663500616383848,0.08123898593177356,0.0009221805786719,23,1,0,2022-06-01,2022
2022-06,-0.20504565212939097,1.7205502709247904,-0.022320199301083265,0.16536308832484467,0.7172223796006463,0.7663500616383848,0.08123898593177356,0.0009221805786719,24,1,0,2022-06-01,2022
2022-06,-0.20530662193645624,-0.2784008418171721,-0.022320199301083265,0.16536308832484467,0.7172223796006463,0.7663500616383848,0.08123898593177356,0.0009221805786719,27,1,0,2022-06-01,2022
2022-06,-0.2030244859684646,-0.27415997339724746,-0.022320199301083265,0.16536308832484467,0.7172223796006463,0.7663500616383848,0.08123898593177356,0.0009221805786719,30,0,0,2022-06-01,2022
2022-06,-0.2010249173088126,-0.2635405892363326,-0.022320199301083265,0.16536308832484467,0.7172223796006463,0.7663500616383848,0.08123898593177356,0.0009221805786719,30,1,0,2022-06-01,2022
2022-06,-0.20143347004125275,-0.26632475619316776,-0.022320199301083265,0.16536308832484467,0.7172223796006463,0.7663500616383848,0.08123898593177356,0.0009221805786719,30,1,0,2022-06-01,2022
2022-06,-0.20303348492732892,-0.2741837715341124,-0.022320199301083265,0.16536308832484467,0.7172223796006463,0.7663500616383848,0.08123898593177356,0.0009221805786719,30,0,0,2022-06-01,2022
2022-06,-0.20407196478027148,-0.27008633280333183,-0.022320199301083265,0.16536308832484467,0.7172223796006463,0.7663500616383848,0.08123898593177356,0.0009221805786719,37,1,0,2022-06-01,2022
2022-06,-0.17924203748183865,-0.18555806036927655,-0.022320199301083265,0.16536308832484467,0.7172223796006463,0.7663500616383848,0.08123898593177356,0.0009221805786719,37,0,0,2022-06-01,2022
2022-06,-0.20482427774132866,-0.27777963431504604,-0.022320199301083265,0.16536308832484467,0.7172223796006463,0.7663500616383848,0.08123898593177356,0.0009221805786719,37,1,0,2022-06-01,2022
2022-06,-0.19873918175727523,-0.2788796734063211,-0.022320199301083265,0.16536308832484467,0.7172223796006463,0.7663500616383848,0.08123898593177356,0.0009221805786719,39,1,0,2022-06-01,2022
2022-06,-0.19968767202157459,-0.2789895241953198,-0.022320199301083265,0.16536308832484467,0.7172223796006463,0.7663500616383848,0.08123898593177356,0.0009221805786719,39,1,0,2022-06-01,2022
2022-06,-0.20444452167725435,-0.27306138378584294,-0.022320199301083265,0.16536308832484467,0.7172223796006463,0.7663500616383848,0.08123898593177356,0.0009221805786719,41,1,0,2022-06-01,2022
2022-06,-0.188824128880567,-0.21514138968077795,-0.022320199301083265,0.16536308832484467,0.7172223796006463,0.7663500616383848,0.08123898593177356,0.0009221805786719,41,0,0,2022-06-01,2022
2022-06,-0.20492146649706333,-0.2781452387303347,-0.022320199301083265,0.16536308832484467,0.7172223796006463,0.7663500616383848,0.08123898593177356,0.0009221805786719,41,1,0,2022-06-01,2022
2022-06,-0.13798901025602103,0.1430928720847176,-0.022320199301083265,0.16536308832484467,0.7172223796006463,0.7663500616383848,0.08123898593177356,0.0009221805786719,44,0,0,2022-06-01,2022
2022-06,0.02555446856059226,2.3801141459460564,-0.022320199301083265,0.16536308832484467,0.7172223796006463,0.7663500616383848,0.08123898593177356,0.0009221805786719,44,1,0,2022-06-01,2022
2022-06,-0.13929745887489323,0.12563704837304204,-0.022320199301083265,0.16536308832484467,0.7172223796006463,0.7663500616383848,0.08123898593177356,0.0009221805786719,44,0,0,2022-06-01,2022
2022-06,0.0082656687904599,1.4605749549412215,-0.022320199301083265,0.16536308832484467,0.7172223796006463,0.7663500616383848,0.08123898593177356,0.0009221805786719,44,1,0,2022-06-01,2022
2022-06,-0.20528682422695474,-0.27855708886540853,-0.022320199301083265,0.16536308832484467,0.7172223796006463,0.7663500616383848,0.08123898593177356,0.0009221805786719,46,0,0,2022-06-01,2022
2022-06,-0.20502045504457087,-0.26646558800147574,-0.022320199301083265,0.16536308832484467,0.7172223796006463,0.7663500616383848,0.08123898593177356,0.0009221805786719,46,1,0,2022-06-01,2022
2022-06,-0.20502945400343517,-0.2667176340561087,-0.022320199301083265,0.16536308832484467,0.7172223796006463,0.7663500616383848,0.08123898593177356,0.0009221805786719,46,1,0,2022-06-01,2022
2022-06,-0.20417815249487048,-0.27736296691749457,-0.022320199301083265,0.16536308832484467,0.7172223796006463,0.7663500616383848,0.08123898593177356,0.0009221805786719,48,1,0,2022-06-01,2022
2022-06,-0.2053138211035477,-0.27957821947684913,-0.022320199301083265,0.16536308832484467,0.7172223796006463,0.7663500616383848,0.08123898593177356,0.0009221805786719,48,0,0,2022-06-01,2022
2022-06,-0.20420334957969058,-0.27744808622502337,-0.022320199301083265,0.16536308832484467,0.7172223796006463,0.7663500616383848,0.08123898593177356,0.0009221805786719,48,1,0,2022-06-01,2022
2022-06,-0.20498985858443217,-0.27904481518563223,-0.022320199301083265,0.16536308832484467,0.7172223796006463,0.7663500616383848,0.08123898593177356,0.0009221805786719,49,0,0,2022-06-01,2022
2022-06,-0.20430233812719809,-0.27654142151208017,-0.022320199301083265,0.16536308832484467,0.7172223796006463,0.7663500616383848,0.08123898593177356,0.0009221805786719,49,1,0,2022-06-01,2022
2022-06,-0.20436173125570262,-0.27698335803200314,-0.022320199301083265,0.16536308832484467,0.7172223796006463,0.7663500616383848,0.08123898593177356,0.0009221805786719,49,1,0,2022-06-01,2022
2022-06,-0.20518063651235577,-0.2791701715382308,-0.022320199301083265,0.16536308832484467,0.7172223796006463,0.7663500616383848,0.08123898593177356,0.0009221805786719,50,1,0,2022-06-01,2022
2022-06,-0.2051842360959015,-0.27917158660908364,-0.022320199301083265,0.16536308832484467,0.7172223796006463,0.7663500616383848,0.08123898593177356,0.0009221805786719,50,1,0,2022-06-01,2022
2022-06,-0.07064980107431146,-0.21443013808046513,-0.022320199301083265,0.16536308832484467,0.7172223796006463,0.7663500616383848,0.08123898593177356,0.0009221805786719,51,1,0,2022-06-01,2022
2022-06,-0.2034654349528163,-0.27783461132307197,-0.022320199301083265,0.16536308832484467,0.7172223796006463,0.7663500616383848,0.08123898593177356,0.0009221805786719,51,0,0,2022-06-01,2022
2022-06,-0.20347623370345347,-0.2778475147047085,-0.022320199301083265,0.16536308832484467,0.7172223796006463,0.7663500616383848,0.08123898593177356,0.0009221805786719,51,0,0,2022-06-01,2022
2022-06,-0.07425838357890394,-0.22985164905234756,-0.022320199301083265,0.16536308832484467,0.7172223796006463,0.7663500616383848,0.08123898593177356,0.0009221805786719,51,1,0,2022-06-01,2022
2022-06,-0.2049682610831578,-0.27600473546080034,-0.022320199301083265,0.16536308832484467,0.7172223796006463,0.7663500616383848,0.08123898593177356,0.0009221805786719,52,1,0,2022-06-01,2022
2022-06,-0.20503665317052663,-0.27688853538148367,-0.022320199301083265,0.16536308832484467,0.7172223796006463,0.7663500616383848,0.08123898593177356,0.0009221805786719,52,1,0,2022-06-01,2022
2022-06,-0.20530482214468337,-0.27925253382321663,-0.022320199301083265,0.16536308832484467,0.7172223796006463,0.7663500616383848,0.08123898593177356,0.0009221805786719,53,1,0,2022-06-01,2022
2022-06,-0.2050690494224382,-0.08807221209584655,-0.022320199301083265,0.16536308832484467,0.7172223796006463,0.7663500616383848,0.08123898593177356,0.0009221805786719,53,1,0,2022-06-01,2022
2022-06,-0.06211338869561712,-0.07299151814312904,-0.022320199301083265,0.16536308832484467,0.7172223796006463,0.7663500616383848,0.08123898593177356,0.0009221805786719,60,0,0,2022-06-01,2022
2022-06,-0.06905158598000814,-0.13049128781843808,-0.022320199301083265,0.16536308832484467,0.7172223796006463,0.7663500616383848,0.08123898593177356,0.0009221805786719,60,0,0,2022-06-01,2022
2022-06,-0.20527242589277184,-0.2793096140824493,-0.022320199301083265,0.16536308832484467,0.7172223796006463,0.7663500616383848,0.08123898593177356,0.0009221805786719,61,1,0,2022-06-01,2022
2022-06,-0.20527602547631757,-0.279326818591298,-0.022320199301083265,0.16536308832484467,0.7172223796006463,0.7663500616383848,0.08123898593177356,0.0009221805786719,61,1,0,2022-06-01,2022
2022-06,-0.19782128795311454,-0.2769445575634222,-0.022320199301083265,0.16536308832484467,0.7172223796006463,0.7663500616383848,0.08123898593177356,0.0009221805786719,67,1,0,2022-06-01,2022
2022-06,-0.20148746379443866,-0.27906820041428476,-0.022320199301083265,0.16536308832484467,0.7172223796006463,0.7663500616383848,0.08123898593177356,0.0009221805786719,67,0,0,2022-06-01,2022
2022-06,-0.19783388649552458,-0.27697563320753005,-0.022320199301083265,0.16536308832484467,0.7172223796006463,0.7663500616383848,0.08123898593177356,0.0009221805786719,67,1,0,2022-06-01,2022
2022-06,-0.20530662193645624,-0.2790632154078459,-0.022320199301083265,0.16536308832484467,0.7172223796006463,0.7663500616383848,0.08123898593177356,0.0009221805786719,68,1,0,2022-06-01,2022
2022-06,-0.205283224643409,-0.16959742030585784,-0.022320199301083265,0.16536308832484467,0.7172223796006463,0.7663500616383848,0.08123898593177356,0.0009221805786719,68,1,0,2022-06-01,2022
2022-06,-0.19525478488501036,-0.004968842891401308,-0.022320199301083265,0.16536308832484467,0.7172223796006463,0.7663500616383848,0.08123898593177356,0.0009221805786719,72,1,0,2022-06-01,2022
2022-06,-0.19809125671904415,-0.15660887204942825,-0.022320199301083265,0.16536308832484467,0.7172223796006463,0.7663500616383848,0.08123898593177356,0.0009221805786719,72,1,0,2022-06-01,2022
2022-06,-0.20518963547122007,-0.2795437416411164,-0.022320199301083265,0.16536308832484467,0.7172223796006463,0.7663500616383848,0.08123898593177356,0.0009221805786719,77,0,0,2022-06-01,2022
2022-06,-0.20455070939185332,-0.2793496919858123,-0.022320199301083265,0.16536308832484467,0.7172223796006463,0.7663500616383848,0.08123898593177356,0.0009221805786719,77,1,0,2022-06-01,2022
2022-06,-0.20468929335836386,-0.27939331401799805,-0.022320199301083265,0.16536308832484467,0.7172223796006463,0.7663500616383848,0.08123898593177356,0.0009221805786719,77,1,0,2022-06-01,2022
2022-06,-0.2049682610831578,-0.2791877244383837,-0.022320199301083265,0.16536308832484467,0.7172223796006463,0.7663500616383848,0.08123898593177356,0.0009221805786719,78,0,0,2022-06-01,2022
2022-06,-0.20146046691784572,-0.27360429786932594,-0.022320199301083265,0.16536308832484467,0.7172223796006463,0.7663500616383848,0.08123898593177356,0.0009221805786719,78,1,0,2022-06-01,2022
2022-06,-0.20157565359130902,-0.27452755202992646,-0.022320199301083265,0.16536308832484467,0.7172223796006463,0.7663500616383848,0.08123898593177356,0.0009221805786719,78,1,0,2022-06-01,2022
2022-06,-0.1817545467967569,-0.23333725243719733,-0.022320199301083265,0.16536308832484467,0.7172223796006463,0.7663500616383848,0.08123898593177356,0.0009221805786719,79,0,0,2022-06-01,2022
2022-06,-0.07675289497609356,-0.024171517806771996,-0.022320199301083265,0.16536308832484467,0.7172223796006463,0.7663500616383848,0.08123898593177356,0.0009221805786719,79,1,0,2022-06-01,2022
2022-06,-0.18177254471448553,-0.233367390435573,-0.022320199301083265,0.16536308832484467,0.7172223796006463,0.7663500616383848,0.08123898593177356,0.0009221805786719,79,0,0,2022-06-01,2022
2022-06,-0.0873878645619474,-0.09257288580389499,-0.022320199301083265,0.16536308832484467,0.7172223796006463,0.7663500616383848,0.08123898593177356,0.0009221805786719,79,1,0,2022-06-01,2022
2022-06,-0.19008578291334471,-0.27667887693552656,-0.022320199301083265,0.16536308832484467,0.7172223796006463,0.7663500616383848,0.08123898593177356,0.0009221805786719,80,0,0,2022-06-01,2022
2022-06,-0.07363745541726582,-0.2599984518354061,-0.022320199301083265,0.16536308832484467,0.7172223796006463,0.7663500616383848,0.08123898593177356,0.0009221805786719,80,1,0,2022-06-01,2022
2022-06,-0.1900911822886633,-0.2766816511625784,-0.022320199301083265,0.16536308832484467,0.7172223796006463,0.7663500616383848,0.08123898593177356,0.0009221805786719,80,0,0,2022-06-01,2022
2022-06,-0.08261661657208473,-0.26159792491517636,-0.022320199301083265,0.16536308832484467,0.7172223796006463,0.7663500616383848,0.08123898593177356,0.0009221805786719,80,1,0,2022-06-01,2022
2022-06,-0.19378615479835326,-0.2749070189782199,-0.022320199301083265,0.16536308832484467,0.7172223796006463,0.7663500616383848,0.08123898593177356,0.0009221805786719,81,0,0,2022-06-01,2022
2022-06,-0.19628606557086148,-0.2504389643454952,-0.022320199301083265,0.16536308832484467,0.7172223796006463,0.7663500616383848,0.08123898593177356,0.0009221805786719,81,1,0,2022-06-01,2022
2022-06,-0.19379155417367186,-0.274909169541826,-0.022320199301083265,0.16536308832484467,0.7172223796006463,0.7663500616383848,0.08123898593177356,0.0009221805786719,81,0,0,2022-06-01,2022
2022-06,-0.19810925463677279,-0.2611347193211892,-0.022320199301083265,0.16536308832484467,0.7172223796006463,0.7663500616383848,0.08123898593177356,0.0009221805786719,81,1,0,2022-06-01,2022
2022-06,-0.2050690494224382,-0.26054803266606796,-0.022320199301083265,0.16536308832484467,0.7172223796006463,0.7663500616383848,0.08123898593177356,0.0009221805786719,84,1,0,2022-06-01,2022
2022-06,-0.2050690494224382,-0.22433527275540027,-0.022320199301083265,0.16536308832484467,0.7172223796006463,0.7663500616383848,0.08123898593177356,0.0009221805786719,84,1,0,2022-06-01,2022
2022-06,-0.20436353104747548,-0.2766039728051267,-0.022320199301083265,0.16536308832484467,0.7172223796006463,0.7663500616383848,0.08123898593177356,0.0009221805786719,86,1,0,2022-06-01,2022
2022-06,-0.20443552271839002,-0.27860280554654665,-0.022320199301083265,0.16536308832484467,0.7172223796006463,0.7663500616383848,0.08123898593177356,0.0009221805786719,86,1,0,2022-06-01,2022
2022-06,-0.18396109151028825,-0.23613094639080742,-0.022320199301083265,0.16536308832484467,0.7172223796006463,0.7663500616383848,0.08123898593177356,0.0009221805786719,87,1,0,2022-06-01,2022
2022-06,-0.20116890065064172,-0.2741551260268793,-0.022320199301083265,0.16536308832484467,0.7172223796006463,0.7663500616383848,0.08123898593177356,0.0009221805786719,87,0,0,2022-06-01,2022
2022-06,-0.20118329898482465,-0.2742187870107466,-0.022320199301083265,0.16536308832484467,0.7172223796006463,0.7663500616383848,0.08123898593177356,0.0009221805786719,87,0,0,2022-06-01,2022
2022-06,-0.18861175345136905,-0.2481146653079305,-0.022320199301083265,0.16536308832484467,0.7172223796006463,0.7663500616383848,0.08123898593177356,0.0009221805786719,87,1,0,2022-06-01,2022
2022-06,3.209571493309756,1.9399205718032804,-0.022320199301083265,0.16536308832484467,0.7172223796006463,0.7663500616383848,0.08123898593177356,0.0009221805786719,88,0,0,2022-06-01,2022
2022-06,6.834787673467048,8.449681661242742,-0.022320199301083265,0.16536308832484467,0.7172223796006463,0.7663500616383848,0.08123898593177356,0.0009221805786719,88,1,0,2022-06-01,2022
2022-06,6.445883267811259,6.3778450962432665,-0.022320199301083265,0.16536308832484467,0.7172223796006463,0.7663500616383848,0.08123898593177356,0.0009221805786719,88,1,0,2022-06-01,2022
2022-06,3.1783019110480155,1.8964356036383512,-0.022320199301083265,0.16536308832484467,0.7172223796006463,0.7663500616383848,0.08123898593177356,0.0009221805786719,88,0,0,2022-06-01,2022
2022-06,0.4292855588412357,0.6836121309472662,-0.022320199301083265,0.16536308832484467,0.7172223796006463,0.7663500616383848,0.08123898593177356,0.0009221805786719,89,0,0,2022-06-01,2022
2022-06,-0.19237331825665496,-0.16269623588717236,-0.022320199301083265,0.16536308832484467,0.7172223796006463,0.7663500616383848,0.08123898593177356,0.0009221805786719,89,1,0,2022-06-01,2022
2022-06,-0.19281426724100667,-0.1992941144272903,-0.022320199301083265,0.16536308832484467,0.7172223796006463,0.7663500616383848,0.08123898593177356,0.0009221805786719,89,1,0,2022-06-01,2022
2022-06,0.3859087773234385,0.5287048580306968,-0.022320199301083265,0.16536308832484467,0.7172223796006463,0.7663500616383848,0.08123898593177356,0.0009221805786719,89,0,0,2022-06-01,2022
2022-06,0.23122207382108936,4.208253238856153,-0.022320199301083265,0.16536308832484467,0.7172223796006463,0.7663500616383848,0.08123898593177356,0.0009221805786719,90,0,0,2022-06-01,2022
2022-06,-0.20385778955930067,-0.1843856118013847,-0.022320199301083265,0.16536308832484467,0.7172223796006463,0.7663500616383848,0.08123898593177356,0.0009221805786719,90,1,0,2022-06-01,2022
2022-06,0.20093877745087835,1.102938588568362,-0.022320199301083265,0.16536308832484467,0.7172223796006463,0.7663500616383848,0.08123898593177356,0.0009221805786719,90,0,0,2022-06-01,2022
2022-06,-0.20393878018907954,-0.2758230601484856,-0.022320199301083265,0.16536308832484467,0.7172223796006463,0.7663500616383848,0.08123898593177356,0.0009221805786719,90,1,0,2022-06-01,2022
2022-06,-0.20495566254074776,-0.2592101498422145,-0.022320199301083265,0.16536308832484467,0.7172223796006463,0.7663500616383848,0.08123898593177356,0.0009221805786719,93,1,0,2022-06-01,2022
2022-06,-0.20525622776681607,-0.279378169749084,-0.022320199301083265,0.16536308832484467,0.7172223796006463,0.7663500616383848,0.08123898593177356,0.0009221805786719,93,0,0,2022-06-01,2022
2022-06,-0.204979059833795,-0.20840677071451086,-0.022320199301083265,0.16536308832484467,0.7172223796006463,0.7663500616383848,0.08123898593177356,0.0009221805786719,93,1,0,2022-06-01,2022
2022-06,-0.20474148731977693,-0.27527816754648504,-0.022320199301083265,0.16536308832484467,0.7172223796006463,0.7663500616383848,0.08123898593177356,0.0009221805786719,94,0,0,2022-06-01,2022
2022-06,-0.20416375416068755,-0.2718524745625735,-0.022320199301083265,0.16536308832484467,0.7172223796006463,0.7663500616383848,0.08123898593177356,0.0009221805786719,94,1,0,2022-06-01,2022
2022-06,-0.20395857789858104,0.9567758685688141,-0.022320199301083265,0.16536308832484467,0.7172223796006463,0.7663500616383848,0.08123898593177356,0.0009221805786719,94,1,0,2022-06-01,2022
2022-06,-0.2053138211035477,-0.2791661714899235,-0.022320199301083265,0.16536308832484467,0.7172223796006463,0.7663500616383848,0.08123898593177356,0.0009221805786719,95,1,0,2022-06-01,2022
2022-06,-0.08174191777047278,0.6276057556512937,-0.022320199301083265,0.16536308832484467,0.7172223796006463,0.7663500616383848,0.08123898593177356,0.0009221805786719,98,1,0,2022-06-01,2022
2022-06,-0.19120525339606617,-0.2158259054743399,-0.022320199301083265,0.16536308832484467,0.7172223796006463,0.7663500616383848,0.08123898593177356,0.0009221805786719,98,0,0,2022-06-01,2022
2022-06,-0.19169119717473948,-0.2549123000889831,-0.022320199301083265,0.16536308832484467,0.7172223796006463,0.7663500616383848,0.08123898593177356,0.0009221805786719,98,0,0,2022-06-01,2022
2022-06,-0.08512012692813867,0.5556385209344148,-0.022320199301083265,0.16536308832484467,0.7172223796006463,0.7663500616383848,0.08123898593177356,0.0009221805786719,98,1,0,2022-06-01,2022
2022-06,-0.1693017875203103,-0.2371885118508623,-0.022320199301083265,0.16536308832484467,0.7172223796006463,0.7663500616383848,0.08123898593177356,0.0009221805786719,100,1,0,2022-06-01,2022
2022-06,-0.20055697144786794,-0.2721888485173283,-0.022320199301083265,0.16536308832484467,0.7172223796006463,0.7663500616383848,0.08123898593177356,0.0009221805786719,100,0,0,2022-06-01,2022
2022-06,-0.17008289714973332,-0.24186520488894145,-0.022320199301083265,0.16536308832484467,0.7172223796006463,0.7663500616383848,0.08123898593177356,0.0009221805786719,100,1,0,2022-06-01,2022
2022-06,1.1798293245856961,0.5256814365715576,-0.022320199301083265,0.16536308832484467,0.7172223796006463,0.7663500616383848,0.08123898593177356,0.0009221805786719,101,1,0,2022-06-01,2022
2022-06,0.10441774446395055,-0.110268622090338,-0.022320199301083265,0.16536308832484467,0.7172223796006463,0.7663500616383848,0.08123898593177356,0.0009221805786719,101,0,0,2022-06-01,2022
2022-06,0.10287892249815177,-0.11110798706579242,-0.022320199301083265,0.16536308832484467,0.7172223796006463,0.7663500616383848,0.08123898593177356,0.0009221805786719,101,0,0,2022-06-01,2022
2022-06,1.1594934773441048,0.4556712792531229,-0.022320199301083265,0.16536308832484467,0.7172223796006463,0.7663500616383848,0.08123898593177356,0.0009221805786719,101,1,0,2022-06-01,2022
2022-07,-0.18794043112009073,-0.27148024641137813,0.17790743302047846,-0.3323020262912704,1.3565554135152234,1.1554409564893757,0.43880887182566725,0.0008819469778742,0,0,0,2022-07-01,2022
2022-07,-0.1241360129802862,-0.19809451284330803,0.17790743302047846,-0.3323020262912704,1.3565554135152234,1.1554409564893757,0.43880887182566725,0.0008819469778742,0,1,0,2022-07-01,2022
2022-07,-0.13055227065054664,-0.22047816380872676,0.17790743302047846,-0.3323020262912704,1.3565554135152234,1.1554409564893757,0.43880887182566725,0.0008819469778742,0,1,0,2022-07-01,2022
2022-07,-0.1879926250815038,-0.27151391993632223,0.17790743302047846,-0.3323020262912704,1.3565554135152234,1.1554409564893757,0.43880887182566725,0.0008819469778742,0,0,0,2022-07-01,2022
2022-07,-0.2052544279750432,-0.2790320451389393,0.17790743302047846,-0.3323020262912704,1.3565554135152234,1.1554409564893757,0.43880887182566725,0.0008819469778742,1,0,0,2022-07-01,2022
2022-07,-0.20112570564809298,-0.17757395964674771,0.17790743302047846,-0.3323020262912704,1.3565554135152234,1.1554409564893757,0.43880887182566725,0.0008819469778742,1,1,0,2022-07-01,2022
2022-07,-0.201642245886905,-0.21119925605137432,0.17790743302047846,-0.3323020262912704,1.3565554135152234,1.1554409564893757,0.43880887182566725,0.0008819469778742,1,1,0,2022-07-01,2022
2022-07,-0.2052580275585889,-0.27906434230317545,0.17790743302047846,-0.3323020262912704,1.3565554135152234,1.1554409564893757,0.43880887182566725,0.0008819469778742,1,0,0,2022-07-01,2022
2022-07,-0.20443372292661718,-0.2754324661840943,0.17790743302047846,-0.3323020262912704,1.3565554135152234,1.1554409564893757,0.43880887182566725,0.0008819469778742,2,0,0,2022-07-01,2022
2022-07,-0.20253494260624558,-0.261723646863588,0.17790743302047846,-0.3323020262912704,1.3565554135152234,1.1554409564893757,0.43880887182566725,0.0008819469778742,2,1,0,2022-07-01,2022
2022-07,-0.2026033346936144,-0.2676589357464915,0.17790743302047846,-0.3323020262912704,1.3565554135152234,1.1554409564893757,0.43880887182566725,0.0008819469778742,2,1,0,2022-07-01,2022
2022-07,-0.2053084217282291,-0.2794787344044317,0.17790743302047846,-0.3323020262912704,1.3565554135152234,1.1554409564893757,0.43880887182566725,0.0008819469778742,3,0,0,2022-07-01,2022
2022-07,-0.20516083880285427,-0.27707852047157233,0.17790743302047846,-0.3323020262912704,1.3565554135152234,1.1554409564893757,0.43880887182566725,0.0008819469778742,3,1,0,2022-07-01,2022
2022-07,-0.20518603588767437,-0.2779109563310879,0.17790743302047846,-0.3323020262912704,1.3565554135152234,1.1554409564893757,0.43880887182566725,0.0008819469778742,3,1,0,2022-07-01,2022
2022-07,-0.024260168128739767,1.4382751286440407,0.17790743302047846,-0.3323020262912704,1.3565554135152234,1.1554409564893757,0.43880887182566725,0.0008819469778742,5,1,0,2022-07-01,2022
2022-07,-0.18403668276474855,-0.15948635626225857,0.17790743302047846,-0.3323020262912704,1.3565554135152234,1.1554409564893757,0.43880887182566725,0.0008819469778742,5,0,0,2022-07-01,2022
2022-07,-0.18407267860020582,-0.15968759310113423,0.17790743302047846,-0.3323020262912704,1.3565554135152234,1.1554409564893757,0.43880887182566725,0.0008819469778742,5,0,0,2022-07-01,2022
2022-07,-0.04815600349705617,0.6345547901102145,0.17790743302047846,-0.3323020262912704,1.3565554135152234,1.1554409564893757,0.43880887182566725,0.0008819469778742,5,1,0,2022-07-01,2022
2022-07,-0.20334304911226153,-0.2411280260937937,0.17790743302047846,-0.3323020262912704,1.3565554135152234,1.1554409564893757,0.43880887182566725,0.0008819469778742,6,1,0,2022-07-01,2022
2022-07,-0.20478468232232566,-0.27008663818336387,0.17790743302047846,-0.3323020262912704,1.3565554135152234,1.1554409564893757,0.43880887182566725,0.0008819469778742,6,0,0,2022-07-01,2022
2022-07,-0.20518783567944723,-0.2768342250481756,0.17790743302047846,-0.3323020262912704,1.3565554135152234,1.1554409564893757,0.43880887182566725,0.0008819469778742,6,1,0,2022-07-01,2022
2022-07,-0.20482247794955583,-0.2719690222066416,0.17790743302047846,-0.3323020262912704,1.3565554135152234,1.1554409564893757,0.43880887182566725,0.0008819469778742,6,0,0,2022-07-01,2022
2022-07,-0.20395857789858104,-0.27547211827586326,0.17790743302047846,-0.3323020262912704,1.3565554135152234,1.1554409564893757,0.43880887182566725,0.0008819469778742,8,1,0,2022-07-01,2022
2022-07,-0.2053138211035477,-0.2795830152336907,0.17790743302047846,-0.3323020262912704,1.3565554135152234,1.1554409564893757,0.43880887182566725,0.0008819469778742,8,0,0,2022-07-01,2022
2022-07,-0.2039603776903539,-0.27547469895219057,0.17790743302047846,-0.3323020262912704,1.3565554135152234,1.1554409564893757,0.43880887182566725,0.0008819469778742,8,1,0,2022-07-01,2022
2022-07,-0.20392438185489664,-0.2527443556278351,0.17790743302047846,-0.3323020262912704,1.3565554135152234,1.1554409564893757,0.43880887182566725,0.0008819469778742,9,1,0,2022-07-01,2022
2022-07,-0.20464069898049653,-0.2743170978754351,0.17790743302047846,-0.3323020262912704,1.3565554135152234,1.1554409564893757,0.43880887182566725,0.0008819469778742,9,0,0,2022-07-01,2022
2022-07,-0.20431133708606242,-0.2614464005046189,0.17790743302047846,-0.3323020262912704,1.3565554135152234,1.1554409564893757,0.43880887182566725,0.0008819469778742,9,1,0,2022-07-01,2022
2022-07,-0.2046424987722694,-0.27432240976754213,0.17790743302047846,-0.3323020262912704,1.3565554135152234,1.1554409564893757,0.43880887182566725,0.0008819469778742,9,0,0,2022-07-01,2022
2022-07,-0.20493946441479197,-0.2786576965320283,0.17790743302047846,-0.3323020262912704,1.3565554135152234,1.1554409564893757,0.43880887182566725,0.0008819469778742,12,0,0,2022-07-01,2022
2022-07,-0.20163864630335926,-0.27105034874652206,0.17790743302047846,-0.3323020262912704,1.3565554135152234,1.1554409564893757,0.43880887182566725,0.0008819469778742,12,1,0,2022-07-01,2022
2022-07,-0.2017664315192326,-0.27175852504087816,0.17790743302047846,-0.3323020262912704,1.3565554135152234,1.1554409564893757,0.43880887182566725,0.0008819469778742,12,1,0,2022-07-01,2022
2022-07,-0.20404496790367854,-0.279226795877979,0.17790743302047846,-0.3323020262912704,1.3565554135152234,1.1554409564893757,0.43880887182566725,0.0008819469778742,13,1,0,2022-07-01,2022
2022-07,-0.20523283047376883,-0.27956202573289535,0.17790743302047846,-0.3323020262912704,1.3565554135152234,1.1554409564893757,0.43880887182566725,0.0008819469778742,13,0,0,2022-07-01,2022
2022-07,-0.20405396686254285,-0.27923314004061695,0.17790743302047846,-0.3323020262912704,1.3565554135152234,1.1554409564893757,0.43880887182566725,0.0008819469778742,13,1,0,2022-07-01,2022
2022-07,-0.2051734373452643,-0.2790050512645557,0.17790743302047846,-0.3323020262912704,1.3565554135152234,1.1554409564893757,0.43880887182566725,0.0008819469778742,15,1,0,2022-07-01,2022
2022-07,-0.2053138211035477,-0.27957744527395095,0.17790743302047846,-0.3323020262912704,1.3565554135152234,1.1554409564893757,0.43880887182566725,0.0008819469778742,15,0,0,2022-07-01,2022
2022-07,-0.20529222360227334,-0.27956705805173354,0.17790743302047846,-0.3323020262912704,1.3565554135152234,1.1554409564893757,0.43880887182566725,0.0008819469778742,18,0,0,2022-07-01,2022
2022-07,-0.20272572053416915,-0.27830170943718613,0.17790743302047846,-0.3323020262912704,1.3565554135152234,1.1554409564893757,0.43880887182566725,0.0008819469778742,18,1,0,2022-07-01,2022
2022-07,-0.20275631699430785,-0.27841134516982424,0.17790743302047846,-0.3323020262912704,1.3565554135152234,1.1554409564893757,0.43880887182566725,0.0008819469778742,18,1,0,2022-07-01,2022
2022-07,-0.2044175248006614,-0.25874950341891867,0.17790743302047846,-0.3323020262912704,1.3565554135152234,1.1554409564893757,0.43880887182566725,0.0008819469778742,19,1,0,2022-07-01,2022
2022-07,-0.20529222360227334,-0.2780306739059114,0.17790743302047846,-0.3323020262912704,1.3565554135152234,1.1554409564893757,0.43880887182566725,0.0008819469778742,19,0,0,2022-07-01,2022
2022-07,-0.2046730952324081,-0.2631482017018938,0.17790743302047846,-0.3323020262912704,1.3565554135152234,1.1554409564893757,0.43880887182566725,0.0008819469778742,19,1,0,2022-07-01,2022
2022-07,-0.2053084217282291,-0.2794932421065183,0.17790743302047846,-0.3323020262912704,1.3565554135152234,1.1554409564893757,0.43880887182566725,0.0008819469778742,21,1,0,2022-07-01,2022
2022-07,-0.20515723921930853,-0.27953658456543534,0.17790743302047846,-0.3323020262912704,1.3565554135152234,1.1554409564893757,0.43880887182566725,0.0008819469778742,22,1,0,2022-07-01,2022
2022-07,-0.2053138211035477,-0.2795820904913401,0.17790743302047846,-0.3323020262912704,1.3565554135152234,1.1554409564893757,0.43880887182566725,0.0008819469778742,22,1,0,2022-07-01,2022
2022-07,-0.20529222360227334,-0.2793997226975442,0.17790743302047846,-0.3323020262912704,1.3565554135152234,1.1554409564893757,0.43880887182566725,0.0008819469778742,23,1,0,2022-07-01,2022
2022-07,-0.20531022152000197,-0.2795253156121395,0.17790743302047846,-0.3323020262912704,1.3565554135152234,1.1554409564893757,0.43880887182566725,0.0008819469778742,23,1,0,2022-07-01,2022
2022-07,-0.20506005046357387,1.0633357016947003,0.17790743302047846,-0.3323020262912704,1.3565554135152234,1.1554409564893757,0.43880887182566725,0.0008819469778742,24,1,0,2022-07-01,2022
2022-07,-0.20530302235291054,-0.2780854143519406,0.17790743302047846,-0.3323020262912704,1.3565554135152234,1.1554409564893757,0.43880887182566725,0.0008819469778742,27,1,0,2022-07-01,2022
2022-07,-0.200569569990278,-0.2641634182634177,0.17790743302047846,-0.3323020262912704,1.3565554135152234,1.1554409564893757,0.43880887182566725,0.0008819469778742,30,1,0,2022-07-01,2022
2022-07,-0.20313247347483643,-0.27227703452855934,0.17790743302047846,-0.3323020262912704,1.3565554135152234,1.1554409564893757,0.43880887182566725,0.0008819469778742,30,0,0,2022-07-01,2022
2022-07,-0.20103751585122265,-0.26617289199356053,0.17790743302047846,-0.3323020262912704,1.3565554135152234,1.1554409564893757,0.43880887182566725,0.0008819469778742,30,1,0,2022-07-01,2022
2022-07,-0.20314687180901936,-0.2722952670068117,0.17790743302047846,-0.3323020262912704,1.3565554135152234,1.1554409564893757,0.43880887182566725,0.0008819469778742,30,0,0,2022-07-01,2022
2022-07,-0.20391358310425944,-0.26920782757024664,0.17790743302047846,-0.3323020262912704,1.3565554135152234,1.1554409564893757,0.43880887182566725,0.0008819469778742,37,1,0,2022-07-01,2022
2022-07,-0.17930503019388888,-0.18525325668825912,0.17790743302047846,-0.3323020262912704,1.3565554135152234,1.1554409564893757,0.43880887182566725,0.0008819469778742,37,0,0,2022-07-01,2022
2022-07,-0.20480987940714576,-0.2778436307868359,0.17790743302047846,-0.3323020262912704,1.3565554135152234,1.1554409564893757,0.43880887182566725,0.0008819469778742,37,1,0,2022-07-01,2022
2022-07,-0.19665322309252575,-0.2786828538250923,0.17790743302047846,-0.3323020262912704,1.3565554135152234,1.1554409564893757,0.43880887182566725,0.0008819469778742,39,1,0,2022-07-01,2022
2022-07,-0.19769890211255978,-0.27879528529041836,0.17790743302047846,-0.3323020262912704,1.3565554135152234,1.1554409564893757,0.43880887182566725,0.0008819469778742,39,1,0,2022-07-01,2022
2022-07,-0.20442292417598,-0.27399185953903266,0.17790743302047846,-0.3323020262912704,1.3565554135152234,1.1554409564893757,0.43880887182566725,0.0008819469778742,41,1,0,2022-07-01,2022
2022-07,-0.18923628119655286,-0.21870315742630078,0.17790743302047846,-0.3323020262912704,1.3565554135152234,1.1554409564893757,0.43880887182566725,0.0008819469778742,41,0,0,2022-07-01,2022
2022-07,-0.2049034685793347,-0.2781872048285438,0.17790743302047846,-0.3323020262912704,1.3565554135152234,1.1554409564893757,0.43880887182566725,0.0008819469778742,41,1,0,2022-07-01,2022
2022-07,0.07183791379156496,2.4135862318982584,0.17790743302047846,-0.3323020262912704,1.3565554135152234,1.1554409564893757,0.43880887182566725,0.0008819469778742,44,1,0,2022-07-01,2022
2022-07,-0.1337361022967432,0.08437007258550162,0.17790743302047846,-0.3323020262912704,1.3565554135152234,1.1554409564893757,0.43880887182566725,0.0008819469778742,44,0,0,2022-07-01,2022
2022-07,-0.13479797944273303,0.07635084885815821,0.17790743302047846,-0.3323020262912704,1.3565554135152234,1.1554409564893757,0.43880887182566725,0.0008819469778742,44,0,0,2022-07-01,2022
2022-07,0.05111331152703507,1.4539564965175733,0.17790743302047846,-0.3323020262912704,1.3565554135152234,1.1554409564893757,0.43880887182566725,0.0008819469778742,44,1,0,2022-07-01,2022
2022-07,-0.20495566254074776,-0.26791654315860985,0.17790743302047846,-0.3323020262912704,1.3565554135152234,1.1554409564893757,0.43880887182566725,0.0008819469778742,46,1,0,2022-07-01,2022
2022-07,-0.20528142485163614,-0.2785870677220773,0.17790743302047846,-0.3323020262912704,1.3565554135152234,1.1554409564893757,0.43880887182566725,0.0008819469778742,46,0,0,2022-07-01,2022
2022-07,-0.2049682610831578,-0.2685129804691211,0.17790743302047846,-0.3323020262912704,1.3565554135152234,1.1554409564893757,0.43880887182566725,0.0008819469778742,46,1,0,2022-07-01,2022
2022-07,-0.20531202131177484,-0.2795792947586522,0.17790743302047846,-0.3323020262912704,1.3565554135152234,1.1554409564893757,0.43880887182566725,0.0008819469778742,48,0,0,2022-07-01,2022
2022-07,-0.20333225036162436,-0.27823792372062967,0.17790743302047846,-0.3323020262912704,1.3565554135152234,1.1554409564893757,0.43880887182566725,0.0008819469778742,48,1,0,2022-07-01,2022
2022-07,-0.203350248279353,-0.27826545093478755,0.17790743302047846,-0.3323020262912704,1.3565554135152234,1.1554409564893757,0.43880887182566725,0.0008819469778742,48,1,0,2022-07-01,2022
2022-07,-0.20391358310425944,-0.27773519506868993,0.17790743302047846,-0.3323020262912704,1.3565554135152234,1.1554409564893757,0.43880887182566725,0.0008819469778742,49,0,0,2022-07-01,2022
2022-07,-0.2008989318847121,-0.27103684320707583,0.17790743302047846,-0.3323020262912704,1.3565554135152234,1.1554409564893757,0.43880887182566725,0.0008819469778742,49,1,0,2022-07-01,2022
2022-07,-0.20112030627277439,-0.27279986664908873,0.17790743302047846,-0.3323020262912704,1.3565554135152234,1.1554409564893757,0.43880887182566725,0.0008819469778742,49,1,0,2022-07-01,2022
2022-07,-0.205097846090804,-0.2791040202017077,0.17790743302047846,-0.3323020262912704,1.3565554135152234,1.1554409564893757,0.43880887182566725,0.0008819469778742,50,1,0,2022-07-01,2022
2022-07,-0.20518963547122007,-0.279218443088933,0.17790743302047846,-0.3323020262912704,1.3565554135152234,1.1554409564893757,0.43880887182566725,0.0008819469778742,50,1,0,2022-07-01,2022
2022-07,-0.20175923235214116,-0.27579497378779017,0.17790743302047846,-0.3323020262912704,1.3565554135152234,1.1554409564893757,0.43880887182566725,0.0008819469778742,51,0,0,2022-07-01,2022
2022-07,0.04266148936166535,-0.1627705550642714,0.17790743302047846,-0.3323020262912704,1.3565554135152234,1.1554409564893757,0.43880887182566725,0.0008819469778742,51,1,0,2022-07-01,2022
2022-07,-0.20178082985341553,-0.27581828589728014,0.17790743302047846,-0.3323020262912704,1.3565554135152234,1.1554409564893757,0.43880887182566725,0.0008819469778742,51,0,0,2022-07-01,2022
2022-07,0.037420495719085144,-0.18865965481549685,0.17790743302047846,-0.3323020262912704,1.3565554135152234,1.1554409564893757,0.43880887182566725,0.0008819469778742,51,1,0,2022-07-01,2022
2022-07,-0.20531022152000197,-0.27954905783435063,0.17790743302047846,-0.3323020262912704,1.3565554135152234,1.1554409564893757,0.43880887182566725,0.0008819469778742,52,0,0,2022-07-01,2022
2022-07,-0.20489087003692466,-0.27467721835352826,0.17790743302047846,-0.3323020262912704,1.3565554135152234,1.1554409564893757,0.43880887182566725,0.0008819469778742,52,1,0,2022-07-01,2022
2022-07,-0.20498265941734073,-0.2764350675395049,0.17790743302047846,-0.3323020262912704,1.3565554135152234,1.1554409564893757,0.43880887182566725,0.0008819469778742,52,1,0,2022-07-01,2022
2022-07,-0.2052796250598633,-0.27702995644421974,0.17790743302047846,-0.3323020262912704,1.3565554135152234,1.1554409564893757,0.43880887182566725,0.0008819469778742,53,1,0,2022-07-01,2022
2022-07,-0.20502765421166233,-0.025314344511553656,0.17790743302047846,-0.3323020262912704,1.3565554135152234,1.1554409564893757,0.43880887182566725,0.0008819469778742,53,1,0,2022-07-01,2022
2022-07,-0.06837126468986553,-0.08005198190473549,0.17790743302047846,-0.3323020262912704,1.3565554135152234,1.1554409564893757,0.43880887182566725,0.0008819469778742,60,0,0,2022-07-01,2022
2022-07,-0.07498010007982243,-0.14074767404715482,0.17790743302047846,-0.3323020262912704,1.3565554135152234,1.1554409564893757,0.43880887182566725,0.0008819469778742,60,0,0,2022-07-01,2022
2022-07,-0.2052634269339075,-0.27936531367984685,0.17790743302047846,-0.3323020262912704,1.3565554135152234,1.1554409564893757,0.43880887182566725,0.0008819469778742,61,1,0,2022-07-01,2022
2022-07,-0.20526702651745324,-0.279389399992235,0.17790743302047846,-0.3323020262912704,1.3565554135152234,1.1554409564893757,0.43880887182566725,0.0008819469778742,61,1,0,2022-07-01,2022
2022-07,-0.20049037915227197,-0.2789206459441442,0.17790743302047846,-0.3323020262912704,1.3565554135152234,1.1554409564893757,0.43880887182566725,0.0008819469778742,67,0,0,2022-07-01,2022
2022-07,-0.19615648056321527,-0.27248755750108605,0.17790743302047846,-0.3323020262912704,1.3565554135152234,1.1554409564893757,0.43880887182566725,0.0008819469778742,67,1,0,2022-07-01,2022
2022-07,-0.19619247639867254,-0.2725812704607848,0.17790743302047846,-0.3323020262912704,1.3565554135152234,1.1554409564893757,0.43880887182566725,0.0008819469778742,67,1,0,2022-07-01,2022
2022-07,-0.20530482214468337,-0.27885566021309555,0.17790743302047846,-0.3323020262912704,1.3565554135152234,1.1554409564893757,0.43880887182566725,0.0008819469778742,68,1,0,2022-07-01,2022
2022-07,-0.2052796250598633,-0.20031101703068135,0.17790743302047846,-0.3323020262912704,1.3565554135152234,1.1554409564893757,0.43880887182566725,0.0008819469778742,68,1,0,2022-07-01,2022
2022-07,-0.19650743995892375,-0.03002787240307782,0.17790743302047846,-0.3323020262912704,1.3565554135152234,1.1554409564893757,0.43880887182566725,0.0008819469778742,72,1,0,2022-07-01,2022
2022-07,-0.19907754261057367,-0.1603739110669981,0.17790743302047846,-0.3323020262912704,1.3565554135152234,1.1554409564893757,0.43880887182566725,0.0008819469778742,72,1,0,2022-07-01,2022
2022-07,-0.204568707309582,-0.2793523113722845,0.17790743302047846,-0.3323020262912704,1.3565554135152234,1.1554409564893757,0.43880887182566725,0.0008819469778742,77,1,0,2022-07-01,2022
2022-07,-0.20518063651235577,-0.27954117386817073,0.17790743302047846,-0.3323020262912704,1.3565554135152234,1.1554409564893757,0.43880887182566725,0.0008819469778742,77,0,0,2022-07-01,2022
2022-07,-0.2047576854457327,-0.27941728850107866,0.17790743302047846,-0.3323020262912704,1.3565554135152234,1.1554409564893757,0.43880887182566725,0.0008819469778742,77,1,0,2022-07-01,2022
2022-07,-0.19668201976089159,-0.27180768692491325,0.17790743302047846,-0.3323020262912704,1.3565554135152234,1.1554409564893757,0.43880887182566725,0.0008819469778742,78,1,0,2022-07-01,2022
2022-07,-0.2047828825305528,-0.2790816328345684,0.17790743302047846,-0.3323020262912704,1.3565554135152234,1.1554409564893757,0.43880887182566725,0.0008819469778742,78,0,0,2022-07-01,2022
2022-07,-0.19687819706413376,-0.27297705158459395,0.17790743302047846,-0.3323020262912704,1.3565554135152234,1.1554409564893757,0.43880887182566725,0.0008819469778742,78,1,0,2022-07-01,2022
2022-07,0.09829665264443982,0.2204908992692762,0.17790743302047846,-0.3323020262912704,1.3565554135152234,1.1554409564893757,0.43880887182566725,0.0008819469778742,79,1,0,2022-07-01,2022
2022-07,-0.16389341324285375,-0.21631545547250158,0.17790743302047846,-0.3323020262912704,1.3565554135152234,1.1554409564893757,0.43880887182566725,0.0008819469778742,79,0,0,2022-07-01,2022
2022-07,0.08455704225039543,0.10016427623031833,0.17790743302047846,-0.3323020262912704,1.3565554135152234,1.1554409564893757,0.43880887182566725,0.0008819469778742,79,1,0,2022-07-01,2022
2022-07,-0.16391321095235525,-0.21639562848373636,0.17790743302047846,-0.3323020262912704,1.3565554135152234,1.1554409564893757,0.43880887182566725,0.0008819469778742,79,0,0,2022-07-01,2022
2022-07,-0.030327266195064585,-0.24545426328662548,0.17790743302047846,-0.3323020262912704,1.3565554135152234,1.1554409564893757,0.43880887182566725,0.0008819469778742,80,1,0,2022-07-01,2022
2022-07,-0.18271023622814772,-0.27418395218145525,0.17790743302047846,-0.3323020262912704,1.3565554135152234,1.1554409564893757,0.43880887182566725,0.0008819469778742,80,0,0,2022-07-01,2022
2022-07,-0.04108822120501893,-0.24784103619694686,0.17790743302047846,-0.3323020262912704,1.3565554135152234,1.1554409564893757,0.43880887182566725,0.0008819469778742,80,1,0,2022-07-01,2022
2022-07,-0.18272463456233062,-0.2741861457563335,0.17790743302047846,-0.3323020262912704,1.3565554135152234,1.1554409564893757,0.43880887182566725,0.0008819469778742,80,0,0,2022-07-01,2022
2022-07,-0.19510360237608979,-0.2465036394004684,0.17790743302047846,-0.3323020262912704,1.3565554135152234,1.1554409564893757,0.43880887182566725,0.0008819469778742,81,1,0,2022-07-01,2022
2022-07,-0.1925964924364901,-0.27440429032628016,0.17790743302047846,-0.3323020262912704,1.3565554135152234,1.1554409564893757,0.43880887182566725,0.0008819469778742,81,0,0,2022-07-01,2022
2022-07,-0.1970221804059629,-0.25615833234122065,0.17790743302047846,-0.3323020262912704,1.3565554135152234,1.1554409564893757,0.43880887182566725,0.0008819469778742,81,1,0,2022-07-01,2022
2022-07,-0.19260549139535443,-0.2744098172747478,0.17790743302047846,-0.3323020262912704,1.3565554135152234,1.1554409564893757,0.43880887182566725,0.0008819469778742,81,0,0,2022-07-01,2022
2022-07,-0.20504565212939097,-0.2600200822041561,0.17790743302047846,-0.3323020262912704,1.3565554135152234,1.1554409564893757,0.43880887182566725,0.0008819469778742,84,1,0,2022-07-01,2022
2022-07,-0.2050384529622995,-0.20837784563400905,0.17790743302047846,-0.3323020262912704,1.3565554135152234,1.1554409564893757,0.43880887182566725,0.0008819469778742,84,1,0,2022-07-01,2022
2022-07,-0.20394957893971674,-0.2761688879808527,0.17790743302047846,-0.3323020262912704,1.3565554135152234,1.1554409564893757,0.43880887182566725,0.0008819469778742,86,1,0,2022-07-01,2022
2022-07,-0.20407916394736295,-0.2780611473922096,0.17790743302047846,-0.3323020262912704,1.3565554135152234,1.1554409564893757,0.43880887182566725,0.0008819469778742,86,1,0,2022-07-01,2022
2022-07,-0.1994464999240108,-0.2714696097237825,0.17790743302047846,-0.3323020262912704,1.3565554135152234,1.1554409564893757,0.43880887182566725,0.0008819469778742,87,0,0,2022-07-01,2022
2022-07,-0.18294600895039292,-0.21872707169360042,0.17790743302047846,-0.3323020262912704,1.3565554135152234,1.1554409564893757,0.43880887182566725,0.0008819469778742,87,1,0,2022-07-01,2022
2022-07,-0.19945729867464798,-0.27151500812150686,0.17790743302047846,-0.3323020262912704,1.3565554135152234,1.1554409564893757,0.43880887182566725,0.0008819469778742,87,0,0,2022-07-01,2022
2022-07,-0.18821579926133894,-0.23103062673134747,0.17790743302047846,-0.3323020262912704,1.3565554135152234,1.1554409564893757,0.43880887182566725,0.0008819469778742,87,1,0,2022-07-01,2022
2022-07,7.881389986680559,9.487915094282464,0.17790743302047846,-0.3323020262912704,1.3565554135152234,1.1554409564893757,0.43880887182566725,0.0008819469778742,88,1,0,2022-07-01,2022
2022-07,3.763259434313662,2.2487398152938876,0.17790743302047846,-0.3323020262912704,1.3565554135152234,1.1554409564893757,0.43880887182566725,0.0008819469778742,88,0,0,2022-07-01,2022
2022-07,7.428171821813244,7.271237851055773,0.17790743302047846,-0.3323020262912704,1.3565554135152234,1.1554409564893757,0.43880887182566725,0.0008819469778742,88,1,0,2022-07-01,2022
2022-07,3.72826248329032,2.195698151070608,0.17790743302047846,-0.3323020262912704,1.3565554135152234,1.1554409564893757,0.43880887182566725,0.0008819469778742,88,0,0,2022-07-01,2022
2022-07,0.4413603618453808,0.7117551159824659,0.17790743302047846,-0.3323020262912704,1.3565554135152234,1.1554409564893757,0.43880887182566725,0.0008819469778742,89,0,0,2022-07-01,2022
2022-07,-0.19231392512815046,-0.184619459786783,0.17790743302047846,-0.3323020262912704,1.3565554135152234,1.1554409564893757,0.43880887182566725,0.0008819469778742,89,1,0,2022-07-01,2022
2022-07,-0.19301404412779458,-0.19585992671713479,0.17790743302047846,-0.3323020262912704,1.3565554135152234,1.1554409564893757,0.43880887182566725,0.0008819469778742,89,1,0,2022-07-01,2022
2022-07,0.39661393878843404,0.549579768194886,0.17790743302047846,-0.3323020262912704,1.3565554135152234,1.1554409564893757,0.43880887182566725,0.0008819469778742,89,0,0,2022-07-01,2022
2022-07,-0.2038649887263921,-0.2549087043466337,0.17790743302047846,-0.3323020262912704,1.3565554135152234,1.1554409564893757,0.43880887182566725,0.0008819469778742,90,1,0,2022-07-01,2022
2022-07,0.23544078573668278,5.003835573733545,0.17790743302047846,-0.3323020262912704,1.3565554135152234,1.1554409564893757,0.43880887182566725,0.0008819469778742,90,0,0,2022-07-01,2022
2022-07,-0.2039909741504926,-0.2754080701905469,0.17790743302047846,-0.3323020262912704,1.3565554135152234,1.1554409564893757,0.43880887182566725,0.0008819469778742,90,1,0,2022-07-01,2022
2022-07,0.19928476881161625,1.3096848273126358,0.17790743302047846,-0.3323020262912704,1.3565554135152234,1.1554409564893757,0.43880887182566725,0.0008819469778742,90,0,0,2022-07-01,2022
2022-07,-0.2049592621242935,-0.25962515700466215,0.17790743302047846,-0.3323020262912704,1.3565554135152234,1.1554409564893757,0.43880887182566725,0.0008819469778742,93,1,0,2022-07-01,2022
2022-07,-0.20515543942753567,-0.27930578607923046,0.17790743302047846,-0.3323020262912704,1.3565554135152234,1.1554409564893757,0.43880887182566725,0.0008819469778742,93,0,0,2022-07-01,2022
2022-07,-0.20500245712684223,-0.21174955947140783,0.17790743302047846,-0.3323020262912704,1.3565554135152234,1.1554409564893757,0.43880887182566725,0.0008819469778742,93,1,0,2022-07-01,2022
2022-07,-0.20374800226115597,-0.26608083926896575,0.17790743302047846,-0.3323020262912704,1.3565554135152234,1.1554409564893757,0.43880887182566725,0.0008819469778742,94,1,0,2022-07-01,2022
2022-07,-0.20271132219998625,-0.27435845751470733,0.17790743302047846,-0.3323020262912704,1.3565554135152234,1.1554409564893757,0.43880887182566725,0.0008819469778742,94,0,0,2022-07-01,2022
2022-07,-0.2035860210015982,1.0613616047358774,0.17790743302047846,-0.3323020262912704,1.3565554135152234,1.1554409564893757,0.43880887182566725,0.0008819469778742,94,1,0,2022-07-01,2022
2022-07,-0.2053138211035477,-0.2791661714899235,0.17790743302047846,-0.3323020262912704,1.3565554135152234,1.1554409564893757,0.43880887182566725,0.0008819469778742,95,1,0,2022-07-01,2022
2022-07,-0.20530662193645624,-0.2795801119728225,0.17790743302047846,-0.3323020262912704,1.3565554135152234,1.1554409564893757,0.43880887182566725,0.0008819469778742,97,1,0,2022-07-01,2022
2022-07,-0.18410687464389025,-0.18290838535923867,0.17790743302047846,-0.3323020262912704,1.3565554135152234,1.1554409564893757,0.43880887182566725,0.0008819469778742,98,0,0,2022-07-01,2022
2022-07,-0.05541276392524414,0.6778199534700932,0.17790743302047846,-0.3323020262912704,1.3565554135152234,1.1554409564893757,0.43880887182566725,0.0008819469778742,98,1,0,2022-07-01,2022
2022-07,-0.059237321442580315,0.6235205407240502,0.17790743302047846,-0.3323020262912704,1.3565554135152234,1.1554409564893757,0.43880887182566725,0.0008819469778742,98,1,0,2022-07-01,2022
2022-07,-0.18473680176439267,-0.24360101079795576,0.17790743302047846,-0.3323020262912704,1.3565554135152234,1.1554409564893757,0.43880887182566725,0.0008819469778742,98,0,0,2022-07-01,2022
2022-07,-0.14049252061207498,-0.21164783351171287,0.17790743302047846,-0.3323020262912704,1.3565554135152234,1.1554409564893757,0.43880887182566725,0.0008819469778742,100,1,0,2022-07-01,2022
2022-07,-0.19780688961893161,-0.26866084462042095,0.17790743302047846,-0.3323020262912704,1.3565554135152234,1.1554409564893757,0.43880887182566725,0.0008819469778742,100,0,0,2022-07-01,2022
2022-07,-0.14166958443152808,-0.21770899488248047,0.17790743302047846,-0.3323020262912704,1.3565554135152234,1.1554409564893757,0.43880887182566725,0.0008819469778742,100,1,0,2022-07-01,2022
2022-07,1.4028163260764643,0.8069122006482851,0.17790743302047846,-0.3323020262912704,1.3565554135152234,1.1554409564893757,0.43880887182566725,0.0008819469778742,101,1,0,2022-07-01,2022
2022-07,0.15713904486645808,-0.06229462336872375,0.17790743302047846,-0.3323020262912704,1.3565554135152234,1.1554409564893757,0.43880887182566725,0.0008819469778742,101,0,0,2022-07-01,2022
2022-07,1.3746495848311413,0.6920855709127234,0.17790743302047846,-0.3323020262912704,1.3565554135152234,1.1554409564893757,0.43880887182566725,0.0008819469778742,101,1,0,2022-07-01,2022
2022-07,0.1560159748001909,-0.06307696399959926,0.17790743302047846,-0.3323020262912704,1.3565554135152234,1.1554409564893757,0.43880887182566725,0.0008819469778742,101,0,0,2022-07-01,2022
2022-08,-0.12583681620564277,-0.1980140344520412,0.17790743302047846,-0.3323020262912704,1.3088172338942665,1.2466575096217254,0.7389558033789698,0.0009717310936676,0,1,0,2022-08-01,2022
2022-08,-0.1875066813028305,-0.2712457489557708,0.17790743302047846,-0.3323020262912704,1.3088172338942665,1.2466575096217254,0.7389558033789698,0.0009717310936676,0,0,0,2022-08-01,2022
2022-08,-0.18713952378116622,-0.27101790104283346,0.17790743302047846,-0.3323020262912704,1.3088172338942665,1.2466575096217254,0.7389558033789698,0.0009717310936676,0,0,0,2022-08-01,2022
2022-08,-0.1304442831441748,-0.21977918332435029,0.17790743302047846,-0.3323020262912704,1.3088172338942665,1.2466575096217254,0.7389558033789698,0.0009717310936676,0,1,0,2022-08-01,2022
2022-08,-0.2052382298490874,-0.27899405758340146,0.17790743302047846,-0.3323020262912704,1.3088172338942665,1.2466575096217254,0.7389558033789698,0.0009717310936676,1,0,0,2022-08-01,2022
2022-08,-0.20044178477440464,-0.1836044367759837,0.17790743302047846,-0.3323020262912704,1.3088172338942665,1.2466575096217254,0.7389558033789698,0.0009717310936676,1,1,0,2022-08-01,2022
2022-08,-0.20524182943263314,-0.27904021728064243,0.17790743302047846,-0.3323020262912704,1.3088172338942665,1.2466575096217254,0.7389558033789698,0.0009717310936676,1,0,0,2022-08-01,2022
2022-08,-0.20105551376895128,-0.21624523957076294,0.17790743302047846,-0.3323020262912704,1.3088172338942665,1.2466575096217254,0.7389558033789698,0.0009717310936676,1,1,0,2022-08-01,2022
2022-08,-0.2025331428144727,-0.2618012521018771,0.17790743302047846,-0.3323020262912704,1.3088172338942665,1.2466575096217254,0.7389558033789698,0.0009717310936676,2,1,0,2022-08-01,2022
2022-08,-0.20441572500888852,-0.2750315839234115,0.17790743302047846,-0.3323020262912704,1.3088172338942665,1.2466575096217254,0.7389558033789698,0.0009717310936676,2,0,0,2022-08-01,2022
2022-08,-0.20264113032084455,-0.26638814190489346,0.17790743302047846,-0.3323020262912704,1.3088172338942665,1.2466575096217254,0.7389558033789698,0.0009717310936676,2,1,0,2022-08-01,2022
2022-08,-0.20530302235291054,-0.27951456709523625,0.17790743302047846,-0.3323020262912704,1.3088172338942665,1.2466575096217254,0.7389558033789698,0.0009717310936676,3,0,0,2022-08-01,2022
2022-08,-0.2051842360959015,-0.27643137717235683,0.17790743302047846,-0.3323020262912704,1.3088172338942665,1.2466575096217254,0.7389558033789698,0.0009717310936676,3,1,0,2022-08-01,2022
2022-08,-0.2051986344300844,-0.2770381156825412,0.17790743302047846,-0.3323020262912704,1.3088172338942665,1.2466575096217254,0.7389558033789698,0.0009717310936676,3,1,0,2022-08-01,2022
2022-08,-0.004626239678565512,1.578946423185599,0.17790743302047846,-0.3323020262912704,1.3088172338942665,1.2466575096217254,0.7389558033789698,0.0009717310936676,5,1,0,2022-08-01,2022
2022-08,-0.1862486268535985,-0.14999627176104313,0.17790743302047846,-0.3323020262912704,1.3088172338942665,1.2466575096217254,0.7389558033789698,0.0009717310936676,5,0,0,2022-08-01,2022
2022-08,-0.024216973126191033,0.7043696934577258,0.17790743302047846,-0.3323020262912704,1.3088172338942665,1.2466575096217254,0.7389558033789698,0.0009717310936676,5,1,0,2022-08-01,2022
2022-08,-0.1860632483009935,-0.1481747357844359,0.17790743302047846,-0.3323020262912704,1.3088172338942665,1.2466575096217254,0.7389558033789698,0.0009717310936676,5,0,0,2022-08-01,2022
2022-08,-0.20359322016868964,-0.25255856843790553,0.17790743302047846,-0.3323020262912704,1.3088172338942665,1.2466575096217254,0.7389558033789698,0.0009717310936676,6,1,0,2022-08-01,2022
2022-08,-0.20479008169764426,-0.27076181192862103,0.17790743302047846,-0.3323020262912704,1.3088172338942665,1.2466575096217254,0.7389558033789698,0.0009717310936676,6,0,0,2022-08-01,2022
2022-08,-0.20520223401363014,-0.27753274531194044,0.17790743302047846,-0.3323020262912704,1.3088172338942665,1.2466575096217254,0.7389558033789698,0.0009717310936676,6,1,0,2022-08-01,2022
2022-08,-0.20482607753310153,-0.27238275193430717,0.17790743302047846,-0.3323020262912704,1.3088172338942665,1.2466575096217254,0.7389558033789698,0.0009717310936676,6,0,0,2022-08-01,2022
2022-08,-0.2036958082997429,-0.27537773003919225,0.17790743302047846,-0.3323020262912704,1.3088172338942665,1.2466575096217254,0.7389558033789698,0.0009717310936676,8,1,0,2022-08-01,2022
2022-08,-0.20401437144353984,-0.2566822311412987,0.17790743302047846,-0.3323020262912704,1.3088172338942665,1.2466575096217254,0.7389558033789698,0.0009717310936676,9,1,0,2022-08-01,2022
2022-08,-0.2046784946077267,-0.2743543112280748,0.17790743302047846,-0.3323020262912704,1.3088172338942665,1.2466575096217254,0.7389558033789698,0.0009717310936676,9,0,0,2022-08-01,2022
2022-08,-0.20432933500379105,-0.26639609468910874,0.17790743302047846,-0.3323020262912704,1.3088172338942665,1.2466575096217254,0.7389558033789698,0.0009717310936676,9,1,0,2022-08-01,2022
2022-08,-0.20464069898049653,-0.27423501946484535,0.17790743302047846,-0.3323020262912704,1.3088172338942665,1.2466575096217254,0.7389558033789698,0.0009717310936676,9,0,0,2022-08-01,2022
2022-08,-0.20497546025024926,-0.278703241168078,0.17790743302047846,-0.3323020262912704,1.3088172338942665,1.2466575096217254,0.7389558033789698,0.0009717310936676,12,0,0,2022-08-01,2022
2022-08,-0.20153425838053313,-0.2712489188865262,0.17790743302047846,-0.3323020262912704,1.3088172338942665,1.2466575096217254,0.7389558033789698,0.0009717310936676,12,1,0,2022-08-01,2022
2022-08,-0.20159005192549193,-0.27184948097803385,0.17790743302047846,-0.3323020262912704,1.3088172338942665,1.2466575096217254,0.7389558033789698,0.0009717310936676,12,1,0,2022-08-01,2022
2022-08,-0.2049736604584764,-0.27870238094263555,0.17790743302047846,-0.3323020262912704,1.3088172338942665,1.2466575096217254,0.7389558033789698,0.0009717310936676,12,0,0,2022-08-01,2022
2022-08,-0.20419974999614485,-0.2792965386557243,0.17790743302047846,-0.3323020262912704,1.3088172338942665,1.2466575096217254,0.7389558033789698,0.0009717310936676,13,1,0,2022-08-01,2022
2022-08,-0.20525262818327034,-0.2795655526572093,0.17790743302047846,-0.3323020262912704,1.3088172338942665,1.2466575096217254,0.7389558033789698,0.0009717310936676,13,0,0,2022-08-01,2022
2022-08,-0.20524722880795174,-0.27956471393740295,0.17790743302047846,-0.3323020262912704,1.3088172338942665,1.2466575096217254,0.7389558033789698,0.0009717310936676,13,0,0,2022-08-01,2022
2022-08,-0.2041565549935961,-0.2792912267636173,0.17790743302047846,-0.3323020262912704,1.3088172338942665,1.2466575096217254,0.7389558033789698,0.0009717310936676,13,1,0,2022-08-01,2022
2022-08,-0.2053138211035477,-0.279569539802135,0.17790743302047846,-0.3323020262912704,1.3088172338942665,1.2466575096217254,0.7389558033789698,0.0009717310936676,15,0,0,2022-08-01,2022
2022-08,-0.2051788367205829,-0.27898356283300374,0.17790743302047846,-0.3323020262912704,1.3088172338942665,1.2466575096217254,0.7389558033789698,0.0009717310936676,15,1,0,2022-08-01,2022
2022-08,-0.2051680379699457,-0.27894334729357,0.17790743302047846,-0.3323020262912704,1.3088172338942665,1.2466575096217254,0.7389558033789698,0.0009717310936676,15,1,0,2022-08-01,2022
2022-08,-0.2015018621286216,-0.27764716819916574,0.17790743302047846,-0.3323020262912704,1.3088172338942665,1.2466575096217254,0.7389558033789698,0.0009717310936676,18,1,0,2022-08-01,2022
2022-08,-0.20528502443518187,-0.2795696172224248,0.17790743302047846,-0.3323020262912704,1.3088172338942665,1.2466575096217254,0.7389558033789698,0.0009717310936676,18,0,0,2022-08-01,2022
2022-08,-0.20152885900521456,-0.2777342660252121,0.17790743302047846,-0.3323020262912704,1.3088172338942665,1.2466575096217254,0.7389558033789698,0.0009717310936676,18,1,0,2022-08-01,2022
2022-08,-0.20458130585199202,-0.2623242304607317,0.17790743302047846,-0.3323020262912704,1.3088172338942665,1.2466575096217254,0.7389558033789698,0.0009717310936676,19,1,0,2022-08-01,2022
2022-08,-0.2052940233940462,-0.2786048743887357,0.17790743302047846,-0.3323020262912704,1.3088172338942665,1.2466575096217254,0.7389558033789698,0.0009717310936676,19,0,0,2022-08-01,2022
2022-08,-0.20472168961027543,-0.2641456718125403,0.17790743302047846,-0.3323020262912704,1.3088172338942665,1.2466575096217254,0.7389558033789698,0.0009717310936676,19,1,0,2022-08-01,2022
2022-08,-0.20530662193645624,-0.27955168582307727,0.17790743302047846,-0.3323020262912704,1.3088172338942665,1.2466575096217254,0.7389558033789698,0.0009717310936676,21,1,0,2022-08-01,2022
2022-08,-0.18758407234906366,-0.247920202744414,0.17790743302047846,-0.3323020262912704,1.3088172338942665,1.2466575096217254,0.7389558033789698,0.0009717310936676,22,1,0,2022-08-01,2022
2022-08,-0.20424294499869358,-0.2777421542925192,0.17790743302047846,-0.3323020262912704,1.3088172338942665,1.2466575096217254,0.7389558033789698,0.0009717310936676,22,0,0,2022-08-01,2022
2022-08,-0.20504745192116383,-0.2791230741952576,0.17790743302047846,-0.3323020262912704,1.3088172338942665,1.2466575096217254,0.7389558033789698,0.0009717310936676,22,0,0,2022-08-01,2022
2022-08,-0.2009745231391724,-0.27239593919033966,0.17790743302047846,-0.3323020262912704,1.3088172338942665,1.2466575096217254,0.7389558033789698,0.0009717310936676,22,1,0,2022-08-01,2022
2022-08,-0.20528682422695474,-0.2791920728779952,0.17790743302047846,-0.3323020262912704,1.3088172338942665,1.2466575096217254,0.7389558033789698,0.0009717310936676,23,1,0,2022-08-01,2022
2022-08,-0.2050834477566211,0.8851425819709423,0.17790743302047846,-0.3323020262912704,1.3088172338942665,1.2466575096217254,0.7389558033789698,0.0009717310936676,24,1,0,2022-08-01,2022
2022-08,-0.20530302235291054,-0.2775470852700658,0.17790743302047846,-0.3323020262912704,1.3088172338942665,1.2466575096217254,0.7389558033789698,0.0009717310936676,27,1,0,2022-08-01,2022
2022-08,-0.20142987045770702,-0.2641111466644082,0.17790743302047846,-0.3323020262912704,1.3088172338942665,1.2466575096217254,0.7389558033789698,0.0009717310936676,30,1,0,2022-08-01,2022
2022-08,-0.20330705327680426,-0.2750534508541581,0.17790743302047846,-0.3323020262912704,1.3088172338942665,1.2466575096217254,0.7389558033789698,0.0009717310936676,30,0,0,2022-08-01,2022
2022-08,-0.20176823131100546,-0.26563433495194344,0.17790743302047846,-0.3323020262912704,1.3088172338942665,1.2466575096217254,0.7389558033789698,0.0009717310936676,30,1,0,2022-08-01,2022
2022-08,-0.20328905535907563,-0.27506264236301053,0.17790743302047846,-0.3323020262912704,1.3088172338942665,1.2466575096217254,0.7389558033789698,0.0009717310936676,30,0,0,2022-08-01,2022
2022-08,-0.2052238315149045,-0.27644064180037187,0.17790743302047846,-0.3323020262912704,1.3088172338942665,1.2466575096217254,0.7389558033789698,0.0009717310936676,36,1,0,2022-08-01,2022
2022-08,-0.20524542901617887,-0.27730166295133957,0.17790743302047846,-0.3323020262912704,1.3088172338942665,1.2466575096217254,0.7389558033789698,0.0009717310936676,36,1,0,2022-08-01,2022
2022-08,-0.2041763527030976,-0.2698049917712567,0.17790743302047846,-0.3323020262912704,1.3088172338942665,1.2466575096217254,0.7389558033789698,0.0009717310936676,37,1,0,2022-08-01,2022
2022-08,-0.18097523695910675,-0.1935563978228777,0.17790743302047846,-0.3323020262912704,1.3088172338942665,1.2466575096217254,0.7389558033789698,0.0009717310936676,37,0,0,2022-08-01,2022
2022-08,-0.18019952670500233,-0.19072442383707933,0.17790743302047846,-0.3323020262912704,1.3088172338942665,1.2466575096217254,0.7389558033789698,0.0009717310936676,37,0,0,2022-08-01,2022
2022-08,-0.20480088044828143,-0.27768534930542815,0.17790743302047846,-0.3323020262912704,1.3088172338942665,1.2466575096217254,0.7389558033789698,0.0009717310936676,37,1,0,2022-08-01,2022
2022-08,-0.1978176883695688,-0.27876952153841744,0.17790743302047846,-0.3323020262912704,1.3088172338942665,1.2466575096217254,0.7389558033789698,0.0009717310936676,39,1,0,2022-08-01,2022
2022-08,-0.1986599909192692,-0.2788714152420737,0.17790743302047846,-0.3323020262912704,1.3088172338942665,1.2466575096217254,0.7389558033789698,0.0009717310936676,39,1,0,2022-08-01,2022
2022-08,-0.1904223439748703,-0.227228739956951,0.17790743302047846,-0.3323020262912704,1.3088172338942665,1.2466575096217254,0.7389558033789698,0.0009717310936676,41,0,0,2022-08-01,2022
2022-08,-0.20458130585199202,-0.2763168467569513,0.17790743302047846,-0.3323020262912704,1.3088172338942665,1.2466575096217254,0.7389558033789698,0.0009717310936676,41,1,0,2022-08-01,2022
2022-08,-0.19013257749943918,-0.226221751451784,0.17790743302047846,-0.3323020262912704,1.3088172338942665,1.2466575096217254,0.7389558033789698,0.0009717310936676,41,0,0,2022-08-01,2022
2022-08,-0.20493946441479197,-0.27835884561107255,0.17790743302047846,-0.3323020262912704,1.3088172338942665,1.2466575096217254,0.7389558033789698,0.0009717310936676,41,1,0,2022-08-01,2022
2022-08,-0.13195610823338064,0.09122027574334128,0.17790743302047846,-0.3323020262912704,1.3088172338942665,1.2466575096217254,0.7389558033789698,0.0009717310936676,44,0,0,2022-08-01,2022
2022-08,0.07029549224222044,2.2715373078162795,0.17790743302047846,-0.3323020262912704,1.3088172338942665,1.2466575096217254,0.7389558033789698,0.0009717310936676,44,1,0,2022-08-01,2022
2022-08,-0.13144316757811436,0.09433282946169816,0.17790743302047846,-0.3323020262912704,1.3088172338942665,1.2466575096217254,0.7389558033789698,0.0009717310936676,44,0,0,2022-08-01,2022
2022-08,0.05606093911063843,1.4826394450629885,0.17790743302047846,-0.3323020262912704,1.3088172338942665,1.2466575096217254,0.7389558033789698,0.0009717310936676,44,1,0,2022-08-01,2022
2022-08,-0.20529582318581907,-0.2789239750166064,0.17790743302047846,-0.3323020262912704,1.3088172338942665,1.2466575096217254,0.7389558033789698,0.0009717310936676,46,0,0,2022-08-01,2022
2022-08,-0.20493586483124626,-0.2691843950291948,0.17790743302047846,-0.3323020262912704,1.3088172338942665,1.2466575096217254,0.7389558033789698,0.0009717310936676,46,1,0,2022-08-01,2022
2022-08,-0.2052940233940462,-0.27889128644979394,0.17790743302047846,-0.3323020262912704,1.3088172338942665,1.2466575096217254,0.7389558033789698,0.0009717310936676,46,0,0,2022-08-01,2022
2022-08,-0.20493946441479197,-0.2692390193447893,0.17790743302047846,-0.3323020262912704,1.3088172338942665,1.2466575096217254,0.7389558033789698,0.0009717310936676,46,1,0,2022-08-01,2022
2022-08,-0.20311087597356206,-0.2778713171427006,0.17790743302047846,-0.3323020262912704,1.3088172338942665,1.2466575096217254,0.7389558033789698,0.0009717310936676,48,1,0,2022-08-01,2022
2022-08,-0.20531202131177484,-0.27958045606299947,0.17790743302047846,-0.3323020262912704,1.3088172338942665,1.2466575096217254,0.7389558033789698,0.0009717310936676,48,0,0,2022-08-01,2022
2022-08,-0.2053138211035477,-0.2795830367393268,0.17790743302047846,-0.3323020262912704,1.3088172338942665,1.2466575096217254,0.7389558033789698,0.0009717310936676,48,0,0,2022-08-01,2022
2022-08,-0.2030892784722877,-0.27786740311693753,0.17790743302047846,-0.3323020262912704,1.3088172338942665,1.2466575096217254,0.7389558033789698,0.0009717310936676,48,1,0,2022-08-01,2022
2022-08,-0.20091333021889504,-0.2723741023674835,0.17790743302047846,-0.3323020262912704,1.3088172338942665,1.2466575096217254,0.7389558033789698,0.0009717310936676,49,1,0,2022-08-01,2022
2022-08,-0.20398737456694688,-0.2776922784213669,0.17790743302047846,-0.3323020262912704,1.3088172338942665,1.2466575096217254,0.7389558033789698,0.0009717310936676,49,0,0,2022-08-01,2022
2022-08,-0.20103571605944978,-0.27340599870033616,0.17790743302047846,-0.3323020262912704,1.3088172338942665,1.2466575096217254,0.7389558033789698,0.0009717310936676,49,1,0,2022-08-01,2022
2022-08,-0.20396217748212678,-0.27766570175632294,0.17790743302047846,-0.3323020262912704,1.3088172338942665,1.2466575096217254,0.7389558033789698,0.0009717310936676,49,0,0,2022-08-01,2022
2022-08,-0.2051842360959015,-0.2791626875768817,0.17790743302047846,-0.3323020262912704,1.3088172338942665,1.2466575096217254,0.7389558033789698,0.0009717310936676,50,1,0,2022-08-01,2022
2022-08,-0.2022415765472687,-0.2764914252093659,0.17790743302047846,-0.3323020262912704,1.3088172338942665,1.2466575096217254,0.7389558033789698,0.0009717310936676,51,0,0,2022-08-01,2022
2022-08,0.03303080358506965,-0.17537244918883602,0.17790743302047846,-0.3323020262912704,1.3088172338942665,1.2466575096217254,0.7389558033789698,0.0009717310936676,51,1,0,2022-08-01,2022
2022-08,-0.2022127798789029,-0.2764741604847363,0.17790743302047846,-0.3323020262912704,1.3088172338942665,1.2466575096217254,0.7389558033789698,0.0009717310936676,51,0,0,2022-08-01,2022
2022-08,0.03374892050244242,-0.19875377241788017,0.17790743302047846,-0.3323020262912704,1.3088172338942665,1.2466575096217254,0.7389558033789698,0.0009717310936676,51,1,0,2022-08-01,2022
2022-08,-0.2048836708698332,-0.27529978501185337,0.17790743302047846,-0.3323020262912704,1.3088172338942665,1.2466575096217254,0.7389558033789698,0.0009717310936676,52,1,0,2022-08-01,2022
2022-08,-0.20497006087493067,-0.2749465205305365,0.17790743302047846,-0.3323020262912704,1.3088172338942665,1.2466575096217254,0.7389558033789698,0.0009717310936676,52,1,0,2022-08-01,2022
2022-08,-0.2052886240187276,-0.27769127625872647,0.17790743302047846,-0.3323020262912704,1.3088172338942665,1.2466575096217254,0.7389558033789698,0.0009717310936676,53,1,0,2022-08-01,2022
2022-08,-0.20505465108825527,-0.04416849908892244,0.17790743302047846,-0.3323020262912704,1.3088172338942665,1.2466575096217254,0.7389558033789698,0.0009717310936676,53,1,0,2022-08-01,2022
2022-08,-0.06254353892933164,-0.08433000776264608,0.17790743302047846,-0.3323020262912704,1.3088172338942665,1.2466575096217254,0.7389558033789698,0.0009717310936676,60,0,0,2022-08-01,2022
2022-08,-0.06692243231270995,-0.13532892473566932,0.17790743302047846,-0.3323020262912704,1.3088172338942665,1.2466575096217254,0.7389558033789698,0.0009717310936676,60,0,0,2022-08-01,2022
2022-08,-0.20529222360227334,-0.27945821802762966,0.17790743302047846,-0.3323020262912704,1.3088172338942665,1.2466575096217254,0.7389558033789698,0.0009717310936676,61,1,0,2022-08-01,2022
2022-08,-0.20529042381050047,-0.2794509921339132,0.17790743302047846,-0.3323020262912704,1.3088172338942665,1.2466575096217254,0.7389558033789698,0.0009717310936676,61,1,0,2022-08-01,2022
2022-08,-0.19599989867897608,-0.27265864343820445,0.17790743302047846,-0.3323020262912704,1.3088172338942665,1.2466575096217254,0.7389558033789698,0.0009717310936676,67,1,0,2022-08-01,2022
2022-08,-0.19994684203686702,-0.2788087435174652,0.17790743302047846,-0.3323020262912704,1.3088172338942665,1.2466575096217254,0.7389558033789698,0.0009717310936676,67,0,0,2022-08-01,2022
2022-08,-0.19558594657121736,-0.2726872244285293,0.17790743302047846,-0.3323020262912704,1.3088172338942665,1.2466575096217254,0.7389558033789698,0.0009717310936676,67,1,0,2022-08-01,2022
2022-08,-0.1997074697310761,-0.2787742699828597,0.17790743302047846,-0.3323020262912704,1.3088172338942665,1.2466575096217254,0.7389558033789698,0.0009717310936676,67,0,0,2022-08-01,2022
2022-08,-0.20530122256113767,-0.27892918798278754,0.17790743302047846,-0.3323020262912704,1.3088172338942665,1.2466575096217254,0.7389558033789698,0.0009717310936676,68,1,0,2022-08-01,2022
2022-08,-0.2052796250598633,-0.20611818823731606,0.17790743302047846,-0.3323020262912704,1.3088172338942665,1.2466575096217254,0.7389558033789698,0.0009717310936676,68,1,0,2022-08-01,2022
2022-08,-0.19664782371720715,-0.019452376944235954,0.17790743302047846,-0.3323020262912704,1.3088172338942665,1.2466575096217254,0.7389558033789698,0.0009717310936676,72,1,0,2022-08-01,2022
2022-08,-0.1993007167904088,-0.16411556055478818,0.17790743302047846,-0.3323020262912704,1.3088172338942665,1.2466575096217254,0.7389558033789698,0.0009717310936676,72,1,0,2022-08-01,2022
2022-08,-0.2051338419262613,-0.27952975437542243,0.17790743302047846,-0.3323020262912704,1.3088172338942665,1.2466575096217254,0.7389558033789698,0.0009717310936676,77,0,0,2022-08-01,2022
2022-08,-0.20462450085454076,-0.2793708019181696,0.17790743302047846,-0.3323020262912704,1.3088172338942665,1.2466575096217254,0.7389558033789698,0.0009717310936676,77,1,0,2022-08-01,2022
2022-08,-0.20475588565395983,-0.2794143981435921,0.17790743302047846,-0.3323020262912704,1.3088172338942665,1.2466575096217254,0.7389558033789698,0.0009717310936676,77,1,0,2022-08-01,2022
2022-08,-0.2047036916925468,-0.2787454653339198,0.17790743302047846,-0.3323020262912704,1.3088172338942665,1.2466575096217254,0.7389558033789698,0.0009717310936676,78,0,0,2022-08-01,2022
2022-08,-0.197047377490783,-0.2705015980334121,0.17790743302047846,-0.3323020262912704,1.3088172338942665,1.2466575096217254,0.7389558033789698,0.0009717310936676,78,1,0,2022-08-01,2022
2022-08,-0.20469649252545533,-0.27874095775260144,0.17790743302047846,-0.3323020262912704,1.3088172338942665,1.2466575096217254,0.7389558033789698,0.0009717310936676,78,0,0,2022-08-01,2022
2022-08,-0.19718056208197493,-0.2723811347104754,0.17790743302047846,-0.3323020262912704,1.3088172338942665,1.2466575096217254,0.7389558033789698,0.0009717310936676,78,1,0,2022-08-01,2022
2022-08,0.16646556583343974,0.2277923336829443,0.17790743302047846,-0.3323020262912704,1.3088172338942665,1.2466575096217254,0.7389558033789698,0.0009717310936676,79,1,0,2022-08-01,2022
2022-08,-0.15734937035671995,-0.21770895617233554,0.17790743302047846,-0.3323020262912704,1.3088172338942665,1.2466575096217254,0.7389558033789698,0.0009717310936676,79,0,0,2022-08-01,2022
2022-08,-0.15691382074768684,-0.21763688218364127,0.17790743302047846,-0.3323020262912704,1.3088172338942665,1.2466575096217254,0.7389558033789698,0.0009717310936676,79,0,0,2022-08-01,2022
2022-08,0.15828191264222677,0.10675488055414042,0.17790743302047846,-0.3323020262912704,1.3088172338942665,1.2466575096217254,0.7389558033789698,0.0009717310936676,79,1,0,2022-08-01,2022
2022-08,-0.02153528338462355,-0.24211729395484657,0.17790743302047846,-0.3323020262912704,1.3088172338942665,1.2466575096217254,0.7389558033789698,0.0009717310936676,80,1,0,2022-08-01,2022
2022-08,-0.17851852118914727,-0.2728009075218741,0.17790743302047846,-0.3323020262912704,1.3088172338942665,1.2466575096217254,0.7389558033789698,0.0009717310936676,80,0,0,2022-08-01,2022
2022-08,-0.029970907424037498,-0.24431059786203746,0.17790743302047846,-0.3323020262912704,1.3088172338942665,1.2466575096217254,0.7389558033789698,0.0009717310936676,80,1,0,2022-08-01,2022
2022-08,-0.17809377033075136,-0.27273303573446606,0.17790743302047846,-0.3323020262912704,1.3088172338942665,1.2466575096217254,0.7389558033789698,0.0009717310936676,80,0,0,2022-08-01,2022
2022-08,-0.1943512894150326,-0.24023426906361423,0.17790743302047846,-0.3323020262912704,1.3088172338942665,1.2466575096217254,0.7389558033789698,0.0009717310936676,81,1,0,2022-08-01,2022
2022-08,-0.19495062007539632,-0.27521599475263314,0.17790743302047846,-0.3323020262912704,1.3088172338942665,1.2466575096217254,0.7389558033789698,0.0009717310936676,81,0,0,2022-08-01,2022
2022-08,-0.19680260580967346,-0.25646858124928873,0.17790743302047846,-0.3323020262912704,1.3088172338942665,1.2466575096217254,0.7389558033789698,0.0009717310936676,81,1,0,2022-08-01,2022
2022-08,-0.19451327067459037,-0.2750385517494952,0.17790743302047846,-0.3323020262912704,1.3088172338942665,1.2466575096217254,0.7389558033789698,0.0009717310936676,81,0,0,2022-08-01,2022
2022-08,-0.20507084921421107,-0.25938507668593336,0.17790743302047846,-0.3323020262912704,1.3088172338942665,1.2466575096217254,0.7389558033789698,0.0009717310936676,84,1,0,2022-08-01,2022
2022-08,-0.20506544983889247,-0.2362302379125003,0.17790743302047846,-0.3323020262912704,1.3088172338942665,1.2466575096217254,0.7389558033789698,0.0009717310936676,84,1,0,2022-08-01,2022
2022-08,-0.2040107718599941,-0.27699044628964875,0.17790743302047846,-0.3323020262912704,1.3088172338942665,1.2466575096217254,0.7389558033789698,0.0009717310936676,86,1,0,2022-08-01,2022
2022-08,-0.20411875936636595,-0.2780693969542025,0.17790743302047846,-0.3323020262912704,1.3088172338942665,1.2466575096217254,0.7389558033789698,0.0009717310936676,86,1,0,2022-08-01,2022
2022-08,-0.18333476397333157,-0.2077980880948266,0.17790743302047846,-0.3323020262912704,1.3088172338942665,1.2466575096217254,0.7389558033789698,0.0009717310936676,87,1,0,2022-08-01,2022
2022-08,-0.19813625151336575,-0.27026631347152497,0.17790743302047846,-0.3323020262912704,1.3088172338942665,1.2466575096217254,0.7389558033789698,0.0009717310936676,87,0,0,2022-08-01,2022
2022-08,-0.18761286901742946,-0.22225480031836617,0.17790743302047846,-0.3323020262912704,1.3088172338942665,1.2466575096217254,0.7389558033789698,0.0009717310936676,87,1,0,2022-08-01,2022
2022-08,-0.19780868941070448,-0.270123232173685,0.17790743302047846,-0.3323020262912704,1.3088172338942665,1.2466575096217254,0.7389558033789698,0.0009717310936676,87,0,0,2022-08-01,2022
2022-08,3.6750246426490003,2.2795483507996654,0.17790743302047846,-0.3323020262912704,1.3088172338942665,1.2466575096217254,0.7389558033789698,0.0009717310936676,88,0,0,2022-08-01,2022
2022-08,7.505759045349642,9.367029045132655,0.17790743302047846,-0.3323020262912704,1.3088172338942665,1.2466575096217254,0.7389558033789698,0.0009717310936676,88,1,0,2022-08-01,2022
2022-08,3.748547936362271,2.2952602609775314,0.17790743302047846,-0.3323020262912704,1.3088172338942665,1.2466575096217254,0.7389558033789698,0.0009717310936676,88,0,0,2022-08-01,2022
2022-08,7.26636874164099,7.1975390040289104,0.17790743302047846,-0.3323020262912704,1.3088172338942665,1.2466575096217254,0.7389558033789698,0.0009717310936676,88,1,0,2022-08-01,2022
2022-08,0.4545384372062916,0.7250522271050964,0.17790743302047846,-0.3323020262912704,1.3088172338942665,1.2466575096217254,0.7389558033789698,0.0009717310936676,89,0,0,2022-08-01,2022
2022-08,-0.19298884704297448,-0.18983055927871953,0.17790743302047846,-0.3323020262912704,1.3088172338942665,1.2466575096217254,0.7389558033789698,0.0009717310936676,89,1,0,2022-08-01,2022
2022-08,0.43021965077135216,0.6027025387740053,0.17790743302047846,-0.3323020262912704,1.3088172338942665,1.2466575096217254,0.7389558033789698,0.0009717310936676,89,0,0,2022-08-01,2022
2022-08,-0.19291865516383278,-0.2027328183210186,0.17790743302047846,-0.3323020262912704,1.3088172338942665,1.2466575096217254,0.7389558033789698,0.0009717310936676,89,1,0,2022-08-01,2022
2022-08,0.21447321158281624,5.673760094307151,0.17790743302047846,-0.3323020262912704,1.3088172338942665,1.2466575096217254,0.7389558033789698,0.0009717310936676,90,0,0,2022-08-01,2022
2022-08,-0.20398917435871974,-0.2511199317091071,0.17790743302047846,-0.3323020262912704,1.3088172338942665,1.2466575096217254,0.7389558033789698,0.0009717310936676,90,1,0,2022-08-01,2022
2022-08,0.218448951609073,1.7937977619631342,0.17790743302047846,-0.3323020262912704,1.3088172338942665,1.2466575096217254,0.7389558033789698,0.0009717310936676,90,0,0,2022-08-01,2022
2022-08,-0.20407376457204435,-0.27542397145785025,0.17790743302047846,-0.3323020262912704,1.3088172338942665,1.2466575096217254,0.7389558033789698,0.0009717310936676,90,1,0,2022-08-01,2022
2022-08,-0.2051284425509427,-0.27917971143838743,0.17790743302047846,-0.3323020262912704,1.3088172338942665,1.2466575096217254,0.7389558033789698,0.0009717310936676,93,0,0,2022-08-01,2022
2022-08,-0.20487647170274173,-0.26405551588504605,0.17790743302047846,-0.3323020262912704,1.3088172338942665,1.2466575096217254,0.7389558033789698,0.0009717310936676,93,1,0,2022-08-01,2022
2022-08,-0.20497006087493067,-0.1972823524974706,0.17790743302047846,-0.3323020262912704,1.3088172338942665,1.2466575096217254,0.7389558033789698,0.0009717310936676,93,1,0,2022-08-01,2022
2022-08,-0.20512664275916984,-0.2791677327991015,0.17790743302047846,-0.3323020262912704,1.3088172338942665,1.2466575096217254,0.7389558033789698,0.0009717310936676,93,0,0,2022-08-01,2022
2022-08,-0.20416915353600615,-0.2729156960049124,0.17790743302047846,-0.3323020262912704,1.3088172338942665,1.2466575096217254,0.7389558033789698,0.0009717310936676,94,1,0,2022-08-01,2022
2022-08,-0.20261953281957018,-0.27347156508355847,0.17790743302047846,-0.3323020262912704,1.3088172338942665,1.2466575096217254,0.7389558033789698,0.0009717310936676,94,0,0,2022-08-01,2022
2022-08,-0.2038451910168906,0.4704458361753872,0.17790743302047846,-0.3323020262912704,1.3088172338942665,1.2466575096217254,0.7389558033789698,0.0009717310936676,94,1,0,2022-08-01,2022
2022-08,-0.20531202131177484,-0.2791598488329216,0.17790743302047846,-0.3323020262912704,1.3088172338942665,1.2466575096217254,0.7389558033789698,0.0009717310936676,95,1,0,2022-08-01,2022
2022-08,-0.20374800226115597,-0.27792400595104966,0.17790743302047846,-0.3323020262912704,1.3088172338942665,1.2466575096217254,0.7389558033789698,0.0009717310936676,97,1,0,2022-08-01,2022
2022-08,-0.20373900330229164,-0.27792022095910296,0.17790743302047846,-0.3323020262912704,1.3088172338942665,1.2466575096217254,0.7389558033789698,0.0009717310936676,97,1,0,2022-08-01,2022
2022-08,-0.06465109509535547,0.7413211418591927,0.17790743302047846,-0.3323020262912704,1.3088172338942665,1.2466575096217254,0.7389558033789698,0.0009717310936676,98,1,0,2022-08-01,2022
2022-08,-0.17181609662700142,0.26609820704352266,0.17790743302047846,-0.3323020262912704,1.3088172338942665,1.2466575096217254,0.7389558033789698,0.0009717310936676,98,0,0,2022-08-01,2022
2022-08,-0.06412015652236057,0.639892368548952,0.17790743302047846,-0.3323020262912704,1.3088172338942665,1.2466575096217254,0.7389558033789698,0.0009717310936676,98,1,0,2022-08-01,2022
2022-08,-0.17577923811084814,-0.14094238607604964,0.17790743302047846,-0.3323020262912704,1.3088172338942665,1.2466575096217254,0.7389558033789698,0.0009717310936676,98,0,0,2022-08-01,2022
2022-08,-0.1393838488799907,-0.20996595513568472,0.17790743302047846,-0.3323020262912704,1.3088172338942665,1.2466575096217254,0.7389558033789698,0.0009717310936676,100,1,0,2022-08-01,2022
2022-08,-0.19790047879112055,-0.26815838693949556,0.17790743302047846,-0.3323020262912704,1.3088172338942665,1.2466575096217254,0.7389558033789698,0.0009717310936676,100,0,0,2022-08-01,2022
2022-08,-0.13962682076932734,-0.21584165190106366,0.17790743302047846,-0.3323020262912704,1.3088172338942665,1.2466575096217254,0.7389558033789698,0.0009717310936676,100,1,0,2022-08-01,2022
2022-08,-0.1978032900353859,-0.2680357962116944,0.17790743302047846,-0.3323020262912704,1.3088172338942665,1.2466575096217254,0.7389558033789698,0.0009717310936676,100,0,0,2022-08-01,2022
2022-08,0.15903062601973822,-0.04383152297635799,0.17790743302047846,-0.3323020262912704,1.3088172338942665,1.2466575096217254,0.7389558033789698,0.0009717310936676,101,0,0,2022-08-01,2022
2022-08,1.3154634323805061,0.8133640463071155,0.17790743302047846,-0.3323020262912704,1.3088172338942665,1.2466575096217254,0.7389558033789698,0.0009717310936676,101,1,0,2022-08-01,2022
2022-08,1.326521353032983,0.6946294295910875,0.17790743302047846,-0.3323020262912704,1.3088172338942665,1.2466575096217254,0.7389558033789698,0.0009717310936676,101,1,0,2022-08-01,2022
2022-08,0.1669749069051603,-0.04068233225640787,0.17790743302047846,-0.3323020262912704,1.3088172338942665,1.2466575096217254,0.7389558033789698,0.0009717310936676,101,0,0,2022-08-01,2022
2022-09,-0.1881474071739701,-0.27185124013906364,0.17790743302047846,-0.3323020262912704,1.0758933025913768,1.0839492962233395,0.66218823676052,0.0010052908078635,0,0,0,2022-09-01,2022
2022-09,-0.12847711073643436,-0.20517561341327847,0.17790743302047846,-0.3323020262912704,1.0758933025913768,1.0839492962233395,0.66218823676052,0.0010052908078635,0,1,0,2022-09-01,2022
2022-09,-0.13415545377982055,-0.2261079178189868,0.17790743302047846,-0.3323020262912704,1.0758933025913768,1.0839492962233395,0.66218823676052,0.0010052908078635,0,1,0,2022-09-01,2022
2022-09,-0.18821399946956607,-0.2719064795158495,0.17790743302047846,-0.3323020262912704,1.0758933025913768,1.0839492962233395,0.66218823676052,0.0010052908078635,0,0,0,2022-09-01,2022
2022-09,-0.20529222360227334,-0.27928019437231805,0.17790743302047846,-0.3323020262912704,1.0758933025913768,1.0839492962233395,0.66218823676052,0.0010052908078635,1,0,0,2022-09-01,2022
2022-09,-0.2034060418243118,-0.16992424575820156,0.17790743302047846,-0.3323020262912704,1.0758933025913768,1.0839492962233395,0.66218823676052,0.0010052908078635,1,1,0,2022-09-01,2022
2022-09,-0.2039603776903539,-0.2168291778055956,0.17790743302047846,-0.3323020262912704,1.0758933025913768,1.0839492962233395,0.66218823676052,0.0010052908078635,1,1,0,2022-09-01,2022
2022-09,-0.2044481212608001,-0.2756708260519382,0.17790743302047846,-0.3323020262912704,1.0758933025913768,1.0839492962233395,0.66218823676052,0.0010052908078635,2,0,0,2022-09-01,2022
2022-09,-0.20253134302269984,-0.26328914103838214,0.17790743302047846,-0.3323020262912704,1.0758933025913768,1.0839492962233395,0.66218823676052,0.0010052908078635,2,1,0,2022-09-01,2022
2022-09,-0.20258713656765862,-0.2667848262654172,0.17790743302047846,-0.3323020262912704,1.0758933025913768,1.0839492962233395,0.66218823676052,0.0010052908078635,2,1,0,2022-09-01,2022
2022-09,-0.20520763338894873,-0.27570411677656037,0.17790743302047846,-0.3323020262912704,1.0758933025913768,1.0839492962233395,0.66218823676052,0.0010052908078635,3,1,0,2022-09-01,2022
2022-09,-0.20531022152000197,-0.2795317242916856,0.17790743302047846,-0.3323020262912704,1.0758933025913768,1.0839492962233395,0.66218823676052,0.0010052908078635,3,0,0,2022-09-01,2022
2022-09,-0.2052292308902231,-0.27675369934450944,0.17790743302047846,-0.3323020262912704,1.0758933025913768,1.0839492962233395,0.66218823676052,0.0010052908078635,3,1,0,2022-09-01,2022
2022-09,-0.19301584391956744,-0.19180809713931204,0.17790743302047846,-0.3323020262912704,1.0758933025913768,1.0839492962233395,0.66218823676052,0.0010052908078635,5,0,0,2022-09-01,2022
2022-09,-0.09159397793513076,1.210561380767827,0.17790743302047846,-0.3323020262912704,1.0758933025913768,1.0839492962233395,0.66218823676052,0.0010052908078635,5,1,0,2022-09-01,2022
2022-09,-0.11000404797975745,0.34708546467085377,0.17790743302047846,-0.3323020262912704,1.0758933025913768,1.0839492962233395,0.66218823676052,0.0010052908078635,5,1,0,2022-09-01,2022
2022-09,-0.19305003996325187,-0.1920925091762166,0.17790743302047846,-0.3323020262912704,1.0758933025913768,1.0839492962233395,0.66218823676052,0.0010052908078635,5,0,0,2022-09-01,2022
2022-09,-0.20480088044828143,-0.271580307834842,0.17790743302047846,-0.3323020262912704,1.0758933025913768,1.0839492962233395,0.66218823676052,0.0010052908078635,6,0,0,2022-09-01,2022
2022-09,-0.20351762891422936,-0.24786414615345784,0.17790743302047846,-0.3323020262912704,1.0758933025913768,1.0839492962233395,0.66218823676052,0.0010052908078635,6,1,0,2022-09-01,2022
2022-09,-0.20520583359717587,-0.2778181681137398,0.17790743302047846,-0.3323020262912704,1.0758933025913768,1.0839492962233395,0.66218823676052,0.0010052908078635,6,1,0,2022-09-01,2022
2022-09,-0.20484047586728446,-0.2735367658709677,0.17790743302047846,-0.3323020262912704,1.0758933025913768,1.0839492962233395,0.66218823676052,0.0010052908078635,6,0,0,2022-09-01,2022
2022-09,-0.20374440267761024,-0.2754567503483342,0.17790743302047846,-0.3323020262912704,1.0758933025913768,1.0839492962233395,0.66218823676052,0.0010052908078635,8,1,0,2022-09-01,2022
2022-09,-0.20374800226115597,-0.27545984715992694,0.17790743302047846,-0.3323020262912704,1.0758933025913768,1.0839492962233395,0.66218823676052,0.0010052908078635,8,1,0,2022-09-01,2022
2022-09,-0.2040107718599941,-0.25537106261856,0.17790743302047846,-0.3323020262912704,1.0758933025913768,1.0839492962233395,0.66218823676052,0.0010052908078635,9,1,0,2022-09-01,2022
2022-09,-0.20480448003182716,-0.27482665671738776,0.17790743302047846,-0.3323020262912704,1.0758933025913768,1.0839492962233395,0.66218823676052,0.0010052908078635,9,0,0,2022-09-01,2022
2022-09,-0.20436893042279405,-0.2658881874800056,0.17790743302047846,-0.3323020262912704,1.0758933025913768,1.0839492962233395,0.66218823676052,0.0010052908078635,9,1,0,2022-09-01,2022
2022-09,-0.2050240546281166,-0.2788938241148491,0.17790743302047846,-0.3323020262912704,1.0758933025913768,1.0839492962233395,0.66218823676052,0.0010052908078635,12,0,0,2022-09-01,2022
2022-09,-0.20174483401795823,-0.27232337487314323,0.17790743302047846,-0.3323020262912704,1.0758933025913768,1.0839492962233395,0.66218823676052,0.0010052908078635,12,1,0,2022-09-01,2022
2022-09,-0.20182942423128283,-0.272696381528364,0.17790743302047846,-0.3323020262912704,1.0758933025913768,1.0839492962233395,0.66218823676052,0.0010052908078635,12,1,0,2022-09-01,2022
2022-09,-0.20421774791387348,-0.2792693555317434,0.17790743302047846,-0.3323020262912704,1.0758933025913768,1.0839492962233395,0.66218823676052,0.0010052908078635,13,1,0,2022-09-01,2022
2022-09,-0.2052634269339075,-0.2795713591789457,0.17790743302047846,-0.3323020262912704,1.0758933025913768,1.0839492962233395,0.66218823676052,0.0010052908078635,13,0,0,2022-09-01,2022
2022-09,-0.2042267468727378,-0.2792955924077376,0.17790743302047846,-0.3323020262912704,1.0758933025913768,1.0839492962233395,0.66218823676052,0.0010052908078635,13,1,0,2022-09-01,2022
2022-09,-0.2051644383864,-0.27884144498765934,0.17790743302047846,-0.3323020262912704,1.0758933025913768,1.0839492962233395,0.66218823676052,0.0010052908078635,15,1,0,2022-09-01,2022
2022-09,-0.20337904494771883,-0.27858130851274027,0.17790743302047846,-0.3323020262912704,1.0758933025913768,1.0839492962233395,0.66218823676052,0.0010052908078635,18,1,0,2022-09-01,2022
2022-09,-0.20530662193645624,-0.27958107972644525,0.17790743302047846,-0.3323020262912704,1.0758933025913768,1.0839492962233395,0.66218823676052,0.0010052908078635,18,0,0,2022-09-01,2022
2022-09,-0.20342223995026756,-0.27879726811006317,0.17790743302047846,-0.3323020262912704,1.0758933025913768,1.0839492962233395,0.66218823676052,0.0010052908078635,18,1,0,2022-09-01,2022
2022-09,-0.20438152896520412,-0.2605093311234129,0.17790743302047846,-0.3323020262912704,1.0758933025913768,1.0839492962233395,0.66218823676052,0.0010052908078635,19,1,0,2022-09-01,2022
2022-09,-0.20529042381050047,-0.2782414291393076,0.17790743302047846,-0.3323020262912704,1.0758933025913768,1.0839492962233395,0.66218823676052,0.0010052908078635,19,0,0,2022-09-01,2022
2022-09,-0.204608302728585,-0.2637312022909942,0.17790743302047846,-0.3323020262912704,1.0758933025913768,1.0839492962233395,0.66218823676052,0.0010052908078635,19,1,0,2022-09-01,2022
2022-09,-0.2053084217282291,-0.2794727128263347,0.17790743302047846,-0.3323020262912704,1.0758933025913768,1.0839492962233395,0.66218823676052,0.0010052908078635,21,1,0,2022-09-01,2022
2022-09,-0.1934945885311493,-0.26259461652179744,0.17790743302047846,-0.3323020262912704,1.0758933025913768,1.0839492962233395,0.66218823676052,0.0010052908078635,22,0,0,2022-09-01,2022
2022-09,-0.18163036116442927,-0.24633565027494278,0.17790743302047846,-0.3323020262912704,1.0758933025913768,1.0839492962233395,0.66218823676052,0.0010052908078635,22,1,0,2022-09-01,2022
2022-09,-0.20236036280427774,-0.2753361897525772,0.17790743302047846,-0.3323020262912704,1.0758933025913768,1.0839492962233395,0.66218823676052,0.0010052908078635,22,0,0,2022-09-01,2022
2022-09,-0.1998028586950379,-0.2720457844239972,0.17790743302047846,-0.3323020262912704,1.0758933025913768,1.0839492962233395,0.66218823676052,0.0010052908078635,22,1,0,2022-09-01,2022
2022-09,-0.2052886240187276,-0.27932533040128255,0.17790743302047846,-0.3323020262912704,1.0758933025913768,1.0839492962233395,0.66218823676052,0.0010052908078635,23,1,0,2022-09-01,2022
2022-09,-0.2050834477566211,1.1942377513744646,0.17790743302047846,-0.3323020262912704,1.0758933025913768,1.0839492962233395,0.66218823676052,0.0010052908078635,24,1,0,2022-09-01,2022
2022-09,-0.2052940233940462,-0.27546013533545016,0.17790743302047846,-0.3323020262912704,1.0758933025913768,1.0839492962233395,0.66218823676052,0.0010052908078635,27,1,0,2022-09-01,2022
2022-09,-0.20120129690255328,-0.2630049483589654,0.17790743302047846,-0.3323020262912704,1.0758933025913768,1.0839492962233395,0.66218823676052,0.0010052908078635,30,1,0,2022-09-01,2022
2022-09,-0.20338804390658313,-0.2749330407978535,0.17790743302047846,-0.3323020262912704,1.0758933025913768,1.0839492962233395,0.66218823676052,0.0010052908078635,30,0,0,2022-09-01,2022
2022-09,-0.20166384338817936,-0.2647228658799043,0.17790743302047846,-0.3323020262912704,1.0758933025913768,1.0839492962233395,0.66218823676052,0.0010052908078635,30,1,0,2022-09-01,2022
2022-09,-0.20340424203253893,-0.275049657259957,0.17790743302047846,-0.3323020262912704,1.0758933025913768,1.0839492962233395,0.66218823676052,0.0010052908078635,30,0,0,2022-09-01,2022
2022-09,-0.20527602547631757,-0.27836955971895805,0.17790743302047846,-0.3323020262912704,1.0758933025913768,1.0839492962233395,0.66218823676052,0.0010052908078635,36,1,0,2022-09-01,2022
2022-09,-0.2052886240187276,-0.2787575213934955,0.17790743302047846,-0.3323020262912704,1.0758933025913768,1.0839492962233395,0.66218823676052,0.0010052908078635,36,1,0,2022-09-01,2022
2022-09,-0.20414935582650465,-0.26936511979239564,0.17790743302047846,-0.3323020262912704,1.0758933025913768,1.0839492962233395,0.66218823676052,0.0010052908078635,37,1,0,2022-09-01,2022
2022-09,-0.1802103254556395,-0.1920409687688332,0.17790743302047846,-0.3323020262912704,1.0758933025913768,1.0839492962233395,0.66218823676052,0.0010052908078635,37,0,0,2022-09-01,2022
2022-09,-0.20483507649196586,-0.27797939156616075,0.17790743302047846,-0.3323020262912704,1.0758933025913768,1.0839492962233395,0.66218823676052,0.0010052908078635,37,1,0,2022-09-01,2022
2022-09,-0.19733894375798697,-0.2786709397027146,0.17790743302047846,-0.3323020262912704,1.0758933025913768,1.0839492962233395,0.66218823676052,0.0010052908078635,39,1,0,2022-09-01,2022
2022-09,-0.1985142077856672,-0.27880784458187785,0.17790743302047846,-0.3323020262912704,1.0758933025913768,1.0839492962233395,0.66218823676052,0.0010052908078635,39,1,0,2022-09-01,2022
2022-09,-0.18920388494464133,-0.22115377196783234,0.17790743302047846,-0.3323020262912704,1.0758933025913768,1.0839492962233395,0.66218823676052,0.0010052908078635,41,0,0,2022-09-01,2022
2022-09,-0.20449671563866742,-0.2752381369555214,0.17790743302047846,-0.3323020262912704,1.0758933025913768,1.0839492962233395,0.66218823676052,0.0010052908078635,41,1,0,2022-09-01,2022
2022-09,-0.2049088679546533,-0.2780234953245943,0.17790743302047846,-0.3323020262912704,1.0758933025913768,1.0839492962233395,0.66218823676052,0.0010052908078635,41,1,0,2022-09-01,2022
2022-09,-0.13260043368806598,0.1160398442986076,0.17790743302047846,-0.3323020262912704,1.0758933025913768,1.0839492962233395,0.66218823676052,0.0010052908078635,44,0,0,2022-09-01,2022
2022-09,0.05858604696796674,2.461493313682706,0.17790743302047846,-0.3323020262912704,1.0758933025913768,1.0839492962233395,0.66218823676052,0.0010052908078635,44,1,0,2022-09-01,2022
2022-09,-0.13481237777691593,0.10359871340585217,0.17790743302047846,-0.3323020262912704,1.0758933025913768,1.0839492962233395,0.66218823676052,0.0010052908078635,44,0,0,2022-09-01,2022
2022-09,0.037523083850138396,1.5580805711953187,0.17790743302047846,-0.3323020262912704,1.0758933025913768,1.0839492962233395,0.66218823676052,0.0010052908078635,44,1,0,2022-09-01,2022
2022-09,-0.20491606712174473,-0.2711531198801296,0.17790743302047846,-0.3323020262912704,1.0758933025913768,1.0839492962233395,0.66218823676052,0.0010052908078635,46,1,0,2022-09-01,2022
2022-09,-0.2052634269339075,-0.2780412116675812,0.17790743302047846,-0.3323020262912704,1.0758933025913768,1.0839492962233395,0.66218823676052,0.0010052908078635,46,0,0,2022-09-01,2022
2022-09,-0.20492146649706333,-0.27121935723919693,0.17790743302047846,-0.3323020262912704,1.0758933025913768,1.0839492962233395,0.66218823676052,0.0010052908078635,46,1,0,2022-09-01,2022
2022-09,-0.20331425244389573,-0.2780033144357148,0.17790743302047846,-0.3323020262912704,1.0758933025913768,1.0839492962233395,0.66218823676052,0.0010052908078635,48,1,0,2022-09-01,2022
2022-09,-0.20531022152000197,-0.2795676387039072,0.17790743302047846,-0.3323020262912704,1.0758933025913768,1.0839492962233395,0.66218823676052,0.0010052908078635,48,0,0,2022-09-01,2022
2022-09,-0.20531202131177484,-0.2795728000565618,0.17790743302047846,-0.3323020262912704,1.0758933025913768,1.0839492962233395,0.66218823676052,0.0010052908078635,48,0,0,2022-09-01,2022
2022-09,-0.2033304505698515,-0.2780432288962437,0.17790743302047846,-0.3323020262912704,1.0758933025913768,1.0839492962233395,0.66218823676052,0.0010052908078635,48,1,0,2022-09-01,2022
2022-09,-0.20442112438420712,-0.2783643940651762,0.17790743302047846,-0.3323020262912704,1.0758933025913768,1.0839492962233395,0.66218823676052,0.0010052908078635,49,0,0,2022-09-01,2022
2022-09,-0.20235136384541344,-0.2709881888560518,0.17790743302047846,-0.3323020262912704,1.0758933025913768,1.0839492962233395,0.66218823676052,0.0010052908078635,49,1,0,2022-09-01,2022
2022-09,-0.20442292417598,-0.27839020082844923,0.17790743302047846,-0.3323020262912704,1.0758933025913768,1.0839492962233395,0.66218823676052,0.0010052908078635,49,0,0,2022-09-01,2022
2022-09,-0.20257993740056718,-0.2757799155414204,0.17790743302047846,-0.3323020262912704,1.0758933025913768,1.0839492962233395,0.66218823676052,0.0010052908078635,49,1,0,2022-09-01,2022
2022-09,-0.2051734373452643,-0.2790960459118563,0.17790743302047846,-0.3323020262912704,1.0758933025913768,1.0839492962233395,0.66218823676052,0.0010052908078635,50,1,0,2022-09-01,2022
2022-09,-0.20517523713703717,-0.27910850627739,0.17790743302047846,-0.3323020262912704,1.0758933025913768,1.0839492962233395,0.66218823676052,0.0010052908078635,50,1,0,2022-09-01,2022
2022-09,-0.20219838154471997,-0.2765182255330249,0.17790743302047846,-0.3323020262912704,1.0758933025913768,1.0839492962233395,0.66218823676052,0.0010052908078635,51,0,0,2022-09-01,2022
2022-09,-0.013346230818091984,-0.18793581811696122,0.17790743302047846,-0.3323020262912704,1.0758933025913768,1.0839492962233395,0.66218823676052,0.0010052908078635,51,1,0,2022-09-01,2022
2022-09,-0.018626819879675197,-0.22177519452631905,0.17790743302047846,-0.3323020262912704,1.0758933025913768,1.0839492962233395,0.66218823676052,0.0010052908078635,51,1,0,2022-09-01,2022
2022-09,-0.20221637946244864,-0.2765372795265748,0.17790743302047846,-0.3323020262912704,1.0758933025913768,1.0839492962233395,0.66218823676052,0.0010052908078635,51,0,0,2022-09-01,2022
2022-09,-0.20530662193645624,-0.2794809279793099,0.17790743302047846,-0.3323020262912704,1.0758933025913768,1.0839492962233395,0.66218823676052,0.0010052908078635,52,0,0,2022-09-01,2022
2022-09,-0.2049142673299719,-0.27431901187704455,0.17790743302047846,-0.3323020262912704,1.0758933025913768,1.0839492962233395,0.66218823676052,0.0010052908078635,52,1,0,2022-09-01,2022
2022-09,-0.20499525795975077,-0.2730395555652412,0.17790743302047846,-0.3323020262912704,1.0758933025913768,1.0839492962233395,0.66218823676052,0.0010052908078635,52,1,0,2022-09-01,2022
2022-09,-0.20530302235291054,-0.27925304135622764,0.17790743302047846,-0.3323020262912704,1.0758933025913768,1.0839492962233395,0.66218823676052,0.0010052908078635,53,1,0,2022-09-01,2022
2022-09,-0.20504205254584523,-0.07296703182591018,0.17790743302047846,-0.3323020262912704,1.0758933025913768,1.0839492962233395,0.66218823676052,0.0010052908078635,53,1,0,2022-09-01,2022
2022-09,-0.06764054923008271,-0.07505732373636965,0.17790743302047846,-0.3323020262912704,1.0758933025913768,1.0839492962233395,0.66218823676052,0.0010052908078635,60,0,0,2022-09-01,2022
2022-09,-0.07451935338596923,-0.13803897466838438,0.17790743302047846,-0.3323020262912704,1.0758933025913768,1.0839492962233395,0.66218823676052,0.0010052908078635,60,0,0,2022-09-01,2022
2022-09,-0.20528682422695474,-0.27928058147376716,0.17790743302047846,-0.3323020262912704,1.0758933025913768,1.0839492962233395,0.66218823676052,0.0010052908078635,61,1,0,2022-09-01,2022
2022-09,-0.19654703537792678,-0.2734199773637757,0.17790743302047846,-0.3323020262912704,1.0758933025913768,1.0839492962233395,0.66218823676052,0.0010052908078635,67,1,0,2022-09-01,2022
2022-09,-0.20049217894404484,-0.2788798239457735,0.17790743302047846,-0.3323020262912704,1.0758933025913768,1.0839492962233395,0.66218823676052,0.0010052908078635,67,0,0,2022-09-01,2022
2022-09,-0.2004939787358177,-0.2788804045979471,0.17790743302047846,-0.3323020262912704,1.0758933025913768,1.0839492962233395,0.66218823676052,0.0010052908078635,67,0,0,2022-09-01,2022
2022-09,-0.19658303121338405,-0.2734443690561959,0.17790743302047846,-0.3323020262912704,1.0758933025913768,1.0839492962233395,0.66218823676052,0.0010052908078635,67,1,0,2022-09-01,2022
2022-09,-0.20530482214468337,-0.278780519520699,0.17790743302047846,-0.3323020262912704,1.0758933025913768,1.0839492962233395,0.66218823676052,0.0010052908078635,68,1,0,2022-09-01,2022
2022-09,-0.205283224643409,-0.19832584897041444,0.17790743302047846,-0.3323020262912704,1.0758933025913768,1.0839492962233395,0.66218823676052,0.0010052908078635,68,1,0,2022-09-01,2022
2022-09,-0.1955229538591671,0.030750689557338347,0.17790743302047846,-0.3323020262912704,1.0758933025913768,1.0839492962233395,0.66218823676052,0.0010052908078635,72,1,0,2022-09-01,2022
2022-09,-0.19855200341289736,-0.16027977659683262,0.17790743302047846,-0.3323020262912704,1.0758933025913768,1.0839492962233395,0.66218823676052,0.0010052908078635,72,1,0,2022-09-01,2022
2022-09,-0.20471449044318396,-0.279403266826367,0.17790743302047846,-0.3323020262912704,1.0758933025913768,1.0839492962233395,0.66218823676052,0.0010052908078635,77,1,0,2022-09-01,2022
2022-09,-0.2051644383864,-0.2795415996797647,0.17790743302047846,-0.3323020262912704,1.0758933025913768,1.0839492962233395,0.66218823676052,0.0010052908078635,77,0,0,2022-09-01,2022
2022-09,-0.20483507649196586,-0.27944180062506085,0.17790743302047846,-0.3323020262912704,1.0758933025913768,1.0839492962233395,0.66218823676052,0.0010052908078635,77,1,0,2022-09-01,2022
2022-09,-0.19955448743038265,-0.27307043765862454,0.17790743302047846,-0.3323020262912704,1.0758933025913768,1.0839492962233395,0.66218823676052,0.0010052908078635,78,1,0,2022-09-01,2022
2022-09,-0.2048782714945146,-0.2790519851646949,0.17790743302047846,-0.3323020262912704,1.0758933025913768,1.0839492962233395,0.66218823676052,0.0010052908078635,78,0,0,2022-09-01,2022
2022-09,-0.19971466889816755,-0.2743852664406208,0.17790743302047846,-0.3323020262912704,1.0758933025913768,1.0839492962233395,0.66218823676052,0.0010052908078635,78,1,0,2022-09-01,2022
2022-09,0.017698377472040547,0.09295930319663749,0.17790743302047846,-0.3323020262912704,1.0758933025913768,1.0839492962233395,0.66218823676052,0.0010052908078635,79,1,0,2022-09-01,2022
2022-09,-0.1677845630557859,-0.2246388721207983,0.17790743302047846,-0.3323020262912704,1.0758933025913768,1.0839492962233395,0.66218823676052,0.0010052908078635,79,0,0,2022-09-01,2022
2022-09,0.004313326057250378,-0.03765294943495266,0.17790743302047846,-0.3323020262912704,1.0758933025913768,1.0839492962233395,0.66218823676052,0.0010052908078635,79,1,0,2022-09-01,2022
2022-09,-0.1678349572254261,-0.22475726494844042,0.17790743302047846,-0.3323020262912704,1.0758933025913768,1.0839492962233395,0.66218823676052,0.0010052908078635,79,0,0,2022-09-01,2022
2022-09,-0.04630401776277903,-0.2535152079479269,0.17790743302047846,-0.3323020262912704,1.0758933025913768,1.0839492962233395,0.66218823676052,0.0010052908078635,80,1,0,2022-09-01,2022
2022-09,-0.1812686030180836,-0.27464474054194915,0.17790743302047846,-0.3323020262912704,1.0758933025913768,1.0839492962233395,0.66218823676052,0.0010052908078635,80,0,0,2022-09-01,2022
2022-09,-0.05794687074143677,-0.2556186656087828,0.17790743302047846,-0.3323020262912704,1.0758933025913768,1.0839492962233395,0.66218823676052,0.0010052908078635,80,1,0,2022-09-01,2022
2022-09,-0.18127220260162932,-0.2746452136659425,0.17790743302047846,-0.3323020262912704,1.0758933025913768,1.0839492962233395,0.66218823676052,0.0010052908078635,80,0,0,2022-09-01,2022
2022-09,-0.19583791741941833,-0.2408598551132423,0.17790743302047846,-0.3323020262912704,1.0758933025913768,1.0839492962233395,0.66218823676052,0.0010052908078635,81,1,0,2022-09-01,2022
2022-09,-0.19603049513911477,-0.2757305299987703,0.17790743302047846,-0.3323020262912704,1.0758933025913768,1.0839492962233395,0.66218823676052,0.0010052908078635,81,0,0,2022-09-01,2022
2022-09,-0.19798146942089945,-0.26010970909300324,0.17790743302047846,-0.3323020262912704,1.0758933025913768,1.0839492962233395,0.66218823676052,0.0010052908078635,81,1,0,2022-09-01,2022
2022-09,-0.19603589451443337,-0.2757327450792845,0.17790743302047846,-0.3323020262912704,1.0758933025913768,1.0839492962233395,0.66218823676052,0.0010052908078635,81,0,0,2022-09-01,2022
2022-09,-0.20505105150470956,-0.2535737806983022,0.17790743302047846,-0.3323020262912704,1.0758933025913768,1.0839492962233395,0.66218823676052,0.0010052908078635,84,1,0,2022-09-01,2022
2022-09,-0.20506544983889247,-0.2274570695961361,0.17790743302047846,-0.3323020262912704,1.0758933025913768,1.0839492962233395,0.66218823676052,0.0010052908078635,84,1,0,2022-09-01,2022
2022-09,-0.2039351806055338,-0.2763476600322992,0.17790743302047846,-0.3323020262912704,1.0758933025913768,1.0839492962233395,0.66218823676052,0.0010052908078635,86,1,0,2022-09-01,2022
2022-09,-0.20407016498849861,-0.27816523897187123,0.17790743302047846,-0.3323020262912704,1.0758933025913768,1.0839492962233395,0.66218823676052,0.0010052908078635,86,1,0,2022-09-01,2022
2022-09,-0.18410147526857165,-0.22557872433131057,0.17790743302047846,-0.3323020262912704,1.0758933025913768,1.0839492962233395,0.66218823676052,0.0010052908078635,87,1,0,2022-09-01,2022
2022-09,-0.19808405755195269,-0.2706253328610517,0.17790743302047846,-0.3323020262912704,1.0758933025913768,1.0839492962233395,0.66218823676052,0.0010052908078635,87,0,0,2022-09-01,2022
2022-09,-0.19812545276272855,-0.2706655656049944,0.17790743302047846,-0.3323020262912704,1.0758933025913768,1.0839492962233395,0.66218823676052,0.0010052908078635,87,0,0,2022-09-01,2022
2022-09,-0.18890691930211875,-0.23918744781933535,0.17790743302047846,-0.3323020262912704,1.0758933025913768,1.0839492962233395,0.66218823676052,0.0010052908078635,87,1,0,2022-09-01,2022
2022-09,3.604145243050067,2.0936581617767556,0.17790743302047846,-0.3323020262912704,1.0758933025913768,1.0839492962233395,0.66218823676052,0.0010052908078635,88,0,0,2022-09-01,2022
2022-09,7.361332954744391,8.756278839188491,0.17790743302047846,-0.3323020262912704,1.0758933025913768,1.0839492962233395,0.66218823676052,0.0010052908078635,88,1,0,2022-09-01,2022
2022-09,6.928711606925733,6.623003893507489,0.17790743302047846,-0.3323020262912704,1.0758933025913768,1.0839492962233395,0.66218823676052,0.0010052908078635,88,1,0,2022-09-01,2022
2022-09,3.569200485988138,2.0490207323820893,0.17790743302047846,-0.3323020262912704,1.0758933025913768,1.0839492962233395,0.66218823676052,0.0010052908078635,88,0,0,2022-09-01,2022
2022-09,0.43439516768439684,0.694065969022912,0.17790743302047846,-0.3323020262912704,1.0758933025913768,1.0839492962233395,0.66218823676052,0.0010052908078635,89,0,0,2022-09-01,2022
2022-09,-0.19240931409211226,-0.15594980602558067,0.17790743302047846,-0.3323020262912704,1.0758933025913768,1.0839492962233395,0.66218823676052,0.0010052908078635,89,1,0,2022-09-01,2022
2022-09,0.39111197533878855,0.542338588272333,0.17790743302047846,-0.3323020262912704,1.0758933025913768,1.0839492962233395,0.66218823676052,0.0010052908078635,89,0,0,2022-09-01,2022
2022-09,-0.19306443829743478,-0.1784658843967348,0.17790743302047846,-0.3323020262912704,1.0758933025913768,1.0839492962233395,0.66218823676052,0.0010052908078635,89,1,0,2022-09-01,2022
2022-09,0.2237637367143406,6.057403901645351,0.17790743302047846,-0.3323020262912704,1.0758933025913768,1.0839492962233395,0.66218823676052,0.0010052908078635,90,0,0,2022-09-01,2022
2022-09,-0.2038505903922092,-0.22155192301273546,0.17790743302047846,-0.3323020262912704,1.0758933025913768,1.0839492962233395,0.66218823676052,0.0010052908078635,90,1,0,2022-09-01,2022
2022-09,0.18833483566551118,1.8321383755282052,0.17790743302047846,-0.3323020262912704,1.0758933025913768,1.0839492962233395,0.66218823676052,0.0010052908078635,90,0,0,2022-09-01,2022
2022-09,-0.2039549783150353,-0.27516596834202844,0.17790743302047846,-0.3323020262912704,1.0758933025913768,1.0839492962233395,0.66218823676052,0.0010052908078635,90,1,0,2022-09-01,2022
2022-09,-0.20516623817817287,-0.2792838718360845,0.17790743302047846,-0.3323020262912704,1.0758933025913768,1.0839492962233395,0.66218823676052,0.0010052908078635,93,0,0,2022-09-01,2022
2022-09,-0.20497006087493067,-0.2612159633130998,0.17790743302047846,-0.3323020262912704,1.0758933025913768,1.0839492962233395,0.66218823676052,0.0010052908078635,93,1,0,2022-09-01,2022
2022-09,-0.20497726004202213,-0.17518698028232016,0.17790743302047846,-0.3323020262912704,1.0758933025913768,1.0839492962233395,0.66218823676052,0.0010052908078635,93,1,0,2022-09-01,2022
2022-09,-0.202648329487936,-0.2733876931029212,0.17790743302047846,-0.3323020262912704,1.0758933025913768,1.0839492962233395,0.66218823676052,0.0010052908078635,94,0,0,2022-09-01,2022
2022-09,-0.20422854666451068,-0.27408425635380446,0.17790743302047846,-0.3323020262912704,1.0758933025913768,1.0839492962233395,0.66218823676052,0.0010052908078635,94,1,0,2022-09-01,2022
2022-09,-0.20387398768525644,0.7559353011454609,0.17790743302047846,-0.3323020262912704,1.0758933025913768,1.0839492962233395,0.66218823676052,0.0010052908078635,94,1,0,2022-09-01,2022
2022-09,-0.2053138211035477,-0.27915434339009004,0.17790743302047846,-0.3323020262912704,1.0758933025913768,1.0839492962233395,0.66218823676052,0.0010052908078635,95,1,0,2022-09-01,2022
2022-09,-0.20405936623786144,-0.2782728273679564,0.17790743302047846,-0.3323020262912704,1.0758933025913768,1.0839492962233395,0.66218823676052,0.0010052908078635,97,1,0,2022-09-01,2022
2022-09,-0.17577203894375668,-0.06161874853973102,0.17790743302047846,-0.3323020262912704,1.0758933025913768,1.0839492962233395,0.66218823676052,0.0010052908078635,98,0,0,2022-09-01,2022
2022-09,-0.07540485093821836,0.6861033223229174,0.17790743302047846,-0.3323020262912704,1.0758933025913768,1.0839492962233395,0.66218823676052,0.0010052908078635,98,1,0,2022-09-01,2022
2022-09,-0.07946338138602685,0.6105155406560341,0.17790743302047846,-0.3323020262912704,1.0758933025913768,1.0839492962233395,0.66218823676052,0.0010052908078635,98,1,0,2022-09-01,2022
2022-09,-0.17789219365219058,-0.18349685698215296,0.17790743302047846,-0.3323020262912704,1.0758933025913768,1.0839492962233395,0.66218823676052,0.0010052908078635,98,0,0,2022-09-01,2022
2022-09,-0.15262491695295174,-0.22053121391176164,0.17790743302047846,-0.3323020262912704,1.0758933025913768,1.0839492962233395,0.66218823676052,0.0010052908078635,100,1,0,2022-09-01,2022
2022-09,-0.19921252699353847,-0.27073821594473507,0.17790743302047846,-0.3323020262912704,1.0758933025913768,1.0839492962233395,0.66218823676052,0.0010052908078635,100,0,0,2022-09-01,2022
2022-09,-0.1537785834793576,-0.22818133640739294,0.17790743302047846,-0.3323020262912704,1.0758933025913768,1.0839492962233395,0.66218823676052,0.0010052908078635,100,1,0,2022-09-01,2022
2022-09,-0.19921432678531134,-0.2707400740316907,0.17790743302047846,-0.3323020262912704,1.0758933025913768,1.0839492962233395,0.66218823676052,0.0010052908078635,100,0,0,2022-09-01,2022
2022-09,0.16357330045444715,-0.0677400009587798,0.17790743302047846,-0.3323020262912704,1.0758933025913768,1.0839492962233395,0.66218823676052,0.0010052908078635,101,0,0,2022-09-01,2022
2022-09,1.266788063883397,0.6758920205096386,0.17790743302047846,-0.3323020262912704,1.0758933025913768,1.0839492962233395,0.66218823676052,0.0010052908078635,101,1,0,2022-09-01,2022
2022-09,0.16220545870707045,-0.07005593000278956,0.17790743302047846,-0.3323020262912704,1.0758933025913768,1.0839492962233395,0.66218823676052,0.0010052908078635,101,0,0,2022-09-01,2022
2022-09,1.239285445802261,0.5471447280349897,0.17790743302047846,-0.3323020262912704,1.0758933025913768,1.0839492962233395,0.66218823676052,0.0010052908078635,101,1,0,2022-09-01,2022
2022-10,-0.12499991303126097,-0.20697535127717442,0.09546076088807004,-0.8610712105708928,1.331934530228346,1.2976814801572873,0.6015072424573421,0.0009301029824027,0,1,0,2022-10-01,2022
2022-10,-0.18642140686379344,-0.2713036894404459,0.09546076088807004,-0.8610712105708928,1.331934530228346,1.2976814801572873,0.6015072424573421,0.0009301029824027,0,0,0,2022-10-01,2022
2022-10,-0.18648619936761657,-0.271331586551544,0.09546076088807004,-0.8610712105708928,1.331934530228346,1.2976814801572873,0.6015072424573421,0.0009301029824027,0,0,0,2022-10-01,2022
2022-10,-0.1308006419152019,-0.22422559401149,0.09546076088807004,-0.8610712105708928,1.331934530228346,1.2976814801572873,0.6015072424573421,0.0009301029824027,0,1,0,2022-10-01,2022
2022-10,-0.20528682422695474,-0.279268637243499,0.09546076088807004,-0.8610712105708928,1.331934530228346,1.2976814801572873,0.6015072424573421,0.0009301029824027,1,0,0,2022-10-01,2022
2022-10,-0.20332865077807863,-0.1492227914522247,0.09546076088807004,-0.8610712105708928,1.331934530228346,1.2976814801572873,0.6015072424573421,0.0009301029824027,1,1,0,2022-10-01,2022
2022-10,-0.20394957893971674,-0.21653974635323445,0.09546076088807004,-0.8610712105708928,1.331934530228346,1.2976814801572873,0.6015072424573421,0.0009301029824027,1,1,0,2022-10-01,2022
2022-10,-0.20260873406893298,-0.26453976689448233,0.09546076088807004,-0.8610712105708928,1.331934530228346,1.2976814801572873,0.6015072424573421,0.0009301029824027,2,1,0,2022-10-01,2022
2022-10,-0.20448591688803022,-0.2759103902354015,0.09546076088807004,-0.8610712105708928,1.331934530228346,1.2976814801572873,0.6015072424573421,0.0009301029824027,2,0,0,2022-10-01,2022
2022-10,-0.20266812719743751,-0.2678750716900301,0.09546076088807004,-0.8610712105708928,1.331934530228346,1.2976814801572873,0.6015072424573421,0.0009301029824027,2,1,0,2022-10-01,2022
2022-10,-0.205243629224406,-0.27343465280982365,0.09546076088807004,-0.8610712105708928,1.331934530228346,1.2976814801572873,0.6015072424573421,0.0009301029824027,3,1,0,2022-10-01,2022
2022-10,-0.20531202131177484,-0.27956144508072167,0.09546076088807004,-0.8610712105708928,1.331934530228346,1.2976814801572873,0.6015072424573421,0.0009301029824027,3,0,0,2022-10-01,2022
2022-10,-0.20525622776681607,-0.2772087413990479,0.09546076088807004,-0.8610712105708928,1.331934530228346,1.2976814801572873,0.6015072424573421,0.0009301029824027,3,1,0,2022-10-01,2022
2022-10,-0.08216846842064157,1.3267402978022758,0.09546076088807004,-0.8610712105708928,1.331934530228346,1.2976814801572873,0.6015072424573421,0.0009301029824027,5,1,0,2022-10-01,2022
2022-10,-0.18860635407605045,-0.1762501630145141,0.09546076088807004,-0.8610712105708928,1.331934530228346,1.2976814801572873,0.6015072424573421,0.0009301029824027,5,0,0,2022-10-01,2022
2022-10,-0.10222894752098462,0.3824476938798243,0.09546076088807004,-0.8610712105708928,1.331934530228346,1.2976814801572873,0.6015072424573421,0.0009301029824027,5,1,0,2022-10-01,2022
2022-10,-0.1886585480374635,-0.1764558988324537,0.09546076088807004,-0.8610712105708928,1.331934530228346,1.2976814801572873,0.6015072424573421,0.0009301029824027,5,0,0,2022-10-01,2022
2022-10,-0.20476128502927843,-0.27011495680492875,0.09546076088807004,-0.8610712105708928,1.331934530228346,1.2976814801572873,0.6015072424573421,0.0009301029824027,6,0,0,2022-10-01,2022
2022-10,-0.2034348384926776,-0.24269951603992157,0.09546076088807004,-0.8610712105708928,1.331934530228346,1.2976814801572873,0.6015072424573421,0.0009301029824027,6,1,0,2022-10-01,2022
2022-10,-0.20518783567944723,-0.27757726197858634,0.09546076088807004,-0.8610712105708928,1.331934530228346,1.2976814801572873,0.6015072424573421,0.0009301029824027,6,1,0,2022-10-01,2022
2022-10,-0.2048026802400543,-0.2727545671772902,0.09546076088807004,-0.8610712105708928,1.331934530228346,1.2976814801572873,0.6015072424573421,0.0009301029824027,6,0,0,2022-10-01,2022
2022-10,-0.20375880101179314,-0.2755671860906338,0.09546076088807004,-0.8610712105708928,1.331934530228346,1.2976814801572873,0.6015072424573421,0.0009301029824027,8,1,0,2022-10-01,2022
2022-10,-0.20376959976243034,-0.27560316501976356,0.09546076088807004,-0.8610712105708928,1.331934530228346,1.2976814801572873,0.6015072424573421,0.0009301029824027,8,1,0,2022-10-01,2022
2022-10,-0.20411695957459308,-0.2563603261784857,0.09546076088807004,-0.8610712105708928,1.331934530228346,1.2976814801572873,0.6015072424573421,0.0009301029824027,9,1,0,2022-10-01,2022
2022-10,-0.20485667399324023,-0.2746573987593346,0.09546076088807004,-0.8610712105708928,1.331934530228346,1.2976814801572873,0.6015072424573421,0.0009301029824027,9,0,0,2022-10-01,2022
2022-10,-0.20444632146902722,-0.26741825326995305,0.09546076088807004,-0.8610712105708928,1.331934530228346,1.2976814801572873,0.6015072424573421,0.0009301029824027,9,1,0,2022-10-01,2022
2022-10,-0.2001880141344308,-0.2686215237154473,0.09546076088807004,-0.8610712105708928,1.331934530228346,1.2976814801572873,0.6015072424573421,0.0009301029824027,12,1,0,2022-10-01,2022
2022-10,-0.2048134789906915,-0.27834155938080685,0.09546076088807004,-0.8610712105708928,1.331934530228346,1.2976814801572873,0.6015072424573421,0.0009301029824027,12,0,0,2022-10-01,2022
2022-10,-0.20035179518576143,-0.2693956190854571,0.09546076088807004,-0.8610712105708928,1.331934530228346,1.2976814801572873,0.6015072424573421,0.0009301029824027,12,1,0,2022-10-01,2022
2022-10,-0.20527782526809044,-0.2795747355638073,0.09546076088807004,-0.8610712105708928,1.331934530228346,1.2976814801572873,0.6015072424573421,0.0009301029824027,13,0,0,2022-10-01,2022
2022-10,-0.20450931418107746,-0.2793879161033468,0.09546076088807004,-0.8610712105708928,1.331934530228346,1.2976814801572873,0.6015072424573421,0.0009301029824027,13,1,0,2022-10-01,2022
2022-10,-0.2045129137646232,-0.27939019570076923,0.09546076088807004,-0.8610712105708928,1.331934530228346,1.2976814801572873,0.6015072424573421,0.0009301029824027,13,1,0,2022-10-01,2022
2022-10,-0.20521123297249447,-0.2791312033256886,0.09546076088807004,-0.8610712105708928,1.331934530228346,1.2976814801572873,0.6015072424573421,0.0009301029824027,15,1,0,2022-10-01,2022
2022-10,-0.20531022152000197,-0.279558735370578,0.09546076088807004,-0.8610712105708928,1.331934530228346,1.2976814801572873,0.6015072424573421,0.0009301029824027,15,0,0,2022-10-01,2022
2022-10,-0.2015972510925834,-0.2778216219188912,0.09546076088807004,-0.8610712105708928,1.331934530228346,1.2976814801572873,0.6015072424573421,0.0009301029824027,18,1,0,2022-10-01,2022
2022-10,-0.2052796250598633,-0.2795678322546318,0.09546076088807004,-0.8610712105708928,1.331934530228346,1.2976814801572873,0.6015072424573421,0.0009301029824027,18,0,0,2022-10-01,2022
2022-10,-0.20163324692804066,-0.2779500535774465,0.09546076088807004,-0.8610712105708928,1.331934530228346,1.2976814801572873,0.6015072424573421,0.0009301029824027,18,1,0,2022-10-01,2022
2022-10,-0.20450211501398602,-0.26132085060129573,0.09546076088807004,-0.8610712105708928,1.331934530228346,1.2976814801572873,0.6015072424573421,0.0009301029824027,19,1,0,2022-10-01,2022
2022-10,-0.2052994227693648,-0.27836186070124824,0.09546076088807004,-0.8610712105708928,1.331934530228346,1.2976814801572873,0.6015072424573421,0.0009301029824027,19,0,0,2022-10-01,2022
2022-10,-0.20473428815268546,-0.26423127714744404,0.09546076088807004,-0.8610712105708928,1.331934530228346,1.2976814801572873,0.6015072424573421,0.0009301029824027,19,1,0,2022-10-01,2022
2022-10,-0.2053084217282291,-0.27955043419505854,0.09546076088807004,-0.8610712105708928,1.331934530228346,1.2976814801572873,0.6015072424573421,0.0009301029824027,21,1,0,2022-10-01,2022
2022-10,-0.18546031805708404,-0.2480703981066629,0.09546076088807004,-0.8610712105708928,1.331934530228346,1.2976814801572873,0.6015072424573421,0.0009301029824027,22,0,0,2022-10-01,2022
2022-10,-0.16528825186682342,-0.21595499950648592,0.09546076088807004,-0.8610712105708928,1.331934530228346,1.2976814801572873,0.6015072424573421,0.0009301029824027,22,1,0,2022-10-01,2022
2022-10,-0.20035179518576143,-0.2717051351487935,0.09546076088807004,-0.8610712105708928,1.331934530228346,1.2976814801572873,0.6015072424573421,0.0009301029824027,22,0,0,2022-10-01,2022
2022-10,-0.1958883115890585,-0.2648307080424949,0.09546076088807004,-0.8610712105708928,1.331934530228346,1.2976814801572873,0.6015072424573421,0.0009301029824027,22,1,0,2022-10-01,2022
2022-10,-0.20528142485163614,-0.2787160456237886,0.09546076088807004,-0.8610712105708928,1.331934530228346,1.2976814801572873,0.6015072424573421,0.0009301029824027,23,1,0,2022-10-01,2022
2022-10,-0.20506005046357387,1.4089962503211253,0.09546076088807004,-0.8610712105708928,1.331934530228346,1.2976814801572873,0.6015072424573421,0.0009301029824027,24,1,0,2022-10-01,2022
2022-10,-0.20529582318581907,-0.27715538161485376,0.09546076088807004,-0.8610712105708928,1.331934530228346,1.2976814801572873,0.6015072424573421,0.0009301029824027,27,1,0,2022-10-01,2022
2022-10,-0.2052994227693648,-0.27751701178859833,0.09546076088807004,-0.8610712105708928,1.331934530228346,1.2976814801572873,0.6015072424573421,0.0009301029824027,27,1,0,2022-10-01,2022
2022-10,-0.20311807514065353,-0.27408500474993935,0.09546076088807004,-0.8610712105708928,1.331934530228346,1.2976814801572873,0.6015072424573421,0.0009301029824027,30,0,0,2022-10-01,2022
2022-10,-0.2010249173088126,-0.26547918039001894,0.09546076088807004,-0.8610712105708928,1.331934530228346,1.2976814801572873,0.6015072424573421,0.0009301029824027,30,1,0,2022-10-01,2022
2022-10,-0.20312707409951786,-0.274098295233025,0.09546076088807004,-0.8610712105708928,1.331934530228346,1.2976814801572873,0.6015072424573421,0.0009301029824027,30,0,0,2022-10-01,2022
2022-10,-0.2014820644191201,-0.26776283377542864,0.09546076088807004,-0.8610712105708928,1.331934530228346,1.2976814801572873,0.6015072424573421,0.0009301029824027,30,1,0,2022-10-01,2022
2022-10,-0.2052346302655417,-0.2771367706374067,0.09546076088807004,-0.8610712105708928,1.331934530228346,1.2976814801572873,0.6015072424573421,0.0009301029824027,36,1,0,2022-10-01,2022
2022-10,-0.2053138211035477,-0.2795156380759121,0.09546076088807004,-0.8610712105708928,1.331934530228346,1.2976814801572873,0.6015072424573421,0.0009301029824027,36,0,0,2022-10-01,2022
2022-10,-0.20526702651745324,-0.27804164178030244,0.09546076088807004,-0.8610712105708928,1.331934530228346,1.2976814801572873,0.6015072424573421,0.0009301029824027,36,1,0,2022-10-01,2022
2022-10,-0.18031291358669277,-0.19335803413697975,0.09546076088807004,-0.8610712105708928,1.331934530228346,1.2976814801572873,0.6015072424573421,0.0009301029824027,37,0,0,2022-10-01,2022
2022-10,-0.20414935582650465,-0.2703389595101384,0.09546076088807004,-0.8610712105708928,1.331934530228346,1.2976814801572873,0.6015072424573421,0.0009301029824027,37,1,0,2022-10-01,2022
2022-10,-0.20483507649196586,-0.27796065585602453,0.09546076088807004,-0.8610712105708928,1.331934530228346,1.2976814801572873,0.6015072424573421,0.0009301029824027,37,1,0,2022-10-01,2022
2022-10,-0.1964102512031891,-0.2785707664499432,0.09546076088807004,-0.8610712105708928,1.331934530228346,1.2976814801572873,0.6015072424573421,0.0009301029824027,39,1,0,2022-10-01,2022
2022-10,-0.1975531189789578,-0.27869562817291244,0.09546076088807004,-0.8610712105708928,1.331934530228346,1.2976814801572873,0.6015072424573421,0.0009301029824027,39,1,0,2022-10-01,2022
2022-10,-0.20454171043298902,-0.2756005155254009,0.09546076088807004,-0.8610712105708928,1.331934530228346,1.2976814801572873,0.6015072424573421,0.0009301029824027,41,1,0,2022-10-01,2022
2022-10,-0.18946665454347947,-0.22191120907214942,0.09546076088807004,-0.8610712105708928,1.331934530228346,1.2976814801572873,0.6015072424573421,0.0009301029824027,41,0,0,2022-10-01,2022
2022-10,-0.18946845433525233,-0.22191849948277403,0.09546076088807004,-0.8610712105708928,1.331934530228346,1.2976814801572873,0.6015072424573421,0.0009301029824027,41,0,0,2022-10-01,2022
2022-10,-0.20492506608060906,-0.2782177299283685,0.09546076088807004,-0.8610712105708928,1.331934530228346,1.2976814801572873,0.6015072424573421,0.0009301029824027,41,1,0,2022-10-01,2022
2022-10,0.07488856084656959,2.511628744958869,0.09546076088807004,-0.8610712105708928,1.331934530228346,1.2976814801572873,0.6015072424573421,0.0009301029824027,44,1,0,2022-10-01,2022
2022-10,-0.12400282838909427,0.09177558567544976,0.09546076088807004,-0.8610712105708928,1.331934530228346,1.2976814801572873,0.6015072424573421,0.0009301029824027,44,0,0,2022-10-01,2022
2022-10,-0.125264482421872,0.08274344648964098,0.09546076088807004,-0.8610712105708928,1.331934530228346,1.2976814801572873,0.6015072424573421,0.0009301029824027,44,0,0,2022-10-01,2022
2022-10,0.05393898461043168,1.6883608026128927,0.09546076088807004,-0.8610712105708928,1.331934530228346,1.2976814801572873,0.6015072424573421,0.0009301029824027,44,1,0,2022-10-01,2022
2022-10,-0.20527782526809044,-0.27849915268186065,0.09546076088807004,-0.8610712105708928,1.331934530228346,1.2976814801572873,0.6015072424573421,0.0009301029824027,46,0,0,2022-10-01,2022
2022-10,-0.20489446962047037,-0.2684782832759005,0.09546076088807004,-0.8610712105708928,1.331934530228346,1.2976814801572873,0.6015072424573421,0.0009301029824027,46,1,0,2022-10-01,2022
2022-10,-0.2049034685793347,-0.26900621223217636,0.09546076088807004,-0.8610712105708928,1.331934530228346,1.2976814801572873,0.6015072424573421,0.0009301029824027,46,1,0,2022-10-01,2022
2022-10,-0.2053138211035477,-0.27958221952515644,0.09546076088807004,-0.8610712105708928,1.331934530228346,1.2976814801572873,0.6015072424573421,0.0009301029824027,48,0,0,2022-10-01,2022
2022-10,-0.20267172678098325,-0.27490323828740043,0.09546076088807004,-0.8610712105708928,1.331934530228346,1.2976814801572873,0.6015072424573421,0.0009301029824027,48,1,0,2022-10-01,2022
2022-10,-0.20272932011771488,-0.275040960380734,0.09546076088807004,-0.8610712105708928,1.331934530228346,1.2976814801572873,0.6015072424573421,0.0009301029824027,48,1,0,2022-10-01,2022
2022-10,-0.20421954770564635,-0.2780651646450258,0.09546076088807004,-0.8610712105708928,1.331934530228346,1.2976814801572873,0.6015072424573421,0.0009301029824027,49,0,0,2022-10-01,2022
2022-10,-0.2013308819101995,-0.26629949567305067,0.09546076088807004,-0.8610712105708928,1.331934530228346,1.2976814801572873,0.6015072424573421,0.0009301029824027,49,1,0,2022-10-01,2022
2022-10,-0.2015918517172648,-0.27475022568682755,0.09546076088807004,-0.8610712105708928,1.331934530228346,1.2976814801572873,0.6015072424573421,0.0009301029824027,49,1,0,2022-10-01,2022
2022-10,-0.2051734373452643,-0.2790911813369794,0.09546076088807004,-0.8610712105708928,1.331934530228346,1.2976814801572873,0.6015072424573421,0.0009301029824027,50,1,0,2022-10-01,2022
2022-10,-0.20517703692881004,-0.27915504017269843,0.09546076088807004,-0.8610712105708928,1.331934530228346,1.2976814801572873,0.6015072424573421,0.0009301029824027,50,1,0,2022-10-01,2022
2022-10,0.002034789672804452,-0.185175935324366,0.09546076088807004,-0.8610712105708928,1.331934530228346,1.2976814801572873,0.6015072424573421,0.0009301029824027,51,1,0,2022-10-01,2022
2022-10,-0.19986405161531526,-0.2739453557516147,0.09546076088807004,-0.8610712105708928,1.331934530228346,1.2976814801572873,0.6015072424573421,0.0009301029824027,51,0,0,2022-10-01,2022
2022-10,-0.19987125078240672,-0.2739544741413045,0.09546076088807004,-0.8610712105708928,1.331934530228346,1.2976814801572873,0.6015072424573421,0.0009301029824027,51,0,0,2022-10-01,2022
2022-10,-0.003834331298505316,-0.21603974031482004,0.09546076088807004,-0.8610712105708928,1.331934530228346,1.2976814801572873,0.6015072424573421,0.0009301029824027,51,1,0,2022-10-01,2022
2022-10,-0.20492686587238193,0.028520748648554226,0.09546076088807004,-0.8610712105708928,1.331934530228346,1.2976814801572873,0.6015072424573421,0.0009301029824027,52,1,0,2022-10-01,2022
2022-10,-0.2050384529622995,-0.27398485300280406,0.09546076088807004,-0.8610712105708928,1.331934530228346,1.2976814801572873,0.6015072424573421,0.0009301029824027,52,1,0,2022-10-01,2022
2022-10,-0.20527242589277184,-0.2763715786007261,0.09546076088807004,-0.8610712105708928,1.331934530228346,1.2976814801572873,0.6015072424573421,0.0009301029824027,53,1,0,2022-10-01,2022
2022-10,-0.2050438523376181,-0.08009250282420131,0.09546076088807004,-0.8610712105708928,1.331934530228346,1.2976814801572873,0.6015072424573421,0.0009301029824027,53,1,0,2022-10-01,2022
2022-10,-0.06056556777095401,-0.0787701470695838,0.09546076088807004,-0.8610712105708928,1.331934530228346,1.2976814801572873,0.6015072424573421,0.0009301029824027,60,0,0,2022-10-01,2022
2022-10,-0.06757215714271388,-0.13355526030493353,0.09546076088807004,-0.8610712105708928,1.331934530228346,1.2976814801572873,0.6015072424573421,0.0009301029824027,60,0,0,2022-10-01,2022
2022-10,-0.20516623817817287,-0.2788356298636685,0.09546076088807004,-0.8610712105708928,1.331934530228346,1.2976814801572873,0.6015072424573421,0.0009301029824027,61,1,0,2022-10-01,2022
2022-10,-0.2051734373452643,-0.27900659967035213,0.09546076088807004,-0.8610712105708928,1.331934530228346,1.2976814801572873,0.6015072424573421,0.0009301029824027,61,1,0,2022-10-01,2022
2022-10,-0.20025640622179963,-0.276566109982278,0.09546076088807004,-0.8610712105708928,1.331934530228346,1.2976814801572873,0.6015072424573421,0.0009301029824027,67,0,0,2022-10-01,2022
2022-10,-0.1964102512031891,-0.2753339402630452,0.09546076088807004,-0.8610712105708928,1.331934530228346,1.2976814801572873,0.6015072424573421,0.0009301029824027,67,1,0,2022-10-01,2022
2022-10,-0.2002582060135725,-0.2766796597406792,0.09546076088807004,-0.8610712105708928,1.331934530228346,1.2976814801572873,0.6015072424573421,0.0009301029824027,67,0,0,2022-10-01,2022
2022-10,-0.19642824912091775,-0.2753827365512672,0.09546076088807004,-0.8610712105708928,1.331934530228346,1.2976814801572873,0.6015072424573421,0.0009301029824027,67,1,0,2022-10-01,2022
2022-10,-0.2052994227693648,-0.2785907666914798,0.09546076088807004,-0.8610712105708928,1.331934530228346,1.2976814801572873,0.6015072424573421,0.0009301029824027,68,1,0,2022-10-01,2022
2022-10,-0.20528142485163614,-0.2173632444704032,0.09546076088807004,-0.8610712105708928,1.331934530228346,1.2976814801572873,0.6015072424573421,0.0009301029824027,68,1,0,2022-10-01,2022
2022-10,-0.19689979456540813,-0.026349505399960352,0.09546076088807004,-0.8610712105708928,1.331934530228346,1.2976814801572873,0.6015072424573421,0.0009301029824027,72,1,0,2022-10-01,2022
2022-10,-0.19921792636885707,-0.1700713529111121,0.09546076088807004,-0.8610712105708928,1.331934530228346,1.2976814801572873,0.6015072424573421,0.0009301029824027,72,1,0,2022-10-01,2022
2022-10,-0.20462630064631362,-0.2793768536041571,0.09546076088807004,-0.8610712105708928,1.331934530228346,1.2976814801572873,0.6015072424573421,0.0009301029824027,77,1,0,2022-10-01,2022
2022-10,-0.20513024234271557,-0.2795284769406404,0.09546076088807004,-0.8610712105708928,1.331934530228346,1.2976814801572873,0.6015072424573421,0.0009301029824027,77,0,0,2022-10-01,2022
2022-10,-0.20478648211409853,-0.2794281101371445,0.09546076088807004,-0.8610712105708928,1.331934530228346,1.2976814801572873,0.6015072424573421,0.0009301029824027,77,1,0,2022-10-01,2022
2022-10,-0.19672881434698605,-0.2704343155004322,0.09546076088807004,-0.8610712105708928,1.331934530228346,1.2976814801572873,0.6015072424573421,0.0009301029824027,78,1,0,2022-10-01,2022
2022-10,-0.20473428815268546,-0.2788229114305021,0.09546076088807004,-0.8610712105708928,1.331934530228346,1.2976814801572873,0.6015072424573421,0.0009301029824027,78,0,0,2022-10-01,2022
2022-10,-0.19693579040086542,-0.2717146019297875,0.09546076088807004,-0.8610712105708928,1.331934530228346,1.2976814801572873,0.6015072424573421,0.0009301029824027,78,1,0,2022-10-01,2022
2022-10,0.1134598983308197,0.17260202415631795,0.09546076088807004,-0.8610712105708928,1.331934530228346,1.2976814801572873,0.6015072424573421,0.0009301029824027,79,1,0,2022-10-01,2022
2022-10,-0.15455429373346202,-0.20831133730392729,0.09546076088807004,-0.8610712105708928,1.331934530228346,1.2976814801572873,0.6015072424573421,0.0009301029824027,79,0,0,2022-10-01,2022
2022-10,-0.15457949081828212,-0.20849467285134593,0.09546076088807004,-0.8610712105708928,1.331934530228346,1.2976814801572873,0.6015072424573421,0.0009301029824027,79,0,0,2022-10-01,2022
2022-10,0.09853062557491214,0.04434797204697874,0.09546076088807004,-0.8610712105708928,1.331934530228346,1.2976814801572873,0.6015072424573421,0.0009301029824027,79,1,0,2022-10-01,2022
2022-10,-0.17257020937983147,-0.2726086385332358,0.09546076088807004,-0.8610712105708928,1.331934530228346,1.2976814801572873,0.6015072424573421,0.0009301029824027,80,0,0,2022-10-01,2022
2022-10,-0.028028932101117156,-0.24662420429735266,0.09546076088807004,-0.8610712105708928,1.331934530228346,1.2976814801572873,0.6015072424573421,0.0009301029824027,80,1,0,2022-10-01,2022
2022-10,-0.17258100813046867,-0.27261117619829095,0.09546076088807004,-0.8610712105708928,1.331934530228346,1.2976814801572873,0.6015072424573421,0.0009301029824027,80,0,0,2022-10-01,2022
2022-10,-0.0401325317736281,-0.24911766666817184,0.09546076088807004,-0.8610712105708928,1.331934530228346,1.2976814801572873,0.6015072424573421,0.0009301029824027,80,1,0,2022-10-01,2022
2022-10,-0.19616547952207958,-0.2758506905896966,0.09546076088807004,-0.8610712105708928,1.331934530228346,1.2976814801572873,0.6015072424573421,0.0009301029824027,81,0,0,2022-10-01,2022
2022-10,-0.19674861205648755,-0.25279340568256264,0.09546076088807004,-0.8610712105708928,1.331934530228346,1.2976814801572873,0.6015072424573421,0.0009301029824027,81,1,0,2022-10-01,2022
2022-10,-0.19859339862367323,-0.2630056666472098,0.09546076088807004,-0.8610712105708928,1.331934530228346,1.2976814801572873,0.6015072424573421,0.0009301029824027,81,1,0,2022-10-01,2022
2022-10,-0.19616727931385244,-0.2758511207024178,0.09546076088807004,-0.8610712105708928,1.331934530228346,1.2976814801572873,0.6015072424573421,0.0009301029824027,81,0,0,2022-10-01,2022
2022-10,-0.20504205254584523,-0.2605899299462417,0.09546076088807004,-0.8610712105708928,1.331934530228346,1.2976814801572873,0.6015072424573421,0.0009301029824027,84,1,0,2022-10-01,2022
2022-10,-0.20504205254584523,-0.23393448975737002,0.09546076088807004,-0.8610712105708928,1.331934530228346,1.2976814801572873,0.6015072424573421,0.0009301029824027,84,1,0,2022-10-01,2022
2022-10,-0.20377319934597604,-0.2757288310535215,0.09546076088807004,-0.8610712105708928,1.331934530228346,1.2976814801572873,0.6015072424573421,0.0009301029824027,86,1,0,2022-10-01,2022
2022-10,-0.20392798143844237,-0.27799139171108267,0.09546076088807004,-0.8610712105708928,1.331934530228346,1.2976814801572873,0.6015072424573421,0.0009301029824027,86,1,0,2022-10-01,2022
2022-10,-0.1990055509396591,-0.27076755393344926,0.09546076088807004,-0.8610712105708928,1.331934530228346,1.2976814801572873,0.6015072424573421,0.0009301029824027,87,0,0,2022-10-01,2022
2022-10,-0.185672693486282,-0.23060013981206332,0.09546076088807004,-0.8610712105708928,1.331934530228346,1.2976814801572873,0.6015072424573421,0.0009301029824027,87,1,0,2022-10-01,2022
2022-10,-0.19022076729630952,-0.24252565587575137,0.09546076088807004,-0.8610712105708928,1.331934530228346,1.2976814801572873,0.6015072424573421,0.0009301029824027,87,1,0,2022-10-01,2022
2022-10,-0.1990253486491606,-0.2707973650461568,0.09546076088807004,-0.8610712105708928,1.331934530228346,1.2976814801572873,0.6015072424573421,0.0009301029824027,87,0,0,2022-10-01,2022
2022-10,3.9001066017633823,2.3083740236493617,0.09546076088807004,-0.8610712105708928,1.331934530228346,1.2976814801572873,0.6015072424573421,0.0009301029824027,88,0,0,2022-10-01,2022
2022-10,7.649817978433229,8.923211521848252,0.09546076088807004,-0.8610712105708928,1.331934530228346,1.2976814801572873,0.6015072424573421,0.0009301029824027,88,1,0,2022-10-01,2022
2022-10,3.866983233975592,2.2546546953281696,0.09546076088807004,-0.8610712105708928,1.331934530228346,1.2976814801572873,0.6015072424573421,0.0009301029824027,88,0,0,2022-10-01,2022
2022-10,7.198761363485124,6.737869659199554,0.09546076088807004,-0.8610712105708928,1.331934530228346,1.2976814801572873,0.6015072424573421,0.0009301029824027,88,1,0,2022-10-01,2022
2022-10,-0.19134023777903097,-0.11392593507575191,0.09546076088807004,-0.8610712105708928,1.331934530228346,1.2976814801572873,0.6015072424573421,0.0009301029824027,89,1,0,2022-10-01,2022
2022-10,0.45191794038500155,0.729308054845465,0.09546076088807004,-0.8610712105708928,1.331934530228346,1.2976814801572873,0.6015072424573421,0.0009301029824027,89,0,0,2022-10-01,2022
2022-10,-0.19195216698180478,-0.1399005627415913,0.09546076088807004,-0.8610712105708928,1.331934530228346,1.2976814801572873,0.6015072424573421,0.0009301029824027,89,1,0,2022-10-01,2022
2022-10,0.4076088667288607,0.5718714223503637,0.09546076088807004,-0.8610712105708928,1.331934530228346,1.2976814801572873,0.6015072424573421,0.0009301029824027,89,0,0,2022-10-01,2022
2022-10,0.2363136847465218,6.060814824558416,0.09546076088807004,-0.8610712105708928,1.331934530228346,1.2976814801572873,0.6015072424573421,0.0009301029824027,90,0,0,2022-10-01,2022
2022-10,-0.2040557666543157,-0.23206503062136483,0.09546076088807004,-0.8610712105708928,1.331934530228346,1.2976814801572873,0.6015072424573421,0.0009301029824027,90,1,0,2022-10-01,2022
2022-10,-0.20414575624295891,-0.27629750458787816,0.09546076088807004,-0.8610712105708928,1.331934530228346,1.2976814801572873,0.6015072424573421,0.0009301029824027,90,1,0,2022-10-01,2022
2022-10,0.204928915811318,2.0363112283558036,0.09546076088807004,-0.8610712105708928,1.331934530228346,1.2976814801572873,0.6015072424573421,0.0009301029824027,90,0,0,2022-10-01,2022
2022-10,-0.2049286656641548,-0.25613188470999304,0.09546076088807004,-0.8610712105708928,1.331934530228346,1.2976814801572873,0.6015072424573421,0.0009301029824027,93,1,0,2022-10-01,2022
2022-10,-0.2051680379699457,-0.27927341149470447,0.09546076088807004,-0.8610712105708928,1.331934530228346,1.2976814801572873,0.6015072424573421,0.0009301029824027,93,0,0,2022-10-01,2022
2022-10,-0.2049592621242935,-0.192168234821914,0.09546076088807004,-0.8610712105708928,1.331934530228346,1.2976814801572873,0.6015072424573421,0.0009301029824027,93,1,0,2022-10-01,2022
2022-10,-0.2026033346936144,-0.27350287728966305,0.09546076088807004,-0.8610712105708928,1.331934530228346,1.2976814801572873,0.6015072424573421,0.0009301029824027,94,0,0,2022-10-01,2022
2022-10,-0.20423754562337498,-0.27378875601094693,0.09546076088807004,-0.8610712105708928,1.331934530228346,1.2976814801572873,0.6015072424573421,0.0009301029824027,94,1,0,2022-10-01,2022
2022-10,-0.2039351806055338,1.7132039155385184,0.09546076088807004,-0.8610712105708928,1.331934530228346,1.2976814801572873,0.6015072424573421,0.0009301029824027,94,1,0,2022-10-01,2022
2022-10,-0.20531202131177484,-0.2791562788973355,0.09546076088807004,-0.8610712105708928,1.331934530228346,1.2976814801572873,0.6015072424573421,0.0009301029824027,95,1,0,2022-10-01,2022
2022-10,-0.2053138211035477,-0.27958080015317643,0.09546076088807004,-0.8610712105708928,1.331934530228346,1.2976814801572873,0.6015072424573421,0.0009301029824027,95,1,0,2022-10-01,2022
2022-10,-0.203945979356171,-0.2781751917802402,0.09546076088807004,-0.8610712105708928,1.331934530228346,1.2976814801572873,0.6015072424573421,0.0009301029824027,97,1,0,2022-10-01,2022
2022-10,-0.05513559599222308,0.6838687232933625,0.09546076088807004,-0.8610712105708928,1.331934530228346,1.2976814801572873,0.6015072424573421,0.0009301029824027,98,1,0,2022-10-01,2022
2022-10,-0.182044313272188,-0.21481732555210442,0.09546076088807004,-0.8610712105708928,1.331934530228346,1.2976814801572873,0.6015072424573421,0.0009301029824027,98,0,0,2022-10-01,2022
2022-10,-0.05913653310329993,0.614627887093732,0.09546076088807004,-0.8610712105708928,1.331934530228346,1.2976814801572873,0.6015072424573421,0.0009301029824027,98,1,0,2022-10-01,2022
2022-10,-0.18256805267809145,-0.2404665213308168,0.09546076088807004,-0.8610712105708928,1.331934530228346,1.2976814801572873,0.6015072424573421,0.0009301029824027,98,0,0,2022-10-01,2022
2022-10,-0.14602148093831344,-0.2142173097037527,0.09546076088807004,-0.8610712105708928,1.331934530228346,1.2976814801572873,0.6015072424573421,0.0009301029824027,100,1,0,2022-10-01,2022
2022-10,-0.1971067706192875,-0.26691453965988177,0.09546076088807004,-0.8610712105708928,1.331934530228346,1.2976814801572873,0.6015072424573421,0.0009301029824027,100,0,0,2022-10-01,2022
2022-10,-0.14709415683494043,-0.22125752375844424,0.09546076088807004,-0.8610712105708928,1.331934530228346,1.2976814801572873,0.6015072424573421,0.0009301029824027,100,1,0,2022-10-01,2022
2022-10,1.335552708149215,0.7723912117062335,0.09546076088807004,-0.8610712105708928,1.331934530228346,1.2976814801572873,0.6015072424573421,0.0009301029824027,101,1,0,2022-10-01,2022
2022-10,0.2153875058034312,-0.033748571100217443,0.09546076088807004,-0.8610712105708928,1.331934530228346,1.2976814801572873,0.6015072424573421,0.0009301029824027,101,0,0,2022-10-01,2022
2022-10,0.21292359086638027,-0.03634711430995708,0.09546076088807004,-0.8610712105708928,1.331934530228346,1.2976814801572873,0.6015072424573421,0.0009301029824027,101,0,0,2022-10-01,2022
2022-10,1.307891708392067,0.6277420411681385,0.09546076088807004,-0.8610712105708928,1.331934530228346,1.2976814801572873,0.6015072424573421,0.0009301029824027,101,1,0,2022-10-01,2022
2022-11,-0.18756967401488073,-0.2711560919590332,0.09546076088807004,-0.8610712105708928,1.1505345788827943,1.0606318508736872,0.5729993927847082,0.0009626232786709,0,0,0,2022-11-01,2022
2022-11,-0.12708047232069183,-0.20926135307804192,0.09546076088807004,-0.8610712105708928,1.1505345788827943,1.0606318508736872,0.5729993927847082,0.0009626232786709,0,1,0,2022-11-01,2022
2022-11,-0.18764346547756816,-0.27121367114902245,0.09546076088807004,-0.8610712105708928,1.1505345788827943,1.0606318508736872,0.5729993927847082,0.0009626232786709,0,0,0,2022-11-01,2022
2022-11,-0.1326544274412519,-0.2255246376566176,0.09546076088807004,-0.8610712105708928,1.1505345788827943,1.0606318508736872,0.5729993927847082,0.0009626232786709,0,1,0,2022-11-01,2022
2022-11,-0.20527602547631757,-0.2792396992596155,0.09546076088807004,-0.8610712105708928,1.1505345788827943,1.0606318508736872,0.5729993927847082,0.0009626232786709,1,0,0,2022-11-01,2022
2022-11,-0.20348343287054493,-0.18049821431688312,0.09546076088807004,-0.8610712105708928,1.1505345788827943,1.0606318508736872,0.5729993927847082,0.0009626232786709,1,1,0,2022-11-01,2022
2022-11,-0.20404676769545138,-0.23101447169753858,0.09546076088807004,-0.8610712105708928,1.1505345788827943,1.0606318508736872,0.5729993927847082,0.0009626232786709,1,1,0,2022-11-01,2022
2022-11,-0.20259253594297721,-0.2624620170709735,0.09546076088807004,-0.8610712105708928,1.1505345788827943,1.0606318508736872,0.5729993927847082,0.0009626232786709,2,1,0,2022-11-01,2022
2022-11,-0.20438512854874985,-0.274614004686891,0.09546076088807004,-0.8610712105708928,1.1505345788827943,1.0606318508736872,0.5729993927847082,0.0009626232786709,2,0,0,2022-11-01,2022
2022-11,-0.20267172678098325,-0.2670398745068443,0.09546076088807004,-0.8610712105708928,1.1505345788827943,1.0606318508736872,0.5729993927847082,0.0009626232786709,2,1,0,2022-11-01,2022
2022-11,-0.20528682422695474,-0.27823028921982806,0.09546076088807004,-0.8610712105708928,1.1505345788827943,1.0606318508736872,0.5729993927847082,0.0009626232786709,3,1,0,2022-11-01,2022
2022-11,-0.20529582318581907,-0.27909318136113304,0.09546076088807004,-0.8610712105708928,1.1505345788827943,1.0606318508736872,0.5729993927847082,0.0009626232786709,3,1,0,2022-11-01,2022
2022-11,-0.08698651099659871,1.3210160652316731,0.09546076088807004,-0.8610712105708928,1.1505345788827943,1.0606318508736872,0.5729993927847082,0.0009626232786709,5,1,0,2022-11-01,2022
2022-11,-0.19129164340116364,-0.18377881307541938,0.09546076088807004,-0.8610712105708928,1.1505345788827943,1.0606318508736872,0.5729993927847082,0.0009626232786709,5,0,0,2022-11-01,2022
2022-11,-0.10701639363680307,0.37015358411743515,0.09546076088807004,-0.8610712105708928,1.1505345788827943,1.0606318508736872,0.5729993927847082,0.0009626232786709,5,1,0,2022-11-01,2022
2022-11,-0.19132583944484807,-0.18429492683524337,0.09546076088807004,-0.8610712105708928,1.1505345788827943,1.0606318508736872,0.5729993927847082,0.0009626232786709,5,0,0,2022-11-01,2022
2022-11,-0.2035302274566394,-0.2422175231222717,0.09546076088807004,-0.8610712105708928,1.1505345788827943,1.0606318508736872,0.5729993927847082,0.0009626232786709,6,1,0,2022-11-01,2022
2022-11,-0.20481527878246436,-0.2722075111083019,0.09546076088807004,-0.8610712105708928,1.1505345788827943,1.0606318508736872,0.5729993927847082,0.0009626232786709,6,0,0,2022-11-01,2022
2022-11,-0.20520043422185727,-0.27698708280816886,0.09546076088807004,-0.8610712105708928,1.1505345788827943,1.0606318508736872,0.5729993927847082,0.0009626232786709,6,1,0,2022-11-01,2022
2022-11,-0.2048476750343759,-0.27386271389336014,0.09546076088807004,-0.8610712105708928,1.1505345788827943,1.0606318508736872,0.5729993927847082,0.0009626232786709,6,0,0,2022-11-01,2022
2022-11,-0.2034402378679962,-0.27346073914636543,0.09546076088807004,-0.8610712105708928,1.1505345788827943,1.0606318508736872,0.5729993927847082,0.0009626232786709,8,1,0,2022-11-01,2022
2022-11,-0.2034510366186334,-0.27347749203685684,0.09546076088807004,-0.8610712105708928,1.1505345788827943,1.0606318508736872,0.5729993927847082,0.0009626232786709,8,1,0,2022-11-01,2022
2022-11,-0.20412415874168455,-0.2551848066057643,0.09546076088807004,-0.8610712105708928,1.1505345788827943,1.0606318508736872,0.5729993927847082,0.0009626232786709,9,1,0,2022-11-01,2022
2022-11,-0.20484227565905733,-0.27483429121818936,0.09546076088807004,-0.8610712105708928,1.1505345788827943,1.0606318508736872,0.5729993927847082,0.0009626232786709,9,0,0,2022-11-01,2022
2022-11,-0.20445532042789155,-0.2668398677903513,0.09546076088807004,-0.8610712105708928,1.1505345788827943,1.0606318508736872,0.5729993927847082,0.0009626232786709,9,1,0,2022-11-01,2022
2022-11,-0.2048440754508302,-0.27484203324717127,0.09546076088807004,-0.8610712105708928,1.1505345788827943,1.0606318508736872,0.5729993927847082,0.0009626232786709,9,0,0,2022-11-01,2022
2022-11,-0.20495026316542916,-0.27880454131617893,0.09546076088807004,-0.8610712105708928,1.1505345788827943,1.0606318508736872,0.5729993927847082,0.0009626232786709,12,0,0,2022-11-01,2022
2022-11,-0.200834139380889,-0.27094999484640775,0.09546076088807004,-0.8610712105708928,1.1505345788827943,1.0606318508736872,0.5729993927847082,0.0009626232786709,12,1,0,2022-11-01,2022
2022-11,-0.20095652522144378,-0.2716990447526611,0.09546076088807004,-0.8610712105708928,1.1505345788827943,1.0606318508736872,0.5729993927847082,0.0009626232786709,12,1,0,2022-11-01,2022
2022-11,-0.20449671563866742,-0.2793735718440942,0.09546076088807004,-0.8610712105708928,1.1505345788827943,1.0606318508736872,0.5729993927847082,0.0009626232786709,13,1,0,2022-11-01,2022
2022-11,-0.2052886240187276,-0.2795769936555937,0.09546076088807004,-0.8610712105708928,1.1505345788827943,1.0606318508736872,0.5729993927847082,0.0009626232786709,13,0,0,2022-11-01,2022
2022-11,-0.20450931418107746,-0.27938458272975736,0.09546076088807004,-0.8610712105708928,1.1505345788827943,1.0606318508736872,0.5729993927847082,0.0009626232786709,13,1,0,2022-11-01,2022
2022-11,-0.20509964588257687,-0.2785286197043912,0.09546076088807004,-0.8610712105708928,1.1505345788827943,1.0606318508736872,0.5729993927847082,0.0009626232786709,15,1,0,2022-11-01,2022
2022-11,-0.2053138211035477,-0.27957744527395095,0.09546076088807004,-0.8610712105708928,1.1505345788827943,1.0606318508736872,0.5729993927847082,0.0009626232786709,15,0,0,2022-11-01,2022
2022-11,-0.20280491137217518,-0.27841404197658626,0.09546076088807004,-0.8610712105708928,1.1505345788827943,1.0606318508736872,0.5729993927847082,0.0009626232786709,18,1,0,2022-11-01,2022
2022-11,-0.20528682422695474,-0.27956766020954327,0.09546076088807004,-0.8610712105708928,1.1505345788827943,1.0606318508736872,0.5729993927847082,0.0009626232786709,18,0,0,2022-11-01,2022
2022-11,-0.20285170595826965,-0.2785695148219245,0.09546076088807004,-0.8610712105708928,1.1505345788827943,1.0606318508736872,0.5729993927847082,0.0009626232786709,18,1,0,2022-11-01,2022
2022-11,-0.20530662193645624,-0.27898982527422467,0.09546076088807004,-0.8610712105708928,1.1505345788827943,1.0606318508736872,0.5729993927847082,0.0009626232786709,19,0,0,2022-11-01,2022
2022-11,-0.2043977270911599,-0.2611417817720716,0.09546076088807004,-0.8610712105708928,1.1505345788827943,1.0606318508736872,0.5729993927847082,0.0009626232786709,19,1,0,2022-11-01,2022
2022-11,-0.20465149773113372,-0.2646732437752575,0.09546076088807004,-0.8610712105708928,1.1505345788827943,1.0606318508736872,0.5729993927847082,0.0009626232786709,19,1,0,2022-11-01,2022
2022-11,-0.20530302235291054,-0.27945000287465444,0.09546076088807004,-0.8610712105708928,1.1505345788827943,1.0606318508736872,0.5729993927847082,0.0009626232786709,21,1,0,2022-11-01,2022
2022-11,-0.17682131754733643,-0.23335417737277722,0.09546076088807004,-0.8610712105708928,1.1505345788827943,1.0606318508736872,0.5729993927847082,0.0009626232786709,22,1,0,2022-11-01,2022
2022-11,-0.18541712305453528,-0.24780045936282727,0.09546076088807004,-0.8610712105708928,1.1505345788827943,1.0606318508736872,0.5729993927847082,0.0009626232786709,22,0,0,2022-11-01,2022
2022-11,-0.20034099643512426,-0.2716376504628346,0.09546076088807004,-0.8610712105708928,1.1505345788827943,1.0606318508736872,0.5729993927847082,0.0009626232786709,22,0,0,2022-11-01,2022
2022-11,-0.19866359050281493,-0.2689024776460733,0.09546076088807004,-0.8610712105708928,1.1505345788827943,1.0606318508736872,0.5729993927847082,0.0009626232786709,22,1,0,2022-11-01,2022
2022-11,-0.2052742256845447,-0.279034470974687,0.09546076088807004,-0.8610712105708928,1.1505345788827943,1.0606318508736872,0.5729993927847082,0.0009626232786709,23,1,0,2022-11-01,2022
2022-11,-0.20508164796484823,1.2521159342219002,0.09546076088807004,-0.8610712105708928,1.1505345788827943,1.0606318508736872,0.5729993927847082,0.0009626232786709,24,1,0,2022-11-01,2022
2022-11,-0.20528142485163614,-0.2756808218715793,0.09546076088807004,-0.8610712105708928,1.1505345788827943,1.0606318508736872,0.5729993927847082,0.0009626232786709,27,1,0,2022-11-01,2022
2022-11,-0.20135787878679245,-0.26805371470766026,0.09546076088807004,-0.8610712105708928,1.1505345788827943,1.0606318508736872,0.5729993927847082,0.0009626232786709,30,1,0,2022-11-01,2022
2022-11,-0.20328365598375703,-0.27360377743293324,0.09546076088807004,-0.8610712105708928,1.1505345788827943,1.0606318508736872,0.5729993927847082,0.0009626232786709,30,0,0,2022-11-01,2022
2022-11,-0.2032998541097128,-0.2736282508467705,0.09546076088807004,-0.8610712105708928,1.1505345788827943,1.0606318508736872,0.5729993927847082,0.0009626232786709,30,0,0,2022-11-01,2022
2022-11,-0.20181322610532706,-0.2702651650705593,0.09546076088807004,-0.8610712105708928,1.1505345788827943,1.0606318508736872,0.5729993927847082,0.0009626232786709,30,1,0,2022-11-01,2022
2022-11,-0.2052742256845447,-0.2784045063775569,0.09546076088807004,-0.8610712105708928,1.1505345788827943,1.0606318508736872,0.5729993927847082,0.0009626232786709,36,1,0,2022-11-01,2022
2022-11,-0.20529222360227334,-0.27896285720660435,0.09546076088807004,-0.8610712105708928,1.1505345788827943,1.0606318508736872,0.5729993927847082,0.0009626232786709,36,1,0,2022-11-01,2022
2022-11,-0.20416735374423328,-0.26880133233855197,0.09546076088807004,-0.8610712105708928,1.1505345788827943,1.0606318508736872,0.5729993927847082,0.0009626232786709,37,1,0,2022-11-01,2022
2022-11,-0.18241866996094375,-0.2053469273101391,0.09546076088807004,-0.8610712105708928,1.1505345788827943,1.0606318508736872,0.5729993927847082,0.0009626232786709,37,0,0,2022-11-01,2022
2022-11,-0.20485127461792163,-0.2779903121281524,0.09546076088807004,-0.8610712105708928,1.1505345788827943,1.0606318508736872,0.5729993927847082,0.0009626232786709,37,1,0,2022-11-01,2022
2022-11,-0.18242406933626232,-0.20538912136809045,0.09546076088807004,-0.8610712105708928,1.1505345788827943,1.0606318508736872,0.5729993927847082,0.0009626232786709,37,0,0,2022-11-01,2022
2022-11,-0.19846381361602702,-0.278903673696165,0.09546076088807004,-0.8610712105708928,1.1505345788827943,1.0606318508736872,0.5729993927847082,0.0009626232786709,39,1,0,2022-11-01,2022
2022-11,-0.19957428513988415,-0.27902234179594865,0.09546076088807004,-0.8610712105708928,1.1505345788827943,1.0606318508736872,0.5729993927847082,0.0009626232786709,39,1,0,2022-11-01,2022
2022-11,-0.20450391480575886,-0.2738863442862638,0.09546076088807004,-0.8610712105708928,1.1505345788827943,1.0606318508736872,0.5729993927847082,0.0009626232786709,41,1,0,2022-11-01,2022
2022-11,-0.19063651919584113,-0.22703688387652507,0.09546076088807004,-0.8610712105708928,1.1505345788827943,1.0606318508736872,0.5729993927847082,0.0009626232786709,41,0,0,2022-11-01,2022
2022-11,-0.2049232662888362,-0.27826068958696365,0.09546076088807004,-0.8610712105708928,1.1505345788827943,1.0606318508736872,0.5729993927847082,0.0009626232786709,41,1,0,2022-11-01,2022
2022-11,-0.190638318987614,-0.22703903444013115,0.09546076088807004,-0.8610712105708928,1.1505345788827943,1.0606318508736872,0.5729993927847082,0.0009626232786709,41,0,0,2022-11-01,2022
2022-11,-0.1251996899180489,0.12804536132844196,0.09546076088807004,-0.8610712105708928,1.1505345788827943,1.0606318508736872,0.5729993927847082,0.0009626232786709,44,0,0,2022-11-01,2022
2022-11,0.06459195211401417,2.4872087425193583,0.09546076088807004,-0.8610712105708928,1.1505345788827943,1.0606318508736872,0.5729993927847082,0.0009626232786709,44,1,0,2022-11-01,2022
2022-11,0.042155747873490544,1.557475918731832,0.09546076088807004,-0.8610712105708928,1.1505345788827943,1.0606318508736872,0.5729993927847082,0.0009626232786709,44,1,0,2022-11-01,2022
2022-11,-0.12681950251362656,0.11287722545950109,0.09546076088807004,-0.8610712105708928,1.1505345788827943,1.0606318508736872,0.5729993927847082,0.0009626232786709,44,0,0,2022-11-01,2022
2022-11,-0.20526162714213464,-0.27776103624098064,0.09546076088807004,-0.8610712105708928,1.1505345788827943,1.0606318508736872,0.5729993927847082,0.0009626232786709,46,0,0,2022-11-01,2022
2022-11,-0.20495566254074776,-0.2701869662767149,0.09546076088807004,-0.8610712105708928,1.1505345788827943,1.0606318508736872,0.5729993927847082,0.0009626232786709,46,1,0,2022-11-01,2022
2022-11,-0.2049736604584764,-0.2711170764340916,0.09546076088807004,-0.8610712105708928,1.1505345788827943,1.0606318508736872,0.5729993927847082,0.0009626232786709,46,1,0,2022-11-01,2022
2022-11,-0.2052994227693648,-0.27954845567654096,0.09546076088807004,-0.8610712105708928,1.1505345788827943,1.0606318508736872,0.5729993927847082,0.0009626232786709,48,0,0,2022-11-01,2022
2022-11,-0.20200940340856927,-0.27063251144236883,0.09546076088807004,-0.8610712105708928,1.1505345788827943,1.0606318508736872,0.5729993927847082,0.0009626232786709,48,1,0,2022-11-01,2022
2022-11,-0.20205619799466373,-0.27077358841492793,0.09546076088807004,-0.8610712105708928,1.1505345788827943,1.0606318508736872,0.5729993927847082,0.0009626232786709,48,1,0,2022-11-01,2022
2022-11,-0.20206519695352804,-0.2647617695755383,0.09546076088807004,-0.8610712105708928,1.1505345788827943,1.0606318508736872,0.5729993927847082,0.0009626232786709,49,1,0,2022-11-01,2022
2022-11,-0.20418355187018905,-0.2782289429670107,0.09546076088807004,-0.8610712105708928,1.1505345788827943,1.0606318508736872,0.5729993927847082,0.0009626232786709,49,0,0,2022-11-01,2022
2022-11,-0.20231536800995614,-0.2739799110076373,0.09546076088807004,-0.8610712105708928,1.1505345788827943,1.0606318508736872,0.5729993927847082,0.0009626232786709,49,1,0,2022-11-01,2022
2022-11,-0.20518783567944723,-0.2791541713450016,0.09546076088807004,-0.8610712105708928,1.1505345788827943,1.0606318508736872,0.5729993927847082,0.0009626232786709,50,1,0,2022-11-01,2022
2022-11,-0.20518963547122007,-0.27915897140297036,0.09546076088807004,-0.8610712105708928,1.1505345788827943,1.0606318508736872,0.5729993927847082,0.0009626232786709,50,1,0,2022-11-01,2022
2022-11,-0.1967864076837177,-0.2720576426317211,0.09546076088807004,-0.8610712105708928,1.1505345788827943,1.0606318508736872,0.5729993927847082,0.0009626232786709,51,0,0,2022-11-01,2022
2022-11,-0.008970937018259403,-0.19241070226624551,0.09546076088807004,-0.8610712105708928,1.1505345788827943,1.0606318508736872,0.5729993927847082,0.0009626232786709,51,1,0,2022-11-01,2022
2022-11,-0.19679360685080916,-0.27207183635152127,0.09546076088807004,-0.8610712105708928,1.1505345788827943,1.0606318508736872,0.5729993927847082,0.0009626232786709,51,0,0,2022-11-01,2022
2022-11,-0.015045234251675674,-0.22401349252527641,0.09546076088807004,-0.8610712105708928,1.1505345788827943,1.0606318508736872,0.5729993927847082,0.0009626232786709,51,1,0,2022-11-01,2022
2022-11,-0.2047738835716885,-0.2731749163397353,0.09546076088807004,-0.8610712105708928,1.1505345788827943,1.0606318508736872,0.5729993927847082,0.0009626232786709,52,1,0,2022-11-01,2022
2022-11,-0.20487107232742313,-0.2754566944336804,0.09546076088807004,-0.8610712105708928,1.1505345788827943,1.0606318508736872,0.5729993927847082,0.0009626232786709,52,1,0,2022-11-01,2022
2022-11,-0.2052994227693648,-0.27842665288157237,0.09546076088807004,-0.8610712105708928,1.1505345788827943,1.0606318508736872,0.5729993927847082,0.0009626232786709,53,1,0,2022-11-01,2022
2022-11,-0.2050744487977568,-0.09274247064761632,0.09546076088807004,-0.8610712105708928,1.1505345788827943,1.0606318508736872,0.5729993927847082,0.0009626232786709,53,1,0,2022-11-01,2022
2022-11,-0.0665084802049512,-0.06194153093249531,0.09546076088807004,-0.8610712105708928,1.1505345788827943,1.0606318508736872,0.5729993927847082,0.0009626232786709,60,0,0,2022-11-01,2022
2022-11,-0.07327749706269301,-0.11957954313753061,0.09546076088807004,-0.8610712105708928,1.1505345788827943,1.0606318508736872,0.5729993927847082,0.0009626232786709,60,0,0,2022-11-01,2022
2022-11,-0.20508164796484823,-0.2787328329232977,0.09546076088807004,-0.8610712105708928,1.1505345788827943,1.0606318508736872,0.5729993927847082,0.0009626232786709,61,1,0,2022-11-01,2022
2022-11,-0.20509064692371257,-0.27876874733551926,0.09546076088807004,-0.8610712105708928,1.1505345788827943,1.0606318508736872,0.5729993927847082,0.0009626232786709,61,1,0,2022-11-01,2022
2022-11,-0.19972546764880475,-0.2760767793416042,0.09546076088807004,-0.8610712105708928,1.1505345788827943,1.0606318508736872,0.5729993927847082,0.0009626232786709,67,0,0,2022-11-01,2022
2022-11,-0.1953429746818807,-0.27630367240430037,0.09546076088807004,-0.8610712105708928,1.1505345788827943,1.0606318508736872,0.5729993927847082,0.0009626232786709,67,1,0,2022-11-01,2022
2022-11,-0.1997272674405776,-0.276143876926114,0.09546076088807004,-0.8610712105708928,1.1505345788827943,1.0606318508736872,0.5729993927847082,0.0009626232786709,67,0,0,2022-11-01,2022
2022-11,-0.195378970517338,-0.27637836147833966,0.09546076088807004,-0.8610712105708928,1.1505345788827943,1.0606318508736872,0.5729993927847082,0.0009626232786709,67,1,0,2022-11-01,2022
2022-11,-0.20531202131177484,-0.2794241229922188,0.09546076088807004,-0.8610712105708928,1.1505345788827943,1.0606318508736872,0.5729993927847082,0.0009626232786709,68,1,0,2022-11-01,2022
2022-11,-0.20529222360227334,-0.19251654440468252,0.09546076088807004,-0.8610712105708928,1.1505345788827943,1.0606318508736872,0.5729993927847082,0.0009626232786709,68,1,0,2022-11-01,2022
2022-11,-0.19634905828291171,0.022450176411446414,0.09546076088807004,-0.8610712105708928,1.1505345788827943,1.0606318508736872,0.5729993927847082,0.0009626232786709,72,1,0,2022-11-01,2022
2022-11,-0.19918732990871837,-0.15139770373945635,0.09546076088807004,-0.8610712105708928,1.1505345788827943,1.0606318508736872,0.5729993927847082,0.0009626232786709,72,1,0,2022-11-01,2022
2022-11,-0.20512484296739697,-0.27952479947687403,0.09546076088807004,-0.8610712105708928,1.1505345788827943,1.0606318508736872,0.5729993927847082,0.0009626232786709,77,0,0,2022-11-01,2022
2022-11,-0.2045975039779478,-0.27936896533684996,0.09546076088807004,-0.8610712105708928,1.1505345788827943,1.0606318508736872,0.5729993927847082,0.0009626232786709,77,1,0,2022-11-01,2022
2022-11,-0.20475948523750556,-0.27942271652362044,0.09546076088807004,-0.8610712105708928,1.1505345788827943,1.0606318508736872,0.5729993927847082,0.0009626232786709,77,1,0,2022-11-01,2022
2022-11,-0.19503521028872095,-0.26491561659479035,0.09546076088807004,-0.8610712105708928,1.1505345788827943,1.0606318508736872,0.5729993927847082,0.0009626232786709,78,1,0,2022-11-01,2022
2022-11,-0.20427714104237799,-0.27808626597512864,0.09546076088807004,-0.8610712105708928,1.1505345788827943,1.0606318508736872,0.5729993927847082,0.0009626232786709,78,0,0,2022-11-01,2022
2022-11,-0.19525118530146462,-0.2667478322702654,0.09546076088807004,-0.8610712105708928,1.1505345788827943,1.0606318508736872,0.5729993927847082,0.0009626232786709,78,1,0,2022-11-01,2022
2022-11,-0.16099754828031546,-0.20675074641415506,0.09546076088807004,-0.8610712105708928,1.1505345788827943,1.0606318508736872,0.5729993927847082,0.0009626232786709,79,0,0,2022-11-01,2022
2022-11,0.13184657108239914,0.21813677621562239,0.09546076088807004,-0.8610712105708928,1.1505345788827943,1.0606318508736872,0.5729993927847082,0.0009626232786709,79,1,0,2022-11-01,2022
2022-11,-0.1610353439075456,-0.20719733245259436,0.09546076088807004,-0.8610712105708928,1.1505345788827943,1.0606318508736872,0.5729993927847082,0.0009626232786709,79,0,0,2022-11-01,2022
2022-11,0.11690469978408155,0.061700319240183966,0.09546076088807004,-0.8610712105708928,1.1505345788827943,1.0606318508736872,0.5729993927847082,0.0009626232786709,79,1,0,2022-11-01,2022
2022-11,-0.17536168641954367,-0.27363813913823126,0.09546076088807004,-0.8610712105708928,1.1505345788827943,1.0606318508736872,0.5729993927847082,0.0009626232786709,80,0,0,2022-11-01,2022
2022-11,-0.03814916123993188,-0.2514146922580841,0.09546076088807004,-0.8610712105708928,1.1505345788827943,1.0606318508736872,0.5729993927847082,0.0009626232786709,80,1,0,2022-11-01,2022
2022-11,-0.05039854404604482,-0.2537859553036784,0.09546076088807004,-0.8610712105708928,1.1505345788827943,1.0606318508736872,0.5729993927847082,0.0009626232786709,80,1,0,2022-11-01,2022
2022-11,-0.17537248517018086,-0.27363996711729643,0.09546076088807004,-0.8610712105708928,1.1505345788827943,1.0606318508736872,0.5729993927847082,0.0009626232786709,80,0,0,2022-11-01,2022
2022-11,-0.19424870128397934,-0.27496246911023914,0.09546076088807004,-0.8610712105708928,1.1505345788827943,1.0606318508736872,0.5729993927847082,0.0009626232786709,81,0,0,2022-11-01,2022
2022-11,-0.19627346702845144,-0.2504382976707773,0.09546076088807004,-0.8610712105708928,1.1505345788827943,1.0606318508736872,0.5729993927847082,0.0009626232786709,81,1,0,2022-11-01,2022
2022-11,-0.19800126713040095,-0.2609843777206151,0.09546076088807004,-0.8610712105708928,1.1505345788827943,1.0606318508736872,0.5729993927847082,0.0009626232786709,81,1,0,2022-11-01,2022
2022-11,-0.20508704734016683,-0.26001893810431764,0.09546076088807004,-0.8610712105708928,1.1505345788827943,1.0606318508736872,0.5729993927847082,0.0009626232786709,84,1,0,2022-11-01,2022
2022-11,-0.2050888471319397,-0.23486700424485835,0.09546076088807004,-0.8610712105708928,1.1505345788827943,1.0606318508736872,0.5729993927847082,0.0009626232786709,84,1,0,2022-11-01,2022
2022-11,-0.2049682610831578,-0.2784583478879988,0.09546076088807004,-0.8610712105708928,1.1505345788827943,1.0606318508736872,0.5729993927847082,0.0009626232786709,86,1,0,2022-11-01,2022
2022-11,-0.20500245712684223,-0.2791796727282425,0.09546076088807004,-0.8610712105708928,1.1505345788827943,1.0606318508736872,0.5729993927847082,0.0009626232786709,86,1,0,2022-11-01,2022
2022-11,-0.18316378375490946,-0.21143709118169832,0.09546076088807004,-0.8610712105708928,1.1505345788827943,1.0606318508736872,0.5729993927847082,0.0009626232786709,87,1,0,2022-11-01,2022
2022-11,-0.19807505859308838,-0.2698321275828383,0.09546076088807004,-0.8610712105708928,1.1505345788827943,1.0606318508736872,0.5729993927847082,0.0009626232786709,87,0,0,2022-11-01,2022
2022-11,-0.19810745484499992,-0.2701036577437424,0.09546076088807004,-0.8610712105708928,1.1505345788827943,1.0606318508736872,0.5729993927847082,0.0009626232786709,87,0,0,2022-11-01,2022
2022-11,-0.18831838739239218,-0.22555322294806965,0.09546076088807004,-0.8610712105708928,1.1505345788827943,1.0606318508736872,0.5729993927847082,0.0009626232786709,87,1,0,2022-11-01,2022
2022-11,7.258894206408286,8.533717850314709,0.09546076088807004,-0.8610712105708928,1.1505345788827943,1.0606318508736872,0.5729993927847082,0.0009626232786709,88,1,0,2022-11-01,2022
2022-11,3.7223501673164616,2.1529207785478617,0.09546076088807004,-0.8610712105708928,1.1505345788827943,1.0606318508736872,0.5729993927847082,0.0009626232786709,88,0,0,2022-11-01,2022
2022-11,6.824917615384662,6.486034721094641,0.09546076088807004,-0.8610712105708928,1.1505345788827943,1.0606318508736872,0.5729993927847082,0.0009626232786709,88,1,0,2022-11-01,2022
2022-11,3.693821667924793,2.1119002186394336,0.09546076088807004,-0.8610712105708928,1.1505345788827943,1.0606318508736872,0.5729993927847082,0.0009626232786709,88,0,0,2022-11-01,2022
2022-11,0.4476668322174966,0.7199064187242405,0.09546076088807004,-0.8610712105708928,1.1505345788827943,1.0606318508736872,0.5729993927847082,0.0009626232786709,89,0,0,2022-11-01,2022
2022-11,-0.19215914303568413,-0.12619459076729944,0.09546076088807004,-0.8610712105708928,1.1505345788827943,1.0606318508736872,0.5729993927847082,0.0009626232786709,89,1,0,2022-11-01,2022
2022-11,0.4031345843815206,0.5679269274021206,0.09546076088807004,-0.8610712105708928,1.1505345788827943,1.0606318508736872,0.5729993927847082,0.0009626232786709,89,0,0,2022-11-01,2022
2022-11,-0.1927872703644137,-0.1559140421528115,0.09546076088807004,-0.8610712105708928,1.1505345788827943,1.0606318508736872,0.5729993927847082,0.0009626232786709,89,1,0,2022-11-01,2022
2022-11,-0.2038361920580263,-0.23870298605466567,0.09546076088807004,-0.8610712105708928,1.1505345788827943,1.0606318508736872,0.5729993927847082,0.0009626232786709,90,1,0,2022-11-01,2022
2022-11,0.2506364276749742,4.970012150205017,0.09546076088807004,-0.8610712105708928,1.1505345788827943,1.0606318508736872,0.5729993927847082,0.0009626232786709,90,0,0,2022-11-01,2022
2022-11,-0.20396937664921824,-0.27017757691601074,0.09546076088807004,-0.8610712105708928,1.1505345788827943,1.0606318508736872,0.5729993927847082,0.0009626232786709,90,1,0,2022-11-01,2022
2022-11,0.21275441043973103,1.714920774982163,0.09546076088807004,-0.8610712105708928,1.1505345788827943,1.0606318508736872,0.5729993927847082,0.0009626232786709,90,0,0,2022-11-01,2022
2022-11,-0.20516083880285427,-0.279291566552667,0.09546076088807004,-0.8610712105708928,1.1505345788827943,1.0606318508736872,0.5729993927847082,0.0009626232786709,93,0,0,2022-11-01,2022
2022-11,-0.20498265941734073,-0.2578080812969739,0.09546076088807004,-0.8610712105708928,1.1505345788827943,1.0606318508736872,0.5729993927847082,0.0009626232786709,93,1,0,2022-11-01,2022
2022-11,-0.20498265941734073,-0.2081346599014331,0.09546076088807004,-0.8610712105708928,1.1505345788827943,1.0606318508736872,0.5729993927847082,0.0009626232786709,93,1,0,2022-11-01,2022
2022-11,-0.20417095332777901,-0.27342779681304746,0.09546076088807004,-0.8610712105708928,1.1505345788827943,1.0606318508736872,0.5729993927847082,0.0009626232786709,94,1,0,2022-11-01,2022
2022-11,-0.20239095926441644,-0.2733166814926483,0.09546076088807004,-0.8610712105708928,1.1505345788827943,1.0606318508736872,0.5729993927847082,0.0009626232786709,94,0,0,2022-11-01,2022
2022-11,-0.2038811868523479,0.7776507461917063,0.09546076088807004,-0.8610712105708928,1.1505345788827943,1.0606318508736872,0.5729993927847082,0.0009626232786709,94,1,0,2022-11-01,2022
2022-11,-0.2053138211035477,-0.27917240812438116,0.09546076088807004,-0.8610712105708928,1.1505345788827943,1.0606318508736872,0.5729993927847082,0.0009626232786709,95,1,0,2022-11-01,2022
2022-11,-0.20422314728919208,-0.27834392500077354,0.09546076088807004,-0.8610712105708928,1.1505345788827943,1.0606318508736872,0.5729993927847082,0.0009626232786709,97,1,0,2022-11-01,2022
2022-11,-0.20422854666451068,-0.2783516240184833,0.09546076088807004,-0.8610712105708928,1.1505345788827943,1.0606318508736872,0.5729993927847082,0.0009626232786709,97,1,0,2022-11-01,2022
2022-11,-0.18151157490742023,-0.21333074415827194,0.09546076088807004,-0.8610712105708928,1.1505345788827943,1.0606318508736872,0.5729993927847082,0.0009626232786709,98,0,0,2022-11-01,2022
2022-11,-0.06320586230174562,0.9277398490928066,0.09546076088807004,-0.8610712105708928,1.1505345788827943,1.0606318508736872,0.5729993927847082,0.0009626232786709,98,1,0,2022-11-01,2022
2022-11,-0.06787092257700932,0.7433940013010614,0.09546076088807004,-0.8610712105708928,1.1505345788827943,1.0606318508736872,0.5729993927847082,0.0009626232786709,98,1,0,2022-11-01,2022
2022-11,-0.1823052830792533,-0.2394134290430626,0.09546076088807004,-0.8610712105708928,1.1505345788827943,1.0606318508736872,0.5729993927847082,0.0009626232786709,98,0,0,2022-11-01,2022
2022-11,-0.1989911526054762,-0.27042093899480235,0.09546076088807004,-0.8610712105708928,1.1505345788827943,1.0606318508736872,0.5729993927847082,0.0009626232786709,100,0,0,2022-11-01,2022
2022-11,-0.15018439930894806,-0.21954001914571772,0.09546076088807004,-0.8610712105708928,1.1505345788827943,1.0606318508736872,0.5729993927847082,0.0009626232786709,100,1,0,2022-11-01,2022
2022-11,-0.15124087707961925,-0.22576748360014376,0.09546076088807004,-0.8610712105708928,1.1505345788827943,1.0606318508736872,0.5729993927847082,0.0009626232786709,100,1,0,2022-11-01,2022
2022-11,1.2457538974339346,0.7437670380641725,0.09546076088807004,-0.8610712105708928,1.1505345788827943,1.0606318508736872,0.5729993927847082,0.0009626232786709,101,1,0,2022-11-01,2022
2022-11,0.21401246488896303,-0.04167616791456006,0.09546076088807004,-0.8610712105708928,1.1505345788827943,1.0606318508736872,0.5729993927847082,0.0009626232786709,101,0,0,2022-11-01,2022
2022-11,0.2112425853505252,-0.044405542811839394,0.09546076088807004,-0.8610712105708928,1.1505345788827943,1.0606318508736872,0.5729993927847082,0.0009626232786709,101,0,0,2022-11-01,2022
2022-11,1.2164028932020672,0.582745317111804,0.09546076088807004,-0.8610712105708928,1.1505345788827943,1.0606318508736872,0.5729993927847082,0.0009626232786709,101,1,0,2022-11-01,2022
2022-12,-0.18687675418232808,-0.27056558590294755,0.09546076088807004,-0.8610712105708928,1.1514895025314325,1.1316769323548772,0.6226845022141558,0.000976156594502,0,0,0,2022-12-01,2022
2022-12,-0.12759161318418524,-0.20769089540244498,0.09546076088807004,-0.8610712105708928,1.1514895025314325,1.1316769323548772,0.6226845022141558,0.000976156594502,0,1,0,2022-12-01,2022
2022-12,-0.1338656873043894,-0.22489761933162786,0.09546076088807004,-0.8610712105708928,1.1514895025314325,1.1316769323548772,0.6226845022141558,0.000976156594502,0,1,0,2022-12-01,2022
2022-12,-0.1870297364830215,-0.2706868303779313,0.09546076088807004,-0.8610712105708928,1.1514895025314325,1.1316769323548772,0.6226845022141558,0.000976156594502,0,0,0,2022-12-01,2022
2022-12,-0.20525622776681607,-0.27905717232411276,0.09546076088807004,-0.8610712105708928,1.1514895025314325,1.1316769323548772,0.6226845022141558,0.000976156594502,1,0,0,2022-12-01,2022
2022-12,-0.20304788326151182,-0.13879697522036624,0.09546076088807004,-0.8610712105708928,1.1514895025314325,1.1316769323548772,0.6226845022141558,0.000976156594502,1,1,0,2022-12-01,2022
2022-12,-0.20368320975733284,-0.19401412808192373,0.09546076088807004,-0.8610712105708928,1.1514895025314325,1.1316769323548772,0.6226845022141558,0.000976156594502,1,1,0,2022-12-01,2022
2022-12,-0.2052580275585889,-0.2790829747862586,0.09546076088807004,-0.8610712105708928,1.1514895025314325,1.1316769323548772,0.6226845022141558,0.000976156594502,1,0,0,2022-12-01,2022
2022-12,-0.20439952688293275,-0.275216945301747,0.09546076088807004,-0.8610712105708928,1.1514895025314325,1.1316769323548772,0.6226845022141558,0.000976156594502,2,0,0,2022-12-01,2022
2022-12,-0.20256913864992998,-0.26145494684438947,0.09546076088807004,-0.8610712105708928,1.1514895025314325,1.1316769323548772,0.6226845022141558,0.000976156594502,2,1,0,2022-12-01,2022
2022-12,-0.20266092803034605,-0.2671235013232305,0.09546076088807004,-0.8610712105708928,1.1514895025314325,1.1316769323548772,0.6226845022141558,0.000976156594502,2,1,0,2022-12-01,2022
2022-12,-0.2052940233940462,-0.2781855488945671,0.09546076088807004,-0.8610712105708928,1.1514895025314325,1.1316769323548772,0.6226845022141558,0.000976156594502,3,1,0,2022-12-01,2022
2022-12,-0.20530122256113767,-0.2790574734030176,0.09546076088807004,-0.8610712105708928,1.1514895025314325,1.1316769323548772,0.6226845022141558,0.000976156594502,3,1,0,2022-12-01,2022
2022-12,-0.07724963750540403,1.4163074956059645,0.09546076088807004,-0.8610712105708928,1.1514895025314325,1.1316769323548772,0.6226845022141558,0.000976156594502,5,1,0,2022-12-01,2022
2022-12,-0.18617483539091106,-0.1715156972357211,0.09546076088807004,-0.8610712105708928,1.1514895025314325,1.1316769323548772,0.6226845022141558,0.000976156594502,5,0,0,2022-12-01,2022
2022-12,-0.18628282289728293,-0.17201821083130023,0.09546076088807004,-0.8610712105708928,1.1514895025314325,1.1316769323548772,0.6226845022141558,0.000976156594502,5,0,0,2022-12-01,2022
2022-12,-0.09724532410192398,0.4475408885918538,0.09546076088807004,-0.8610712105708928,1.1514895025314325,1.1316769323548772,0.6226845022141558,0.000976156594502,5,1,0,2022-12-01,2022
2022-12,-0.20312167472419926,-0.23346512925034227,0.09546076088807004,-0.8610712105708928,1.1514895025314325,1.1316769323548772,0.6226845022141558,0.000976156594502,6,1,0,2022-12-01,2022
2022-12,-0.20475228607041412,-0.27114589398641314,0.09546076088807004,-0.8610712105708928,1.1514895025314325,1.1316769323548772,0.6226845022141558,0.000976156594502,6,0,0,2022-12-01,2022
2022-12,-0.20481167919891863,-0.2722141391453358,0.09546076088807004,-0.8610712105708928,1.1514895025314325,1.1316769323548772,0.6226845022141558,0.000976156594502,6,0,0,2022-12-01,2022
2022-12,-0.20520763338894873,-0.2780536290218427,0.09546076088807004,-0.8610712105708928,1.1514895025314325,1.1316769323548772,0.6226845022141558,0.000976156594502,6,1,0,2022-12-01,2022
2022-12,-0.20340244224076606,-0.27029966011080087,0.09546076088807004,-0.8610712105708928,1.1514895025314325,1.1316769323548772,0.6226845022141558,0.000976156594502,8,1,0,2022-12-01,2022
2022-12,-0.20341324099140323,-0.27032239156811716,0.09546076088807004,-0.8610712105708928,1.1514895025314325,1.1316769323548772,0.6226845022141558,0.000976156594502,8,1,0,2022-12-01,2022
2022-12,-0.203760600803566,-0.25067439514570755,0.09546076088807004,-0.8610712105708928,1.1514895025314325,1.1316769323548772,0.6226845022141558,0.000976156594502,9,1,0,2022-12-01,2022
2022-12,-0.20477928294700706,-0.2742055610445692,0.09546076088807004,-0.8610712105708928,1.1514895025314325,1.1316769323548772,0.6226845022141558,0.000976156594502,9,0,0,2022-12-01,2022
2022-12,-0.2047828825305528,-0.2742292172442361,0.09546076088807004,-0.8610712105708928,1.1514895025314325,1.1316769323548772,0.6226845022141558,0.000976156594502,9,0,0,2022-12-01,2022
2022-12,-0.20409356228154585,-0.26016491836189864,0.09546076088807004,-0.8610712105708928,1.1514895025314325,1.1316769323548772,0.6226845022141558,0.000976156594502,9,1,0,2022-12-01,2022
2022-12,-0.20490526837110756,-0.2783827426738633,0.09546076088807004,-0.8610712105708928,1.1514895025314325,1.1316769323548772,0.6226845022141558,0.000976156594502,12,0,0,2022-12-01,2022
2022-12,-0.20027080455598256,-0.26811291112148133,0.09546076088807004,-0.8610712105708928,1.1514895025314325,1.1316769323548772,0.6226845022141558,0.000976156594502,12,1,0,2022-12-01,2022
2022-12,-0.20040218935540163,-0.26940970097594974,0.09546076088807004,-0.8610712105708928,1.1514895025314325,1.1316769323548772,0.6226845022141558,0.000976156594502,12,1,0,2022-12-01,2022
2022-12,-0.2052544279750432,-0.279567208591186,0.09546076088807004,-0.8610712105708928,1.1514895025314325,1.1316769323548772,0.6226845022141558,0.000976156594502,13,0,0,2022-12-01,2022
2022-12,-0.20462090127099503,-0.27942258318867685,0.09546076088807004,-0.8610712105708928,1.1514895025314325,1.1316769323548772,0.6226845022141558,0.000976156594502,13,1,0,2022-12-01,2022
2022-12,-0.20522743109845024,-0.2792212990374019,0.09546076088807004,-0.8610712105708928,1.1514895025314325,1.1316769323548772,0.6226845022141558,0.000976156594502,15,1,0,2022-12-01,2022
2022-12,-0.20525082839149747,-0.2794498394318204,0.09546076088807004,-0.8610712105708928,1.1514895025314325,1.1316769323548772,0.6226845022141558,0.000976156594502,15,0,0,2022-12-01,2022
2022-12,-0.20525262818327034,-0.279450480299775,0.09546076088807004,-0.8610712105708928,1.1514895025314325,1.1316769323548772,0.6226845022141558,0.000976156594502,15,0,0,2022-12-01,2022
2022-12,-0.20272032115885058,-0.27829908574958667,0.09546076088807004,-0.8610712105708928,1.1514895025314325,1.1316769323548772,0.6226845022141558,0.000976156594502,18,1,0,2022-12-01,2022
2022-12,-0.2052886240187276,-0.2795659397586584,0.09546076088807004,-0.8610712105708928,1.1514895025314325,1.1316769323548772,0.6226845022141558,0.000976156594502,18,0,0,2022-12-01,2022
2022-12,-0.20275271741076212,-0.27842923785902685,0.09546076088807004,-0.8610712105708928,1.1514895025314325,1.1316769323548772,0.6226845022141558,0.000976156594502,18,1,0,2022-12-01,2022
2022-12,-0.2045435102247619,-0.2587150901000941,0.09546076088807004,-0.8610712105708928,1.1514895025314325,1.1316769323548772,0.6226845022141558,0.000976156594502,19,1,0,2022-12-01,2022
2022-12,-0.20530662193645624,-0.27896401851095165,0.09546076088807004,-0.8610712105708928,1.1514895025314325,1.1316769323548772,0.6226845022141558,0.000976156594502,19,0,0,2022-12-01,2022
2022-12,-0.20475228607041412,-0.2624448684767786,0.09546076088807004,-0.8610712105708928,1.1514895025314325,1.1316769323548772,0.6226845022141558,0.000976156594502,19,1,0,2022-12-01,2022
2022-12,-0.20531202131177484,-0.2795791657248358,0.09546076088807004,-0.8610712105708928,1.1514895025314325,1.1316769323548772,0.6226845022141558,0.000976156594502,21,1,0,2022-12-01,2022
2022-12,-0.18565469556855335,-0.24519776126420068,0.09546076088807004,-0.8610712105708928,1.1514895025314325,1.1316769323548772,0.6226845022141558,0.000976156594502,22,1,0,2022-12-01,2022
2022-12,-0.18947745329411667,-0.25311562032653495,0.09546076088807004,-0.8610712105708928,1.1514895025314325,1.1316769323548772,0.6226845022141558,0.000976156594502,22,0,0,2022-12-01,2022
2022-12,-0.20072075249919857,-0.2716692207365719,0.09546076088807004,-0.8610712105708928,1.1514895025314325,1.1316769323548772,0.6226845022141558,0.000976156594502,22,1,0,2022-12-01,2022
2022-12,-0.20136327816211105,-0.2729770214767035,0.09546076088807004,-0.8610712105708928,1.1514895025314325,1.1316769323548772,0.6226845022141558,0.000976156594502,22,0,0,2022-12-01,2022
2022-12,-0.20528502443518187,-0.27901540407775544,0.09546076088807004,-0.8610712105708928,1.1514895025314325,1.1316769323548772,0.6226845022141558,0.000976156594502,23,1,0,2022-12-01,2022
2022-12,-0.20504565212939097,1.5437484067124618,0.09546076088807004,-0.8610712105708928,1.1514895025314325,1.1316769323548772,0.6226845022141558,0.000976156594502,24,1,0,2022-12-01,2022
2022-12,-0.20529762297759194,-0.27727275077421937,0.09546076088807004,-0.8610712105708928,1.1514895025314325,1.1316769323548772,0.6226845022141558,0.000976156594502,27,1,0,2022-12-01,2022
2022-12,-0.2052994227693648,-0.27751726985623104,0.09546076088807004,-0.8610712105708928,1.1514895025314325,1.1316769323548772,0.6226845022141558,0.000976156594502,27,1,0,2022-12-01,2022
2022-12,-0.20098352209803672,-0.26537984155592675,0.09546076088807004,-0.8610712105708928,1.1514895025314325,1.1316769323548772,0.6226845022141558,0.000976156594502,30,1,0,2022-12-01,2022
2022-12,-0.20285350575004252,-0.27255652607593317,0.09546076088807004,-0.8610712105708928,1.1514895025314325,1.1316769323548772,0.6226845022141558,0.000976156594502,30,0,0,2022-12-01,2022
2022-12,-0.20287510325131689,-0.2726904502739384,0.09546076088807004,-0.8610712105708928,1.1514895025314325,1.1316769323548772,0.6226845022141558,0.000976156594502,30,0,0,2022-12-01,2022
2022-12,-0.20140827295643265,-0.26703805082890636,0.09546076088807004,-0.8610712105708928,1.1514895025314325,1.1316769323548772,0.6226845022141558,0.000976156594502,30,1,0,2022-12-01,2022
2022-12,-0.2053138211035477,-0.2795145627941091,0.09546076088807004,-0.8610712105708928,1.1514895025314325,1.1316769323548772,0.6226845022141558,0.000976156594502,36,0,0,2022-12-01,2022
2022-12,-0.2052346302655417,-0.27687001472770806,0.09546076088807004,-0.8610712105708928,1.1514895025314325,1.1316769323548772,0.6226845022141558,0.000976156594502,36,1,0,2022-12-01,2022
2022-12,-0.2052688263092261,-0.2780656635757824,0.09546076088807004,-0.8610712105708928,1.1514895025314325,1.1316769323548772,0.6226845022141558,0.000976156594502,36,1,0,2022-12-01,2022
2022-12,-0.20394417956439814,-0.27028049428794343,0.09546076088807004,-0.8610712105708928,1.1514895025314325,1.1316769323548772,0.6226845022141558,0.000976156594502,37,1,0,2022-12-01,2022
2022-12,-0.17821075679598752,-0.1794581630468362,0.09546076088807004,-0.8610712105708928,1.1514895025314325,1.1316769323548772,0.6226845022141558,0.000976156594502,37,0,0,2022-12-01,2022
2022-12,-0.20477928294700706,-0.2777343778545196,0.09546076088807004,-0.8610712105708928,1.1514895025314325,1.1316769323548772,0.6226845022141558,0.000976156594502,37,1,0,2022-12-01,2022
2022-12,-0.19700778207177996,-0.27872737049173824,0.09546076088807004,-0.8610712105708928,1.1514895025314325,1.1316769323548772,0.6226845022141558,0.000976156594502,39,1,0,2022-12-01,2022
2022-12,-0.1982802348551949,-0.2788591140182469,0.09546076088807004,-0.8610712105708928,1.1514895025314325,1.1316769323548772,0.6226845022141558,0.000976156594502,39,1,0,2022-12-01,2022
2022-12,-0.18808441446191987,-0.21186691572739183,0.09546076088807004,-0.8610712105708928,1.1514895025314325,1.1316769323548772,0.6226845022141558,0.000976156594502,41,0,0,2022-12-01,2022
2022-12,-0.2044121254253428,-0.2749490754001005,0.09546076088807004,-0.8610712105708928,1.1514895025314325,1.1316769323548772,0.6226845022141558,0.000976156594502,41,1,0,2022-12-01,2022
2022-12,-0.20489986899578896,-0.2781579528623738,0.09546076088807004,-0.8610712105708928,1.1514895025314325,1.1316769323548772,0.6226845022141558,0.000976156594502,41,1,0,2022-12-01,2022
2022-12,-0.1286606894972665,0.09928230428870018,0.09546076088807004,-0.8610712105708928,1.1514895025314325,1.1316769323548772,0.6226845022141558,0.000976156594502,44,0,0,2022-12-01,2022
2022-12,0.07183971358333782,2.92618721381568,0.09546076088807004,-0.8610712105708928,1.1514895025314325,1.1316769323548772,0.6226845022141558,0.000976156594502,44,1,0,2022-12-01,2022
2022-12,-0.12948319433746538,0.09048523030729076,0.09546076088807004,-0.8610712105708928,1.1514895025314325,1.1316769323548772,0.6226845022141558,0.000976156594502,44,0,0,2022-12-01,2022
2022-12,0.050756952756007986,1.540797932370841,0.09546076088807004,-0.8610712105708928,1.1514895025314325,1.1316769323548772,0.6226845022141558,0.000976156594502,44,1,0,2022-12-01,2022
2022-12,-0.204872872119196,-0.2712232669638328,0.09546076088807004,-0.8610712105708928,1.1514895025314325,1.1316769323548772,0.6226845022141558,0.000976156594502,46,1,0,2022-12-01,2022
2022-12,-0.20528682422695474,-0.2786733053226813,0.09546076088807004,-0.8610712105708928,1.1514895025314325,1.1316769323548772,0.6226845022141558,0.000976156594502,46,0,0,2022-12-01,2022
2022-12,-0.2048836708698332,-0.2718377604063807,0.09546076088807004,-0.8610712105708928,1.1514895025314325,1.1316769323548772,0.6226845022141558,0.000976156594502,46,1,0,2022-12-01,2022
2022-12,-0.20045258352504183,-0.2663727696762372,0.09546076088807004,-0.8610712105708928,1.1514895025314325,1.1316769323548772,0.6226845022141558,0.000976156594502,48,1,0,2022-12-01,2022
2022-12,-0.20530482214468337,-0.2795598966749253,0.09546076088807004,-0.8610712105708928,1.1514895025314325,1.1316769323548772,0.6226845022141558,0.000976156594502,48,0,0,2022-12-01,2022
2022-12,-0.20056057103141367,-0.26677092502226746,0.09546076088807004,-0.8610712105708928,1.1514895025314325,1.1316769323548772,0.6226845022141558,0.000976156594502,48,1,0,2022-12-01,2022
2022-12,-0.20134168066083669,-0.26384808972411206,0.09546076088807004,-0.8610712105708928,1.1514895025314325,1.1316769323548772,0.6226845022141558,0.000976156594502,49,1,0,2022-12-01,2022
2022-12,-0.2038109949732062,-0.27781024543741506,0.09546076088807004,-0.8610712105708928,1.1514895025314325,1.1316769323548772,0.6226845022141558,0.000976156594502,49,0,0,2022-12-01,2022
2022-12,-0.20381279476497907,-0.2778187229591502,0.09546076088807004,-0.8610712105708928,1.1514895025314325,1.1316769323548772,0.6226845022141558,0.000976156594502,49,0,0,2022-12-01,2022
2022-12,-0.20189601652687883,-0.2755027810117588,0.09546076088807004,-0.8610712105708928,1.1514895025314325,1.1316769323548772,0.6226845022141558,0.000976156594502,49,1,0,2022-12-01,2022
2022-12,-0.20515723921930853,-0.2790947512725655,0.09546076088807004,-0.8610712105708928,1.1514895025314325,1.1316769323548772,0.6226845022141558,0.000976156594502,50,1,0,2022-12-01,2022
2022-12,-0.20516623817817287,-0.27909703086998794,0.09546076088807004,-0.8610712105708928,1.1514895025314325,1.1316769323548772,0.6226845022141558,0.000976156594502,50,1,0,2022-12-01,2022
2022-12,-0.19790047879112055,-0.2731499870064136,0.09546076088807004,-0.8610712105708928,1.1514895025314325,1.1316769323548772,0.6226845022141558,0.000976156594502,51,0,0,2022-12-01,2022
2022-12,-0.0361639909144628,-0.20102382563904497,0.09546076088807004,-0.8610712105708928,1.1514895025314325,1.1316769323548772,0.6226845022141558,0.000976156594502,51,1,0,2022-12-01,2022
2022-12,-0.04161376040269524,-0.23336305489934311,0.09546076088807004,-0.8610712105708928,1.1514895025314325,1.1316769323548772,0.6226845022141558,0.000976156594502,51,1,0,2022-12-01,2022
2022-12,-0.19792207629239492,-0.27316818077452104,0.09546076088807004,-0.8610712105708928,1.1514895025314325,1.1316769323548772,0.6226845022141558,0.000976156594502,51,0,0,2022-12-01,2022
2022-12,-0.20516263859462713,-0.277529046342538,0.09546076088807004,-0.8610712105708928,1.1514895025314325,1.1316769323548772,0.6226845022141558,0.000976156594502,52,1,0,2022-12-01,2022
2022-12,-0.20522743109845024,-0.27848198258202966,0.09546076088807004,-0.8610712105708928,1.1514895025314325,1.1316769323548772,0.6226845022141558,0.000976156594502,52,1,0,2022-12-01,2022
2022-12,-0.20529582318581907,-0.27815291194128117,0.09546076088807004,-0.8610712105708928,1.1514895025314325,1.1316769323548772,0.6226845022141558,0.000976156594502,53,1,0,2022-12-01,2022
2022-12,-0.20508704734016683,-0.0779570576802685,0.09546076088807004,-0.8610712105708928,1.1514895025314325,1.1316769323548772,0.6226845022141558,0.000976156594502,53,1,0,2022-12-01,2022
2022-12,-0.05966927146806769,-0.04116167137856784,0.09546076088807004,-0.8610712105708928,1.1514895025314325,1.1316769323548772,0.6226845022141558,0.000976156594502,60,0,0,2022-12-01,2022
2022-12,-0.06764414881362844,-0.10759385430414434,0.09546076088807004,-0.8610712105708928,1.1514895025314325,1.1316769323548772,0.6226845022141558,0.000976156594502,60,0,0,2022-12-01,2022
2022-12,-0.20515004005221707,-0.2790010082049763,0.09546076088807004,-0.8610712105708928,1.1514895025314325,1.1316769323548772,0.6226845022141558,0.000976156594502,61,1,0,2022-12-01,2022
2022-12,-0.2051590390110814,-0.2790448797025404,0.09546076088807004,-0.8610712105708928,1.1514895025314325,1.1316769323548772,0.6226845022141558,0.000976156594502,61,1,0,2022-12-01,2022
2022-12,-0.19558774636299023,-0.2768101731448052,0.09546076088807004,-0.8610712105708928,1.1514895025314325,1.1316769323548772,0.6226845022141558,0.000976156594502,67,1,0,2022-12-01,2022
2022-12,-0.2002078118439323,-0.2761523071354498,0.09546076088807004,-0.8610712105708928,1.1514895025314325,1.1316769323548772,0.6226845022141558,0.000976156594502,67,0,0,2022-12-01,2022
2022-12,-0.1956543386585862,-0.2768478166101661,0.09546076088807004,-0.8610712105708928,1.1514895025314325,1.1316769323548772,0.6226845022141558,0.000976156594502,67,1,0,2022-12-01,2022
2022-12,-0.20021141142747803,-0.27620498304041724,0.09546076088807004,-0.8610712105708928,1.1514895025314325,1.1316769323548772,0.6226845022141558,0.000976156594502,67,0,0,2022-12-01,2022
2022-12,-0.20529582318581907,-0.2783319549637421,0.09546076088807004,-0.8610712105708928,1.1514895025314325,1.1316769323548772,0.6226845022141558,0.000976156594502,68,1,0,2022-12-01,2022
2022-12,-0.2052742256845447,-0.2187742507579907,0.09546076088807004,-0.8610712105708928,1.1514895025314325,1.1316769323548772,0.6226845022141558,0.000976156594502,68,1,0,2022-12-01,2022
2022-12,-0.1937051641685744,0.1154610889220656,0.09546076088807004,-0.8610712105708928,1.1514895025314325,1.1316769323548772,0.6226845022141558,0.000976156594502,72,1,0,2022-12-01,2022
2022-12,-0.19698078519518702,-0.11574186238247446,0.09546076088807004,-0.8610712105708928,1.1514895025314325,1.1316769323548772,0.6226845022141558,0.000976156594502,72,1,0,2022-12-01,2022
2022-12,-0.2045885050190835,-0.27936321903089456,0.09546076088807004,-0.8610712105708928,1.1514895025314325,1.1316769323548772,0.6226845022141558,0.000976156594502,77,1,0,2022-12-01,2022
2022-12,-0.20513564171803417,-0.27953045976028523,0.09546076088807004,-0.8610712105708928,1.1514895025314325,1.1316769323548772,0.6226845022141558,0.000976156594502,77,0,0,2022-12-01,2022
2022-12,-0.20471988981850256,-0.27940679805180824,0.09546076088807004,-0.8610712105708928,1.1514895025314325,1.1316769323548772,0.6226845022141558,0.000976156594502,77,1,0,2022-12-01,2022
2022-12,-0.2051392413015799,-0.2795309027763881,0.09546076088807004,-0.8610712105708928,1.1514895025314325,1.1316769323548772,0.6226845022141558,0.000976156594502,77,0,0,2022-12-01,2022
2022-12,-0.19545996114711686,-0.25643993144092847,0.09546076088807004,-0.8610712105708928,1.1514895025314325,1.1316769323548772,0.6226845022141558,0.000976156594502,78,1,0,2022-12-01,2022
2022-12,-0.2039909741504926,-0.2777621115227837,0.09546076088807004,-0.8610712105708928,1.1514895025314325,1.1316769323548772,0.6226845022141558,0.000976156594502,78,0,0,2022-12-01,2022
2022-12,-0.1957533272060937,-0.2598376111833071,0.09546076088807004,-0.8610712105708928,1.1514895025314325,1.1316769323548772,0.6226845022141558,0.000976156594502,78,1,0,2022-12-01,2022
2022-12,-0.16089675994103506,-0.20851444083201304,0.09546076088807004,-0.8610712105708928,1.1514895025314325,1.1316769323548772,0.6226845022141558,0.000976156594502,79,0,0,2022-12-01,2022
2022-12,0.06478273004193777,0.16079084925843815,0.09546076088807004,-0.8610712105708928,1.1514895025314325,1.1316769323548772,0.6226845022141558,0.000976156594502,79,1,0,2022-12-01,2022
2022-12,0.05067236254268337,0.0042434533088163045,0.09546076088807004,-0.8610712105708928,1.1514895025314325,1.1316769323548772,0.6226845022141558,0.000976156594502,79,1,0,2022-12-01,2022
2022-12,-0.1610605409923657,-0.20935789617944622,0.09546076088807004,-0.8610712105708928,1.1514895025314325,1.1316769323548772,0.6226845022141558,0.000976156594502,79,0,0,2022-12-01,2022
2022-12,-0.17125456159386784,-0.273012062760101,0.09546076088807004,-0.8610712105708928,1.1514895025314325,1.1316769323548772,0.6226845022141558,0.000976156594502,80,0,0,2022-12-01,2022
2022-12,-0.031056181863074538,-0.250743634691569,0.09546076088807004,-0.8610712105708928,1.1514895025314325,1.1316769323548772,0.6226845022141558,0.000976156594502,80,1,0,2022-12-01,2022
2022-12,-0.04336855738123772,-0.2530360967855092,0.09546076088807004,-0.8610712105708928,1.1514895025314325,1.1316769323548772,0.6226845022141558,0.000976156594502,80,1,0,2022-12-01,2022
2022-12,-0.1713013561799623,-0.2730200843623517,0.09546076088807004,-0.8610712105708928,1.1514895025314325,1.1316769323548772,0.6226845022141558,0.000976156594502,80,0,0,2022-12-01,2022
2022-12,-0.1946158588056436,-0.2308319920744352,0.09546076088807004,-0.8610712105708928,1.1514895025314325,1.1316769323548772,0.6226845022141558,0.000976156594502,81,1,0,2022-12-01,2022
2022-12,-0.19060052336038386,-0.27365648774691836,0.09546076088807004,-0.8610712105708928,1.1514895025314325,1.1316769323548772,0.6226845022141558,0.000976156594502,81,0,0,2022-12-01,2022
2022-12,-0.19725075396111663,-0.25910100013695136,0.09546076088807004,-0.8610712105708928,1.1514895025314325,1.1316769323548772,0.6226845022141558,0.000976156594502,81,1,0,2022-12-01,2022
2022-12,-0.19060232315215672,-0.27365704689345594,0.09546076088807004,-0.8610712105708928,1.1514895025314325,1.1316769323548772,0.6226845022141558,0.000976156594502,81,0,0,2022-12-01,2022
2022-12,-0.20511044463321407,-0.26715601354382723,0.09546076088807004,-0.8610712105708928,1.1514895025314325,1.1316769323548772,0.6226845022141558,0.000976156594502,84,1,0,2022-12-01,2022
2022-12,-0.20511224442498693,-0.2426227366180572,0.09546076088807004,-0.8610712105708928,1.1514895025314325,1.1316769323548772,0.6226845022141558,0.000976156594502,84,1,0,2022-12-01,2022
2022-12,-0.20445172084434582,-0.277252410743633,0.09546076088807004,-0.8610712105708928,1.1514895025314325,1.1316769323548772,0.6226845022141558,0.000976156594502,86,1,0,2022-12-01,2022
2022-12,-0.20452551230703325,-0.2786529136785684,0.09546076088807004,-0.8610712105708928,1.1514895025314325,1.1316769323548772,0.6226845022141558,0.000976156594502,86,1,0,2022-12-01,2022
2022-12,-0.19837202423561096,-0.2665376920980605,0.09546076088807004,-0.8610712105708928,1.1514895025314325,1.1316769323548772,0.6226845022141558,0.000976156594502,87,0,0,2022-12-01,2022
2022-12,-0.1814683799048715,-0.2106303158471305,0.09546076088807004,-0.8610712105708928,1.1514895025314325,1.1316769323548772,0.6226845022141558,0.000976156594502,87,1,0,2022-12-01,2022
2022-12,-0.1983342286083808,-0.26654103407390434,0.09546076088807004,-0.8610712105708928,1.1514895025314325,1.1316769323548772,0.6226845022141558,0.000976156594502,87,0,0,2022-12-01,2022
2022-12,-0.18631521914919447,-0.22336663740158416,0.09546076088807004,-0.8610712105708928,1.1514895025314325,1.1316769323548772,0.6226845022141558,0.000976156594502,87,1,0,2022-12-01,2022
2022-12,7.322578038499309,9.195524883608682,0.09546076088807004,-0.8610712105708928,1.1514895025314325,1.1316769323548772,0.6226845022141558,0.000976156594502,88,1,0,2022-12-01,2022
2022-12,3.819758497647411,2.432673632303216,0.09546076088807004,-0.8610712105708928,1.1514895025314325,1.1316769323548772,0.6226845022141558,0.000976156594502,88,0,0,2022-12-01,2022
2022-12,3.77134589874914,2.380090214474248,0.09546076088807004,-0.8610712105708928,1.1514895025314325,1.1316769323548772,0.6226845022141558,0.000976156594502,88,0,0,2022-12-01,2022
2022-12,6.837276785488919,6.905269095883251,0.09546076088807004,-0.8610712105708928,1.1514895025314325,1.1316769323548772,0.6226845022141558,0.000976156594502,88,1,0,2022-12-01,2022
2022-12,-0.19285926203532827,-0.17132143252405638,0.09546076088807004,-0.8610712105708928,1.1514895025314325,1.1316769323548772,0.6226845022141558,0.000976156594502,89,1,0,2022-12-01,2022
2022-12,0.4493586364839888,0.7266952361945082,0.09546076088807004,-0.8610712105708928,1.1514895025314325,1.1316769323548772,0.6226845022141558,0.000976156594502,89,0,0,2022-12-01,2022
2022-12,0.4042720527819707,0.5717369949204746,0.09546076088807004,-0.8610712105708928,1.1514895025314325,1.1316769323548772,0.6226845022141558,0.000976156594502,89,0,0,2022-12-01,2022
2022-12,-0.19344239456973622,-0.18186879000867626,0.09546076088807004,-0.8610712105708928,1.1514895025314325,1.1316769323548772,0.6226845022141558,0.000976156594502,89,1,0,2022-12-01,2022
2022-12,0.23534539677272098,3.677471228770067,0.09546076088807004,-0.8610712105708928,1.1514895025314325,1.1316769323548772,0.6226845022141558,0.000976156594502,90,0,0,2022-12-01,2022
2022-12,-0.20412415874168455,-0.2623392112868117,0.09546076088807004,-0.8610712105708928,1.1514895025314325,1.1316769323548772,0.6226845022141558,0.000976156594502,90,1,0,2022-12-01,2022
2022-12,-0.20423394603982925,-0.27445387372078206,0.09546076088807004,-0.8610712105708928,1.1514895025314325,1.1316769323548772,0.6226845022141558,0.000976156594502,90,1,0,2022-12-01,2022
2022-12,0.20004068135621916,1.2656524374829055,0.09546076088807004,-0.8610712105708928,1.1514895025314325,1.1316769323548772,0.6226845022141558,0.000976156594502,90,0,0,2022-12-01,2022
2022-12,-0.2050690494224382,-0.27145461599432086,0.09546076088807004,-0.8610712105708928,1.1514895025314325,1.1316769323548772,0.6226845022141558,0.000976156594502,93,1,0,2022-12-01,2022
2022-12,-0.20524722880795174,-0.2794191293835255,0.09546076088807004,-0.8610712105708928,1.1514895025314325,1.1316769323548772,0.6226845022141558,0.000976156594502,93,0,0,2022-12-01,2022
2022-12,-0.20505465108825527,-0.2244256437392551,0.09546076088807004,-0.8610712105708928,1.1514895025314325,1.1316769323548772,0.6226845022141558,0.000976156594502,93,1,0,2022-12-01,2022
2022-12,-0.20518963547122007,-0.27935074146085204,0.09546076088807004,-0.8610712105708928,1.1514895025314325,1.1316769323548772,0.6226845022141558,0.000976156594502,93,0,0,2022-12-01,2022
2022-12,-0.20392798143844237,-0.2706353845953466,0.09546076088807004,-0.8610712105708928,1.1514895025314325,1.1316769323548772,0.6226845022141558,0.000976156594502,94,1,0,2022-12-01,2022
2022-12,-0.2052886240187276,-0.27954127279409663,0.09546076088807004,-0.8610712105708928,1.1514895025314325,1.1316769323548772,0.6226845022141558,0.000976156594502,94,0,0,2022-12-01,2022
2022-12,-0.20365801267251274,0.8032171839817293,0.09546076088807004,-0.8610712105708928,1.1514895025314325,1.1316769323548772,0.6226845022141558,0.000976156594502,94,1,0,2022-12-01,2022
2022-12,-0.2026285317784345,-0.27337487574382896,0.09546076088807004,-0.8610712105708928,1.1514895025314325,1.1316769323548772,0.6226845022141558,0.000976156594502,94,0,0,2022-12-01,2022
2022-12,-0.2053138211035477,-0.27958080015317643,0.09546076088807004,-0.8610712105708928,1.1514895025314325,1.1316769323548772,0.6226845022141558,0.000976156594502,95,0,0,2022-12-01,2022
2022-12,-0.2043725300063398,-0.2784604769459688,0.09546076088807004,-0.8610712105708928,1.1514895025314325,1.1316769323548772,0.6226845022141558,0.000976156594502,97,1,0,2022-12-01,2022
2022-12,-0.2053138211035477,-0.2795827356604219,0.09546076088807004,-0.8610712105708928,1.1514895025314325,1.1316769323548772,0.6226845022141558,0.000976156594502,97,0,0,2022-12-01,2022
2022-12,-0.06091832695843537,0.9674816150630221,0.09546076088807004,-0.8610712105708928,1.1514895025314325,1.1316769323548772,0.6226845022141558,0.000976156594502,98,1,0,2022-12-01,2022
2022-12,-0.1765333508636782,-0.12842770590796615,0.09546076088807004,-0.8610712105708928,1.1514895025314325,1.1316769323548772,0.6226845022141558,0.000976156594502,98,0,0,2022-12-01,2022
2022-12,-0.17788499448509912,-0.2237112394126958,0.09546076088807004,-0.8610712105708928,1.1514895025314325,1.1316769323548772,0.6226845022141558,0.000976156594502,98,0,0,2022-12-01,2022
2022-12,-0.06680364605570091,0.7684940979753596,0.09546076088807004,-0.8610712105708928,1.1514895025314325,1.1316769323548772,0.6226845022141558,0.000976156594502,98,1,0,2022-12-01,2022
2022-12,-0.14589549551421294,-0.20471010671623283,0.09546076088807004,-0.8610712105708928,1.1514895025314325,1.1316769323548772,0.6226845022141558,0.000976156594502,100,1,0,2022-12-01,2022
2022-12,-0.19790047879112055,-0.26638270097897004,0.09546076088807004,-0.8610712105708928,1.1514895025314325,1.1316769323548772,0.6226845022141558,0.000976156594502,100,0,0,2022-12-01,2022
2022-12,-0.19792027650062205,-0.266405161465272,0.09546076088807004,-0.8610712105708928,1.1514895025314325,1.1316769323548772,0.6226845022141558,0.000976156594502,100,0,0,2022-12-01,2022
2022-12,-0.14754230498638357,-0.21734158399376272,0.09546076088807004,-0.8610712105708928,1.1514895025314325,1.1316769323548772,0.6226845022141558,0.000976156594502,100,1,0,2022-12-01,2022
2022-12,1.1682710618203629,0.765039940131558,0.09546076088807004,-0.8610712105708928,1.1514895025314325,1.1316769323548772,0.6226845022141558,0.000976156594502,101,1,0,2022-12-01,2022
2022-12,0.22907852181960825,-0.00833190286084923,0.09546076088807004,-0.8610712105708928,1.1514895025314325,1.1316769323548772,0.6226845022141558,0.000976156594502,101,0,0,2022-12-01,2022
2022-12,1.1388408667504895,0.5939467083014333,0.09546076088807004,-0.8610712105708928,1.1514895025314325,1.1316769323548772,0.6226845022141558,0.000976156594502,101,1,0,2022-12-01,2022
2022-12,0.22813543093062746,-0.008594263018537003,0.09546076088807004,-0.8610712105708928,1.1514895025314325,1.1316769323548772,0.6226845022141558,0.000976156594502,101,0,0,2022-12-01,2022
2023-01,-0.18277322894019796,-0.26826722266247227,0.8178506500482184,0.6630282029409598,-0.8276141207694703,-0.7309627249400122,0.188550677199474,0.0016271696398818,0,0,0,2023-01-01,2023
2023-01,-0.13167534071681383,-0.22132745578578686,0.8178506500482184,0.6630282029409598,-0.8276141207694703,-0.7309627249400122,0.188550677199474,0.0016271696398818,0,1,0,2023-01-01,2023
2023-01,-0.20296689263173295,-0.20232652954343008,0.8178506500482184,0.6630282029409598,-0.8276141207694703,-0.7309627249400122,0.188550677199474,0.0016271696398818,1,1,0,2023-01-01,2023
2023-01,-0.20525082839149747,-0.2783545831940053,0.8178506500482184,0.6630282029409598,-0.8276141207694703,-0.7309627249400122,0.188550677199474,0.0016271696398818,1,0,0,2023-01-01,2023
2023-01,-0.2028139103310395,-0.26755954099774554,0.8178506500482184,0.6630282029409598,-0.8276141207694703,-0.7309627249400122,0.188550677199474,0.0016271696398818,2,1,0,2023-01-01,2023
2023-01,-0.20453091168235182,-0.2759605972933491,0.8178506500482184,0.6630282029409598,-0.8276141207694703,-0.7309627249400122,0.188550677199474,0.0016271696398818,2,0,0,2023-01-01,2023
2023-01,-0.2053084217282291,-0.27956016764593966,0.8178506500482184,0.6630282029409598,-0.8276141207694703,-0.7309627249400122,0.188550677199474,0.0016271696398818,3,0,0,2023-01-01,2023
2023-01,-0.2052796250598633,-0.2792968440357564,0.8178506500482184,0.6630282029409598,-0.8276141207694703,-0.7309627249400122,0.188550677199474,0.0016271696398818,3,1,0,2023-01-01,2023
2023-01,-0.18817440405056307,-0.10820468318630747,0.8178506500482184,0.6630282029409598,-0.8276141207694703,-0.7309627249400122,0.188550677199474,0.0016271696398818,5,0,0,2023-01-01,2023
2023-01,-0.07836550840457977,0.7006022372066627,0.8178506500482184,0.6630282029409598,-0.8276141207694703,-0.7309627249400122,0.188550677199474,0.0016271696398818,5,1,0,2023-01-01,2023
2023-01,-0.20521123297249447,-0.2774275053313131,0.8178506500482184,0.6630282029409598,-0.8276141207694703,-0.7309627249400122,0.188550677199474,0.0016271696398818,6,1,0,2023-01-01,2023
2023-01,-0.20482067815778296,-0.2718453863049279,0.8178506500482184,0.6630282029409598,-0.8276141207694703,-0.7309627249400122,0.188550677199474,0.0016271696398818,6,0,0,2023-01-01,2023
2023-01,-0.2036112180864183,-0.27019660510279736,0.8178506500482184,0.6630282029409598,-0.8276141207694703,-0.7309627249400122,0.188550677199474,0.0016271696398818,8,1,0,2023-01-01,2023
2023-01,-0.20448411709625736,-0.26722183799468224,0.8178506500482184,0.6630282029409598,-0.8276141207694703,-0.7309627249400122,0.188550677199474,0.0016271696398818,9,1,0,2023-01-01,2023
2023-01,-0.2047990806565086,-0.2740914564407576,0.8178506500482184,0.6630282029409598,-0.8276141207694703,-0.7309627249400122,0.188550677199474,0.0016271696398818,9,0,0,2023-01-01,2023
2023-01,-0.20469649252545533,-0.2778710375694318,0.8178506500482184,0.6630282029409598,-0.8276141207694703,-0.7309627249400122,0.188550677199474,0.0016271696398818,12,0,0,2023-01-01,2023
2023-01,-0.20098892147335531,-0.270755730134743,0.8178506500482184,0.6630282029409598,-0.8276141207694703,-0.7309627249400122,0.188550677199474,0.0016271696398818,12,1,0,2023-01-01,2023
2023-01,-0.2046586968982252,-0.2794112067072007,0.8178506500482184,0.6630282029409598,-0.8276141207694703,-0.7309627249400122,0.188550677199474,0.0016271696398818,13,1,0,2023-01-01,2023
2023-01,-0.20520583359717587,-0.279554133164461,0.8178506500482184,0.6630282029409598,-0.8276141207694703,-0.7309627249400122,0.188550677199474,0.0016271696398818,13,0,0,2023-01-01,2023
2023-01,-0.20524002964086027,-0.2792491402338462,0.8178506500482184,0.6630282029409598,-0.8276141207694703,-0.7309627249400122,0.188550677199474,0.0016271696398818,15,1,0,2023-01-01,2023
2023-01,-0.2052796250598633,-0.27957112261694905,0.8178506500482184,0.6630282029409598,-0.8276141207694703,-0.7309627249400122,0.188550677199474,0.0016271696398818,18,0,0,2023-01-01,2023
2023-01,-0.2005533718643222,-0.27736137550042606,0.8178506500482184,0.6630282029409598,-0.8276141207694703,-0.7309627249400122,0.188550677199474,0.0016271696398818,18,1,0,2023-01-01,2023
2023-01,-0.20479188148941713,-0.2661631585426794,0.8178506500482184,0.6630282029409598,-0.8276141207694703,-0.7309627249400122,0.188550677199474,0.0016271696398818,19,1,0,2023-01-01,2023
2023-01,-0.20531202131177484,-0.27957568181179393,0.8178506500482184,0.6630282029409598,-0.8276141207694703,-0.7309627249400122,0.188550677199474,0.0016271696398818,21,1,0,2023-01-01,2023
2023-01,-0.20424834437401218,-0.27772408955822814,0.8178506500482184,0.6630282029409598,-0.8276141207694703,-0.7309627249400122,0.188550677199474,0.0016271696398818,22,1,0,2023-01-01,2023
2023-01,-0.20451471355639605,-0.2782835801859868,0.8178506500482184,0.6630282029409598,-0.8276141207694703,-0.7309627249400122,0.188550677199474,0.0016271696398818,22,0,0,2023-01-01,2023
2023-01,-0.20514104109335277,0.8054275977729701,0.8178506500482184,0.6630282029409598,-0.8276141207694703,-0.7309627249400122,0.188550677199474,0.0016271696398818,24,1,0,2023-01-01,2023
2023-01,-0.2052994227693648,-0.277099049751756,0.8178506500482184,0.6630282029409598,-0.8276141207694703,-0.7309627249400122,0.188550677199474,0.0016271696398818,27,1,0,2023-01-01,2023
2023-01,-0.20426814208351368,-0.27947537952520624,0.8178506500482184,0.6630282029409598,-0.8276141207694703,-0.7309627249400122,0.188550677199474,0.0016271696398818,28,1,0,2023-01-01,2023
2023-01,-0.20484947482614876,-0.27953976739957237,0.8178506500482184,0.6630282029409598,-0.8276141207694703,-0.7309627249400122,0.188550677199474,0.0016271696398818,28,0,0,2023-01-01,2023
2023-01,-0.2019266129870175,-0.270412396956159,0.8178506500482184,0.6630282029409598,-0.8276141207694703,-0.7309627249400122,0.188550677199474,0.0016271696398818,30,0,0,2023-01-01,2023
2023-01,-0.20007102766919463,-0.2648314134273577,0.8178506500482184,0.6630282029409598,-0.8276141207694703,-0.7309627249400122,0.188550677199474,0.0016271696398818,30,1,0,2023-01-01,2023
2023-01,-0.2053138211035477,-0.2795156380759121,0.8178506500482184,0.6630282029409598,-0.8276141207694703,-0.7309627249400122,0.188550677199474,0.0016271696398818,36,1,0,2023-01-01,2023
2023-01,-0.20477028398814276,-0.276652024998341,0.8178506500482184,0.6630282029409598,-0.8276141207694703,-0.7309627249400122,0.188550677199474,0.0016271696398818,37,1,0,2023-01-01,2023
2023-01,-0.17814056491684582,-0.17593450758954038,0.8178506500482184,0.6630282029409598,-0.8276141207694703,-0.7309627249400122,0.188550677199474,0.0016271696398818,37,0,0,2023-01-01,2023
2023-01,-0.2053138211035477,-0.27933905529821657,0.8178506500482184,0.6630282029409598,-0.8276141207694703,-0.7309627249400122,0.188550677199474,0.0016271696398818,38,1,0,2023-01-01,2023
2023-01,-0.19478863881583855,-0.2782904619895263,0.8178506500482184,0.6630282029409598,-0.8276141207694703,-0.7309627249400122,0.188550677199474,0.0016271696398818,39,1,0,2023-01-01,2023
2023-01,-0.18815640613283444,-0.21361771536586774,0.8178506500482184,0.6630282029409598,-0.8276141207694703,-0.7309627249400122,0.188550677199474,0.0016271696398818,41,0,0,2023-01-01,2023
2023-01,-0.2048476750343759,-0.27792390272399653,0.8178506500482184,0.6630282029409598,-0.8276141207694703,-0.7309627249400122,0.188550677199474,0.0016271696398818,41,1,0,2023-01-01,2023
2023-01,-0.11151047369364468,0.11751223197263994,0.8178506500482184,0.6630282029409598,-0.8276141207694703,-0.7309627249400122,0.188550677199474,0.0016271696398818,44,0,0,2023-01-01,2023
2023-01,0.05360422334067896,1.3399985396382899,0.8178506500482184,0.6630282029409598,-0.8276141207694703,-0.7309627249400122,0.188550677199474,0.0016271696398818,44,1,0,2023-01-01,2023
2023-01,-0.20525982735036177,-0.2782043534227387,0.8178506500482184,0.6630282029409598,-0.8276141207694703,-0.7309627249400122,0.188550677199474,0.0016271696398818,46,0,0,2023-01-01,2023
2023-01,-0.2049592621242935,-0.2744293400911638,0.8178506500482184,0.6630282029409598,-0.8276141207694703,-0.7309627249400122,0.188550677199474,0.0016271696398818,46,1,0,2023-01-01,2023
2023-01,-0.20114910294114022,-0.26783085180116184,0.8178506500482184,0.6630282029409598,-0.8276141207694703,-0.7309627249400122,0.188550677199474,0.0016271696398818,48,1,0,2023-01-01,2023
2023-01,-0.2053084217282291,-0.2795745635187188,0.8178506500482184,0.6630282029409598,-0.8276141207694703,-0.7309627249400122,0.188550677199474,0.0016271696398818,48,0,0,2023-01-01,2023
2023-01,-0.20247015010242245,-0.276244772768257,0.8178506500482184,0.6630282029409598,-0.8276141207694703,-0.7309627249400122,0.188550677199474,0.0016271696398818,49,0,0,2023-01-01,2023
2023-01,-0.2000638285021032,-0.27326674540571505,0.8178506500482184,0.6630282029409598,-0.8276141207694703,-0.7309627249400122,0.188550677199474,0.0016271696398818,49,1,0,2023-01-01,2023
2023-01,-0.20517523713703717,-0.27912570218398425,0.8178506500482184,0.6630282029409598,-0.8276141207694703,-0.7309627249400122,0.188550677199474,0.0016271696398818,50,1,0,2023-01-01,2023
2023-01,-0.1997524645253977,-0.2730668161095119,0.8178506500482184,0.6630282029409598,-0.8276141207694703,-0.7309627249400122,0.188550677199474,0.0016271696398818,51,0,0,2023-01-01,2023
2023-01,-0.09427026830137965,-0.2363924635275616,0.8178506500482184,0.6630282029409598,-0.8276141207694703,-0.7309627249400122,0.188550677199474,0.0016271696398818,51,1,0,2023-01-01,2023
2023-01,-0.2053084217282291,-0.2794377145542093,0.8178506500482184,0.6630282029409598,-0.8276141207694703,-0.7309627249400122,0.188550677199474,0.0016271696398818,52,0,0,2023-01-01,2023
2023-01,-0.20521483255604017,-0.2770682665842985,0.8178506500482184,0.6630282029409598,-0.8276141207694703,-0.7309627249400122,0.188550677199474,0.0016271696398818,52,1,0,2023-01-01,2023
2023-01,-0.20512484296739697,-0.1771076787468039,0.8178506500482184,0.6630282029409598,-0.8276141207694703,-0.7309627249400122,0.188550677199474,0.0016271696398818,53,1,0,2023-01-01,2023
2023-01,-0.07579180616938413,-0.1414369253817774,0.8178506500482184,0.6630282029409598,-0.8276141207694703,-0.7309627249400122,0.188550677199474,0.0016271696398818,60,0,0,2023-01-01,2023
2023-01,-0.2052094331807216,-0.27927283944478526,0.8178506500482184,0.6630282029409598,-0.8276141207694703,-0.7309627249400122,0.188550677199474,0.0016271696398818,61,1,0,2023-01-01,2023
2023-01,-0.19786088337211755,-0.2766685327245813,0.8178506500482184,0.6630282029409598,-0.8276141207694703,-0.7309627249400122,0.188550677199474,0.0016271696398818,67,1,0,2023-01-01,2023
2023-01,-0.20130748461715225,-0.2759376507796722,0.8178506500482184,0.6630282029409598,-0.8276141207694703,-0.7309627249400122,0.188550677199474,0.0016271696398818,67,0,0,2023-01-01,2023
2023-01,-0.20529762297759194,-0.24146990979250724,0.8178506500482184,0.6630282029409598,-0.8276141207694703,-0.7309627249400122,0.188550677199474,0.0016271696398818,68,1,0,2023-01-01,2023
2023-01,-0.20120669627787188,-0.2039915690064226,0.8178506500482184,0.6630282029409598,-0.8276141207694703,-0.7309627249400122,0.188550677199474,0.0016271696398818,72,1,0,2023-01-01,2023
2023-01,-0.20516623817817287,-0.27953694155899395,0.8178506500482184,0.6630282029409598,-0.8276141207694703,-0.7309627249400122,0.188550677199474,0.0016271696398818,77,0,0,2023-01-01,2023
2023-01,-0.20480987940714576,-0.27943827800187404,0.8178506500482184,0.6630282029409598,-0.8276141207694703,-0.7309627249400122,0.188550677199474,0.0016271696398818,77,1,0,2023-01-01,2023
2023-01,-0.20396397727389964,-0.27767429970962004,0.8178506500482184,0.6630282029409598,-0.8276141207694703,-0.7309627249400122,0.188550677199474,0.0016271696398818,78,0,0,2023-01-01,2023
2023-01,-0.19668921892798302,-0.2682390889893775,0.8178506500482184,0.6630282029409598,-0.8276141207694703,-0.7309627249400122,0.188550677199474,0.0016271696398818,78,1,0,2023-01-01,2023
2023-01,0.15423238115328258,0.09138610570300638,0.8178506500482184,0.6630282029409598,-0.8276141207694703,-0.7309627249400122,0.188550677199474,0.0016271696398818,79,1,0,2023-01-01,2023
2023-01,-0.14341538245120625,-0.1657735633736616,0.8178506500482184,0.6630282029409598,-0.8276141207694703,-0.7309627249400122,0.188550677199474,0.0016271696398818,79,0,0,2023-01-01,2023
2023-01,-0.019006575943749517,-0.24096132300530454,0.8178506500482184,0.6630282029409598,-0.8276141207694703,-0.7309627249400122,0.188550677199474,0.0016271696398818,80,1,0,2023-01-01,2023
2023-01,-0.1634848605104136,-0.2705854140993956,0.8178506500482184,0.6630282029409598,-0.8276141207694703,-0.7309627249400122,0.188550677199474,0.0016271696398818,80,0,0,2023-01-01,2023
2023-01,-0.1988651671813757,-0.2601614043409663,0.8178506500482184,0.6630282029409598,-0.8276141207694703,-0.7309627249400122,0.188550677199474,0.0016271696398818,81,1,0,2023-01-01,2023
2023-01,-0.19265048618967603,-0.27423273986742286,0.8178506500482184,0.6630282029409598,-0.8276141207694703,-0.7309627249400122,0.188550677199474,0.0016271696398818,81,0,0,2023-01-01,2023
2023-01,-0.20514284088512563,-0.24979403612679396,0.8178506500482184,0.6630282029409598,-0.8276141207694703,-0.7309627249400122,0.188550677199474,0.0016271696398818,84,1,0,2023-01-01,2023
2023-01,-0.20367781038201427,-0.2772358298982301,0.8178506500482184,0.6630282029409598,-0.8276141207694703,-0.7309627249400122,0.188550677199474,0.0016271696398818,86,1,0,2023-01-01,2023
2023-01,-0.19099107817509536,-0.2392688079416807,0.8178506500482184,0.6630282029409598,-0.8276141207694703,-0.7309627249400122,0.188550677199474,0.0016271696398818,87,1,0,2023-01-01,2023
2023-01,-0.20113830419050305,-0.2708722648754295,0.8178506500482184,0.6630282029409598,-0.8276141207694703,-0.7309627249400122,0.188550677199474,0.0016271696398818,87,0,0,2023-01-01,2023
2023-01,4.301971307975566,2.9921243326980087,0.8178506500482184,0.6630282029409598,-0.8276141207694703,-0.7309627249400122,0.188550677199474,0.0016271696398818,88,0,0,2023-01-01,2023
2023-01,7.431472639924677,7.90761704178188,0.8178506500482184,0.6630282029409598,-0.8276141207694703,-0.7309627249400122,0.188550677199474,0.0016271696398818,88,1,0,2023-01-01,2023
2023-01,0.1346398479138842,0.2301582547285411,0.8178506500482184,0.6630282029409598,-0.8276141207694703,-0.7309627249400122,0.188550677199474,0.0016271696398818,89,0,0,2023-01-01,2023
2023-01,-0.19347299102987492,-0.157717014464371,0.8178506500482184,0.6630282029409598,-0.8276141207694703,-0.7309627249400122,0.188550677199474,0.0016271696398818,89,1,0,2023-01-01,2023
2023-01,0.18326662203312594,1.041190221347528,0.8178506500482184,0.6630282029409598,-0.8276141207694703,-0.7309627249400122,0.188550677199474,0.0016271696398818,90,0,0,2023-01-01,2023
2023-01,-0.20411875936636595,-0.2765981447777542,0.8178506500482184,0.6630282029409598,-0.8276141207694703,-0.7309627249400122,0.188550677199474,0.0016271696398818,90,1,0,2023-01-01,2023
2023-01,-0.2050942465072583,-0.23592444927335127,0.8178506500482184,0.6630282029409598,-0.8276141207694703,-0.7309627249400122,0.188550677199474,0.0016271696398818,93,1,0,2023-01-01,2023
2023-01,-0.20522023193135877,-0.27940927119995523,0.8178506500482184,0.6630282029409598,-0.8276141207694703,-0.7309627249400122,0.188550677199474,0.0016271696398818,93,0,0,2023-01-01,2023
2023-01,-0.20383979164157204,0.2810656093054717,0.8178506500482184,0.6630282029409598,-0.8276141207694703,-0.7309627249400122,0.188550677199474,0.0016271696398818,94,1,0,2023-01-01,2023
2023-01,-0.20267532636452895,-0.2733856715731315,0.8178506500482184,0.6630282029409598,-0.8276141207694703,-0.7309627249400122,0.188550677199474,0.0016271696398818,94,0,0,2023-01-01,2023
2023-01,-0.2030496830532847,-0.27749881371936364,0.8178506500482184,0.6630282029409598,-0.8276141207694703,-0.7309627249400122,0.188550677199474,0.0016271696398818,97,1,0,2023-01-01,2023
2023-01,-0.057217955073426814,0.6656234104773848,0.8178506500482184,0.6630282029409598,-0.8276141207694703,-0.7309627249400122,0.188550677199474,0.0016271696398818,98,1,0,2023-01-01,2023
2023-01,-0.1615752814394048,-0.15888302424482623,0.8178506500482184,0.6630282029409598,-0.8276141207694703,-0.7309627249400122,0.188550677199474,0.0016271696398818,98,0,0,2023-01-01,2023
2023-01,-0.1954239653116596,-0.2628748650675606,0.8178506500482184,0.6630282029409598,-0.8276141207694703,-0.7309627249400122,0.188550677199474,0.0016271696398818,100,0,0,2023-01-01,2023
2023-01,-0.14284844804275407,-0.19459010062915946,0.8178506500482184,0.6630282029409598,-0.8276141207694703,-0.7309627249400122,0.188550677199474,0.0016271696398818,100,1,0,2023-01-01,2023
2023-01,0.3147360116655284,0.11587918859497873,0.8178506500482184,0.6630282029409598,-0.8276141207694703,-0.7309627249400122,0.188550677199474,0.0016271696398818,101,0,0,2023-01-01,2023
2023-01,1.258935572378391,0.8331642338148004,0.8178506500482184,0.6630282029409598,-0.8276141207694703,-0.7309627249400122,0.188550677199474,0.0016271696398818,101,1,0,2023-01-01,2023
2023-02,-0.1418639619429974,-0.22984331346781037,0.8178506500482184,0.6630282029409598,-1.030950718456109,-0.9467344300087024,0.2476026515213585,0.0018273934975917,0,1,0,2023-02-01,2023
2023-02,-0.18662298354235424,-0.2704538469191026,0.8178506500482184,0.6630282029409598,-1.030950718456109,-0.9467344300087024,0.2476026515213585,0.0018273934975917,0,0,0,2023-02-01,2023
2023-02,-0.20518243630412863,-0.27808711329718944,0.8178506500482184,0.6630282029409598,-1.030950718456109,-0.9467344300087024,0.2476026515213585,0.0018273934975917,1,0,0,2023-02-01,2023
2023-02,-0.20282470908167669,-0.21429719884059148,0.8178506500482184,0.6630282029409598,-1.030950718456109,-0.9467344300087024,0.2476026515213585,0.0018273934975917,1,1,0,2023-02-01,2023
2023-02,-0.20435453208861115,-0.27491142763361237,0.8178506500482184,0.6630282029409598,-1.030950718456109,-0.9467344300087024,0.2476026515213585,0.0018273934975917,2,0,0,2023-02-01,2023
2023-02,-0.20277971428735508,-0.2668854984489452,0.8178506500482184,0.6630282029409598,-1.030950718456109,-0.9467344300087024,0.2476026515213585,0.0018273934975917,2,1,0,2023-02-01,2023
2023-02,-0.20485487420146736,-0.27088564568218654,0.8178506500482184,0.6630282029409598,-1.030950718456109,-0.9467344300087024,0.2476026515213585,0.0018273934975917,3,0,0,2023-02-01,2023
2023-02,-0.20476668440459703,-0.2704208486711309,0.8178506500482184,0.6630282029409598,-1.030950718456109,-0.9467344300087024,0.2476026515213585,0.0018273934975917,3,1,0,2023-02-01,2023
2023-02,-0.08288478554624147,0.43757692740003784,0.8178506500482184,0.6630282029409598,-1.030950718456109,-0.9467344300087024,0.2476026515213585,0.0018273934975917,5,1,0,2023-02-01,2023
2023-02,-0.1867345706322718,-0.1582809567587943,0.8178506500482184,0.6630282029409598,-1.030950718456109,-0.9467344300087024,0.2476026515213585,0.0018273934975917,5,0,0,2023-02-01,2023
2023-02,-0.20484047586728446,-0.27299142595173703,0.8178506500482184,0.6630282029409598,-1.030950718456109,-0.9467344300087024,0.2476026515213585,0.0018273934975917,6,0,0,2023-02-01,2023
2023-02,-0.2051986344300844,-0.2772154683620077,0.8178506500482184,0.6630282029409598,-1.030950718456109,-0.9467344300087024,0.2476026515213585,0.0018273934975917,6,1,0,2023-02-01,2023
2023-02,-0.20388838601943934,-0.2760664308295317,0.8178506500482184,0.6630282029409598,-1.030950718456109,-0.9467344300087024,0.2476026515213585,0.0018273934975917,8,1,0,2023-02-01,2023
2023-02,-0.20434013375442825,-0.26482007135489927,0.8178506500482184,0.6630282029409598,-1.030950718456109,-0.9467344300087024,0.2476026515213585,0.0018273934975917,9,1,0,2023-02-01,2023
2023-02,-0.2047684841963699,-0.27352851200784756,0.8178506500482184,0.6630282029409598,-1.030950718456109,-0.9467344300087024,0.2476026515213585,0.0018273934975917,9,0,0,2023-02-01,2023
2023-02,-0.20475588565395983,-0.27800004988016075,0.8178506500482184,0.6630282029409598,-1.030950718456109,-0.9467344300087024,0.2476026515213585,0.0018273934975917,12,0,0,2023-02-01,2023
2023-02,-0.2008035429207503,-0.2692465850275555,0.8178506500482184,0.6630282029409598,-1.030950718456109,-0.9467344300087024,0.2476026515213585,0.0018273934975917,12,1,0,2023-02-01,2023
2023-02,-0.20458130585199202,-0.2794178949600156,0.8178506500482184,0.6630282029409598,-1.030950718456109,-0.9467344300087024,0.2476026515213585,0.0018273934975917,13,1,0,2023-02-01,2023
2023-02,-0.2051734373452643,-0.27954602553966607,0.8178506500482184,0.6630282029409598,-1.030950718456109,-0.9467344300087024,0.2476026515213585,0.0018273934975917,13,0,0,2023-02-01,2023
2023-02,-0.2052634269339075,-0.27931615179581176,0.8178506500482184,0.6630282029409598,-1.030950718456109,-0.9467344300087024,0.2476026515213585,0.0018273934975917,15,1,0,2023-02-01,2023
2023-02,-0.2053138211035477,-0.27957744527395095,0.8178506500482184,0.6630282029409598,-1.030950718456109,-0.9467344300087024,0.2476026515213585,0.0018273934975917,15,0,0,2023-02-01,2023
2023-02,-0.20178982881227983,-0.27814699789136443,0.8178506500482184,0.6630282029409598,-1.030950718456109,-0.9467344300087024,0.2476026515213585,0.0018273934975917,18,1,0,2023-02-01,2023
2023-02,-0.20524722880795174,-0.27955996119183346,0.8178506500482184,0.6630282029409598,-1.030950718456109,-0.9467344300087024,0.2476026515213585,0.0018273934975917,18,0,0,2023-02-01,2023
2023-02,-0.20475048627864126,-0.25826142440626354,0.8178506500482184,0.6630282029409598,-1.030950718456109,-0.9467344300087024,0.2476026515213585,0.0018273934975917,19,1,0,2023-02-01,2023
2023-02,-0.2053138211035477,-0.2794952077216543,0.8178506500482184,0.6630282029409598,-1.030950718456109,-0.9467344300087024,0.2476026515213585,0.0018273934975917,19,0,0,2023-02-01,2023
2023-02,-0.20510144567434974,0.695087069526462,0.8178506500482184,0.6630282029409598,-1.030950718456109,-0.9467344300087024,0.2476026515213585,0.0018273934975917,24,1,0,2023-02-01,2023
2023-02,-0.2052940233940462,-0.27470331329232445,0.8178506500482184,0.6630282029409598,-1.030950718456109,-0.9467344300087024,0.2476026515213585,0.0018273934975917,27,1,0,2023-02-01,2023
2023-02,-0.20477928294700706,-0.2795312941789644,0.8178506500482184,0.6630282029409598,-1.030950718456109,-0.9467344300087024,0.2476026515213585,0.0018273934975917,28,0,0,2023-02-01,2023
2023-02,-0.20383799184979917,-0.27943215319672393,0.8178506500482184,0.6630282029409598,-1.030950718456109,-0.9467344300087024,0.2476026515213585,0.0018273934975917,28,1,0,2023-02-01,2023
2023-02,-0.20203460049338934,-0.26781936349037816,0.8178506500482184,0.6630282029409598,-1.030950718456109,-0.9467344300087024,0.2476026515213585,0.0018273934975917,30,1,0,2023-02-01,2023
2023-02,-0.2032098645210696,-0.2744232582972858,0.8178506500482184,0.6630282029409598,-1.030950718456109,-0.9467344300087024,0.2476026515213585,0.0018273934975917,30,0,0,2023-02-01,2023
2023-02,-0.2053138211035477,-0.2795156380759121,0.8178506500482184,0.6630282029409598,-1.030950718456109,-0.9467344300087024,0.2476026515213585,0.0018273934975917,36,0,0,2023-02-01,2023
2023-02,-0.20522743109845024,-0.2765069135684569,0.8178506500482184,0.6630282029409598,-1.030950718456109,-0.9467344300087024,0.2476026515213585,0.0018273934975917,36,1,0,2023-02-01,2023
2023-02,-0.20482067815778296,-0.2774868737902227,0.8178506500482184,0.6630282029409598,-1.030950718456109,-0.9467344300087024,0.2476026515213585,0.0018273934975917,37,1,0,2023-02-01,2023
2023-02,-0.18115701592816602,-0.1879401192441734,0.8178506500482184,0.6630282029409598,-1.030950718456109,-0.9467344300087024,0.2476026515213585,0.0018273934975917,37,0,0,2023-02-01,2023
2023-02,-0.19476704131456418,-0.27829170931641783,0.8178506500482184,0.6630282029409598,-1.030950718456109,-0.9467344300087024,0.2476026515213585,0.0018273934975917,39,1,0,2023-02-01,2023
2023-02,-0.19086149316744913,-0.22629845345335858,0.8178506500482184,0.6630282029409598,-1.030950718456109,-0.9467344300087024,0.2476026515213585,0.0018273934975917,41,0,0,2023-02-01,2023
2023-02,-0.20494126420656483,-0.2783248322970787,0.8178506500482184,0.6630282029409598,-1.030950718456109,-0.9467344300087024,0.2476026515213585,0.0018273934975917,41,1,0,2023-02-01,2023
2023-02,0.03789564074712126,1.1588722016952864,0.8178506500482184,0.6630282029409598,-1.030950718456109,-0.9467344300087024,0.2476026515213585,0.0018273934975917,44,1,0,2023-02-01,2023
2023-02,-0.1055711608431932,0.08715431266149937,0.8178506500482184,0.6630282029409598,-1.030950718456109,-0.9467344300087024,0.2476026515213585,0.0018273934975917,44,0,0,2023-02-01,2023
2023-02,-0.2052742256845447,-0.2784167430844755,0.8178506500482184,0.6630282029409598,-1.030950718456109,-0.9467344300087024,0.2476026515213585,0.0018273934975917,46,0,0,2023-02-01,2023
2023-02,-0.20495026316542916,-0.26992390933641874,0.8178506500482184,0.6630282029409598,-1.030950718456109,-0.9467344300087024,0.2476026515213585,0.0018273934975917,46,1,0,2023-02-01,2023
2023-02,-0.20531202131177484,-0.27957654203723636,0.8178506500482184,0.6630282029409598,-1.030950718456109,-0.9467344300087024,0.2476026515213585,0.0018273934975917,48,0,0,2023-02-01,2023
2023-02,-0.20090793084357644,-0.2645510573534143,0.8178506500482184,0.6630282029409598,-1.030950718456109,-0.9467344300087024,0.2476026515213585,0.0018273934975917,48,1,0,2023-02-01,2023
2023-02,-0.20332145161098716,-0.2770703139208515,0.8178506500482184,0.6630282029409598,-1.030950718456109,-0.9467344300087024,0.2476026515213585,0.0018273934975917,49,0,0,2023-02-01,2023
2023-02,-0.20162784755272206,-0.2752255991696979,0.8178506500482184,0.6630282029409598,-1.030950718456109,-0.9467344300087024,0.2476026515213585,0.0018273934975917,49,1,0,2023-02-01,2023
2023-02,-0.20512124338385124,-0.279113392357903,0.8178506500482184,0.6630282029409598,-1.030950718456109,-0.9467344300087024,0.2476026515213585,0.0018273934975917,50,1,0,2023-02-01,2023
2023-02,-0.20028160330661973,-0.2739687538836489,0.8178506500482184,0.6630282029409598,-1.030950718456109,-0.9467344300087024,0.2476026515213585,0.0018273934975917,51,0,0,2023-02-01,2023
2023-02,-0.05953968646042148,-0.2313131849824236,0.8178506500482184,0.6630282029409598,-1.030950718456109,-0.9467344300087024,0.2476026515213585,0.0018273934975917,51,1,0,2023-02-01,2023
2023-02,-0.20524542901617887,-0.2783697919798275,0.8178506500482184,0.6630282029409598,-1.030950718456109,-0.9467344300087024,0.2476026515213585,0.0018273934975917,52,1,0,2023-02-01,2023
2023-02,-0.2053084217282291,-0.27928542024188086,0.8178506500482184,0.6630282029409598,-1.030950718456109,-0.9467344300087024,0.2476026515213585,0.0018273934975917,52,0,0,2023-02-01,2023
2023-02,-0.20509964588257687,-0.12359554432567599,0.8178506500482184,0.6630282029409598,-1.030950718456109,-0.9467344300087024,0.2476026515213585,0.0018273934975917,53,1,0,2023-02-01,2023
2023-02,-0.06775933548709173,-0.14883986209652544,0.8178506500482184,0.6630282029409598,-1.030950718456109,-0.9467344300087024,0.2476026515213585,0.0018273934975917,60,0,0,2023-02-01,2023
2023-02,-0.20528502443518187,-0.27945004588592653,0.8178506500482184,0.6630282029409598,-1.030950718456109,-0.9467344300087024,0.2476026515213585,0.0018273934975917,61,1,0,2023-02-01,2023
2023-02,-0.19663342538302425,-0.2766340979001207,0.8178506500482184,0.6630282029409598,-1.030950718456109,-0.9467344300087024,0.2476026515213585,0.0018273934975917,67,1,0,2023-02-01,2023
2023-02,-0.20080174312897744,-0.2750079836383983,0.8178506500482184,0.6630282029409598,-1.030950718456109,-0.9467344300087024,0.2476026515213585,0.0018273934975917,67,0,0,2023-02-01,2023
2023-02,-0.20529042381050047,-0.18188282458676955,0.8178506500482184,0.6630282029409598,-1.030950718456109,-0.9467344300087024,0.2476026515213585,0.0018273934975917,68,1,0,2023-02-01,2023
2023-02,-0.19864379279331343,-0.17126544045000838,0.8178506500482184,0.6630282029409598,-1.030950718456109,-0.9467344300087024,0.2476026515213585,0.0018273934975917,72,1,0,2023-02-01,2023
2023-02,-0.2051536396357628,-0.2795331350614112,0.8178506500482184,0.6630282029409598,-1.030950718456109,-0.9467344300087024,0.2476026515213585,0.0018273934975917,77,0,0,2023-02-01,2023
2023-02,-0.20482967711664726,-0.2794421318118562,0.8178506500482184,0.6630282029409598,-1.030950718456109,-0.9467344300087024,0.2476026515213585,0.0018273934975917,77,1,0,2023-02-01,2023
2023-02,-0.1970419781154644,-0.26982468233163404,0.8178506500482184,0.6630282029409598,-1.030950718456109,-0.9467344300087024,0.2476026515213585,0.0018273934975917,78,1,0,2023-02-01,2023
2023-02,-0.20389198560298508,-0.27789611744220594,0.8178506500482184,0.6630282029409598,-1.030950718456109,-0.9467344300087024,0.2476026515213585,0.0018273934975917,78,0,0,2023-02-01,2023
2023-02,-0.12457696196463791,-0.16464693901508817,0.8178506500482184,0.6630282029409598,-1.030950718456109,-0.9467344300087024,0.2476026515213585,0.0018273934975917,79,0,0,2023-02-01,2023
2023-02,0.3350682593235739,0.15347082537295906,0.8178506500482184,0.6630282029409598,-1.030950718456109,-0.9467344300087024,0.2476026515213585,0.0018273934975917,79,1,0,2023-02-01,2023
2023-02,-0.16311590319697647,-0.2684764251889449,0.8178506500482184,0.6630282029409598,-1.030950718456109,-0.9467344300087024,0.2476026515213585,0.0018273934975917,80,0,0,2023-02-01,2023
2023-02,0.0022363663513652286,-0.2323681783684056,0.8178506500482184,0.6630282029409598,-1.030950718456109,-0.9467344300087024,0.2476026515213585,0.0018273934975917,80,1,0,2023-02-01,2023
2023-02,-0.1986347938344491,-0.27678156634771706,0.8178506500482184,0.6630282029409598,-1.030950718456109,-0.9467344300087024,0.2476026515213585,0.0018273934975917,81,0,0,2023-02-01,2023
2023-02,-0.2001178222552891,-0.268146597549807,0.8178506500482184,0.6630282029409598,-1.030950718456109,-0.9467344300087024,0.2476026515213585,0.0018273934975917,81,1,0,2023-02-01,2023
2023-02,-0.2051338419262613,-0.211117551838852,0.8178506500482184,0.6630282029409598,-1.030950718456109,-0.9467344300087024,0.2476026515213585,0.0018273934975917,84,1,0,2023-02-01,2023
2023-02,-0.20437972917343125,-0.2784789416850907,0.8178506500482184,0.6630282029409598,-1.030950718456109,-0.9467344300087024,0.2476026515213585,0.0018273934975917,86,1,0,2023-02-01,2023
2023-02,-0.19394273668259243,-0.2602494355116177,0.8178506500482184,0.6630282029409598,-1.030950718456109,-0.9467344300087024,0.2476026515213585,0.0018273934975917,87,1,0,2023-02-01,2023
2023-02,-0.20195001028006473,-0.2741165793248039,0.8178506500482184,0.6630282029409598,-1.030950718456109,-0.9467344300087024,0.2476026515213585,0.0018273934975917,87,0,0,2023-02-01,2023
2023-02,6.187469165063434,5.823952811362792,0.8178506500482184,0.6630282029409598,-1.030950718456109,-0.9467344300087024,0.2476026515213585,0.0018273934975917,88,1,0,2023-02-01,2023
2023-02,3.656992528876675,2.2038483742294526,0.8178506500482184,0.6630282029409598,-1.030950718456109,-0.9467344300087024,0.2476026515213585,0.0018273934975917,88,0,0,2023-02-01,2023
2023-02,-0.19436208816566977,-0.17791581753869795,0.8178506500482184,0.6630282029409598,-1.030950718456109,-0.9467344300087024,0.2476026515213585,0.0018273934975917,89,1,0,2023-02-01,2023
2023-02,0.50710315572456,0.6624008597317039,0.8178506500482184,0.6630282029409598,-1.030950718456109,-0.9467344300087024,0.2476026515213585,0.0018273934975917,89,0,0,2023-02-01,2023
2023-02,0.19544221337655143,1.1671682201632416,0.8178506500482184,0.6630282029409598,-1.030950718456109,-0.9467344300087024,0.2476026515213585,0.0018273934975917,90,0,0,2023-02-01,2023
2023-02,-0.203575222250961,-0.27322874494679555,0.8178506500482184,0.6630282029409598,-1.030950718456109,-0.9467344300087024,0.2476026515213585,0.0018273934975917,90,1,0,2023-02-01,2023
2023-02,-0.20518243630412863,-0.27933678000192136,0.8178506500482184,0.6630282029409598,-1.030950718456109,-0.9467344300087024,0.2476026515213585,0.0018273934975917,93,0,0,2023-02-01,2023
2023-02,-0.20506005046357387,-0.22234080135697346,0.8178506500482184,0.6630282029409598,-1.030950718456109,-0.9467344300087024,0.2476026515213585,0.0018273934975917,93,1,0,2023-02-01,2023
2023-02,-0.20261593323602445,-0.2734437367904957,0.8178506500482184,0.6630282029409598,-1.030950718456109,-0.9467344300087024,0.2476026515213585,0.0018273934975917,94,0,0,2023-02-01,2023
2023-02,-0.2038199939320705,0.28685604482612387,0.8178506500482184,0.6630282029409598,-1.030950718456109,-0.9467344300087024,0.2476026515213585,0.0018273934975917,94,1,0,2023-02-01,2023
2023-02,-0.20531202131177484,-0.27958264963787766,0.8178506500482184,0.6630282029409598,-1.030950718456109,-0.9467344300087024,0.2476026515213585,0.0018273934975917,97,0,0,2023-02-01,2023
2023-02,-0.2020417996604808,-0.27701825307707545,0.8178506500482184,0.6630282029409598,-1.030950718456109,-0.9467344300087024,0.2476026515213585,0.0018273934975917,97,1,0,2023-02-01,2023
2023-02,-0.06772333965163446,0.6786075758851852,0.8178506500482184,0.6630282029409598,-1.030950718456109,-0.9467344300087024,0.2476026515213585,0.0018273934975917,98,1,0,2023-02-01,2023
2023-02,-0.1705310453011765,-0.21851887563089548,0.8178506500482184,0.6630282029409598,-1.030950718456109,-0.9467344300087024,0.2476026515213585,0.0018273934975917,98,0,0,2023-02-01,2023
2023-02,-0.15284989092455975,-0.2291312919657266,0.8178506500482184,0.6630282029409598,-1.030950718456109,-0.9467344300087024,0.2476026515213585,0.0018273934975917,100,1,0,2023-02-01,2023
2023-02,-0.1974127352206744,-0.26666836034276614,0.8178506500482184,0.6630282029409598,-1.030950718456109,-0.9467344300087024,0.2476026515213585,0.0018273934975917,100,0,0,2023-02-01,2023
2023-02,0.26891151333663604,0.0464677395822232,0.8178506500482184,0.6630282029409598,-1.030950718456109,-0.9467344300087024,0.2476026515213585,0.0018273934975917,101,0,0,2023-02-01,2023
2023-02,1.0681936402902557,0.577010512370514,0.8178506500482184,0.6630282029409598,-1.030950718456109,-0.9467344300087024,0.2476026515213585,0.0018273934975917,101,1,0,2023-02-01,2023
2023-03,-0.1863134193574216,-0.2706244296243372,0.8178506500482184,0.6630282029409598,-0.9171352117752003,-0.871178037454463,0.8707027943660708,0.0020704972131058,0,0,0,2023-03-01,2023
2023-03,-0.13658517267318707,-0.2289202829658249,0.8178506500482184,0.6630282029409598,-0.9171352117752003,-0.871178037454463,0.8707027943660708,0.0020704972131058,0,1,0,2023-03-01,2023
2023-03,-0.20186542006674013,-0.19056929078079088,0.8178506500482184,0.6630282029409598,-0.9171352117752003,-0.871178037454463,0.8707027943660708,0.0020704972131058,1,1,0,2023-03-01,2023
2023-03,-0.205283224643409,-0.27929591069115134,0.8178506500482184,0.6630282029409598,-0.9171352117752003,-0.871178037454463,0.8707027943660708,0.0020704972131058,1,0,0,2023-03-01,2023
2023-03,-0.20270592282466765,-0.26464848648702427,0.8178506500482184,0.6630282029409598,-0.9171352117752003,-0.871178037454463,0.8707027943660708,0.0020704972131058,2,1,0,2023-03-01,2023
2023-03,-0.20439592729938702,-0.2749014748252434,0.8178506500482184,0.6630282029409598,-0.9171352117752003,-0.871178037454463,0.8707027943660708,0.0020704972131058,2,0,0,2023-03-01,2023
2023-03,-0.20529222360227334,-0.27937305570882875,0.8178506500482184,0.6630282029409598,-0.9171352117752003,-0.871178037454463,0.8707027943660708,0.0020704972131058,3,1,0,2023-03-01,2023
2023-03,-0.1914644234113586,-0.21617934200074534,0.8178506500482184,0.6630282029409598,-0.9171352117752003,-0.871178037454463,0.8707027943660708,0.0020704972131058,5,0,0,2023-03-01,2023
2023-03,-0.10377676844564772,0.27836312505552285,0.8178506500482184,0.6630282029409598,-0.9171352117752003,-0.871178037454463,0.8707027943660708,0.0020704972131058,5,1,0,2023-03-01,2023
2023-03,-0.20486927253565027,-0.27390505418963673,0.8178506500482184,0.6630282029409598,-0.9171352117752003,-0.871178037454463,0.8707027943660708,0.0020704972131058,6,0,0,2023-03-01,2023
2023-03,-0.20520763338894873,-0.27743499359378954,0.8178506500482184,0.6630282029409598,-0.9171352117752003,-0.871178037454463,0.8707027943660708,0.0020704972131058,6,1,0,2023-03-01,2023
2023-03,-0.2052940233940462,-0.27956032678764653,0.8178506500482184,0.6630282029409598,-0.9171352117752003,-0.871178037454463,0.8707027943660708,0.0020704972131058,8,0,0,2023-03-01,2023
2023-03,-0.2036850095491057,-0.2767351313783345,0.8178506500482184,0.6630282029409598,-0.9171352117752003,-0.871178037454463,0.8707027943660708,0.0020704972131058,8,1,0,2023-03-01,2023
2023-03,-0.2047234894020483,-0.27384118675166325,0.8178506500482184,0.6630282029409598,-0.9171352117752003,-0.871178037454463,0.8707027943660708,0.0020704972131058,9,0,0,2023-03-01,2023
2023-03,-0.2043725300063398,-0.26571673164594695,0.8178506500482184,0.6630282029409598,-0.9171352117752003,-0.871178037454463,0.8707027943660708,0.0020704972131058,9,1,0,2023-03-01,2023
2023-03,-0.20142447108238842,-0.27123121544692086,0.8178506500482184,0.6630282029409598,-0.9171352117752003,-0.871178037454463,0.8707027943660708,0.0020704972131058,12,1,0,2023-03-01,2023
2023-03,-0.2049736604584764,-0.27867018270432525,0.8178506500482184,0.6630282029409598,-0.9171352117752003,-0.871178037454463,0.8707027943660708,0.0020704972131058,12,0,0,2023-03-01,2023
2023-03,-0.2043671306310212,-0.27936937824506236,0.8178506500482184,0.6630282029409598,-0.9171352117752003,-0.871178037454463,0.8707027943660708,0.0020704972131058,13,1,0,2023-03-01,2023
2023-03,-0.2051680379699457,-0.2795513589374091,0.8178506500482184,0.6630282029409598,-0.9171352117752003,-0.871178037454463,0.8707027943660708,0.0020704972131058,13,0,0,2023-03-01,2023
2023-03,-0.2053138211035477,-0.2795780044204885,0.8178506500482184,0.6630282029409598,-0.9171352117752003,-0.871178037454463,0.8707027943660708,0.0020704972131058,15,0,0,2023-03-01,2023
2023-03,-0.2052490285997246,-0.27931335606312385,0.8178506500482184,0.6630282029409598,-0.9171352117752003,-0.871178037454463,0.8707027943660708,0.0020704972131058,15,1,0,2023-03-01,2023
2023-03,-0.2052994227693648,-0.2795741119003615,0.8178506500482184,0.6630282029409598,-0.9171352117752003,-0.871178037454463,0.8707027943660708,0.0020704972131058,18,0,0,2023-03-01,2023
2023-03,-0.203350248279353,-0.278861832330645,0.8178506500482184,0.6630282029409598,-0.9171352117752003,-0.871178037454463,0.8707027943660708,0.0020704972131058,18,1,0,2023-03-01,2023
2023-03,-0.2045885050190835,-0.26443489681079524,0.8178506500482184,0.6630282029409598,-0.9171352117752003,-0.871178037454463,0.8707027943660708,0.0020704972131058,19,1,0,2023-03-01,2023
2023-03,-0.20526162714213464,-0.2768672189950202,0.8178506500482184,0.6630282029409598,-0.9171352117752003,-0.871178037454463,0.8707027943660708,0.0020704972131058,19,0,0,2023-03-01,2023
2023-03,-0.2053138211035477,-0.2795618751934429,0.8178506500482184,0.6630282029409598,-0.9171352117752003,-0.871178037454463,0.8707027943660708,0.0020704972131058,21,0,0,2023-03-01,2023
2023-03,-0.2053138211035477,-0.279579939927734,0.8178506500482184,0.6630282029409598,-0.9171352117752003,-0.871178037454463,0.8707027943660708,0.0020704972131058,21,1,0,2023-03-01,2023
2023-03,-0.20509964588257687,0.794766182996938,0.8178506500482184,0.6630282029409598,-0.9171352117752003,-0.871178037454463,0.8707027943660708,0.0020704972131058,24,1,0,2023-03-01,2023
2023-03,-0.20528142485163614,-0.27638445187447214,0.8178506500482184,0.6630282029409598,-0.9171352117752003,-0.871178037454463,0.8707027943660708,0.0020704972131058,27,1,0,2023-03-01,2023
2023-03,-0.20452011293171465,-0.2795084121821957,0.8178506500482184,0.6630282029409598,-0.9171352117752003,-0.871178037454463,0.8707027943660708,0.0020704972131058,28,0,0,2023-03-01,2023
2023-03,-0.20358422120982533,-0.27941426050752133,0.8178506500482184,0.6630282029409598,-0.9171352117752003,-0.871178037454463,0.8707027943660708,0.0020704972131058,28,1,0,2023-03-01,2023
2023-03,-0.2021569863339441,-0.2682139962132217,0.8178506500482184,0.6630282029409598,-0.9171352117752003,-0.871178037454463,0.8707027943660708,0.0020704972131058,30,1,0,2023-03-01,2023
2023-03,-0.20325125973184546,-0.2740828584874605,0.8178506500482184,0.6630282029409598,-0.9171352117752003,-0.871178037454463,0.8707027943660708,0.0020704972131058,30,0,0,2023-03-01,2023
2023-03,-0.20528142485163614,-0.2782903974726181,0.8178506500482184,0.6630282029409598,-0.9171352117752003,-0.871178037454463,0.8707027943660708,0.0020704972131058,36,1,0,2023-03-01,2023
2023-03,-0.20481167919891863,-0.2777901892812247,0.8178506500482184,0.6630282029409598,-0.9171352117752003,-0.871178037454463,0.8707027943660708,0.0020704972131058,37,1,0,2023-03-01,2023
2023-03,-0.1795048070806768,-0.18517772459328627,0.8178506500482184,0.6630282029409598,-0.9171352117752003,-0.871178037454463,0.8707027943660708,0.0020704972131058,37,0,0,2023-03-01,2023
2023-03,-0.19558774636299023,-0.2784514531810777,0.8178506500482184,0.6630282029409598,-0.9171352117752003,-0.871178037454463,0.8707027943660708,0.0020704972131058,39,1,0,2023-03-01,2023
2023-03,-0.1894360580833408,-0.2191729996595763,0.8178506500482184,0.6630282029409598,-0.9171352117752003,-0.871178037454463,0.8707027943660708,0.0020704972131058,41,0,0,2023-03-01,2023
2023-03,-0.20492506608060906,-0.2782977394967693,0.8178506500482184,0.6630282029409598,-0.9171352117752003,-0.871178037454463,0.8707027943660708,0.0020704972131058,41,1,0,2023-03-01,2023
2023-03,-0.10182939374740879,0.11970812945953975,0.8178506500482184,0.6630282029409598,-0.9171352117752003,-0.871178037454463,0.8707027943660708,0.0020704972131058,44,0,0,2023-03-01,2023
2023-03,0.0387757389240518,1.4386390169095717,0.8178506500482184,0.6630282029409598,-0.9171352117752003,-0.871178037454463,0.8707027943660708,0.0020704972131058,44,1,0,2023-03-01,2023
2023-03,-0.20488547066160606,-0.2704233992395677,0.8178506500482184,0.6630282029409598,-0.9171352117752003,-0.871178037454463,0.8707027943660708,0.0020704972131058,46,1,0,2023-03-01,2023
2023-03,-0.20526522672568037,-0.2782152782858576,0.8178506500482184,0.6630282029409598,-0.9171352117752003,-0.871178037454463,0.8707027943660708,0.0020704972131058,46,0,0,2023-03-01,2023
2023-03,-0.20092772855307794,-0.2621057762096258,0.8178506500482184,0.6630282029409598,-0.9171352117752003,-0.871178037454463,0.8707027943660708,0.0020704972131058,48,1,0,2023-03-01,2023
2023-03,-0.20531202131177484,-0.2795704774478672,0.8178506500482184,0.6630282029409598,-0.9171352117752003,-0.871178037454463,0.8707027943660708,0.0020704972131058,48,0,0,2023-03-01,2023
2023-03,-0.20417455291132475,-0.2779548235275248,0.8178506500482184,0.6630282029409598,-0.9171352117752003,-0.871178037454463,0.8707027943660708,0.0020704972131058,49,0,0,2023-03-01,2023
2023-03,-0.20333405015339723,-0.2749691100506548,0.8178506500482184,0.6630282029409598,-0.9171352117752003,-0.871178037454463,0.8707027943660708,0.0020704972131058,49,1,0,2023-03-01,2023
2023-03,-0.205097846090804,-0.27905917664939367,0.8178506500482184,0.6630282029409598,-0.9171352117752003,-0.871178037454463,0.8707027943660708,0.0020704972131058,50,1,0,2023-03-01,2023
2023-03,-0.01687382269290558,-0.23114008181664272,0.8178506500482184,0.6630282029409598,-0.9171352117752003,-0.871178037454463,0.8707027943660708,0.0020704972131058,51,1,0,2023-03-01,2023
2023-03,-0.20079814354543174,-0.27508022537105387,0.8178506500482184,0.6630282029409598,-0.9171352117752003,-0.871178037454463,0.8707027943660708,0.0020704972131058,51,0,0,2023-03-01,2023
2023-03,-0.20531022152000197,-0.2795347350807341,0.8178506500482184,0.6630282029409598,-0.9171352117752003,-0.871178037454463,0.8707027943660708,0.0020704972131058,52,0,0,2023-03-01,2023
2023-03,-0.20518243630412863,-0.27821611700566395,0.8178506500482184,0.6630282029409598,-0.9171352117752003,-0.871178037454463,0.8707027943660708,0.0020704972131058,52,1,0,2023-03-01,2023
2023-03,-0.2050492517129367,-0.0656849825925873,0.8178506500482184,0.6630282029409598,-0.9171352117752003,-0.871178037454463,0.8707027943660708,0.0020704972131058,53,1,0,2023-03-01,2023
2023-03,-0.0684630540702816,-0.1256532853053938,0.8178506500482184,0.6630282029409598,-0.9171352117752003,-0.871178037454463,0.8707027943660708,0.0020704972131058,60,0,0,2023-03-01,2023
2023-03,-0.2052346302655417,-0.27934901240771276,0.8178506500482184,0.6630282029409598,-0.9171352117752003,-0.871178037454463,0.8707027943660708,0.0020704972131058,61,1,0,2023-03-01,2023
2023-03,-0.19492902257412195,-0.2779163456434848,0.8178506500482184,0.6630282029409598,-0.9171352117752003,-0.871178037454463,0.8707027943660708,0.0020704972131058,67,1,0,2023-03-01,2023
2023-03,-0.19964267722725298,-0.27540926590391185,0.8178506500482184,0.6630282029409598,-0.9171352117752003,-0.871178037454463,0.8707027943660708,0.0020704972131058,67,0,0,2023-03-01,2023
2023-03,-0.2052796250598633,-0.20855792522812805,0.8178506500482184,0.6630282029409598,-0.9171352117752003,-0.871178037454463,0.8707027943660708,0.0020704972131058,68,1,0,2023-03-01,2023
2023-03,-0.1974523306396774,-0.12717517465251094,0.8178506500482184,0.6630282029409598,-0.9171352117752003,-0.871178037454463,0.8707027943660708,0.0020704972131058,72,1,0,2023-03-01,2023
2023-03,-0.20509244671548543,-0.27951416709040555,0.8178506500482184,0.6630282029409598,-0.9171352117752003,-0.871178037454463,0.8707027943660708,0.0020704972131058,77,0,0,2023-03-01,2023
2023-03,-0.2048440754508302,-0.27944671681346434,0.8178506500482184,0.6630282029409598,-0.9171352117752003,-0.871178037454463,0.8707027943660708,0.0020704972131058,77,1,0,2023-03-01,2023
2023-03,-0.1820245155626865,-0.2505181911087433,0.8178506500482184,0.6630282029409598,-0.9171352117752003,-0.871178037454463,0.8707027943660708,0.0020704972131058,78,1,0,2023-03-01,2023
2023-03,-0.20406476561318004,-0.2782093642359409,0.8178506500482184,0.6630282029409598,-0.9171352117752003,-0.871178037454463,0.8707027943660708,0.0020704972131058,78,0,0,2023-03-01,2023
2023-03,-0.15368139472362297,-0.19950849981205357,0.8178506500482184,0.6630282029409598,-0.9171352117752003,-0.871178037454463,0.8707027943660708,0.0020704972131058,79,0,0,2023-03-01,2023
2023-03,0.15570101123993968,0.058411199948640406,0.8178506500482184,0.6630282029409598,-0.9171352117752003,-0.871178037454463,0.8707027943660708,0.0020704972131058,79,1,0,2023-03-01,2023
2023-03,-0.16884823999354856,-0.27238882512593077,0.8178506500482184,0.6630282029409598,-0.9171352117752003,-0.871178037454463,0.8707027943660708,0.0020704972131058,80,0,0,2023-03-01,2023
2023-03,-0.030257074315922887,-0.24623865125405398,0.8178506500482184,0.6630282029409598,-0.9171352117752003,-0.871178037454463,0.8707027943660708,0.0020704972131058,80,1,0,2023-03-01,2023
2023-03,-0.1966208268406142,-0.27587613605828376,0.8178506500482184,0.6630282029409598,-0.9171352117752003,-0.871178037454463,0.8707027943660708,0.0020704972131058,81,0,0,2023-03-01,2023
2023-03,-0.19972366785703188,-0.26829941659965534,0.8178506500482184,0.6630282029409598,-0.9171352117752003,-0.871178037454463,0.8707027943660708,0.0020704972131058,81,1,0,2023-03-01,2023
2023-03,-0.20507084921421107,-0.2163583377108069,0.8178506500482184,0.6630282029409598,-0.9171352117752003,-0.871178037454463,0.8707027943660708,0.0020704972131058,84,1,0,2023-03-01,2023
2023-03,-0.2053084217282291,-0.27958024100663886,0.8178506500482184,0.6630282029409598,-0.9171352117752003,-0.871178037454463,0.8707027943660708,0.0020704972131058,86,0,0,2023-03-01,2023
2023-03,-0.2044733183456202,-0.27854652099584826,0.8178506500482184,0.6630282029409598,-0.9171352117752003,-0.871178037454463,0.8707027943660708,0.0020704972131058,86,1,0,2023-03-01,2023
2023-03,-0.1915292159151817,-0.2553176383174577,0.8178506500482184,0.6630282029409598,-0.9171352117752003,-0.871178037454463,0.8707027943660708,0.0020704972131058,87,1,0,2023-03-01,2023
2023-03,-0.20159365150903766,-0.2724073027684342,0.8178506500482184,0.6630282029409598,-0.9171352117752003,-0.871178037454463,0.8707027943660708,0.0020704972131058,87,0,0,2023-03-01,2023
2023-03,4.012957145505506,2.3433051078665845,0.8178506500482184,0.6630282029409598,-0.9171352117752003,-0.871178037454463,0.8707027943660708,0.0020704972131058,88,0,0,2023-03-01,2023
2023-03,6.726627387085008,6.313649951086374,0.8178506500482184,0.6630282029409598,-0.9171352117752003,-0.871178037454463,0.8707027943660708,0.0020704972131058,88,1,0,2023-03-01,2023
2023-03,0.5796977568830327,0.8435703508840271,0.8178506500482184,0.6630282029409598,-0.9171352117752003,-0.871178037454463,0.8707027943660708,0.0020704972131058,89,0,0,2023-03-01,2023
2023-03,-0.19306083871388904,-0.17984404297580298,0.8178506500482184,0.6630282029409598,-0.9171352117752003,-0.871178037454463,0.8707027943660708,0.0020704972131058,89,1,0,2023-03-01,2023
2023-03,-0.2035050303718193,-0.2718878771406569,0.8178506500482184,0.6630282029409598,-0.9171352117752003,-0.871178037454463,0.8707027943660708,0.0020704972131058,90,1,0,2023-03-01,2023
2023-03,0.23870380822088533,1.2894785488792142,0.8178506500482184,0.6630282029409598,-0.9171352117752003,-0.871178037454463,0.8707027943660708,0.0020704972131058,90,0,0,2023-03-01,2023
2023-03,-0.204979059833795,-0.17174160103915856,0.8178506500482184,0.6630282029409598,-0.9171352117752003,-0.871178037454463,0.8707027943660708,0.0020704972131058,93,1,0,2023-03-01,2023
2023-03,-0.20517163755349144,-0.2793099065590997,0.8178506500482184,0.6630282029409598,-0.9171352117752003,-0.871178037454463,0.8707027943660708,0.0020704972131058,93,0,0,2023-03-01,2023
2023-03,-0.2036760105902414,0.17513060953195167,0.8178506500482184,0.6630282029409598,-0.9171352117752003,-0.871178037454463,0.8707027943660708,0.0020704972131058,94,1,0,2023-03-01,2023
2023-03,-0.2026285317784345,-0.2734085535699002,0.8178506500482184,0.6630282029409598,-0.9171352117752003,-0.871178037454463,0.8707027943660708,0.0020704972131058,94,0,0,2023-03-01,2023
2023-03,-0.20413495749232174,-0.27827441448389767,0.8178506500482184,0.6630282029409598,-0.9171352117752003,-0.871178037454463,0.8707027943660708,0.0020704972131058,97,1,0,2023-03-01,2023
2023-03,-0.17005770006491322,-0.21464737511257007,0.8178506500482184,0.6630282029409598,-0.9171352117752003,-0.871178037454463,0.8707027943660708,0.0020704972131058,98,0,0,2023-03-01,2023
2023-03,-0.06793751487260528,0.8452941222391017,0.8178506500482184,0.6630282029409598,-0.9171352117752003,-0.871178037454463,0.8707027943660708,0.0020704972131058,98,1,0,2023-03-01,2023
2023-03,-0.19929891699863594,-0.27024430030245306,0.8178506500482184,0.6630282029409598,-0.9171352117752003,-0.871178037454463,0.8707027943660708,0.0020704972131058,100,0,0,2023-03-01,2023
2023-03,-0.15628929300250302,-0.2304613123290362,0.8178506500482184,0.6630282029409598,-0.9171352117752003,-0.871178037454463,0.8707027943660708,0.0020704972131058,100,1,0,2023-03-01,2023
2023-03,1.1086367612182846,0.512397418080161,0.8178506500482184,0.6630282029409598,-0.9171352117752003,-0.871178037454463,0.8707027943660708,0.0020704972131058,101,1,0,2023-03-01,2023
2023-03,0.2915168980038089,0.013807861288257981,0.8178506500482184,0.6630282029409598,-0.9171352117752003,-0.871178037454463,0.8707027943660708,0.0020704972131058,101,0,0,2023-03-01,2023
2023-04,-0.1836281300323084,-0.26915176667816326,0.9866700263193396,-0.3945101656182848,-0.9017523968545431,-0.9036740365156166,0.6731841216342502,0.0019479267266392,0,0,0,2023-04-01,2023
2023-04,-0.1381905869345818,-0.22847426037505036,0.9866700263193396,-0.3945101656182848,-0.9017523968545431,-0.9036740365156166,0.6731841216342502,0.0019479267266392,0,1,0,2023-04-01,2023
2023-04,-0.2028697038759983,-0.20271179441120554,0.9866700263193396,-0.3945101656182848,-0.9017523968545431,-0.9036740365156166,0.6731841216342502,0.0019479267266392,1,1,0,2023-04-01,2023
2023-04,-0.20524002964086027,-0.27887146685560027,0.9866700263193396,-0.3945101656182848,-0.9017523968545431,-0.9036740365156166,0.6731841216342502,0.0019479267266392,1,0,0,2023-04-01,2023
2023-04,-0.20274731803544352,-0.26392246051473767,0.9866700263193396,-0.3945101656182848,-0.9017523968545431,-0.9036740365156166,0.6731841216342502,0.0019479267266392,2,1,0,2023-04-01,2023
2023-04,-0.20436533083924835,-0.2750445131118113,0.9866700263193396,-0.3945101656182848,-0.9017523968545431,-0.9036740365156166,0.6731841216342502,0.0019479267266392,2,0,0,2023-04-01,2023
2023-04,-0.2052742256845447,-0.2781757466256506,0.9866700263193396,-0.3945101656182848,-0.9017523968545431,-0.9036740365156166,0.6731841216342502,0.0019479267266392,3,1,0,2023-04-01,2023
2023-04,-0.20529582318581907,-0.2795061540904093,0.9866700263193396,-0.3945101656182848,-0.9017523968545431,-0.9036740365156166,0.6731841216342502,0.0019479267266392,3,0,0,2023-04-01,2023
2023-04,-0.09255506674184018,0.4218872153397135,0.9866700263193396,-0.3945101656182848,-0.9017523968545431,-0.9036740365156166,0.6731841216342502,0.0019479267266392,5,1,0,2023-04-01,2023
2023-04,-0.18854516115577308,-0.18278310212580268,0.9866700263193396,-0.3945101656182848,-0.9017523968545431,-0.9036740365156166,0.6731841216342502,0.0019479267266392,5,0,0,2023-04-01,2023
2023-04,-0.2052130327642673,-0.27763735732799477,0.9866700263193396,-0.3945101656182848,-0.9017523968545431,-0.9036740365156166,0.6731841216342502,0.0019479267266392,6,1,0,2023-04-01,2023
2023-04,-0.20484587524260306,-0.27327606594838383,0.9866700263193396,-0.3945101656182848,-0.9017523968545431,-0.9036740365156166,0.6731841216342502,0.0019479267266392,6,0,0,2023-04-01,2023
2023-04,-0.20367241100669567,-0.2754906862420382,0.9866700263193396,-0.3945101656182848,-0.9017523968545431,-0.9036740365156166,0.6731841216342502,0.0019479267266392,8,1,0,2023-04-01,2023
2023-04,-0.20448951647157596,-0.2669154084875786,0.9866700263193396,-0.3945101656182848,-0.9017523968545431,-0.9036740365156166,0.6731841216342502,0.0019479267266392,9,1,0,2023-04-01,2023
2023-04,-0.20479008169764426,-0.2747453998220955,0.9866700263193396,-0.3945101656182848,-0.9017523968545431,-0.9036740365156166,0.6731841216342502,0.0019479267266392,9,0,0,2023-04-01,2023
2023-04,-0.20085213729861764,-0.27042831542797124,0.9866700263193396,-0.3945101656182848,-0.9017523968545431,-0.9036740365156166,0.6731841216342502,0.0019479267266392,12,1,0,2023-04-01,2023
2023-04,-0.2046227010627679,-0.27778959142454224,0.9866700263193396,-0.3945101656182848,-0.9017523968545431,-0.9036740365156166,0.6731841216342502,0.0019479267266392,12,0,0,2023-04-01,2023
2023-04,-0.20515543942753567,-0.2795437674478797,0.9866700263193396,-0.3945101656182848,-0.9017523968545431,-0.9036740365156166,0.6731841216342502,0.0019479267266392,13,0,0,2023-04-01,2023
2023-04,-0.2045129137646232,-0.2793890774076941,0.9866700263193396,-0.3945101656182848,-0.9017523968545431,-0.9036740365156166,0.6731841216342502,0.0019479267266392,13,1,0,2023-04-01,2023
2023-04,-0.2052580275585889,-0.27930699039484985,0.9866700263193396,-0.3945101656182848,-0.9017523968545431,-0.9036740365156166,0.6731841216342502,0.0019479267266392,15,1,0,2023-04-01,2023
2023-04,-0.20523283047376883,-0.2795492986974745,0.9866700263193396,-0.3945101656182848,-0.9017523968545431,-0.9036740365156166,0.6731841216342502,0.0019479267266392,18,0,0,2023-04-01,2023
2023-04,-0.20146406650139143,-0.2780231082231452,0.9866700263193396,-0.3945101656182848,-0.9017523968545431,-0.9036740365156166,0.6731841216342502,0.0019479267266392,18,1,0,2023-04-01,2023
2023-04,-0.20474508690332266,-0.26725838467260404,0.9866700263193396,-0.3945101656182848,-0.9017523968545431,-0.9036740365156166,0.6731841216342502,0.0019479267266392,19,1,0,2023-04-01,2023
2023-04,-0.2053084217282291,-0.27934251770562235,0.9866700263193396,-0.3945101656182848,-0.9017523968545431,-0.9036740365156166,0.6731841216342502,0.0019479267266392,19,0,0,2023-04-01,2023
2023-04,-0.20531202131177484,-0.2795719828423915,0.9866700263193396,-0.3945101656182848,-0.9017523968545431,-0.9036740365156166,0.6731841216342502,0.0019479267266392,21,1,0,2023-04-01,2023
2023-04,-0.205097846090804,0.8533873941725298,0.9866700263193396,-0.3945101656182848,-0.9017523968545431,-0.9036740365156166,0.6731841216342502,0.0019479267266392,24,1,0,2023-04-01,2023
2023-04,-0.20530122256113767,-0.2781014532553148,0.9866700263193396,-0.3945101656182848,-0.9017523968545431,-0.9036740365156166,0.6731841216342502,0.0019479267266392,27,1,0,2023-04-01,2023
2023-04,-0.20380199601434187,-0.27943821778609307,0.9866700263193396,-0.3945101656182848,-0.9017523968545431,-0.9036740365156166,0.6731841216342502,0.0019479267266392,28,1,0,2023-04-01,2023
2023-04,-0.20461010252035786,-0.279511724050149,0.9866700263193396,-0.3945101656182848,-0.9017523968545431,-0.9036740365156166,0.6731841216342502,0.0019479267266392,28,0,0,2023-04-01,2023
2023-04,-0.20205079861934513,-0.2685732392613635,0.9866700263193396,-0.3945101656182848,-0.9017523968545431,-0.9036740365156166,0.6731841216342502,0.0019479267266392,30,1,0,2023-04-01,2023
2023-04,-0.2028643045006797,-0.2741644207627848,0.9866700263193396,-0.3945101656182848,-0.9017523968545431,-0.9036740365156166,0.6731841216342502,0.0019479267266392,30,0,0,2023-04-01,2023
2023-04,-0.2050132558774794,-0.2762312285186659,0.9866700263193396,-0.3945101656182848,-0.9017523968545431,-0.9036740365156166,0.6731841216342502,0.0019479267266392,36,1,0,2023-04-01,2023
2023-04,-0.20522563130667737,-0.2791659650358173,0.9866700263193396,-0.3945101656182848,-0.9017523968545431,-0.9036740365156166,0.6731841216342502,0.0019479267266392,36,0,0,2023-04-01,2023
2023-04,-0.18154217136755893,-0.19342407364419537,0.9866700263193396,-0.3945101656182848,-0.9017523968545431,-0.9036740365156166,0.6731841216342502,0.0019479267266392,37,0,0,2023-04-01,2023
2023-04,-0.20482067815778296,-0.2775858384262474,0.9866700263193396,-0.3945101656182848,-0.9017523968545431,-0.9036740365156166,0.6731841216342502,0.0019479267266392,37,1,0,2023-04-01,2023
2023-04,-0.19508920404190686,-0.27825454757730467,0.9866700263193396,-0.3945101656182848,-0.9017523968545431,-0.9036740365156166,0.6731841216342502,0.0019479267266392,39,1,0,2023-04-01,2023
2023-04,-0.19000839186711158,-0.22411139908400698,0.9866700263193396,-0.3945101656182848,-0.9017523968545431,-0.9036740365156166,0.6731841216342502,0.0019479267266392,41,0,0,2023-04-01,2023
2023-04,-0.20492686587238193,-0.2783448755498874,0.9866700263193396,-0.3945101656182848,-0.9017523968545431,-0.9036740365156166,0.6731841216342502,0.0019479267266392,41,1,0,2023-04-01,2023
2023-04,-0.08321774702422133,0.08784971030690812,0.9866700263193396,-0.3945101656182848,-0.9017523968545431,-0.9036740365156166,0.6731841216342502,0.0019479267266392,44,0,0,2023-04-01,2023
2023-04,0.03149918078636232,1.2592007294601457,0.9866700263193396,-0.3945101656182848,-0.9017523968545431,-0.9036740365156166,0.6731841216342502,0.0019479267266392,44,1,0,2023-04-01,2023
2023-04,-0.20491966670529047,-0.2722120014851114,0.9866700263193396,-0.3945101656182848,-0.9017523968545431,-0.9036740365156166,0.6731841216342502,0.0019479267266392,46,1,0,2023-04-01,2023
2023-04,-0.2052742256845447,-0.2785941645819774,0.9866700263193396,-0.3945101656182848,-0.9017523968545431,-0.9036740365156166,0.6731841216342502,0.0019479267266392,46,0,0,2023-04-01,2023
2023-04,-0.20054977228077647,-0.2616923991743916,0.9866700263193396,-0.3945101656182848,-0.9017523968545431,-0.9036740365156166,0.6731841216342502,0.0019479267266392,48,1,0,2023-04-01,2023
2023-04,-0.20196800819779337,-0.273323305228555,0.9866700263193396,-0.3945101656182848,-0.9017523968545431,-0.9036740365156166,0.6731841216342502,0.0019479267266392,49,1,0,2023-04-01,2023
2023-04,-0.20313247347483643,-0.2767951794153436,0.9866700263193396,-0.3945101656182848,-0.9017523968545431,-0.9036740365156166,0.6731841216342502,0.0019479267266392,49,0,0,2023-04-01,2023
2023-04,-0.20504205254584523,-0.2789415322178865,0.9866700263193396,-0.3945101656182848,-0.9017523968545431,-0.9036740365156166,0.6731841216342502,0.0019479267266392,50,1,0,2023-04-01,2023
2023-04,-0.02049320394813525,-0.22094746840110074,0.9866700263193396,-0.3945101656182848,-0.9017523968545431,-0.9036740365156166,0.6731841216342502,0.0019479267266392,51,1,0,2023-04-01,2023
2023-04,-0.19979565952794642,-0.27379590878550075,0.9866700263193396,-0.3945101656182848,-0.9017523968545431,-0.9036740365156166,0.6731841216342502,0.0019479267266392,51,0,0,2023-04-01,2023
2023-04,-0.20531202131177484,-0.2795549933899034,0.9866700263193396,-0.3945101656182848,-0.9017523968545431,-0.9036740365156166,0.6731841216342502,0.0019479267266392,52,0,0,2023-04-01,2023
2023-04,-0.20523283047376883,-0.2787568762244137,0.9866700263193396,-0.3945101656182848,-0.9017523968545431,-0.9036740365156166,0.6731841216342502,0.0019479267266392,52,1,0,2023-04-01,2023
2023-04,-0.2050636500471196,-0.1196433847687408,0.9866700263193396,-0.3945101656182848,-0.9017523968545431,-0.9036740365156166,0.6731841216342502,0.0019479267266392,53,1,0,2023-04-01,2023
2023-04,-0.06874562137862125,-0.1184802524423905,0.9866700263193396,-0.3945101656182848,-0.9017523968545431,-0.9036740365156166,0.6731841216342502,0.0019479267266392,60,0,0,2023-04-01,2023
2023-04,-0.205283224643409,-0.2793545608618164,0.9866700263193396,-0.3945101656182848,-0.9017523968545431,-0.9036740365156166,0.6731841216342502,0.0019479267266392,61,1,0,2023-04-01,2023
2023-04,-0.20103211647590405,-0.27432668078686384,0.9866700263193396,-0.3945101656182848,-0.9017523968545431,-0.9036740365156166,0.6731841216342502,0.0019479267266392,67,0,0,2023-04-01,2023
2023-04,-0.1978428854543889,-0.278356260633618,0.9866700263193396,-0.3945101656182848,-0.9017523968545431,-0.9036740365156166,0.6731841216342502,0.0019479267266392,67,1,0,2023-04-01,2023
2023-04,-0.20529042381050047,-0.208894161546812,0.9866700263193396,-0.3945101656182848,-0.9017523968545431,-0.9036740365156166,0.6731841216342502,0.0019479267266392,68,1,0,2023-04-01,2023
2023-04,-0.2006235637434639,-0.1904059081625095,0.9866700263193396,-0.3945101656182848,-0.9017523968545431,-0.9036740365156166,0.6731841216342502,0.0019479267266392,72,1,0,2023-04-01,2023
2023-04,-0.2048476750343759,-0.2794454909922089,0.9866700263193396,-0.3945101656182848,-0.9017523968545431,-0.9036740365156166,0.6731841216342502,0.0019479267266392,77,1,0,2023-04-01,2023
2023-04,-0.20511584400853267,-0.2795225542884693,0.9866700263193396,-0.3945101656182848,-0.9017523968545431,-0.9036740365156166,0.6731841216342502,0.0019479267266392,77,0,0,2023-04-01,2023
2023-04,-0.2036706112149228,-0.2774261461751141,0.9866700263193396,-0.3945101656182848,-0.9017523968545431,-0.9036740365156166,0.6731841216342502,0.0019479267266392,78,0,0,2023-04-01,2023
2023-04,-0.19329481164436138,-0.2656896904591641,0.9866700263193396,-0.3945101656182848,-0.9017523968545431,-0.9036740365156166,0.6731841216342502,0.0019479267266392,78,1,0,2023-04-01,2023
2023-04,-0.14713915162926203,-0.18148986500241154,0.9866700263193396,-0.3945101656182848,-0.9017523968545431,-0.9036740365156166,0.6731841216342502,0.0019479267266392,79,0,0,2023-04-01,2023
2023-04,0.12182173090754621,0.07508518626132427,0.9866700263193396,-0.3945101656182848,-0.9017523968545431,-0.9036740365156166,0.6731841216342502,0.0019479267266392,79,1,0,2023-04-01,2023
2023-04,-0.033599287638131484,-0.2472577001199239,0.9866700263193396,-0.3945101656182848,-0.9017523968545431,-0.9036740365156166,0.6731841216342502,0.0019479267266392,80,1,0,2023-04-01,2023
2023-04,-0.1627235485904921,-0.27086903042776594,0.9866700263193396,-0.3945101656182848,-0.9017523968545431,-0.9036740365156166,0.6731841216342502,0.0019479267266392,80,0,0,2023-04-01,2023
2023-04,-0.19737313980167137,-0.27614150270389287,0.9866700263193396,-0.3945101656182848,-0.9017523968545431,-0.9036740365156166,0.6731841216342502,0.0019479267266392,81,0,0,2023-04-01,2023
2023-04,-0.1998928482836811,-0.26600550502584464,0.9866700263193396,-0.3945101656182848,-0.9017523968545431,-0.9036740365156166,0.6731841216342502,0.0019479267266392,81,1,0,2023-04-01,2023
2023-04,-0.2051032454661226,-0.23627139539879352,0.9866700263193396,-0.3945101656182848,-0.9017523968545431,-0.9036740365156166,0.6731841216342502,0.0019479267266392,84,1,0,2023-04-01,2023
2023-04,-0.2043977270911599,-0.27840912148705554,0.9866700263193396,-0.3945101656182848,-0.9017523968545431,-0.9036740365156166,0.6731841216342502,0.0019479267266392,86,1,0,2023-04-01,2023
2023-04,-0.20531022152000197,-0.27958101520953704,0.9866700263193396,-0.3945101656182848,-0.9017523968545431,-0.9036740365156166,0.6731841216342502,0.0019479267266392,86,0,0,2023-04-01,2023
2023-04,-0.20088273375875634,-0.272280939952068,0.9866700263193396,-0.3945101656182848,-0.9017523968545431,-0.9036740365156166,0.6731841216342502,0.0019479267266392,87,0,0,2023-04-01,2023
2023-04,-0.19238771659083787,-0.25501203032565156,0.9866700263193396,-0.3945101656182848,-0.9017523968545431,-0.9036740365156166,0.6731841216342502,0.0019479267266392,87,1,0,2023-04-01,2023
2023-04,6.759896538006401,6.459913979836277,0.9866700263193396,-0.3945101656182848,-0.9017523968545431,-0.9036740365156166,0.6731841216342502,0.0019479267266392,88,1,0,2023-04-01,2023
2023-04,4.292858962229555,2.6515875964878766,0.9866700263193396,-0.3945101656182848,-0.9017523968545431,-0.9036740365156166,0.6731841216342502,0.0019479267266392,88,0,0,2023-04-01,2023
2023-04,-0.19499381507794505,-0.19849820804118762,0.9866700263193396,-0.3945101656182848,-0.9017523968545431,-0.9036740365156166,0.6731841216342502,0.0019479267266392,89,1,0,2023-04-01,2023
2023-04,0.38116992558548735,0.5388897466217657,0.9866700263193396,-0.3945101656182848,-0.9017523968545431,-0.9036740365156166,0.6731841216342502,0.0019479267266392,89,0,0,2023-04-01,2023
2023-04,0.17237788180729824,0.9474211706488561,0.9866700263193396,-0.3945101656182848,-0.9017523968545431,-0.9036740365156166,0.6731841216342502,0.0019479267266392,90,0,0,2023-04-01,2023
2023-04,-0.20380199601434187,-0.2732975199709181,0.9866700263193396,-0.3945101656182848,-0.9017523968545431,-0.9036740365156166,0.6731841216342502,0.0019479267266392,90,1,0,2023-04-01,2023
2023-04,-0.20516083880285427,-0.27920474829988945,0.9866700263193396,-0.3945101656182848,-0.9017523968545431,-0.9036740365156166,0.6731841216342502,0.0019479267266392,93,0,0,2023-04-01,2023
2023-04,-0.20505465108825527,-0.20763144092099117,0.9866700263193396,-0.3945101656182848,-0.9017523968545431,-0.9036740365156166,0.6731841216342502,0.0019479267266392,93,1,0,2023-04-01,2023
2023-04,-0.20371380621747154,0.03477850594193555,0.9866700263193396,-0.3945101656182848,-0.9017523968545431,-0.9036740365156166,0.6731841216342502,0.0019479267266392,94,1,0,2023-04-01,2023
2023-04,-0.20264472990439028,-0.27353840460043555,0.9866700263193396,-0.3945101656182848,-0.9017523968545431,-0.9036740365156166,0.6731841216342502,0.0019479267266392,94,0,0,2023-04-01,2023
2023-04,-0.2053138211035477,-0.27957821947684913,0.9866700263193396,-0.3945101656182848,-0.9017523968545431,-0.9036740365156166,0.6731841216342502,0.0019479267266392,95,0,0,2023-04-01,2023
2023-04,-0.2032494599400726,-0.2769801020787035,0.9866700263193396,-0.3945101656182848,-0.9017523968545431,-0.9036740365156166,0.6731841216342502,0.0019479267266392,97,1,0,2023-04-01,2023
2023-04,-0.2051788367205829,-0.27931572168309055,0.9866700263193396,-0.3945101656182848,-0.9017523968545431,-0.9036740365156166,0.6731841216342502,0.0019479267266392,97,0,0,2023-04-01,2023
2023-04,-0.16320769257739254,-0.21097496517064143,0.9866700263193396,-0.3945101656182848,-0.9017523968545431,-0.9036740365156166,0.6731841216342502,0.0019479267266392,98,0,0,2023-04-01,2023
2023-04,-0.07707505770343621,0.6979479771950167,0.9866700263193396,-0.3945101656182848,-0.9017523968545431,-0.9036740365156166,0.6731841216342502,0.0019479267266392,98,1,0,2023-04-01,2023
2023-04,-0.19579292262509673,-0.26674094186447145,0.9866700263193396,-0.3945101656182848,-0.9017523968545431,-0.9036740365156166,0.6731841216342502,0.0019479267266392,100,0,0,2023-04-01,2023
2023-04,-0.1426414719888747,-0.22390646757685606,0.9866700263193396,-0.3945101656182848,-0.9017523968545431,-0.9036740365156166,0.6731841216342502,0.0019479267266392,100,1,0,2023-04-01,2023
2023-04,0.3292045377275828,0.07279604463759187,0.9866700263193396,-0.3945101656182848,-0.9017523968545431,-0.9036740365156166,0.6731841216342502,0.0019479267266392,101,0,0,2023-04-01,2023
2023-04,1.1445246091691943,0.5911608510016038,0.9866700263193396,-0.3945101656182848,-0.9017523968545431,-0.9036740365156166,0.6731841216342502,0.0019479267266392,101,1,0,2023-04-01,2023
2023-05,-0.1376704471122241,-0.23074289422423513,0.9866700263193396,-0.3945101656182848,-0.913061310244357,-0.8532205340585647,1.4323074329169585,0.0023739800018885,0,1,0,2023-05-01,2023
2023-05,-0.18451902695987613,-0.2700254503476436,0.9866700263193396,-0.3945101656182848,-0.913061310244357,-0.8532205340585647,1.4323074329169585,0.0023739800018885,0,0,0,2023-05-01,2023
2023-05,-0.205283224643409,-0.2794118475751553,0.9866700263193396,-0.3945101656182848,-0.913061310244357,-0.8532205340585647,1.4323074329169585,0.0023739800018885,1,0,0,2023-05-01,2023
2023-05,-0.20429873854365235,-0.21807945096926443,0.9866700263193396,-0.3945101656182848,-0.913061310244357,-0.8532205340585647,1.4323074329169585,0.0023739800018885,1,1,0,2023-05-01,2023
2023-05,-0.2044175248006614,-0.27532191001023276,0.9866700263193396,-0.3945101656182848,-0.913061310244357,-0.8532205340585647,1.4323074329169585,0.0023739800018885,2,0,0,2023-05-01,2023
2023-05,-0.20271852136707771,-0.257239889488865,0.9866700263193396,-0.3945101656182848,-0.913061310244357,-0.8532205340585647,1.4323074329169585,0.0023739800018885,2,1,0,2023-05-01,2023
2023-05,-0.2052940233940462,-0.2795079476604567,0.9866700263193396,-0.3945101656182848,-0.913061310244357,-0.8532205340585647,1.4323074329169585,0.0023739800018885,3,0,0,2023-05-01,2023
2023-05,-0.2052634269339075,-0.2788833723757235,0.9866700263193396,-0.3945101656182848,-0.913061310244357,-0.8532205340585647,1.4323074329169585,0.0023739800018885,3,1,0,2023-05-01,2023
2023-05,-0.1285113067801188,0.2219011356550927,0.9866700263193396,-0.3945101656182848,-0.913061310244357,-0.8532205340585647,1.4323074329169585,0.0023739800018885,5,1,0,2023-05-01,2023
2023-05,-0.19349818811469502,-0.201351670458538,0.9866700263193396,-0.3945101656182848,-0.913061310244357,-0.8532205340585647,1.4323074329169585,0.0023739800018885,5,0,0,2023-05-01,2023
2023-05,-0.20520583359717587,-0.27759966655023455,0.9866700263193396,-0.3945101656182848,-0.913061310244357,-0.8532205340585647,1.4323074329169585,0.0023739800018885,6,1,0,2023-05-01,2023
2023-05,-0.20488007128628746,-0.2735686673315003,0.9866700263193396,-0.3945101656182848,-0.913061310244357,-0.8532205340585647,1.4323074329169585,0.0023739800018885,6,0,0,2023-05-01,2023
2023-05,-0.20339884265722033,-0.27461310575130365,0.9866700263193396,-0.3945101656182848,-0.913061310244357,-0.8532205340585647,1.4323074329169585,0.0023739800018885,8,1,0,2023-05-01,2023
2023-05,-0.20429693875187951,-0.2643364612134176,0.9866700263193396,-0.3945101656182848,-0.913061310244357,-0.8532205340585647,1.4323074329169585,0.0023739800018885,9,1,0,2023-05-01,2023
2023-05,-0.20468209419127242,-0.27293992425449853,0.9866700263193396,-0.3945101656182848,-0.913061310244357,-0.8532205340585647,1.4323074329169585,0.0023739800018885,9,0,0,2023-05-01,2023
2023-05,-0.20070635416501567,-0.27101259775298087,0.9866700263193396,-0.3945101656182848,-0.913061310244357,-0.8532205340585647,1.4323074329169585,0.0023739800018885,12,1,0,2023-05-01,2023
2023-05,-0.20475228607041412,-0.2782425001199834,0.9866700263193396,-0.3945101656182848,-0.913061310244357,-0.8532205340585647,1.4323074329169585,0.0023739800018885,12,0,0,2023-05-01,2023
2023-05,-0.20507264900598393,-0.2795278747828307,0.9866700263193396,-0.3945101656182848,-0.913061310244357,-0.8532205340585647,1.4323074329169585,0.0023739800018885,13,0,0,2023-05-01,2023
2023-05,-0.20452191272348752,-0.2793984108537445,0.9866700263193396,-0.3945101656182848,-0.913061310244357,-0.8532205340585647,1.4323074329169585,0.0023739800018885,13,1,0,2023-05-01,2023
2023-05,-0.20520223401363014,-0.2791259129392176,0.9866700263193396,-0.3945101656182848,-0.913061310244357,-0.8532205340585647,1.4323074329169585,0.0023739800018885,15,1,0,2023-05-01,2023
2023-05,-0.2053138211035477,-0.2795765850485085,0.9866700263193396,-0.3945101656182848,-0.913061310244357,-0.8532205340585647,1.4323074329169585,0.0023739800018885,15,0,0,2023-05-01,2023
2023-05,-0.20361661746173687,-0.27884057185883526,0.9866700263193396,-0.3945101656182848,-0.913061310244357,-0.8532205340585647,1.4323074329169585,0.0023739800018885,18,1,0,2023-05-01,2023
2023-05,-0.20527602547631757,-0.27957384523047435,0.9866700263193396,-0.3945101656182848,-0.913061310244357,-0.8532205340585647,1.4323074329169585,0.0023739800018885,18,0,0,2023-05-01,2023
2023-05,-0.2052886240187276,-0.2780070177062445,0.9866700263193396,-0.3945101656182848,-0.913061310244357,-0.8532205340585647,1.4323074329169585,0.0023739800018885,19,0,0,2023-05-01,2023
2023-05,-0.20472528919382116,-0.261579997816956,0.9866700263193396,-0.3945101656182848,-0.913061310244357,-0.8532205340585647,1.4323074329169585,0.0023739800018885,19,1,0,2023-05-01,2023
2023-05,-0.20506005046357387,1.2805356107706585,0.9866700263193396,-0.3945101656182848,-0.913061310244357,-0.8532205340585647,1.4323074329169585,0.0023739800018885,24,1,0,2023-05-01,2023
2023-05,-0.20528142485163614,-0.27597024472168596,0.9866700263193396,-0.3945101656182848,-0.913061310244357,-0.8532205340585647,1.4323074329169585,0.0023739800018885,27,1,0,2023-05-01,2023
2023-05,-0.20335384786289873,-0.2793952925365157,0.9866700263193396,-0.3945101656182848,-0.913061310244357,-0.8532205340585647,1.4323074329169585,0.0023739800018885,28,1,0,2023-05-01,2023
2023-05,-0.20444632146902722,-0.2795006701532138,0.9866700263193396,-0.3945101656182848,-0.913061310244357,-0.8532205340585647,1.4323074329169585,0.0023739800018885,28,0,0,2023-05-01,2023
2023-05,-0.20314687180901936,-0.2747329867689612,0.9866700263193396,-0.3945101656182848,-0.913061310244357,-0.8532205340585647,1.4323074329169585,0.0023739800018885,30,0,0,2023-05-01,2023
2023-05,-0.20233876530300338,-0.2686348658120595,0.9866700263193396,-0.3945101656182848,-0.913061310244357,-0.8532205340585647,1.4323074329169585,0.0023739800018885,30,1,0,2023-05-01,2023
2023-05,-0.2053138211035477,-0.2795618751934429,0.9866700263193396,-0.3945101656182848,-0.913061310244357,-0.8532205340585647,1.4323074329169585,0.0023739800018885,31,1,0,2023-05-01,2023
2023-05,-0.20527782526809044,-0.2788668947573737,0.9866700263193396,-0.3945101656182848,-0.913061310244357,-0.8532205340585647,1.4323074329169585,0.0023739800018885,31,0,0,2023-05-01,2023
2023-05,-0.2053138211035477,-0.27950854121601204,0.9866700263193396,-0.3945101656182848,-0.913061310244357,-0.8532205340585647,1.4323074329169585,0.0023739800018885,36,0,0,2023-05-01,2023
2023-05,-0.20200580382502353,-0.26371855267586325,0.9866700263193396,-0.3945101656182848,-0.913061310244357,-0.8532205340585647,1.4323074329169585,0.0023739800018885,36,1,0,2023-05-01,2023
2023-05,-0.1821541005703327,-0.20221256687681652,0.9866700263193396,-0.3945101656182848,-0.913061310244357,-0.8532205340585647,1.4323074329169585,0.0023739800018885,37,0,0,2023-05-01,2023
2023-05,-0.20486927253565027,-0.2782528443309287,0.9866700263193396,-0.3945101656182848,-0.913061310244357,-0.8532205340585647,1.4323074329169585,0.0023739800018885,37,1,0,2023-05-01,2023
2023-05,-0.1962536693189499,-0.2785736482051754,0.9866700263193396,-0.3945101656182848,-0.913061310244357,-0.8532205340585647,1.4323074329169585,0.0023739800018885,39,1,0,2023-05-01,2023
2023-05,-0.1914338269512199,-0.23058496113413157,0.9866700263193396,-0.3945101656182848,-0.913061310244357,-0.8532205340585647,1.4323074329169585,0.0023739800018885,41,0,0,2023-05-01,2023
2023-05,-0.20494126420656483,-0.2781743530604338,0.9866700263193396,-0.3945101656182848,-0.913061310244357,-0.8532205340585647,1.4323074329169585,0.0023739800018885,41,1,0,2023-05-01,2023
2023-05,-0.09385811598539377,0.08979524778104211,0.9866700263193396,-0.3945101656182848,-0.913061310244357,-0.8532205340585647,1.4323074329169585,0.0023739800018885,44,0,0,2023-05-01,2023
2023-05,0.035262545383421114,1.4678309995594196,0.9866700263193396,-0.3945101656182848,-0.913061310244357,-0.8532205340585647,1.4323074329169585,0.0023739800018885,44,1,0,2023-05-01,2023
2023-05,-0.20526702651745324,-0.2782422033422058,0.9866700263193396,-0.3945101656182848,-0.913061310244357,-0.8532205340585647,1.4323074329169585,0.0023739800018885,46,0,0,2023-05-01,2023
2023-05,-0.20488007128628746,-0.27021946129280283,0.9866700263193396,-0.3945101656182848,-0.913061310244357,-0.8532205340585647,1.4323074329169585,0.0023739800018885,46,1,0,2023-05-01,2023
2023-05,-0.20181862548064566,-0.26829751550142755,0.9866700263193396,-0.3945101656182848,-0.913061310244357,-0.8532205340585647,1.4323074329169585,0.0023739800018885,48,1,0,2023-05-01,2023
2023-05,-0.2031000772229249,-0.275848793792596,0.9866700263193396,-0.3945101656182848,-0.913061310244357,-0.8532205340585647,1.4323074329169585,0.0023739800018885,49,1,0,2023-05-01,2023
2023-05,-0.20415475520182325,-0.2780507257609745,0.9866700263193396,-0.3945101656182848,-0.913061310244357,-0.8532205340585647,1.4323074329169585,0.0023739800018885,49,0,0,2023-05-01,2023
2023-05,-0.2051788367205829,-0.27916618439330515,0.9866700263193396,-0.3945101656182848,-0.913061310244357,-0.8532205340585647,1.4323074329169585,0.0023739800018885,50,1,0,2023-05-01,2023
2023-05,-0.005875295168933183,-0.22726520061232855,0.9866700263193396,-0.3945101656182848,-0.913061310244357,-0.8532205340585647,1.4323074329169585,0.0023739800018885,51,1,0,2023-05-01,2023
2023-05,-0.20070815395678854,-0.2751153655803773,0.9866700263193396,-0.3945101656182848,-0.913061310244357,-0.8532205340585647,1.4323074329169585,0.0023739800018885,51,0,0,2023-05-01,2023
2023-05,-0.20521483255604017,-0.2786374339217318,0.9866700263193396,-0.3945101656182848,-0.913061310244357,-0.8532205340585647,1.4323074329169585,0.0023739800018885,52,1,0,2023-05-01,2023
2023-05,-0.2050636500471196,-0.07244819975368809,0.9866700263193396,-0.3945101656182848,-0.913061310244357,-0.8532205340585647,1.4323074329169585,0.0023739800018885,53,1,0,2023-05-01,2023
2023-05,-0.07097016400988126,-0.10545577256923047,0.9866700263193396,-0.3945101656182848,-0.913061310244357,-0.8532205340585647,1.4323074329169585,0.0023739800018885,60,0,0,2023-05-01,2023
2023-05,-0.2052940233940462,-0.2795175735831576,0.9866700263193396,-0.3945101656182848,-0.913061310244357,-0.8532205340585647,1.4323074329169585,0.0023739800018885,61,1,0,2023-05-01,2023
2023-05,-0.19991084620140973,-0.2751290345626575,0.9866700263193396,-0.3945101656182848,-0.913061310244357,-0.8532205340585647,1.4323074329169585,0.0023739800018885,67,0,0,2023-05-01,2023
2023-05,-0.19562194240667463,-0.2780781196401888,0.9866700263193396,-0.3945101656182848,-0.913061310244357,-0.8532205340585647,1.4323074329169585,0.0023739800018885,67,1,0,2023-05-01,2023
2023-05,-0.20527602547631757,-0.21098168353134686,0.9866700263193396,-0.3945101656182848,-0.913061310244357,-0.8532205340585647,1.4323074329169585,0.0023739800018885,68,1,0,2023-05-01,2023
2023-05,-0.19926472095495154,-0.16198297996157868,0.9866700263193396,-0.3945101656182848,-0.913061310244357,-0.8532205340585647,1.4323074329169585,0.0023739800018885,72,1,0,2023-05-01,2023
2023-05,-0.2051338419262613,-0.2795230704237347,0.9866700263193396,-0.3945101656182848,-0.913061310244357,-0.8532205340585647,1.4323074329169585,0.0023739800018885,77,0,0,2023-05-01,2023
2023-05,-0.204872872119196,-0.27945392980379913,0.9866700263193396,-0.3945101656182848,-0.913061310244357,-0.8532205340585647,1.4323074329169585,0.0023739800018885,77,1,0,2023-05-01,2023
2023-05,-0.19777989274233868,-0.27111963560478286,0.9866700263193396,-0.3945101656182848,-0.913061310244357,-0.8532205340585647,1.4323074329169585,0.0023739800018885,78,1,0,2023-05-01,2023
2023-05,-0.20427534125060512,-0.2782595067769803,0.9866700263193396,-0.3945101656182848,-0.913061310244357,-0.8532205340585647,1.4323074329169585,0.0023739800018885,78,0,0,2023-05-01,2023
2023-05,-0.1648383039236074,-0.21250213630197515,0.9866700263193396,-0.3945101656182848,-0.913061310244357,-0.8532205340585647,1.4323074329169585,0.0023739800018885,79,0,0,2023-05-01,2023
2023-05,-0.009820438735051248,-0.04558215917199984,0.9866700263193396,-0.3945101656182848,-0.913061310244357,-0.8532205340585647,1.4323074329169585,0.0023739800018885,79,1,0,2023-05-01,2023
2023-05,-0.04589366523856602,-0.2538980426788275,0.9866700263193396,-0.3945101656182848,-0.913061310244357,-0.8532205340585647,1.4323074329169585,0.0023739800018885,80,1,0,2023-05-01,2023
2023-05,-0.1679195474387507,-0.27342925489517234,0.9866700263193396,-0.3945101656182848,-0.913061310244357,-0.8532205340585647,1.4323074329169585,0.0023739800018885,80,0,0,2023-05-01,2023
2023-05,-0.1950622071653139,-0.2753013248153953,0.9866700263193396,-0.3945101656182848,-0.913061310244357,-0.8532205340585647,1.4323074329169585,0.0023739800018885,81,0,0,2023-05-01,2023
2023-05,-0.19889756343328727,-0.2632576395826802,0.9866700263193396,-0.3945101656182848,-0.913061310244357,-0.8532205340585647,1.4323074329169585,0.0023739800018885,81,1,0,2023-05-01,2023
2023-05,-0.2050492517129367,-0.2299085056529652,0.9866700263193396,-0.3945101656182848,-0.913061310244357,-0.8532205340585647,1.4323074329169585,0.0023739800018885,84,1,0,2023-05-01,2023
2023-05,-0.18977441893663924,-0.24967890355357866,0.9866700263193396,-0.3945101656182848,-0.913061310244357,-0.8532205340585647,1.4323074329169585,0.0023739800018885,87,1,0,2023-05-01,2023
2023-05,-0.20036979310349007,-0.26928825004685975,0.9866700263193396,-0.3945101656182848,-0.913061310244357,-0.8532205340585647,1.4323074329169585,0.0023739800018885,87,0,0,2023-05-01,2023
2023-05,4.313293798018654,2.534895017336115,0.9866700263193396,-0.3945101656182848,-0.913061310244357,-0.8532205340585647,1.4323074329169585,0.0023739800018885,88,0,0,2023-05-01,2023
2023-05,6.771823758085171,6.356613312952029,0.9866700263193396,-0.3945101656182848,-0.913061310244357,-0.8532205340585647,1.4323074329169585,0.0023739800018885,88,1,0,2023-05-01,2023
2023-05,-0.19406152293960147,-0.19091061533296683,0.9866700263193396,-0.3945101656182848,-0.913061310244357,-0.8532205340585647,1.4323074329169585,0.0023739800018885,89,1,0,2023-05-01,2023
2023-05,0.43070919413357117,0.622778041434541,0.9866700263193396,-0.3945101656182848,-0.913061310244357,-0.8532205340585647,1.4323074329169585,0.0023739800018885,89,0,0,2023-05-01,2023
2023-05,-0.20375700122002027,-0.27360304194018,0.9866700263193396,-0.3945101656182848,-0.913061310244357,-0.8532205340585647,1.4323074329169585,0.0023739800018885,90,1,0,2023-05-01,2023
2023-05,0.2433652689126033,1.1722996455747,0.9866700263193396,-0.3945101656182848,-0.913061310244357,-0.8532205340585647,1.4323074329169585,0.0023739800018885,90,0,0,2023-05-01,2023
2023-05,-0.2051986344300844,-0.2794017012160618,0.9866700263193396,-0.3945101656182848,-0.913061310244357,-0.8532205340585647,1.4323074329169585,0.0023739800018885,93,0,0,2023-05-01,2023
2023-05,-0.20510504525789547,-0.2011514830947021,0.9866700263193396,-0.3945101656182848,-0.913061310244357,-0.8532205340585647,1.4323074329169585,0.0023739800018885,93,1,0,2023-05-01,2023
2023-05,-0.20369940788328864,0.27904057839820245,0.9866700263193396,-0.3945101656182848,-0.913061310244357,-0.8532205340585647,1.4323074329169585,0.0023739800018885,94,1,0,2023-05-01,2023
2023-05,-0.20269512407403048,-0.2735637812509873,0.9866700263193396,-0.3945101656182848,-0.913061310244357,-0.8532205340585647,1.4323074329169585,0.0023739800018885,94,0,0,2023-05-01,2023
2023-05,-0.20348163307877207,-0.27677269312227837,0.9866700263193396,-0.3945101656182848,-0.913061310244357,-0.8532205340585647,1.4323074329169585,0.0023739800018885,97,1,0,2023-05-01,2023
2023-05,-0.20506185025534673,-0.27907524566065833,0.9866700263193396,-0.3945101656182848,-0.913061310244357,-0.8532205340585647,1.4323074329169585,0.0023739800018885,97,0,0,2023-05-01,2023
2023-05,-0.16442975119116723,-0.2188222943489506,0.9866700263193396,-0.3945101656182848,-0.913061310244357,-0.8532205340585647,1.4323074329169585,0.0023739800018885,98,0,0,2023-05-01,2023
2023-05,-0.08080242646503773,0.8394983791274698,0.9866700263193396,-0.3945101656182848,-0.913061310244357,-0.8532205340585647,1.4323074329169585,0.0023739800018885,98,1,0,2023-05-01,2023
2023-05,-0.15199678962422217,-0.2342942059295052,0.9866700263193396,-0.3945101656182848,-0.913061310244357,-0.8532205340585647,1.4323074329169585,0.0023739800018885,100,1,0,2023-05-01,2023
2023-05,-0.1985394048704873,-0.270170669305708,0.9866700263193396,-0.3945101656182848,-0.913061310244357,-0.8532205340585647,1.4323074329169585,0.0023739800018885,100,0,0,2023-05-01,2023
2023-05,1.136902491011115,0.5483037140747075,0.9866700263193396,-0.3945101656182848,-0.913061310244357,-0.8532205340585647,1.4323074329169585,0.0023739800018885,101,1,0,2023-05-01,2023
2023-05,0.31880714065574695,0.053956720346850645,0.9866700263193396,-0.3945101656182848,-0.913061310244357,-0.8532205340585647,1.4323074329169585,0.0023739800018885,101,0,0,2023-05-01,2023
2023-06,-0.18409787568502592,-0.26952477763451127,0.9866700263193396,-0.3945101656182848,-0.9233724614092319,-0.838231266649003,1.1893798282065853,0.0022519757022789,0,0,0,2023-06-01,2023
2023-06,-0.13823018235358484,-0.22998578830671343,0.9866700263193396,-0.3945101656182848,-0.9233724614092319,-0.838231266649003,1.1893798282065853,0.0022519757022789,0,1,0,2023-06-01,2023
2023-06,-0.203721005384563,-0.19215132278971578,0.9866700263193396,-0.3945101656182848,-0.9233724614092319,-0.838231266649003,1.1893798282065853,0.0022519757022789,1,1,0,2023-06-01,2023
2023-06,-0.2052634269339075,-0.2791072073369719,0.9866700263193396,-0.3945101656182848,-0.9233724614092319,-0.838231266649003,1.1893798282065853,0.0022519757022789,1,0,0,2023-06-01,2023
2023-06,-0.20268792490693902,-0.2646342024435527,0.9866700263193396,-0.3945101656182848,-0.9233724614092319,-0.838231266649003,1.1893798282065853,0.0022519757022789,2,1,0,2023-06-01,2023
2023-06,-0.20434553312974682,-0.27511817421644685,0.9866700263193396,-0.3945101656182848,-0.9233724614092319,-0.838231266649003,1.1893798282065853,0.0022519757022789,2,0,0,2023-06-01,2023
2023-06,-0.20530302235291054,-0.2794408328714381,0.9866700263193396,-0.3945101656182848,-0.9233724614092319,-0.838231266649003,1.1893798282065853,0.0022519757022789,3,0,0,2023-06-01,2023
2023-06,-0.20527242589277184,-0.2771242242493288,0.9866700263193396,-0.3945101656182848,-0.9233724614092319,-0.838231266649003,1.1893798282065853,0.0022519757022789,3,1,0,2023-06-01,2023
2023-06,-0.1083428401734039,0.35261504542834243,0.9866700263193396,-0.3945101656182848,-0.9233724614092319,-0.838231266649003,1.1893798282065853,0.0022519757022789,5,1,0,2023-06-01,2023
2023-06,-0.18726370941349385,-0.17295719851524288,0.9866700263193396,-0.3945101656182848,-0.9233724614092319,-0.838231266649003,1.1893798282065853,0.0022519757022789,5,0,0,2023-06-01,2023
2023-06,-0.20480987940714576,-0.2709137750541541,0.9866700263193396,-0.3945101656182848,-0.9233724614092319,-0.838231266649003,1.1893798282065853,0.0022519757022789,6,0,0,2023-06-01,2023
2023-06,-0.2052130327642673,-0.27783895546155624,0.9866700263193396,-0.3945101656182848,-0.9233724614092319,-0.838231266649003,1.1893798282065853,0.0022519757022789,6,1,0,2023-06-01,2023
2023-06,-0.20531202131177484,-0.2795825851209695,0.9866700263193396,-0.3945101656182848,-0.9233724614092319,-0.838231266649003,1.1893798282065853,0.0022519757022789,8,0,0,2023-06-01,2023
2023-06,-0.20347263411990776,-0.2752466531874015,0.9866700263193396,-0.3945101656182848,-0.9233724614092319,-0.838231266649003,1.1893798282065853,0.0022519757022789,8,1,0,2023-06-01,2023
2023-06,-0.20447511813739305,-0.26567798709201973,0.9866700263193396,-0.3945101656182848,-0.9233724614092319,-0.838231266649003,1.1893798282065853,0.0022519757022789,9,1,0,2023-06-01,2023
2023-06,-0.2046838939830453,-0.27431549355498497,0.9866700263193396,-0.3945101656182848,-0.9233724614092319,-0.838231266649003,1.1893798282065853,0.0022519757022789,9,0,0,2023-06-01,2023
2023-06,-0.2045723068931277,-0.27787345910405226,0.9866700263193396,-0.3945101656182848,-0.9233724614092319,-0.838231266649003,1.1893798282065853,0.0022519757022789,12,0,0,2023-06-01,2023
2023-06,-0.2004579829003604,-0.27117658252907195,0.9866700263193396,-0.3945101656182848,-0.9233724614092319,-0.838231266649003,1.1893798282065853,0.0022519757022789,12,1,0,2023-06-01,2023
2023-06,-0.20500065733506936,-0.27950774550747776,0.9866700263193396,-0.3945101656182848,-0.9233724614092319,-0.838231266649003,1.1893798282065853,0.0022519757022789,13,0,0,2023-06-01,2023
2023-06,-0.20445172084434582,-0.27936888361543294,0.9866700263193396,-0.3945101656182848,-0.9233724614092319,-0.838231266649003,1.1893798282065853,0.0022519757022789,13,1,0,2023-06-01,2023
2023-06,-0.20525622776681607,-0.2795151778553004,0.9866700263193396,-0.3945101656182848,-0.9233724614092319,-0.838231266649003,1.1893798282065853,0.0022519757022789,14,1,0,2023-06-01,2023
2023-06,-0.20498265941734073,-0.2770777462686741,0.9866700263193396,-0.3945101656182848,-0.9233724614092319,-0.838231266649003,1.1893798282065853,0.0022519757022789,14,0,0,2023-06-01,2023
2023-06,-0.2052130327642673,-0.2791346012161862,0.9866700263193396,-0.3945101656182848,-0.9233724614092319,-0.838231266649003,1.1893798282065853,0.0022519757022789,15,1,0,2023-06-01,2023
2023-06,-0.20526162714213464,-0.2795644644720246,0.9866700263193396,-0.3945101656182848,-0.9233724614092319,-0.838231266649003,1.1893798282065853,0.0022519757022789,18,0,0,2023-06-01,2023
2023-06,-0.2033196518192143,-0.27871953383795767,0.9866700263193396,-0.3945101656182848,-0.9233724614092319,-0.838231266649003,1.1893798282065853,0.0022519757022789,18,1,0,2023-06-01,2023
2023-06,-0.20470729127609252,-0.26334812239584254,0.9866700263193396,-0.3945101656182848,-0.9233724614092319,-0.838231266649003,1.1893798282065853,0.0022519757022789,19,1,0,2023-06-01,2023
2023-06,-0.20527062610099897,-0.2778500265630004,0.9866700263193396,-0.3945101656182848,-0.9233724614092319,-0.838231266649003,1.1893798282065853,0.0022519757022789,19,0,0,2023-06-01,2023
2023-06,-0.2053138211035477,-0.2795820904913401,0.9866700263193396,-0.3945101656182848,-0.9233724614092319,-0.838231266649003,1.1893798282065853,0.0022519757022789,21,1,0,2023-06-01,2023
2023-06,-0.20506185025534673,1.4256338878077393,0.9866700263193396,-0.3945101656182848,-0.9233724614092319,-0.838231266649003,1.1893798282065853,0.0022519757022789,24,1,0,2023-06-01,2023
2023-06,-0.2052796250598633,-0.2770147992719241,0.9866700263193396,-0.3945101656182848,-0.9233724614092319,-0.838231266649003,1.1893798282065853,0.0022519757022789,27,1,0,2023-06-01,2023
2023-06,-0.20460110356149352,-0.2795067347425829,0.9866700263193396,-0.3945101656182848,-0.9233724614092319,-0.838231266649003,1.1893798282065853,0.0022519757022789,28,0,0,2023-06-01,2023
2023-06,-0.20377859872129464,-0.2794366693802967,0.9866700263193396,-0.3945101656182848,-0.9233724614092319,-0.838231266649003,1.1893798282065853,0.0022519757022789,28,1,0,2023-06-01,2023
2023-06,-0.2030100876342817,-0.2739680140897684,0.9866700263193396,-0.3945101656182848,-0.9233724614092319,-0.838231266649003,1.1893798282065853,0.0022519757022789,30,0,0,2023-06-01,2023
2023-06,-0.20230636905109184,-0.2698823217374043,0.9866700263193396,-0.3945101656182848,-0.9233724614092319,-0.838231266649003,1.1893798282065853,0.0022519757022789,30,1,0,2023-06-01,2023
2023-06,-0.20525982735036177,-0.27922440015012184,0.9866700263193396,-0.3945101656182848,-0.9233724614092319,-0.838231266649003,1.1893798282065853,0.0022519757022789,31,1,0,2023-06-01,2023
2023-06,-0.2049682610831578,-0.2524693630595252,0.9866700263193396,-0.3945101656182848,-0.9233724614092319,-0.838231266649003,1.1893798282065853,0.0022519757022789,31,0,0,2023-06-01,2023
2023-06,-0.20329805431793993,-0.26930966105812193,0.9866700263193396,-0.3945101656182848,-0.9233724614092319,-0.838231266649003,1.1893798282065853,0.0022519757022789,36,1,0,2023-06-01,2023
2023-06,-0.2048386760755116,-0.2779894820106005,0.9866700263193396,-0.3945101656182848,-0.9233724614092319,-0.838231266649003,1.1893798282065853,0.0022519757022789,37,1,0,2023-06-01,2023
2023-06,-0.1805360877665279,-0.18887670689913164,0.9866700263193396,-0.3945101656182848,-0.9233724614092319,-0.838231266649003,1.1893798282065853,0.0022519757022789,37,0,0,2023-06-01,2023
2023-06,-0.1968008060179006,-0.2786122293162685,0.9866700263193396,-0.3945101656182848,-0.9233724614092319,-0.838231266649003,1.1893798282065853,0.0022519757022789,39,1,0,2023-06-01,2023
2023-06,-0.18932807057696893,-0.21610705725681767,0.9866700263193396,-0.3945101656182848,-0.9233724614092319,-0.838231266649003,1.1893798282065853,0.0022519757022789,41,0,0,2023-06-01,2023
2023-06,-0.2049142673299719,-0.2782076652906921,0.9866700263193396,-0.3945101656182848,-0.9233724614092319,-0.838231266649003,1.1893798282065853,0.0022519757022789,41,1,0,2023-06-01,2023
2023-06,0.025891029622117843,1.3038699828950546,0.9866700263193396,-0.3945101656182848,-0.9233724614092319,-0.838231266649003,1.1893798282065853,0.0022519757022789,44,1,0,2023-06-01,2023
2023-06,-0.09888493440700315,0.09340711075520507,0.9866700263193396,-0.3945101656182848,-0.9233724614092319,-0.838231266649003,1.1893798282065853,0.0022519757022789,44,0,0,2023-06-01,2023
2023-06,-0.20494126420656483,-0.26960034843962905,0.9866700263193396,-0.3945101656182848,-0.9233724614092319,-0.838231266649003,1.1893798282065853,0.0022519757022789,46,1,0,2023-06-01,2023
2023-06,-0.2052634269339075,-0.278104782327777,0.9866700263193396,-0.3945101656182848,-0.9233724614092319,-0.838231266649003,1.1893798282065853,0.0022519757022789,46,0,0,2023-06-01,2023
2023-06,-0.2053138211035477,-0.27957918723047187,0.9866700263193396,-0.3945101656182848,-0.9233724614092319,-0.838231266649003,1.1893798282065853,0.0022519757022789,48,0,0,2023-06-01,2023
2023-06,-0.2017718308945512,-0.271810297709131,0.9866700263193396,-0.3945101656182848,-0.9233724614092319,-0.838231266649003,1.1893798282065853,0.0022519757022789,48,1,0,2023-06-01,2023
2023-06,-0.20372640475988157,-0.27740951801731184,0.9866700263193396,-0.3945101656182848,-0.9233724614092319,-0.838231266649003,1.1893798282065853,0.0022519757022789,49,0,0,2023-06-01,2023
2023-06,-0.2030100876342817,-0.2761077603609134,0.9866700263193396,-0.3945101656182848,-0.9233724614092319,-0.838231266649003,1.1893798282065853,0.0022519757022789,49,1,0,2023-06-01,2023
2023-06,-0.2048980692040161,-0.2789094501100109,0.9866700263193396,-0.3945101656182848,-0.9233724614092319,-0.838231266649003,1.1893798282065853,0.0022519757022789,50,1,0,2023-06-01,2023
2023-06,-0.20201840236743357,-0.27586114662994937,0.9866700263193396,-0.3945101656182848,-0.9233724614092319,-0.838231266649003,1.1893798282065853,0.0022519757022789,51,0,0,2023-06-01,2023
2023-06,0.004691282329551835,-0.1967818991418261,0.9866700263193396,-0.3945101656182848,-0.9233724614092319,-0.838231266649003,1.1893798282065853,0.0022519757022789,51,1,0,2023-06-01,2023
2023-06,-0.20522563130667737,-0.2785978635513799,0.9866700263193396,-0.3945101656182848,-0.9233724614092319,-0.838231266649003,1.1893798282065853,0.0022519757022789,52,1,0,2023-06-01,2023
2023-06,-0.20504205254584523,-0.042885124450228795,0.9866700263193396,-0.3945101656182848,-0.9233724614092319,-0.838231266649003,1.1893798282065853,0.0022519757022789,53,1,0,2023-06-01,2023
2023-06,-0.06849904990573888,-0.13007351503119305,0.9866700263193396,-0.3945101656182848,-0.9233724614092319,-0.838231266649003,1.1893798282065853,0.0022519757022789,60,0,0,2023-06-01,2023
2023-06,-0.20475228607041412,-0.2765799036972474,0.9866700263193396,-0.3945101656182848,-0.9233724614092319,-0.838231266649003,1.1893798282065853,0.0022519757022789,61,1,0,2023-06-01,2023
2023-06,-0.20033559705980566,-0.27406749486105864,0.9866700263193396,-0.3945101656182848,-0.9233724614092319,-0.838231266649003,1.1893798282065853,0.0022519757022789,67,0,0,2023-06-01,2023
2023-06,-0.19646424495637502,-0.27814538496865987,0.9866700263193396,-0.3945101656182848,-0.9233724614092319,-0.838231266649003,1.1893798282065853,0.0022519757022789,67,1,0,2023-06-01,2023
2023-06,-0.20528502443518187,-0.2040127090466704,0.9866700263193396,-0.3945101656182848,-0.9233724614092319,-0.838231266649003,1.1893798282065853,0.0022519757022789,68,1,0,2023-06-01,2023
2023-06,-0.19949509430187815,-0.17399252714761085,0.9866700263193396,-0.3945101656182848,-0.9233724614092319,-0.838231266649003,1.1893798282065853,0.0022519757022789,72,1,0,2023-06-01,2023
2023-06,-0.20512484296739697,-0.27952304461697147,0.9866700263193396,-0.3945101656182848,-0.9233724614092319,-0.838231266649003,1.1893798282065853,0.0022519757022789,77,0,0,2023-06-01,2023
2023-06,-0.2049340650394734,-0.2794754096330967,0.9866700263193396,-0.3945101656182848,-0.9233724614092319,-0.838231266649003,1.1893798282065853,0.0022519757022789,77,1,0,2023-06-01,2023
2023-06,-0.1973965370947186,-0.2701384108516167,0.9866700263193396,-0.3945101656182848,-0.9233724614092319,-0.838231266649003,1.1893798282065853,0.0022519757022789,78,1,0,2023-06-01,2023
2023-06,-0.20296329304818722,-0.2749876221021759,0.9866700263193396,-0.3945101656182848,-0.9233724614092319,-0.838231266649003,1.1893798282065853,0.0022519757022789,78,0,0,2023-06-01,2023
2023-06,-0.15458309040182786,-0.19746116756018922,0.9866700263193396,-0.3945101656182848,-0.9233724614092319,-0.838231266649003,1.1893798282065853,0.0022519757022789,79,0,0,2023-06-01,2023
2023-06,0.025918026498710806,0.00471726978363585,0.9866700263193396,-0.3945101656182848,-0.9233724614092319,-0.838231266649003,1.1893798282065853,0.0022519757022789,79,1,0,2023-06-01,2023
2023-06,-0.04173434645147713,-0.25216754436079303,0.9866700263193396,-0.3945101656182848,-0.9233724614092319,-0.838231266649003,1.1893798282065853,0.0022519757022789,80,1,0,2023-06-01,2023
2023-06,-0.16411838721446176,-0.2722283414673904,0.9866700263193396,-0.3945101656182848,-0.9233724614092319,-0.838231266649003,1.1893798282065853,0.0022519757022789,80,0,0,2023-06-01,2023
2023-06,-0.19185497822607012,-0.2737637535584626,0.9866700263193396,-0.3945101656182848,-0.9233724614092319,-0.838231266649003,1.1893798282065853,0.0022519757022789,81,0,0,2023-06-01,2023
2023-06,-0.19766830565242108,-0.26105515707001853,0.9866700263193396,-0.3945101656182848,-0.9233724614092319,-0.838231266649003,1.1893798282065853,0.0022519757022789,81,1,0,2023-06-01,2023
2023-06,-0.20495746233252063,-0.22740876793754347,0.9866700263193396,-0.3945101656182848,-0.9233724614092319,-0.838231266649003,1.1893798282065853,0.0022519757022789,84,1,0,2023-06-01,2023
2023-06,-0.18886732388311572,-0.24703565012646855,0.9866700263193396,-0.3945101656182848,-0.9233724614092319,-0.838231266649003,1.1893798282065853,0.0022519757022789,87,1,0,2023-06-01,2023
2023-06,-0.20000623516537153,-0.26951271297268115,0.9866700263193396,-0.3945101656182848,-0.9233724614092319,-0.838231266649003,1.1893798282065853,0.0022519757022789,87,0,0,2023-06-01,2023
2023-06,6.610652404825193,6.401664450568725,0.9866700263193396,-0.3945101656182848,-0.9233724614092319,-0.838231266649003,1.1893798282065853,0.0022519757022789,88,1,0,2023-06-01,2023
2023-06,4.409652849746024,2.586817033629159,0.9866700263193396,-0.3945101656182848,-0.9233724614092319,-0.838231266649003,1.1893798282065853,0.0022519757022789,88,0,0,2023-06-01,2023
2023-06,0.38116992558548735,0.5517121552373709,0.9866700263193396,-0.3945101656182848,-0.9233724614092319,-0.838231266649003,1.1893798282065853,0.0022519757022789,89,0,0,2023-06-01,2023
2023-06,-0.19439808400112707,-0.1976329588821704,0.9866700263193396,-0.3945101656182848,-0.9233724614092319,-0.838231266649003,1.1893798282065853,0.0022519757022789,89,1,0,2023-06-01,2023
2023-06,-0.20385239018398207,-0.2742690929946201,0.9866700263193396,-0.3945101656182848,-0.9233724614092319,-0.838231266649003,1.1893798282065853,0.0022519757022789,90,1,0,2023-06-01,2023
2023-06,0.2075062176300594,1.1476046978792787,0.9866700263193396,-0.3945101656182848,-0.9233724614092319,-0.838231266649003,1.1893798282065853,0.0022519757022789,90,0,0,2023-06-01,2023
2023-06,-0.20521123297249447,-0.27945080718544313,0.9866700263193396,-0.3945101656182848,-0.9233724614092319,-0.838231266649003,1.1893798282065853,0.0022519757022789,93,0,0,2023-06-01,2023
2023-06,-0.20510684504966833,-0.19208487897654222,0.9866700263193396,-0.3945101656182848,-0.9233724614092319,-0.838231266649003,1.1893798282065853,0.0022519757022789,93,1,0,2023-06-01,2023
2023-06,-0.20267712615630182,-0.27360098600137256,0.9866700263193396,-0.3945101656182848,-0.9233724614092319,-0.838231266649003,1.1893798282065853,0.0022519757022789,94,0,0,2023-06-01,2023
2023-06,-0.20375700122002027,0.04253890933928681,0.9866700263193396,-0.3945101656182848,-0.9233724614092319,-0.838231266649003,1.1893798282065853,0.0022519757022789,94,1,0,2023-06-01,2023
2023-06,-0.20484227565905733,-0.27876552149011014,0.9866700263193396,-0.3945101656182848,-0.9233724614092319,-0.838231266649003,1.1893798282065853,0.0022519757022789,97,0,0,2023-06-01,2023
2023-06,-0.203125274307745,-0.2768159366552695,0.9866700263193396,-0.3945101656182848,-0.9233724614092319,-0.838231266649003,1.1893798282065853,0.0022519757022789,97,1,0,2023-06-01,2023
2023-06,-0.1602326367768482,-0.2108996223252659,0.9866700263193396,-0.3945101656182848,-0.9233724614092319,-0.838231266649003,1.1893798282065853,0.0022519757022789,98,0,0,2023-06-01,2023
2023-06,-0.09447184497994042,0.9189908660147564,0.9866700263193396,-0.3945101656182848,-0.9233724614092319,-0.838231266649003,1.1893798282065853,0.0022519757022789,98,1,0,2023-06-01,2023
2023-06,-0.15605711986380355,-0.2331303338092744,0.9866700263193396,-0.3945101656182848,-0.9233724614092319,-0.838231266649003,1.1893798282065853,0.0022519757022789,100,1,0,2023-06-01,2023
2023-06,-0.1964048518278705,-0.26679353604802186,0.9866700263193396,-0.3945101656182848,-0.9233724614092319,-0.838231266649003,1.1893798282065853,0.0022519757022789,100,0,0,2023-06-01,2023
2023-06,0.3288355804141456,0.07130507609400298,0.9866700263193396,-0.3945101656182848,-0.9233724614092319,-0.838231266649003,1.1893798282065853,0.0022519757022789,101,0,0,2023-06-01,2023
2023-06,1.1210355267415453,0.5656529429506838,0.9866700263193396,-0.3945101656182848,-0.9233724614092319,-0.838231266649003,1.1893798282065853,0.0022519757022789,101,1,0,2023-06-01,2023
2023-07,-0.18264544372432462,-0.26800856147418695,1.1123030505211045,-0.11457353864672008,-0.800452580380448,-0.7518423796113118,1.1384729537911678,0.0021010426785473,0,0,0,2023-07-01,2023
2023-07,-0.13538291176891384,-0.22611402541962805,1.1123030505211045,-0.11457353864672008,-0.800452580380448,-0.7518423796113118,1.1384729537911678,0.0021010426785473,0,1,0,2023-07-01,2023
2023-07,-0.20295069450577716,-0.19259376684264978,1.1123030505211045,-0.11457353864672008,-0.800452580380448,-0.7518423796113118,1.1384729537911678,0.0021010426785473,1,1,0,2023-07-01,2023
2023-07,-0.20523643005731454,-0.27874954710364414,1.1123030505211045,-0.11457353864672008,-0.800452580380448,-0.7518423796113118,1.1384729537911678,0.0021010426785473,1,0,0,2023-07-01,2023
2023-07,-0.20436353104747548,-0.2750634509749264,1.1123030505211045,-0.11457353864672008,-0.800452580380448,-0.7518423796113118,1.1384729537911678,0.0021010426785473,2,0,0,2023-07-01,2023
2023-07,-0.20257993740056718,-0.2655944721049411,1.1123030505211045,-0.11457353864672008,-0.800452580380448,-0.7518423796113118,1.1384729537911678,0.0021010426785473,2,1,0,2023-07-01,2023
2023-07,-0.20518963547122007,-0.2780858530669163,1.1123030505211045,-0.11457353864672008,-0.800452580380448,-0.7518423796113118,1.1384729537911678,0.0021010426785473,3,1,0,2023-07-01,2023
2023-07,-0.20521483255604017,-0.277543055113868,1.1123030505211045,-0.11457353864672008,-0.800452580380448,-0.7518423796113118,1.1384729537911678,0.0021010426785473,3,0,0,2023-07-01,2023
2023-07,-0.09104324165263435,0.48785593460367016,1.1123030505211045,-0.11457353864672008,-0.800452580380448,-0.7518423796113118,1.1384729537911678,0.0021010426785473,5,1,0,2023-07-01,2023
2023-07,-0.18291541249025423,-0.13875820485967577,1.1123030505211045,-0.11457353864672008,-0.800452580380448,-0.7518423796113118,1.1384729537911678,0.0021010426785473,5,0,0,2023-07-01,2023
2023-07,-0.20484587524260306,-0.2733913017486522,1.1123030505211045,-0.11457353864672008,-0.800452580380448,-0.7518423796113118,1.1384729537911678,0.0021010426785473,6,0,0,2023-07-01,2023
2023-07,-0.2051932350547658,-0.27667570700477123,1.1123030505211045,-0.11457353864672008,-0.800452580380448,-0.7518423796113118,1.1384729537911678,0.0021010426785473,6,1,0,2023-07-01,2023
2023-07,-0.2053138211035477,-0.27958286469423826,1.1123030505211045,-0.11457353864672008,-0.800452580380448,-0.7518423796113118,1.1384729537911678,0.0021010426785473,8,0,0,2023-07-01,2023
2023-07,-0.20359322016868964,-0.27514325408922097,1.1123030505211045,-0.11457353864672008,-0.800452580380448,-0.7518423796113118,1.1384729537911678,0.0021010426785473,8,1,0,2023-07-01,2023
2023-07,-0.20432573542024532,-0.26560607654615953,1.1123030505211045,-0.11457353864672008,-0.800452580380448,-0.7518423796113118,1.1384729537911678,0.0021010426785473,9,1,0,2023-07-01,2023
2023-07,-0.20460650293681212,-0.27328604886464325,1.1123030505211045,-0.11457353864672008,-0.800452580380448,-0.7518423796113118,1.1384729537911678,0.0021010426785473,9,0,0,2023-07-01,2023
2023-07,-0.20437792938165839,-0.27754678849228814,1.1123030505211045,-0.11457353864672008,-0.800452580380448,-0.7518423796113118,1.1384729537911678,0.0021010426785473,12,0,0,2023-07-01,2023
2023-07,-0.20013222058947203,-0.26982556836383975,1.1123030505211045,-0.11457353864672008,-0.800452580380448,-0.7518423796113118,1.1384729537911678,0.0021010426785473,12,1,0,2023-07-01,2023
2023-07,-0.2048980692040161,-0.2794782397748023,1.1123030505211045,-0.11457353864672008,-0.800452580380448,-0.7518423796113118,1.1384729537911678,0.0021010426785473,13,0,0,2023-07-01,2023
2023-07,-0.2045381108494433,-0.2793740879793597,1.1123030505211045,-0.11457353864672008,-0.800452580380448,-0.7518423796113118,1.1384729537911678,0.0021010426785473,13,1,0,2023-07-01,2023
2023-07,-0.2049934581679779,-0.27748933403498804,1.1123030505211045,-0.11457353864672008,-0.800452580380448,-0.7518423796113118,1.1384729537911678,0.0021010426785473,14,0,0,2023-07-01,2023
2023-07,-0.20529582318581907,-0.27953342753806165,1.1123030505211045,-0.11457353864672008,-0.800452580380448,-0.7518423796113118,1.1384729537911678,0.0021010426785473,14,1,0,2023-07-01,2023
2023-07,-0.2053138211035477,-0.2795761549357873,1.1123030505211045,-0.11457353864672008,-0.800452580380448,-0.7518423796113118,1.1384729537911678,0.0021010426785473,15,0,0,2023-07-01,2023
2023-07,-0.2052238315149045,-0.2791612596026472,1.1123030505211045,-0.11457353864672008,-0.800452580380448,-0.7518423796113118,1.1384729537911678,0.0021010426785473,15,1,0,2023-07-01,2023
2023-07,-0.20519683463831154,-0.27953327269748196,1.1123030505211045,-0.11457353864672008,-0.800452580380448,-0.7518423796113118,1.1384729537911678,0.0021010426785473,18,0,0,2023-07-01,2023
2023-07,-0.20325305952361833,-0.2786039195384946,1.1123030505211045,-0.11457353864672008,-0.800452580380448,-0.7518423796113118,1.1384729537911678,0.0021010426785473,18,1,0,2023-07-01,2023
2023-07,-0.20472168961027543,-0.2614630114579123,1.1123030505211045,-0.11457353864672008,-0.800452580380448,-0.7518423796113118,1.1384729537911678,0.0021010426785473,19,1,0,2023-07-01,2023
2023-07,-0.20528142485163614,-0.27843067873664296,1.1123030505211045,-0.11457353864672008,-0.800452580380448,-0.7518423796113118,1.1384729537911678,0.0021010426785473,19,0,0,2023-07-01,2023
2023-07,-0.2053138211035477,-0.27956617632065506,1.1123030505211045,-0.11457353864672008,-0.800452580380448,-0.7518423796113118,1.1384729537911678,0.0021010426785473,21,1,0,2023-07-01,2023
2023-07,-0.20502945400343517,1.5070532538793135,1.1123030505211045,-0.11457353864672008,-0.800452580380448,-0.7518423796113118,1.1384729537911678,0.0021010426785473,24,1,0,2023-07-01,2023
2023-07,-0.20527602547631757,-0.27550234229678316,1.1123030505211045,-0.11457353864672008,-0.800452580380448,-0.7518423796113118,1.1384729537911678,0.0021010426785473,27,1,0,2023-07-01,2023
2023-07,-0.20294169554691285,-0.2793404531645605,1.1123030505211045,-0.11457353864672008,-0.800452580380448,-0.7518423796113118,1.1384729537911678,0.0021010426785473,28,1,0,2023-07-01,2023
2023-07,-0.20412415874168455,-0.2794549061596763,1.1123030505211045,-0.11457353864672008,-0.800452580380448,-0.7518423796113118,1.1384729537911678,0.0021010426785473,28,0,0,2023-07-01,2023
2023-07,-0.20284630658295105,-0.2727767738970866,1.1123030505211045,-0.11457353864672008,-0.800452580380448,-0.7518423796113118,1.1384729537911678,0.0021010426785473,30,0,0,2023-07-01,2023
2023-07,-0.20230096967577324,-0.2677037104807702,1.1123030505211045,-0.11457353864672008,-0.800452580380448,-0.7518423796113118,1.1384729537911678,0.0021010426785473,30,1,0,2023-07-01,2023
2023-07,-0.20525622776681607,-0.2792379142918225,1.1123030505211045,-0.11457353864672008,-0.800452580380448,-0.7518423796113118,1.1384729537911678,0.0021010426785473,31,1,0,2023-07-01,2023
2023-07,-0.20495746233252063,-0.2524198656875676,1.1123030505211045,-0.11457353864672008,-0.800452580380448,-0.7518423796113118,1.1384729537911678,0.0021010426785473,31,0,0,2023-07-01,2023
2023-07,-0.2052796250598633,-0.27844672194114434,1.1123030505211045,-0.11457353864672008,-0.800452580380448,-0.7518423796113118,1.1384729537911678,0.0021010426785473,36,1,0,2023-07-01,2023
2023-07,-0.17975677792887776,-0.186358766813348,1.1123030505211045,-0.11457353864672008,-0.800452580380448,-0.7518423796113118,1.1384729537911678,0.0021010426785473,37,0,0,2023-07-01,2023
2023-07,-0.20484047586728446,-0.2768155753605837,1.1123030505211045,-0.11457353864672008,-0.800452580380448,-0.7518423796113118,1.1384729537911678,0.0021010426785473,37,1,0,2023-07-01,2023
2023-07,-0.19523498717550886,-0.2783986783501844,1.1123030505211045,-0.11457353864672008,-0.800452580380448,-0.7518423796113118,1.1384729537911678,0.0021010426785473,39,1,0,2023-07-01,2023
2023-07,-0.20490166878756183,-0.2780472934614592,1.1123030505211045,-0.11457353864672008,-0.800452580380448,-0.7518423796113118,1.1384729537911678,0.0021010426785473,41,1,0,2023-07-01,2023
2023-07,-0.18897891097303332,-0.21718884666533145,1.1123030505211045,-0.11457353864672008,-0.800452580380448,-0.7518423796113118,1.1384729537911678,0.0021010426785473,41,0,0,2023-07-01,2023
2023-07,-0.07864267633760083,0.11295023279280042,1.1123030505211045,-0.11457353864672008,-0.800452580380448,-0.7518423796113118,1.1384729537911678,0.0021010426785473,44,0,0,2023-07-01,2023
2023-07,0.03478020118829354,1.5239268081935147,1.1123030505211045,-0.11457353864672008,-0.800452580380448,-0.7518423796113118,1.1384729537911678,0.0021010426785473,44,1,0,2023-07-01,2023
2023-07,-0.20528142485163614,-0.2783633230845004,1.1123030505211045,-0.11457353864672008,-0.800452580380448,-0.7518423796113118,1.1384729537911678,0.0021010426785473,46,0,0,2023-07-01,2023
2023-07,-0.2048980692040161,-0.2694966998760702,1.1123030505211045,-0.11457353864672008,-0.800452580380448,-0.7518423796113118,1.1384729537911678,0.0021010426785473,46,1,0,2023-07-01,2023
2023-07,-0.20208319487125667,-0.27190173967366166,1.1123030505211045,-0.11457353864672008,-0.800452580380448,-0.7518423796113118,1.1384729537911678,0.0021010426785473,48,1,0,2023-07-01,2023
2023-07,-0.2023117684264104,-0.27477828193963255,1.1123030505211045,-0.11457353864672008,-0.800452580380448,-0.7518423796113118,1.1384729537911678,0.0021010426785473,49,1,0,2023-07-01,2023
2023-07,-0.20327285723311983,-0.2766940513123311,1.1123030505211045,-0.11457353864672008,-0.800452580380448,-0.7518423796113118,1.1384729537911678,0.0021010426785473,49,0,0,2023-07-01,2023
2023-07,-0.2051338419262613,-0.2791195085607987,1.1123030505211045,-0.11457353864672008,-0.800452580380448,-0.7518423796113118,1.1384729537911678,0.0021010426785473,50,1,0,2023-07-01,2023
2023-07,0.022197856904200747,-0.19291027819193873,1.1123030505211045,-0.11457353864672008,-0.800452580380448,-0.7518423796113118,1.1384729537911678,0.0021010426785473,51,1,0,2023-07-01,2023
2023-07,-0.20124269211332915,-0.27480254889936356,1.1123030505211045,-0.11457353864672008,-0.800452580380448,-0.7518423796113118,1.1384729537911678,0.0021010426785473,51,0,0,2023-07-01,2023
2023-07,-0.2052490285997246,-0.278970147617229,1.1123030505211045,-0.11457353864672008,-0.800452580380448,-0.7518423796113118,1.1384729537911678,0.0021010426785473,52,1,0,2023-07-01,2023
2023-07,-0.2053138211035477,-0.2795787356121146,1.1123030505211045,-0.11457353864672008,-0.800452580380448,-0.7518423796113118,1.1384729537911678,0.0021010426785473,52,0,0,2023-07-01,2023
2023-07,-0.2050492517129367,-0.1029828179729589,1.1123030505211045,-0.11457353864672008,-0.800452580380448,-0.7518423796113118,1.1384729537911678,0.0021010426785473,53,1,0,2023-07-01,2023
2023-07,-0.07626335161387451,-0.13373375708423846,1.1123030505211045,-0.11457353864672008,-0.800452580380448,-0.7518423796113118,1.1384729537911678,0.0021010426785473,60,0,0,2023-07-01,2023
2023-07,-0.2048386760755116,-0.2761154679808776,1.1123030505211045,-0.11457353864672008,-0.800452580380448,-0.7518423796113118,1.1384729537911678,0.0021010426785473,61,1,0,2023-07-01,2023
2023-07,-0.20531202131177484,-0.2795704774478672,1.1123030505211045,-0.11457353864672008,-0.800452580380448,-0.7518423796113118,1.1384729537911678,0.0021010426785473,61,0,0,2023-07-01,2023
2023-07,-0.19535557322429076,-0.27791046600258573,1.1123030505211045,-0.11457353864672008,-0.800452580380448,-0.7518423796113118,1.1384729537911678,0.0021010426785473,67,1,0,2023-07-01,2023
2023-07,-0.19974166577476052,-0.274566060021857,1.1123030505211045,-0.11457353864672008,-0.800452580380448,-0.7518423796113118,1.1384729537911678,0.0021010426785473,67,0,0,2023-07-01,2023
2023-07,-0.20528682422695474,-0.2149913448579815,1.1123030505211045,-0.11457353864672008,-0.800452580380448,-0.7518423796113118,1.1384729537911678,0.0021010426785473,68,1,0,2023-07-01,2023
2023-07,-0.19785368420502608,-0.1519428974203618,1.1123030505211045,-0.11457353864672008,-0.800452580380448,-0.7518423796113118,1.1384729537911678,0.0021010426785473,72,1,0,2023-07-01,2023
2023-07,-0.20508524754839397,-0.2795087347667366,1.1123030505211045,-0.11457353864672008,-0.800452580380448,-0.7518423796113118,1.1384729537911678,0.0021010426785473,77,0,0,2023-07-01,2023
2023-07,-0.20487107232742313,-0.27945065664599067,1.1123030505211045,-0.11457353864672008,-0.800452580380448,-0.7518423796113118,1.1384729537911678,0.0021010426785473,77,1,0,2023-07-01,2023
2023-07,-0.20232976634413907,-0.2749928694773748,1.1123030505211045,-0.11457353864672008,-0.800452580380448,-0.7518423796113118,1.1384729537911678,0.0021010426785473,78,0,0,2023-07-01,2023
2023-07,-0.1896700310138131,-0.25988303538779484,1.1123030505211045,-0.11457353864672008,-0.800452580380448,-0.7518423796113118,1.1384729537911678,0.0021010426785473,78,1,0,2023-07-01,2023
2023-07,-0.14543114923681402,-0.17840541915038616,1.1123030505211045,-0.11457353864672008,-0.800452580380448,-0.7518423796113118,1.1384729537911678,0.0021010426785473,79,0,0,2023-07-01,2023
2023-07,0.05436193567705474,0.0473723182484685,1.1123030505211045,-0.11457353864672008,-0.800452580380448,-0.7518423796113118,1.1384729537911678,0.0021010426785473,79,1,0,2023-07-01,2023
2023-07,-0.02566220591980089,-0.24603158638780584,1.1123030505211045,-0.11457353864672008,-0.800452580380448,-0.7518423796113118,1.1384729537911678,0.0021010426785473,80,1,0,2023-07-01,2023
2023-07,-0.157918104556945,-0.27014629911892385,1.1123030505211045,-0.11457353864672008,-0.800452580380448,-0.7518423796113118,1.1384729537911678,0.0021010426785473,80,0,0,2023-07-01,2023
2023-07,-0.19342439665200759,-0.27433061631826294,1.1123030505211045,-0.11457353864672008,-0.800452580380448,-0.7518423796113118,1.1384729537911678,0.0021010426785473,81,0,0,2023-07-01,2023
2023-07,-0.19842781778056973,-0.2564017718403021,1.1123030505211045,-0.11457353864672008,-0.800452580380448,-0.7518423796113118,1.1384729537911678,0.0021010426785473,81,1,0,2023-07-01,2023
2023-07,-0.20454710980830762,-0.23063738757372068,1.1123030505211045,-0.11457353864672008,-0.800452580380448,-0.7518423796113118,1.1384729537911678,0.0021010426785473,84,1,0,2023-07-01,2023
2023-07,-0.20502225483634373,-0.2792566457008315,1.1123030505211045,-0.11457353864672008,-0.800452580380448,-0.7518423796113118,1.1384729537911678,0.0021010426785473,84,0,0,2023-07-01,2023
2023-07,-0.20504025275407237,-0.2792480305430255,1.1123030505211045,-0.11457353864672008,-0.800452580380448,-0.7518423796113118,1.1384729537911678,0.0021010426785473,86,1,0,2023-07-01,2023
2023-07,-0.18968982872331464,-0.23333814277053025,1.1123030505211045,-0.11457353864672008,-0.800452580380448,-0.7518423796113118,1.1384729537911678,0.0021010426785473,87,1,0,2023-07-01,2023
2023-07,-0.19825863735392052,-0.26780412889779265,1.1123030505211045,-0.11457353864672008,-0.800452580380448,-0.7518423796113118,1.1384729537911678,0.0021010426785473,87,0,0,2023-07-01,2023
2023-07,4.694183730909879,2.797841151993018,1.1123030505211045,-0.11457353864672008,-0.800452580380448,-0.7518423796113118,1.1384729537911678,0.0021010426785473,88,0,0,2023-07-01,2023
2023-07,6.916323640153109,6.655870299026801,1.1123030505211045,-0.11457353864672008,-0.800452580380448,-0.7518423796113118,1.1384729537911678,0.0021010426785473,88,1,0,2023-07-01,2023
2023-07,-0.1956237421984475,-0.21815669491286774,1.1123030505211045,-0.11457353864672008,-0.800452580380448,-0.7518423796113118,1.1384729537911678,0.0021010426785473,89,1,0,2023-07-01,2023
2023-07,0.40753147568262754,0.5913585437116566,1.1123030505211045,-0.11457353864672008,-0.800452580380448,-0.7518423796113118,1.1384729537911678,0.0021010426785473,89,0,0,2023-07-01,2023
2023-07,0.20594939774653195,1.3140717792171945,1.1123030505211045,-0.11457353864672008,-0.800452580380448,-0.7518423796113118,1.1384729537911678,0.0021010426785473,90,0,0,2023-07-01,2023
2023-07,-0.2037102066339258,-0.27305111269406024,1.1123030505211045,-0.11457353864672008,-0.800452580380448,-0.7518423796113118,1.1384729537911678,0.0021010426785473,90,1,0,2023-07-01,2023
2023-07,-0.20521123297249447,-0.27942856605662897,1.1123030505211045,-0.11457353864672008,-0.800452580380448,-0.7518423796113118,1.1384729537911678,0.0021010426785473,93,0,0,2023-07-01,2023
2023-07,-0.2051194435920784,-0.21618902383809993,1.1123030505211045,-0.11457353864672008,-0.800452580380448,-0.7518423796113118,1.1384729537911678,0.0021010426785473,93,1,0,2023-07-01,2023
2023-07,-0.2028139103310395,-0.27375204158906385,1.1123030505211045,-0.11457353864672008,-0.800452580380448,-0.7518423796113118,1.1384729537911678,0.0021010426785473,94,0,0,2023-07-01,2023
2023-07,-0.20372820455165444,0.2457828477228732,1.1123030505211045,-0.11457353864672008,-0.800452580380448,-0.7518423796113118,1.1384729537911678,0.0021010426785473,94,1,0,2023-07-01,2023
2023-07,-0.20299568930009876,-0.27706831389669784,1.1123030505211045,-0.11457353864672008,-0.800452580380448,-0.7518423796113118,1.1384729537911678,0.0021010426785473,97,1,0,2023-07-01,2023
2023-07,-0.20435273229683829,-0.2780692550170045,1.1123030505211045,-0.11457353864672008,-0.800452580380448,-0.7518423796113118,1.1384729537911678,0.0021010426785473,97,0,0,2023-07-01,2023
2023-07,-0.15218396796860004,-0.20383950695496364,1.1123030505211045,-0.11457353864672008,-0.800452580380448,-0.7518423796113118,1.1384729537911678,0.0021010426785473,98,0,0,2023-07-01,2023
2023-07,-0.08970239678185062,0.6415747716625001,1.1123030505211045,-0.11457353864672008,-0.800452580380448,-0.7518423796113118,1.1384729537911678,0.0021010426785473,98,1,0,2023-07-01,2023
2023-07,-0.19380415271608192,-0.26302792067940556,1.1123030505211045,-0.11457353864672008,-0.800452580380448,-0.7518423796113118,1.1384729537911678,0.0021010426785473,100,0,0,2023-07-01,2023
2023-07,-0.1482982175309865,-0.2297786632246843,1.1123030505211045,-0.11457353864672008,-0.800452580380448,-0.7518423796113118,1.1384729537911678,0.0021010426785473,100,1,0,2023-07-01,2023
2023-07,1.2273186303044876,0.6626155332919904,1.1123030505211045,-0.11457353864672008,-0.800452580380448,-0.7518423796113118,1.1384729537911678,0.0021010426785473,101,1,0,2023-07-01,2023
2023-07,0.3835024557231192,0.12456448488239835,1.1123030505211045,-0.11457353864672008,-0.800452580380448,-0.7518423796113118,1.1384729537911678,0.0021010426785473,101,0,0,2023-07-01,2023
2023-08,-0.1855017132678599,-0.2714186800764632,1.1123030505211045,-0.11457353864672008,-0.9038411305143943,-0.6893764821773025,1.158021193566688,0.0022141391214639,0,0,0,2023-08-01,2023
2023-08,-0.14813443647965585,-0.2426197000222454,1.1123030505211045,-0.11457353864672008,-0.9038411305143943,-0.6893764821773025,1.158021193566688,0.0022141391214639,0,1,0,2023-08-01,2023
2023-08,-0.20518963547122007,-0.27826088743881544,1.1123030505211045,-0.11457353864672008,-0.9038411305143943,-0.6893764821773025,1.158021193566688,0.0022141391214639,1,0,0,2023-08-01,2023
2023-08,-0.20108071085377138,-0.18934281575398698,1.1123030505211045,-0.11457353864672008,-0.9038411305143943,-0.6893764821773025,1.158021193566688,0.0022141391214639,1,1,0,2023-08-01,2023
2023-08,-0.2025979353182958,-0.2659541538680586,1.1123030505211045,-0.11457353864672008,-0.9038411305143943,-0.6893764821773025,1.158021193566688,0.0022141391214639,2,1,0,2023-08-01,2023
2023-08,-0.20433113479556392,-0.274848170955703,1.1123030505211045,-0.11457353864672008,-0.9038411305143943,-0.6893764821773025,1.158021193566688,0.0022141391214639,2,0,0,2023-08-01,2023
2023-08,-0.20508704734016683,-0.27926248233045836,1.1123030505211045,-0.11457353864672008,-0.9038411305143943,-0.6893764821773025,1.158021193566688,0.0022141391214639,3,1,0,2023-08-01,2023
2023-08,-0.20529762297759194,-0.27946584392617685,1.1123030505211045,-0.11457353864672008,-0.9038411305143943,-0.6893764821773025,1.158021193566688,0.0022141391214639,3,0,0,2023-08-01,2023
2023-08,-0.19168219821587515,-0.13069033968468996,1.1123030505211045,-0.11457353864672008,-0.9038411305143943,-0.6893764821773025,1.158021193566688,0.0022141391214639,5,0,0,2023-08-01,2023
2023-08,-0.13956562784904997,0.3552247156541799,1.1123030505211045,-0.11457353864672008,-0.9038411305143943,-0.6893764821773025,1.158021193566688,0.0022141391214639,5,1,0,2023-08-01,2023
2023-08,-0.20488727045337893,-0.2734571735119065,1.1123030505211045,-0.11457353864672008,-0.9038411305143943,-0.6893764821773025,1.158021193566688,0.0022141391214639,6,0,0,2023-08-01,2023
2023-08,-0.2051986344300844,-0.27722257812528944,1.1123030505211045,-0.11457353864672008,-0.9038411305143943,-0.6893764821773025,1.158021193566688,0.0022141391214639,6,1,0,2023-08-01,2023
2023-08,-0.2036400147547841,-0.27597764696161814,1.1123030505211045,-0.11457353864672008,-0.9038411305143943,-0.6893764821773025,1.158021193566688,0.0022141391214639,8,1,0,2023-08-01,2023
2023-08,-0.2045939043944021,-0.271487683060328,1.1123030505211045,-0.11457353864672008,-0.9038411305143943,-0.6893764821773025,1.158021193566688,0.0022141391214639,9,0,0,2023-08-01,2023
2023-08,-0.20435093250506542,-0.26449973200239146,1.1123030505211045,-0.11457353864672008,-0.9038411305143943,-0.6893764821773025,1.158021193566688,0.0022141391214639,9,1,0,2023-08-01,2023
2023-08,-0.20116350127532315,-0.27262131825625724,1.1123030505211045,-0.11457353864672008,-0.9038411305143943,-0.6893764821773025,1.158021193566688,0.0022141391214639,12,1,0,2023-08-01,2023
2023-08,-0.20450031522221315,-0.27769851075469737,1.1123030505211045,-0.11457353864672008,-0.9038411305143943,-0.6893764821773025,1.158021193566688,0.0022141391214639,12,0,0,2023-08-01,2023
2023-08,-0.20435453208861115,-0.27933957143348204,1.1123030505211045,-0.11457353864672008,-0.9038411305143943,-0.6893764821773025,1.158021193566688,0.0022141391214639,13,1,0,2023-08-01,2023
2023-08,-0.20486027357678596,-0.2794703041950959,1.1123030505211045,-0.11457353864672008,-0.9038411305143943,-0.6893764821773025,1.158021193566688,0.0022141391214639,13,0,0,2023-08-01,2023
2023-08,-0.20523643005731454,-0.2794338349374639,1.1123030505211045,-0.11457353864672008,-0.9038411305143943,-0.6893764821773025,1.158021193566688,0.0022141391214639,14,1,0,2023-08-01,2023
2023-08,-0.20500245712684223,-0.2774411700124662,1.1123030505211045,-0.11457353864672008,-0.9038411305143943,-0.6893764821773025,1.158021193566688,0.0022141391214639,14,0,0,2023-08-01,2023
2023-08,-0.2051338419262613,-0.27876608493777494,1.1123030505211045,-0.11457353864672008,-0.9038411305143943,-0.6893764821773025,1.158021193566688,0.0022141391214639,15,1,0,2023-08-01,2023
2023-08,-0.2053084217282291,-0.27958200446879583,1.1123030505211045,-0.11457353864672008,-0.9038411305143943,-0.6893764821773025,1.158021193566688,0.0022141391214639,18,0,0,2023-08-01,2023
2023-08,-0.2044427218854815,-0.2788797637299925,1.1123030505211045,-0.11457353864672008,-0.9038411305143943,-0.6893764821773025,1.158021193566688,0.0022141391214639,18,1,0,2023-08-01,2023
2023-08,-0.2046532975229066,-0.2622822643625226,1.1123030505211045,-0.11457353864672008,-0.9038411305143943,-0.6893764821773025,1.158021193566688,0.0022141391214639,19,1,0,2023-08-01,2023
2023-08,-0.20529042381050047,-0.2785786375127415,1.1123030505211045,-0.11457353864672008,-0.9038411305143943,-0.6893764821773025,1.158021193566688,0.0022141391214639,19,0,0,2023-08-01,2023
2023-08,-0.20531202131177484,-0.27958123026589765,1.1123030505211045,-0.11457353864672008,-0.9038411305143943,-0.6893764821773025,1.158021193566688,0.0022141391214639,21,1,0,2023-08-01,2023
2023-08,-0.20531202131177484,-0.27957843453320974,1.1123030505211045,-0.11457353864672008,-0.9038411305143943,-0.6893764821773025,1.158021193566688,0.0022141391214639,21,0,0,2023-08-01,2023
2023-08,-0.20498985858443217,1.4249999790769556,1.1123030505211045,-0.11457353864672008,-0.9038411305143943,-0.6893764821773025,1.158021193566688,0.0022141391214639,24,1,0,2023-08-01,2023
2023-08,-0.2052796250598633,-0.2746186929155523,1.1123030505211045,-0.11457353864672008,-0.9038411305143943,-0.6893764821773025,1.158021193566688,0.0022141391214639,27,1,0,2023-08-01,2023
2023-08,-0.20432393562847245,-0.2794832505880045,1.1123030505211045,-0.11457353864672008,-0.9038411305143943,-0.6893764821773025,1.158021193566688,0.0022141391214639,28,0,0,2023-08-01,2023
2023-08,-0.20308747868051483,-0.2793771847909524,1.1123030505211045,-0.11457353864672008,-0.9038411305143943,-0.6893764821773025,1.158021193566688,0.0022141391214639,28,1,0,2023-08-01,2023
2023-08,-0.2025583398992928,-0.2711024138914253,1.1123030505211045,-0.11457353864672008,-0.9038411305143943,-0.6893764821773025,1.158021193566688,0.0022141391214639,30,1,0,2023-08-01,2023
2023-08,-0.2030352847191018,-0.2735631016728878,1.1123030505211045,-0.11457353864672008,-0.9038411305143943,-0.6893764821773025,1.158021193566688,0.0022141391214639,30,0,0,2023-08-01,2023
2023-08,-0.20493766462301913,-0.249360998639073,1.1123030505211045,-0.11457353864672008,-0.9038411305143943,-0.6893764821773025,1.158021193566688,0.0022141391214639,31,0,0,2023-08-01,2023
2023-08,-0.2052544279750432,-0.2792615747926166,1.1123030505211045,-0.11457353864672008,-0.9038411305143943,-0.6893764821773025,1.158021193566688,0.0022141391214639,31,1,0,2023-08-01,2023
2023-08,-0.2052742256845447,-0.2782795156207713,1.1123030505211045,-0.11457353864672008,-0.9038411305143943,-0.6893764821773025,1.158021193566688,0.0022141391214639,36,1,0,2023-08-01,2023
2023-08,-0.18145038198714286,-0.1939734652252599,1.1123030505211045,-0.11457353864672008,-0.9038411305143943,-0.6893764821773025,1.158021193566688,0.0022141391214639,37,0,0,2023-08-01,2023
2023-08,-0.20483687628373873,-0.27796121070143487,1.1123030505211045,-0.11457353864672008,-0.9038411305143943,-0.6893764821773025,1.158021193566688,0.0022141391214639,37,1,0,2023-08-01,2023
2023-08,-0.1961888768151268,-0.2785171313936075,1.1123030505211045,-0.11457353864672008,-0.9038411305143943,-0.6893764821773025,1.158021193566688,0.0022141391214639,39,1,0,2023-08-01,2023
2023-08,-0.20493766462301913,-0.27838922877369926,1.1123030505211045,-0.11457353864672008,-0.9038411305143943,-0.6893764821773025,1.158021193566688,0.0022141391214639,41,1,0,2023-08-01,2023
2023-08,-0.19110266526501293,-0.22947607462418113,1.1123030505211045,-0.11457353864672008,-0.9038411305143943,-0.6893764821773025,1.158021193566688,0.0022141391214639,41,0,0,2023-08-01,2023
2023-08,-0.07194565115077359,0.12712375019843647,1.1123030505211045,-0.11457353864672008,-0.9038411305143943,-0.6893764821773025,1.158021193566688,0.0022141391214639,44,0,0,2023-08-01,2023
2023-08,0.013434670762125539,1.433991894121076,1.1123030505211045,-0.11457353864672008,-0.9038411305143943,-0.6893764821773025,1.158021193566688,0.0022141391214639,44,1,0,2023-08-01,2023
2023-08,-0.2052940233940462,-0.2790349440986803,1.1123030505211045,-0.11457353864672008,-0.9038411305143943,-0.6893764821773025,1.158021193566688,0.0022141391214639,46,0,0,2023-08-01,2023
2023-08,-0.20491066774642616,-0.2695816686441466,1.1123030505211045,-0.11457353864672008,-0.9038411305143943,-0.6893764821773025,1.158021193566688,0.0022141391214639,46,1,0,2023-08-01,2023
2023-08,-0.20295789367286862,-0.27330717600150944,1.1123030505211045,-0.11457353864672008,-0.9038411305143943,-0.6893764821773025,1.158021193566688,0.0022141391214639,48,1,0,2023-08-01,2023
2023-08,-0.20361661746173687,-0.277139858846745,1.1123030505211045,-0.11457353864672008,-0.9038411305143943,-0.6893764821773025,1.158021193566688,0.0022141391214639,49,0,0,2023-08-01,2023
2023-08,-0.20273471949303348,-0.2752893289716006,1.1123030505211045,-0.11457353864672008,-0.9038411305143943,-0.6893764821773025,1.158021193566688,0.0022141391214639,49,1,0,2023-08-01,2023
2023-08,-0.2053138211035477,-0.27958333781823164,1.1123030505211045,-0.11457353864672008,-0.9038411305143943,-0.6893764821773025,1.158021193566688,0.0022141391214639,50,0,0,2023-08-01,2023
2023-08,-0.2050132558774794,-0.27900256521302713,1.1123030505211045,-0.11457353864672008,-0.9038411305143943,-0.6893764821773025,1.158021193566688,0.0022141391214639,50,1,0,2023-08-01,2023
2023-08,-0.06219797890894173,-0.22909224633289454,1.1123030505211045,-0.11457353864672008,-0.9038411305143943,-0.6893764821773025,1.158021193566688,0.0022141391214639,51,1,0,2023-08-01,2023
2023-08,-0.20185282152433007,-0.2753621728620659,1.1123030505211045,-0.11457353864672008,-0.9038411305143943,-0.6893764821773025,1.158021193566688,0.0022141391214639,51,0,0,2023-08-01,2023
2023-08,-0.20508524754839397,0.17399146889319084,1.1123030505211045,-0.11457353864672008,-0.9038411305143943,-0.6893764821773025,1.158021193566688,0.0022141391214639,52,1,0,2023-08-01,2023
2023-08,-0.20506544983889247,-0.058073492821575694,1.1123030505211045,-0.11457353864672008,-0.9038411305143943,-0.6893764821773025,1.158021193566688,0.0022141391214639,53,1,0,2023-08-01,2023
2023-08,-0.06567337682234227,-0.13875668656176987,1.1123030505211045,-0.11457353864672008,-0.9038411305143943,-0.6893764821773025,1.158021193566688,0.0022141391214639,60,0,0,2023-08-01,2023
2023-08,-0.2050438523376181,-0.277638841216883,1.1123030505211045,-0.11457353864672008,-0.9038411305143943,-0.6893764821773025,1.158021193566688,0.0022141391214639,61,1,0,2023-08-01,2023
2023-08,-0.1989047626003787,-0.2745470834485969,1.1123030505211045,-0.11457353864672008,-0.9038411305143943,-0.6893764821773025,1.158021193566688,0.0022141391214639,67,0,0,2023-08-01,2023
2023-08,-0.19467345214237528,-0.2775746253876053,1.1123030505211045,-0.11457353864672008,-0.9038411305143943,-0.6893764821773025,1.158021193566688,0.0022141391214639,67,1,0,2023-08-01,2023
2023-08,-0.20529042381050047,-0.21275133070926647,1.1123030505211045,-0.11457353864672008,-0.9038411305143943,-0.6893764821773025,1.158021193566688,0.0022141391214639,68,1,0,2023-08-01,2023
2023-08,-0.19839182194511246,-0.1385355053960114,1.1123030505211045,-0.11457353864672008,-0.9038411305143943,-0.6893764821773025,1.158021193566688,0.0022141391214639,72,1,0,2023-08-01,2023
2023-08,-0.20492506608060906,-0.2794588674978387,1.1123030505211045,-0.11457353864672008,-0.9038411305143943,-0.6893764821773025,1.158021193566688,0.0022141391214639,77,1,0,2023-08-01,2023
2023-08,-0.205097846090804,-0.2795137670855748,1.1123030505211045,-0.11457353864672008,-0.9038411305143943,-0.6893764821773025,1.158021193566688,0.0022141391214639,77,0,0,2023-08-01,2023
2023-08,-0.19893355926874454,-0.27046406209623153,1.1123030505211045,-0.11457353864672008,-0.9038411305143943,-0.6893764821773025,1.158021193566688,0.0022141391214639,78,1,0,2023-08-01,2023
2023-08,-0.20307308034633192,-0.27507339518104096,1.1123030505211045,-0.11457353864672008,-0.9038411305143943,-0.6893764821773025,1.158021193566688,0.0022141391214639,78,0,0,2023-08-01,2023
2023-08,-0.012125971996090137,-0.029939836931299185,1.1123030505211045,-0.11457353864672008,-0.9038411305143943,-0.6893764821773025,1.158021193566688,0.0022141391214639,79,1,0,2023-08-01,2023
2023-08,-0.15032478306723143,-0.1840403474166824,1.1123030505211045,-0.11457353864672008,-0.9038411305143943,-0.6893764821773025,1.158021193566688,0.0022141391214639,79,0,0,2023-08-01,2023
2023-08,-0.1566762482336688,-0.26973849634455666,1.1123030505211045,-0.11457353864672008,-0.9038411305143943,-0.6893764821773025,1.158021193566688,0.0022141391214639,80,0,0,2023-08-01,2023
2023-08,-0.02252336906792593,-0.24515083596631596,1.1123030505211045,-0.11457353864672008,-0.9038411305143943,-0.6893764821773025,1.158021193566688,0.0022141391214639,80,1,0,2023-08-01,2023
2023-08,-0.19583971721119117,-0.27550364553832846,1.1123030505211045,-0.11457353864672008,-0.9038411305143943,-0.6893764821773025,1.158021193566688,0.0022141391214639,81,0,0,2023-08-01,2023
2023-08,-0.19878417655159683,-0.26118686188638235,1.1123030505211045,-0.11457353864672008,-0.9038411305143943,-0.6893764821773025,1.158021193566688,0.0022141391214639,81,1,0,2023-08-01,2023
2023-08,-0.2049340650394734,-0.23603067421211016,1.1123030505211045,-0.11457353864672008,-0.9038411305143943,-0.6893764821773025,1.158021193566688,0.0022141391214639,84,1,0,2023-08-01,2023
2023-08,-0.20468209419127242,-0.27859939475266743,1.1123030505211045,-0.11457353864672008,-0.9038411305143943,-0.6893764821773025,1.158021193566688,0.0022141391214639,86,1,0,2023-08-01,2023
2023-08,-0.19033775376154569,-0.22958776199449946,1.1123030505211045,-0.11457353864672008,-0.9038411305143943,-0.6893764821773025,1.158021193566688,0.0022141391214639,87,1,0,2023-08-01,2023
2023-08,-0.19907394302702794,-0.26862563989418936,1.1123030505211045,-0.11457353864672008,-0.9038411305143943,-0.6893764821773025,1.158021193566688,0.0022141391214639,87,0,0,2023-08-01,2023
2023-08,6.636896968457097,6.695177238240375,1.1123030505211045,-0.11457353864672008,-0.9038411305143943,-0.6893764821773025,1.158021193566688,0.0022141391214639,88,1,0,2023-08-01,2023
2023-08,4.527170253555184,3.024418976473626,1.1123030505211045,-0.11457353864672008,-0.9038411305143943,-0.6893764821773025,1.158021193566688,0.0022141391214639,88,0,0,2023-08-01,2023
2023-08,-0.1957785242909138,-0.2143153797053173,1.1123030505211045,-0.11457353864672008,-0.9038411305143943,-0.6893764821773025,1.158021193566688,0.0022141391214639,89,1,0,2023-08-01,2023
2023-08,0.41306763517595746,0.6064437409445652,1.1123030505211045,-0.11457353864672008,-0.9038411305143943,-0.6893764821773025,1.158021193566688,0.0022141391214639,89,0,0,2023-08-01,2023
2023-08,-0.2036310157959198,-0.2716503904016371,1.1123030505211045,-0.11457353864672008,-0.9038411305143943,-0.6893764821773025,1.158021193566688,0.0022141391214639,90,1,0,2023-08-01,2023
2023-08,0.21968360876525775,1.8247468023915518,1.1123030505211045,-0.11457353864672008,-0.9038411305143943,-0.6893764821773025,1.158021193566688,0.0022141391214639,90,0,0,2023-08-01,2023
2023-08,-0.2051338419262613,-0.17760109545832928,1.1123030505211045,-0.11457353864672008,-0.9038411305143943,-0.6893764821773025,1.158021193566688,0.0022141391214639,93,1,0,2023-08-01,2023
2023-08,-0.20519683463831154,-0.27931959699870873,1.1123030505211045,-0.11457353864672008,-0.9038411305143943,-0.6893764821773025,1.158021193566688,0.0022141391214639,93,0,0,2023-08-01,2023
2023-08,-0.20282470908167669,-0.2737363854860116,1.1123030505211045,-0.11457353864672008,-0.9038411305143943,-0.6893764821773025,1.158021193566688,0.0022141391214639,94,0,0,2023-08-01,2023
2023-08,-0.203721005384563,0.2800646208727657,1.1123030505211045,-0.11457353864672008,-0.9038411305143943,-0.6893764821773025,1.158021193566688,0.0022141391214639,94,1,0,2023-08-01,2023
2023-08,-0.2034006424489932,-0.2772399288724633,1.1123030505211045,-0.11457353864672008,-0.9038411305143943,-0.6893764821773025,1.158021193566688,0.0022141391214639,97,1,0,2023-08-01,2023
2023-08,-0.20435093250506542,-0.2778009808094,1.1123030505211045,-0.11457353864672008,-0.9038411305143943,-0.6893764821773025,1.158021193566688,0.0022141391214639,97,0,0,2023-08-01,2023
2023-08,-0.15876760627373684,-0.20731723927701518,1.1123030505211045,-0.11457353864672008,-0.9038411305143943,-0.6893764821773025,1.158021193566688,0.0022141391214639,98,0,0,2023-08-01,2023
2023-08,-0.09066348558856004,0.7369525729723388,1.1123030505211045,-0.11457353864672008,-0.9038411305143943,-0.6893764821773025,1.158021193566688,0.0022141391214639,98,1,0,2023-08-01,2023
2023-08,-0.16483110475651594,-0.23731883170426374,1.1123030505211045,-0.11457353864672008,-0.9038411305143943,-0.6893764821773025,1.158021193566688,0.0022141391214639,100,1,0,2023-08-01,2023
2023-08,-0.1958541155453741,-0.26557654070559356,1.1123030505211045,-0.11457353864672008,-0.9038411305143943,-0.6893764821773025,1.158021193566688,0.0022141391214639,100,0,0,2023-08-01,2023
2023-08,0.388630062484009,0.1213618354523282,1.1123030505211045,-0.11457353864672008,-0.9038411305143943,-0.6893764821773025,1.158021193566688,0.0022141391214639,101,0,0,2023-08-01,2023
2023-08,1.1353600694617705,0.5884389041510198,1.1123030505211045,-0.11457353864672008,-0.9038411305143943,-0.6893764821773025,1.158021193566688,0.0022141391214639,101,1,0,2023-08-01,2023
2023-09,-0.14504419400564822,-0.24012130855964106,1.1123030505211045,-0.11457353864672008,-0.9710492076872519,-0.7798313239241068,0.8073746425932912,0.0020892119286263,0,1,0,2023-09-01,2023
2023-09,-0.18497257448663787,-0.27085510767898013,1.1123030505211045,-0.11457353864672008,-0.9710492076872519,-0.7798313239241068,0.8073746425932912,0.0020892119286263,0,0,0,2023-09-01,2023
2023-09,-0.20527062610099897,-0.27907751235469913,1.1123030505211045,-0.11457353864672008,-0.9710492076872519,-0.7798313239241068,0.8073746425932912,0.0020892119286263,1,0,0,2023-09-01,2023
2023-09,-0.20400897206822124,-0.23340113277855243,1.1123030505211045,-0.11457353864672008,-0.9710492076872519,-0.7798313239241068,0.8073746425932912,0.0020892119286263,1,1,0,2023-09-01,2023
2023-09,-0.20436533083924835,-0.275110737567497,1.1123030505211045,-0.11457353864672008,-0.9710492076872519,-0.7798313239241068,0.8073746425932912,0.0020892119286263,2,0,0,2023-09-01,2023
2023-09,-0.20273111990948775,-0.2673226306097722,1.1123030505211045,-0.11457353864672008,-0.9710492076872519,-0.7798313239241068,0.8073746425932912,0.0020892119286263,2,1,0,2023-09-01,2023
2023-09,-0.20531022152000197,-0.27956741074416497,1.1123030505211045,-0.11457353864672008,-0.9710492076872519,-0.7798313239241068,0.8073746425932912,0.0020892119286263,3,0,0,2023-09-01,2023
2023-09,-0.2051986344300844,-0.2793104355977468,1.1123030505211045,-0.11457353864672008,-0.9710492076872519,-0.7798313239241068,0.8073746425932912,0.0020892119286263,3,1,0,2023-09-01,2023
2023-09,-0.19101627525991544,-0.17211744213721214,1.1123030505211045,-0.11457353864672008,-0.9710492076872519,-0.7798313239241068,0.8073746425932912,0.0020892119286263,5,0,0,2023-09-01,2023
2023-09,-0.1353451161416837,0.24457661380072976,1.1123030505211045,-0.11457353864672008,-0.9710492076872519,-0.7798313239241068,0.8073746425932912,0.0020892119286263,5,1,0,2023-09-01,2023
2023-09,-0.20520223401363014,-0.27778795699620157,1.1123030505211045,-0.11457353864672008,-0.9710492076872519,-0.7798313239241068,0.8073746425932912,0.0020892119286263,6,1,0,2023-09-01,2023
2023-09,-0.20487107232742313,-0.2743397906226065,1.1123030505211045,-0.11457353864672008,-0.9710492076872519,-0.7798313239241068,0.8073746425932912,0.0020892119286263,6,0,0,2023-09-01,2023
2023-09,-0.20531022152000197,-0.27958170338989097,1.1123030505211045,-0.11457353864672008,-0.9710492076872519,-0.7798313239241068,0.8073746425932912,0.0020892119286263,8,0,0,2023-09-01,2023
2023-09,-0.2036454141301027,-0.2756474236187768,1.1123030505211045,-0.11457353864672008,-0.9710492076872519,-0.7798313239241068,0.8073746425932912,0.0020892119286263,8,1,0,2023-09-01,2023
2023-09,-0.20472708898559402,-0.27354357455534456,1.1123030505211045,-0.11457353864672008,-0.9710492076872519,-0.7798313239241068,0.8073746425932912,0.0020892119286263,9,0,0,2023-09-01,2023
2023-09,-0.20447691792916592,-0.2655714137619567,1.1123030505211045,-0.11457353864672008,-0.9710492076872519,-0.7798313239241068,0.8073746425932912,0.0020892119286263,9,1,0,2023-09-01,2023
2023-09,-0.20459930376972066,-0.27782272300745753,1.1123030505211045,-0.11457353864672008,-0.9710492076872519,-0.7798313239241068,0.8073746425932912,0.0020892119286263,12,0,0,2023-09-01,2023
2023-09,-0.20098892147335531,-0.27161863517942963,1.1123030505211045,-0.11457353864672008,-0.9710492076872519,-0.7798313239241068,0.8073746425932912,0.0020892119286263,12,1,0,2023-09-01,2023
2023-09,-0.204872872119196,-0.2794750784463014,1.1123030505211045,-0.11457353864672008,-0.9710492076872519,-0.7798313239241068,0.8073746425932912,0.0020892119286263,13,0,0,2023-09-01,2023
2023-09,-0.20453631105767042,-0.27938015256872883,1.1123030505211045,-0.11457353864672008,-0.9710492076872519,-0.7798313239241068,0.8073746425932912,0.0020892119286263,13,1,0,2023-09-01,2023
2023-09,-0.20498985858443217,-0.2773628077757877,1.1123030505211045,-0.11457353864672008,-0.9710492076872519,-0.7798313239241068,0.8073746425932912,0.0020892119286263,14,0,0,2023-09-01,2023
2023-09,-0.20528502443518187,-0.2794886442015285,1.1123030505211045,-0.11457353864672008,-0.9710492076872519,-0.7798313239241068,0.8073746425932912,0.0020892119286263,14,1,0,2023-09-01,2023
2023-09,-0.2052130327642673,-0.27911029124518305,1.1123030505211045,-0.11457353864672008,-0.9710492076872519,-0.7798313239241068,0.8073746425932912,0.0020892119286263,15,1,0,2023-09-01,2023
2023-09,-0.2053138211035477,-0.27956514405012417,1.1123030505211045,-0.11457353864672008,-0.9710492076872519,-0.7798313239241068,0.8073746425932912,0.0020892119286263,15,0,0,2023-09-01,2023
2023-09,-0.20480448003182716,-0.2792619575929385,1.1123030505211045,-0.11457353864672008,-0.9710492076872519,-0.7798313239241068,0.8073746425932912,0.0020892119286263,18,1,0,2023-09-01,2023
2023-09,-0.20530122256113767,-0.27831970965456904,1.1123030505211045,-0.11457353864672008,-0.9710492076872519,-0.7798313239241068,0.8073746425932912,0.0020892119286263,19,0,0,2023-09-01,2023
2023-09,-0.2045525091836262,-0.2629176999934666,1.1123030505211045,-0.11457353864672008,-0.9710492076872519,-0.7798313239241068,0.8073746425932912,0.0020892119286263,19,1,0,2023-09-01,2023
2023-09,-0.2053138211035477,-0.27958080015317643,1.1123030505211045,-0.11457353864672008,-0.9710492076872519,-0.7798313239241068,0.8073746425932912,0.0020892119286263,21,1,0,2023-09-01,2023
2023-09,-0.20499705775152363,1.6027862723822235,1.1123030505211045,-0.11457353864672008,-0.9710492076872519,-0.7798313239241068,0.8073746425932912,0.0020892119286263,24,1,0,2023-09-01,2023
2023-09,-0.20527602547631757,-0.2729645267021521,1.1123030505211045,-0.11457353864672008,-0.9710492076872519,-0.7798313239241068,0.8073746425932912,0.0020892119286263,27,1,0,2023-09-01,2023
2023-09,-0.20340244224076606,-0.27940694859126064,1.1123030505211045,-0.11457353864672008,-0.9710492076872519,-0.7798313239241068,0.8073746425932912,0.0020892119286263,28,1,0,2023-09-01,2023
2023-09,-0.20447151855384732,-0.27949787442052587,1.1123030505211045,-0.11457353864672008,-0.9710492076872519,-0.7798313239241068,0.8073746425932912,0.0020892119286263,28,0,0,2023-09-01,2023
2023-09,-0.20275091761898925,-0.2738572213539102,1.1123030505211045,-0.11457353864672008,-0.9710492076872519,-0.7798313239241068,0.8073746425932912,0.0020892119286263,30,0,0,2023-09-01,2023
2023-09,-0.20243955364228378,-0.2654460875172485,1.1123030505211045,-0.11457353864672008,-0.9710492076872519,-0.7798313239241068,0.8073746425932912,0.0020892119286263,30,1,0,2023-09-01,2023
2023-09,-0.2049538627489749,-0.2496052080399254,1.1123030505211045,-0.11457353864672008,-0.9710492076872519,-0.7798313239241068,0.8073746425932912,0.0020892119286263,31,0,0,2023-09-01,2023
2023-09,-0.20525622776681607,-0.2792630758860136,1.1123030505211045,-0.11457353864672008,-0.9710492076872519,-0.7798313239241068,0.8073746425932912,0.0020892119286263,31,1,0,2023-09-01,2023
2023-09,-0.20530302235291054,-0.27925877475880145,1.1123030505211045,-0.11457353864672008,-0.9710492076872519,-0.7798313239241068,0.8073746425932912,0.0020892119286263,36,1,0,2023-09-01,2023
2023-09,-0.18196152285063627,-0.19625138090696853,1.1123030505211045,-0.11457353864672008,-0.9710492076872519,-0.7798313239241068,0.8073746425932912,0.0020892119286263,37,0,0,2023-09-01,2023
2023-09,-0.20486747274387743,-0.27802346091557656,1.1123030505211045,-0.11457353864672008,-0.9710492076872519,-0.7798313239241068,0.8073746425932912,0.0020892119286263,37,1,0,2023-09-01,2023
2023-09,-0.19765030773469244,-0.27869532709400757,1.1123030505211045,-0.11457353864672008,-0.9710492076872519,-0.7798313239241068,0.8073746425932912,0.0020892119286263,39,1,0,2023-09-01,2023
2023-09,-0.2049538627489749,-0.27799502186244973,1.1123030505211045,-0.11457353864672008,-0.9710492076872519,-0.7798313239241068,0.8073746425932912,0.0020892119286263,41,1,0,2023-09-01,2023
2023-09,-0.19084709483326623,-0.22679334545151775,1.1123030505211045,-0.11457353864672008,-0.9710492076872519,-0.7798313239241068,0.8073746425932912,0.0020892119286263,41,0,0,2023-09-01,2023
2023-09,-0.003902723385874151,1.1437102938585486,1.1123030505211045,-0.11457353864672008,-0.9710492076872519,-0.7798313239241068,0.8073746425932912,0.0020892119286263,44,1,0,2023-09-01,2023
2023-09,-0.08312235806025953,0.10322466587784605,1.1123030505211045,-0.11457353864672008,-0.9710492076872519,-0.7798313239241068,0.8073746425932912,0.0020892119286263,44,0,0,2023-09-01,2023
2023-09,-0.20525262818327034,-0.2776347551460314,1.1123030505211045,-0.11457353864672008,-0.9710492076872519,-0.7798313239241068,0.8073746425932912,0.0020892119286263,46,0,0,2023-09-01,2023
2023-09,-0.20486207336855883,-0.269782251711686,1.1123030505211045,-0.11457353864672008,-0.9710492076872519,-0.7798313239241068,0.8073746425932912,0.0020892119286263,46,1,0,2023-09-01,2023
2023-09,-0.20275451720253498,-0.2744297788061395,1.1123030505211045,-0.11457353864672008,-0.9710492076872519,-0.7798313239241068,0.8073746425932912,0.0020892119286263,48,1,0,2023-09-01,2023
2023-09,-0.20531202131177484,-0.27958080015317643,1.1123030505211045,-0.11457353864672008,-0.9710492076872519,-0.7798313239241068,0.8073746425932912,0.0020892119286263,48,0,0,2023-09-01,2023
2023-09,-0.2034150407831761,-0.2768901655086971,1.1123030505211045,-0.11457353864672008,-0.9710492076872519,-0.7798313239241068,0.8073746425932912,0.0020892119286263,49,1,0,2023-09-01,2023
2023-09,-0.20418535166196192,-0.27811140176255655,1.1123030505211045,-0.11457353864672008,-0.9710492076872519,-0.7798313239241068,0.8073746425932912,0.0020892119286263,49,0,0,2023-09-01,2023
2023-09,-0.20516623817817287,-0.27915677352696494,1.1123030505211045,-0.11457353864672008,-0.9710492076872519,-0.7798313239241068,0.8073746425932912,0.0020892119286263,50,1,0,2023-09-01,2023
2023-09,-0.07759519752579394,-0.23256945821855338,1.1123030505211045,-0.11457353864672008,-0.9710492076872519,-0.7798313239241068,0.8073746425932912,0.0020892119286263,51,1,0,2023-09-01,2023
2023-09,-0.20233156613591194,-0.27547480648037087,1.1123030505211045,-0.11457353864672008,-0.9710492076872519,-0.7798313239241068,0.8073746425932912,0.0020892119286263,51,0,0,2023-09-01,2023
2023-09,-0.20515723921930853,-0.10777878987088589,1.1123030505211045,-0.11457353864672008,-0.9710492076872519,-0.7798313239241068,0.8073746425932912,0.0020892119286263,52,1,0,2023-09-01,2023
2023-09,-0.20507264900598393,-0.09718762110448288,1.1123030505211045,-0.11457353864672008,-0.9710492076872519,-0.7798313239241068,0.8073746425932912,0.0020892119286263,53,1,0,2023-09-01,2023
2023-09,-0.07731802959277287,-0.1391140242105567,1.1123030505211045,-0.11457353864672008,-0.9710492076872519,-0.7798313239241068,0.8073746425932912,0.0020892119286263,60,0,0,2023-09-01,2023
2023-09,-0.20531022152000197,-0.27957391834963696,1.1123030505211045,-0.11457353864672008,-0.9710492076872519,-0.7798313239241068,0.8073746425932912,0.0020892119286263,61,0,0,2023-09-01,2023
2023-09,-0.20509964588257687,-0.2786328317156148,1.1123030505211045,-0.11457353864672008,-0.9710492076872519,-0.7798313239241068,0.8073746425932912,0.0020892119286263,61,1,0,2023-09-01,2023
2023-09,-0.19608268910052784,-0.2774872006758908,1.1123030505211045,-0.11457353864672008,-0.9710492076872519,-0.7798313239241068,0.8073746425932912,0.0020892119286263,67,1,0,2023-09-01,2023
2023-09,-0.1998028586950379,-0.27566695073632,1.1123030505211045,-0.11457353864672008,-0.9710492076872519,-0.7798313239241068,0.8073746425932912,0.0020892119286263,67,0,0,2023-09-01,2023
2023-09,-0.20527242589277184,-0.20813349429595862,1.1123030505211045,-0.11457353864672008,-0.9710492076872519,-0.7798313239241068,0.8073746425932912,0.0020892119286263,68,1,0,2023-09-01,2023
2023-09,-0.19932231429168318,-0.15973391624120928,1.1123030505211045,-0.11457353864672008,-0.9710492076872519,-0.7798313239241068,0.8073746425932912,0.0020892119286263,72,1,0,2023-09-01,2023
2023-09,-0.20507264900598393,-0.2794983217377559,1.1123030505211045,-0.11457353864672008,-0.9710492076872519,-0.7798313239241068,0.8073746425932912,0.0020892119286263,77,0,0,2023-09-01,2023
2023-09,-0.2049142673299719,-0.2794571341435722,1.1123030505211045,-0.11457353864672008,-0.9710492076872519,-0.7798313239241068,0.8073746425932912,0.0020892119286263,77,1,0,2023-09-01,2023
2023-09,-0.20357702204273387,-0.2759474530485887,1.1123030505211045,-0.11457353864672008,-0.9710492076872519,-0.7798313239241068,0.8073746425932912,0.0020892119286263,78,0,0,2023-09-01,2023
2023-09,-0.1997776616102178,-0.2714968401601627,1.1123030505211045,-0.11457353864672008,-0.9710492076872519,-0.7798313239241068,0.8073746425932912,0.0020892119286263,78,1,0,2023-09-01,2023
2023-09,-0.034313804971958524,-0.08144759015690342,1.1123030505211045,-0.11457353864672008,-0.9710492076872519,-0.7798313239241068,0.8073746425932912,0.0020892119286263,79,1,0,2023-09-01,2023
2023-09,-0.15360040409384407,-0.2012143096598902,1.1123030505211045,-0.11457353864672008,-0.9710492076872519,-0.7798313239241068,0.8073746425932912,0.0020892119286263,79,0,0,2023-09-01,2023
2023-09,-0.1611955253753305,-0.2700799284249129,1.1123030505211045,-0.11457353864672008,-0.9710492076872519,-0.7798313239241068,0.8073746425932912,0.0020892119286263,80,0,0,2023-09-01,2023
2023-09,-0.040370104287646154,-0.24668928035207274,1.1123030505211045,-0.11457353864672008,-0.9710492076872519,-0.7798313239241068,0.8073746425932912,0.0020892119286263,80,1,0,2023-09-01,2023
2023-09,-0.1943602883738969,-0.2749596819798057,1.1123030505211045,-0.11457353864672008,-0.9710492076872519,-0.7798313239241068,0.8073746425932912,0.0020892119286263,81,0,0,2023-09-01,2023
2023-09,-0.1990253486491606,-0.2613740211358926,1.1123030505211045,-0.11457353864672008,-0.9710492076872519,-0.7798313239241068,0.8073746425932912,0.0020892119286263,81,1,0,2023-09-01,2023
2023-09,-0.20529222360227334,-0.2795010701580445,1.1123030505211045,-0.11457353864672008,-0.9710492076872519,-0.7798313239241068,0.8073746425932912,0.0020892119286263,84,0,0,2023-09-01,2023
2023-09,-0.20493946441479197,-0.22040494572019403,1.1123030505211045,-0.11457353864672008,-0.9710492076872519,-0.7798313239241068,0.8073746425932912,0.0020892119286263,84,1,0,2023-09-01,2023
2023-09,-0.20446971876207445,-0.27831247085747096,1.1123030505211045,-0.11457353864672008,-0.9710492076872519,-0.7798313239241068,0.8073746425932912,0.0020892119286263,86,1,0,2023-09-01,2023
2023-09,-0.1895962395511257,-0.23891818865359926,1.1123030505211045,-0.11457353864672008,-0.9710492076872519,-0.7798313239241068,0.8073746425932912,0.0020892119286263,87,1,0,2023-09-01,2023
2023-09,-0.19864739237685916,-0.2690550558327977,1.1123030505211045,-0.11457353864672008,-0.9710492076872519,-0.7798313239241068,0.8073746425932912,0.0020892119286263,87,0,0,2023-09-01,2023
2023-09,6.442152299466112,6.348583865445303,1.1123030505211045,-0.11457353864672008,-0.9710492076872519,-0.7798313239241068,0.8073746425932912,0.0020892119286263,88,1,0,2023-09-01,2023
2023-09,4.465581379087775,2.8179877780931344,1.1123030505211045,-0.11457353864672008,-0.9710492076872519,-0.7798313239241068,0.8073746425932912,0.0020892119286263,88,0,0,2023-09-01,2023
2023-09,0.3761917015417453,0.5470503096904281,1.1123030505211045,-0.11457353864672008,-0.9710492076872519,-0.7798313239241068,0.8073746425932912,0.0020892119286263,89,0,0,2023-09-01,2023
2023-09,-0.19595310409288164,-0.1959328609312715,1.1123030505211045,-0.11457353864672008,-0.9710492076872519,-0.7798313239241068,0.8073746425932912,0.0020892119286263,89,1,0,2023-09-01,2023
2023-09,0.19151146814461628,1.8040263586089333,1.1123030505211045,-0.11457353864672008,-0.9710492076872519,-0.7798313239241068,0.8073746425932912,0.0020892119286263,90,0,0,2023-09-01,2023
2023-09,-0.2039657770656725,-0.2732246975860889,1.1123030505211045,-0.11457353864672008,-0.9710492076872519,-0.7798313239241068,0.8073746425932912,0.0020892119286263,90,1,0,2023-09-01,2023
2023-09,-0.20517523713703717,-0.17683276359878378,1.1123030505211045,-0.11457353864672008,-0.9710492076872519,-0.7798313239241068,0.8073746425932912,0.0020892119286263,93,1,0,2023-09-01,2023
2023-09,-0.20522023193135877,-0.2794509448215139,1.1123030505211045,-0.11457353864672008,-0.9710492076872519,-0.7798313239241068,0.8073746425932912,0.0020892119286263,93,0,0,2023-09-01,2023
2023-09,-0.20378939747193184,0.46868325574947717,1.1123030505211045,-0.11457353864672008,-0.9710492076872519,-0.7798313239241068,0.8073746425932912,0.0020892119286263,94,1,0,2023-09-01,2023
2023-09,-0.20283190824876815,-0.2737227079014769,1.1123030505211045,-0.11457353864672008,-0.9710492076872519,-0.7798313239241068,0.8073746425932912,0.0020892119286263,94,0,0,2023-09-01,2023
2023-09,-0.2045831056437649,-0.27827267252737675,1.1123030505211045,-0.11457353864672008,-0.9710492076872519,-0.7798313239241068,0.8073746425932912,0.0020892119286263,97,0,0,2023-09-01,2023
2023-09,-0.20432393562847245,-0.2783064191714834,1.1123030505211045,-0.11457353864672008,-0.9710492076872519,-0.7798313239241068,0.8073746425932912,0.0020892119286263,97,1,0,2023-09-01,2023
2023-09,-0.10235313315331224,0.5792375199105395,1.1123030505211045,-0.11457353864672008,-0.9710492076872519,-0.7798313239241068,0.8073746425932912,0.0020892119286263,98,1,0,2023-09-01,2023
2023-09,-0.14849619462600153,-0.07003786526849846,1.1123030505211045,-0.11457353864672008,-0.9710492076872519,-0.7798313239241068,0.8073746425932912,0.0020892119286263,98,0,0,2023-09-01,2023
2023-09,-0.1627991398449524,-0.23521955043793083,1.1123030505211045,-0.11457353864672008,-0.9710492076872519,-0.7798313239241068,0.8073746425932912,0.0020892119286263,100,1,0,2023-09-01,2023
2023-09,-0.19661362767352275,-0.26582723620628196,1.1123030505211045,-0.11457353864672008,-0.9710492076872519,-0.7798313239241068,0.8073746425932912,0.0020892119286263,100,0,0,2023-09-01,2023
2023-09,1.062032953051742,0.48429700560210737,1.1123030505211045,-0.11457353864672008,-0.9710492076872519,-0.7798313239241068,0.8073746425932912,0.0020892119286263,101,1,0,2023-09-01,2023
2023-09,0.3758155450612167,0.08863668755291836,1.1123030505211045,-0.11457353864672008,-0.9710492076872519,-0.7798313239241068,0.8073746425932912,0.0020892119286263,101,0,0,2023-09-01,2023
2023-10,-0.1811030221749801,-0.26804752108447477,1.665873563410129,0.694132272604467,-0.8099535646242942,-0.6845760094474422,1.046840579843416,0.0020622247430616,0,0,0,2023-10-01,2023
2023-10,-0.13603623618246352,-0.23036906175258964,1.665873563410129,0.694132272604467,-0.8099535646242942,-0.6845760094474422,1.046840579843416,0.0020622247430616,0,1,0,2023-10-01,2023
2023-10,-0.20525262818327034,-0.278981033770203,1.665873563410129,0.694132272604467,-0.8099535646242942,-0.6845760094474422,1.046840579843416,0.0020622247430616,1,0,0,2023-10-01,2023
2023-10,-0.20357702204273387,-0.20383346387123055,1.665873563410129,0.694132272604467,-0.8099535646242942,-0.6845760094474422,1.046840579843416,0.0020622247430616,1,1,0,2023-10-01,2023
2023-10,-0.2043725300063398,-0.27511189457071705,1.665873563410129,0.694132272604467,-0.8099535646242942,-0.6845760094474422,1.046840579843416,0.0020622247430616,2,0,0,2023-10-01,2023
2023-10,-0.20269872365757619,-0.26756973897036557,1.665873563410129,0.694132272604467,-0.8099535646242942,-0.6845760094474422,1.046840579843416,0.0020622247430616,2,1,0,2023-10-01,2023
2023-10,-0.20528142485163614,-0.2794987346459683,1.665873563410129,0.694132272604467,-0.8099535646242942,-0.6845760094474422,1.046840579843416,0.0020622247430616,3,1,0,2023-10-01,2023
2023-10,-0.20530662193645624,-0.2795719140243561,1.665873563410129,0.694132272604467,-0.8099535646242942,-0.6845760094474422,1.046840579843416,0.0020622247430616,3,0,0,2023-10-01,2023
2023-10,-0.09322458928134562,0.44856291383775454,1.665873563410129,0.694132272604467,-0.8099535646242942,-0.6845760094474422,1.046840579843416,0.0020622247430616,5,1,0,2023-10-01,2023
2023-10,-0.18423825944330932,-0.1374100337395308,1.665873563410129,0.694132272604467,-0.8099535646242942,-0.6845760094474422,1.046840579843416,0.0020622247430616,5,0,0,2023-10-01,2023
2023-10,-0.20484047586728446,-0.2724357461226883,1.665873563410129,0.694132272604467,-0.8099535646242942,-0.6845760094474422,1.046840579843416,0.0020622247430616,6,0,0,2023-10-01,2023
2023-10,-0.2052184321395859,-0.27794073733590496,1.665873563410129,0.694132272604467,-0.8099535646242942,-0.6845760094474422,1.046840579843416,0.0020622247430616,6,1,0,2023-10-01,2023
2023-10,-0.20529042381050047,-0.2795613590581774,1.665873563410129,0.694132272604467,-0.8099535646242942,-0.6845760094474422,1.046840579843416,0.0020622247430616,8,0,0,2023-10-01,2023
2023-10,-0.20374800226115597,-0.2763361416136251,1.665873563410129,0.694132272604467,-0.8099535646242942,-0.6845760094474422,1.046840579843416,0.0020622247430616,8,1,0,2023-10-01,2023
2023-10,-0.2047126906514111,-0.27310377999677327,1.665873563410129,0.694132272604467,-0.8099535646242942,-0.6845760094474422,1.046840579843416,0.0020622247430616,9,0,0,2023-10-01,2023
2023-10,-0.2044931160551217,-0.267234139218509,1.665873563410129,0.694132272604467,-0.8099535646242942,-0.6845760094474422,1.046840579843416,0.0020622247430616,9,1,0,2023-10-01,2023
2023-10,-0.20442472396775285,-0.27747032305271024,1.665873563410129,0.694132272604467,-0.8099535646242942,-0.6845760094474422,1.046840579843416,0.0020622247430616,12,0,0,2023-10-01,2023
2023-10,-0.19982985557163085,-0.27019645886447213,1.665873563410129,0.694132272604467,-0.8099535646242942,-0.6845760094474422,1.046840579843416,0.0020622247430616,12,1,0,2023-10-01,2023
2023-10,-0.2048080796153729,-0.2794467770292453,1.665873563410129,0.694132272604467,-0.8099535646242942,-0.6845760094474422,1.046840579843416,0.0020622247430616,13,0,0,2023-10-01,2023
2023-10,-0.204608302728585,-0.2794046689938382,1.665873563410129,0.694132272604467,-0.8099535646242942,-0.6845760094474422,1.046840579843416,0.0020622247430616,13,1,0,2023-10-01,2023
2023-10,-0.20527242589277184,-0.2794884807586945,1.665873563410129,0.694132272604467,-0.8099535646242942,-0.6845760094474422,1.046840579843416,0.0020622247430616,14,1,0,2023-10-01,2023
2023-10,-0.20499705775152363,-0.27770229574664407,1.665873563410129,0.694132272604467,-0.8099535646242942,-0.6845760094474422,1.046840579843416,0.0020622247430616,14,0,0,2023-10-01,2023
2023-10,-0.2053138211035477,-0.27957090756058844,1.665873563410129,0.694132272604467,-0.8099535646242942,-0.6845760094474422,1.046840579843416,0.0020622247430616,15,0,0,2023-10-01,2023
2023-10,-0.2052580275585889,-0.2793129173481482,1.665873563410129,0.694132272604467,-0.8099535646242942,-0.6845760094474422,1.046840579843416,0.0020622247430616,15,1,0,2023-10-01,2023
2023-10,-0.20430593771074382,-0.2789255664336749,1.665873563410129,0.694132272604467,-0.8099535646242942,-0.6845760094474422,1.046840579843416,0.0020622247430616,18,1,0,2023-10-01,2023
2023-10,-0.20529582318581907,-0.2795272941306571,1.665873563410129,0.694132272604467,-0.8099535646242942,-0.6845760094474422,1.046840579843416,0.0020622247430616,18,0,0,2023-10-01,2023
2023-10,-0.2052994227693648,-0.2787601450810949,1.665873563410129,0.694132272604467,-0.8099535646242942,-0.6845760094474422,1.046840579843416,0.0020622247430616,19,0,0,2023-10-01,2023
2023-10,-0.20456690751780912,-0.26155143833226724,1.665873563410129,0.694132272604467,-0.8099535646242942,-0.6845760094474422,1.046840579843416,0.0020622247430616,19,1,0,2023-10-01,2023
2023-10,-0.20531022152000197,-0.2795807786475404,1.665873563410129,0.694132272604467,-0.8099535646242942,-0.6845760094474422,1.046840579843416,0.0020622247430616,21,1,0,2023-10-01,2023
2023-10,-0.20502585441988946,1.6134433301163895,1.665873563410129,0.694132272604467,-0.8099535646242942,-0.6845760094474422,1.046840579843416,0.0020622247430616,24,1,0,2023-10-01,2023
2023-10,-0.2052742256845447,-0.2716869542840677,1.665873563410129,0.694132272604467,-0.8099535646242942,-0.6845760094474422,1.046840579843416,0.0020622247430616,27,1,0,2023-10-01,2023
2023-10,-0.2032548593153912,-0.27938174398579735,1.665873563410129,0.694132272604467,-0.8099535646242942,-0.6845760094474422,1.046840579843416,0.0020622247430616,28,1,0,2023-10-01,2023
2023-10,-0.2045129137646232,-0.2795017884462889,1.665873563410129,0.694132272604467,-0.8099535646242942,-0.6845760094474422,1.046840579843416,0.0020622247430616,28,0,0,2023-10-01,2023
2023-10,-0.20279231282976512,-0.27313830514490534,1.665873563410129,0.694132272604467,-0.8099535646242942,-0.6845760094474422,1.046840579843416,0.0020622247430616,30,0,0,2023-10-01,2023
2023-10,-0.2024323544751923,-0.2692538625347985,1.665873563410129,0.694132272604467,-0.8099535646242942,-0.6845760094474422,1.046840579843416,0.0020622247430616,30,1,0,2023-10-01,2023
2023-10,-0.20490706816288043,-0.24821631814846287,1.665873563410129,0.694132272604467,-0.8099535646242942,-0.6845760094474422,1.046840579843416,0.0020622247430616,31,0,0,2023-10-01,2023
2023-10,-0.20524722880795174,-0.27920522572501,1.665873563410129,0.694132272604467,-0.8099535646242942,-0.6845760094474422,1.046840579843416,0.0020622247430616,31,1,0,2023-10-01,2023
2023-10,-0.2052490285997246,-0.2774799360720294,1.665873563410129,0.694132272604467,-0.8099535646242942,-0.6845760094474422,1.046840579843416,0.0020622247430616,36,1,0,2023-10-01,2023
2023-10,-0.18124160614149062,-0.19529481451610978,1.665873563410129,0.694132272604467,-0.8099535646242942,-0.6845760094474422,1.046840579843416,0.0020622247430616,37,0,0,2023-10-01,2023
2023-10,-0.2048188783660101,-0.2779882905983627,1.665873563410129,0.694132272604467,-0.8099535646242942,-0.6845760094474422,1.046840579843416,0.0020622247430616,37,1,0,2023-10-01,2023
2023-10,-0.19528178176160332,-0.2783689145498762,1.665873563410129,0.694132272604467,-0.8099535646242942,-0.6845760094474422,1.046840579843416,0.0020622247430616,39,1,0,2023-10-01,2023
2023-10,-0.2049232662888362,-0.27839544390252086,1.665873563410129,0.694132272604467,-0.8099535646242942,-0.6845760094474422,1.046840579843416,0.0020622247430616,41,1,0,2023-10-01,2023
2023-10,-0.1900659852038432,-0.22391756878619065,1.665873563410129,0.694132272604467,-0.8099535646242942,-0.6845760094474422,1.046840579843416,0.0020622247430616,41,0,0,2023-10-01,2023
2023-10,-0.07357986208053417,0.1200896824545311,1.665873563410129,0.694132272604467,-0.8099535646242942,-0.6845760094474422,1.046840579843416,0.0020622247430616,44,0,0,2023-10-01,2023
2023-10,0.016546510737407535,1.221460996269996,1.665873563410129,0.694132272604467,-0.8099535646242942,-0.6845760094474422,1.046840579843416,0.0020622247430616,44,1,0,2023-10-01,2023
2023-10,-0.20336104702999017,-0.27037911483379123,1.665873563410129,0.694132272604467,-0.8099535646242942,-0.6845760094474422,1.046840579843416,0.0020622247430616,46,1,0,2023-10-01,2023
2023-10,-0.20518243630412863,-0.2785465080924666,1.665873563410129,0.694132272604467,-0.8099535646242942,-0.6845760094474422,1.046840579843416,0.0020622247430616,46,0,0,2023-10-01,2023
2023-10,-0.20124449190510202,-0.27077424218626417,1.665873563410129,0.694132272604467,-0.8099535646242942,-0.6845760094474422,1.046840579843416,0.0020622247430616,48,1,0,2023-10-01,2023
2023-10,-0.20264652969616315,-0.275722779367534,1.665873563410129,0.694132272604467,-0.8099535646242942,-0.6845760094474422,1.046840579843416,0.0020622247430616,49,1,0,2023-10-01,2023
2023-10,-0.20332865077807863,-0.27695172324135764,1.665873563410129,0.694132272604467,-0.8099535646242942,-0.6845760094474422,1.046840579843416,0.0020622247430616,49,0,0,2023-10-01,2023
2023-10,-0.20512124338385124,-0.27913688081360866,1.665873563410129,0.694132272604467,-0.8099535646242942,-0.6845760094474422,1.046840579843416,0.0020622247430616,50,1,0,2023-10-01,2023
2023-10,-0.05521298703845623,-0.22002617125338175,1.665873563410129,0.694132272604467,-0.8099535646242942,-0.6845760094474422,1.046840579843416,0.0020622247430616,51,1,0,2023-10-01,2023
2023-10,-0.20094032709548798,-0.27354482188223606,1.665873563410129,0.694132272604467,-0.8099535646242942,-0.6845760094474422,1.046840579843416,0.0020622247430616,51,0,0,2023-10-01,2023
2023-10,-0.20515723921930853,0.09261408182320732,1.665873563410129,0.694132272604467,-0.8099535646242942,-0.6845760094474422,1.046840579843416,0.0020622247430616,52,1,0,2023-10-01,2023
2023-10,-0.20506724963066533,-0.08252514295511323,1.665873563410129,0.694132272604467,-0.8099535646242942,-0.6845760094474422,1.046840579843416,0.0020622247430616,53,1,0,2023-10-01,2023
2023-10,-0.06570937265779955,-0.13904469003989658,1.665873563410129,0.694132272604467,-0.8099535646242942,-0.6845760094474422,1.046840579843416,0.0020622247430616,60,0,0,2023-10-01,2023
2023-10,-0.20531202131177484,-0.27958080015317643,1.665873563410129,0.694132272604467,-0.8099535646242942,-0.6845760094474422,1.046840579843416,0.0020622247430616,61,0,0,2023-10-01,2023
2023-10,-0.2051194435920784,-0.27857992785090513,1.665873563410129,0.694132272604467,-0.8099535646242942,-0.6845760094474422,1.046840579843416,0.0020622247430616,61,1,0,2023-10-01,2023
2023-10,-0.200569569990278,-0.2755680807250939,1.665873563410129,0.694132272604467,-0.8099535646242942,-0.6845760094474422,1.046840579843416,0.0020622247430616,67,0,0,2023-10-01,2023
2023-10,-0.19676481018244332,-0.27758199751964696,1.665873563410129,0.694132272604467,-0.8099535646242942,-0.6845760094474422,1.046840579843416,0.0020622247430616,67,1,0,2023-10-01,2023
2023-10,-0.20529042381050047,-0.20497783037955417,1.665873563410129,0.694132272604467,-0.8099535646242942,-0.6845760094474422,1.046840579843416,0.0020622247430616,68,1,0,2023-10-01,2023
2023-10,-0.19978666056908212,-0.16858219514207953,1.665873563410129,0.694132272604467,-0.8099535646242942,-0.6845760094474422,1.046840579843416,0.0020622247430616,72,1,0,2023-10-01,2023
2023-10,-0.20485127461792163,-0.27943925435775124,1.665873563410129,0.694132272604467,-0.8099535646242942,-0.6845760094474422,1.046840579843416,0.0020622247430616,77,1,0,2023-10-01,2023
2023-10,-0.20510144567434974,-0.27951421870393206,1.665873563410129,0.694132272604467,-0.8099535646242942,-0.6845760094474422,1.046840579843416,0.0020622247430616,77,0,0,2023-10-01,2023
2023-10,-0.19753512106122914,-0.2718369819023553,1.665873563410129,0.694132272604467,-0.8099535646242942,-0.6845760094474422,1.046840579843416,0.0020622247430616,78,1,0,2023-10-01,2023
2023-10,-0.20279771220508372,-0.27621817029644974,1.665873563410129,0.694132272604467,-0.8099535646242942,-0.6845760094474422,1.046840579843416,0.0020622247430616,78,0,0,2023-10-01,2023
2023-10,0.014104193301630978,-0.02545554191567468,1.665873563410129,0.694132272604467,-0.8099535646242942,-0.6845760094474422,1.046840579843416,0.0020622247430616,79,1,0,2023-10-01,2023
2023-10,-0.15138306062967552,-0.19244535644819394,1.665873563410129,0.694132272604467,-0.8099535646242942,-0.6845760094474422,1.046840579843416,0.0020622247430616,79,0,0,2023-10-01,2023
2023-10,-0.020500403115226704,-0.24187800074239765,1.665873563410129,0.694132272604467,-0.8099535646242942,-0.6845760094474422,1.046840579843416,0.0020622247430616,80,1,0,2023-10-01,2023
2023-10,-0.1535734072172511,-0.26830468548049025,1.665873563410129,0.694132272604467,-0.8099535646242942,-0.6845760094474422,1.046840579843416,0.0020622247430616,80,0,0,2023-10-01,2023
2023-10,-0.19939970533791634,-0.26455008959979154,1.665873563410129,0.694132272604467,-0.8099535646242942,-0.6845760094474422,1.046840579843416,0.0020622247430616,81,1,0,2023-10-01,2023
2023-10,-0.19558774636299023,-0.27559000357049435,1.665873563410129,0.694132272604467,-0.8099535646242942,-0.6845760094474422,1.046840579843416,0.0020622247430616,81,0,0,2023-10-01,2023
2023-10,-0.2052994227693648,-0.27952651562663167,1.665873563410129,0.694132272604467,-0.8099535646242942,-0.6845760094474422,1.046840579843416,0.0020622247430616,84,0,0,2023-10-01,2023
2023-10,-0.2049232662888362,-0.23623952834727857,1.665873563410129,0.694132272604467,-0.8099535646242942,-0.6845760094474422,1.046840579843416,0.0020622247430616,84,1,0,2023-10-01,2023
2023-10,-0.20432033604492675,-0.2780876208302005,1.665873563410129,0.694132272604467,-0.8099535646242942,-0.6845760094474422,1.046840579843416,0.0020622247430616,86,1,0,2023-10-01,2023
2023-10,-0.19134563715434957,-0.24537898065703093,1.665873563410129,0.694132272604467,-0.8099535646242942,-0.6845760094474422,1.046840579843416,0.0020622247430616,87,1,0,2023-10-01,2023
2023-10,-0.1990253486491606,-0.2680851774532173,1.665873563410129,0.694132272604467,-0.8099535646242942,-0.6845760094474422,1.046840579843416,0.0020622247430616,87,0,0,2023-10-01,2023
2023-10,6.850951603379141,6.4872490024257985,1.665873563410129,0.694132272604467,-0.8099535646242942,-0.6845760094474422,1.046840579843416,0.0020622247430616,88,1,0,2023-10-01,2023
2023-10,4.887026019996947,2.9900241912062335,1.665873563410129,0.694132272604467,-0.8099535646242942,-0.6845760094474422,1.046840579843416,0.0020622247430616,88,0,0,2023-10-01,2023
2023-10,-0.1955589496946244,-0.17258971880848975,1.665873563410129,0.694132272604467,-0.8099535646242942,-0.6845760094474422,1.046840579843416,0.0020622247430616,89,1,0,2023-10-01,2023
2023-10,0.4304248270334587,0.6374946879800206,1.665873563410129,0.694132272604467,-0.8099535646242942,-0.6845760094474422,1.046840579843416,0.0020622247430616,89,0,0,2023-10-01,2023
2023-10,0.2130261789974335,1.9637617801561038,1.665873563410129,0.694132272604467,-0.8099535646242942,-0.6845760094474422,1.046840579843416,0.0020622247430616,90,0,0,2023-10-01,2023
2023-10,-0.20369760809151577,-0.27538566992002594,1.665873563410129,0.694132272604467,-0.8099535646242942,-0.6845760094474422,1.046840579843416,0.0020622247430616,90,1,0,2023-10-01,2023
2023-10,-0.2051788367205829,-0.2793312530534537,1.665873563410129,0.694132272604467,-0.8099535646242942,-0.6845760094474422,1.046840579843416,0.0020622247430616,93,0,0,2023-10-01,2023
2023-10,-0.20512124338385124,-0.17404418368542898,1.665873563410129,0.694132272604467,-0.8099535646242942,-0.6845760094474422,1.046840579843416,0.0020622247430616,93,1,0,2023-10-01,2023
2023-10,-0.20276531595317218,-0.2732626163235914,1.665873563410129,0.694132272604467,-0.8099535646242942,-0.6845760094474422,1.046840579843416,0.0020622247430616,94,0,0,2023-10-01,2023
2023-10,-0.20372820455165444,0.6054054918468202,1.665873563410129,0.694132272604467,-0.8099535646242942,-0.6845760094474422,1.046840579843416,0.0020622247430616,94,1,0,2023-10-01,2023
2023-10,-0.20380919518143334,-0.27785257283030995,1.665873563410129,0.694132272604467,-0.8099535646242942,-0.6845760094474422,1.046840579843416,0.0020622247430616,97,1,0,2023-10-01,2023
2023-10,-0.20432933500379105,-0.2776107806629508,1.665873563410129,0.694132272604467,-0.8099535646242942,-0.6845760094474422,1.046840579843416,0.0020622247430616,97,0,0,2023-10-01,2023
2023-10,-0.08830215878256235,0.6251009124978711,1.665873563410129,0.694132272604467,-0.8099535646242942,-0.6845760094474422,1.046840579843416,0.0020622247430616,98,1,0,2023-10-01,2023
2023-10,-0.1566510511488487,-0.20958866025663342,1.665873563410129,0.694132272604467,-0.8099535646242942,-0.6845760094474422,1.046840579843416,0.0020622247430616,98,0,0,2023-10-01,2023
2023-10,-0.14974884969991495,-0.22766745923371925,1.665873563410129,0.694132272604467,-0.8099535646242942,-0.6845760094474422,1.046840579843416,0.0020622247430616,100,1,0,2023-10-01,2023
2023-10,-0.1937555583382146,-0.26077991933745753,1.665873563410129,0.694132272604467,-0.8099535646242942,-0.6845760094474422,1.046840579843416,0.0020622247430616,100,0,0,2023-10-01,2023
2023-10,0.42730938747463093,0.12312183520191095,1.665873563410129,0.694132272604467,-0.8099535646242942,-0.6845760094474422,1.046840579843416,0.0020622247430616,101,0,0,2023-10-01,2023
2023-10,1.0991068637809691,0.5365967382846696,1.665873563410129,0.694132272604467,-0.8099535646242942,-0.6845760094474422,1.046840579843416,0.0020622247430616,101,1,0,2023-10-01,2023
2023-11,-0.13238445867532228,-0.22891472590946677,1.665873563410129,0.694132272604467,-0.8898795206690335,-0.7473686185980004,1.0513203847919728,0.0021418721504239,0,1,0,2023-11-01,2023
2023-11,-0.18112641946802732,-0.26790947640660023,1.665873563410129,0.694132272604467,-0.8898795206690335,-0.7473686185980004,1.0513203847919728,0.0021418721504239,0,0,0,2023-11-01,2023
2023-11,-0.2038451910168906,-0.19811548944072177,1.665873563410129,0.694132272604467,-0.8898795206690335,-0.7473686185980004,1.0513203847919728,0.0021418721504239,1,1,0,2023-11-01,2023
2023-11,-0.20527062610099897,-0.2791678962419356,1.665873563410129,0.694132272604467,-0.8898795206690335,-0.7473686185980004,1.0513203847919728,0.0021418721504239,1,0,0,2023-11-01,2023
2023-11,-0.20266632740566465,-0.26764933563055393,1.665873563410129,0.694132272604467,-0.8898795206690335,-0.7473686185980004,1.0513203847919728,0.0021418721504239,2,1,0,2023-11-01,2023
2023-11,-0.20429153937656092,-0.2745592986498795,1.665873563410129,0.694132272604467,-0.8898795206690335,-0.7473686185980004,1.0513203847919728,0.0021418721504239,2,0,0,2023-11-01,2023
2023-11,-0.20531202131177484,-0.2795676387039072,1.665873563410129,0.694132272604467,-0.8898795206690335,-0.7473686185980004,1.0513203847919728,0.0021418721504239,3,0,0,2023-11-01,2023
2023-11,-0.20528142485163614,-0.2787329834627501,1.665873563410129,0.694132272604467,-0.8898795206690335,-0.7473686185980004,1.0513203847919728,0.0021418721504239,3,1,0,2023-11-01,2023
2023-11,-0.18071246736026858,-0.1493144957855153,1.665873563410129,0.694132272604467,-0.8898795206690335,-0.7473686185980004,1.0513203847919728,0.0021418721504239,5,0,0,2023-11-01,2023
2023-11,-0.08604881948293652,0.40889984129101287,1.665873563410129,0.694132272604467,-0.8898795206690335,-0.7473686185980004,1.0513203847919728,0.0021418721504239,5,1,0,2023-11-01,2023
2023-11,-0.2052130327642673,-0.2771396093813667,1.665873563410129,0.694132272604467,-0.8898795206690335,-0.7473686185980004,1.0513203847919728,0.0021418721504239,6,1,0,2023-11-01,2023
2023-11,-0.2048530744096945,-0.27347852000626055,1.665873563410129,0.694132272604467,-0.8898795206690335,-0.7473686185980004,1.0513203847919728,0.0021418721504239,6,0,0,2023-11-01,2023
2023-11,-0.20356262370855097,-0.27466710640345243,1.665873563410129,0.694132272604467,-0.8898795206690335,-0.7473686185980004,1.0513203847919728,0.0021418721504239,8,1,0,2023-11-01,2023
2023-11,-0.20526702651745324,-0.27956701504046144,1.665873563410129,0.694132272604467,-0.8898795206690335,-0.7473686185980004,1.0513203847919728,0.0021418721504239,8,0,0,2023-11-01,2023
2023-11,-0.2047828825305528,-0.2737351080512296,1.665873563410129,0.694132272604467,-0.8898795206690335,-0.7473686185980004,1.0513203847919728,0.0021418721504239,9,0,0,2023-11-01,2023
2023-11,-0.20435453208861115,-0.214380670816398,1.665873563410129,0.694132272604467,-0.8898795206690335,-0.7473686185980004,1.0513203847919728,0.0021418721504239,9,1,0,2023-11-01,2023
2023-11,-0.20463709939695082,-0.27811941906368004,1.665873563410129,0.694132272604467,-0.8898795206690335,-0.7473686185980004,1.0513203847919728,0.0021418721504239,12,0,0,2023-11-01,2023
2023-11,-0.20004583058437453,-0.2706013927869888,1.665873563410129,0.694132272604467,-0.8898795206690335,-0.7473686185980004,1.0513203847919728,0.0021418721504239,12,1,0,2023-11-01,2023
2023-11,-0.20475048627864126,-0.27942636818062355,1.665873563410129,0.694132272604467,-0.8898795206690335,-0.7473686185980004,1.0513203847919728,0.0021418721504239,13,0,0,2023-11-01,2023
2023-11,-0.20461550189567645,-0.2793930774560014,1.665873563410129,0.694132272604467,-0.8898795206690335,-0.7473686185980004,1.0513203847919728,0.0021418721504239,13,1,0,2023-11-01,2023
2023-11,-0.20525622776681607,-0.2794496329777142,1.665873563410129,0.694132272604467,-0.8898795206690335,-0.7473686185980004,1.0513203847919728,0.0021418721504239,14,1,0,2023-11-01,2023
2023-11,-0.20498625900088643,-0.2776473402442542,1.665873563410129,0.694132272604467,-0.8898795206690335,-0.7473686185980004,1.0513203847919728,0.0021418721504239,14,0,0,2023-11-01,2023
2023-11,-0.2052796250598633,-0.2794263466749875,1.665873563410129,0.694132272604467,-0.8898795206690335,-0.7473686185980004,1.0513203847919728,0.0021418721504239,15,1,0,2023-11-01,2023
2023-11,-0.20405936623786144,-0.27867321930013705,1.665873563410129,0.694132272604467,-0.8898795206690335,-0.7473686185980004,1.0513203847919728,0.0021418721504239,18,1,0,2023-11-01,2023
2023-11,-0.2051932350547658,-0.2793155926492742,1.665873563410129,0.694132272604467,-0.8898795206690335,-0.7473686185980004,1.0513203847919728,0.0021418721504239,18,0,0,2023-11-01,2023
2023-11,-0.20457050710135485,-0.2585736518328492,1.665873563410129,0.694132272604467,-0.8898795206690335,-0.7473686185980004,1.0513203847919728,0.0021418721504239,19,1,0,2023-11-01,2023
2023-11,-0.20530482214468337,-0.2794306908134718,1.665873563410129,0.694132272604467,-0.8898795206690335,-0.7473686185980004,1.0513203847919728,0.0021418721504239,19,0,0,2023-11-01,2023
2023-11,-0.2053138211035477,-0.2795787356121146,1.665873563410129,0.694132272604467,-0.8898795206690335,-0.7473686185980004,1.0513203847919728,0.0021418721504239,21,1,0,2023-11-01,2023
2023-11,-0.20501145608570653,1.4867589055650954,1.665873563410129,0.694132272604467,-0.8898795206690335,-0.7473686185980004,1.0513203847919728,0.0021418721504239,24,1,0,2023-11-01,2023
2023-11,-0.20526702651745324,-0.27375014909309053,1.665873563410129,0.694132272604467,-0.8898795206690335,-0.7473686185980004,1.0513203847919728,0.0021418721504239,27,1,0,2023-11-01,2023
2023-11,-0.20305148284505756,-0.27936858253652813,1.665873563410129,0.694132272604467,-0.8898795206690335,-0.7473686185980004,1.0513203847919728,0.0021418721504239,28,1,0,2023-11-01,2023
2023-11,-0.20442112438420712,-0.27949529374419857,1.665873563410129,0.694132272604467,-0.8898795206690335,-0.7473686185980004,1.0513203847919728,0.0021418721504239,28,0,0,2023-11-01,2023
2023-11,-0.20259613552652295,-0.2721769386960778,1.665873563410129,0.694132272604467,-0.8898795206690335,-0.7473686185980004,1.0513203847919728,0.0021418721504239,30,1,0,2023-11-01,2023
2023-11,-0.20288230241840832,-0.27340666967618127,1.665873563410129,0.694132272604467,-0.8898795206690335,-0.7473686185980004,1.0513203847919728,0.0021418721504239,30,0,0,2023-11-01,2023
2023-11,-0.2049088679546533,-0.24520737428351988,1.665873563410129,0.694132272604467,-0.8898795206690335,-0.7473686185980004,1.0513203847919728,0.0021418721504239,31,0,0,2023-11-01,2023
2023-11,-0.20525982735036177,-0.2792757642112895,1.665873563410129,0.694132272604467,-0.8898795206690335,-0.7473686185980004,1.0513203847919728,0.0021418721504239,31,1,0,2023-11-01,2023
2023-11,-0.2046928929419096,-0.2624068981257496,1.665873563410129,0.694132272604467,-0.8898795206690335,-0.7473686185980004,1.0513203847919728,0.0021418721504239,36,1,0,2023-11-01,2023
2023-11,-0.20459030481085635,-0.25886855862015146,1.665873563410129,0.694132272604467,-0.8898795206690335,-0.7473686185980004,1.0513203847919728,0.0021418721504239,36,0,0,2023-11-01,2023
2023-11,-0.20486207336855883,-0.2781416042778404,1.665873563410129,0.694132272604467,-0.8898795206690335,-0.7473686185980004,1.0513203847919728,0.0021418721504239,37,1,0,2023-11-01,2023
2023-11,-0.18281282435920096,-0.2063629008700523,1.665873563410129,0.694132272604467,-0.8898795206690335,-0.7473686185980004,1.0513203847919728,0.0021418721504239,37,0,0,2023-11-01,2023
2023-11,-0.19558234698767163,-0.2784198398960683,1.665873563410129,0.694132272604467,-0.8898795206690335,-0.7473686185980004,1.0513203847919728,0.0021418721504239,39,1,0,2023-11-01,2023
2023-11,-0.2049178669135176,-0.27837333610865034,1.665873563410129,0.694132272604467,-0.8898795206690335,-0.7473686185980004,1.0513203847919728,0.0021418721504239,41,1,0,2023-11-01,2023
2023-11,-0.19114046089224307,-0.22944765707669035,1.665873563410129,0.694132272604467,-0.8898795206690335,-0.7473686185980004,1.0513203847919728,0.0021418721504239,41,0,0,2023-11-01,2023
2023-11,-0.06904438681291669,0.10714927241386009,1.665873563410129,0.694132272604467,-0.8898795206690335,-0.7473686185980004,1.0513203847919728,0.0021418721504239,44,0,0,2023-11-01,2023
2023-11,0.023619692404763373,1.2742744125755074,1.665873563410129,0.694132272604467,-0.8898795206690335,-0.7473686185980004,1.0513203847919728,0.0021418721504239,44,1,0,2023-11-01,2023
2023-11,-0.20519143526299294,-0.27807742715870765,1.665873563410129,0.694132272604467,-0.8898795206690335,-0.7473686185980004,1.0513203847919728,0.0021418721504239,46,0,0,2023-11-01,2023
2023-11,-0.20356442350032383,-0.2693741005460146,1.665873563410129,0.694132272604467,-0.8898795206690335,-0.7473686185980004,1.0513203847919728,0.0021418721504239,46,1,0,2023-11-01,2023
2023-11,-0.2008539370903905,-0.2693150417682644,1.665873563410129,0.694132272604467,-0.8898795206690335,-0.7473686185980004,1.0513203847919728,0.0021418721504239,48,1,0,2023-11-01,2023
2023-11,-0.20234416467832197,-0.2755858142725897,1.665873563410129,0.694132272604467,-0.8898795206690335,-0.7473686185980004,1.0513203847919728,0.0021418721504239,49,1,0,2023-11-01,2023
2023-11,-0.2034654349528163,-0.27719787245058275,1.665873563410129,0.694132272604467,-0.8898795206690335,-0.7473686185980004,1.0513203847919728,0.0021418721504239,49,0,0,2023-11-01,2023
2023-11,-0.2051590390110814,-0.27916225746416046,1.665873563410129,0.694132272604467,-0.8898795206690335,-0.7473686185980004,1.0513203847919728,0.0021418721504239,50,1,0,2023-11-01,2023
2023-11,-0.04892271479229627,-0.22033508251088682,1.665873563410129,0.694132272604467,-0.8898795206690335,-0.7473686185980004,1.0513203847919728,0.0021418721504239,51,1,0,2023-11-01,2023
2023-11,-0.20141367233175125,-0.27373891024768515,1.665873563410129,0.694132272604467,-0.8898795206690335,-0.7473686185980004,1.0513203847919728,0.0021418721504239,51,0,0,2023-11-01,2023
2023-11,-0.2051338419262613,0.1787608168136745,1.665873563410129,0.694132272604467,-0.8898795206690335,-0.7473686185980004,1.0513203847919728,0.0021418721504239,52,1,0,2023-11-01,2023
2023-11,-0.205097846090804,-0.0929322965959981,1.665873563410129,0.694132272604467,-0.8898795206690335,-0.7473686185980004,1.0513203847919728,0.0021418721504239,53,1,0,2023-11-01,2023
2023-11,-0.07577560804342835,-0.14502372138654784,1.665873563410129,0.694132272604467,-0.8898795206690335,-0.7473686185980004,1.0513203847919728,0.0021418721504239,60,0,0,2023-11-01,2023
2023-11,-0.205018655252798,-0.27835239822138147,1.665873563410129,0.694132272604467,-0.8898795206690335,-0.7473686185980004,1.0513203847919728,0.0021418721504239,61,1,0,2023-11-01,2023
2023-11,-0.19941050408855351,-0.2756642238216675,1.665873563410129,0.694132272604467,-0.8898795206690335,-0.7473686185980004,1.0513203847919728,0.0021418721504239,67,0,0,2023-11-01,2023
2023-11,-0.19527638238628472,-0.27722539106248617,1.665873563410129,0.694132272604467,-0.8898795206690335,-0.7473686185980004,1.0513203847919728,0.0021418721504239,67,1,0,2023-11-01,2023
2023-11,-0.20527782526809044,-0.20178864777878533,1.665873563410129,0.694132272604467,-0.8898795206690335,-0.7473686185980004,1.0513203847919728,0.0021418721504239,68,1,0,2023-11-01,2023
2023-11,-0.19776909399170148,-0.10773523665673548,1.665873563410129,0.694132272604467,-0.8898795206690335,-0.7473686185980004,1.0513203847919728,0.0021418721504239,72,1,0,2023-11-01,2023
2023-11,-0.20507084921421107,-0.2795044981564326,1.665873563410129,0.694132272604467,-0.8898795206690335,-0.7473686185980004,1.0513203847919728,0.0021418721504239,77,0,0,2023-11-01,2023
2023-11,-0.20490166878756183,-0.27945338786177043,1.665873563410129,0.694132272604467,-0.8898795206690335,-0.7473686185980004,1.0513203847919728,0.0021418721504239,77,1,0,2023-11-01,2023
2023-11,-0.20305328263683042,-0.27273522070708983,1.665873563410129,0.694132272604467,-0.8898795206690335,-0.7473686185980004,1.0513203847919728,0.0021418721504239,78,0,0,2023-11-01,2023
2023-11,-0.19607548993343638,-0.2668360827984046,1.665873563410129,0.694132272604467,-0.8898795206690335,-0.7473686185980004,1.0513203847919728,0.0021418721504239,78,1,0,2023-11-01,2023
2023-11,-0.15186180524125736,-0.18725830455850065,1.665873563410129,0.694132272604467,-0.8898795206690335,-0.7473686185980004,1.0513203847919728,0.0021418721504239,79,0,0,2023-11-01,2023
2023-11,0.13176018107730167,0.08241081451556082,1.665873563410129,0.694132272604467,-0.8898795206690335,-0.7473686185980004,1.0513203847919728,0.0021418721504239,79,1,0,2023-11-01,2023
2023-11,-0.030237276606421382,-0.24261255584994598,1.665873563410129,0.694132272604467,-0.8898795206690335,-0.7473686185980004,1.0513203847919728,0.0021418721504239,80,1,0,2023-11-01,2023
2023-11,-0.15447150331191029,-0.26930971697277567,1.665873563410129,0.694132272604467,-0.8898795206690335,-0.7473686185980004,1.0513203847919728,0.0021418721504239,80,0,0,2023-11-01,2023
2023-11,-0.19884896905541993,-0.262824313919436,1.665873563410129,0.694132272604467,-0.8898795206690335,-0.7473686185980004,1.0513203847919728,0.0021418721504239,81,1,0,2023-11-01,2023
2023-11,-0.1929276541226971,-0.2746378286305192,1.665873563410129,0.694132272604467,-0.8898795206690335,-0.7473686185980004,1.0513203847919728,0.0021418721504239,81,0,0,2023-11-01,2023
2023-11,-0.20513564171803417,-0.2793991248408617,1.665873563410129,0.694132272604467,-0.8898795206690335,-0.7473686185980004,1.0513203847919728,0.0021418721504239,84,0,0,2023-11-01,2023
2023-11,-0.20491966670529047,-0.23573580183382561,1.665873563410129,0.694132272604467,-0.8898795206690335,-0.7473686185980004,1.0513203847919728,0.0021418721504239,84,1,0,2023-11-01,2023
2023-11,-0.20475048627864126,-0.27876247199091675,1.665873563410129,0.694132272604467,-0.8898795206690335,-0.7473686185980004,1.0513203847919728,0.0021418721504239,86,1,0,2023-11-01,2023
2023-11,-0.19941230388032638,-0.2680792031875196,1.665873563410129,0.694132272604467,-0.8898795206690335,-0.7473686185980004,1.0513203847919728,0.0021418721504239,87,0,0,2023-11-01,2023
2023-11,-0.18948825204475384,-0.22641202901852306,1.665873563410129,0.694132272604467,-0.8898795206690335,-0.7473686185980004,1.0513203847919728,0.0021418721504239,87,1,0,2023-11-01,2023
2023-11,4.663623266606647,2.8650866178586343,1.665873563410129,0.694132272604467,-0.8898795206690335,-0.7473686185980004,1.0513203847919728,0.0021418721504239,88,0,0,2023-11-01,2023
2023-11,6.470930969914209,6.304583093201709,1.665873563410129,0.694132272604467,-0.8898795206690335,-0.7473686185980004,1.0513203847919728,0.0021418721504239,88,1,0,2023-11-01,2023
2023-11,-0.19496501840957925,-0.17928583408395352,1.665873563410129,0.694132272604467,-0.8898795206690335,-0.7473686185980004,1.0513203847919728,0.0021418721504239,89,1,0,2023-11-01,2023
2023-11,0.3850430774806909,0.5670602287632328,1.665873563410129,0.694132272604467,-0.8898795206690335,-0.7473686185980004,1.0513203847919728,0.0021418721504239,89,0,0,2023-11-01,2023
2023-11,0.22048631589595513,1.7790428439877208,1.665873563410129,0.694132272604467,-0.8898795206690335,-0.7473686185980004,1.0513203847919728,0.0021418721504239,90,0,0,2023-11-01,2023
2023-11,-0.20390818372894087,-0.27068876588517676,1.665873563410129,0.694132272604467,-0.8898795206690335,-0.7473686185980004,1.0513203847919728,0.0021418721504239,90,1,0,2023-11-01,2023
2023-11,-0.20518783567944723,-0.2793582555300917,1.665873563410129,0.694132272604467,-0.8898795206690335,-0.7473686185980004,1.0513203847919728,0.0021418721504239,93,0,0,2023-11-01,2023
2023-11,-0.20515543942753567,-0.1673981937464958,1.665873563410129,0.694132272604467,-0.8898795206690335,-0.7473686185980004,1.0513203847919728,0.0021418721504239,93,1,0,2023-11-01,2023
2023-11,-0.20263573094552595,-0.2731677764685631,1.665873563410129,0.694132272604467,-0.8898795206690335,-0.7473686185980004,1.0513203847919728,0.0021418721504239,94,0,0,2023-11-01,2023
2023-11,-0.20372280517633587,0.1861277057812574,1.665873563410129,0.694132272604467,-0.8898795206690335,-0.7473686185980004,1.0513203847919728,0.0021418721504239,94,1,0,2023-11-01,2023
2023-11,-0.20443192313484432,-0.2778215100895837,1.665873563410129,0.694132272604467,-0.8898795206690335,-0.7473686185980004,1.0513203847919728,0.0021418721504239,97,0,0,2023-11-01,2023
2023-11,-0.20398917435871974,-0.27809929408945433,1.665873563410129,0.694132272604467,-0.8898795206690335,-0.7473686185980004,1.0513203847919728,0.0021418721504239,97,1,0,2023-11-01,2023
2023-11,-0.08964660323689183,0.5461877143269008,1.665873563410129,0.694132272604467,-0.8898795206690335,-0.7473686185980004,1.0513203847919728,0.0021418721504239,98,1,0,2023-11-01,2023
2023-11,-0.15760134120492092,-0.21024886607919224,1.665873563410129,0.694132272604467,-0.8898795206690335,-0.7473686185980004,1.0513203847919728,0.0021418721504239,98,0,0,2023-11-01,2023
2023-11,-0.19462485776450794,-0.26325382878397025,1.665873563410129,0.694132272604467,-0.8898795206690335,-0.7473686185980004,1.0513203847919728,0.0021418721504239,100,0,0,2023-11-01,2023
2023-11,-0.15135606375308255,-0.2290881688642974,1.665873563410129,0.694132272604467,-0.8898795206690335,-0.7473686185980004,1.0513203847919728,0.0021418721504239,100,1,0,2023-11-01,2023
2023-11,0.39766501718378666,0.08676603270354818,1.665873563410129,0.694132272604467,-0.8898795206690335,-0.7473686185980004,1.0513203847919728,0.0021418721504239,101,0,0,2023-11-01,2023
2023-11,1.0262188965635197,0.49351034267511035,1.665873563410129,0.694132272604467,-0.8898795206690335,-0.7473686185980004,1.0513203847919728,0.0021418721504239,101,1,0,2023-11-01,2023
2023-12,-0.180455097136749,-0.26707076090135484,1.665873563410129,0.694132272604467,-0.8391944236014532,-0.7005146126908498,1.3958581108355195,0.0022744480545255,0,0,0,2023-12-01,2023
2023-12,-0.13751386522798492,-0.2302799251922447,1.665873563410129,0.694132272604467,-0.8391944236014532,-0.7005146126908498,1.3958581108355195,0.0022744480545255,0,1,0,2023-12-01,2023
2023-12,-0.20320266535397813,-0.21623367383968944,1.665873563410129,0.694132272604467,-0.8391944236014532,-0.7005146126908498,1.3958581108355195,0.0022744480545255,1,1,0,2023-12-01,2023
2023-12,-0.2052292308902231,-0.2784100935418055,1.665873563410129,0.694132272604467,-0.8391944236014532,-0.7005146126908498,1.3958581108355195,0.0022744480545255,1,0,0,2023-12-01,2023
2023-12,-0.20262673198666165,-0.26633359500958875,1.665873563410129,0.694132272604467,-0.8391944236014532,-0.7005146126908498,1.3958581108355195,0.0022744480545255,2,1,0,2023-12-01,2023
2023-12,-0.20437432979811265,-0.2753066840199017,1.665873563410129,0.694132272604467,-0.8391944236014532,-0.7005146126908498,1.3958581108355195,0.0022744480545255,2,0,0,2023-12-01,2023
2023-12,-0.20530302235291054,-0.27956559566848144,1.665873563410129,0.694132272604467,-0.8391944236014532,-0.7005146126908498,1.3958581108355195,0.0022744480545255,3,0,0,2023-12-01,2023
2023-12,-0.20530302235291054,-0.27936079749627407,1.665873563410129,0.694132272604467,-0.8391944236014532,-0.7005146126908498,1.3958581108355195,0.0022744480545255,3,1,0,2023-12-01,2023
2023-12,-0.177595228009668,-0.11859280003815127,1.665873563410129,0.694132272604467,-0.8391944236014532,-0.7005146126908498,1.3958581108355195,0.0022744480545255,5,0,0,2023-12-01,2023
2023-12,-0.07129952590431539,0.518846721772809,1.665873563410129,0.694132272604467,-0.8391944236014532,-0.7005146126908498,1.3958581108355195,0.0022744480545255,5,1,0,2023-12-01,2023
2023-12,-0.20483687628373873,-0.27226396340296155,1.665873563410129,0.694132272604467,-0.8391944236014532,-0.7005146126908498,1.3958581108355195,0.0022744480545255,6,0,0,2023-12-01,2023
2023-12,-0.20522563130667737,-0.27790336054043124,1.665873563410129,0.694132272604467,-0.8391944236014532,-0.7005146126908498,1.3958581108355195,0.0022744480545255,6,1,0,2023-12-01,2023
2023-12,-0.2052688263092261,-0.27955471381663466,1.665873563410129,0.694132272604467,-0.8391944236014532,-0.7005146126908498,1.3958581108355195,0.0022744480545255,8,0,0,2023-12-01,2023
2023-12,-0.20348343287054493,-0.2729440447343678,1.665873563410129,0.694132272604467,-0.8391944236014532,-0.7005146126908498,1.3958581108355195,0.0022744480545255,8,1,0,2023-12-01,2023
2023-12,-0.20435993146392975,-0.2183479359321023,1.665873563410129,0.694132272604467,-0.8391944236014532,-0.7005146126908498,1.3958581108355195,0.0022744480545255,9,1,0,2023-12-01,2023
2023-12,-0.20473608794445833,-0.27208294186198306,1.665873563410129,0.694132272604467,-0.8391944236014532,-0.7005146126908498,1.3958581108355195,0.0022744480545255,9,0,0,2023-12-01,2023
2023-12,-0.2046388991887237,-0.2779428276837301,1.665873563410129,0.694132272604467,-0.8391944236014532,-0.7005146126908498,1.3958581108355195,0.0022744480545255,12,0,0,2023-12-01,2023
2023-12,-0.20059656686687094,-0.270517103597012,1.665873563410129,0.694132272604467,-0.8391944236014532,-0.7005146126908498,1.3958581108355195,0.0022744480545255,12,1,0,2023-12-01,2023
2023-12,-0.20471449044318396,-0.2794104109986664,1.665873563410129,0.694132272604467,-0.8391944236014532,-0.7005146126908498,1.3958581108355195,0.0022744480545255,13,1,0,2023-12-01,2023
2023-12,-0.20489087003692466,-0.27947535801957013,1.665873563410129,0.694132272604467,-0.8391944236014532,-0.7005146126908498,1.3958581108355195,0.0022744480545255,13,0,0,2023-12-01,2023
2023-12,-0.20493766462301913,-0.2772860670640682,1.665873563410129,0.694132272604467,-0.8391944236014532,-0.7005146126908498,1.3958581108355195,0.0022744480545255,14,0,0,2023-12-01,2023
2023-12,-0.2052544279750432,-0.27934597581190096,1.665873563410129,0.694132272604467,-0.8391944236014532,-0.7005146126908498,1.3958581108355195,0.0022744480545255,14,1,0,2023-12-01,2023
2023-12,-0.2052796250598633,-0.27941532718706996,1.665873563410129,0.694132272604467,-0.8391944236014532,-0.7005146126908498,1.3958581108355195,0.0022744480545255,15,1,0,2023-12-01,2023
2023-12,-0.20418355187018905,-0.2785794977381839,1.665873563410129,0.694132272604467,-0.8391944236014532,-0.7005146126908498,1.3958581108355195,0.0022744480545255,18,1,0,2023-12-01,2023
2023-12,-0.20515543942753567,-0.2792000643723554,1.665873563410129,0.694132272604467,-0.8391944236014532,-0.7005146126908498,1.3958581108355195,0.0022744480545255,18,0,0,2023-12-01,2023
2023-12,-0.20530302235291054,-0.27926724797940944,1.665873563410129,0.694132272604467,-0.8391944236014532,-0.7005146126908498,1.3958581108355195,0.0022744480545255,19,0,0,2023-12-01,2023
2023-12,-0.20469469273368246,-0.26494618900701444,1.665873563410129,0.694132272604467,-0.8391944236014532,-0.7005146126908498,1.3958581108355195,0.0022744480545255,19,1,0,2023-12-01,2023
2023-12,-0.2053084217282291,-0.2795575740662307,1.665873563410129,0.694132272604467,-0.8391944236014532,-0.7005146126908498,1.3958581108355195,0.0022744480545255,21,1,0,2023-12-01,2023
2023-12,-0.20503485337875377,1.4869883405939741,1.665873563410129,0.694132272604467,-0.8391944236014532,-0.7005146126908498,1.3958581108355195,0.0022744480545255,24,1,0,2023-12-01,2023
2023-12,-0.20527242589277184,-0.2743614597015014,1.665873563410129,0.694132272604467,-0.8391944236014532,-0.7005146126908498,1.3958581108355195,0.0022744480545255,27,1,0,2023-12-01,2023
2023-12,-0.20385239018398207,-0.2794560244527515,1.665873563410129,0.694132272604467,-0.8391944236014532,-0.7005146126908498,1.3958581108355195,0.0022744480545255,28,0,0,2023-12-01,2023
2023-12,-0.20237656093023354,-0.2793171840663427,1.665873563410129,0.694132272604467,-0.8391944236014532,-0.7005146126908498,1.3958581108355195,0.0022744480545255,28,1,0,2023-12-01,2023
2023-12,-0.20242335551632798,-0.2702489068096973,1.665873563410129,0.694132272604467,-0.8391944236014532,-0.7005146126908498,1.3958581108355195,0.0022744480545255,30,1,0,2023-12-01,2023
2023-12,-0.20259613552652295,-0.27015990788542316,1.665873563410129,0.694132272604467,-0.8391944236014532,-0.7005146126908498,1.3958581108355195,0.0022744480545255,30,0,0,2023-12-01,2023
2023-12,-0.20489986899578896,-0.24541020253946405,1.665873563410129,0.694132272604467,-0.8391944236014532,-0.7005146126908498,1.3958581108355195,0.0022744480545255,31,0,0,2023-12-01,2023
2023-12,-0.2052580275585889,-0.2792549037443105,1.665873563410129,0.694132272604467,-0.8391944236014532,-0.7005146126908498,1.3958581108355195,0.0022744480545255,31,1,0,2023-12-01,2023
2023-12,-0.2049682610831578,-0.2695777159082386,1.665873563410129,0.694132272604467,-0.8391944236014532,-0.7005146126908498,1.3958581108355195,0.0022744480545255,36,0,0,2023-12-01,2023
2023-12,-0.20490526837110756,-0.2675455666354332,1.665873563410129,0.694132272604467,-0.8391944236014532,-0.7005146126908498,1.3958581108355195,0.0022744480545255,36,1,0,2023-12-01,2023
2023-12,-0.2048530744096945,-0.27805628281733263,1.665873563410129,0.694132272604467,-0.8391944236014532,-0.7005146126908498,1.3958581108355195,0.0022744480545255,37,1,0,2023-12-01,2023
2023-12,-0.1804604965120676,-0.18592812935461142,1.665873563410129,0.694132272604467,-0.8391944236014532,-0.7005146126908498,1.3958581108355195,0.0022744480545255,37,0,0,2023-12-01,2023
2023-12,-0.19520619050714302,-0.2783800544693557,1.665873563410129,0.694132272604467,-0.8391944236014532,-0.7005146126908498,1.3958581108355195,0.0022744480545255,39,1,0,2023-12-01,2023
2023-12,-0.20490166878756183,-0.27805618819253397,1.665873563410129,0.694132272604467,-0.8391944236014532,-0.7005146126908498,1.3958581108355195,0.0022744480545255,41,1,0,2023-12-01,2023
2023-12,-0.1892794761991016,-0.214588746447541,1.665873563410129,0.694132272604467,-0.8391944236014532,-0.7005146126908498,1.3958581108355195,0.0022744480545255,41,0,0,2023-12-01,2023
2023-12,0.025842435244250513,1.4851270105883998,1.665873563410129,0.694132272604467,-0.8391944236014532,-0.7005146126908498,1.3958581108355195,0.0022744480545255,44,1,0,2023-12-01,2023
2023-12,-0.062194379325396,0.19140507274015175,1.665873563410129,0.694132272604467,-0.8391944236014532,-0.7005146126908498,1.3958581108355195,0.0022744480545255,44,0,0,2023-12-01,2023
2023-12,-0.20478108273877993,-0.26682955368729655,1.665873563410129,0.694132272604467,-0.8391944236014532,-0.7005146126908498,1.3958581108355195,0.0022744480545255,46,1,0,2023-12-01,2023
2023-12,-0.2052688263092261,-0.2785846246818208,1.665873563410129,0.694132272604467,-0.8391944236014532,-0.7005146126908498,1.3958581108355195,0.0022744480545255,46,0,0,2023-12-01,2023
2023-12,-0.20064156166119254,-0.2677616208575548,1.665873563410129,0.694132272604467,-0.8391944236014532,-0.7005146126908498,1.3958581108355195,0.0022744480545255,48,1,0,2023-12-01,2023
2023-12,-0.20151266087925876,-0.2723963176895344,1.665873563410129,0.694132272604467,-0.8391944236014532,-0.7005146126908498,1.3958581108355195,0.0022744480545255,49,1,0,2023-12-01,2023
2023-12,-0.20310727639001636,-0.2768073860143717,1.665873563410129,0.694132272604467,-0.8391944236014532,-0.7005146126908498,1.3958581108355195,0.0022744480545255,49,0,0,2023-12-01,2023
2023-12,-0.20517163755349144,-0.27918347922582526,1.665873563410129,0.694132272604467,-0.8391944236014532,-0.7005146126908498,1.3958581108355195,0.0022744480545255,50,1,0,2023-12-01,2023
2023-12,-0.07167208280129825,-0.2231127246577411,1.665873563410129,0.694132272604467,-0.8391944236014532,-0.7005146126908498,1.3958581108355195,0.0022744480545255,51,1,0,2023-12-01,2023
2023-12,-0.2015720540077633,-0.2734281839144965,1.665873563410129,0.694132272604467,-0.8391944236014532,-0.7005146126908498,1.3958581108355195,0.0022744480545255,51,0,0,2023-12-01,2023
2023-12,-0.2051536396357628,0.11683308398583873,1.665873563410129,0.694132272604467,-0.8391944236014532,-0.7005146126908498,1.3958581108355195,0.0022744480545255,52,1,0,2023-12-01,2023
2023-12,-0.20510144567434974,-0.06083907890885426,1.665873563410129,0.694132272604467,-0.8391944236014532,-0.7005146126908498,1.3958581108355195,0.0022744480545255,53,1,0,2023-12-01,2023
2023-12,-0.06685584001711398,-0.128796071646925,1.665873563410129,0.694132272604467,-0.8391944236014532,-0.7005146126908498,1.3958581108355195,0.0022744480545255,60,0,0,2023-12-01,2023
2023-12,-0.20499165837620503,-0.27834035506518745,1.665873563410129,0.694132272604467,-0.8391944236014532,-0.7005146126908498,1.3958581108355195,0.0022744480545255,61,1,0,2023-12-01,2023
2023-12,-0.20531022152000197,-0.2795545632771822,1.665873563410129,0.694132272604467,-0.8391944236014532,-0.7005146126908498,1.3958581108355195,0.0022744480545255,61,0,0,2023-12-01,2023
2023-12,-0.19944290034046508,-0.2758593831677924,1.665873563410129,0.694132272604467,-0.8391944236014532,-0.7005146126908498,1.3958581108355195,0.0022744480545255,67,0,0,2023-12-01,2023
2023-12,-0.19614568181257808,-0.27784194904609594,1.665873563410129,0.694132272604467,-0.8391944236014532,-0.7005146126908498,1.3958581108355195,0.0022744480545255,67,1,0,2023-12-01,2023
2023-12,-0.20527782526809044,-0.1806952532555997,1.665873563410129,0.694132272604467,-0.8391944236014532,-0.7005146126908498,1.3958581108355195,0.0022744480545255,68,1,0,2023-12-01,2023
2023-12,-0.1984998094514843,-0.13756817328374057,1.665873563410129,0.694132272604467,-0.8391944236014532,-0.7005146126908498,1.3958581108355195,0.0022744480545255,72,1,0,2023-12-01,2023
2023-12,-0.20482607753310153,-0.2794332327796542,1.665873563410129,0.694132272604467,-0.8391944236014532,-0.7005146126908498,1.3958581108355195,0.0022744480545255,77,1,0,2023-12-01,2023
2023-12,-0.20509064692371257,-0.27951042510973095,1.665873563410129,0.694132272604467,-0.8391944236014532,-0.7005146126908498,1.3958581108355195,0.0022744480545255,77,0,0,2023-12-01,2023
2023-12,-0.20326205848248266,-0.27616429437699014,1.665873563410129,0.694132272604467,-0.8391944236014532,-0.7005146126908498,1.3958581108355195,0.0022744480545255,78,0,0,2023-12-01,2023
2023-12,-0.19745053084790454,-0.2613200806995248,1.665873563410129,0.694132272604467,-0.8391944236014532,-0.7005146126908498,1.3958581108355195,0.0022744480545255,78,1,0,2023-12-01,2023
2023-12,0.06749861582718966,0.037225296781375504,1.665873563410129,0.694132272604467,-0.8391944236014532,-0.7005146126908498,1.3958581108355195,0.0022744480545255,79,1,0,2023-12-01,2023
2023-12,-0.14801385043087398,-0.18132797917639998,1.665873563410129,0.694132272604467,-0.8391944236014532,-0.7005146126908498,1.3958581108355195,0.0022744480545255,79,0,0,2023-12-01,2023
2023-12,-0.14888674944071303,-0.26790731724073974,1.665873563410129,0.694132272604467,-0.8391944236014532,-0.7005146126908498,1.3958581108355195,0.0022744480545255,80,0,0,2023-12-01,2023
2023-12,-0.027165032050142396,-0.24352867444050152,1.665873563410129,0.694132272604467,-0.8391944236014532,-0.7005146126908498,1.3958581108355195,0.0022744480545255,80,1,0,2023-12-01,2023
2023-12,-0.18700273960642855,-0.2725960577361402,1.665873563410129,0.694132272604467,-0.8391944236014532,-0.7005146126908498,1.3958581108355195,0.0022744480545255,81,0,0,2023-12-01,2023
2023-12,-0.19854660403757876,-0.2615028484981514,1.665873563410129,0.694132272604467,-0.8391944236014532,-0.7005146126908498,1.3958581108355195,0.0022744480545255,81,1,0,2023-12-01,2023
2023-12,-0.20482247794955583,-0.21556661202035443,1.665873563410129,0.694132272604467,-0.8391944236014532,-0.7005146126908498,1.3958581108355195,0.0022744480545255,84,1,0,2023-12-01,2023
2023-12,-0.20498625900088643,-0.2792775147700649,1.665873563410129,0.694132272604467,-0.8391944236014532,-0.7005146126908498,1.3958581108355195,0.0022744480545255,84,0,0,2023-12-01,2023
2023-12,-0.18969702789040607,-0.23212954322842014,1.665873563410129,0.694132272604467,-0.8391944236014532,-0.7005146126908498,1.3958581108355195,0.0022744480545255,87,1,0,2023-12-01,2023
2023-12,-0.19892456030988023,-0.26579434978761773,1.665873563410129,0.694132272604467,-0.8391944236014532,-0.7005146126908498,1.3958581108355195,0.0022744480545255,87,0,0,2023-12-01,2023
2023-12,6.55607371931309,6.650191873461008,1.665873563410129,0.694132272604467,-0.8391944236014532,-0.7005146126908498,1.3958581108355195,0.0022744480545255,88,1,0,2023-12-01,2023
2023-12,4.905212915861738,3.0778278064213715,1.665873563410129,0.694132272604467,-0.8391944236014532,-0.7005146126908498,1.3958581108355195,0.0022744480545255,88,0,0,2023-12-01,2023
2023-12,0.3951813045372342,0.582711359712464,1.665873563410129,0.694132272604467,-0.8391944236014532,-0.7005146126908498,1.3958581108355195,0.0022744480545255,89,0,0,2023-12-01,2023
2023-12,-0.19600169847074894,-0.1948032429881584,1.665873563410129,0.694132272604467,-0.8391944236014532,-0.7005146126908498,1.3958581108355195,0.0022744480545255,89,1,0,2023-12-01,2023
2023-12,0.20674670550191074,1.4123305228461422,1.665873563410129,0.694132272604467,-0.8391944236014532,-0.7005146126908498,1.3958581108355195,0.0022744480545255,90,0,0,2023-12-01,2023
2023-12,-0.2039909741504926,-0.27355869731862253,1.665873563410129,0.694132272604467,-0.8391944236014532,-0.7005146126908498,1.3958581108355195,0.0022744480545255,90,1,0,2023-12-01,2023
2023-12,-0.2051590390110814,-0.21004697546898032,1.665873563410129,0.694132272604467,-0.8391944236014532,-0.7005146126908498,1.3958581108355195,0.0022744480545255,93,1,0,2023-12-01,2023
2023-12,-0.20520763338894873,-0.27942226060413594,1.665873563410129,0.694132272604467,-0.8391944236014532,-0.7005146126908498,1.3958581108355195,0.0022744480545255,93,0,0,2023-12-01,2023
2023-12,-0.2028139103310395,-0.2732548742946095,1.665873563410129,0.694132272604467,-0.8391944236014532,-0.7005146126908498,1.3958581108355195,0.0022744480545255,94,0,0,2023-12-01,2023
2023-12,-0.20348163307877207,0.10107196031041081,1.665873563410129,0.694132272604467,-0.8391944236014532,-0.7005146126908498,1.3958581108355195,0.0022744480545255,94,1,0,2023-12-01,2023
2023-12,-0.20385239018398207,-0.27787063756460106,1.665873563410129,0.694132272604467,-0.8391944236014532,-0.7005146126908498,1.3958581108355195,0.0022744480545255,97,1,0,2023-12-01,2023
2023-12,-0.20436893042279405,-0.27785931699777866,1.665873563410129,0.694132272604467,-0.8391944236014532,-0.7005146126908498,1.3958581108355195,0.0022744480545255,97,0,0,2023-12-01,2023
2023-12,-0.08136756108171705,0.5733293324301998,1.665873563410129,0.694132272604467,-0.8391944236014532,-0.7005146126908498,1.3958581108355195,0.0022744480545255,98,1,0,2023-12-01,2023
2023-12,-0.14962286427581445,-0.19589380669618503,1.665873563410129,0.694132272604467,-0.8391944236014532,-0.7005146126908498,1.3958581108355195,0.0022744480545255,98,0,0,2023-12-01,2023
2023-12,-0.1940561235642829,-0.26016009679829377,1.665873563410129,0.694132272604467,-0.8391944236014532,-0.7005146126908498,1.3958581108355195,0.0022744480545255,100,0,0,2023-12-01,2023
2023-12,-0.15828166249506354,-0.22803459915142263,1.665873563410129,0.694132272604467,-0.8391944236014532,-0.7005146126908498,1.3958581108355195,0.0022744480545255,100,1,0,2023-12-01,2023
2023-12,1.0593350651842188,0.5962226454646243,1.665873563410129,0.694132272604467,-0.8391944236014532,-0.7005146126908498,1.3958581108355195,0.0022744480545255,101,1,0,2023-12-01,2023
2023-12,0.4545744330417489,0.16285018165522444,1.665873563410129,0.694132272604467,-0.8391944236014532,-0.7005146126908498,1.3958581108355195,0.0022744480545255,101,0,0,2023-12-01,2023
