month,industry_invoice_count,industry_invoice_amount,housing_burden,price_income_ratio,total_county_invoice_count,total_county_invoice_amount,donation_count,donation_ratio,industry_label,carrier_type_label,county_label,date,year
2019-01,-0.26732340418545264,-0.2902356070276751,-2.139841066080443,-0.7288036373245691,-1.0999481444211985,-1.1620203047699085,-0.8785579984989397,0.0009690796709276,1,1,5,2019-01-01,2019
2019-01,-0.2610664430670675,-0.28368124578219106,-2.139841066080443,-0.7288036373245691,-1.0999481444211985,-1.1620203047699085,-0.8785579984989397,0.0009690796709276,3,1,5,2019-01-01,2019
2019-01,-0.2694272902686561,-0.29195269845652033,-2.139841066080443,-0.7288036373245691,-1.0999481444211985,-1.1620203047699085,-0.8785579984989397,0.0009690796709276,4,0,5,2019-01-01,2019
2019-01,-0.2301879590213875,-0.1261237574699684,-2.139841066080443,-0.7288036373245691,-1.0999481444211985,-1.1620203047699085,-0.8785579984989397,0.0009690796709276,4,1,5,2019-01-01,2019
2019-01,-0.2692514780611461,-0.2874964677718911,-2.139841066080443,-0.7288036373245691,-1.0999481444211985,-1.1620203047699085,-0.8785579984989397,0.0009690796709276,6,1,5,2019-01-01,2019
2019-01,-0.2694663596481028,-0.2920782703264347,-2.139841066080443,-0.7288036373245691,-1.0999481444211985,-1.1620203047699085,-0.8785579984989397,0.0009690796709276,9,0,5,2019-01-01,2019
2019-01,-0.2659989522222103,-0.2681455496401691,-2.139841066080443,-0.7288036373245691,-1.0999481444211985,-1.1620203047699085,-0.8785579984989397,0.0009690796709276,9,1,5,2019-01-01,2019
2019-01,-0.2023568865725482,0.04006861843345708,-2.139841066080443,-0.7288036373245691,-1.0999481444211985,-1.1620203047699085,-0.8785579984989397,0.0009690796709276,10,0,5,2019-01-01,2019
2019-01,-0.269198734398893,-0.29013145939636775,-2.139841066080443,-0.7288036373245691,-1.0999481444211985,-1.1620203047699085,-0.8785579984989397,0.0009690796709276,10,1,5,2019-01-01,2019
2019-01,-0.26934915150976274,-0.291817023773816,-2.139841066080443,-0.7288036373245691,-1.0999481444211985,-1.1620203047699085,-0.8785579984989397,0.0009690796709276,18,1,5,2019-01-01,2019
2019-01,-0.25507124679097515,-0.247585347803301,-2.139841066080443,-0.7288036373245691,-1.0999481444211985,-1.1620203047699085,-0.8785579984989397,0.0009690796709276,29,1,5,2019-01-01,2019
2019-01,-0.267759027766283,-0.28927888634519444,-2.139841066080443,-0.7288036373245691,-1.0999481444211985,-1.1620203047699085,-0.8785579984989397,0.0009690796709276,29,0,5,2019-01-01,2019
2019-01,-0.26946049924118576,-0.29046702674946745,-2.139841066080443,-0.7288036373245691,-1.0999481444211985,-1.1620203047699085,-0.8785579984989397,0.0009690796709276,36,1,5,2019-01-01,2019
2019-01,-0.26863222839691625,-0.2856286185877255,-2.139841066080443,-0.7288036373245691,-1.0999481444211985,-1.1620203047699085,-0.8785579984989397,0.0009690796709276,36,0,5,2019-01-01,2019
2019-01,-0.26938822088920944,-0.29215274436567956,-2.139841066080443,-0.7288036373245691,-1.0999481444211985,-1.1620203047699085,-0.8785579984989397,0.0009690796709276,42,0,5,2019-01-01,2019
2019-01,-0.2558506809109363,-0.28898791147238334,-2.139841066080443,-0.7288036373245691,-1.0999481444211985,-1.1620203047699085,-0.8785579984989397,0.0009690796709276,42,1,5,2019-01-01,2019
2019-01,-0.017742347873172203,0.27857264125072556,-2.139841066080443,-0.7288036373245691,-1.0999481444211985,-1.1620203047699085,-0.8785579984989397,0.0009690796709276,44,1,5,2019-01-01,2019
2019-01,-0.26074998109354947,-0.2728773145678777,-2.139841066080443,-0.7288036373245691,-1.0999481444211985,-1.1620203047699085,-0.8785579984989397,0.0009690796709276,44,0,5,2019-01-01,2019
2019-01,-0.2679875836360461,-0.279563691008443,-2.139841066080443,-0.7288036373245691,-1.0999481444211985,-1.1620203047699085,-0.8785579984989397,0.0009690796709276,45,1,5,2019-01-01,2019
2019-01,-0.2694761269929644,-0.29217114396297095,-2.139841066080443,-0.7288036373245691,-1.0999481444211985,-1.1620203047699085,-0.8785579984989397,0.0009690796709276,45,0,5,2019-01-01,2019
2019-01,-0.26942924373762844,-0.2921567504647924,-2.139841066080443,-0.7288036373245691,-1.0999481444211985,-1.1620203047699085,-0.8785579984989397,0.0009690796709276,49,0,5,2019-01-01,2019
2019-01,-0.2609414210528382,-0.2891069415064969,-2.139841066080443,-0.7288036373245691,-1.0999481444211985,-1.1620203047699085,-0.8785579984989397,0.0009690796709276,49,1,5,2019-01-01,2019
2019-01,-0.2690795727915807,-0.27626860516585017,-2.139841066080443,-0.7288036373245691,-1.0999481444211985,-1.1620203047699085,-0.8785579984989397,0.0009690796709276,50,1,5,2019-01-01,2019
2019-01,-0.26938040701332006,-0.2911458306909447,-2.139841066080443,-0.7288036373245691,-1.0999481444211985,-1.1620203047699085,-0.8785579984989397,0.0009690796709276,50,0,5,2019-01-01,2019
2019-01,-0.13535290082149962,-0.18461662818916086,-2.139841066080443,-0.7288036373245691,-1.0999481444211985,-1.1620203047699085,-0.8785579984989397,0.0009690796709276,60,0,5,2019-01-01,2019
2019-01,-0.26872599490758825,-0.288823333039978,-2.139841066080443,-0.7288036373245691,-1.0999481444211985,-1.1620203047699085,-0.8785579984989397,0.0009690796709276,67,1,5,2019-01-01,2019
2019-01,-0.2694468249583794,-0.292080339049747,-2.139841066080443,-0.7288036373245691,-1.0999481444211985,-1.1620203047699085,-0.8785579984989397,0.0009690796709276,67,0,5,2019-01-01,2019
2019-01,-0.26945854577221345,-0.29209879337516836,-2.139841066080443,-0.7288036373245691,-1.0999481444211985,-1.1620203047699085,-0.8785579984989397,0.0009690796709276,78,1,5,2019-01-01,2019
2019-01,-0.2415278464057851,-0.21526745668574046,-2.139841066080443,-0.7288036373245691,-1.0999481444211985,-1.1620203047699085,-0.8785579984989397,0.0009690796709276,79,1,5,2019-01-01,2019
2019-01,-0.2537546087036222,-0.2598296942097351,-2.139841066080443,-0.7288036373245691,-1.0999481444211985,-1.1620203047699085,-0.8785579984989397,0.0009690796709276,79,0,5,2019-01-01,2019
2019-01,-0.26452408314809833,-0.29161888970066324,-2.139841066080443,-0.7288036373245691,-1.0999481444211985,-1.1620203047699085,-0.8785579984989397,0.0009690796709276,80,0,5,2019-01-01,2019
2019-01,0.034954431124503776,-0.2644844311188008,-2.139841066080443,-0.7288036373245691,-1.0999481444211985,-1.1620203047699085,-0.8785579984989397,0.0009690796709276,80,1,5,2019-01-01,2019
2019-01,-0.2593259022127181,-0.2800831156898608,-2.139841066080443,-0.7288036373245691,-1.0999481444211985,-1.1620203047699085,-0.8785579984989397,0.0009690796709276,81,1,5,2019-01-01,2019
2019-01,-0.25378195726923486,-0.2876243053863856,-2.139841066080443,-0.7288036373245691,-1.0999481444211985,-1.1620203047699085,-0.8785579984989397,0.0009690796709276,81,0,5,2019-01-01,2019
2019-01,-0.2616993670141037,-0.2857315512545478,-2.139841066080443,-0.7288036373245691,-1.0999481444211985,-1.1620203047699085,-0.8785579984989397,0.0009690796709276,87,1,5,2019-01-01,2019
2019-01,-0.26664750392102515,-0.29090948543745626,-2.139841066080443,-0.7288036373245691,-1.0999481444211985,-1.1620203047699085,-0.8785579984989397,0.0009690796709276,87,0,5,2019-01-01,2019
2019-01,0.6176039006886656,0.7228351793485573,-2.139841066080443,-0.7288036373245691,-1.0999481444211985,-1.1620203047699085,-0.8785579984989397,0.0009690796709276,88,0,5,2019-01-01,2019
2019-01,7.755577572127317,5.633439073825093,-2.139841066080443,-0.7288036373245691,-1.0999481444211985,-1.1620203047699085,-0.8785579984989397,0.0009690796709276,88,1,5,2019-01-01,2019
2019-01,0.8850552911598554,0.9555359151816977,-2.139841066080443,-0.7288036373245691,-1.0999481444211985,-1.1620203047699085,-0.8785579984989397,0.0009690796709276,89,0,5,2019-01-01,2019
2019-01,-0.2507130575136985,-0.19657302071555752,-2.139841066080443,-0.7288036373245691,-1.0999481444211985,-1.1620203047699085,-0.8785579984989397,0.0009690796709276,89,1,5,2019-01-01,2019
2019-01,-0.26923389684039506,-0.291912794352698,-2.139841066080443,-0.7288036373245691,-1.0999481444211985,-1.1620203047699085,-0.8785579984989397,0.0009690796709276,90,1,5,2019-01-01,2019
2019-01,-0.2487537281344477,-0.2589715097009702,-2.139841066080443,-0.7288036373245691,-1.0999481444211985,-1.1620203047699085,-0.8785579984989397,0.0009690796709276,90,0,5,2019-01-01,2019
2019-01,-0.2693471980407904,-0.29208444365949376,-2.139841066080443,-0.7288036373245691,-1.0999481444211985,-1.1620203047699085,-0.8785579984989397,0.0009690796709276,92,1,5,2019-01-01,2019
2019-01,0.2958812352280988,0.9469685621028613,-2.139841066080443,-0.7288036373245691,-1.0999481444211985,-1.1620203047699085,-0.8785579984989397,0.0009690796709276,92,0,5,2019-01-01,2019
2019-01,-0.26737614784770564,-0.2855966391171209,-2.139841066080443,-0.7288036373245691,-1.0999481444211985,-1.1620203047699085,-0.8785579984989397,0.0009690796709276,96,0,5,2019-01-01,2019
2019-01,-0.2693452445718181,-0.28750078034853166,-2.139841066080443,-0.7288036373245691,-1.0999481444211985,-1.1620203047699085,-0.8785579984989397,0.0009690796709276,96,1,5,2019-01-01,2019
2019-01,-0.19677387224961823,-0.24508371403736043,-2.139841066080443,-0.7288036373245691,-1.0999481444211985,-1.1620203047699085,-0.8785579984989397,0.0009690796709276,101,0,5,2019-01-01,2019
2019-01,2.2618309208261165,0.8086212019837763,-2.139841066080443,-0.7288036373245691,-1.0999481444211985,-1.1620203047699085,-0.8785579984989397,0.0009690796709276,101,1,5,2019-01-01,2019
2019-02,-0.2682083256299198,-0.2864861974385189,-2.139841066080443,-0.7288036373245691,-1.203429540819046,-1.2884641146125777,-0.9204762940872787,0.0009477408737261,0,1,5,2019-02-01,2019
2019-02,-0.26825520888525584,-0.28711958797775816,-2.139841066080443,-0.7288036373245691,-1.203429540819046,-1.2884641146125777,-0.9204762940872787,0.0009477408737261,1,1,5,2019-02-01,2019
2019-02,-0.26091797942517014,-0.24617272355557213,-2.139841066080443,-0.7288036373245691,-1.203429540819046,-1.2884641146125777,-0.9204762940872787,0.0009477408737261,2,1,5,2019-02-01,2019
2019-02,-0.25772991806232143,-0.281186555191671,-2.139841066080443,-0.7288036373245691,-1.203429540819046,-1.2884641146125777,-0.9204762940872787,0.0009477408737261,3,1,5,2019-02-01,2019
2019-02,-0.2463529147674495,-0.10115343887077238,-2.139841066080443,-0.7288036373245691,-1.203429540819046,-1.2884641146125777,-0.9204762940872787,0.0009477408737261,4,1,5,2019-02-01,2019
2019-02,-0.26941361598584973,-0.2918632508009193,-2.139841066080443,-0.7288036373245691,-1.203429540819046,-1.2884641146125777,-0.9204762940872787,0.0009477408737261,4,0,5,2019-02-01,2019
2019-02,-0.2692905474405927,-0.28934010887990586,-2.139841066080443,-0.7288036373245691,-1.203429540819046,-1.2884641146125777,-0.9204762940872787,0.0009477408737261,6,1,5,2019-02-01,2019
2019-02,-0.2669756867083772,-0.2754345083313502,-2.139841066080443,-0.7288036373245691,-1.203429540819046,-1.2884641146125777,-0.9204762940872787,0.0009477408737261,9,1,5,2019-02-01,2019
2019-02,-0.2694683131170751,-0.29211432521845004,-2.139841066080443,-0.7288036373245691,-1.203429540819046,-1.2884641146125777,-0.9204762940872787,0.0009477408737261,9,0,5,2019-02-01,2019
2019-02,-0.2552978491917659,-0.23920388793921704,-2.139841066080443,-0.7288036373245691,-1.203429540819046,-1.2884641146125777,-0.9204762940872787,0.0009477408737261,10,0,5,2019-02-01,2019
2019-02,-0.26941947639276675,-0.2916877413366906,-2.139841066080443,-0.7288036373245691,-1.203429540819046,-1.2884641146125777,-0.9204762940872787,0.0009477408737261,10,1,5,2019-02-01,2019
2019-02,-0.2694468249583794,-0.2921311267543467,-2.139841066080443,-0.7288036373245691,-1.203429540819046,-1.2884641146125777,-0.9204762940872787,0.0009477408737261,18,1,5,2019-02-01,2019
2019-02,-0.2694663596481028,-0.2921623947592619,-2.139841066080443,-0.7288036373245691,-1.203429540819046,-1.2884641146125777,-0.9204762940872787,0.0009477408737261,18,0,5,2019-02-01,2019
2019-02,-0.2576107564550091,-0.2583438254814144,-2.139841066080443,-0.7288036373245691,-1.203429540819046,-1.2884641146125777,-0.9204762940872787,0.0009477408737261,29,1,5,2019-02-01,2019
2019-02,-0.26717494054355523,-0.28882386572710955,-2.139841066080443,-0.7288036373245691,-1.203429540819046,-1.2884641146125777,-0.9204762940872787,0.0009477408737261,29,0,5,2019-02-01,2019
2019-02,-0.268964318122213,-0.28793612802816815,-2.139841066080443,-0.7288036373245691,-1.203429540819046,-1.2884641146125777,-0.9204762940872787,0.0009477408737261,36,0,5,2019-02-01,2019
2019-02,-0.26945854577221345,-0.2906609467566135,-2.139841066080443,-0.7288036373245691,-1.203429540819046,-1.2884641146125777,-0.9204762940872787,0.0009477408737261,36,1,5,2019-02-01,2019
2019-02,-0.26926319887498007,-0.2920491002331678,-2.139841066080443,-0.7288036373245691,-1.203429540819046,-1.2884641146125777,-0.9204762940872787,0.0009477408737261,42,0,5,2019-02-01,2019
2019-02,-0.2446045600372108,-0.28196910542483594,-2.139841066080443,-0.7288036373245691,-1.203429540819046,-1.2884641146125777,-0.9204762940872787,0.0009477408737261,42,1,5,2019-02-01,2019
2019-02,-0.26096876961845084,-0.27852036488457704,-2.139841066080443,-0.7288036373245691,-1.203429540819046,-1.2884641146125777,-0.9204762940872787,0.0009477408737261,44,0,5,2019-02-01,2019
2019-02,-0.04946668398387275,0.23615687746904734,-2.139841066080443,-0.7288036373245691,-1.203429540819046,-1.2884641146125777,-0.9204762940872787,0.0009477408737261,44,1,5,2019-02-01,2019
2019-02,-0.2683411615200385,-0.2823424388361476,-2.139841066080443,-0.7288036373245691,-1.203429540819046,-1.2884641146125777,-0.9204762940872787,0.0009477408737261,45,1,5,2019-02-01,2019
2019-02,-0.2694761269929644,-0.29217153800550666,-2.139841066080443,-0.7288036373245691,-1.203429540819046,-1.2884641146125777,-0.9204762940872787,0.0009477408737261,45,0,5,2019-02-01,2019
2019-02,-0.26939994170304343,-0.2921318126802422,-2.139841066080443,-0.7288036373245691,-1.203429540819046,-1.2884641146125777,-0.9204762940872787,0.0009477408737261,49,0,5,2019-02-01,2019
2019-02,-0.25579598377971097,-0.28686473367071846,-2.139841066080443,-0.7288036373245691,-1.203429540819046,-1.2884641146125777,-0.9204762940872787,0.0009477408737261,49,1,5,2019-02-01,2019
2019-02,-0.2692026413368377,-0.28305479112128823,-2.139841066080443,-0.7288036373245691,-1.203429540819046,-1.2884641146125777,-0.9204762940872787,0.0009477408737261,50,1,5,2019-02-01,2019
2019-02,-0.2693921278271541,-0.29125376915738704,-2.139841066080443,-0.7288036373245691,-1.203429540819046,-1.2884641146125777,-0.9204762940872787,0.0009477408737261,50,0,5,2019-02-01,2019
2019-02,-0.15117404602843088,-0.20133410897529683,-2.139841066080443,-0.7288036373245691,-1.203429540819046,-1.2884641146125777,-0.9204762940872787,0.0009477408737261,60,0,5,2019-02-01,2019
2019-02,-0.2686654373694459,-0.2873088889307359,-2.139841066080443,-0.7288036373245691,-1.203429540819046,-1.2884641146125777,-0.9204762940872787,0.0009477408737261,67,1,5,2019-02-01,2019
2019-02,-0.2694448714894071,-0.2920518731250856,-2.139841066080443,-0.7288036373245691,-1.203429540819046,-1.2884641146125777,-0.9204762940872787,0.0009477408737261,67,0,5,2019-02-01,2019
2019-02,-0.26946049924118576,-0.29210487184613554,-2.139841066080443,-0.7288036373245691,-1.203429540819046,-1.2884641146125777,-0.9204762940872787,0.0009477408737261,78,1,5,2019-02-01,2019
2019-02,-0.24132859257060704,-0.20899364278003973,-2.139841066080443,-0.7288036373245691,-1.203429540819046,-1.2884641146125777,-0.9204762940872787,0.0009477408737261,79,1,5,2019-02-01,2019
2019-02,-0.25344596060599345,-0.2587750065260902,-2.139841066080443,-0.7288036373245691,-1.203429540819046,-1.2884641146125777,-0.9204762940872787,0.0009477408737261,79,0,5,2019-02-01,2019
2019-02,-0.26459245456213,-0.2916407262245159,-2.139841066080443,-0.7288036373245691,-1.203429540819046,-1.2884641146125777,-0.9204762940872787,0.0009477408737261,80,0,5,2019-02-01,2019
2019-02,0.029742575906317258,-0.2649728285990752,-2.139841066080443,-0.7288036373245691,-1.203429540819046,-1.2884641146125777,-0.9204762940872787,0.0009477408737261,80,1,5,2019-02-01,2019
2019-02,-0.2639360889874258,-0.2857217220824076,-2.139841066080443,-0.7288036373245691,-1.203429540819046,-1.2884641146125777,-0.9204762940872787,0.0009477408737261,81,1,5,2019-02-01,2019
2019-02,-0.26488156797003537,-0.29085230183873567,-2.139841066080443,-0.7288036373245691,-1.203429540819046,-1.2884641146125777,-0.9204762940872787,0.0009477408737261,81,0,5,2019-02-01,2019
2019-02,-0.2663974598925664,-0.28963596915045103,-2.139841066080443,-0.7288036373245691,-1.203429540819046,-1.2884641146125777,-0.9204762940872787,0.0009477408737261,87,1,5,2019-02-01,2019
2019-02,-0.2684251606858489,-0.2917429766139848,-2.139841066080443,-0.7288036373245691,-1.203429540819046,-1.2884641146125777,-0.9204762940872787,0.0009477408737261,87,0,5,2019-02-01,2019
2019-02,7.4822345192355675,5.156413493297718,-2.139841066080443,-0.7288036373245691,-1.203429540819046,-1.2884641146125777,-0.9204762940872787,0.0009477408737261,88,1,5,2019-02-01,2019
2019-02,0.5984364631321265,0.6110315971047136,-2.139841066080443,-0.7288036373245691,-1.203429540819046,-1.2884641146125777,-0.9204762940872787,0.0009477408737261,88,0,5,2019-02-01,2019
2019-02,0.5732445272649102,0.5863219339943327,-2.139841066080443,-0.7288036373245691,-1.203429540819046,-1.2884641146125777,-0.9204762940872787,0.0009477408737261,89,0,5,2019-02-01,2019
2019-02,-0.2538581425591559,-0.20605763184663395,-2.139841066080443,-0.7288036373245691,-1.203429540819046,-1.2884641146125777,-0.9204762940872787,0.0009477408737261,89,1,5,2019-02-01,2019
2019-02,-0.2447627910239698,-0.2530928401906399,-2.139841066080443,-0.7288036373245691,-1.203429540819046,-1.2884641146125777,-0.9204762940872787,0.0009477408737261,90,0,5,2019-02-01,2019
2019-02,-0.26928468703367575,-0.29200044327709446,-2.139841066080443,-0.7288036373245691,-1.203429540819046,-1.2884641146125777,-0.9204762940872787,0.0009477408737261,90,1,5,2019-02-01,2019
2019-02,-0.2693003147854544,-0.2920811052435664,-2.139841066080443,-0.7288036373245691,-1.203429540819046,-1.2884641146125777,-0.9204762940872787,0.0009477408737261,92,1,5,2019-02-01,2019
2019-02,0.22136225434048215,0.7358983242528977,-2.139841066080443,-0.7288036373245691,-1.203429540819046,-1.2884641146125777,-0.9204762940872787,0.0009477408737261,92,0,5,2019-02-01,2019
2019-02,-0.2693218029441501,-0.2867337291217704,-2.139841066080443,-0.7288036373245691,-1.203429540819046,-1.2884641146125777,-0.9204762940872787,0.0009477408737261,96,1,5,2019-02-01,2019
2019-02,-0.26734879928209293,-0.2864559145399429,-2.139841066080443,-0.7288036373245691,-1.203429540819046,-1.2884641146125777,-0.9204762940872787,0.0009477408737261,96,0,5,2019-02-01,2019
2019-02,2.2735478277221746,0.8353834034742161,-2.139841066080443,-0.7288036373245691,-1.203429540819046,-1.2884641146125777,-0.9204762940872787,0.0009477408737261,101,1,5,2019-02-01,2019
2019-02,-0.19185113043933713,-0.24623773692541853,-2.139841066080443,-0.7288036373245691,-1.203429540819046,-1.2884641146125777,-0.9204762940872787,0.0009477408737261,101,0,5,2019-02-01,2019
2019-03,-0.2685970659554142,-0.2898059729648061,-2.139841066080443,-0.7288036373245691,-1.096113610094724,-1.2441542303988429,-0.8755750486256122,0.0009723213881926,1,1,5,2019-03-01,2019
2019-03,-0.2694761269929644,-0.2921699362955699,-2.139841066080443,-0.7288036373245691,-1.096113610094724,-1.2441542303988429,-0.8755750486256122,0.0009723213881926,1,0,5,2019-03-01,2019
2019-03,-0.2688099940733986,-0.29020677624881397,-2.139841066080443,-0.7288036373245691,-1.096113610094724,-1.2441542303988429,-0.8755750486256122,0.0009723213881926,2,1,5,2019-03-01,2019
2019-03,-0.2611348144810992,-0.2829814225902685,-2.139841066080443,-0.7288036373245691,-1.096113610094724,-1.2441542303988429,-0.8755750486256122,0.0009723213881926,3,1,5,2019-03-01,2019
2019-03,-0.2694761269929644,-0.2921704580370755,-2.139841066080443,-0.7288036373245691,-1.096113610094724,-1.2441542303988429,-0.8755750486256122,0.0009723213881926,3,0,5,2019-03-01,2019
2019-03,-0.24969334671014026,-0.15610711074797176,-2.139841066080443,-0.7288036373245691,-1.096113610094724,-1.2441542303988429,-0.8755750486256122,0.0009723213881926,4,1,5,2019-03-01,2019
2019-03,-0.2694058021099604,-0.29179681814823605,-2.139841066080443,-0.7288036373245691,-1.096113610094724,-1.2441542303988429,-0.8755750486256122,0.0009723213881926,4,0,5,2019-03-01,2019
2019-03,-0.2692827335647034,-0.2885451463068668,-2.139841066080443,-0.7288036373245691,-1.096113610094724,-1.2441542303988429,-0.8755750486256122,0.0009723213881926,6,1,5,2019-03-01,2019
2019-03,-0.26637401826489837,-0.2709612863866404,-2.139841066080443,-0.7288036373245691,-1.096113610094724,-1.2441542303988429,-0.8755750486256122,0.0009723213881926,9,1,5,2019-03-01,2019
2019-03,-0.2694683131170751,-0.29208469905743356,-2.139841066080443,-0.7288036373245691,-1.096113610094724,-1.2441542303988429,-0.8755750486256122,0.0009723213881926,9,0,5,2019-03-01,2019
2019-03,-0.25072673179650484,-0.23207140426866582,-2.139841066080443,-0.7288036373245691,-1.096113610094724,-1.2441542303988429,-0.8755750486256122,0.0009723213881926,10,0,5,2019-03-01,2019
2019-03,-0.26938040701332006,-0.2916285692825816,-2.139841066080443,-0.7288036373245691,-1.096113610094724,-1.2441542303988429,-0.8755750486256122,0.0009723213881926,10,1,5,2019-03-01,2019
2019-03,-0.2694761269929644,-0.29216888916401673,-2.139841066080443,-0.7288036373245691,-1.096113610094724,-1.2441542303988429,-0.8755750486256122,0.0009723213881926,18,0,5,2019-03-01,2019
2019-03,-0.25799168290461416,-0.2598797740971874,-2.139841066080443,-0.7288036373245691,-1.096113610094724,-1.2441542303988429,-0.8755750486256122,0.0009723213881926,29,1,5,2019-03-01,2019
2019-03,-0.26636425092003674,-0.28794639502534797,-2.139841066080443,-0.7288036373245691,-1.096113610094724,-1.2441542303988429,-0.8755750486256122,0.0009723213881926,29,0,5,2019-03-01,2019
2019-03,-0.2694624527101581,-0.291032065502933,-2.139841066080443,-0.7288036373245691,-1.096113610094724,-1.2441542303988429,-0.8755750486256122,0.0009723213881926,36,1,5,2019-03-01,2019
2019-03,-0.2689018071150983,-0.28748211805621643,-2.139841066080443,-0.7288036373245691,-1.096113610094724,-1.2441542303988429,-0.8755750486256122,0.0009723213881926,36,0,5,2019-03-01,2019
2019-03,-0.24869317059630539,-0.2865214095173329,-2.139841066080443,-0.7288036373245691,-1.096113610094724,-1.2441542303988429,-0.8755750486256122,0.0009723213881926,42,1,5,2019-03-01,2019
2019-03,-0.269046363819051,-0.29203818744405446,-2.139841066080443,-0.7288036373245691,-1.096113610094724,-1.2441542303988429,-0.8755750486256122,0.0009723213881926,42,0,5,2019-03-01,2019
2019-03,-0.257376340178329,-0.272853044466513,-2.139841066080443,-0.7288036373245691,-1.096113610094724,-1.2441542303988429,-0.8755750486256122,0.0009723213881926,44,0,5,2019-03-01,2019
2019-03,-0.0405979348494774,0.22486562874289076,-2.139841066080443,-0.7288036373245691,-1.096113610094724,-1.2441542303988429,-0.8755750486256122,0.0009723213881926,44,1,5,2019-03-01,2019
2019-03,-0.2694644061791304,-0.292137077526344,-2.139841066080443,-0.7288036373245691,-1.096113610094724,-1.2441542303988429,-0.8755750486256122,0.0009723213881926,45,0,5,2019-03-01,2019
2019-03,-0.26641699458228973,-0.2624149817465853,-2.139841066080443,-0.7288036373245691,-1.096113610094724,-1.2441542303988429,-0.8755750486256122,0.0009723213881926,45,1,5,2019-03-01,2019
2019-03,-0.2580112175943375,-0.2881599040544765,-2.139841066080443,-0.7288036373245691,-1.096113610094724,-1.2441542303988429,-0.8755750486256122,0.0009723213881926,49,1,5,2019-03-01,2019
2019-03,-0.26941947639276675,-0.2921326336021915,-2.139841066080443,-0.7288036373245691,-1.096113610094724,-1.2441542303988429,-0.8755750486256122,0.0009723213881926,49,0,5,2019-03-01,2019
2019-03,-0.26891548139790467,-0.27792838529700487,-2.139841066080443,-0.7288036373245691,-1.096113610094724,-1.2441542303988429,-0.8755750486256122,0.0009723213881926,50,1,5,2019-03-01,2019
2019-03,-0.2692514780611461,-0.28937522609662797,-2.139841066080443,-0.7288036373245691,-1.096113610094724,-1.2441542303988429,-0.8755750486256122,0.0009723213881926,50,0,5,2019-03-01,2019
2019-03,-0.13614991616221178,-0.19131459239910892,-2.139841066080443,-0.7288036373245691,-1.096113610094724,-1.2441542303988429,-0.8755750486256122,0.0009723213881926,60,0,5,2019-03-01,2019
2019-03,-0.26943119720660075,-0.29205918480324783,-2.139841066080443,-0.7288036373245691,-1.096113610094724,-1.2441542303988429,-0.8755750486256122,0.0009723213881926,67,0,5,2019-03-01,2019
2019-03,-0.2686302749279439,-0.2877244469185801,-2.139841066080443,-0.7288036373245691,-1.096113610094724,-1.2441542303988429,-0.8755750486256122,0.0009723213881926,67,1,5,2019-03-01,2019
2019-03,-0.2694644061791304,-0.292080368238083,-2.139841066080443,-0.7288036373245691,-1.096113610094724,-1.2441542303988429,-0.8755750486256122,0.0009723213881926,78,1,5,2019-03-01,2019
2019-03,-0.24053743763681185,-0.22296786510647695,-2.139841066080443,-0.7288036373245691,-1.096113610094724,-1.2441542303988429,-0.8755750486256122,0.0009723213881926,79,1,5,2019-03-01,2019
2019-03,-0.25298298845955036,-0.25834932383420406,-2.139841066080443,-0.7288036373245691,-1.096113610094724,-1.2441542303988429,-0.8755750486256122,0.0009723213881926,79,0,5,2019-03-01,2019
2019-03,0.02388021552034359,-0.2652032741601543,-2.139841066080443,-0.7288036373245691,-1.096113610094724,-1.2441542303988429,-0.8755750486256122,0.0009723213881926,80,1,5,2019-03-01,2019
2019-03,-0.2642642717747779,-0.29158262319321204,-2.139841066080443,-0.7288036373245691,-1.096113610094724,-1.2441542303988429,-0.8755750486256122,0.0009723213881926,80,0,5,2019-03-01,2019
2019-03,-0.2607773296591621,-0.28509895974600585,-2.139841066080443,-0.7288036373245691,-1.096113610094724,-1.2441542303988429,-0.8755750486256122,0.0009723213881926,81,1,5,2019-03-01,2019
2019-03,-0.26830795254750883,-0.29179496468890154,-2.139841066080443,-0.7288036373245691,-1.096113610094724,-1.2441542303988429,-0.8755750486256122,0.0009723213881926,81,0,5,2019-03-01,2019
2019-03,-0.26515700709513446,-0.28828258263058715,-2.139841066080443,-0.7288036373245691,-1.096113610094724,-1.2441542303988429,-0.8755750486256122,0.0009723213881926,87,1,5,2019-03-01,2019
2019-03,-0.26785670121489974,-0.29150824401605907,-2.139841066080443,-0.7288036373245691,-1.096113610094724,-1.2441542303988429,-0.8755750486256122,0.0009723213881926,87,0,5,2019-03-01,2019
2019-03,7.711214291765616,5.173889655555274,-2.139841066080443,-0.7288036373245691,-1.096113610094724,-1.2441542303988429,-0.8755750486256122,0.0009723213881926,88,1,5,2019-03-01,2019
2019-03,0.6658917002157843,0.6592768991301892,-2.139841066080443,-0.7288036373245691,-1.096113610094724,-1.2441542303988429,-0.8755750486256122,0.0009723213881926,88,0,5,2019-03-01,2019
2019-03,-0.2535709826202228,-0.21222509805020306,-2.139841066080443,-0.7288036373245691,-1.096113610094724,-1.2441542303988429,-0.8755750486256122,0.0009723213881926,89,1,5,2019-03-01,2019
2019-03,0.9722073558915545,1.052502358431369,-2.139841066080443,-0.7288036373245691,-1.096113610094724,-1.2441542303988429,-0.8755750486256122,0.0009723213881926,89,0,5,2019-03-01,2019
2019-03,-0.2692925009095651,-0.2920008300225461,-2.139841066080443,-0.7288036373245691,-1.096113610094724,-1.2441542303988429,-0.8755750486256122,0.0009723213881926,90,1,5,2019-03-01,2019
2019-03,-0.24877130935519873,-0.25467661754345294,-2.139841066080443,-0.7288036373245691,-1.096113610094724,-1.2441542303988429,-0.8755750486256122,0.0009723213881926,90,0,5,2019-03-01,2019
2019-03,0.3026265635895673,0.9513062589550886,-2.139841066080443,-0.7288036373245691,-1.096113610094724,-1.2441542303988429,-0.8755750486256122,0.0009723213881926,92,0,5,2019-03-01,2019
2019-03,-0.26935501191667977,-0.2921035109399706,-2.139841066080443,-0.7288036373245691,-1.096113610094724,-1.2441542303988429,-0.8755750486256122,0.0009723213881926,92,1,5,2019-03-01,2019
2019-03,-0.2673194972475079,-0.2864578263759494,-2.139841066080443,-0.7288036373245691,-1.096113610094724,-1.2441542303988429,-0.8755750486256122,0.0009723213881926,96,0,5,2019-03-01,2019
2019-03,-0.2692612454060077,-0.2841617405204997,-2.139841066080443,-0.7288036373245691,-1.096113610094724,-1.2441542303988429,-0.8755750486256122,0.0009723213881926,96,1,5,2019-03-01,2019
2019-03,-0.18568012195573472,-0.24966912864848118,-2.139841066080443,-0.7288036373245691,-1.096113610094724,-1.2441542303988429,-0.8755750486256122,0.0009723213881926,101,0,5,2019-03-01,2019
2019-03,2.293227074149465,0.6852948126473877,-2.139841066080443,-0.7288036373245691,-1.096113610094724,-1.2441542303988429,-0.8755750486256122,0.0009723213881926,101,1,5,2019-03-01,2019
2019-04,-0.26813214033999877,-0.28630339089029594,-0.02587548072116808,-2.182561596987838,-1.0886737897616379,-1.259413539579343,-0.8844453995647177,0.000953084152744,0,1,5,2019-04-01,2019
2019-04,-0.26859120554849725,-0.2895398847969573,-0.02587548072116808,-2.182561596987838,-1.0886737897616379,-1.259413539579343,-0.8844453995647177,0.000953084152744,1,1,5,2019-04-01,2019
2019-04,-0.26947222005501975,-0.2921589760754106,-0.02587548072116808,-2.182561596987838,-1.0886737897616379,-1.259413539579343,-0.8844453995647177,0.000953084152744,1,0,5,2019-04-01,2019
2019-04,-0.26150206664789793,-0.24813552604521233,-0.02587548072116808,-2.182561596987838,-1.0886737897616379,-1.259413539579343,-0.8844453995647177,0.000953084152744,2,1,5,2019-04-01,2019
2019-04,-0.2593591111852478,-0.28337157578018685,-0.02587548072116808,-2.182561596987838,-1.0886737897616379,-1.259413539579343,-0.8844453995647177,0.000953084152744,3,1,5,2019-04-01,2019
2019-04,-0.26938822088920944,-0.29183320505757315,-0.02587548072116808,-2.182561596987838,-1.0886737897616379,-1.259413539579343,-0.8844453995647177,0.000953084152744,4,0,5,2019-04-01,2019
2019-04,-0.24949995328187924,-0.16311858322610504,-0.02587548072116808,-2.182561596987838,-1.0886737897616379,-1.259413539579343,-0.8844453995647177,0.000953084152744,4,1,5,2019-04-01,2019
2019-04,-0.26923389684039506,-0.28764251525949314,-0.02587548072116808,-2.182561596987838,-1.0886737897616379,-1.259413539579343,-0.8844453995647177,0.000953084152744,6,1,5,2019-04-01,2019
2019-04,-0.26629197256806036,-0.27187581168092456,-0.02587548072116808,-2.182561596987838,-1.0886737897616379,-1.259413539579343,-0.8844453995647177,0.000953084152744,9,1,5,2019-04-01,2019
2019-04,-0.26946049924118576,-0.2920115822758116,-0.02587548072116808,-2.182561596987838,-1.0886737897616379,-1.259413539579343,-0.8844453995647177,0.000953084152744,9,0,5,2019-04-01,2019
2019-04,-0.2693765000753754,-0.29162397211966523,-0.02587548072116808,-2.182561596987838,-1.0886737897616379,-1.259413539579343,-0.8844453995647177,0.000953084152744,10,1,5,2019-04-01,2019
2019-04,-0.2517776981036204,-0.2385259450536511,-0.02587548072116808,-2.182561596987838,-1.0886737897616379,-1.259413539579343,-0.8844453995647177,0.000953084152744,10,0,5,2019-04-01,2019
2019-04,-0.26742889150995863,-0.28730078916750235,-0.02587548072116808,-2.182561596987838,-1.0886737897616379,-1.259413539579343,-0.8844453995647177,0.000953084152744,29,0,5,2019-04-01,2019
2019-04,-0.26096486268050617,-0.26607739185182055,-0.02587548072116808,-2.182561596987838,-1.0886737897616379,-1.259413539579343,-0.8844453995647177,0.000953084152744,29,1,5,2019-04-01,2019
2019-04,-0.2694644061791304,-0.29111939700417566,-0.02587548072116808,-2.182561596987838,-1.0886737897616379,-1.259413539579343,-0.8844453995647177,0.000953084152744,36,1,5,2019-04-01,2019
2019-04,-0.26899752709474267,-0.28811702638892656,-0.02587548072116808,-2.182561596987838,-1.0886737897616379,-1.259413539579343,-0.8844453995647177,0.000953084152744,36,0,5,2019-04-01,2019
2019-04,-0.26871427409375426,-0.2919601341851104,-0.02587548072116808,-2.182561596987838,-1.0886737897616379,-1.259413539579343,-0.8844453995647177,0.000953084152744,42,0,5,2019-04-01,2019
2019-04,-0.2423385360293036,-0.2850870034738814,-0.02587548072116808,-2.182561596987838,-1.0886737897616379,-1.259413539579343,-0.8844453995647177,0.000953084152744,42,1,5,2019-04-01,2019
2019-04,-0.01462265792435516,0.2939258956987243,-0.02587548072116808,-2.182561596987838,-1.0886737897616379,-1.259413539579343,-0.8844453995647177,0.000953084152744,44,1,5,2019-04-01,2019
2019-04,-0.2564386750716088,-0.2704447112165224,-0.02587548072116808,-2.182561596987838,-1.0886737897616379,-1.259413539579343,-0.8844453995647177,0.000953084152744,44,0,5,2019-04-01,2019
2019-04,-0.2669209895771519,-0.2672479973632555,-0.02587548072116808,-2.182561596987838,-1.0886737897616379,-1.259413539579343,-0.8844453995647177,0.000953084152744,45,1,5,2019-04-01,2019
2019-04,-0.2694624527101581,-0.2918496052538501,-0.02587548072116808,-2.182561596987838,-1.0886737897616379,-1.259413539579343,-0.8844453995647177,0.000953084152744,45,0,5,2019-04-01,2019
2019-04,-0.2694272902686561,-0.2921528976044434,-0.02587548072116808,-2.182561596987838,-1.0886737897616379,-1.259413539579343,-0.8844453995647177,0.000953084152744,49,0,5,2019-04-01,2019
2019-04,-0.25844293423722325,-0.2882564335300939,-0.02587548072116808,-2.182561596987838,-1.0886737897616379,-1.259413539579343,-0.8844453995647177,0.000953084152744,49,1,5,2019-04-01,2019
2019-04,-0.269210455212727,-0.2864611027666628,-0.02587548072116808,-2.182561596987838,-1.0886737897616379,-1.259413539579343,-0.8844453995647177,0.000953084152744,50,0,5,2019-04-01,2019
2019-04,-0.2691186421710274,-0.2832986523712907,-0.02587548072116808,-2.182561596987838,-1.0886737897616379,-1.259413539579343,-0.8844453995647177,0.000953084152744,50,1,5,2019-04-01,2019
2019-04,-0.14807389076933716,-0.1931320296785005,-0.02587548072116808,-2.182561596987838,-1.0886737897616379,-1.259413539579343,-0.8844453995647177,0.000953084152744,60,0,5,2019-04-01,2019
2019-04,-0.26854041535521656,-0.2883731467400393,-0.02587548072116808,-2.182561596987838,-1.0886737897616379,-1.259413539579343,-0.8844453995647177,0.000953084152744,67,1,5,2019-04-01,2019
2019-04,-0.26943119720660075,-0.29208890947489824,-0.02587548072116808,-2.182561596987838,-1.0886737897616379,-1.259413539579343,-0.8844453995647177,0.000953084152744,67,0,5,2019-04-01,2019
2019-04,-0.2520375094769408,-0.25646131645550446,-0.02587548072116808,-2.182561596987838,-1.0886737897616379,-1.259413539579343,-0.8844453995647177,0.000953084152744,79,0,5,2019-04-01,2019
2019-04,-0.23603859859352716,-0.21434309492223208,-0.02587548072116808,-2.182561596987838,-1.0886737897616379,-1.259413539579343,-0.8844453995647177,0.000953084152744,79,1,5,2019-04-01,2019
2019-04,0.009705844657089702,-0.2664362843339077,-0.02587548072116808,-2.182561596987838,-1.0886737897616379,-1.259413539579343,-0.8844453995647177,0.000953084152744,80,1,5,2019-04-01,2019
2019-04,-0.2635864180413781,-0.29151292509544136,-0.02587548072116808,-2.182561596987838,-1.0886737897616379,-1.259413539579343,-0.8844453995647177,0.000953084152744,80,0,5,2019-04-01,2019
2019-04,-0.26112114019829286,-0.2841168780481033,-0.02587548072116808,-2.182561596987838,-1.0886737897616379,-1.259413539579343,-0.8844453995647177,0.000953084152744,81,1,5,2019-04-01,2019
2019-04,-0.2683724170235959,-0.291824554364498,-0.02587548072116808,-2.182561596987838,-1.0886737897616379,-1.259413539579343,-0.8844453995647177,0.000953084152744,81,0,5,2019-04-01,2019
2019-04,-0.26797781629118445,-0.2914750459324274,-0.02587548072116808,-2.182561596987838,-1.0886737897616379,-1.259413539579343,-0.8844453995647177,0.000953084152744,87,0,5,2019-04-01,2019
2019-04,-0.2641294824156869,-0.2880550011749758,-0.02587548072116808,-2.182561596987838,-1.0886737897616379,-1.259413539579343,-0.8844453995647177,0.000953084152744,87,1,5,2019-04-01,2019
2019-04,7.793732728094939,5.055403385546824,-0.02587548072116808,-2.182561596987838,-1.0886737897616379,-1.259413539579343,-0.8844453995647177,0.000953084152744,88,1,5,2019-04-01,2019
2019-04,0.7280510829154451,0.6872571408265683,-0.02587548072116808,-2.182561596987838,-1.0886737897616379,-1.259413539579343,-0.8844453995647177,0.000953084152744,88,0,5,2019-04-01,2019
2019-04,0.8470192967995444,0.8985862974593565,-0.02587548072116808,-2.182561596987838,-1.0886737897616379,-1.259413539579343,-0.8844453995647177,0.000953084152744,89,0,5,2019-04-01,2019
2019-04,-0.258827767624773,-0.23016172090196146,-0.02587548072116808,-2.182561596987838,-1.0886737897616379,-1.259413539579343,-0.8844453995647177,0.000953084152744,89,1,5,2019-04-01,2019
2019-04,-0.24471200083068914,-0.24931143288816907,-0.02587548072116808,-2.182561596987838,-1.0886737897616379,-1.259413539579343,-0.8844453995647177,0.000953084152744,90,0,5,2019-04-01,2019
2019-04,-0.26922217602656107,-0.2919660849571077,-0.02587548072116808,-2.182561596987838,-1.0886737897616379,-1.259413539579343,-0.8844453995647177,0.000953084152744,90,1,5,2019-04-01,2019
2019-04,0.279190796328479,0.9263273188511535,-0.02587548072116808,-2.182561596987838,-1.0886737897616379,-1.259413539579343,-0.8844453995647177,0.000953084152744,92,0,5,2019-04-01,2019
2019-04,-0.2692905474405927,-0.2920703967728049,-0.02587548072116808,-2.182561596987838,-1.0886737897616379,-1.259413539579343,-0.8844453995647177,0.000953084152744,92,1,5,2019-04-01,2019
2019-04,-0.26940189517201574,-0.28699373152156804,-0.02587548072116808,-2.182561596987838,-1.0886737897616379,-1.259413539579343,-0.8844453995647177,0.000953084152744,96,1,5,2019-04-01,2019
2019-04,-0.2674796817032393,-0.28698682483156757,-0.02587548072116808,-2.182561596987838,-1.0886737897616379,-1.259413539579343,-0.8844453995647177,0.000953084152744,96,0,5,2019-04-01,2019
2019-04,-0.1801439908881408,-0.24791892305247024,-0.02587548072116808,-2.182561596987838,-1.0886737897616379,-1.259413539579343,-0.8844453995647177,0.000953084152744,101,0,5,2019-04-01,2019
2019-04,2.330409402568866,0.6932821387622344,-0.02587548072116808,-2.182561596987838,-1.0886737897616379,-1.259413539579343,-0.8844453995647177,0.000953084152744,101,1,5,2019-04-01,2019
2019-05,-0.2683997655892085,-0.28822781801521064,-0.02587548072116808,-2.182561596987838,-1.034404625065334,-1.230397980724492,-0.8597183150884502,0.0009683891350375,1,1,5,2019-05-01,2019
2019-05,-0.26947222005501975,-0.29214835881819906,-0.02587548072116808,-2.182561596987838,-1.034404625065334,-1.230397980724492,-0.8597183150884502,0.0009683891350375,1,0,5,2019-05-01,2019
2019-05,-0.26943705761351777,-0.2921611506064409,-0.02587548072116808,-2.182561596987838,-1.034404625065334,-1.230397980724492,-0.8597183150884502,0.0009683891350375,3,0,5,2019-05-01,2019
2019-05,-0.2550966418876155,-0.286377656962647,-0.02587548072116808,-2.182561596987838,-1.034404625065334,-1.230397980724492,-0.8597183150884502,0.0009683891350375,3,1,5,2019-05-01,2019
2019-05,-0.26940189517201574,-0.2919323031067565,-0.02587548072116808,-2.182561596987838,-1.034404625065334,-1.230397980724492,-0.8597183150884502,0.0009683891350375,4,0,5,2019-05-01,2019
2019-05,-0.24839233637456598,-0.18429794263988178,-0.02587548072116808,-2.182561596987838,-1.034404625065334,-1.230397980724492,-0.8597183150884502,0.0009683891350375,4,1,5,2019-05-01,2019
2019-05,-0.269210455212727,-0.28786348555700575,-0.02587548072116808,-2.182561596987838,-1.034404625065334,-1.230397980724492,-0.8597183150884502,0.0009683891350375,6,1,5,2019-05-01,2019
2019-05,-0.26908934013644237,-0.28736418258470203,-0.02587548072116808,-2.182561596987838,-1.034404625065334,-1.230397980724492,-0.8597183150884502,0.0009683891350375,6,0,5,2019-05-01,2019
2019-05,-0.26945268536529643,-0.2919479006237941,-0.02587548072116808,-2.182561596987838,-1.034404625065334,-1.230397980724492,-0.8597183150884502,0.0009683891350375,9,0,5,2019-05-01,2019
2019-05,-0.26587393020798095,-0.2696445823080154,-0.02587548072116808,-2.182561596987838,-1.034404625065334,-1.230397980724492,-0.8597183150884502,0.0009683891350375,9,1,5,2019-05-01,2019
2019-05,-0.2694116625168774,-0.29191427566074885,-0.02587548072116808,-2.182561596987838,-1.034404625065334,-1.230397980724492,-0.8597183150884502,0.0009683891350375,10,1,5,2019-05-01,2019
2019-05,-0.25631560652635177,-0.2564897677859979,-0.02587548072116808,-2.182561596987838,-1.034404625065334,-1.230397980724492,-0.8597183150884502,0.0009683891350375,10,0,5,2019-05-01,2019
2019-05,-0.2592438565158801,-0.2610103551029141,-0.02587548072116808,-2.182561596987838,-1.034404625065334,-1.230397980724492,-0.8597183150884502,0.0009683891350375,29,1,5,2019-05-01,2019
2019-05,-0.2674034964133183,-0.28728695754479133,-0.02587548072116808,-2.182561596987838,-1.034404625065334,-1.230397980724492,-0.8597183150884502,0.0009683891350375,29,0,5,2019-05-01,2019
2019-05,-0.2694644061791304,-0.2908562021301306,-0.02587548072116808,-2.182561596987838,-1.034404625065334,-1.230397980724492,-0.8597183150884502,0.0009683891350375,36,1,5,2019-05-01,2019
2019-05,-0.269104967888221,-0.2891238160132335,-0.02587548072116808,-2.182561596987838,-1.034404625065334,-1.230397980724492,-0.8597183150884502,0.0009683891350375,36,0,5,2019-05-01,2019
2019-05,-0.2685189271965209,-0.2919337260381354,-0.02587548072116808,-2.182561596987838,-1.034404625065334,-1.230397980724492,-0.8597183150884502,0.0009683891350375,42,0,5,2019-05-01,2019
2019-05,-0.2381639728354263,-0.28401661976256487,-0.02587548072116808,-2.182561596987838,-1.034404625065334,-1.230397980724492,-0.8597183150884502,0.0009683891350375,42,1,5,2019-05-01,2019
2019-05,-0.2524985281544116,-0.2639532690777784,-0.02587548072116808,-2.182561596987838,-1.034404625065334,-1.230397980724492,-0.8597183150884502,0.0009683891350375,44,0,5,2019-05-01,2019
2019-05,-0.0010636297873864123,0.33573229823875617,-0.02587548072116808,-2.182561596987838,-1.034404625065334,-1.230397980724492,-0.8597183150884502,0.0009683891350375,44,1,5,2019-05-01,2019
2019-05,-0.26947026658604745,-0.2921684367448091,-0.02587548072116808,-2.182561596987838,-1.034404625065334,-1.230397980724492,-0.8597183150884502,0.0009683891350375,45,0,5,2019-05-01,2019
2019-05,-0.267460147013516,-0.26626991811592376,-0.02587548072116808,-2.182561596987838,-1.034404625065334,-1.230397980724492,-0.8597183150884502,0.0009683891350375,45,1,5,2019-05-01,2019
2019-05,-0.25975175844868686,-0.2890546578996784,-0.02587548072116808,-2.182561596987838,-1.034404625065334,-1.230397980724492,-0.8597183150884502,0.0009683891350375,49,1,5,2019-05-01,2019
2019-05,-0.2694233833307114,-0.29213437395672415,-0.02587548072116808,-2.182561596987838,-1.034404625065334,-1.230397980724492,-0.8597183150884502,0.0009683891350375,49,0,5,2019-05-01,2019
2019-05,-0.2692905474405927,-0.2880125248490455,-0.02587548072116808,-2.182561596987838,-1.034404625065334,-1.230397980724492,-0.8597183150884502,0.0009683891350375,50,0,5,2019-05-01,2019
2019-05,-0.269110828295138,-0.2788995250174581,-0.02587548072116808,-2.182561596987838,-1.034404625065334,-1.230397980724492,-0.8597183150884502,0.0009683891350375,50,1,5,2019-05-01,2019
2019-05,-0.1363179144938325,-0.1881902583219806,-0.02587548072116808,-2.182561596987838,-1.034404625065334,-1.230397980724492,-0.8597183150884502,0.0009683891350375,60,0,5,2019-05-01,2019
2019-05,-0.2687103671558096,-0.28915692288331524,-0.02587548072116808,-2.182561596987838,-1.034404625065334,-1.230397980724492,-0.8597183150884502,0.0009683891350375,67,1,5,2019-05-01,2019
2019-05,-0.26945854577221345,-0.2921172622947577,-0.02587548072116808,-2.182561596987838,-1.034404625065334,-1.230397980724492,-0.8597183150884502,0.0009683891350375,67,0,5,2019-05-01,2019
2019-05,-0.2694448714894071,-0.2921034160778787,-0.02587548072116808,-2.182561596987838,-1.034404625065334,-1.230397980724492,-0.8597183150884502,0.0009683891350375,78,1,5,2019-05-01,2019
2019-05,-0.2520609511046088,-0.25589117339178497,-0.02587548072116808,-2.182561596987838,-1.034404625065334,-1.230397980724492,-0.8597183150884502,0.0009683891350375,79,0,5,2019-05-01,2019
2019-05,-0.23421210510439508,-0.21070469222333776,-0.02587548072116808,-2.182561596987838,-1.034404625065334,-1.230397980724492,-0.8597183150884502,0.0009683891350375,79,1,5,2019-05-01,2019
2019-05,0.04330746445020301,-0.26340874607596254,-0.02587548072116808,-2.182561596987838,-1.034404625065334,-1.230397980724492,-0.8597183150884502,0.0009683891350375,80,1,5,2019-05-01,2019
2019-05,-0.2613887654475026,-0.2913846350617392,-0.02587548072116808,-2.182561596987838,-1.034404625065334,-1.230397980724492,-0.8597183150884502,0.0009683891350375,80,0,5,2019-05-01,2019
2019-05,-0.26861074023822057,-0.291863684977417,-0.02587548072116808,-2.182561596987838,-1.034404625065334,-1.230397980724492,-0.8597183150884502,0.0009683891350375,81,0,5,2019-05-01,2019
2019-05,-0.25965603846904256,-0.28223708718598123,-0.02587548072116808,-2.182561596987838,-1.034404625065334,-1.230397980724492,-0.8597183150884502,0.0009683891350375,81,1,5,2019-05-01,2019
2019-05,-0.2678801428425677,-0.2914994035988001,-0.02587548072116808,-2.182561596987838,-1.034404625065334,-1.230397980724492,-0.8597183150884502,0.0009683891350375,87,0,5,2019-05-01,2019
2019-05,-0.26373488168327547,-0.28734628648620625,-0.02587548072116808,-2.182561596987838,-1.034404625065334,-1.230397980724492,-0.8597183150884502,0.0009683891350375,87,1,5,2019-05-01,2019
2019-05,8.041039946523423,5.272953714921378,-0.02587548072116808,-2.182561596987838,-1.034404625065334,-1.230397980724492,-0.8597183150884502,0.0009683891350375,88,1,5,2019-05-01,2019
2019-05,0.8100850589396297,0.7288895845327202,-0.02587548072116808,-2.182561596987838,-1.034404625065334,-1.230397980724492,-0.8597183150884502,0.0009683891350375,88,0,5,2019-05-01,2019
2019-05,0.8286762231493302,0.8865486373085163,-0.02587548072116808,-2.182561596987838,-1.034404625065334,-1.230397980724492,-0.8597183150884502,0.0009683891350375,89,0,5,2019-05-01,2019
2019-05,-0.2575091760684477,-0.2279658787378822,-0.02587548072116808,-2.182561596987838,-1.034404625065334,-1.230397980724492,-0.8597183150884502,0.0009683891350375,89,1,5,2019-05-01,2019
2019-05,-0.26931594253723307,-0.2920392382241496,-0.02587548072116808,-2.182561596987838,-1.034404625065334,-1.230397980724492,-0.8597183150884502,0.0009683891350375,90,1,5,2019-05-01,2019
2019-05,-0.24853493960954634,-0.25528467260706433,-0.02587548072116808,-2.182561596987838,-1.034404625065334,-1.230397980724492,-0.8597183150884502,0.0009683891350375,90,0,5,2019-05-01,2019
2019-05,-0.2693471980407904,-0.29205292025663876,-0.02587548072116808,-2.182561596987838,-1.034404625065334,-1.230397980724492,-0.8597183150884502,0.0009683891350375,92,1,5,2019-05-01,2019
2019-05,0.28228313771168334,0.9753568093051507,-0.02587548072116808,-2.182561596987838,-1.034404625065334,-1.230397980724492,-0.8597183150884502,0.0009683891350375,92,0,5,2019-05-01,2019
2019-05,-0.26942924373762844,-0.28931857518503895,-0.02587548072116808,-2.182561596987838,-1.034404625065334,-1.230397980724492,-0.8597183150884502,0.0009683891350375,96,1,5,2019-05-01,2019
2019-05,-0.26754023924138165,-0.2875725325754467,-0.02587548072116808,-2.182561596987838,-1.034404625065334,-1.230397980724492,-0.8597183150884502,0.0009683891350375,96,0,5,2019-05-01,2019
2019-05,2.355640407815529,0.7405630143845314,-0.02587548072116808,-2.182561596987838,-1.034404625065334,-1.230397980724492,-0.8597183150884502,0.0009683891350375,101,1,5,2019-05-01,2019
2019-05,-0.17249420639248172,-0.24088686185184732,-0.02587548072116808,-2.182561596987838,-1.034404625065334,-1.230397980724492,-0.8597183150884502,0.0009683891350375,101,0,5,2019-05-01,2019
2019-06,-0.26796218853940573,-0.2860889478344162,-0.02587548072116808,-2.182561596987838,-1.014674504411103,-1.2041281408308593,-0.8317727846962242,0.0010054706379056,0,1,5,2019-06-01,2019
2019-06,-0.2685853451415802,-0.2894262144710375,-0.02587548072116808,-2.182561596987838,-1.014674504411103,-1.2041281408308593,-0.8317727846962242,0.0010054706379056,1,1,5,2019-06-01,2019
2019-06,-0.26947026658604745,-0.2921424080462018,-0.02587548072116808,-2.182561596987838,-1.014674504411103,-1.2041281408308593,-0.8317727846962242,0.0010054706379056,1,0,5,2019-06-01,2019
2019-06,-0.2607773296591621,-0.2460465168393503,-0.02587548072116808,-2.182561596987838,-1.014674504411103,-1.2041281408308593,-0.8317727846962242,0.0010054706379056,2,1,5,2019-06-01,2019
2019-06,-0.2536217728135035,-0.28561972344233655,-0.02587548072116808,-2.182561596987838,-1.014674504411103,-1.2041281408308593,-0.8317727846962242,0.0010054706379056,3,1,5,2019-06-01,2019
2019-06,-0.2694038486409881,-0.29214111646233476,-0.02587548072116808,-2.182561596987838,-1.014674504411103,-1.2041281408308593,-0.8317727846962242,0.0010054706379056,3,0,5,2019-06-01,2019
2019-06,-0.24179547165499482,-0.1372069407916561,-0.02587548072116808,-2.182561596987838,-1.014674504411103,-1.2041281408308593,-0.8317727846962242,0.0010054706379056,4,1,5,2019-06-01,2019
2019-06,-0.2693647792615414,-0.29157085299672936,-0.02587548072116808,-2.182561596987838,-1.014674504411103,-1.2041281408308593,-0.8317727846962242,0.0010054706379056,4,0,5,2019-06-01,2019
2019-06,-0.26909129360541467,-0.2865605036448319,-0.02587548072116808,-2.182561596987838,-1.014674504411103,-1.2041281408308593,-0.8317727846962242,0.0010054706379056,6,0,5,2019-06-01,2019
2019-06,-0.2692202225575887,-0.2890061286425749,-0.02587548072116808,-2.182561596987838,-1.014674504411103,-1.2041281408308593,-0.8317727846962242,0.0010054706379056,6,1,5,2019-06-01,2019
2019-06,-0.2694683131170751,-0.29210811904851297,-0.02587548072116808,-2.182561596987838,-1.014674504411103,-1.2041281408308593,-0.8317727846962242,0.0010054706379056,9,0,5,2019-06-01,2019
2019-06,-0.26560825842774355,-0.26791886937443105,-0.02587548072116808,-2.182561596987838,-1.014674504411103,-1.2041281408308593,-0.8317727846962242,0.0010054706379056,9,1,5,2019-06-01,2019
2019-06,-0.2582241457123219,-0.26004637382185913,-0.02587548072116808,-2.182561596987838,-1.014674504411103,-1.2041281408308593,-0.8317727846962242,0.0010054706379056,10,0,5,2019-06-01,2019
2019-06,-0.26940970904790507,-0.2919557158007519,-0.02587548072116808,-2.182561596987838,-1.014674504411103,-1.2041281408308593,-0.8317727846962242,0.0010054706379056,10,1,5,2019-06-01,2019
2019-06,-0.25858749094117595,-0.2604852824784848,-0.02587548072116808,-2.182561596987838,-1.014674504411103,-1.2041281408308593,-0.8317727846962242,0.0010054706379056,29,1,5,2019-06-01,2019
2019-06,-0.26682331612853516,-0.2858164783666144,-0.02587548072116808,-2.182561596987838,-1.014674504411103,-1.2041281408308593,-0.8317727846962242,0.0010054706379056,29,0,5,2019-06-01,2019
2019-06,-0.2694624527101581,-0.29098511971305624,-0.02587548072116808,-2.182561596987838,-1.014674504411103,-1.2041281408308593,-0.8317727846962242,0.0010054706379056,36,1,5,2019-06-01,2019
2019-06,-0.2691264560469167,-0.2894299761178365,-0.02587548072116808,-2.182561596987838,-1.014674504411103,-1.2041281408308593,-0.8317727846962242,0.0010054706379056,36,0,5,2019-06-01,2019
2019-06,-0.23458717114708316,-0.283300823253779,-0.02587548072116808,-2.182561596987838,-1.014674504411103,-1.2041281408308593,-0.8317727846962242,0.0010054706379056,42,1,5,2019-06-01,2019
2019-06,-0.2683020921405918,-0.29186761810568984,-0.02587548072116808,-2.182561596987838,-1.014674504411103,-1.2041281408308593,-0.8317727846962242,0.0010054706379056,42,0,5,2019-06-01,2019
2019-06,-0.001399626450627822,0.3571267465003462,-0.02587548072116808,-2.182561596987838,-1.014674504411103,-1.2041281408308593,-0.8317727846962242,0.0010054706379056,44,1,5,2019-06-01,2019
2019-06,-0.25244578449215854,-0.2654078953409779,-0.02587548072116808,-2.182561596987838,-1.014674504411103,-1.2041281408308593,-0.8317727846962242,0.0010054706379056,44,0,5,2019-06-01,2019
2019-06,-0.26680573490778414,-0.2567186846079802,-0.02587548072116808,-2.182561596987838,-1.014674504411103,-1.2041281408308593,-0.8317727846962242,0.0010054706379056,45,1,5,2019-06-01,2019
2019-06,-0.26944291802043474,-0.2915023808090697,-0.02587548072116808,-2.182561596987838,-1.014674504411103,-1.2041281408308593,-0.8317727846962242,0.0010054706379056,45,0,5,2019-06-01,2019
2019-06,-0.2542293016638993,-0.2871956892667338,-0.02587548072116808,-2.182561596987838,-1.014674504411103,-1.2041281408308593,-0.8317727846962242,0.0010054706379056,49,1,5,2019-06-01,2019
2019-06,-0.26940189517201574,-0.2921372708990698,-0.02587548072116808,-2.182561596987838,-1.014674504411103,-1.2041281408308593,-0.8317727846962242,0.0010054706379056,49,0,5,2019-06-01,2019
2019-06,-0.26922803643347804,-0.28887691917628944,-0.02587548072116808,-2.182561596987838,-1.014674504411103,-1.2041281408308593,-0.8317727846962242,0.0010054706379056,50,0,5,2019-06-01,2019
2019-06,-0.26917724624019734,-0.28328422603623415,-0.02587548072116808,-2.182561596987838,-1.014674504411103,-1.2041281408308593,-0.8317727846962242,0.0010054706379056,50,1,5,2019-06-01,2019
2019-06,-0.15040828619127602,-0.2012206064823089,-0.02587548072116808,-2.182561596987838,-1.014674504411103,-1.2041281408308593,-0.8317727846962242,0.0010054706379056,60,0,5,2019-06-01,2019
2019-06,-0.26944877842735176,-0.2920704150155149,-0.02587548072116808,-2.182561596987838,-1.014674504411103,-1.2041281408308593,-0.8317727846962242,0.0010054706379056,67,0,5,2019-06-01,2019
2019-06,-0.2685423688241889,-0.28812843537975147,-0.02587548072116808,-2.182561596987838,-1.014674504411103,-1.2041281408308593,-0.8317727846962242,0.0010054706379056,67,1,5,2019-06-01,2019
2019-06,-0.26947222005501975,-0.2921322578023658,-0.02587548072116808,-2.182561596987838,-1.014674504411103,-1.2041281408308593,-0.8317727846962242,0.0010054706379056,78,1,5,2019-06-01,2019
2019-06,-0.25188318542812643,-0.2551825353223974,-0.02587548072116808,-2.182561596987838,-1.014674504411103,-1.2041281408308593,-0.8317727846962242,0.0010054706379056,79,0,5,2019-06-01,2019
2019-06,-0.22557386530873513,-0.19846820112782337,-0.02587548072116808,-2.182561596987838,-1.014674504411103,-1.2041281408308593,-0.8317727846962242,0.0010054706379056,79,1,5,2019-06-01,2019
2019-06,-0.26026161385046603,-0.2911419522908018,-0.02587548072116808,-2.182561596987838,-1.014674504411103,-1.2041281408308593,-0.8317727846962242,0.0010054706379056,80,0,5,2019-06-01,2019
2019-06,0.05593078094942388,-0.26019418720378784,-0.02587548072116808,-2.182561596987838,-1.014674504411103,-1.2041281408308593,-0.8317727846962242,0.0010054706379056,80,1,5,2019-06-01,2019
2019-06,-0.26832553376825985,-0.2917962416786005,-0.02587548072116808,-2.182561596987838,-1.014674504411103,-1.2041281408308593,-0.8317727846962242,0.0010054706379056,81,0,5,2019-06-01,2019
2019-06,-0.2599783608494776,-0.281327666201951,-0.02587548072116808,-2.182561596987838,-1.014674504411103,-1.2041281408308593,-0.8317727846962242,0.0010054706379056,81,1,5,2019-06-01,2019
2019-06,-0.26719056829533394,-0.29120474005002994,-0.02587548072116808,-2.182561596987838,-1.014674504411103,-1.2041281408308593,-0.8317727846962242,0.0010054706379056,87,0,5,2019-06-01,2019
2019-06,-0.26434045706469894,-0.287995529940423,-0.02587548072116808,-2.182561596987838,-1.014674504411103,-1.2041281408308593,-0.8317727846962242,0.0010054706379056,87,1,5,2019-06-01,2019
2019-06,0.8680151813141879,0.7539475082738087,-0.02587548072116808,-2.182561596987838,-1.014674504411103,-1.2041281408308593,-0.8317727846962242,0.0010054706379056,88,0,5,2019-06-01,2019
2019-06,8.034202805120255,5.393484540299998,-0.02587548072116808,-2.182561596987838,-1.014674504411103,-1.2041281408308593,-0.8317727846962242,0.0010054706379056,88,1,5,2019-06-01,2019
2019-06,0.7556067162391853,0.7983279134102936,-0.02587548072116808,-2.182561596987838,-1.014674504411103,-1.2041281408308593,-0.8317727846962242,0.0010054706379056,89,0,5,2019-06-01,2019
2019-06,-0.2579154976146931,-0.23130151082768885,-0.02587548072116808,-2.182561596987838,-1.014674504411103,-1.2041281408308593,-0.8317727846962242,0.0010054706379056,89,1,5,2019-06-01,2019
2019-06,-0.24526092561191493,-0.252930202782577,-0.02587548072116808,-2.182561596987838,-1.014674504411103,-1.2041281408308593,-0.8317727846962242,0.0010054706379056,90,0,5,2019-06-01,2019
2019-06,-0.2692495245921737,-0.2919737250040496,-0.02587548072116808,-2.182561596987838,-1.014674504411103,-1.2041281408308593,-0.8317727846962242,0.0010054706379056,90,1,5,2019-06-01,2019
2019-06,-0.2692710127508694,-0.2920429196030247,-0.02587548072116808,-2.182561596987838,-1.014674504411103,-1.2041281408308593,-0.8317727846962242,0.0010054706379056,92,1,5,2019-06-01,2019
2019-06,0.254569273401184,1.0167028935441178,-0.02587548072116808,-2.182561596987838,-1.014674504411103,-1.2041281408308593,-0.8317727846962242,0.0010054706379056,92,0,5,2019-06-01,2019
2019-06,-0.26939017435818174,-0.2875946865224531,-0.02587548072116808,-2.182561596987838,-1.014674504411103,-1.2041281408308593,-0.8317727846962242,0.0010054706379056,96,1,5,2019-06-01,2019
2019-06,-0.26728628827497825,-0.28650726412001015,-0.02587548072116808,-2.182561596987838,-1.014674504411103,-1.2041281408308593,-0.8317727846962242,0.0010054706379056,96,0,5,2019-06-01,2019
2019-06,2.502316625603211,0.7931690574534881,-0.02587548072116808,-2.182561596987838,-1.014674504411103,-1.2041281408308593,-0.8317727846962242,0.0010054706379056,101,1,5,2019-06-01,2019
2019-06,-0.16012288739069191,-0.22628485679522037,-0.02587548072116808,-2.182561596987838,-1.014674504411103,-1.2041281408308593,-0.8317727846962242,0.0010054706379056,101,0,5,2019-06-01,2019
2019-07,-0.2685032994447422,-0.2894168705549829,0.20856047329573138,0.06415524976448668,-0.9428617558605256,-1.1124649974833447,-0.7725847793149365,0.0010657164334817,1,1,5,2019-07-01,2019
2019-07,-0.2694741735239921,-0.29215995753320784,0.20856047329573138,0.06415524976448668,-0.9428617558605256,-1.1124649974833447,-0.7725847793149365,0.0010657164334817,1,0,5,2019-07-01,2019
2019-07,-0.25042003716784844,-0.283932046559072,0.20856047329573138,0.06415524976448668,-0.9428617558605256,-1.1124649974833447,-0.7725847793149365,0.0010657164334817,3,1,5,2019-07-01,2019
2019-07,-0.2693745466064031,-0.29212199810226996,0.20856047329573138,0.06415524976448668,-0.9428617558605256,-1.1124649974833447,-0.7725847793149365,0.0010657164334817,3,0,5,2019-07-01,2019
2019-07,-0.26935696538565207,-0.29164398072397735,0.20856047329573138,0.06415524976448668,-0.9428617558605256,-1.1124649974833447,-0.7725847793149365,0.0010657164334817,4,0,5,2019-07-01,2019
2019-07,-0.2420025393660622,-0.12844468624787636,0.20856047329573138,0.06415524976448668,-0.9428617558605256,-1.1124649974833447,-0.7725847793149365,0.0010657164334817,4,1,5,2019-07-01,2019
2019-07,-0.2691147352330827,-0.286880364024634,0.20856047329573138,0.06415524976448668,-0.9428617558605256,-1.1124649974833447,-0.7725847793149365,0.0010657164334817,6,0,5,2019-07-01,2019
2019-07,-0.2691616184884187,-0.2871146369062681,0.20856047329573138,0.06415524976448668,-0.9428617558605256,-1.1124649974833447,-0.7725847793149365,0.0010657164334817,6,1,5,2019-07-01,2019
2019-07,-0.2694448714894071,-0.2919057417210176,0.20856047329573138,0.06415524976448668,-0.9428617558605256,-1.1124649974833447,-0.7725847793149365,0.0010657164334817,9,0,5,2019-07-01,2019
2019-07,-0.26500072957734777,-0.2654842812162293,0.20856047329573138,0.06415524976448668,-0.9428617558605256,-1.1124649974833447,-0.7725847793149365,0.0010657164334817,9,1,5,2019-07-01,2019
2019-07,-0.269198734398893,-0.29041841722444,0.20856047329573138,0.06415524976448668,-0.9428617558605256,-1.1124649974833447,-0.7725847793149365,0.0010657164334817,10,1,5,2019-07-01,2019
2019-07,-0.2058164801225513,0.022488013012692133,0.20856047329573138,0.06415524976448668,-0.9428617558605256,-1.1124649974833447,-0.7725847793149365,0.0010657164334817,10,0,5,2019-07-01,2019
2019-07,-0.260460867685644,-0.26489817578127245,0.20856047329573138,0.06415524976448668,-0.9428617558605256,-1.1124649974833447,-0.7725847793149365,0.0010657164334817,29,1,5,2019-07-01,2019
2019-07,-0.2667959675629225,-0.2861378310000934,0.20856047329573138,0.06415524976448668,-0.9428617558605256,-1.1124649974833447,-0.7725847793149365,0.0010657164334817,29,0,5,2019-07-01,2019
2019-07,-0.2694565923032411,-0.2885868126564737,0.20856047329573138,0.06415524976448668,-0.9428617558605256,-1.1124649974833447,-0.7725847793149365,0.0010657164334817,36,1,5,2019-07-01,2019
2019-07,-0.2690971540123317,-0.28907782614136,0.20856047329573138,0.06415524976448668,-0.9428617558605256,-1.1124649974833447,-0.7725847793149365,0.0010657164334817,36,0,5,2019-07-01,2019
2019-07,-0.2680129787326864,-0.29182690767408614,0.20856047329573138,0.06415524976448668,-0.9428617558605256,-1.1124649974833447,-0.7725847793149365,0.0010657164334817,42,0,5,2019-07-01,2019
2019-07,-0.23222738062850395,-0.2835847856288716,0.20856047329573138,0.06415524976448668,-0.9428617558605256,-1.1124649974833447,-0.7725847793149365,0.0010657164334817,42,1,5,2019-07-01,2019
2019-07,0.0021088038236836424,0.4055296071634247,0.20856047329573138,0.06415524976448668,-0.9428617558605256,-1.1124649974833447,-0.7725847793149365,0.0010657164334817,44,1,5,2019-07-01,2019
2019-07,-0.251388957778126,-0.2633810171567846,0.20856047329573138,0.06415524976448668,-0.9428617558605256,-1.1124649974833447,-0.7725847793149365,0.0010657164334817,44,0,5,2019-07-01,2019
2019-07,-0.2694565923032411,-0.2913076325828903,0.20856047329573138,0.06415524976448668,-0.9428617558605256,-1.1124649974833447,-0.7725847793149365,0.0010657164334817,45,0,5,2019-07-01,2019
2019-07,-0.26687410632181585,-0.2593937226294171,0.20856047329573138,0.06415524976448668,-0.9428617558605256,-1.1124649974833447,-0.7725847793149365,0.0010657164334817,45,1,5,2019-07-01,2019
2019-07,-0.26932766335106706,-0.29212789414613727,0.20856047329573138,0.06415524976448668,-0.9428617558605256,-1.1124649974833447,-0.7725847793149365,0.0010657164334817,49,0,5,2019-07-01,2019
2019-07,-0.24993362339373731,-0.2856530419278541,0.20856047329573138,0.06415524976448668,-0.9428617558605256,-1.1124649974833447,-0.7725847793149365,0.0010657164334817,49,1,5,2019-07-01,2019
2019-07,-0.26916357195739105,-0.28841352880286325,0.20856047329573138,0.06415524976448668,-0.9428617558605256,-1.1124649974833447,-0.7725847793149365,0.0010657164334817,50,0,5,2019-07-01,2019
2019-07,-0.269069805446719,-0.2782141281605921,0.20856047329573138,0.06415524976448668,-0.9428617558605256,-1.1124649974833447,-0.7725847793149365,0.0010657164334817,50,1,5,2019-07-01,2019
2019-07,-0.13482937113691415,-0.1861455387674214,0.20856047329573138,0.06415524976448668,-0.9428617558605256,-1.1124649974833447,-0.7725847793149365,0.0010657164334817,60,0,5,2019-07-01,2019
2019-07,-0.2694390110824901,-0.29199333591728405,0.20856047329573138,0.06415524976448668,-0.9428617558605256,-1.1124649974833447,-0.7725847793149365,0.0010657164334817,67,0,5,2019-07-01,2019
2019-07,-0.26841930027893185,-0.2876498707201593,0.20856047329573138,0.06415524976448668,-0.9428617558605256,-1.1124649974833447,-0.7725847793149365,0.0010657164334817,67,1,5,2019-07-01,2019
2019-07,-0.2694741735239921,-0.2921651311657597,0.20856047329573138,0.06415524976448668,-0.9428617558605256,-1.1124649974833447,-0.7725847793149365,0.0010657164334817,78,1,5,2019-07-01,2019
2019-07,-0.219129371169006,-0.19252468243203652,0.20856047329573138,0.06415524976448668,-0.9428617558605256,-1.1124649974833447,-0.7725847793149365,0.0010657164334817,79,1,5,2019-07-01,2019
2019-07,-0.2515628165166637,-0.2552078817436513,0.20856047329573138,0.06415524976448668,-0.9428617558605256,-1.1124649974833447,-0.7725847793149365,0.0010657164334817,79,0,5,2019-07-01,2019
2019-07,0.06909911529192587,-0.2584806531033898,0.20856047329573138,0.06415524976448668,-0.9428617558605256,-1.1124649974833447,-0.7725847793149365,0.0010657164334817,80,1,5,2019-07-01,2019
2019-07,-0.25924971692279714,-0.29105593791322004,0.20856047329573138,0.06415524976448668,-0.9428617558605256,-1.1124649974833447,-0.7725847793149365,0.0010657164334817,80,0,5,2019-07-01,2019
2019-07,-0.26834506845798317,-0.29177209562766365,0.20856047329573138,0.06415524976448668,-0.9428617558605256,-1.1124649974833447,-0.7725847793149365,0.0010657164334817,81,0,5,2019-07-01,2019
2019-07,-0.25978496742121654,-0.2824216924654087,0.20856047329573138,0.06415524976448668,-0.9428617558605256,-1.1124649974833447,-0.7725847793149365,0.0010657164334817,81,1,5,2019-07-01,2019
2019-07,-0.2673390319372313,-0.29136388945194364,0.20856047329573138,0.06415524976448668,-0.9428617558605256,-1.1124649974833447,-0.7725847793149365,0.0010657164334817,87,0,5,2019-07-01,2019
2019-07,-0.2633676295164767,-0.2780755528870001,0.20856047329573138,0.06415524976448668,-0.9428617558605256,-1.1124649974833447,-0.7725847793149365,0.0010657164334817,87,1,5,2019-07-01,2019
2019-07,8.187882209173754,5.537747288856072,0.20856047329573138,0.06415524976448668,-0.9428617558605256,-1.1124649974833447,-0.7725847793149365,0.0010657164334817,88,1,5,2019-07-01,2019
2019-07,0.9331047674723493,0.8012537740998635,0.20856047329573138,0.06415524976448668,-0.9428617558605256,-1.1124649974833447,-0.7725847793149365,0.0010657164334817,88,0,5,2019-07-01,2019
2019-07,-0.2573157826401867,-0.2284069947624161,0.20856047329573138,0.06415524976448668,-0.9428617558605256,-1.1124649974833447,-0.7725847793149365,0.0010657164334817,89,1,5,2019-07-01,2019
2019-07,0.8625044453432342,0.9207236399511449,0.20856047329573138,0.06415524976448668,-0.9428617558605256,-1.1124649974833447,-0.7725847793149365,0.0010657164334817,89,0,5,2019-07-01,2019
2019-07,-0.24849977716804433,-0.25896315818833887,0.20856047329573138,0.06415524976448668,-0.9428617558605256,-1.1124649974833447,-0.7725847793149365,0.0010657164334817,90,0,5,2019-07-01,2019
2019-07,-0.2691791997091697,-0.2919211276226194,0.20856047329573138,0.06415524976448668,-0.9428617558605256,-1.1124649974833447,-0.7725847793149365,0.0010657164334817,90,1,5,2019-07-01,2019
2019-07,0.3037205062140742,1.363273661891796,0.20856047329573138,0.06415524976448668,-0.9428617558605256,-1.1124649974833447,-0.7725847793149365,0.0010657164334817,92,0,5,2019-07-01,2019
2019-07,-0.2693530584477074,-0.29210687854423395,0.20856047329573138,0.06415524976448668,-0.9428617558605256,-1.1124649974833447,-0.7725847793149365,0.0010657164334817,92,1,5,2019-07-01,2019
2019-07,-0.267430844978931,-0.2869172142988048,0.20856047329573138,0.06415524976448668,-0.9428617558605256,-1.1124649974833447,-0.7725847793149365,0.0010657164334817,96,0,5,2019-07-01,2019
2019-07,-0.2692319433714227,-0.2846370032495845,0.20856047329573138,0.06415524976448668,-0.9428617558605256,-1.1124649974833447,-0.7725847793149365,0.0010657164334817,96,1,5,2019-07-01,2019
2019-07,-0.15363541693357144,-0.2191564558431639,0.20856047329573138,0.06415524976448668,-0.9428617558605256,-1.1124649974833447,-0.7725847793149365,0.0010657164334817,101,0,5,2019-07-01,2019
2019-07,2.571512403541218,0.8375376960420324,0.20856047329573138,0.06415524976448668,-0.9428617558605256,-1.1124649974833447,-0.7725847793149365,0.0010657164334817,101,1,5,2019-07-01,2019
2019-08,-0.2679993044498801,-0.28588841302062934,0.20856047329573138,0.06415524976448668,-1.007877097448932,-1.1222058932010575,-0.7879705207668363,0.001075075658564,0,1,5,2019-08-01,2019
2019-08,-0.2694683131170751,-0.2921432289681511,0.20856047329573138,0.06415524976448668,-1.007877097448932,-1.1222058932010575,-0.7879705207668363,0.001075075658564,1,0,5,2019-08-01,2019
2019-08,-0.26837632396154054,-0.28880309822606204,0.20856047329573138,0.06415524976448668,-1.007877097448932,-1.1222058932010575,-0.7879705207668363,0.001075075658564,1,1,5,2019-08-01,2019
2019-08,-0.2607753761901898,-0.24590511029716852,0.20856047329573138,0.06415524976448668,-1.007877097448932,-1.1222058932010575,-0.7879705207668363,0.001075075658564,2,1,5,2019-08-01,2019
2019-08,-0.2693706396684584,-0.29212729578524976,0.20856047329573138,0.06415524976448668,-1.007877097448932,-1.1222058932010575,-0.7879705207668363,0.001075075658564,3,0,5,2019-08-01,2019
2019-08,-0.2507599407690345,-0.2840019927576985,0.20856047329573138,0.06415524976448668,-1.007877097448932,-1.1222058932010575,-0.7879705207668363,0.001075075658564,3,1,5,2019-08-01,2019
2019-08,-0.2693432911028457,-0.29147132806813236,0.20856047329573138,0.06415524976448668,-1.007877097448932,-1.1222058932010575,-0.7879705207668363,0.001075075658564,4,0,5,2019-08-01,2019
2019-08,-0.24181695981369047,-0.14018197653026293,0.20856047329573138,0.06415524976448668,-1.007877097448932,-1.1222058932010575,-0.7879705207668363,0.001075075658564,4,1,5,2019-08-01,2019
2019-08,-0.26909324707438703,-0.2875248753198805,0.20856047329573138,0.06415524976448668,-1.007877097448932,-1.1222058932010575,-0.7879705207668363,0.001075075658564,6,0,5,2019-08-01,2019
2019-08,-0.2692006878678654,-0.28758066517555825,0.20856047329573138,0.06415524976448668,-1.007877097448932,-1.1222058932010575,-0.7879705207668363,0.001075075658564,6,1,5,2019-08-01,2019
2019-08,-0.26945268536529643,-0.29208067836415275,0.20856047329573138,0.06415524976448668,-1.007877097448932,-1.1222058932010575,-0.7879705207668363,0.001075075658564,9,0,5,2019-08-01,2019
2019-08,-0.26528007564039147,-0.26743835274487043,0.20856047329573138,0.06415524976448668,-1.007877097448932,-1.1222058932010575,-0.7879705207668363,0.001075075658564,9,1,5,2019-08-01,2019
2019-08,-0.25428009185718,-0.23983081326203748,0.20856047329573138,0.06415524976448668,-1.007877097448932,-1.1222058932010575,-0.7879705207668363,0.001075075658564,10,0,5,2019-08-01,2019
2019-08,-0.2694155694548221,-0.2918318259086983,0.20856047329573138,0.06415524976448668,-1.007877097448932,-1.1222058932010575,-0.7879705207668363,0.001075075658564,10,1,5,2019-08-01,2019
2019-08,-0.2577553131589618,-0.2551020521344833,0.20856047329573138,0.06415524976448668,-1.007877097448932,-1.1222058932010575,-0.7879705207668363,0.001075075658564,29,1,5,2019-08-01,2019
2019-08,-0.2662568101265584,-0.28498532590550607,0.20856047329573138,0.06415524976448668,-1.007877097448932,-1.1222058932010575,-0.7879705207668363,0.001075075658564,29,0,5,2019-08-01,2019
2019-08,-0.26906199157082966,-0.28852705318710314,0.20856047329573138,0.06415524976448668,-1.007877097448932,-1.1222058932010575,-0.7879705207668363,0.001075075658564,36,0,5,2019-08-01,2019
2019-08,-0.2694663596481028,-0.290977822629062,0.20856047329573138,0.06415524976448668,-1.007877097448932,-1.1222058932010575,-0.7879705207668363,0.001075075658564,36,1,5,2019-08-01,2019
2019-08,-0.23560297501269672,-0.2842058149078247,0.20856047329573138,0.06415524976448668,-1.007877097448932,-1.1222058932010575,-0.7879705207668363,0.001075075658564,42,1,5,2019-08-01,2019
2019-08,-0.2683196733613428,-0.29188320832564346,0.20856047329573138,0.06415524976448668,-1.007877097448932,-1.1222058932010575,-0.7879705207668363,0.001075075658564,42,0,5,2019-08-01,2019
2019-08,-0.2509084044109319,-0.26564432086239026,0.20856047329573138,0.06415524976448668,-1.007877097448932,-1.1222058932010575,-0.7879705207668363,0.001075075658564,44,0,5,2019-08-01,2019
2019-08,-0.005470655788971414,0.4422634928444704,0.20856047329573138,0.06415524976448668,-1.007877097448932,-1.1222058932010575,-0.7879705207668363,0.001075075658564,44,1,5,2019-08-01,2019
2019-08,-0.2694644061791304,-0.29191221423452046,0.20856047329573138,0.06415524976448668,-1.007877097448932,-1.1222058932010575,-0.7879705207668363,0.001075075658564,45,0,5,2019-08-01,2019
2019-08,-0.267401542944346,-0.26675765521009664,0.20856047329573138,0.06415524976448668,-1.007877097448932,-1.1222058932010575,-0.7879705207668363,0.001075075658564,45,1,5,2019-08-01,2019
2019-08,-0.26934915150976274,-0.2921113188198444,0.20856047329573138,0.06415524976448668,-1.007877097448932,-1.1222058932010575,-0.7879705207668363,0.001075075658564,49,0,5,2019-08-01,2019
2019-08,-0.24784731853128486,-0.2848497314907257,0.20856047329573138,0.06415524976448668,-1.007877097448932,-1.1222058932010575,-0.7879705207668363,0.001075075658564,49,1,5,2019-08-01,2019
2019-08,-0.2690854331984977,-0.28671306013135683,0.20856047329573138,0.06415524976448668,-1.007877097448932,-1.1222058932010575,-0.7879705207668363,0.001075075658564,50,0,5,2019-08-01,2019
2019-08,-0.26899752709474267,-0.27747941396155124,0.20856047329573138,0.06415524976448668,-1.007877097448932,-1.1222058932010575,-0.7879705207668363,0.001075075658564,50,1,5,2019-08-01,2019
2019-08,-0.14918541461459509,-0.19674607471102218,0.20856047329573138,0.06415524976448668,-1.007877097448932,-1.1222058932010575,-0.7879705207668363,0.001075075658564,60,0,5,2019-08-01,2019
2019-08,-0.2694761269929644,-0.2919830871628142,0.20856047329573138,0.06415524976448668,-1.007877097448932,-1.1222058932010575,-0.7879705207668363,0.001075075658564,61,1,5,2019-08-01,2019
2019-08,-0.2694683131170751,-0.29207813897892276,0.20856047329573138,0.06415524976448668,-1.007877097448932,-1.1222058932010575,-0.7879705207668363,0.001075075658564,67,0,5,2019-08-01,2019
2019-08,-0.26854041535521656,-0.2877049600557736,0.20856047329573138,0.06415524976448668,-1.007877097448932,-1.1222058932010575,-0.7879705207668363,0.001075075658564,67,1,5,2019-08-01,2019
2019-08,-0.26947222005501975,-0.2920704879863548,0.20856047329573138,0.06415524976448668,-1.007877097448932,-1.1222058932010575,-0.7879705207668363,0.001075075658564,78,1,5,2019-08-01,2019
2019-08,-0.22408922888976146,-0.20721023180331316,0.20856047329573138,0.06415524976448668,-1.007877097448932,-1.1222058932010575,-0.7879705207668363,0.001075075658564,79,1,5,2019-08-01,2019
2019-08,-0.2509884966387976,-0.25232170259684195,0.20856047329573138,0.06415524976448668,-1.007877097448932,-1.1222058932010575,-0.7879705207668363,0.001075075658564,79,0,5,2019-08-01,2019
2019-08,0.07974747466011729,-0.2573711022937344,0.20856047329573138,0.06415524976448668,-1.007877097448932,-1.1222058932010575,-0.7879705207668363,0.001075075658564,80,1,5,2019-08-01,2019
2019-08,-0.2579545669941398,-0.2910513225075937,0.20856047329573138,0.06415524976448668,-1.007877097448932,-1.1222058932010575,-0.7879705207668363,0.001075075658564,80,0,5,2019-08-01,2019
2019-08,-0.2604862627822844,-0.2840333629217896,0.20856047329573138,0.06415524976448668,-1.007877097448932,-1.1222058932010575,-0.7879705207668363,0.001075075658564,81,1,5,2019-08-01,2019
2019-08,-0.26870255327992026,-0.29184230452131393,0.20856047329573138,0.06415524976448668,-1.007877097448932,-1.1222058932010575,-0.7879705207668363,0.001075075658564,81,0,5,2019-08-01,2019
2019-08,-0.26779419020778505,-0.29142168235717775,0.20856047329573138,0.06415524976448668,-1.007877097448932,-1.1222058932010575,-0.7879705207668363,0.001075075658564,87,0,5,2019-08-01,2019
2019-08,-0.2634438148063977,-0.2780024908335081,0.20856047329573138,0.06415524976448668,-1.007877097448932,-1.1222058932010575,-0.7879705207668363,0.001075075658564,87,1,5,2019-08-01,2019
2019-08,0.9216242303219437,0.8154956206303303,0.20856047329573138,0.06415524976448668,-1.007877097448932,-1.1222058932010575,-0.7879705207668363,0.001075075658564,88,0,5,2019-08-01,2019
2019-08,7.9583007682002265,5.467233796677165,0.20856047329573138,0.06415524976448668,-1.007877097448932,-1.1222058932010575,-0.7879705207668363,0.001075075658564,88,1,5,2019-08-01,2019
2019-08,0.7700057360342576,0.8110993026538356,0.20856047329573138,0.06415524976448668,-1.007877097448932,-1.1222058932010575,-0.7879705207668363,0.001075075658564,89,0,5,2019-08-01,2019
2019-08,-0.2568313223350479,-0.22646519328051123,0.20856047329573138,0.06415524976448668,-1.007877097448932,-1.1222058932010575,-0.7879705207668363,0.001075075658564,89,1,5,2019-08-01,2019
2019-08,-0.2692729662198417,-0.2920203570193146,0.20856047329573138,0.06415524976448668,-1.007877097448932,-1.1222058932010575,-0.7879705207668363,0.001075075658564,90,1,5,2019-08-01,2019
2019-08,-0.2445420490300961,-0.2579204340739024,0.20856047329573138,0.06415524976448668,-1.007877097448932,-1.1222058932010575,-0.7879705207668363,0.001075075658564,90,0,5,2019-08-01,2019
2019-08,0.26505940178261644,1.5173194504230576,0.20856047329573138,0.06415524976448668,-1.007877097448932,-1.1222058932010575,-0.7879705207668363,0.001075075658564,92,0,5,2019-08-01,2019
2019-08,-0.2692534315301184,-0.2920490017225339,0.20856047329573138,0.06415524976448668,-1.007877097448932,-1.1222058932010575,-0.7879705207668363,0.001075075658564,92,1,5,2019-08-01,2019
2019-08,-0.26939603476509877,-0.28772266643008554,0.20856047329573138,0.06415524976448668,-1.007877097448932,-1.1222058932010575,-0.7879705207668363,0.001075075658564,96,1,5,2019-08-01,2019
2019-08,-0.2674796817032393,-0.2872134394235497,0.20856047329573138,0.06415524976448668,-1.007877097448932,-1.1222058932010575,-0.7879705207668363,0.001075075658564,96,0,5,2019-08-01,2019
2019-08,-0.15117795296637554,-0.20632044727231136,0.20856047329573138,0.06415524976448668,-1.007877097448932,-1.1222058932010575,-0.7879705207668363,0.001075075658564,101,0,5,2019-08-01,2019
2019-08,2.499917765705185,0.9362332380722616,0.20856047329573138,0.06415524976448668,-1.007877097448932,-1.1222058932010575,-0.7879705207668363,0.001075075658564,101,1,5,2019-08-01,2019
2019-09,-0.2694761269929644,-0.29216876146504683,0.20856047329573138,0.06415524976448668,-1.0323939748294295,-1.0923225025645826,-0.7884415128520985,0.0010877698345317,1,0,5,2019-09-01,2019
2019-09,-0.2685482292311059,-0.2894935008825481,0.20856047329573138,0.06415524976448668,-1.0323939748294295,-1.0923225025645826,-0.7884415128520985,0.0010877698345317,1,1,5,2019-09-01,2019
2019-09,-0.2687982732595646,-0.29017824465039666,0.20856047329573138,0.06415524976448668,-1.0323939748294295,-1.0923225025645826,-0.7884415128520985,0.0010877698345317,2,1,5,2019-09-01,2019
2019-09,-0.2541433490291166,-0.28652390147151696,0.20856047329573138,0.06415524976448668,-1.0323939748294295,-1.0923225025645826,-0.7884415128520985,0.0010877698345317,3,1,5,2019-09-01,2019
2019-09,-0.26935891885462443,-0.2921351510961695,0.20856047329573138,0.06415524976448668,-1.0323939748294295,-1.0923225025645826,-0.7884415128520985,0.0010877698345317,3,0,5,2019-09-01,2019
2019-09,-0.26928664050264806,-0.29143708650148953,0.20856047329573138,0.06415524976448668,-1.0323939748294295,-1.0923225025645826,-0.7884415128520985,0.0010877698345317,4,0,5,2019-09-01,2019
2019-09,-0.23060600138146692,-0.14335578118833,0.20856047329573138,0.06415524976448668,-1.0323939748294295,-1.0923225025645826,-0.7884415128520985,0.0010877698345317,4,1,5,2019-09-01,2019
2019-09,-0.26922608296450573,-0.2885393852590533,0.20856047329573138,0.06415524976448668,-1.0323939748294295,-1.0923225025645826,-0.7884415128520985,0.0010877698345317,6,1,5,2019-09-01,2019
2019-09,-0.269110828295138,-0.2860569464725596,0.20856047329573138,0.06415524976448668,-1.0323939748294295,-1.0923225025645826,-0.7884415128520985,0.0010877698345317,6,0,5,2019-09-01,2019
2019-09,-0.2694624527101581,-0.29212072476111295,0.20856047329573138,0.06415524976448668,-1.0323939748294295,-1.0923225025645826,-0.7884415128520985,0.0010877698345317,9,0,5,2019-09-01,2019
2019-09,-0.2657879775731983,-0.2681001216437632,0.20856047329573138,0.06415524976448668,-1.0323939748294295,-1.0923225025645826,-0.7884415128520985,0.0010877698345317,9,1,5,2019-09-01,2019
2019-09,-0.2569075076249689,-0.25720220398760446,0.20856047329573138,0.06415524976448668,-1.0323939748294295,-1.0923225025645826,-0.7884415128520985,0.0010877698345317,10,0,5,2019-09-01,2019
2019-09,-0.2694116625168774,-0.29196058660431806,0.20856047329573138,0.06415524976448668,-1.0323939748294295,-1.0923225025645826,-0.7884415128520985,0.0010877698345317,10,1,5,2019-09-01,2019
2019-09,-0.2666553177969145,-0.28538459680187517,0.20856047329573138,0.06415524976448668,-1.0323939748294295,-1.0923225025645826,-0.7884415128520985,0.0010877698345317,29,0,5,2019-09-01,2019
2019-09,-0.2593864597508605,-0.2556301931827321,0.20856047329573138,0.06415524976448668,-1.0323939748294295,-1.0923225025645826,-0.7884415128520985,0.0010877698345317,29,1,5,2019-09-01,2019
2019-09,-0.2694565923032411,-0.28882213996674494,0.20856047329573138,0.06415524976448668,-1.0323939748294295,-1.0923225025645826,-0.7884415128520985,0.0010877698345317,36,1,5,2019-09-01,2019
2019-09,-0.26920654827478235,-0.2902172293216357,0.20856047329573138,0.06415524976448668,-1.0323939748294295,-1.0923225025645826,-0.7884415128520985,0.0010877698345317,36,0,5,2019-09-01,2019
2019-09,-0.26847595087912957,-0.29193605745647155,0.20856047329573138,0.06415524976448668,-1.0323939748294295,-1.0923225025645826,-0.7884415128520985,0.0010877698345317,42,0,5,2019-09-01,2019
2019-09,-0.24721048764630404,-0.28720201583855676,0.20856047329573138,0.06415524976448668,-1.0323939748294295,-1.0923225025645826,-0.7884415128520985,0.0010877698345317,42,1,5,2019-09-01,2019
2019-09,-0.2486482408099417,-0.262957133196103,0.20856047329573138,0.06415524976448668,-1.0323939748294295,-1.0923225025645826,-0.7884415128520985,0.0010877698345317,44,0,5,2019-09-01,2019
2019-09,-0.0027885428899571377,0.36699335268143546,0.20856047329573138,0.06415524976448668,-1.0323939748294295,-1.0923225025645826,-0.7884415128520985,0.0010877698345317,44,1,5,2019-09-01,2019
2019-09,-0.26944877842735176,-0.29167598938291794,0.20856047329573138,0.06415524976448668,-1.0323939748294295,-1.0923225025645826,-0.7884415128520985,0.0010877698345317,45,0,5,2019-09-01,2019
2019-09,-0.2662236011540287,-0.2591171996314566,0.20856047329573138,0.06415524976448668,-1.0323939748294295,-1.0923225025645826,-0.7884415128520985,0.0010877698345317,45,1,5,2019-09-01,2019
2019-09,-0.2693823604822924,-0.29213082757390296,0.20856047329573138,0.06415524976448668,-1.0323939748294295,-1.0923225025645826,-0.7884415128520985,0.0010877698345317,49,0,5,2019-09-01,2019
2019-09,-0.25678639254868424,-0.2881244037408447,0.20856047329573138,0.06415524976448668,-1.0323939748294295,-1.0923225025645826,-0.7884415128520985,0.0010877698345317,49,1,5,2019-09-01,2019
2019-09,-0.2691967809299207,-0.2869659077402981,0.20856047329573138,0.06415524976448668,-1.0323939748294295,-1.0923225025645826,-0.7884415128520985,0.0010877698345317,50,0,5,2019-09-01,2019
2019-09,-0.2691147352330827,-0.2848498774324056,0.20856047329573138,0.06415524976448668,-1.0323939748294295,-1.0923225025645826,-0.7884415128520985,0.0010877698345317,50,1,5,2019-09-01,2019
2019-09,-0.13718720818652103,-0.1853096723900528,0.20856047329573138,0.06415524976448668,-1.0323939748294295,-1.0923225025645826,-0.7884415128520985,0.0010877698345317,60,0,5,2019-09-01,2019
2019-09,-0.2694624527101581,-0.2921520985737461,0.20856047329573138,0.06415524976448668,-1.0323939748294295,-1.0923225025645826,-0.7884415128520985,0.0010877698345317,67,0,5,2019-09-01,2019
2019-09,-0.2686361353348609,-0.2889464713323803,0.20856047329573138,0.06415524976448668,-1.0323939748294295,-1.0923225025645826,-0.7884415128520985,0.0010877698345317,67,1,5,2019-09-01,2019
2019-09,-0.268993620156798,-0.27090288782343475,0.20856047329573138,0.06415524976448668,-1.0323939748294295,-1.0923225025645826,-0.7884415128520985,0.0010877698345317,76,0,5,2019-09-01,2019
2019-09,-0.2694761269929644,-0.29216877970775684,0.20856047329573138,0.06415524976448668,-1.0323939748294295,-1.0923225025645826,-0.7884415128520985,0.0010877698345317,78,1,5,2019-09-01,2019
2019-09,-0.25137137655737496,-0.25268746893205163,0.20856047329573138,0.06415524976448668,-1.0323939748294295,-1.0923225025645826,-0.7884415128520985,0.0010877698345317,79,0,5,2019-09-01,2019
2019-09,-0.2347629833545932,-0.21147047740602598,0.20856047329573138,0.06415524976448668,-1.0323939748294295,-1.0923225025645826,-0.7884415128520985,0.0010877698345317,79,1,5,2019-09-01,2019
2019-09,0.04396969043182416,-0.25864712512909166,0.20856047329573138,0.06415524976448668,-1.0323939748294295,-1.0923225025645826,-0.7884415128520985,0.0010877698345317,80,1,5,2019-09-01,2019
2019-09,-0.2579194045526378,-0.290990464827082,0.20856047329573138,0.06415524976448668,-1.0323939748294295,-1.0923225025645826,-0.7884415128520985,0.0010877698345317,80,0,5,2019-09-01,2019
2019-09,-0.26874357612833927,-0.29192001116876826,0.20856047329573138,0.06415524976448668,-1.0323939748294295,-1.0923225025645826,-0.7884415128520985,0.0010877698345317,81,0,5,2019-09-01,2019
2019-09,-0.2606269125482924,-0.2827809242619016,0.20856047329573138,0.06415524976448668,-1.0323939748294295,-1.0923225025645826,-0.7884415128520985,0.0010877698345317,81,1,5,2019-09-01,2019
2019-09,-0.26257061417576455,-0.27881500654209523,0.20856047329573138,0.06415524976448668,-1.0323939748294295,-1.0923225025645826,-0.7884415128520985,0.0010877698345317,87,1,5,2019-09-01,2019
2019-09,-0.26762228493821966,-0.2914481269895728,0.20856047329573138,0.06415524976448668,-1.0323939748294295,-1.0923225025645826,-0.7884415128520985,0.0010877698345317,87,0,5,2019-09-01,2019
2019-09,1.0041739221548245,0.9413208562465737,0.20856047329573138,0.06415524976448668,-1.0323939748294295,-1.0923225025645826,-0.7884415128520985,0.0010877698345317,88,0,5,2019-09-01,2019
2019-09,7.842040062311781,5.876394456523425,0.20856047329573138,0.06415524976448668,-1.0323939748294295,-1.0923225025645826,-0.7884415128520985,0.0010877698345317,88,1,5,2019-09-01,2019
2019-09,0.7972058380050331,0.843198087878844,0.20856047329573138,0.06415524976448668,-1.0323939748294295,-1.0923225025645826,-0.7884415128520985,0.0010877698345317,89,0,5,2019-09-01,2019
2019-09,-0.2575091760684477,-0.20898421859606123,0.20856047329573138,0.06415524976448668,-1.0323939748294295,-1.0923225025645826,-0.7884415128520985,0.0010877698345317,89,1,5,2019-09-01,2019
2019-09,-0.26927687315778637,-0.2920026178081247,0.20856047329573138,0.06415524976448668,-1.0323939748294295,-1.0923225025645826,-0.7884415128520985,0.0010877698345317,90,1,5,2019-09-01,2019
2019-09,-0.24906823663899347,-0.26428746822762916,0.20856047329573138,0.06415524976448668,-1.0323939748294295,-1.0923225025645826,-0.7884415128520985,0.0010877698345317,90,0,5,2019-09-01,2019
2019-09,-0.2693471980407904,-0.29210389038833834,0.20856047329573138,0.06415524976448668,-1.0323939748294295,-1.0923225025645826,-0.7884415128520985,0.0010877698345317,92,1,5,2019-09-01,2019
2019-09,0.2739242439790671,1.6483614078721807,0.20856047329573138,0.06415524976448668,-1.0323939748294295,-1.0923225025645826,-0.7884415128520985,0.0010877698345317,92,0,5,2019-09-01,2019
2019-09,-0.26930812866134374,-0.285597740976804,0.20856047329573138,0.06415524976448668,-1.0323939748294295,-1.0923225025645826,-0.7884415128520985,0.0010877698345317,96,1,5,2019-09-01,2019
2019-09,-0.2674914025170733,-0.2872178176739462,0.20856047329573138,0.06415524976448668,-1.0323939748294295,-1.0923225025645826,-0.7884415128520985,0.0010877698345317,96,0,5,2019-09-01,2019
2019-09,2.3682051202455803,0.7086276655982833,0.20856047329573138,0.06415524976448668,-1.0323939748294295,-1.0923225025645826,-0.7884415128520985,0.0010877698345317,101,1,5,2019-09-01,2019
2019-09,-0.1459700046861337,-0.2219312304086337,0.20856047329573138,0.06415524976448668,-1.0323939748294295,-1.0923225025645826,-0.7884415128520985,0.0010877698345317,101,0,5,2019-09-01,2019
2019-10,-0.26800125791885243,-0.2859061814201552,0.030712508179462875,-1.521762524413625,-0.967154824711801,-1.040043993246546,-0.7643424178228474,0.001092008937231,0,1,5,2019-10-01,2019
2019-10,-0.2684114864030425,-0.2892962205682227,0.030712508179462875,-1.521762524413625,-0.967154824711801,-1.040043993246546,-0.7643424178228474,0.001092008937231,1,1,5,2019-10-01,2019
2019-10,-0.2694683131170751,-0.2921501684950296,0.030712508179462875,-1.521762524413625,-0.967154824711801,-1.040043993246546,-0.7643424178228474,0.001092008937231,1,0,5,2019-10-01,2019
2019-10,-0.2613516495370283,-0.2476652216847016,0.030712508179462875,-1.521762524413625,-0.967154824711801,-1.040043993246546,-0.7643424178228474,0.001092008937231,2,1,5,2019-10-01,2019
2019-10,-0.2693471980407904,-0.2921265624283083,0.030712508179462875,-1.521762524413625,-0.967154824711801,-1.040043993246546,-0.7643424178228474,0.001092008937231,3,0,5,2019-10-01,2019
2019-10,-0.25406911720816794,-0.28657302908950794,0.030712508179462875,-1.521762524413625,-0.967154824711801,-1.040043993246546,-0.7643424178228474,0.001092008937231,3,1,5,2019-10-01,2019
2019-10,-0.2163652125731537,-0.08095293584377275,0.030712508179462875,-1.521762524413625,-0.967154824711801,-1.040043993246546,-0.7643424178228474,0.001092008937231,4,1,5,2019-10-01,2019
2019-10,-0.26926710581292473,-0.29127152661128697,0.030712508179462875,-1.521762524413625,-0.967154824711801,-1.040043993246546,-0.7643424178228474,0.001092008937231,4,0,5,2019-10-01,2019
2019-10,-0.26908738666747,-0.2865219604471745,0.030712508179462875,-1.521762524413625,-0.967154824711801,-1.040043993246546,-0.7643424178228474,0.001092008937231,6,0,5,2019-10-01,2019
2019-10,-0.2691596650194464,-0.2865769001925669,0.030712508179462875,-1.521762524413625,-0.967154824711801,-1.040043993246546,-0.7643424178228474,0.001092008937231,6,1,5,2019-10-01,2019
2019-10,-0.2694663596481028,-0.29212110056093865,0.030712508179462875,-1.521762524413625,-0.967154824711801,-1.040043993246546,-0.7643424178228474,0.001092008937231,9,0,5,2019-10-01,2019
2019-10,-0.2657957914490876,-0.26899954197417936,0.030712508179462875,-1.521762524413625,-0.967154824711801,-1.040043993246546,-0.7643424178228474,0.001092008937231,9,1,5,2019-10-01,2019
2019-10,-0.2494530700265432,-0.230499973581971,0.030712508179462875,-1.521762524413625,-0.967154824711801,-1.040043993246546,-0.7643424178228474,0.001092008937231,10,0,5,2019-10-01,2019
2019-10,-0.2693725931374307,-0.29178493484695145,0.030712508179462875,-1.521762524413625,-0.967154824711801,-1.040043993246546,-0.7643424178228474,0.001092008937231,10,1,5,2019-10-01,2019
2019-10,-0.2670440581224089,-0.2860763129334802,0.030712508179462875,-1.521762524413625,-0.967154824711801,-1.040043993246546,-0.7643424178228474,0.001092008937231,29,0,5,2019-10-01,2019
2019-10,-0.2564328146646918,-0.25664156902432944,0.030712508179462875,-1.521762524413625,-0.967154824711801,-1.040043993246546,-0.7643424178228474,0.001092008937231,29,1,5,2019-10-01,2019
2019-10,-0.2694644061791304,-0.29119491087788973,0.030712508179462875,-1.521762524413625,-0.967154824711801,-1.040043993246546,-0.7643424178228474,0.001092008937231,36,1,5,2019-10-01,2019
2019-10,-0.26908347972952534,-0.289174800739101,0.030712508179462875,-1.521762524413625,-0.967154824711801,-1.040043993246546,-0.7643424178228474,0.001092008937231,36,0,5,2019-10-01,2019
2019-10,-0.24647012290578954,-0.28709568273059316,0.030712508179462875,-1.521762524413625,-0.967154824711801,-1.040043993246546,-0.7643424178228474,0.001092008937231,42,1,5,2019-10-01,2019
2019-10,-0.26834702192695553,-0.29190430054692873,0.030712508179462875,-1.521762524413625,-0.967154824711801,-1.040043993246546,-0.7643424178228474,0.001092008937231,42,0,5,2019-10-01,2019
2019-10,-0.2514749104129087,-0.2664765897773497,0.030712508179462875,-1.521762524413625,-0.967154824711801,-1.040043993246546,-0.7643424178228474,0.001092008937231,44,0,5,2019-10-01,2019
2019-10,0.004277154382974135,0.35491340592884885,0.030712508179462875,-1.521762524413625,-0.967154824711801,-1.040043993246546,-0.7643424178228474,0.001092008937231,44,1,5,2019-10-01,2019
2019-10,-0.2668662924459265,-0.26395236423936314,0.030712508179462875,-1.521762524413625,-0.967154824711801,-1.040043993246546,-0.7643424178228474,0.001092008937231,45,1,5,2019-10-01,2019
2019-10,-0.2694565923032411,-0.29212917113583625,0.030712508179462875,-1.521762524413625,-0.967154824711801,-1.040043993246546,-0.7643424178228474,0.001092008937231,45,0,5,2019-10-01,2019
2019-10,-0.2693765000753754,-0.292123198472587,0.030712508179462875,-1.521762524413625,-0.967154824711801,-1.040043993246546,-0.7643424178228474,0.001092008937231,49,0,5,2019-10-01,2019
2019-10,-0.25529589572279354,-0.28753758319165645,0.030712508179462875,-1.521762524413625,-0.967154824711801,-1.040043993246546,-0.7643424178228474,0.001092008937231,49,1,5,2019-10-01,2019
2019-10,-0.26908152626055304,-0.2808986633368475,0.030712508179462875,-1.521762524413625,-0.967154824711801,-1.040043993246546,-0.7643424178228474,0.001092008937231,50,1,5,2019-10-01,2019
2019-10,-0.269157711550474,-0.2870406079891469,0.030712508179462875,-1.521762524413625,-0.967154824711801,-1.040043993246546,-0.7643424178228474,0.001092008937231,50,0,5,2019-10-01,2019
2019-10,-0.1466654396402845,-0.19396998302189145,0.030712508179462875,-1.521762524413625,-0.967154824711801,-1.040043993246546,-0.7643424178228474,0.001092008937231,60,0,5,2019-10-01,2019
2019-10,-0.26861074023822057,-0.288215956605178,0.030712508179462875,-1.521762524413625,-0.967154824711801,-1.040043993246546,-0.7643424178228474,0.001092008937231,67,1,5,2019-10-01,2019
2019-10,-0.2694448714894071,-0.29206421249411985,0.030712508179462875,-1.521762524413625,-0.967154824711801,-1.040043993246546,-0.7643424178228474,0.001092008937231,67,0,5,2019-10-01,2019
2019-10,-0.2690072944396043,-0.2734442250233878,0.030712508179462875,-1.521762524413625,-0.967154824711801,-1.040043993246546,-0.7643424178228474,0.001092008937231,76,0,5,2019-10-01,2019
2019-10,-0.2694644061791304,-0.2920999390173555,0.030712508179462875,-1.521762524413625,-0.967154824711801,-1.040043993246546,-0.7643424178228474,0.001092008937231,78,1,5,2019-10-01,2019
2019-10,-0.25082635871409387,-0.25228703779932743,0.030712508179462875,-1.521762524413625,-0.967154824711801,-1.040043993246546,-0.7643424178228474,0.001092008937231,79,0,5,2019-10-01,2019
2019-10,-0.23566743948878374,-0.21381436645872173,0.030712508179462875,-1.521762524413625,-0.967154824711801,-1.040043993246546,-0.7643424178228474,0.001092008937231,79,1,5,2019-10-01,2019
2019-10,-0.2567707647969055,-0.2908005436219647,0.030712508179462875,-1.521762524413625,-0.967154824711801,-1.040043993246546,-0.7643424178228474,0.001092008937231,80,0,5,2019-10-01,2019
2019-10,0.050298929902185596,-0.25801592006650864,0.030712508179462875,-1.521762524413625,-0.967154824711801,-1.040043993246546,-0.7643424178228474,0.001092008937231,80,1,5,2019-10-01,2019
2019-10,-0.2614239278890046,-0.2846864774790652,0.030712508179462875,-1.521762524413625,-0.967154824711801,-1.040043993246546,-0.7643424178228474,0.001092008937231,81,1,5,2019-10-01,2019
2019-10,-0.2687982732595646,-0.2919357181420658,0.030712508179462875,-1.521762524413625,-0.967154824711801,-1.040043993246546,-0.7643424178228474,0.001092008937231,81,0,5,2019-10-01,2019
2019-10,-0.2639673444909832,-0.2811964536861091,0.030712508179462875,-1.521762524413625,-0.967154824711801,-1.040043993246546,-0.7643424178228474,0.001092008937231,87,1,5,2019-10-01,2019
2019-10,-0.2677863763318957,-0.29140911677853976,0.030712508179462875,-1.521762524413625,-0.967154824711801,-1.040043993246546,-0.7643424178228474,0.001092008937231,87,0,5,2019-10-01,2019
2019-10,1.1517311544490285,1.3757361071931908,0.030712508179462875,-1.521762524413625,-0.967154824711801,-1.040043993246546,-0.7643424178228474,0.001092008937231,88,0,5,2019-10-01,2019
2019-10,8.078366831646777,5.827018796053284,0.030712508179462875,-1.521762524413625,-0.967154824711801,-1.040043993246546,-0.7643424178228474,0.001092008937231,88,1,5,2019-10-01,2019
2019-10,-0.2578901025180528,-0.1866988000273203,0.030712508179462875,-1.521762524413625,-0.967154824711801,-1.040043993246546,-0.7643424178228474,0.001092008937231,89,1,5,2019-10-01,2019
2019-10,0.8372871143793775,0.8892610291029196,0.030712508179462875,-1.521762524413625,-0.967154824711801,-1.040043993246546,-0.7643424178228474,0.001092008937231,89,0,5,2019-10-01,2019
2019-10,-0.2692514780611461,-0.29203797218007665,0.030712508179462875,-1.521762524413625,-0.967154824711801,-1.040043993246546,-0.7643424178228474,0.001092008937231,90,1,5,2019-10-01,2019
2019-10,-0.24364736024076722,-0.2578514000107752,0.030712508179462875,-1.521762524413625,-0.967154824711801,-1.040043993246546,-0.7643424178228474,0.001092008937231,90,0,5,2019-10-01,2019
2019-10,0.27737602365318087,1.7339098702894262,0.030712508179462875,-1.521762524413625,-0.967154824711801,-1.040043993246546,-0.7643424178228474,0.001092008937231,92,0,5,2019-10-01,2019
2019-10,-0.2692514780611461,-0.2920385741895062,0.030712508179462875,-1.521762524413625,-0.967154824711801,-1.040043993246546,-0.7643424178228474,0.001092008937231,92,1,5,2019-10-01,2019
2019-10,-0.2693120355992884,-0.2861300960910595,0.030712508179462875,-1.521762524413625,-0.967154824711801,-1.040043993246546,-0.7643424178228474,0.001092008937231,96,1,5,2019-10-01,2019
2019-10,-0.2675460996482987,-0.28760044027318254,0.030712508179462875,-1.521762524413625,-0.967154824711801,-1.040043993246546,-0.7643424178228474,0.001092008937231,96,0,5,2019-10-01,2019
2019-10,2.3843192857983615,0.6583968525577776,0.030712508179462875,-1.521762524413625,-0.967154824711801,-1.040043993246546,-0.7643424178228474,0.001092008937231,101,1,5,2019-10-01,2019
2019-10,-0.13757985544996013,-0.2254863551364441,0.030712508179462875,-1.521762524413625,-0.967154824711801,-1.040043993246546,-0.7643424178228474,0.001092008937231,101,0,5,2019-10-01,2019
2019-11,-0.26864199574177794,-0.2893863942836811,0.030712508179462875,-1.521762524413625,-1.0971681523660932,-1.1549512583199593,-0.7506051486693656,0.0011911586873752,1,1,5,2019-11-01,2019
2019-11,-0.2694663596481028,-0.2921350781253296,0.030712508179462875,-1.521762524413625,-1.0971681523660932,-1.1549512583199593,-0.7506051486693656,0.0011911586873752,1,0,5,2019-11-01,2019
2019-11,-0.2688021801975093,-0.2901975454375613,0.030712508179462875,-1.521762524413625,-1.0971681523660932,-1.1549512583199593,-0.7506051486693656,0.0011911586873752,2,1,5,2019-11-01,2019
2019-11,-0.26410604078801886,-0.2902009495272446,0.030712508179462875,-1.521762524413625,-1.0971681523660932,-1.1549512583199593,-0.7506051486693656,0.0011911586873752,3,1,5,2019-11-01,2019
2019-11,-0.26941947639276675,-0.29215266409775564,0.030712508179462875,-1.521762524413625,-1.0971681523660932,-1.1549512583199593,-0.7506051486693656,0.0011911586873752,3,0,5,2019-11-01,2019
2019-11,-0.26759298290363465,-0.2870011854928681,0.030712508179462875,-1.521762524413625,-1.0971681523660932,-1.1549512583199593,-0.7506051486693656,0.0011911586873752,4,0,5,2019-11-01,2019
2019-11,-0.2096628605290765,-0.049425125550059165,0.030712508179462875,-1.521762524413625,-1.0971681523660932,-1.1549512583199593,-0.7506051486693656,0.0011911586873752,4,1,5,2019-11-01,2019
2019-11,-0.2690151083154937,-0.24636522063133937,0.030712508179462875,-1.521762524413625,-1.0971681523660932,-1.1549512583199593,-0.7506051486693656,0.0011911586873752,6,1,5,2019-11-01,2019
2019-11,-0.26909520054335934,-0.28712995348557196,0.030712508179462875,-1.521762524413625,-1.0971681523660932,-1.1549512583199593,-0.7506051486693656,0.0011911586873752,6,0,5,2019-11-01,2019
2019-11,-0.26943705761351777,-0.2919587294964415,0.030712508179462875,-1.521762524413625,-1.0971681523660932,-1.1549512583199593,-0.7506051486693656,0.0011911586873752,9,0,5,2019-11-01,2019
2019-11,-0.265991138346321,-0.26794367216292736,0.030712508179462875,-1.521762524413625,-1.0971681523660932,-1.1549512583199593,-0.7506051486693656,0.0011911586873752,9,1,5,2019-11-01,2019
2019-11,-0.2694155694548221,-0.2919159248017315,0.030712508179462875,-1.521762524413625,-1.0971681523660932,-1.1549512583199593,-0.7506051486693656,0.0011911586873752,10,1,5,2019-11-01,2019
2019-11,-0.2573431312057993,-0.2588868781208054,0.030712508179462875,-1.521762524413625,-1.0971681523660932,-1.1549512583199593,-0.7506051486693656,0.0011911586873752,10,0,5,2019-11-01,2019
2019-11,-0.25476259869334644,-0.25160603378702595,0.030712508179462875,-1.521762524413625,-1.0971681523660932,-1.1549512583199593,-0.7506051486693656,0.0011911586873752,29,1,5,2019-11-01,2019
2019-11,-0.2675558669931603,-0.28751515925254223,0.030712508179462875,-1.521762524413625,-1.0971681523660932,-1.1549512583199593,-0.7506051486693656,0.0011911586873752,29,0,5,2019-11-01,2019
2019-11,-0.269181153178142,-0.2899666036747706,0.030712508179462875,-1.521762524413625,-1.0971681523660932,-1.1549512583199593,-0.7506051486693656,0.0011911586873752,36,0,5,2019-11-01,2019
2019-11,-0.2694644061791304,-0.2911674701935295,0.030712508179462875,-1.521762524413625,-1.0971681523660932,-1.1549512583199593,-0.7506051486693656,0.0011911586873752,36,1,5,2019-11-01,2019
2019-11,-0.2502285972085597,-0.2878222351411865,0.030712508179462875,-1.521762524413625,-1.0971681523660932,-1.1549512583199593,-0.7506051486693656,0.0011911586873752,42,1,5,2019-11-01,2019
2019-11,-0.26845836965837855,-0.29192998628258837,0.030712508179462875,-1.521762524413625,-1.0971681523660932,-1.1549512583199593,-0.7506051486693656,0.0011911586873752,42,0,5,2019-11-01,2019
2019-11,-0.24968748630322327,-0.2628029312171374,0.030712508179462875,-1.521762524413625,-1.0971681523660932,-1.1549512583199593,-0.7506051486693656,0.0011911586873752,44,0,5,2019-11-01,2019
2019-11,-0.00029982341920390526,0.32386072701670815,0.030712508179462875,-1.521762524413625,-1.0971681523660932,-1.1549512583199593,-0.7506051486693656,0.0011911586873752,44,1,5,2019-11-01,2019
2019-11,-0.26749921639296265,-0.2705956915329046,0.030712508179462875,-1.521762524413625,-1.0971681523660932,-1.1549512583199593,-0.7506051486693656,0.0011911586873752,45,1,5,2019-11-01,2019
2019-11,-0.26945854577221345,-0.2916615448051514,0.030712508179462875,-1.521762524413625,-1.0971681523660932,-1.1549512583199593,-0.7506051486693656,0.0011911586873752,45,0,5,2019-11-01,2019
2019-11,-0.2588961390388047,-0.28890287490405686,0.030712508179462875,-1.521762524413625,-1.0971681523660932,-1.1549512583199593,-0.7506051486693656,0.0011911586873752,49,1,5,2019-11-01,2019
2019-11,-0.2693725931374307,-0.2921394892126041,0.030712508179462875,-1.521762524413625,-1.0971681523660932,-1.1549512583199593,-0.7506051486693656,0.0011911586873752,49,0,5,2019-11-01,2019
2019-11,-0.2690268291293277,-0.2872264063418074,0.030712508179462875,-1.521762524413625,-1.0971681523660932,-1.1549512583199593,-0.7506051486693656,0.0011911586873752,50,0,5,2019-11-01,2019
2019-11,-0.268981899342964,-0.28143985521981996,0.030712508179462875,-1.521762524413625,-1.0971681523660932,-1.1549512583199593,-0.7506051486693656,0.0011911586873752,50,1,5,2019-11-01,2019
2019-11,-0.13680432826794361,-0.19013879501241213,0.030712508179462875,-1.521762524413625,-1.0971681523660932,-1.1549512583199593,-0.7506051486693656,0.0011911586873752,60,0,5,2019-11-01,2019
2019-11,-0.26870255327992026,-0.2881692406734471,0.030712508179462875,-1.521762524413625,-1.0971681523660932,-1.1549512583199593,-0.7506051486693656,0.0011911586873752,67,1,5,2019-11-01,2019
2019-11,-0.2694663596481028,-0.2921498802602118,0.030712508179462875,-1.521762524413625,-1.0971681523660932,-1.1549512583199593,-0.7506051486693656,0.0011911586873752,67,0,5,2019-11-01,2019
2019-11,-0.2686361353348609,-0.26951325668737164,0.030712508179462875,-1.521762524413625,-1.0971681523660932,-1.1549512583199593,-0.7506051486693656,0.0011911586873752,76,0,5,2019-11-01,2019
2019-11,-0.26947222005501975,-0.2921224797098136,0.030712508179462875,-1.521762524413625,-1.0971681523660932,-1.1549512583199593,-0.7506051486693656,0.0011911586873752,78,1,5,2019-11-01,2019
2019-11,-0.23976777086171236,-0.21551805679281158,0.030712508179462875,-1.521762524413625,-1.0971681523660932,-1.1549512583199593,-0.7506051486693656,0.0011911586873752,79,1,5,2019-11-01,2019
2019-11,-0.251242447605201,-0.25301033935900136,0.030712508179462875,-1.521762524413625,-1.0971681523660932,-1.1549512583199593,-0.7506051486693656,0.0011911586873752,79,0,5,2019-11-01,2019
2019-11,0.03758184689229271,-0.26108827336580426,0.030712508179462875,-1.521762524413625,-1.0971681523660932,-1.1549512583199593,-0.7506051486693656,0.0011911586873752,80,1,5,2019-11-01,2019
2019-11,-0.2568254619281309,-0.2909536510383312,0.030712508179462875,-1.521762524413625,-1.0971681523660932,-1.1549512583199593,-0.7506051486693656,0.0011911586873752,80,0,5,2019-11-01,2019
2019-11,-0.26904441035007864,-0.29201531108573264,0.030712508179462875,-1.521762524413625,-1.0971681523660932,-1.1549512583199593,-0.7506051486693656,0.0011911586873752,81,0,5,2019-11-01,2019
2019-11,-0.26098635083920185,-0.2835916047538642,0.030712508179462875,-1.521762524413625,-1.0971681523660932,-1.1549512583199593,-0.7506051486693656,0.0011911586873752,81,1,5,2019-11-01,2019
2019-11,-0.2674562400755713,-0.2913796620989971,0.030712508179462875,-1.521762524413625,-1.0971681523660932,-1.1549512583199593,-0.7506051486693656,0.0011911586873752,87,0,5,2019-11-01,2019
2019-11,-0.26331683932319605,-0.2813685043325246,0.030712508179462875,-1.521762524413625,-1.0971681523660932,-1.1549512583199593,-0.7506051486693656,0.0011911586873752,87,1,5,2019-11-01,2019
2019-11,1.0424912160471513,0.9683807313329312,0.030712508179462875,-1.521762524413625,-1.0971681523660932,-1.1549512583199593,-0.7506051486693656,0.0011911586873752,88,0,5,2019-11-01,2019
2019-11,7.523769176525328,5.422944240236409,0.030712508179462875,-1.521762524413625,-1.0971681523660932,-1.1549512583199593,-0.7506051486693656,0.0011911586873752,88,1,5,2019-11-01,2019
2019-11,-0.2580502869737842,-0.21579300362062936,0.030712508179462875,-1.521762524413625,-1.0971681523660932,-1.1549512583199593,-0.7506051486693656,0.0011911586873752,89,1,5,2019-11-01,2019
2019-11,0.7518619162192214,0.7804492476481593,0.030712508179462875,-1.521762524413625,-1.0971681523660932,-1.1549512583199593,-0.7506051486693656,0.0011911586873752,89,0,5,2019-11-01,2019
2019-11,-0.26928468703367575,-0.29204010292860294,0.030712508179462875,-1.521762524413625,-1.0971681523660932,-1.1549512583199593,-0.7506051486693656,0.0011911586873752,90,1,5,2019-11-01,2019
2019-11,-0.24873028650677972,-0.2624365300356202,0.030712508179462875,-1.521762524413625,-1.0971681523660932,-1.1549512583199593,-0.7506051486693656,0.0011911586873752,90,0,5,2019-11-01,2019
2019-11,0.27960493175061374,1.4503663843034837,0.030712508179462875,-1.521762524413625,-1.0971681523660932,-1.1549512583199593,-0.7506051486693656,0.0011911586873752,92,0,5,2019-11-01,2019
2019-11,-0.2693237564131224,-0.291954333003335,0.030712508179462875,-1.521762524413625,-1.0971681523660932,-1.1549512583199593,-0.7506051486693656,0.0011911586873752,92,1,5,2019-11-01,2019
2019-11,-0.26939603476509877,-0.28660185257128507,0.030712508179462875,-1.521762524413625,-1.0971681523660932,-1.1549512583199593,-0.7506051486693656,0.0011911586873752,96,1,5,2019-11-01,2019
2019-11,-0.2678410734631211,-0.2881907013974741,0.030712508179462875,-1.521762524413625,-1.0971681523660932,-1.1549512583199593,-0.7506051486693656,0.0011911586873752,96,0,5,2019-11-01,2019
2019-11,-0.14073275437130683,-0.2258854107688354,0.030712508179462875,-1.521762524413625,-1.0971681523660932,-1.1549512583199593,-0.7506051486693656,0.0011911586873752,101,0,5,2019-11-01,2019
2019-11,2.194225266631589,0.6252148334565389,0.030712508179462875,-1.521762524413625,-1.0971681523660932,-1.1549512583199593,-0.7506051486693656,0.0011911586873752,101,1,5,2019-11-01,2019
2019-12,-0.2680246995465204,-0.2858084041431748,0.030712508179462875,-1.521762524413625,-1.0492656150207378,-1.110746115692929,-0.7048404177180516,0.0012396654427812,0,1,5,2019-12-01,2019
2019-12,-0.2694624527101581,-0.2921302729955194,0.030712508179462875,-1.521762524413625,-1.0492656150207378,-1.110746115692929,-0.7048404177180516,0.0012396654427812,1,0,5,2019-12-01,2019
2019-12,-0.26862246105205456,-0.29008638895707756,0.030712508179462875,-1.521762524413625,-1.0492656150207378,-1.110746115692929,-0.7048404177180516,0.0012396654427812,1,1,5,2019-12-01,2019
2019-12,-0.26134383566113895,-0.24757088863136648,0.030712508179462875,-1.521762524413625,-1.0492656150207378,-1.110746115692929,-0.7048404177180516,0.0012396654427812,2,1,5,2019-12-01,2019
2019-12,-0.2628948900251719,-0.290085786947648,0.030712508179462875,-1.521762524413625,-1.0492656150207378,-1.110746115692929,-0.7048404177180516,0.0012396654427812,3,1,5,2019-12-01,2019
2019-12,-0.2694253367996838,-0.2921674297472179,0.030712508179462875,-1.521762524413625,-1.0492656150207378,-1.110746115692929,-0.7048404177180516,0.0012396654427812,3,0,5,2019-12-01,2019
2019-12,-0.2666768059556101,-0.2852836671846093,0.030712508179462875,-1.521762524413625,-1.0492656150207378,-1.110746115692929,-0.7048404177180516,0.0012396654427812,4,0,5,2019-12-01,2019
2019-12,-0.20217130702017647,-0.037421126847684276,0.030712508179462875,-1.521762524413625,-1.0492656150207378,-1.110746115692929,-0.7048404177180516,0.0012396654427812,4,1,5,2019-12-01,2019
2019-12,-0.26908152626055304,-0.28557966245120836,0.030712508179462875,-1.521762524413625,-1.0492656150207378,-1.110746115692929,-0.7048404177180516,0.0012396654427812,6,0,5,2019-12-01,2019
2019-12,-0.268981899342964,-0.2452893932953632,0.030712508179462875,-1.521762524413625,-1.0492656150207378,-1.110746115692929,-0.7048404177180516,0.0012396654427812,6,1,5,2019-12-01,2019
2019-12,-0.2658192330767556,-0.2675128121899473,0.030712508179462875,-1.521762524413625,-1.0492656150207378,-1.110746115692929,-0.7048404177180516,0.0012396654427812,9,1,5,2019-12-01,2019
2019-12,-0.2694546388342688,-0.2920090830245436,0.030712508179462875,-1.521762524413625,-1.0492656150207378,-1.110746115692929,-0.7048404177180516,0.0012396654427812,9,0,5,2019-12-01,2019
2019-12,-0.2693823604822924,-0.29183079337131307,0.030712508179462875,-1.521762524413625,-1.0492656150207378,-1.110746115692929,-0.7048404177180516,0.0012396654427812,10,1,5,2019-12-01,2019
2019-12,-0.24842554534709566,-0.21370636961560743,0.030712508179462875,-1.521762524413625,-1.0492656150207378,-1.110746115692929,-0.7048404177180516,0.0012396654427812,10,0,5,2019-12-01,2019
2019-12,-0.2521215086427512,-0.24035368216710049,0.030712508179462875,-1.521762524413625,-1.0492656150207378,-1.110746115692929,-0.7048404177180516,0.0012396654427812,29,1,5,2019-12-01,2019
2019-12,-0.2671866613573892,-0.28689990561557055,0.030712508179462875,-1.521762524413625,-1.0492656150207378,-1.110746115692929,-0.7048404177180516,0.0012396654427812,29,0,5,2019-12-01,2019
2019-12,-0.26908347972952534,-0.28917325740583627,0.030712508179462875,-1.521762524413625,-1.0492656150207378,-1.110746115692929,-0.7048404177180516,0.0012396654427812,36,0,5,2019-12-01,2019
2019-12,-0.26945073189632407,-0.2895664461826962,0.030712508179462875,-1.521762524413625,-1.0492656150207378,-1.110746115692929,-0.7048404177180516,0.0012396654427812,36,1,5,2019-12-01,2019
2019-12,-0.2681614423745838,-0.2918644438741524,0.030712508179462875,-1.521762524413625,-1.0492656150207378,-1.110746115692929,-0.7048404177180516,0.0012396654427812,42,0,5,2019-12-01,2019
2019-12,-0.2473120680328654,-0.28707063913832503,0.030712508179462875,-1.521762524413625,-1.0492656150207378,-1.110746115692929,-0.7048404177180516,0.0012396654427812,42,1,5,2019-12-01,2019
2019-12,-0.24540352884689529,-0.23743811036596246,0.030712508179462875,-1.521762524413625,-1.0492656150207378,-1.110746115692929,-0.7048404177180516,0.0012396654427812,44,0,5,2019-12-01,2019
2019-12,-0.0002509866948955608,0.3587478046552856,0.030712508179462875,-1.521762524413625,-1.0492656150207378,-1.110746115692929,-0.7048404177180516,0.0012396654427812,44,1,5,2019-12-01,2019
2019-12,-0.2668291765354522,-0.2583736924462027,0.030712508179462875,-1.521762524413625,-1.0492656150207378,-1.110746115692929,-0.7048404177180516,0.0012396654427812,45,1,5,2019-12-01,2019
2019-12,-0.2694448714894071,-0.2914540485732341,0.030712508179462875,-1.521762524413625,-1.0492656150207378,-1.110746115692929,-0.7048404177180516,0.0012396654427812,45,0,5,2019-12-01,2019
2019-12,-0.2593239487437458,-0.2889273602693994,0.030712508179462875,-1.521762524413625,-1.0492656150207378,-1.110746115692929,-0.7048404177180516,0.0012396654427812,49,1,5,2019-12-01,2019
2019-12,-0.26938040701332006,-0.29212149460347436,0.030712508179462875,-1.521762524413625,-1.0492656150207378,-1.110746115692929,-0.7048404177180516,0.0012396654427812,49,0,5,2019-12-01,2019
2019-12,-0.269128409515889,-0.2829577034187453,0.030712508179462875,-1.521762524413625,-1.0492656150207378,-1.110746115692929,-0.7048404177180516,0.0012396654427812,50,1,5,2019-12-01,2019
2019-12,-0.2691557580815017,-0.28723507892613453,0.030712508179462875,-1.521762524413625,-1.0492656150207378,-1.110746115692929,-0.7048404177180516,0.0012396654427812,50,0,5,2019-12-01,2019
2019-12,-0.1472143644215103,-0.1905135477065607,0.030712508179462875,-1.521762524413625,-1.0492656150207378,-1.110746115692929,-0.7048404177180516,0.0012396654427812,60,0,5,2019-12-01,2019
2019-12,-0.26623922890580737,-0.28837823645612526,0.030712508179462875,-1.521762524413625,-1.0492656150207378,-1.110746115692929,-0.7048404177180516,0.0012396654427812,61,1,5,2019-12-01,2019
2019-12,-0.26868301859019694,-0.2877177591410994,0.030712508179462875,-1.521762524413625,-1.0492656150207378,-1.110746115692929,-0.7048404177180516,0.0012396654427812,67,1,5,2019-12-01,2019
2019-12,-0.26945854577221345,-0.2921390367933964,0.030712508179462875,-1.521762524413625,-1.0492656150207378,-1.110746115692929,-0.7048404177180516,0.0012396654427812,67,0,5,2019-12-01,2019
2019-12,-0.26697764017734954,-0.2616198330979044,0.030712508179462875,-1.521762524413625,-1.0492656150207378,-1.110746115692929,-0.7048404177180516,0.0012396654427812,76,0,5,2019-12-01,2019
2019-12,-0.26920459480581005,-0.2918300198804097,0.030712508179462875,-1.521762524413625,-1.0492656150207378,-1.110746115692929,-0.7048404177180516,0.0012396654427812,78,1,5,2019-12-01,2019
2019-12,-0.25104319377002293,-0.25247513108490416,0.030712508179462875,-1.521762524413625,-1.0492656150207378,-1.110746115692929,-0.7048404177180516,0.0012396654427812,79,0,5,2019-12-01,2019
2019-12,-0.24233072215341425,-0.22132746238186887,0.030712508179462875,-1.521762524413625,-1.0492656150207378,-1.110746115692929,-0.7048404177180516,0.0012396654427812,79,1,5,2019-12-01,2019
2019-12,-0.2545535775133067,-0.2905199926336394,0.030712508179462875,-1.521762524413625,-1.0492656150207378,-1.110746115692929,-0.7048404177180516,0.0012396654427812,80,0,5,2019-12-01,2019
2019-12,0.081443085728103,-0.2541510049348081,0.030712508179462875,-1.521762524413625,-1.0492656150207378,-1.110746115692929,-0.7048404177180516,0.0012396654427812,80,1,5,2019-12-01,2019
2019-12,-0.2592868328332715,-0.2814594624845124,0.030712508179462875,-1.521762524413625,-1.0492656150207378,-1.110746115692929,-0.7048404177180516,0.0012396654427812,81,1,5,2019-12-01,2019
2019-12,-0.26886859814256864,-0.291964450410293,0.030712508179462875,-1.521762524413625,-1.0492656150207378,-1.110746115692929,-0.7048404177180516,0.0012396654427812,81,0,5,2019-12-01,2019
2019-12,-0.26715735932280427,-0.29124634802296495,0.030712508179462875,-1.521762524413625,-1.0492656150207378,-1.110746115692929,-0.7048404177180516,0.0012396654427812,87,0,5,2019-12-01,2019
2019-12,-0.26246903378920317,-0.2793691179122794,0.030712508179462875,-1.521762524413625,-1.0492656150207378,-1.110746115692929,-0.7048404177180516,0.0012396654427812,87,1,5,2019-12-01,2019
2019-12,7.660990604486915,5.751327719951501,0.030712508179462875,-1.521762524413625,-1.0492656150207378,-1.110746115692929,-0.7048404177180516,0.0012396654427812,88,1,5,2019-12-01,2019
2019-12,1.0852956281689292,0.9913370474526417,0.030712508179462875,-1.521762524413625,-1.0492656150207378,-1.110746115692929,-0.7048404177180516,0.0012396654427812,88,0,5,2019-12-01,2019
2019-12,-0.25851130565125496,-0.22882714261609266,0.030712508179462875,-1.521762524413625,-1.0492656150207378,-1.110746115692929,-0.7048404177180516,0.0012396654427812,89,1,5,2019-12-01,2019
2019-12,0.8494435517942106,0.894116340959734,0.030712508179462875,-1.521762524413625,-1.0492656150207378,-1.110746115692929,-0.7048404177180516,0.0012396654427812,89,0,5,2019-12-01,2019
2019-12,-0.244061495662902,-0.25885708412685704,0.030712508179462875,-1.521762524413625,-1.0492656150207378,-1.110746115692929,-0.7048404177180516,0.0012396654427812,90,0,5,2019-12-01,2019
2019-12,-0.26931008213031604,-0.29204603545789026,0.030712508179462875,-1.521762524413625,-1.0492656150207378,-1.110746115692929,-0.7048404177180516,0.0012396654427812,90,1,5,2019-12-01,2019
2019-12,-0.26922803643347804,-0.29183928717708235,0.030712508179462875,-1.521762524413625,-1.0492656150207378,-1.110746115692929,-0.7048404177180516,0.0012396654427812,92,1,5,2019-12-01,2019
2019-12,0.28479725227907693,1.180534418323103,0.030712508179462875,-1.521762524413625,-1.0492656150207378,-1.110746115692929,-0.7048404177180516,0.0012396654427812,92,0,5,2019-12-01,2019
2019-12,-0.2679309330358484,-0.288200917315066,0.030712508179462875,-1.521762524413625,-1.0492656150207378,-1.110746115692929,-0.7048404177180516,0.0012396654427812,96,0,5,2019-12-01,2019
2019-12,-0.2694233833307114,-0.2891477358545665,0.030712508179462875,-1.521762524413625,-1.0492656150207378,-1.110746115692929,-0.7048404177180516,0.0012396654427812,96,1,5,2019-12-01,2019
2019-12,-0.12888496505410246,-0.21369535466731818,0.030712508179462875,-1.521762524413625,-1.0492656150207378,-1.110746115692929,-0.7048404177180516,0.0012396654427812,101,0,5,2019-12-01,2019
2019-12,2.176747579736119,0.7175039224853046,0.030712508179462875,-1.521762524413625,-1.0492656150207378,-1.110746115692929,-0.7048404177180516,0.0012396654427812,101,1,5,2019-12-01,2019
2020-01,-0.26945268536529643,-0.2920115640331016,-0.0622534735858592,-1.1913629881265182,-0.8906099763790148,-0.5683126934232654,-1.4325231894482064,0.0,0,1,5,2020-01-01,2020
2020-01,-0.26804032729829913,-0.2849585346616213,-0.0622534735858592,-1.1913629881265182,-0.8906099763790148,-0.5683126934232654,-1.4325231894482064,0.0,1,1,5,2020-01-01,2020
2020-01,-0.26946049924118576,-0.2921150731695595,-0.0622534735858592,-1.1913629881265182,-0.8906099763790148,-0.5683126934232654,-1.4325231894482064,0.0,1,0,5,2020-01-01,2020
2020-01,-0.2688139010113433,-0.2902220271543619,-0.0622534735858592,-1.1913629881265182,-0.8906099763790148,-0.5683126934232654,-1.4325231894482064,0.0,2,1,5,2020-01-01,2020
2020-01,-0.25868711785876497,-0.28568288700139044,-0.0622534735858592,-1.1913629881265182,-0.8906099763790148,-0.5683126934232654,-1.4325231894482064,0.0,3,1,5,2020-01-01,2020
2020-01,-0.2693979882340711,-0.29214560052044924,-0.0622534735858592,-1.1913629881265182,-0.8906099763790148,-0.5683126934232654,-1.4325231894482064,0.0,3,0,5,2020-01-01,2020
2020-01,-0.19259344864882397,0.19118128932511674,-0.0622534735858592,-1.1913629881265182,-0.8906099763790148,-0.5683126934232654,-1.4325231894482064,0.0,4,1,5,2020-01-01,2020
2020-01,-0.266043882008574,-0.28097155390886563,-0.0622534735858592,-1.1913629881265182,-0.8906099763790148,-0.5683126934232654,-1.4325231894482064,0.0,4,0,5,2020-01-01,2020
2020-01,-0.2669600589565985,-0.1777891079014376,-0.0622534735858592,-1.1913629881265182,-0.8906099763790148,-0.5683126934232654,-1.4325231894482064,0.0,6,1,5,2020-01-01,2020
2020-01,-0.26906003810185736,-0.2853263587745174,-0.0622534735858592,-1.1913629881265182,-0.8906099763790148,-0.5683126934232654,-1.4325231894482064,0.0,6,0,5,2020-01-01,2020
2020-01,-0.2691323164538337,-0.2856825659296947,-0.0622534735858592,-1.1913629881265182,-0.8906099763790148,-0.5683126934232654,-1.4325231894482064,0.0,8,1,5,2020-01-01,2020
2020-01,-0.26944877842735176,-0.29200070597211825,-0.0622534735858592,-1.1913629881265182,-0.8906099763790148,-0.5683126934232654,-1.4325231894482064,0.0,9,0,5,2020-01-01,2020
2020-01,-0.26505347323960077,-0.2531833203836261,-0.0622534735858592,-1.1913629881265182,-0.8906099763790148,-0.5683126934232654,-1.4325231894482064,0.0,9,1,5,2020-01-01,2020
2020-01,-0.2159842861235486,-0.02571574671360439,-0.0622534735858592,-1.1913629881265182,-0.8906099763790148,-0.5683126934232654,-1.4325231894482064,0.0,10,0,5,2020-01-01,2020
2020-01,-0.2673683339718163,-0.2557135988527859,-0.0622534735858592,-1.1913629881265182,-0.8906099763790148,-0.5683126934232654,-1.4325231894482064,0.0,10,1,5,2020-01-01,2020
2020-01,-0.269116688702055,-0.27707681194633876,-0.0622534735858592,-1.1913629881265182,-0.8906099763790148,-0.5683126934232654,-1.4325231894482064,0.0,13,1,5,2020-01-01,2020
2020-01,-0.2694761269929644,-0.2921697575170121,-0.0622534735858592,-1.1913629881265182,-0.8906099763790148,-0.5683126934232654,-1.4325231894482064,0.0,19,1,5,2020-01-01,2020
2020-01,-0.2667901071560055,-0.2860867477635919,-0.0622534735858592,-1.1913629881265182,-0.8906099763790148,-0.5683126934232654,-1.4325231894482064,0.0,29,0,5,2020-01-01,2020
2020-01,-0.24777894711725318,-0.2253964076305895,-0.0622534735858592,-1.1913629881265182,-0.8906099763790148,-0.5683126934232654,-1.4325231894482064,0.0,29,1,5,2020-01-01,2020
2020-01,-0.26940189517201574,-0.19528018539867759,-0.0622534735858592,-1.1913629881265182,-0.8906099763790148,-0.5683126934232654,-1.4325231894482064,0.0,36,1,5,2020-01-01,2020
2020-01,-0.26905222422596803,-0.2891406686287181,-0.0622534735858592,-1.1913629881265182,-0.8906099763790148,-0.5683126934232654,-1.4325231894482064,0.0,36,0,5,2020-01-01,2020
2020-01,-0.26864394921075024,-0.29196164103295524,-0.0622534735858592,-1.1913629881265182,-0.8906099763790148,-0.5683126934232654,-1.4325231894482064,0.0,42,0,5,2020-01-01,2020
2020-01,-0.2524477379611309,-0.2881346050642686,-0.0622534735858592,-1.1913629881265182,-0.8906099763790148,-0.5683126934232654,-1.4325231894482064,0.0,42,1,5,2020-01-01,2020
2020-01,-0.24885335505203673,-0.26027080658572704,-0.0622534735858592,-1.1913629881265182,-0.8906099763790148,-0.5683126934232654,-1.4325231894482064,0.0,44,0,5,2020-01-01,2020
2020-01,0.05763615936227127,0.9673292689604118,-0.0622534735858592,-1.1913629881265182,-0.8906099763790148,-0.5683126934232654,-1.4325231894482064,0.0,44,1,5,2020-01-01,2020
2020-01,-0.26770042369711305,-0.2641602508652741,-0.0622534735858592,-1.1913629881265182,-0.8906099763790148,-0.5683126934232654,-1.4325231894482064,0.0,45,1,5,2020-01-01,2020
2020-01,-0.2694683131170751,-0.2920969034304139,-0.0622534735858592,-1.1913629881265182,-0.8906099763790148,-0.5683126934232654,-1.4325231894482064,0.0,45,0,5,2020-01-01,2020
2020-01,-0.26927687315778637,-0.29208172549570594,-0.0622534735858592,-1.1913629881265182,-0.8906099763790148,-0.5683126934232654,-1.4325231894482064,0.0,49,0,5,2020-01-01,2020
2020-01,-0.25464148361706174,-0.28644776004857936,-0.0622534735858592,-1.1913629881265182,-0.8906099763790148,-0.5683126934232654,-1.4325231894482064,0.0,49,1,5,2020-01-01,2020
2020-01,-0.26920459480581005,-0.287690559260511,-0.0622534735858592,-1.1913629881265182,-0.8906099763790148,-0.5683126934232654,-1.4325231894482064,0.0,50,0,5,2020-01-01,2020
2020-01,-0.2683099060164812,-0.26898901228197575,-0.0622534735858592,-1.1913629881265182,-0.8906099763790148,-0.5683126934232654,-1.4325231894482064,0.0,50,1,5,2020-01-01,2020
2020-01,-0.13160614733256343,-0.1566313332621157,-0.0622534735858592,-1.1913629881265182,-0.8906099763790148,-0.5683126934232654,-1.4325231894482064,0.0,60,0,5,2020-01-01,2020
2020-01,-0.26934915150976274,-0.2918266121421844,-0.0622534735858592,-1.1913629881265182,-0.8906099763790148,-0.5683126934232654,-1.4325231894482064,0.0,61,1,5,2020-01-01,2020
2020-01,-0.2684134398720149,-0.2852826346472241,-0.0622534735858592,-1.1913629881265182,-0.8906099763790148,-0.5683126934232654,-1.4325231894482064,0.0,67,1,5,2020-01-01,2020
2020-01,-0.26945073189632407,-0.2920685542590964,-0.0622534735858592,-1.1913629881265182,-0.8906099763790148,-0.5683126934232654,-1.4325231894482064,0.0,67,0,5,2020-01-01,2020
2020-01,-0.26787428243565076,-0.2758763832526195,-0.0622534735858592,-1.1913629881265182,-0.8906099763790148,-0.5683126934232654,-1.4325231894482064,0.0,76,0,5,2020-01-01,2020
2020-01,-0.2678215387733977,-0.2915072953951398,-0.0622534735858592,-1.1913629881265182,-0.8906099763790148,-0.5683126934232654,-1.4325231894482064,0.0,78,1,5,2020-01-01,2020
2020-01,-0.23811122917317332,-0.20831477316480654,-0.0622534735858592,-1.1913629881265182,-0.8906099763790148,-0.5683126934232654,-1.4325231894482064,0.0,79,1,5,2020-01-01,2020
2020-01,-0.2509474737903786,-0.252566060048556,-0.0622534735858592,-1.1913629881265182,-0.8906099763790148,-0.5683126934232654,-1.4325231894482064,0.0,79,0,5,2020-01-01,2020
2020-01,-0.25017780701527903,-0.28986688902198976,-0.0622534735858592,-1.1913629881265182,-0.8906099763790148,-0.5683126934232654,-1.4325231894482064,0.0,80,0,5,2020-01-01,2020
2020-01,0.1518832234014867,-0.2407358231587932,-0.0622534735858592,-1.1913629881265182,-0.8906099763790148,-0.5683126934232654,-1.4325231894482064,0.0,80,1,5,2020-01-01,2020
2020-01,-0.2677277722627257,-0.2916194369819628,-0.0622534735858592,-1.1913629881265182,-0.8906099763790148,-0.5683126934232654,-1.4325231894482064,0.0,81,0,5,2020-01-01,2020
2020-01,-0.25570026380006666,-0.2582116351563173,-0.0622534735858592,-1.1913629881265182,-0.8906099763790148,-0.5683126934232654,-1.4325231894482064,0.0,81,1,5,2020-01-01,2020
2020-01,-0.26888031895640263,-0.29201592404078813,-0.0622534735858592,-1.1913629881265182,-0.8906099763790148,-0.5683126934232654,-1.4325231894482064,0.0,85,1,5,2020-01-01,2020
2020-01,-0.2680872105536351,-0.29161700705299276,-0.0622534735858592,-1.1913629881265182,-0.8906099763790148,-0.5683126934232654,-1.4325231894482064,0.0,87,0,5,2020-01-01,2020
2020-01,-0.2627913561696382,-0.28016753565458974,-0.0622534735858592,-1.1913629881265182,-0.8906099763790148,-0.5683126934232654,-1.4325231894482064,0.0,87,1,5,2020-01-01,2020
2020-01,8.4400144959639,8.304206947516326,-0.0622534735858592,-1.1913629881265182,-0.8906099763790148,-0.5683126934232654,-1.4325231894482064,0.0,88,1,5,2020-01-01,2020
2020-01,1.1654327858209776,1.2599410382472251,-0.0622534735858592,-1.1913629881265182,-0.8906099763790148,-0.5683126934232654,-1.4325231894482064,0.0,88,0,5,2020-01-01,2020
2020-01,-0.25831986569196624,-0.1784906605022668,-0.0622534735858592,-1.1913629881265182,-0.8906099763790148,-0.5683126934232654,-1.4325231894482064,0.0,89,1,5,2020-01-01,2020
2020-01,0.6265820440855117,0.7026098735330614,-0.0622534735858592,-1.1913629881265182,-0.8906099763790148,-0.5683126934232654,-1.4325231894482064,0.0,89,0,5,2020-01-01,2020
2020-01,-0.26927491968881406,-0.2919891875250334,-0.0622534735858592,-1.1913629881265182,-0.8906099763790148,-0.5683126934232654,-1.4325231894482064,0.0,90,1,5,2020-01-01,2020
2020-01,-0.24696825749373466,-0.10360354792662983,-0.0622534735858592,-1.1913629881265182,-0.8906099763790148,-0.5683126934232654,-1.4325231894482064,0.0,90,0,5,2020-01-01,2020
2020-01,0.31180982122850837,2.664766461783513,-0.0622534735858592,-1.1913629881265182,-0.8906099763790148,-0.5683126934232654,-1.4325231894482064,0.0,92,0,5,2020-01-01,2020
2020-01,-0.26933938416490105,-0.29204298162823866,-0.0622534735858592,-1.1913629881265182,-0.8906099763790148,-0.5683126934232654,-1.4325231894482064,0.0,92,1,5,2020-01-01,2020
2020-01,-0.26771409797991935,-0.28775470062882014,-0.0622534735858592,-1.1913629881265182,-0.8906099763790148,-0.5683126934232654,-1.4325231894482064,0.0,96,0,5,2020-01-01,2020
2020-01,-0.2693354772269564,-0.2837949890789508,-0.0622534735858592,-1.1913629881265182,-0.8906099763790148,-0.5683126934232654,-1.4325231894482064,0.0,96,1,5,2020-01-01,2020
2020-01,-0.10825437923728545,-0.18016143369045876,-0.0622534735858592,-1.1913629881265182,-0.8906099763790148,-0.5683126934232654,-1.4325231894482064,0.0,101,0,5,2020-01-01,2020
2020-01,2.492877463528894,1.234631854012964,-0.0622534735858592,-1.1913629881265182,-0.8906099763790148,-0.5683126934232654,-1.4325231894482064,0.0,101,1,5,2020-01-01,2020
2022-01,-0.26853064801035487,-0.2908372807913336,-1.0404172817253323,0.791034229596121,0.9398982249655449,1.220638714157783,-0.532221818469442,0.0007566862223662,0,1,5,2022-01-01,2022
2022-01,-0.2692944543785374,-0.29216432848652035,-1.0404172817253323,0.791034229596121,0.9398982249655449,1.220638714157783,-0.532221818469442,0.0007566862223662,0,0,5,2022-01-01,2022
2022-01,-0.2685579965759676,-0.29109293412907067,-1.0404172817253323,0.791034229596121,0.9398982249655449,1.220638714157783,-0.532221818469442,0.0007566862223662,0,1,5,2022-01-01,2022
2022-01,-0.2683939051822915,-0.2872740344090376,-1.0404172817253323,0.791034229596121,0.9398982249655449,1.220638714157783,-0.532221818469442,0.0007566862223662,1,1,5,2022-01-01,2022
2022-01,-0.2694214298617391,-0.29204737447280316,-1.0404172817253323,0.791034229596121,0.9398982249655449,1.220638714157783,-0.532221818469442,0.0007566862223662,1,0,5,2022-01-01,2022
2022-01,-0.2685384618862442,-0.28811816108548766,-1.0404172817253323,0.791034229596121,0.9398982249655449,1.220638714157783,-0.532221818469442,0.0007566862223662,1,1,5,2022-01-01,2022
2022-01,-0.26894869037043434,-0.2906764530601012,-1.0404172817253323,0.791034229596121,0.9398982249655449,1.220638714157783,-0.532221818469442,0.0007566862223662,2,1,5,2022-01-01,2022
2022-01,-0.21340766054904037,0.17631893890574443,-1.0404172817253323,0.791034229596121,0.9398982249655449,1.220638714157783,-0.532221818469442,0.0007566862223662,5,1,5,2022-01-01,2022
2022-01,-0.2671651731986936,-0.2801958009094413,-1.0404172817253323,0.791034229596121,0.9398982249655449,1.220638714157783,-0.532221818469442,0.0007566862223662,5,0,5,2022-01-01,2022
2022-01,-0.23084823153403633,-0.03753548309949952,-1.0404172817253323,0.791034229596121,0.9398982249655449,1.220638714157783,-0.532221818469442,0.0007566862223662,5,1,5,2022-01-01,2022
2022-01,-0.26718275441944456,-0.2802847815516667,-1.0404172817253323,0.791034229596121,0.9398982249655449,1.220638714157783,-0.532221818469442,0.0007566862223662,5,0,5,2022-01-01,2022
2022-01,-0.26929836131648205,-0.29002665867604294,-1.0404172817253323,0.791034229596121,0.9398982249655449,1.220638714157783,-0.532221818469442,0.0007566862223662,6,0,5,2022-01-01,2022
2022-01,-0.26751875108268597,-0.17214793293532477,-1.0404172817253323,0.791034229596121,0.9398982249655449,1.220638714157783,-0.532221818469442,0.0007566862223662,6,1,5,2022-01-01,2022
2022-01,-0.2689076675220153,-0.23414822004717353,-1.0404172817253323,0.791034229596121,0.9398982249655449,1.220638714157783,-0.532221818469442,0.0007566862223662,6,1,5,2022-01-01,2022
2022-01,-0.2693120355992884,-0.2903571727984766,-1.0404172817253323,0.791034229596121,0.9398982249655449,1.220638714157783,-0.532221818469442,0.0007566862223662,6,0,5,2022-01-01,2022
2022-01,-0.2694468249583794,-0.29212187040330007,-1.0404172817253323,0.791034229596121,0.9398982249655449,1.220638714157783,-0.532221818469442,0.0007566862223662,8,0,5,2022-01-01,2022
2022-01,-0.26770237716608536,-0.26582517908918674,-1.0404172817253323,0.791034229596121,0.9398982249655449,1.220638714157783,-0.532221818469442,0.0007566862223662,8,1,5,2022-01-01,2022
2022-01,-0.26783521305620406,-0.26942871632075677,-1.0404172817253323,0.791034229596121,0.9398982249655449,1.220638714157783,-0.532221818469442,0.0007566862223662,8,1,5,2022-01-01,2022
2022-01,-0.2510353798941336,0.4662187067921481,-1.0404172817253323,0.791034229596121,0.9398982249655449,1.220638714157783,-0.532221818469442,0.0007566862223662,9,1,5,2022-01-01,2022
2022-01,-0.2691616184884187,-0.28936264592382194,-1.0404172817253323,0.791034229596121,0.9398982249655449,1.220638714157783,-0.532221818469442,0.0007566862223662,9,0,5,2022-01-01,2022
2022-01,-0.2536120054686418,0.4005041893330792,-1.0404172817253323,0.791034229596121,0.9398982249655449,1.220638714157783,-0.532221818469442,0.0007566862223662,9,1,5,2022-01-01,2022
2022-01,-0.2694741735239921,-0.29214732628081386,-1.0404172817253323,0.791034229596121,0.9398982249655449,1.220638714157783,-0.532221818469442,0.0007566862223662,13,0,5,2022-01-01,2022
2022-01,-0.2694624527101581,-0.2921639234983587,-1.0404172817253323,0.791034229596121,0.9398982249655449,1.220638714157783,-0.532221818469442,0.0007566862223662,17,0,5,2022-01-01,2022
2022-01,-0.2687299018455329,-0.2914319238145636,-1.0404172817253323,0.791034229596121,0.9398982249655449,1.220638714157783,-0.532221818469442,0.0007566862223662,17,1,5,2022-01-01,2022
2022-01,-0.26884515651490065,-0.29164093419140974,-1.0404172817253323,0.791034229596121,0.9398982249655449,1.220638714157783,-0.532221818469442,0.0007566862223662,17,1,5,2022-01-01,2022
2022-01,-0.26080272475580246,-0.26682030797327094,-1.0404172817253323,0.791034229596121,0.9398982249655449,1.220638714157783,-0.532221818469442,0.0007566862223662,30,0,5,2022-01-01,2022
2022-01,-0.2449112546658672,-0.2186308067490991,-1.0404172817253323,0.791034229596121,0.9398982249655449,1.220638714157783,-0.532221818469442,0.0007566862223662,30,1,5,2022-01-01,2022
2022-01,-0.24653458738187656,-0.22839276180008541,-1.0404172817253323,0.791034229596121,0.9398982249655449,1.220638714157783,-0.532221818469442,0.0007566862223662,30,1,5,2022-01-01,2022
2022-01,-0.26084374760422147,-0.26695688019730657,-1.0404172817253323,0.791034229596121,0.9398982249655449,1.220638714157783,-0.532221818469442,0.0007566862223662,30,0,5,2022-01-01,2022
2022-01,-0.2693823604822924,-0.2025549439644059,-1.0404172817253323,0.791034229596121,0.9398982249655449,1.220638714157783,-0.532221818469442,0.0007566862223662,36,1,5,2022-01-01,2022
2022-01,-0.26911278176411035,-0.289494865437255,-1.0404172817253323,0.791034229596121,0.9398982249655449,1.220638714157783,-0.532221818469442,0.0007566862223662,36,0,5,2022-01-01,2022
2022-01,-0.26947222005501975,-0.29158712914257845,-1.0404172817253323,0.791034229596121,0.9398982249655449,1.220638714157783,-0.532221818469442,0.0007566862223662,36,1,5,2022-01-01,2022
2022-01,-0.26733707846825894,-0.2603103458353496,-1.0404172817253323,0.791034229596121,0.9398982249655449,1.220638714157783,-0.532221818469442,0.0007566862223662,37,1,5,2022-01-01,2022
2022-01,-0.2150642022375794,-0.025686259197183793,-1.0404172817253323,0.791034229596121,0.9398982249655449,1.220638714157783,-0.532221818469442,0.0007566862223662,37,0,5,2022-01-01,2022
2022-01,-0.2691498976745847,-0.29010769644234063,-1.0404172817253323,0.791034229596121,0.9398982249655449,1.220638714157783,-0.532221818469442,0.0007566862223662,37,1,5,2022-01-01,2022
2022-01,-0.21507201611346874,-0.025734011314841893,-1.0404172817253323,0.791034229596121,0.9398982249655449,1.220638714157783,-0.532221818469442,0.0007566862223662,37,0,5,2022-01-01,2022
2022-01,-0.264803429211142,-0.2893630034809377,-1.0404172817253323,0.791034229596121,0.9398982249655449,1.220638714157783,-0.532221818469442,0.0007566862223662,41,0,5,2022-01-01,2022
2022-01,-0.25640155916113444,-0.28635111017107606,-1.0404172817253323,0.791034229596121,0.9398982249655449,1.220638714157783,-0.532221818469442,0.0007566862223662,41,1,5,2022-01-01,2022
2022-01,-0.2565890921824785,-0.2866866009047938,-1.0404172817253323,0.791034229596121,0.9398982249655449,1.220638714157783,-0.532221818469442,0.0007566862223662,41,1,5,2022-01-01,2022
2022-01,-0.26480928961805905,-0.2893695708565325,-1.0404172817253323,0.791034229596121,0.9398982249655449,1.220638714157783,-0.532221818469442,0.0007566862223662,41,0,5,2022-01-01,2022
2022-01,0.08849120178028329,1.2202511366770035,-1.0404172817253323,0.791034229596121,0.9398982249655449,1.220638714157783,-0.532221818469442,0.0007566862223662,44,1,5,2022-01-01,2022
2022-01,-0.23308886044530316,-0.18908705170215884,-1.0404172817253323,0.791034229596121,0.9398982249655449,1.220638714157783,-0.532221818469442,0.0007566862223662,44,0,5,2022-01-01,2022
2022-01,-0.23324513796308988,-0.19066455721127884,-1.0404172817253323,0.791034229596121,0.9398982249655449,1.220638714157783,-0.532221818469442,0.0007566862223662,44,0,5,2022-01-01,2022
2022-01,0.06082812766306466,0.7380422586099841,-1.0404172817253323,0.791034229596121,0.9398982249655449,1.220638714157783,-0.532221818469442,0.0007566862223662,44,1,5,2022-01-01,2022
2022-01,-0.26770042369711305,-0.2710497598815282,-1.0404172817253323,0.791034229596121,0.9398982249655449,1.220638714157783,-0.532221818469442,0.0007566862223662,46,1,5,2022-01-01,2022
2022-01,-0.2694448714894071,-0.29184603697977696,-1.0404172817253323,0.791034229596121,0.9398982249655449,1.220638714157783,-0.532221818469442,0.0007566862223662,46,0,5,2022-01-01,2022
2022-01,-0.26790749140818043,-0.27403796320820256,-1.0404172817253323,0.791034229596121,0.9398982249655449,1.220638714157783,-0.532221818469442,0.0007566862223662,46,1,5,2022-01-01,2022
2022-01,-0.2688725050805133,-0.2917576729411491,-1.0404172817253323,0.791034229596121,0.9398982249655449,1.220638714157783,-0.532221818469442,0.0007566862223662,49,0,5,2022-01-01,2022
2022-01,-0.2628870761492826,-0.2880869806455804,-1.0404172817253323,0.791034229596121,0.9398982249655449,1.220638714157783,-0.532221818469442,0.0007566862223662,49,1,5,2022-01-01,2022
2022-01,-0.26301014469453965,-0.28856534828390473,-1.0404172817253323,0.791034229596121,0.9398982249655449,1.220638714157783,-0.532221818469442,0.0007566862223662,49,1,5,2022-01-01,2022
2022-01,-0.269181153178142,-0.28760619037537,-1.0404172817253323,0.791034229596121,0.9398982249655449,1.220638714157783,-0.532221818469442,0.0007566862223662,50,0,5,2022-01-01,2022
2022-01,-0.26751679761371366,-0.26848964363591604,-1.0404172817253323,0.791034229596121,0.9398982249655449,1.220638714157783,-0.532221818469442,0.0007566862223662,50,1,5,2022-01-01,2022
2022-01,-0.26918310664711437,-0.28767186413131784,-1.0404172817253323,0.791034229596121,0.9398982249655449,1.220638714157783,-0.532221818469442,0.0007566862223662,50,0,5,2022-01-01,2022
2022-01,-0.26818097706430716,-0.27089881240202396,-1.0404172817253323,0.791034229596121,0.9398982249655449,1.220638714157783,-0.532221818469442,0.0007566862223662,50,1,5,2022-01-01,2022
2022-01,-0.12840831862485302,-0.14861474584045217,-1.0404172817253323,0.791034229596121,0.9398982249655449,1.220638714157783,-0.532221818469442,0.0007566862223662,60,0,5,2022-01-01,2022
2022-01,-0.13509113597920688,-0.19028240892250214,-1.0404172817253323,0.791034229596121,0.9398982249655449,1.220638714157783,-0.532221818469442,0.0007566862223662,60,0,5,2022-01-01,2022
2022-01,-0.2680735362708288,-0.2815046533256885,-1.0404172817253323,0.791034229596121,0.9398982249655449,1.220638714157783,-0.532221818469442,0.0007566862223662,67,1,5,2022-01-01,2022
2022-01,-0.2689037605840706,-0.29117173898766613,-1.0404172817253323,0.791034229596121,0.9398982249655449,1.220638714157783,-0.532221818469442,0.0007566862223662,67,0,5,2022-01-01,2022
2022-01,-0.268905714053043,-0.2911778502955113,-1.0404172817253323,0.791034229596121,0.9398982249655449,1.220638714157783,-0.532221818469442,0.0007566862223662,67,0,5,2022-01-01,2022
2022-01,-0.2686869255281416,-0.28834795720609124,-1.0404172817253323,0.791034229596121,0.9398982249655449,1.220638714157783,-0.532221818469442,0.0007566862223662,67,1,5,2022-01-01,2022
2022-01,-0.2693237564131224,-0.2909817448117089,-1.0404172817253323,0.791034229596121,0.9398982249655449,1.220638714157783,-0.532221818469442,0.0007566862223662,78,1,5,2022-01-01,2022
2022-01,-0.26947026658604745,-0.29208913933304403,-1.0404172817253323,0.791034229596121,0.9398982249655449,1.220638714157783,-0.532221818469442,0.0007566862223662,78,0,5,2022-01-01,2022
2022-01,-0.26935891885462443,-0.29130032090472807,-1.0404172817253323,0.791034229596121,0.9398982249655449,1.220638714157783,-0.532221818469442,0.0007566862223662,78,1,5,2022-01-01,2022
2022-01,-0.2436805692132969,-0.2028050734095594,-1.0404172817253323,0.791034229596121,0.9398982249655449,1.220638714157783,-0.532221818469442,0.0007566862223662,79,1,5,2022-01-01,2022
2022-01,-0.24645449515401086,-0.23625828498890084,-1.0404172817253323,0.791034229596121,0.9398982249655449,1.220638714157783,-0.532221818469442,0.0007566862223662,79,0,5,2022-01-01,2022
2022-01,-0.2465424012577659,-0.23674388768600543,-1.0404172817253323,0.791034229596121,0.9398982249655449,1.220638714157783,-0.532221818469442,0.0007566862223662,79,0,5,2022-01-01,2022
2022-01,-0.24422558705657801,-0.20617175459176137,-1.0404172817253323,0.791034229596121,0.9398982249655449,1.220638714157783,-0.532221818469442,0.0007566862223662,79,1,5,2022-01-01,2022
2022-01,0.28317001262512287,-0.21534934091378147,-1.0404172817253323,0.791034229596121,0.9398982249655449,1.220638714157783,-0.532221818469442,0.0007566862223662,80,1,5,2022-01-01,2022
2022-01,-0.16562580948575617,-0.27997855577330777,-1.0404172817253323,0.791034229596121,0.9398982249655449,1.220638714157783,-0.532221818469442,0.0007566862223662,80,0,5,2022-01-01,2022
2022-01,0.24939453409347187,-0.22912881866258122,-1.0404172817253323,0.791034229596121,0.9398982249655449,1.220638714157783,-0.532221818469442,0.0007566862223662,80,1,5,2022-01-01,2022
2022-01,-0.16567269274109217,-0.2800073464182069,-1.0404172817253323,0.791034229596121,0.9398982249655449,1.220638714157783,-0.532221818469442,0.0007566862223662,80,0,5,2022-01-01,2022
2022-01,-0.26451626927220895,-0.29057966818654407,-1.0404172817253323,0.791034229596121,0.9398982249655449,1.220638714157783,-0.532221818469442,0.0007566862223662,81,0,5,2022-01-01,2022
2022-01,-0.25650118607872346,-0.2536842506056605,-1.0404172817253323,0.791034229596121,0.9398982249655449,1.220638714157783,-0.532221818469442,0.0007566862223662,81,1,5,2022-01-01,2022
2022-01,-0.2603944497405847,-0.27943994705806924,-1.0404172817253323,0.791034229596121,0.9398982249655449,1.220638714157783,-0.532221818469442,0.0007566862223662,81,1,5,2022-01-01,2022
2022-01,-0.26452017621015367,-0.29058107287521295,-1.0404172817253323,0.791034229596121,0.9398982249655449,1.220638714157783,-0.532221818469442,0.0007566862223662,81,0,5,2022-01-01,2022
2022-01,-0.2619240159459221,-0.27993872099178335,-1.0404172817253323,0.791034229596121,0.9398982249655449,1.220638714157783,-0.532221818469442,0.0007566862223662,87,1,5,2022-01-01,2022
2022-01,-0.2664423896789301,-0.28631535445950446,-1.0404172817253323,0.791034229596121,0.9398982249655449,1.220638714157783,-0.532221818469442,0.0007566862223662,87,0,5,2022-01-01,2022
2022-01,-0.26301209816351195,-0.28106199031934787,-1.0404172817253323,0.791034229596121,0.9398982249655449,1.220638714157783,-0.532221818469442,0.0007566862223662,87,1,5,2022-01-01,2022
2022-01,-0.2664541104927641,-0.2863199516224208,-1.0404172817253323,0.791034229596121,0.9398982249655449,1.220638714157783,-0.532221818469442,0.0007566862223662,87,0,5,2022-01-01,2022
2022-01,6.259319966237232,8.752737502611323,-1.0404172817253323,0.791034229596121,0.9398982249655449,1.220638714157783,-0.532221818469442,0.0007566862223662,88,1,5,2022-01-01,2022
2022-01,2.226453597737152,2.3080130906809186,-1.0404172817253323,0.791034229596121,0.9398982249655449,1.220638714157783,-0.532221818469442,0.0007566862223662,88,0,5,2022-01-01,2022
2022-01,2.202031328645035,2.280574117486894,-1.0404172817253323,0.791034229596121,0.9398982249655449,1.220638714157783,-0.532221818469442,0.0007566862223662,88,0,5,2022-01-01,2022
2022-01,5.948542587428651,7.025142362830032,-1.0404172817253323,0.791034229596121,0.9398982249655449,1.220638714157783,-0.532221818469442,0.0007566862223662,88,1,5,2022-01-01,2022
2022-01,-0.2609336071769488,-0.21898141704085283,-1.0404172817253323,0.791034229596121,0.9398982249655449,1.220638714157783,-0.532221818469442,0.0007566862223662,89,1,5,2022-01-01,2022
2022-01,0.8668782623722896,1.089772813292677,-1.0404172817253323,0.791034229596121,0.9398982249655449,1.220638714157783,-0.532221818469442,0.0007566862223662,89,0,5,2022-01-01,2022
2022-01,0.8008685923281589,0.867964197582462,-1.0404172817253323,0.791034229596121,0.9398982249655449,1.220638714157783,-0.532221818469442,0.0007566862223662,89,0,5,2022-01-01,2022
2022-01,-0.2615919262206253,-0.2328227631162975,-1.0404172817253323,0.791034229596121,0.9398982249655449,1.220638714157783,-0.532221818469442,0.0007566862223662,89,1,5,2022-01-01,2022
2022-01,-0.24566138675124335,-0.10704998988543052,-1.0404172817253323,0.791034229596121,0.9398982249655449,1.220638714157783,-0.532221818469442,0.0007566862223662,90,0,5,2022-01-01,2022
2022-01,-0.2692827335647034,-0.29205992180873125,-1.0404172817253323,0.791034229596121,0.9398982249655449,1.220638714157783,-0.532221818469442,0.0007566862223662,90,1,5,2022-01-01,2022
2022-01,-0.24721830152219337,-0.26441321887610136,-1.0404172817253323,0.791034229596121,0.9398982249655449,1.220638714157783,-0.532221818469442,0.0007566862223662,90,0,5,2022-01-01,2022
2022-01,-0.26928468703367575,-0.2920600677504111,-1.0404172817253323,0.791034229596121,0.9398982249655449,1.220638714157783,-0.532221818469442,0.0007566862223662,90,1,5,2022-01-01,2022
2022-01,0.3090241744739604,3.0161437354417107,-1.0404172817253323,0.791034229596121,0.9398982249655449,1.220638714157783,-0.532221818469442,0.0007566862223662,91,0,5,2022-01-01,2022
2022-01,-0.2692788266267587,-0.28852603159534396,-1.0404172817253323,0.791034229596121,0.9398982249655449,1.220638714157783,-0.532221818469442,0.0007566862223662,91,1,5,2022-01-01,2022
2022-01,0.27412545128321747,0.9545542932000868,-1.0404172817253323,0.791034229596121,0.9398982249655449,1.220638714157783,-0.532221818469442,0.0007566862223662,91,0,5,2022-01-01,2022
2022-01,-0.2693042217233991,-0.2799500205263484,-1.0404172817253323,0.791034229596121,0.9398982249655449,1.220638714157783,-0.532221818469442,0.0007566862223662,95,1,5,2022-01-01,2022
2022-01,-0.2693843139512647,-0.28824803458641657,-1.0404172817253323,0.791034229596121,0.9398982249655449,1.220638714157783,-0.532221818469442,0.0007566862223662,95,1,5,2022-01-01,2022
2022-01,-0.2692592919370354,-0.2920697582779554,-1.0404172817253323,0.791034229596121,0.9398982249655449,1.220638714157783,-0.532221818469442,0.0007566862223662,98,0,5,2022-01-01,2022
2022-01,-0.2659598828427636,-0.2658735003793964,-1.0404172817253323,0.791034229596121,0.9398982249655449,1.220638714157783,-0.532221818469442,0.0007566862223662,98,1,5,2022-01-01,2022
2022-01,-0.2664912264032384,-0.2696201808591388,-1.0404172817253323,0.791034229596121,0.9398982249655449,1.220638714157783,-0.532221818469442,0.0007566862223662,98,1,5,2022-01-01,2022
2022-01,0.18822946710072896,-0.009031817919673784,-1.0404172817253323,0.791034229596121,0.9398982249655449,1.220638714157783,-0.532221818469442,0.0007566862223662,101,0,5,2022-01-01,2022
2022-01,2.117543795591599,1.160920173969824,-1.0404172817253323,0.791034229596121,0.9398982249655449,1.220638714157783,-0.532221818469442,0.0007566862223662,101,1,5,2022-01-01,2022
2022-01,0.1876707749746415,-0.009707600868377441,-1.0404172817253323,0.791034229596121,0.9398982249655449,1.220638714157783,-0.532221818469442,0.0007566862223662,101,0,5,2022-01-01,2022
2022-01,2.076649876124764,0.9921741433886634,-1.0404172817253323,0.791034229596121,0.9398982249655449,1.220638714157783,-0.532221818469442,0.0007566862223662,101,1,5,2022-01-01,2022
2022-02,-0.2671046156605512,-0.2860723871022913,-1.0404172817253323,0.791034229596121,0.5451885702940042,0.5096781284106693,-0.502156823693536,0.0008693532655723,0,1,5,2022-02-01,2022
2022-02,-0.26923389684039506,-0.29215600981076695,-1.0404172817253323,0.791034229596121,0.5451885702940042,0.5096781284106693,-0.502156823693536,0.0008693532655723,0,0,5,2022-02-01,2022
2022-02,-0.26712219688130223,-0.2860732627523706,-1.0404172817253323,0.791034229596121,0.5451885702940042,0.5096781284106693,-0.502156823693536,0.0008693532655723,0,1,5,2022-02-01,2022
2022-02,-0.26807744320877347,-0.2844638689861959,-1.0404172817253323,0.791034229596121,0.5451885702940042,0.5096781284106693,-0.502156823693536,0.0008693532655723,1,1,5,2022-02-01,2022
2022-02,-0.2693843139512647,-0.29186297716026954,-1.0404172817253323,0.791034229596121,0.5451885702940042,0.5096781284106693,-0.502156823693536,0.0008693532655723,1,0,5,2022-02-01,2022
2022-02,-0.26850915985165924,-0.28902725005219615,-1.0404172817253323,0.791034229596121,0.5451885702940042,0.5096781284106693,-0.502156823693536,0.0008693532655723,1,1,5,2022-02-01,2022
2022-02,-0.26237526727853117,-0.2544689388844357,-1.0404172817253323,0.791034229596121,0.5451885702940042,0.5096781284106693,-0.502156823693536,0.0008693532655723,2,1,5,2022-02-01,2022
2022-02,-0.20794576130239512,0.257321255969384,-1.0404172817253323,0.791034229596121,0.5451885702940042,0.5096781284106693,-0.502156823693536,0.0008693532655723,5,1,5,2022-02-01,2022
2022-02,-0.26674322390066946,-0.27473208737752564,-1.0404172817253323,0.791034229596121,0.5451885702940042,0.5096781284106693,-0.502156823693536,0.0008693532655723,5,0,5,2022-02-01,2022
2022-02,-0.2667549447145035,-0.27482807686892746,-1.0404172817253323,0.791034229596121,0.5451885702940042,0.5096781284106693,-0.502156823693536,0.0008693532655723,5,0,5,2022-02-01,2022
2022-02,-0.2254000065701974,0.04900089138575988,-1.0404172817253323,0.791034229596121,0.5451885702940042,0.5096781284106693,-0.502156823693536,0.0008693532655723,5,1,5,2022-02-01,2022
2022-02,-0.26725503277142093,-0.18593775430068632,-1.0404172817253323,0.791034229596121,0.5451885702940042,0.5096781284106693,-0.502156823693536,0.0008693532655723,6,1,5,2022-02-01,2022
2022-02,-0.269063945039802,-0.2843635121900236,-1.0404172817253323,0.791034229596121,0.5451885702940042,0.5096781284106693,-0.502156823693536,0.0008693532655723,6,0,5,2022-02-01,2022
2022-02,-0.268976038936047,-0.23614725985592896,-1.0404172817253323,0.791034229596121,0.5451885702940042,0.5096781284106693,-0.502156823693536,0.0008693532655723,6,1,5,2022-02-01,2022
2022-02,-0.26909324707438703,-0.2854235924187402,-1.0404172817253323,0.791034229596121,0.5451885702940042,0.5096781284106693,-0.502156823693536,0.0008693532655723,6,0,5,2022-02-01,2022
2022-02,-0.2684935320998805,-0.2833332952775532,-1.0404172817253323,0.791034229596121,0.5451885702940042,0.5096781284106693,-0.502156823693536,0.0008693532655723,8,1,5,2022-02-01,2022
2022-02,-0.26945073189632407,-0.29214454244327004,-1.0404172817253323,0.791034229596121,0.5451885702940042,0.5096781284106693,-0.502156823693536,0.0008693532655723,8,0,5,2022-02-01,2022
2022-02,-0.2685872986105526,-0.28780957834899856,-1.0404172817253323,0.791034229596121,0.5451885702940042,0.5096781284106693,-0.502156823693536,0.0008693532655723,8,1,5,2022-02-01,2022
2022-02,-0.2692124086816994,-0.2894915744523736,-1.0404172817253323,0.791034229596121,0.5451885702940042,0.5096781284106693,-0.502156823693536,0.0008693532655723,9,0,5,2022-02-01,2022
2022-02,-0.2559034245731894,0.09687071100868744,-1.0404172817253323,0.791034229596121,0.5451885702940042,0.5096781284106693,-0.502156823693536,0.0008693532655723,9,1,5,2022-02-01,2022
2022-02,-0.2578256380419658,0.046622779009131296,-1.0404172817253323,0.791034229596121,0.5451885702940042,0.5096781284106693,-0.502156823693536,0.0008693532655723,9,1,5,2022-02-01,2022
2022-02,-0.2691088748261657,-0.2917425862199911,-1.0404172817253323,0.791034229596121,0.5451885702940042,0.5096781284106693,-0.502156823693536,0.0008693532655723,17,1,5,2022-02-01,2022
2022-02,-0.2694741735239921,-0.29216849147293905,-1.0404172817253323,0.791034229596121,0.5451885702940042,0.5096781284106693,-0.502156823693536,0.0008693532655723,17,0,5,2022-02-01,2022
2022-02,-0.26917529277122504,-0.2919009365912074,-1.0404172817253323,0.791034229596121,0.5451885702940042,0.5096781284106693,-0.502156823693536,0.0008693532655723,17,1,5,2022-02-01,2022
2022-02,-0.251429980626545,-0.24600766351562314,-1.0404172817253323,0.791034229596121,0.5451885702940042,0.5096781284106693,-0.502156823693536,0.0008693532655723,30,1,5,2022-02-01,2022
2022-02,-0.2624006623751715,-0.274361202137894,-1.0404172817253323,0.791034229596121,0.5451885702940042,0.5096781284106693,-0.502156823693536,0.0008693532655723,30,0,5,2022-02-01,2022
2022-02,-0.25258643425816657,-0.2508106151462372,-1.0404172817253323,0.791034229596121,0.5451885702940042,0.5096781284106693,-0.502156823693536,0.0008693532655723,30,1,5,2022-02-01,2022
2022-02,-0.26245926644434153,-0.27504108969634444,-1.0404172817253323,0.791034229596121,0.5451885702940042,0.5096781284106693,-0.502156823693536,0.0008693532655723,30,0,5,2022-02-01,2022
2022-02,-0.2694155694548221,-0.2109121410242091,-1.0404172817253323,0.791034229596121,0.5451885702940042,0.5096781284106693,-0.502156823693536,0.0008693532655723,36,1,5,2022-02-01,2022
2022-02,-0.269140130329723,-0.28960690851344406,-1.0404172817253323,0.791034229596121,0.5451885702940042,0.5096781284106693,-0.502156823693536,0.0008693532655723,36,0,5,2022-02-01,2022
2022-02,-0.2694663596481028,-0.29165645144052343,-1.0404172817253323,0.791034229596121,0.5451885702940042,0.5096781284106693,-0.502156823693536,0.0008693532655723,36,1,5,2022-02-01,2022
2022-02,-0.268987759749881,-0.2664857695090144,-1.0404172817253323,0.791034229596121,0.5451885702940042,0.5096781284106693,-0.502156823693536,0.0008693532655723,37,1,5,2022-02-01,2022
2022-02,-0.25429376613998633,-0.24228216647071593,-1.0404172817253323,0.791034229596121,0.5451885702940042,0.5096781284106693,-0.502156823693536,0.0008693532655723,37,0,5,2022-02-01,2022
2022-02,-0.26936673273051376,-0.29174876320159215,-1.0404172817253323,0.791034229596121,0.5451885702940042,0.5096781284106693,-0.502156823693536,0.0008693532655723,37,1,5,2022-02-01,2022
2022-02,-0.2516390018065847,-0.28397647850351276,-1.0404172817253323,0.791034229596121,0.5451885702940042,0.5096781284106693,-0.502156823693536,0.0008693532655723,41,1,5,2022-02-01,2022
2022-02,-0.2632211193435517,-0.2881876293251125,-1.0404172817253323,0.791034229596121,0.5451885702940042,0.5096781284106693,-0.502156823693536,0.0008693532655723,41,0,5,2022-02-01,2022
2022-02,-0.2518148140140948,-0.28427090854559506,-1.0404172817253323,0.791034229596121,0.5451885702940042,0.5096781284106693,-0.502156823693536,0.0008693532655723,41,1,5,2022-02-01,2022
2022-02,0.03954899014743282,1.016101712333629,-1.0404172817253323,0.791034229596121,0.5451885702940042,0.5096781284106693,-0.502156823693536,0.0008693532655723,44,1,5,2022-02-01,2022
2022-02,-0.23446996300874315,-0.19353804308048025,-1.0404172817253323,0.791034229596121,0.5451885702940042,0.5096781284106693,-0.502156823693536,0.0008693532655723,44,0,5,2022-02-01,2022
2022-02,-0.2345539621745535,-0.19393782842127097,-1.0404172817253323,0.791034229596121,0.5451885702940042,0.5096781284106693,-0.502156823693536,0.0008693532655723,44,0,5,2022-02-01,2022
2022-02,0.01751190667053548,0.5219076766351078,-1.0404172817253323,0.791034229596121,0.5451885702940042,0.5096781284106693,-0.502156823693536,0.0008693532655723,44,1,5,2022-02-01,2022
2022-02,-0.26944096455146244,-0.2918071289279199,-1.0404172817253323,0.791034229596121,0.5451885702940042,0.5096781284106693,-0.502156823693536,0.0008693532655723,46,0,5,2022-02-01,2022
2022-02,-0.2677277722627257,-0.26689943025502016,-1.0404172817253323,0.791034229596121,0.5451885702940042,0.5096781284106693,-0.502156823693536,0.0008693532655723,46,1,5,2022-02-01,2022
2022-02,-0.2679524211945441,-0.2712354670206388,-1.0404172817253323,0.791034229596121,0.5451885702940042,0.5096781284106693,-0.502156823693536,0.0008693532655723,46,1,5,2022-02-01,2022
2022-02,-0.268987759749881,-0.29172385095683595,-1.0404172817253323,0.791034229596121,0.5451885702940042,0.5096781284106693,-0.502156823693536,0.0008693532655723,49,0,5,2022-02-01,2022
2022-02,-0.2576068495170644,-0.28549727472437175,-1.0404172817253323,0.791034229596121,0.5451885702940042,0.5096781284106693,-0.502156823693536,0.0008693532655723,49,1,5,2022-02-01,2022
2022-02,-0.25769670908979175,-0.28568323361288017,-1.0404172817253323,0.791034229596121,0.5451885702940042,0.5096781284106693,-0.502156823693536,0.0008693532655723,49,1,5,2022-02-01,2022
2022-02,-0.2691889670540314,-0.2869404044317384,-1.0404172817253323,0.791034229596121,0.5451885702940042,0.5096781284106693,-0.502156823693536,0.0008693532655723,50,0,5,2022-02-01,2022
2022-02,-0.26795046772557174,-0.27784062326780656,-1.0404172817253323,0.791034229596121,0.5451885702940042,0.5096781284106693,-0.502156823693536,0.0008693532655723,50,1,5,2022-02-01,2022
2022-02,-0.2691909205230037,-0.28697688985170944,-1.0404172817253323,0.791034229596121,0.5451885702940042,0.5096781284106693,-0.502156823693536,0.0008693532655723,50,0,5,2022-02-01,2022
2022-02,-0.2684427419065999,-0.2787532221319162,-1.0404172817253323,0.791034229596121,0.5451885702940042,0.5096781284106693,-0.502156823693536,0.0008693532655723,50,1,5,2022-02-01,2022
2022-02,-0.14239515646676287,-0.17522940029252912,-1.0404172817253323,0.791034229596121,0.5451885702940042,0.5096781284106693,-0.502156823693536,0.0008693532655723,60,0,5,2022-02-01,2022
2022-02,-0.14879081388218365,-0.20537637243639265,-1.0404172817253323,0.791034229596121,0.5451885702940042,0.5096781284106693,-0.502156823693536,0.0008693532655723,60,0,5,2022-02-01,2022
2022-02,-0.2682200464437538,-0.2830301415715558,-1.0404172817253323,0.791034229596121,0.5451885702940042,0.5096781284106693,-0.502156823693536,0.0008693532655723,67,1,5,2022-02-01,2022
2022-02,-0.2688510169218176,-0.2905857685487632,-1.0404172817253323,0.791034229596121,0.5451885702940042,0.5096781284106693,-0.502156823693536,0.0008693532655723,67,0,5,2022-02-01,2022
2022-02,-0.26885297039079,-0.2905895447897302,-1.0404172817253323,0.791034229596121,0.5451885702940042,0.5096781284106693,-0.502156823693536,0.0008693532655723,67,0,5,2022-02-01,2022
2022-02,-0.26857948473466325,-0.28790521028328464,-1.0404172817253323,0.791034229596121,0.5451885702940042,0.5096781284106693,-0.502156823693536,0.0008693532655723,67,1,5,2022-02-01,2022
2022-02,-0.26923585030936736,-0.29044840094257224,-1.0404172817253323,0.791034229596121,0.5451885702940042,0.5096781284106693,-0.502156823693536,0.0008693532655723,78,1,5,2022-02-01,2022
2022-02,-0.26947222005501975,-0.2921613841131287,-1.0404172817253323,0.791034229596121,0.5451885702940042,0.5096781284106693,-0.502156823693536,0.0008693532655723,78,0,5,2022-02-01,2022
2022-02,-0.26925538499909074,-0.29063310473263365,-1.0404172817253323,0.791034229596121,0.5451885702940042,0.5096781284106693,-0.502156823693536,0.0008693532655723,78,1,5,2022-02-01,2022
2022-02,-0.2473237888466994,-0.2381810739184588,-1.0404172817253323,0.791034229596121,0.5451885702940042,0.5096781284106693,-0.502156823693536,0.0008693532655723,79,0,5,2022-02-01,2022
2022-02,-0.24134031338444104,-0.19496303223703731,-1.0404172817253323,0.791034229596121,0.5451885702940042,0.5096781284106693,-0.502156823693536,0.0008693532655723,79,1,5,2022-02-01,2022
2022-02,-0.24738434638484175,-0.23830965948406274,-1.0404172817253323,0.791034229596121,0.5451885702940042,0.5096781284106693,-0.502156823693536,0.0008693532655723,79,0,5,2022-02-01,2022
2022-02,-0.24184235491033082,-0.19773543889875095,-1.0404172817253323,0.791034229596121,0.5451885702940042,0.5096781284106693,-0.502156823693536,0.0008693532655723,79,1,5,2022-02-01,2022
2022-02,0.2689507119755053,-0.22407767496261413,-1.0404172817253323,0.791034229596121,0.5451885702940042,0.5096781284106693,-0.502156823693536,0.0008693532655723,80,1,5,2022-02-01,2022
2022-02,-0.15196715443119838,-0.2785494948438819,-1.0404172817253323,0.791034229596121,0.5451885702940042,0.5096781284106693,-0.502156823693536,0.0008693532655723,80,0,5,2022-02-01,2022
2022-02,-0.15200427034167271,-0.278562045828352,-1.0404172817253323,0.791034229596121,0.5451885702940042,0.5096781284106693,-0.502156823693536,0.0008693532655723,80,0,5,2022-02-01,2022
2022-02,0.23945333049326528,-0.23321261712577207,-1.0404172817253323,0.791034229596121,0.5451885702940042,0.5096781284106693,-0.502156823693536,0.0008693532655723,80,1,5,2022-02-01,2022
2022-02,-0.2668076883767565,-0.2913759223434501,-1.0404172817253323,0.791034229596121,0.5451885702940042,0.5096781284106693,-0.502156823693536,0.0008693532655723,81,0,5,2022-02-01,2022
2022-02,-0.261748203738412,-0.27911116234454214,-1.0404172817253323,0.791034229596121,0.5451885702940042,0.5096781284106693,-0.502156823693536,0.0008693532655723,81,1,5,2022-02-01,2022
2022-02,-0.26415683098129955,-0.2869084176640498,-1.0404172817253323,0.791034229596121,0.5451885702940042,0.5096781284106693,-0.502156823693536,0.0008693532655723,81,1,5,2022-02-01,2022
2022-02,-0.264639337817466,-0.285440237067331,-1.0404172817253323,0.791034229596121,0.5451885702940042,0.5096781284106693,-0.502156823693536,0.0008693532655723,87,1,5,2022-02-01,2022
2022-02,-0.2677394930765597,-0.2889967810779783,-1.0404172817253323,0.791034229596121,0.5451885702940042,0.5096781284106693,-0.502156823693536,0.0008693532655723,87,0,5,2022-02-01,2022
2022-02,-0.26539337684078684,-0.28602238383422096,-1.0404172817253323,0.791034229596121,0.5451885702940042,0.5096781284106693,-0.502156823693536,0.0008693532655723,87,1,5,2022-02-01,2022
2022-02,-0.2677512138903937,-0.28900203497845417,-1.0404172817253323,0.791034229596121,0.5451885702940042,0.5096781284106693,-0.502156823693536,0.0008693532655723,87,0,5,2022-02-01,2022
2022-02,2.0542631217018186,1.8470648870831654,-1.0404172817253323,0.791034229596121,0.5451885702940042,0.5096781284106693,-0.502156823693536,0.0008693532655723,88,0,5,2022-02-01,2022
2022-02,5.499746765317772,6.52614779448424,-1.0404172817253323,0.791034229596121,0.5451885702940042,0.5096781284106693,-0.502156823693536,0.0008693532655723,88,1,5,2022-02-01,2022
2022-02,5.249821898466361,5.369409019328508,-1.0404172817253323,0.791034229596121,0.5451885702940042,0.5096781284106693,-0.502156823693536,0.0008693532655723,88,1,5,2022-02-01,2022
2022-02,2.0354160530567427,1.830054198516516,-1.0404172817253323,0.791034229596121,0.5451885702940042,0.5096781284106693,-0.502156823693536,0.0008693532655723,88,0,5,2022-02-01,2022
2022-02,-0.2630081912255673,-0.23940536772538112,-1.0404172817253323,0.791034229596121,0.5451885702940042,0.5096781284106693,-0.502156823693536,0.0008693532655723,89,1,5,2022-02-01,2022
2022-02,0.5702186038267651,0.6575293460242101,-1.0404172817253323,0.791034229596121,0.5451885702940042,0.5096781284106693,-0.502156823693536,0.0008693532655723,89,0,5,2022-02-01,2022
2022-02,0.5294321251534082,0.5481477279832581,-1.0404172817253323,0.791034229596121,0.5451885702940042,0.5096781284106693,-0.502156823693536,0.0008693532655723,89,0,5,2022-02-01,2022
2022-02,-0.2634867911237891,-0.25686657096074883,-1.0404172817253323,0.791034229596121,0.5451885702940042,0.5096781284106693,-0.502156823693536,0.0008693532655723,89,1,5,2022-02-01,2022
2022-02,-0.2693120355992884,-0.2919825690698506,-1.0404172817253323,0.791034229596121,0.5451885702940042,0.5096781284106693,-0.502156823693536,0.0008693532655723,90,1,5,2022-02-01,2022
2022-02,-0.24171537942712912,-0.11430941362914498,-1.0404172817253323,0.791034229596121,0.5451885702940042,0.5096781284106693,-0.502156823693536,0.0008693532655723,90,0,5,2022-02-01,2022
2022-02,-0.24303592445242675,-0.2597850433527746,-1.0404172817253323,0.791034229596121,0.5451885702940042,0.5096781284106693,-0.502156823693536,0.0008693532655723,90,0,5,2022-02-01,2022
2022-02,-0.26931594253723307,-0.2920746108388116,-1.0404172817253323,0.791034229596121,0.5451885702940042,0.5096781284106693,-0.502156823693536,0.0008693532655723,90,1,5,2022-02-01,2022
2022-02,-0.269128409515889,-0.29197236409788474,-1.0404172817253323,0.791034229596121,0.5451885702940042,0.5096781284106693,-0.502156823693536,0.0008693532655723,91,1,5,2022-02-01,2022
2022-02,0.25788626371620677,2.6202832553277178,-1.0404172817253323,0.791034229596121,0.5451885702940042,0.5096781284106693,-0.502156823693536,0.0008693532655723,91,0,5,2022-02-01,2022
2022-02,0.228091954950172,0.8000079064641124,-1.0404172817253323,0.791034229596121,0.5451885702940042,0.5096781284106693,-0.502156823693536,0.0008693532655723,91,0,5,2022-02-01,2022
2022-02,-0.26936087232359673,-0.2841923992189014,-1.0404172817253323,0.791034229596121,0.5451885702940042,0.5096781284106693,-0.502156823693536,0.0008693532655723,95,1,5,2022-02-01,2022
2022-02,-0.2694116625168774,-0.2887032485772273,-1.0404172817253323,0.791034229596121,0.5451885702940042,0.5096781284106693,-0.502156823693536,0.0008693532655723,95,1,5,2022-02-01,2022
2022-02,-0.2668487112251755,-0.2780830871262241,-1.0404172817253323,0.791034229596121,0.5451885702940042,0.5096781284106693,-0.502156823693536,0.0008693532655723,98,1,5,2022-02-01,2022
2022-02,-0.2692436641852567,-0.2920691781597779,-1.0404172817253323,0.791034229596121,0.5451885702940042,0.5096781284106693,-0.502156823693536,0.0008693532655723,98,0,5,2022-02-01,2022
2022-02,-0.2671671266676659,-0.2803239632441736,-1.0404172817253323,0.791034229596121,0.5451885702940042,0.5096781284106693,-0.502156823693536,0.0008693532655723,98,1,5,2022-02-01,2022
2022-02,1.9552222448044962,0.9897631977826028,-1.0404172817253323,0.791034229596121,0.5451885702940042,0.5096781284106693,-0.502156823693536,0.0008693532655723,101,1,5,2022-02-01,2022
2022-02,0.20071604077188646,-0.006805758530774523,-1.0404172817253323,0.791034229596121,0.5451885702940042,0.5096781284106693,-0.502156823693536,0.0008693532655723,101,0,5,2022-02-01,2022
2022-02,1.9214174642382602,0.8656729825305784,-1.0404172817253323,0.791034229596121,0.5451885702940042,0.5096781284106693,-0.502156823693536,0.0008693532655723,101,1,5,2022-02-01,2022
2022-02,0.2003429281981707,-0.007104581417421359,-1.0404172817253323,0.791034229596121,0.5451885702940042,0.5096781284106693,-0.502156823693536,0.0008693532655723,101,0,5,2022-02-01,2022
2022-03,-0.2684837647550189,-0.29181987693365774,-1.0404172817253323,0.791034229596121,1.066458062675869,0.911793111058502,-0.4397503723962897,0.0008083498248117,0,1,5,2022-03-01,2022
2022-03,-0.26926905928189704,-0.29216181099254235,-1.0404172817253323,0.791034229596121,1.066458062675869,0.911793111058502,-0.4397503723962897,0.0008083498248117,0,0,5,2022-03-01,2022
2022-03,-0.2685052529137145,-0.2918211904087767,-1.0404172817253323,0.791034229596121,1.066458062675869,0.911793111058502,-0.4397503723962897,0.0008083498248117,0,1,5,2022-03-01,2022
2022-03,-0.2685560431069952,-0.2897915612239175,-1.0404172817253323,0.791034229596121,1.066458062675869,0.911793111058502,-0.4397503723962897,0.0008083498248117,1,1,5,2022-03-01,2022
2022-03,-0.26940775557893276,-0.29196869001609366,-1.0404172817253323,0.791034229596121,1.066458062675869,0.911793111058502,-0.4397503723962897,0.0008083498248117,1,0,5,2022-03-01,2022
2022-03,-0.26868497205916925,-0.29021226365597763,-1.0404172817253323,0.791034229596121,1.066458062675869,0.911793111058502,-0.4397503723962897,0.0008083498248117,1,1,5,2022-03-01,2022
2022-03,-0.269069805446719,-0.2910201457162285,-1.0404172817253323,0.791034229596121,1.066458062675869,0.911793111058502,-0.4397503723962897,0.0008083498248117,2,1,5,2022-03-01,2022
2022-03,-0.2693530584477074,-0.29099719638706667,-1.0404172817253323,0.791034229596121,1.066458062675869,0.911793111058502,-0.4397503723962897,0.0008083498248117,3,1,5,2022-03-01,2022
2022-03,-0.2694351041445454,-0.2921294301823181,-1.0404172817253323,0.791034229596121,1.066458062675869,0.911793111058502,-0.4397503723962897,0.0008083498248117,3,0,5,2022-03-01,2022
2022-03,-0.26940189517201574,-0.2919567629323051,-1.0404172817253323,0.791034229596121,1.066458062675869,0.911793111058502,-0.4397503723962897,0.0008083498248117,3,1,5,2022-03-01,2022
2022-03,-0.20750623078362002,0.17026737228725533,-1.0404172817253323,0.791034229596121,1.066458062675869,0.911793111058502,-0.4397503723962897,0.0008083498248117,5,1,5,2022-03-01,2022
2022-03,-0.2669620124255709,-0.2798040022270823,-1.0404172817253323,0.791034229596121,1.066458062675869,0.911793111058502,-0.4397503723962897,0.0008083498248117,5,0,5,2022-03-01,2022
2022-03,-0.2669717797704325,-0.2798631925239013,-1.0404172817253323,0.791034229596121,1.066458062675869,0.911793111058502,-0.4397503723962897,0.0008083498248117,5,0,5,2022-03-01,2022
2022-03,-0.22702724622415146,-0.05556426082502077,-1.0404172817253323,0.791034229596121,1.066458062675869,0.911793111058502,-0.4397503723962897,0.0008083498248117,5,1,5,2022-03-01,2022
2022-03,-0.26908934013644237,-0.286068979364066,-1.0404172817253323,0.791034229596121,1.066458062675869,0.911793111058502,-0.4397503723962897,0.0008083498248117,6,0,5,2022-03-01,2022
2022-03,-0.2671339176951362,-0.17932531556369236,-1.0404172817253323,0.791034229596121,1.066458062675869,0.911793111058502,-0.4397503723962897,0.0008083498248117,6,1,5,2022-03-01,2022
2022-03,-0.26894869037043434,-0.23405780917648528,-1.0404172817253323,0.791034229596121,1.066458062675869,0.911793111058502,-0.4397503723962897,0.0008083498248117,6,1,5,2022-03-01,2022
2022-03,-0.2691088748261657,-0.2865459970418514,-1.0404172817253323,0.791034229596121,1.066458062675869,0.911793111058502,-0.4397503723962897,0.0008083498248117,6,0,5,2022-03-01,2022
2022-03,-0.2694233833307114,-0.29207288872698894,-1.0404172817253323,0.791034229596121,1.066458062675869,0.911793111058502,-0.4397503723962897,0.0008083498248117,8,0,5,2022-03-01,2022
2022-03,-0.2681575354366391,-0.27178612687009374,-1.0404172817253323,0.791034229596121,1.066458062675869,0.911793111058502,-0.4397503723962897,0.0008083498248117,8,1,5,2022-03-01,2022
2022-03,-0.2694253367996838,-0.2920827762758011,-1.0404172817253323,0.791034229596121,1.066458062675869,0.911793111058502,-0.4397503723962897,0.0008083498248117,8,0,5,2022-03-01,2022
2022-03,-0.2682493484783388,-0.2738561417663189,-1.0404172817253323,0.791034229596121,1.066458062675869,0.911793111058502,-0.4397503723962897,0.0008083498248117,8,1,5,2022-03-01,2022
2022-03,-0.25176988422773106,0.22195842669709412,-1.0404172817253323,0.791034229596121,1.066458062675869,0.911793111058502,-0.4397503723962897,0.0008083498248117,9,1,5,2022-03-01,2022
2022-03,-0.269157711550474,-0.28900717942267007,-1.0404172817253323,0.791034229596121,1.066458062675869,0.911793111058502,-0.4397503723962897,0.0008083498248117,9,0,5,2022-03-01,2022
2022-03,-0.2547899472589591,0.1384235982565925,-1.0404172817253323,0.791034229596121,1.066458062675869,0.911793111058502,-0.4397503723962897,0.0008083498248117,9,1,5,2022-03-01,2022
2022-03,-0.2694683131170751,-0.29216083683182914,-1.0404172817253323,0.791034229596121,1.066458062675869,0.911793111058502,-0.4397503723962897,0.0008083498248117,17,0,5,2022-03-01,2022
2022-03,-0.26891938833584933,-0.2913606604922762,-1.0404172817253323,0.791034229596121,1.066458062675869,0.911793111058502,-0.4397503723962897,0.0008083498248117,17,1,5,2022-03-01,2022
2022-03,-0.26902096872241066,-0.29158927813381474,-1.0404172817253323,0.791034229596121,1.066458062675869,0.911793111058502,-0.4397503723962897,0.0008083498248117,17,1,5,2022-03-01,2022
2022-03,-0.2502032021119194,-0.24258632352576254,-1.0404172817253323,0.791034229596121,1.066458062675869,0.911793111058502,-0.4397503723962897,0.0008083498248117,30,1,5,2022-03-01,2022
2022-03,-0.26375832331094345,-0.2800813060130302,-1.0404172817253323,0.791034229596121,1.066458062675869,0.911793111058502,-0.4397503723962897,0.0008083498248117,30,0,5,2022-03-01,2022
2022-03,-0.25190272011784975,-0.2503302408098145,-1.0404172817253323,0.791034229596121,1.066458062675869,0.911793111058502,-0.4397503723962897,0.0008083498248117,30,1,5,2022-03-01,2022
2022-03,-0.2637719975937498,-0.28010478802932354,-1.0404172817253323,0.791034229596121,1.066458062675869,0.911793111058502,-0.4397503723962897,0.0008083498248117,30,0,5,2022-03-01,2022
2022-03,-0.2693862674202371,-0.2032936752081856,-1.0404172817253323,0.791034229596121,1.066458062675869,0.911793111058502,-0.4397503723962897,0.0008083498248117,36,1,5,2022-03-01,2022
2022-03,-0.269128409515889,-0.28955236645912935,-1.0404172817253323,0.791034229596121,1.066458062675869,0.911793111058502,-0.4397503723962897,0.0008083498248117,36,0,5,2022-03-01,2022
2022-03,-0.26947026658604745,-0.29090850033111704,-1.0404172817253323,0.791034229596121,1.066458062675869,0.911793111058502,-0.4397503723962897,0.0008083498248117,36,1,5,2022-03-01,2022
2022-03,-0.2688900863012643,-0.2675863850393189,-1.0404172817253323,0.791034229596121,1.066458062675869,0.911793111058502,-0.4397503723962897,0.0008083498248117,37,1,5,2022-03-01,2022
2022-03,-0.25174058219314605,-0.24370073054481606,-1.0404172817253323,0.791034229596121,1.066458062675869,0.911793111058502,-0.4397503723962897,0.0008083498248117,37,0,5,2022-03-01,2022
2022-03,-0.2693511049787351,-0.2916475417009665,-1.0404172817253323,0.791034229596121,1.066458062675869,0.911793111058502,-0.4397503723962897,0.0008083498248117,37,1,5,2022-03-01,2022
2022-03,-0.2624006623751715,-0.2888200821890586,-1.0404172817253323,0.791034229596121,1.066458062675869,0.911793111058502,-0.4397503723962897,0.0008083498248117,41,0,5,2022-03-01,2022
2022-03,-0.2537370274828712,-0.2851805995217331,-1.0404172817253323,0.791034229596121,1.066458062675869,0.911793111058502,-0.4397503723962897,0.0008083498248117,41,1,5,2022-03-01,2022
2022-03,-0.2539226070352429,-0.2852933577121536,-1.0404172817253323,0.791034229596121,1.066458062675869,0.911793111058502,-0.4397503723962897,0.0008083498248117,41,1,5,2022-03-01,2022
2022-03,-0.2624123831890055,-0.28882225307154685,-1.0404172817253323,0.791034229596121,1.066458062675869,0.911793111058502,-0.4397503723962897,0.0008083498248117,41,0,5,2022-03-01,2022
2022-03,0.034721968316796054,1.2192043590324082,-1.0404172817253323,0.791034229596121,1.066458062675869,0.911793111058502,-0.4397503723962897,0.0008083498248117,44,1,5,2022-03-01,2022
2022-03,-0.2337100635785053,-0.20391228550379462,-1.0404172817253323,0.791034229596121,1.066458062675869,0.911793111058502,-0.4397503723962897,0.0008083498248117,44,0,5,2022-03-01,2022
2022-03,-0.23425312795281408,-0.20565611344839463,-1.0404172817253323,0.791034229596121,1.066458062675869,0.911793111058502,-0.4397503723962897,0.0008083498248117,44,0,5,2022-03-01,2022
2022-03,0.006336110679813937,0.5850355055171997,-1.0404172817253323,0.791034229596121,1.066458062675869,0.911793111058502,-0.4397503723962897,0.0008083498248117,44,1,5,2022-03-01,2022
2022-03,-0.26662015535541245,-0.25253072756785605,-1.0404172817253323,0.791034229596121,1.066458062675869,0.911793111058502,-0.4397503723962897,0.0008083498248117,46,1,5,2022-03-01,2022
2022-03,-0.2694253367996838,-0.29187606812895517,-1.0404172817253323,0.791034229596121,1.066458062675869,0.911793111058502,-0.4397503723962897,0.0008083498248117,46,0,5,2022-03-01,2022
2022-03,-0.2694272902686561,-0.29188068353458146,-1.0404172817253323,0.791034229596121,1.066458062675869,0.911793111058502,-0.4397503723962897,0.0008083498248117,46,0,5,2022-03-01,2022
2022-03,-0.2673175437785356,-0.26588298294004686,-1.0404172817253323,0.791034229596121,1.066458062675869,0.911793111058502,-0.4397503723962897,0.0008083498248117,46,1,5,2022-03-01,2022
2022-03,-0.2694761269929644,-0.2921432216710671,-1.0404172817253323,0.791034229596121,1.066458062675869,0.911793111058502,-0.4397503723962897,0.0008083498248117,48,1,5,2022-03-01,2022
2022-03,-0.2629046573700336,-0.28835216397501395,-1.0404172817253323,0.791034229596121,1.066458062675869,0.911793111058502,-0.4397503723962897,0.0008083498248117,49,1,5,2022-03-01,2022
2022-03,-0.2691616184884187,-0.2919185809403054,-1.0404172817253323,0.791034229596121,1.066458062675869,0.911793111058502,-0.4397503723962897,0.0008083498248117,49,0,5,2022-03-01,2022
2022-03,-0.26299451694276094,-0.28879249556301845,-1.0404172817253323,0.791034229596121,1.066458062675869,0.911793111058502,-0.4397503723962897,0.0008083498248117,49,1,5,2022-03-01,2022
2022-03,-0.265950115497902,-0.2664129227195003,-1.0404172817253323,0.791034229596121,1.066458062675869,0.911793111058502,-0.4397503723962897,0.0008083498248117,50,1,5,2022-03-01,2022
2022-03,-0.2691088748261657,-0.2887654379755679,-1.0404172817253323,0.791034229596121,1.066458062675869,0.911793111058502,-0.4397503723962897,0.0008083498248117,50,0,5,2022-03-01,2022
2022-03,-0.26696591936351555,-0.2681235927144306,-1.0404172817253323,0.791034229596121,1.066458062675869,0.911793111058502,-0.4397503723962897,0.0008083498248117,50,1,5,2022-03-01,2022
2022-03,-0.2691147352330827,-0.2888176121261265,-1.0404172817253323,0.791034229596121,1.066458062675869,0.911793111058502,-0.4397503723962897,0.0008083498248117,50,0,5,2022-03-01,2022
2022-03,-0.12378250409836665,-0.16247288980325147,-1.0404172817253323,0.791034229596121,1.066458062675869,0.911793111058502,-0.4397503723962897,0.0008083498248117,60,0,5,2022-03-01,2022
2022-03,-0.1308228062746576,-0.19181162962683246,-1.0404172817253323,0.791034229596121,1.066458062675869,0.911793111058502,-0.4397503723962897,0.0008083498248117,60,0,5,2022-03-01,2022
2022-03,-0.26799149057399074,-0.28197688776491575,-1.0404172817253323,0.791034229596121,1.066458062675869,0.911793111058502,-0.4397503723962897,0.0008083498248117,67,1,5,2022-03-01,2022
2022-03,-0.26878264550778597,-0.2908093329596358,-1.0404172817253323,0.791034229596121,1.066458062675869,0.911793111058502,-0.4397503723962897,0.0008083498248117,67,0,5,2022-03-01,2022
2022-03,-0.2686068333002759,-0.2878852965410645,-1.0404172817253323,0.791034229596121,1.066458062675869,0.911793111058502,-0.4397503723962897,0.0008083498248117,67,1,5,2022-03-01,2022
2022-03,-0.26878655244573063,-0.2908206434398268,-1.0404172817253323,0.791034229596121,1.066458062675869,0.911793111058502,-0.4397503723962897,0.0008083498248117,67,0,5,2022-03-01,2022
2022-03,-0.2693471980407904,-0.2910432847695741,-1.0404172817253323,0.791034229596121,1.066458062675869,0.911793111058502,-0.4397503723962897,0.0008083498248117,78,1,5,2022-03-01,2022
2022-03,-0.26947222005501975,-0.29215834487764514,-1.0404172817253323,0.791034229596121,1.066458062675869,0.911793111058502,-0.4397503723962897,0.0008083498248117,78,0,5,2022-03-01,2022
2022-03,-0.26936087232359673,-0.29120133960888867,-1.0404172817253323,0.791034229596121,1.066458062675869,0.911793111058502,-0.4397503723962897,0.0008083498248117,78,1,5,2022-03-01,2022
2022-03,-0.24556175983365433,-0.2373217693073008,-1.0404172817253323,0.791034229596121,1.066458062675869,0.911793111058502,-0.4397503723962897,0.0008083498248117,79,0,5,2022-03-01,2022
2022-03,-0.24170365861329512,-0.20615740122754475,-1.0404172817253323,0.791034229596121,1.066458062675869,0.911793111058502,-0.4397503723962897,0.0008083498248117,79,1,5,2022-03-01,2022
2022-03,-0.24239323316052894,-0.21006220222035768,-1.0404172817253323,0.791034229596121,1.066458062675869,0.911793111058502,-0.4397503723962897,0.0008083498248117,79,1,5,2022-03-01,2022
2022-03,-0.24570631653760702,-0.23754720906875987,-1.0404172817253323,0.791034229596121,1.066458062675869,0.911793111058502,-0.4397503723962897,0.0008083498248117,79,0,5,2022-03-01,2022
2022-03,-0.15680589707566917,-0.279515825785983,-1.0404172817253323,0.791034229596121,1.066458062675869,0.911793111058502,-0.4397503723962897,0.0008083498248117,80,0,5,2022-03-01,2022
2022-03,0.27390861622728846,-0.21853614897552623,-1.0404172817253323,0.791034229596121,1.066458062675869,0.911793111058502,-0.4397503723962897,0.0008083498248117,80,1,5,2022-03-01,2022
2022-03,0.23409691857112605,-0.23200164414568117,-1.0404172817253323,0.791034229596121,1.066458062675869,0.911793111058502,-0.4397503723962897,0.0008083498248117,80,1,5,2022-03-01,2022
2022-03,-0.1568547337999775,-0.27953140506031066,-1.0404172817253323,0.791034229596121,1.066458062675869,0.911793111058502,-0.4397503723962897,0.0008083498248117,80,0,5,2022-03-01,2022
2022-03,-0.25850349177536563,-0.2741593757402402,-1.0404172817253323,0.791034229596121,1.066458062675869,0.911793111058502,-0.4397503723962897,0.0008083498248117,81,1,5,2022-03-01,2022
2022-03,-0.2656102118967159,-0.2909686647886493,-1.0404172817253323,0.791034229596121,1.066458062675869,0.911793111058502,-0.4397503723962897,0.0008083498248117,81,0,5,2022-03-01,2022
2022-03,-0.2656141188346606,-0.2909696498949885,-1.0404172817253323,0.791034229596121,1.066458062675869,0.911793111058502,-0.4397503723962897,0.0008083498248117,81,0,5,2022-03-01,2022
2022-03,-0.2623010354575825,-0.2856410382246836,-1.0404172817253323,0.791034229596121,1.066458062675869,0.911793111058502,-0.4397503723962897,0.0008083498248117,81,1,5,2022-03-01,2022
2022-03,-0.2626780549692429,-0.28201215457185974,-1.0404172817253323,0.791034229596121,1.066458062675869,0.911793111058502,-0.4397503723962897,0.0008083498248117,87,1,5,2022-03-01,2022
2022-03,-0.2671886148263616,-0.2870811177509407,-1.0404172817253323,0.791034229596121,1.066458062675869,0.911793111058502,-0.4397503723962897,0.0008083498248117,87,0,5,2022-03-01,2022
2022-03,-0.2638833453251728,-0.2831744122192053,-1.0404172817253323,0.791034229596121,1.066458062675869,0.911793111058502,-0.4397503723962897,0.0008083498248117,87,1,5,2022-03-01,2022
2022-03,-0.26720228910916793,-0.2871738235545451,-1.0404172817253323,0.791034229596121,1.066458062675869,0.911793111058502,-0.4397503723962897,0.0008083498248117,87,0,5,2022-03-01,2022
2022-03,6.230074582252423,7.577283509390192,-1.0404172817253323,0.791034229596121,1.066458062675869,0.911793111058502,-0.4397503723962897,0.0008083498248117,88,1,5,2022-03-01,2022
2022-03,2.402986635297983,2.049362417316528,-1.0404172817253323,0.791034229596121,1.066458062675869,0.911793111058502,-0.4397503723962897,0.0008083498248117,88,0,5,2022-03-01,2022
2022-03,5.875033549999731,5.903081633044778,-1.0404172817253323,0.791034229596121,1.066458062675869,0.911793111058502,-0.4397503723962897,0.0008083498248117,88,1,5,2022-03-01,2022
2022-03,2.357265694000511,1.968568213088403,-1.0404172817253323,0.791034229596121,1.066458062675869,0.911793111058502,-0.4397503723962897,0.0008083498248117,88,0,5,2022-03-01,2022
2022-03,1.1740280492992463,1.539755462562729,-1.0404172817253323,0.791034229596121,1.066458062675869,0.911793111058502,-0.4397503723962897,0.0008083498248117,89,0,5,2022-03-01,2022
2022-03,-0.25919892672951644,-0.1677965613476923,-1.0404172817253323,0.791034229596121,1.066458062675869,0.911793111058502,-0.4397503723962897,0.0008083498248117,89,1,5,2022-03-01,2022
2022-03,-0.2621681995674638,-0.24671286465844944,-1.0404172817253323,0.791034229596121,1.066458062675869,0.911793111058502,-0.4397503723962897,0.0008083498248117,89,1,5,2022-03-01,2022
2022-03,1.0815098053005463,1.2032117851644248,-1.0404172817253323,0.791034229596121,1.066458062675869,0.911793111058502,-0.4397503723962897,0.0008083498248117,89,0,5,2022-03-01,2022
2022-03,-0.2691498976745847,-0.2919318214992129,-1.0404172817253323,0.791034229596121,1.066458062675869,0.911793111058502,-0.4397503723962897,0.0008083498248117,90,1,5,2022-03-01,2022
2022-03,-0.24562622430974135,-0.155275224929922,-1.0404172817253323,0.791034229596121,1.066458062675869,0.911793111058502,-0.4397503723962897,0.0008083498248117,90,0,5,2022-03-01,2022
2022-03,-0.24721634805322104,-0.2618210684317546,-1.0404172817253323,0.791034229596121,1.066458062675869,0.911793111058502,-0.4397503723962897,0.0008083498248117,90,0,5,2022-03-01,2022
2022-03,-0.269157711550474,-0.29194686078932497,-1.0404172817253323,0.791034229596121,1.066458062675869,0.911793111058502,-0.4397503723962897,0.0008083498248117,90,1,5,2022-03-01,2022
2022-03,-0.2692827335647034,-0.29206490571709925,-1.0404172817253323,0.791034229596121,1.066458062675869,0.911793111058502,-0.4397503723962897,0.0008083498248117,91,1,5,2022-03-01,2022
2022-03,0.39070261914518034,3.2643252823996103,-1.0404172817253323,0.791034229596121,1.066458062675869,0.911793111058502,-0.4397503723962897,0.0008083498248117,91,0,5,2022-03-01,2022
2022-03,0.3513460797595717,1.2129198767899079,-1.0404172817253323,0.791034229596121,1.066458062675869,0.911793111058502,-0.4397503723962897,0.0008083498248117,91,0,5,2022-03-01,2022
2022-03,-0.2693921278271541,-0.2913755137067464,-1.0404172817253323,0.791034229596121,1.066458062675869,0.911793111058502,-0.4397503723962897,0.0008083498248117,94,1,5,2022-03-01,2022
2022-03,-0.2693940812961264,-0.29139339156253224,-1.0404172817253323,0.791034229596121,1.066458062675869,0.911793111058502,-0.4397503723962897,0.0008083498248117,94,1,5,2022-03-01,2022
2022-03,-0.26925733846806305,-0.28090756942786244,-1.0404172817253323,0.791034229596121,1.066458062675869,0.911793111058502,-0.4397503723962897,0.0008083498248117,95,1,5,2022-03-01,2022
2022-03,-0.2693354772269564,-0.285997172409021,-1.0404172817253323,0.791034229596121,1.066458062675869,0.911793111058502,-0.4397503723962897,0.0008083498248117,95,1,5,2022-03-01,2022
2022-03,-0.2691909205230037,-0.292036209934292,-1.0404172817253323,0.791034229596121,1.066458062675869,0.911793111058502,-0.4397503723962897,0.0008083498248117,98,0,5,2022-03-01,2022
2022-03,-0.2655828633311032,-0.26850334755965716,-1.0404172817253323,0.791034229596121,1.066458062675869,0.911793111058502,-0.4397503723962897,0.0008083498248117,98,1,5,2022-03-01,2022
2022-03,-0.26617867136766504,-0.27226570217581914,-1.0404172817253323,0.791034229596121,1.066458062675869,0.911793111058502,-0.4397503723962897,0.0008083498248117,98,1,5,2022-03-01,2022
2022-03,2.1637745922908502,0.8776107966811258,-1.0404172817253323,0.791034229596121,1.066458062675869,0.911793111058502,-0.4397503723962897,0.0008083498248117,101,1,5,2022-03-01,2022
2022-03,0.23795501979148526,-0.03652692758086597,-1.0404172817253323,0.791034229596121,1.066458062675869,0.911793111058502,-0.4397503723962897,0.0008083498248117,101,0,5,2022-03-01,2022
2022-03,2.1098080584611574,0.7331283329259861,-1.0404172817253323,0.791034229596121,1.066458062675869,0.911793111058502,-0.4397503723962897,0.0008083498248117,101,1,5,2022-03-01,2022
2022-03,0.23314362571262717,-0.03957696639730727,-1.0404172817253323,0.791034229596121,1.066458062675869,0.911793111058502,-0.4397503723962897,0.0008083498248117,101,0,5,2022-03-01,2022
2022-04,-0.26637206479592607,-0.2865281301316916,-0.7291833427718636,-0.4644840082948839,0.8747225390720592,0.8500070298210347,-0.4618085017227378,0.0008296394496711,0,1,5,2022-04-01,2022
2022-04,-0.2692710127508694,-0.2921594029548243,-0.7291833427718636,-0.4644840082948839,0.8747225390720592,0.8500070298210347,-0.4618085017227378,0.0008296394496711,0,0,5,2022-04-01,2022
2022-04,-0.2664306688650961,-0.2865307935673495,-0.7291833427718636,-0.4644840082948839,0.8747225390720592,0.8500070298210347,-0.4618085017227378,0.0008296394496711,0,1,5,2022-04-01,2022
2022-04,-0.26940970904790507,-0.2919817809847792,-0.7291833427718636,-0.4644840082948839,0.8747225390720592,0.8500070298210347,-0.4618085017227378,0.0008296394496711,1,0,5,2022-04-01,2022
2022-04,-0.2689135279289323,-0.2904125284776567,-0.7291833427718636,-0.4644840082948839,0.8747225390720592,0.8500070298210347,-0.4618085017227378,0.0008296394496711,1,1,5,2022-04-01,2022
2022-04,-0.2689858062809087,-0.2907810859474942,-0.7291833427718636,-0.4644840082948839,0.8747225390720592,0.8500070298210347,-0.4618085017227378,0.0008296394496711,1,1,5,2022-04-01,2022
2022-04,-0.26241042972003314,-0.2549868311782147,-0.7291833427718636,-0.4644840082948839,0.8747225390720592,0.8500070298210347,-0.4618085017227378,0.0008296394496711,2,1,5,2022-04-01,2022
2022-04,-0.2694546388342688,-0.2920682988611566,-0.7291833427718636,-0.4644840082948839,0.8747225390720592,0.8500070298210347,-0.4618085017227378,0.0008296394496711,3,0,5,2022-04-01,2022
2022-04,-0.26943119720660075,-0.2920230569403925,-0.7291833427718636,-0.4644840082948839,0.8747225390720592,0.8500070298210347,-0.4618085017227378,0.0008296394496711,3,1,5,2022-04-01,2022
2022-04,-0.1999580266745223,0.1170647488192682,-0.7291833427718636,-0.4644840082948839,0.8747225390720592,0.8500070298210347,-0.4618085017227378,0.0008296394496711,5,1,5,2022-04-01,2022
2022-04,-0.2662353219678627,-0.2764861786707635,-0.7291833427718636,-0.4644840082948839,0.8747225390720592,0.8500070298210347,-0.4618085017227378,0.0008296394496711,5,0,5,2022-04-01,2022
2022-04,-0.266254856657586,-0.2766935617978789,-0.7291833427718636,-0.4644840082948839,0.8747225390720592,0.8500070298210347,-0.4618085017227378,0.0008296394496711,5,0,5,2022-04-01,2022
2022-04,-0.21753534048758164,-0.07023010806951305,-0.7291833427718636,-0.4644840082948839,0.8747225390720592,0.8500070298210347,-0.4618085017227378,0.0008296394496711,5,1,5,2022-04-01,2022
2022-04,-0.26907371238466365,-0.2869100230225285,-0.7291833427718636,-0.4644840082948839,0.8747225390720592,0.8500070298210347,-0.4618085017227378,0.0008296394496711,6,0,5,2022-04-01,2022
2022-04,-0.2669717797704325,-0.16266821085052446,-0.7291833427718636,-0.4644840082948839,0.8747225390720592,0.8500070298210347,-0.4618085017227378,0.0008296394496711,6,1,5,2022-04-01,2022
2022-04,-0.26909129360541467,-0.28738456698883985,-0.7291833427718636,-0.4644840082948839,0.8747225390720592,0.8500070298210347,-0.4618085017227378,0.0008296394496711,6,0,5,2022-04-01,2022
2022-04,-0.268935016087628,-0.23203810037731623,-0.7291833427718636,-0.4644840082948839,0.8747225390720592,0.8500070298210347,-0.4618085017227378,0.0008296394496711,6,1,5,2022-04-01,2022
2022-04,-0.2679328865048208,-0.27168107440037115,-0.7291833427718636,-0.4644840082948839,0.8747225390720592,0.8500070298210347,-0.4618085017227378,0.0008296394496711,8,1,5,2022-04-01,2022
2022-04,-0.26938040701332006,-0.29202724181806317,-0.7291833427718636,-0.4644840082948839,0.8747225390720592,0.8500070298210347,-0.4618085017227378,0.0008296394496711,8,0,5,2022-04-01,2022
2022-04,-0.2680286064844651,-0.2746492289887714,-0.7291833427718636,-0.4644840082948839,0.8747225390720592,0.8500070298210347,-0.4618085017227378,0.0008296394496711,8,1,5,2022-04-01,2022
2022-04,-0.2521996474016445,0.09093124219451737,-0.7291833427718636,-0.4644840082948839,0.8747225390720592,0.8500070298210347,-0.4618085017227378,0.0008296394496711,9,1,5,2022-04-01,2022
2022-04,-0.26908738666747,-0.2884494961298707,-0.7291833427718636,-0.4644840082948839,0.8747225390720592,0.8500070298210347,-0.4618085017227378,0.0008296394496711,9,0,5,2022-04-01,2022
2022-04,-0.26908934013644237,-0.28846314167693987,-0.7291833427718636,-0.4644840082948839,0.8747225390720592,0.8500070298210347,-0.4618085017227378,0.0008296394496711,9,0,5,2022-04-01,2022
2022-04,-0.25478604032101443,0.05487627720829281,-0.7291833427718636,-0.4644840082948839,0.8747225390720592,0.8500070298210347,-0.4618085017227378,0.0008296394496711,9,1,5,2022-04-01,2022
2022-04,-0.268952597308379,-0.29160001214437026,-0.7291833427718636,-0.4644840082948839,0.8747225390720592,0.8500070298210347,-0.4618085017227378,0.0008296394496711,17,1,5,2022-04-01,2022
2022-04,-0.26947222005501975,-0.29216789311205155,-0.7291833427718636,-0.4644840082948839,0.8747225390720592,0.8500070298210347,-0.4618085017227378,0.0008296394496711,17,0,5,2022-04-01,2022
2022-04,-0.269040503412134,-0.29171384665467986,-0.7291833427718636,-0.4644840082948839,0.8747225390720592,0.8500070298210347,-0.4618085017227378,0.0008296394496711,17,1,5,2022-04-01,2022
2022-04,-0.2694761269929644,-0.2921695021190723,-0.7291833427718636,-0.4644840082948839,0.8747225390720592,0.8500070298210347,-0.4618085017227378,0.0008296394496711,19,1,5,2022-04-01,2022
2022-04,-0.2633129323852514,-0.2739884816816378,-0.7291833427718636,-0.4644840082948839,0.8747225390720592,0.8500070298210347,-0.4618085017227378,0.0008296394496711,30,0,5,2022-04-01,2022
2022-04,-0.2522562980018422,-0.24914019221807696,-0.7291833427718636,-0.4644840082948839,0.8747225390720592,0.8500070298210347,-0.4618085017227378,0.0008296394496711,30,1,5,2022-04-01,2022
2022-04,-0.26337935033031074,-0.2745165351648787,-0.7291833427718636,-0.4644840082948839,0.8747225390720592,0.8500070298210347,-0.4618085017227378,0.0008296394496711,30,0,5,2022-04-01,2022
2022-04,-0.25346549529571677,-0.2557988324423803,-0.7291833427718636,-0.4644840082948839,0.8747225390720592,0.8500070298210347,-0.4618085017227378,0.0008296394496711,30,1,5,2022-04-01,2022
2022-04,-0.26940189517201574,-0.20265090061892974,-0.7291833427718636,-0.4644840082948839,0.8747225390720592,0.8500070298210347,-0.4618085017227378,0.0008296394496711,36,1,5,2022-04-01,2022
2022-04,-0.2692417107162844,-0.29049648872609407,-0.7291833427718636,-0.4644840082948839,0.8747225390720592,0.8500070298210347,-0.4618085017227378,0.0008296394496711,36,0,5,2022-04-01,2022
2022-04,-0.2694624527101581,-0.2914533991327586,-0.7291833427718636,-0.4644840082948839,0.8747225390720592,0.8500070298210347,-0.4618085017227378,0.0008296394496711,36,1,5,2022-04-01,2022
2022-04,-0.269022922191383,-0.26907127960692645,-0.7291833427718636,-0.4644840082948839,0.8747225390720592,0.8500070298210347,-0.4618085017227378,0.0008296394496711,37,1,5,2022-04-01,2022
2022-04,-0.25294196561113136,-0.24572614566366857,-0.7291833427718636,-0.4644840082948839,0.8747225390720592,0.8500070298210347,-0.4618085017227378,0.0008296394496711,37,0,5,2022-04-01,2022
2022-04,-0.2693823604822924,-0.2917202534944268,-0.7291833427718636,-0.4644840082948839,0.8747225390720592,0.8500070298210347,-0.4618085017227378,0.0008296394496711,37,1,5,2022-04-01,2022
2022-04,-0.2620470844911791,-0.2884070343981084,-0.7291833427718636,-0.4644840082948839,0.8747225390720592,0.8500070298210347,-0.4618085017227378,0.0008296394496711,41,0,5,2022-04-01,2022
2022-04,-0.25655197627200416,-0.2857826344910493,-0.7291833427718636,-0.4644840082948839,0.8747225390720592,0.8500070298210347,-0.4618085017227378,0.0008296394496711,41,1,5,2022-04-01,2022
2022-04,-0.26206075877398544,-0.2884105114586316,-0.7291833427718636,-0.4644840082948839,0.8747225390720592,0.8500070298210347,-0.4618085017227378,0.0008296394496711,41,0,5,2022-04-01,2022
2022-04,-0.25669457950698454,-0.2860875723340833,-0.7291833427718636,-0.4644840082948839,0.8747225390720592,0.8500070298210347,-0.4618085017227378,0.0008296394496711,41,1,5,2022-04-01,2022
2022-04,-0.2304770724292929,-0.19332866420089245,-0.7291833427718636,-0.4644840082948839,0.8747225390720592,0.8500070298210347,-0.4618085017227378,0.0008296394496711,44,0,5,2022-04-01,2022
2022-04,0.037564265671541704,1.2628387066527833,-0.7291833427718636,-0.4644840082948839,0.8747225390720592,0.8500070298210347,-0.4618085017227378,0.0008296394496711,44,1,5,2022-04-01,2022
2022-04,0.011557733242862123,0.5751227197400531,-0.7291833427718636,-0.4644840082948839,0.8747225390720592,0.8500070298210347,-0.4618085017227378,0.0008296394496711,44,1,5,2022-04-01,2022
2022-04,-0.23058842016071593,-0.19385936287708125,-0.7291833427718636,-0.4644840082948839,0.8747225390720592,0.8500070298210347,-0.4618085017227378,0.0008296394496711,44,0,5,2022-04-01,2022
2022-04,-0.2694448714894071,-0.2918524657107759,-0.7291833427718636,-0.4644840082948839,0.8747225390720592,0.8500070298210347,-0.4618085017227378,0.0008296394496711,46,0,5,2022-04-01,2022
2022-04,-0.2672706605231996,-0.2641814233544833,-0.7291833427718636,-0.4644840082948839,0.8747225390720592,0.8500070298210347,-0.4618085017227378,0.0008296394496711,46,1,5,2022-04-01,2022
2022-04,-0.26760861065541336,-0.2685961810622315,-0.7291833427718636,-0.4644840082948839,0.8747225390720592,0.8500070298210347,-0.4618085017227378,0.0008296394496711,46,1,5,2022-04-01,2022
2022-04,-0.2694761269929644,-0.2921565716862345,-0.7291833427718636,-0.4644840082948839,0.8747225390720592,0.8500070298210347,-0.4618085017227378,0.0008296394496711,48,1,5,2022-04-01,2022
2022-04,-0.2599295241251693,-0.28677982115281986,-0.7291833427718636,-0.4644840082948839,0.8747225390720592,0.8500070298210347,-0.4618085017227378,0.0008296394496711,49,1,5,2022-04-01,2022
2022-04,-0.268864691204624,-0.2916776896034886,-0.7291833427718636,-0.4644840082948839,0.8747225390720592,0.8500070298210347,-0.4618085017227378,0.0008296394496711,49,0,5,2022-04-01,2022
2022-04,-0.2600115698220073,-0.28692218726154683,-0.7291833427718636,-0.4644840082948839,0.8747225390720592,0.8500070298210347,-0.4618085017227378,0.0008296394496711,49,1,5,2022-04-01,2022
2022-04,-0.26918310664711437,-0.28823334920487825,-0.7291833427718636,-0.4644840082948839,0.8747225390720592,0.8500070298210347,-0.4618085017227378,0.0008296394496711,50,0,5,2022-04-01,2022
2022-04,-0.2660106730360443,-0.2711522948572728,-0.7291833427718636,-0.4644840082948839,0.8747225390720592,0.8500070298210347,-0.4618085017227378,0.0008296394496711,50,1,5,2022-04-01,2022
2022-04,-0.26689168754256687,-0.2725835303177289,-0.7291833427718636,-0.4644840082948839,0.8747225390720592,0.8500070298210347,-0.4618085017227378,0.0008296394496711,50,1,5,2022-04-01,2022
2022-04,-0.2691850601160867,-0.28827019947904897,-0.7291833427718636,-0.4644840082948839,0.8747225390720592,0.8500070298210347,-0.4618085017227378,0.0008296394496711,50,0,5,2022-04-01,2022
2022-04,-0.1398576002717013,-0.16585886082699217,-0.7291833427718636,-0.4644840082948839,0.8747225390720592,0.8500070298210347,-0.4618085017227378,0.0008296394496711,60,0,5,2022-04-01,2022
2022-04,-0.14623958340431575,-0.19470579543207348,-0.7291833427718636,-0.4644840082948839,0.8747225390720592,0.8500070298210347,-0.4618085017227378,0.0008296394496711,60,0,5,2022-04-01,2022
2022-04,-0.2682376276645048,-0.28413500400474495,-0.7291833427718636,-0.4644840082948839,0.8747225390720592,0.8500070298210347,-0.4618085017227378,0.0008296394496711,67,1,5,2022-04-01,2022
2022-04,-0.2687982732595646,-0.2906090644894147,-0.7291833427718636,-0.4644840082948839,0.8747225390720592,0.8500070298210347,-0.4618085017227378,0.0008296394496711,67,0,5,2022-04-01,2022
2022-04,-0.2686361353348609,-0.2884648382489685,-0.7291833427718636,-0.4644840082948839,0.8747225390720592,0.8500070298210347,-0.4618085017227378,0.0008296394496711,67,1,5,2022-04-01,2022
2022-04,-0.2688041336664816,-0.2906206668529655,-0.7291833427718636,-0.4644840082948839,0.8747225390720592,0.8500070298210347,-0.4618085017227378,0.0008296394496711,67,0,5,2022-04-01,2022
2022-04,-0.26926905928189704,-0.2904246233943771,-0.7291833427718636,-0.4644840082948839,0.8747225390720592,0.8500070298210347,-0.4618085017227378,0.0008296394496711,78,1,5,2022-04-01,2022
2022-04,-0.2694741735239921,-0.292108057023299,-0.7291833427718636,-0.4644840082948839,0.8747225390720592,0.8500070298210347,-0.4618085017227378,0.0008296394496711,78,0,5,2022-04-01,2022
2022-04,-0.2693003147854544,-0.2911778320528013,-0.7291833427718636,-0.4644840082948839,0.8747225390720592,0.8500070298210347,-0.4618085017227378,0.0008296394496711,78,1,5,2022-04-01,2022
2022-04,-0.24607356870440578,-0.21397646753111108,-0.7291833427718636,-0.4644840082948839,0.8747225390720592,0.8500070298210347,-0.4618085017227378,0.0008296394496711,79,1,5,2022-04-01,2022
2022-04,-0.24590947731072973,-0.238067440077959,-0.7291833427718636,-0.4644840082948839,0.8747225390720592,0.8500070298210347,-0.4618085017227378,0.0008296394496711,79,0,5,2022-04-01,2022
2022-04,-0.24595636056606576,-0.2381675889072375,-0.7291833427718636,-0.4644840082948839,0.8747225390720592,0.8500070298210347,-0.4618085017227378,0.0008296394496711,79,0,5,2022-04-01,2022
2022-04,-0.24656193594748924,-0.2174476611988201,-0.7291833427718636,-0.4644840082948839,0.8747225390720592,0.8500070298210347,-0.4618085017227378,0.0008296394496711,79,1,5,2022-04-01,2022
2022-04,-0.159046525986936,-0.27899587936305964,-0.7291833427718636,-0.4644840082948839,0.8747225390720592,0.8500070298210347,-0.4618085017227378,0.0008296394496711,80,0,5,2022-04-01,2022
2022-04,0.20237062899145317,-0.23124459722107601,-0.7291833427718636,-0.4644840082948839,0.8747225390720592,0.8500070298210347,-0.4618085017227378,0.0008296394496711,80,1,5,2022-04-01,2022
2022-04,0.1689565422196839,-0.24096471079243953,-0.7291833427718636,-0.4644840082948839,0.8747225390720592,0.8500070298210347,-0.4618085017227378,0.0008296394496711,80,1,5,2022-04-01,2022
2022-04,-0.15910122311816133,-0.27911910886901187,-0.7291833427718636,-0.4644840082948839,0.8747225390720592,0.8500070298210347,-0.4618085017227378,0.0008296394496711,80,0,5,2022-04-01,2022
2022-04,-0.26663187616924644,-0.2912559874709213,-0.7291833427718636,-0.4644840082948839,0.8747225390720592,0.8500070298210347,-0.4618085017227378,0.0008296394496711,81,0,5,2022-04-01,2022
2022-04,-0.25932004180580115,-0.27196157066056653,-0.7291833427718636,-0.4644840082948839,0.8747225390720592,0.8500070298210347,-0.4618085017227378,0.0008296394496711,81,1,5,2022-04-01,2022
2022-04,-0.2625452190791242,-0.2844251251187287,-0.7291833427718636,-0.4644840082948839,0.8747225390720592,0.8500070298210347,-0.4618085017227378,0.0008296394496711,81,1,5,2022-04-01,2022
2022-04,-0.2672569862403933,-0.2866090292533934,-0.7291833427718636,-0.4644840082948839,0.8747225390720592,0.8500070298210347,-0.4618085017227378,0.0008296394496711,87,0,5,2022-04-01,2022
2022-04,-0.2630199120394013,-0.2837813325862556,-0.7291833427718636,-0.4644840082948839,0.8747225390720592,0.8500070298210347,-0.4618085017227378,0.0008296394496711,87,1,5,2022-04-01,2022
2022-04,-0.26727261399217195,-0.2866174938708267,-0.7291833427718636,-0.4644840082948839,0.8747225390720592,0.8500070298210347,-0.4618085017227378,0.0008296394496711,87,0,5,2022-04-01,2022
2022-04,-0.2639360889874258,-0.2845442682576441,-0.7291833427718636,-0.4644840082948839,0.8747225390720592,0.8500070298210347,-0.4618085017227378,0.0008296394496711,87,1,5,2022-04-01,2022
2022-04,5.949239975851774,7.517342006962301,-0.7291833427718636,-0.4644840082948839,0.8747225390720592,0.8500070298210347,-0.4618085017227378,0.0008296394496711,88,1,5,2022-04-01,2022
2022-04,2.4905372077000383,2.2052262925676565,-0.7291833427718636,-0.4644840082948839,0.8747225390720592,0.8500070298210347,-0.4618085017227378,0.0008296394496711,88,0,5,2022-04-01,2022
2022-04,2.4597290485373624,2.159058674673684,-0.7291833427718636,-0.4644840082948839,0.8747225390720592,0.8500070298210347,-0.4618085017227378,0.0008296394496711,88,0,5,2022-04-01,2022
2022-04,5.630603791367495,5.924341110792269,-0.7291833427718636,-0.4644840082948839,0.8747225390720592,0.8500070298210347,-0.4618085017227378,0.0008296394496711,88,1,5,2022-04-01,2022
2022-04,-0.26224438485738477,-0.23036136182295902,-0.7291833427718636,-0.4644840082948839,0.8747225390720592,0.8500070298210347,-0.4618085017227378,0.0008296394496711,89,1,5,2022-04-01,2022
2022-04,0.8566538057710946,1.093622233066516,-0.7291833427718636,-0.4644840082948839,0.8747225390720592,0.8500070298210347,-0.4618085017227378,0.0008296394496711,89,0,5,2022-04-01,2022
2022-04,0.7899408868969238,0.8586278194156439,-0.7291833427718636,-0.4644840082948839,0.8747225390720592,0.8500070298210347,-0.4618085017227378,0.0008296394496711,89,0,5,2022-04-01,2022
2022-04,-0.2629574010322866,-0.2547752449307186,-0.7291833427718636,-0.4644840082948839,0.8747225390720592,0.8500070298210347,-0.4618085017227378,0.0008296394496711,89,1,5,2022-04-01,2022
2022-04,-0.2692729662198417,-0.2920276832916448,-0.7291833427718636,-0.4644840082948839,0.8747225390720592,0.8500070298210347,-0.4618085017227378,0.0008296394496711,90,1,5,2022-04-01,2022
2022-04,-0.2413735223569707,-0.09380047015879416,-0.7291833427718636,-0.4644840082948839,0.8747225390720592,0.8500070298210347,-0.4618085017227378,0.0008296394496711,90,0,5,2022-04-01,2022
2022-04,-0.24271750900993636,-0.25512402365438985,-0.7291833427718636,-0.4644840082948839,0.8747225390720592,0.8500070298210347,-0.4618085017227378,0.0008296394496711,90,0,5,2022-04-01,2022
2022-04,-0.2692827335647034,-0.29203194843723945,-0.7291833427718636,-0.4644840082948839,0.8747225390720592,0.8500070298210347,-0.4618085017227378,0.0008296394496711,90,1,5,2022-04-01,2022
2022-04,-0.269140130329723,-0.29190072862431354,-0.7291833427718636,-0.4644840082948839,0.8747225390720592,0.8500070298210347,-0.4618085017227378,0.0008296394496711,91,1,5,2022-04-01,2022
2022-04,0.30589081024233705,3.5618512510110714,-0.7291833427718636,-0.4644840082948839,0.8747225390720592,0.8500070298210347,-0.4618085017227378,0.0008296394496711,91,0,5,2022-04-01,2022
2022-04,0.27093543645139645,0.9530803150701346,-0.7291833427718636,-0.4644840082948839,0.8747225390720592,0.8500070298210347,-0.4618085017227378,0.0008296394496711,91,0,5,2022-04-01,2022
2022-04,-0.2691557580815017,-0.28907345883658947,-0.7291833427718636,-0.4644840082948839,0.8747225390720592,0.8500070298210347,-0.4618085017227378,0.0008296394496711,94,1,5,2022-04-01,2022
2022-04,-0.269157711550474,-0.2891062957145634,-0.7291833427718636,-0.4644840082948839,0.8747225390720592,0.8500070298210347,-0.4618085017227378,0.0008296394496711,94,1,5,2022-04-01,2022
2022-04,-0.2693432911028457,-0.2808346715587603,-0.7291833427718636,-0.4644840082948839,0.8747225390720592,0.8500070298210347,-0.4618085017227378,0.0008296394496711,95,1,5,2022-04-01,2022
2022-04,-0.26941947639276675,-0.289687679936176,-0.7291833427718636,-0.4644840082948839,0.8747225390720592,0.8500070298210347,-0.4618085017227378,0.0008296394496711,95,1,5,2022-04-01,2022
2022-04,-0.26913622339177834,-0.2919905447826563,-0.7291833427718636,-0.4644840082948839,0.8747225390720592,0.8500070298210347,-0.4618085017227378,0.0008296394496711,98,0,5,2022-04-01,2022
2022-04,-0.2653894699028422,-0.2694776578631059,-0.7291833427718636,-0.4644840082948839,0.8747225390720592,0.8500070298210347,-0.4618085017227378,0.0008296394496711,98,1,5,2022-04-01,2022
2022-04,-0.2658993253046213,-0.27296209938680643,-0.7291833427718636,-0.4644840082948839,0.8747225390720592,0.8500070298210347,-0.4618085017227378,0.0008296394496711,98,1,5,2022-04-01,2022
2022-04,2.03926438693224,0.8238873073576322,-0.7291833427718636,-0.4644840082948839,0.8747225390720592,0.8500070298210347,-0.4618085017227378,0.0008296394496711,101,1,5,2022-04-01,2022
2022-04,0.2581812375310292,-0.013464555642383691,-0.7291833427718636,-0.4644840082948839,0.8747225390720592,0.8500070298210347,-0.4618085017227378,0.0008296394496711,101,0,5,2022-04-01,2022
2022-04,1.998372420934377,0.7097039271107571,-0.7291833427718636,-0.4644840082948839,0.8747225390720592,0.8500070298210347,-0.4618085017227378,0.0008296394496711,101,1,5,2022-04-01,2022
2022-04,0.2551123377754928,-0.014546154971799266,-0.7291833427718636,-0.4644840082948839,0.8747225390720592,0.8500070298210347,-0.4618085017227378,0.0008296394496711,101,0,5,2022-04-01,2022
2022-05,-0.26936673273051376,-0.2921675392034778,-0.7291833427718636,-0.4644840082948839,0.7203837628602963,0.623867317904237,-0.56409228290552,0.0007731252359454,0,0,5,2022-05-01,2022
2022-05,-0.2679465607876271,-0.29181852697311883,-0.7291833427718636,-0.4644840082948839,0.7203837628602963,0.623867317904237,-0.56409228290552,0.0007731252359454,0,1,5,2022-05-01,2022
2022-05,-0.26798953710501844,-0.29182162823381635,-0.7291833427718636,-0.4644840082948839,0.7203837628602963,0.623867317904237,-0.56409228290552,0.0007731252359454,0,1,5,2022-05-01,2022
2022-05,-0.26889790017715365,-0.29050664991555597,-0.7291833427718636,-0.4644840082948839,0.7203837628602963,0.623867317904237,-0.56409228290552,0.0007731252359454,2,1,5,2022-05-01,2022
2022-05,-0.26945268536529643,-0.29206833534657656,-0.7291833427718636,-0.4644840082948839,0.7203837628602963,0.623867317904237,-0.56409228290552,0.0007731252359454,3,0,5,2022-05-01,2022
2022-05,-0.26943119720660075,-0.291979511591657,-0.7291833427718636,-0.4644840082948839,0.7203837628602963,0.623867317904237,-0.56409228290552,0.0007731252359454,3,1,5,2022-05-01,2022
2022-05,-0.2676672147245834,-0.2850099936979485,-0.7291833427718636,-0.4644840082948839,0.7203837628602963,0.623867317904237,-0.56409228290552,0.0007731252359454,5,0,5,2022-05-01,2022
2022-05,-0.2202741039867936,-0.0883869094851707,-0.7291833427718636,-0.4644840082948839,0.7203837628602963,0.623867317904237,-0.56409228290552,0.0007731252359454,5,1,5,2022-05-01,2022
2022-05,-0.23186598886862222,-0.18281019856097455,-0.7291833427718636,-0.4644840082948839,0.7203837628602963,0.623867317904237,-0.56409228290552,0.0007731252359454,5,1,5,2022-05-01,2022
2022-05,-0.2676691681935557,-0.2850542176754954,-0.7291833427718636,-0.4644840082948839,0.7203837628602963,0.623867317904237,-0.56409228290552,0.0007731252359454,5,0,5,2022-05-01,2022
2022-05,-0.2669639658945432,-0.16604577198496182,-0.7291833427718636,-0.4644840082948839,0.7203837628602963,0.623867317904237,-0.56409228290552,0.0007731252359454,6,1,5,2022-05-01,2022
2022-05,-0.269058084632885,-0.2855719129480065,-0.7291833427718636,-0.4644840082948839,0.7203837628602963,0.623867317904237,-0.56409228290552,0.0007731252359454,6,0,5,2022-05-01,2022
2022-05,-0.26909324707438703,-0.28695572465958424,-0.7291833427718636,-0.4644840082948839,0.7203837628602963,0.623867317904237,-0.56409228290552,0.0007731252359454,6,0,5,2022-05-01,2022
2022-05,-0.2689369695566003,-0.232997265582935,-0.7291833427718636,-0.4644840082948839,0.7203837628602963,0.623867317904237,-0.56409228290552,0.0007731252359454,6,1,5,2022-05-01,2022
2022-05,-0.269058084632885,-0.2730958403422523,-0.7291833427718636,-0.4644840082948839,0.7203837628602963,0.623867317904237,-0.56409228290552,0.0007731252359454,8,1,5,2022-05-01,2022
2022-05,-0.2694214298617391,-0.2921070828625858,-0.7291833427718636,-0.4644840082948839,0.7203837628602963,0.623867317904237,-0.56409228290552,0.0007731252359454,8,0,5,2022-05-01,2022
2022-05,-0.2691557580815017,-0.27662925989372195,-0.7291833427718636,-0.4644840082948839,0.7203837628602963,0.623867317904237,-0.56409228290552,0.0007731252359454,8,1,5,2022-05-01,2022
2022-05,-0.26927491968881406,-0.2905955794781934,-0.7291833427718636,-0.4644840082948839,0.7203837628602963,0.623867317904237,-0.56409228290552,0.0007731252359454,9,0,5,2022-05-01,2022
2022-05,-0.2574896413787244,0.11563554194816252,-0.7291833427718636,-0.4644840082948839,0.7203837628602963,0.623867317904237,-0.56409228290552,0.0007731252359454,9,1,5,2022-05-01,2022
2022-05,-0.25978496742121654,0.06869382749283234,-0.7291833427718636,-0.4644840082948839,0.7203837628602963,0.623867317904237,-0.56409228290552,0.0007731252359454,9,1,5,2022-05-01,2022
2022-05,-0.26927687315778637,-0.29063695394444056,-0.7291833427718636,-0.4644840082948839,0.7203837628602963,0.623867317904237,-0.56409228290552,0.0007731252359454,9,0,5,2022-05-01,2022
2022-05,-0.2690287825983,-0.29168199123450317,-0.7291833427718636,-0.4644840082948839,0.7203837628602963,0.623867317904237,-0.56409228290552,0.0007731252359454,17,1,5,2022-05-01,2022
2022-05,-0.26947222005501975,-0.29216966630346214,-0.7291833427718636,-0.4644840082948839,0.7203837628602963,0.623867317904237,-0.56409228290552,0.0007731252359454,17,0,5,2022-05-01,2022
2022-05,-0.26910301441924867,-0.2917823845160955,-0.7291833427718636,-0.4644840082948839,0.7203837628602963,0.623867317904237,-0.56409228290552,0.0007731252359454,17,1,5,2022-05-01,2022
2022-05,-0.2694761269929644,-0.29211434346116005,-0.7291833427718636,-0.4644840082948839,0.7203837628602963,0.623867317904237,-0.56409228290552,0.0007731252359454,28,1,5,2022-05-01,2022
2022-05,-0.2642466905540269,-0.27758645123812026,-0.7291833427718636,-0.4644840082948839,0.7203837628602963,0.623867317904237,-0.56409228290552,0.0007731252359454,30,0,5,2022-05-01,2022
2022-05,-0.25308652231508405,-0.24414345922491268,-0.7291833427718636,-0.4644840082948839,0.7203837628602963,0.623867317904237,-0.56409228290552,0.0007731252359454,30,1,5,2022-05-01,2022
2022-05,-0.2642916203403906,-0.2778730551576188,-0.7291833427718636,-0.4644840082948839,0.7203837628602963,0.623867317904237,-0.56409228290552,0.0007731252359454,30,0,5,2022-05-01,2022
2022-05,-0.25407693108405727,-0.2547547656644889,-0.7291833427718636,-0.4644840082948839,0.7203837628602963,0.623867317904237,-0.56409228290552,0.0007731252359454,30,1,5,2022-05-01,2022
2022-05,-0.2693921278271541,-0.19461329029827887,-0.7291833427718636,-0.4644840082948839,0.7203837628602963,0.623867317904237,-0.56409228290552,0.0007731252359454,36,1,5,2022-05-01,2022
2022-05,-0.2692612454060077,-0.2905340212776183,-0.7291833427718636,-0.4644840082948839,0.7203837628602963,0.623867317904237,-0.56409228290552,0.0007731252359454,36,0,5,2022-05-01,2022
2022-05,-0.26926319887498007,-0.29053694011121595,-0.7291833427718636,-0.4644840082948839,0.7203837628602963,0.623867317904237,-0.56409228290552,0.0007731252359454,36,0,5,2022-05-01,2022
2022-05,-0.2694663596481028,-0.29048961487297154,-0.7291833427718636,-0.4644840082948839,0.7203837628602963,0.623867317904237,-0.56409228290552,0.0007731252359454,36,1,5,2022-05-01,2022
2022-05,-0.2547684591002634,-0.2543846794555546,-0.7291833427718636,-0.4644840082948839,0.7203837628602963,0.623867317904237,-0.56409228290552,0.0007731252359454,37,0,5,2022-05-01,2022
2022-05,-0.2690658985087743,-0.26828454449609085,-0.7291833427718636,-0.4644840082948839,0.7203837628602963,0.623867317904237,-0.56409228290552,0.0007731252359454,37,1,5,2022-05-01,2022
2022-05,-0.26936868619948606,-0.29184211479713007,-0.7291833427718636,-0.4644840082948839,0.7203837628602963,0.623867317904237,-0.56409228290552,0.0007731252359454,37,1,5,2022-05-01,2022
2022-05,-0.2630785161085713,-0.2892673204670636,-0.7291833427718636,-0.4644840082948839,0.7203837628602963,0.623867317904237,-0.56409228290552,0.0007731252359454,41,0,5,2022-05-01,2022
2022-05,-0.2590992998119274,-0.2880407609155611,-0.7291833427718636,-0.4644840082948839,0.7203837628602963,0.623867317904237,-0.56409228290552,0.0007731252359454,41,1,5,2022-05-01,2022
2022-05,-0.26309219039137766,-0.2892722277560497,-0.7291833427718636,-0.4644840082948839,0.7203837628602963,0.623867317904237,-0.56409228290552,0.0007731252359454,41,0,5,2022-05-01,2022
2022-05,-0.2592458099848524,-0.28822138563566974,-0.7291833427718636,-0.4644840082948839,0.7203837628602963,0.623867317904237,-0.56409228290552,0.0007731252359454,41,1,5,2022-05-01,2022
2022-05,-0.23080525521664497,-0.1941094120543108,-0.7291833427718636,-0.4644840082948839,0.7203837628602963,0.623867317904237,-0.56409228290552,0.0007731252359454,44,0,5,2022-05-01,2022
2022-05,0.03195194931402676,1.1198201948341875,-0.7291833427718636,-0.4644840082948839,0.7203837628602963,0.623867317904237,-0.56409228290552,0.0007731252359454,44,1,5,2022-05-01,2022
2022-05,-0.23111976372119072,-0.19543874008824574,-0.7291833427718636,-0.4644840082948839,0.7203837628602963,0.623867317904237,-0.56409228290552,0.0007731252359454,44,0,5,2022-05-01,2022
2022-05,0.006470900038904968,0.5508997465922919,-0.7291833427718636,-0.4644840082948839,0.7203837628602963,0.623867317904237,-0.56409228290552,0.0007731252359454,44,1,5,2022-05-01,2022
2022-05,-0.2694565923032411,-0.29201175740582747,-0.7291833427718636,-0.4644840082948839,0.7203837628602963,0.623867317904237,-0.56409228290552,0.0007731252359454,46,0,5,2022-05-01,2022
2022-05,-0.26758126208980065,-0.2659665856313685,-0.7291833427718636,-0.4644840082948839,0.7203837628602963,0.623867317904237,-0.56409228290552,0.0007731252359454,46,1,5,2022-05-01,2022
2022-05,-0.26792897956687606,-0.2717401880778082,-0.7291833427718636,-0.4644840082948839,0.7203837628602963,0.623867317904237,-0.56409228290552,0.0007731252359454,46,1,5,2022-05-01,2022
2022-05,-0.26588369755284263,-0.2901861145554844,-0.7291833427718636,-0.4644840082948839,0.7203837628602963,0.623867317904237,-0.56409228290552,0.0007731252359454,49,1,5,2022-05-01,2022
2022-05,-0.26923389684039506,-0.2920560434085883,-0.7291833427718636,-0.4644840082948839,0.7203837628602963,0.623867317904237,-0.56409228290552,0.0007731252359454,49,0,5,2022-05-01,2022
2022-05,-0.2659286273392063,-0.2903924906850086,-0.7291833427718636,-0.4644840082948839,0.7203837628602963,0.623867317904237,-0.56409228290552,0.0007731252359454,49,1,5,2022-05-01,2022
2022-05,-0.26641504111331743,-0.26608437516120304,-0.7291833427718636,-0.4644840082948839,0.7203837628602963,0.623867317904237,-0.56409228290552,0.0007731252359454,50,1,5,2022-05-01,2022
2022-05,-0.2691264560469167,-0.2883174480979115,-0.7291833427718636,-0.4644840082948839,0.7203837628602963,0.623867317904237,-0.56409228290552,0.0007731252359454,50,0,5,2022-05-01,2022
2022-05,-0.26913036298486137,-0.2883828080792476,-0.7291833427718636,-0.4644840082948839,0.7203837628602963,0.623867317904237,-0.56409228290552,0.0007731252359454,50,0,5,2022-05-01,2022
2022-05,-0.26726284664731026,-0.2675100721349075,-0.7291833427718636,-0.4644840082948839,0.7203837628602963,0.623867317904237,-0.56409228290552,0.0007731252359454,50,1,5,2022-05-01,2022
2022-05,-0.12629857213473256,-0.14999757609423267,-0.7291833427718636,-0.4644840082948839,0.7203837628602963,0.623867317904237,-0.56409228290552,0.0007731252359454,60,0,5,2022-05-01,2022
2022-05,-0.13328417717979815,-0.18699630943884818,-0.7291833427718636,-0.4644840082948839,0.7203837628602963,0.623867317904237,-0.56409228290552,0.0007731252359454,60,0,5,2022-05-01,2022
2022-05,-0.2686302749279439,-0.28497135928674117,-0.7291833427718636,-0.4644840082948839,0.7203837628602963,0.623867317904237,-0.56409228290552,0.0007731252359454,67,1,5,2022-05-01,2022
2022-05,-0.269022922191383,-0.29123951795234637,-0.7291833427718636,-0.4644840082948839,0.7203837628602963,0.623867317904237,-0.56409228290552,0.0007731252359454,67,0,5,2022-05-01,2022
2022-05,-0.26905222422596803,-0.2913341939686292,-0.7291833427718636,-0.4644840082948839,0.7203837628602963,0.623867317904237,-0.56409228290552,0.0007731252359454,67,0,5,2022-05-01,2022
2022-05,-0.2690385499431617,-0.2897249680353864,-0.7291833427718636,-0.4644840082948839,0.7203837628602963,0.623867317904237,-0.56409228290552,0.0007731252359454,67,1,5,2022-05-01,2022
2022-05,-0.2694741735239921,-0.2921508288811311,-0.7291833427718636,-0.4644840082948839,0.7203837628602963,0.623867317904237,-0.56409228290552,0.0007731252359454,69,1,5,2022-05-01,2022
2022-05,-0.26939017435818174,-0.2915996399930865,-0.7291833427718636,-0.4644840082948839,0.7203837628602963,0.623867317904237,-0.56409228290552,0.0007731252359454,78,1,5,2022-05-01,2022
2022-05,-0.26947026658604745,-0.29213109026892675,-0.7291833427718636,-0.4644840082948839,0.7203837628602963,0.623867317904237,-0.56409228290552,0.0007731252359454,78,0,5,2022-05-01,2022
2022-05,-0.26939994170304343,-0.29170243766385495,-0.7291833427718636,-0.4644840082948839,0.7203837628602963,0.623867317904237,-0.56409228290552,0.0007731252359454,78,1,5,2022-05-01,2022
2022-05,-0.2475269496198221,-0.24336177734474307,-0.7291833427718636,-0.4644840082948839,0.7203837628602963,0.623867317904237,-0.56409228290552,0.0007731252359454,79,0,5,2022-05-01,2022
2022-05,-0.25106272845974625,-0.22680372324971257,-0.7291833427718636,-0.4644840082948839,0.7203837628602963,0.623867317904237,-0.56409228290552,0.0007731252359454,79,1,5,2022-05-01,2022
2022-05,-0.24763243694432813,-0.24388824371221524,-0.7291833427718636,-0.4644840082948839,0.7203837628602963,0.623867317904237,-0.56409228290552,0.0007731252359454,79,0,5,2022-05-01,2022
2022-05,-0.25147881735085337,-0.22993902119554221,-0.7291833427718636,-0.4644840082948839,0.7203837628602963,0.623867317904237,-0.56409228290552,0.0007731252359454,79,1,5,2022-05-01,2022
2022-05,0.12020577054612216,-0.23801968431175888,-0.7291833427718636,-0.4644840082948839,0.7203837628602963,0.623867317904237,-0.56409228290552,0.0007731252359454,80,1,5,2022-05-01,2022
2022-05,-0.18231038797845894,-0.28282095241615185,-0.7291833427718636,-0.4644840082948839,0.7203837628602963,0.623867317904237,-0.56409228290552,0.0007731252359454,80,0,5,2022-05-01,2022
2022-05,0.09003248879945464,-0.24773946221725868,-0.7291833427718636,-0.4644840082948839,0.7203837628602963,0.623867317904237,-0.56409228290552,0.0007731252359454,80,1,5,2022-05-01,2022
2022-05,-0.1823650851096843,-0.2828341966236013,-0.7291833427718636,-0.4644840082948839,0.7203837628602963,0.623867317904237,-0.56409228290552,0.0007731252359454,80,0,5,2022-05-01,2022
2022-05,-0.25648751179591717,-0.2637006768667769,-0.7291833427718636,-0.4644840082948839,0.7203837628602963,0.623867317904237,-0.56409228290552,0.0007731252359454,81,1,5,2022-05-01,2022
2022-05,-0.26610639301568867,-0.29102585568445394,-0.7291833427718636,-0.4644840082948839,0.7203837628602963,0.623867317904237,-0.56409228290552,0.0007731252359454,81,0,5,2022-05-01,2022
2022-05,-0.26611811382952266,-0.2910292488285112,-0.7291833427718636,-0.4644840082948839,0.7203837628602963,0.623867317904237,-0.56409228290552,0.0007731252359454,81,0,5,2022-05-01,2022
2022-05,-0.2602870089471063,-0.281531820369399,-0.7291833427718636,-0.4644840082948839,0.7203837628602963,0.623867317904237,-0.56409228290552,0.0007731252359454,81,1,5,2022-05-01,2022
2022-05,-0.2669346638599582,-0.2848567695282381,-0.7291833427718636,-0.4644840082948839,0.7203837628602963,0.623867317904237,-0.56409228290552,0.0007731252359454,87,0,5,2022-05-01,2022
2022-05,-0.2622521987332741,-0.28330753292251165,-0.7291833427718636,-0.4644840082948839,0.7203837628602963,0.623867317904237,-0.56409228290552,0.0007731252359454,87,1,5,2022-05-01,2022
2022-05,-0.2669522450807092,-0.284962723187834,-0.7291833427718636,-0.4644840082948839,0.7203837628602963,0.623867317904237,-0.56409228290552,0.0007731252359454,87,0,5,2022-05-01,2022
2022-05,-0.2633969315510617,-0.2846533414206475,-0.7291833427718636,-0.4644840082948839,0.7203837628602963,0.623867317904237,-0.56409228290552,0.0007731252359454,87,1,5,2022-05-01,2022
2022-05,5.590688559855799,6.666514053426171,-0.7291833427718636,-0.4644840082948839,0.7203837628602963,0.623867317904237,-0.56409228290552,0.0007731252359454,88,1,5,2022-05-01,2022
2022-05,2.439905245406119,2.0635842990251865,-0.7291833427718636,-0.4644840082948839,0.7203837628602963,0.623867317904237,-0.56409228290552,0.0007731252359454,88,0,5,2022-05-01,2022
2022-05,2.3983901228060818,2.003532661708571,-0.7291833427718636,-0.4644840082948839,0.7203837628602963,0.623867317904237,-0.56409228290552,0.0007731252359454,88,0,5,2022-05-01,2022
2022-05,5.290774422002366,5.186661730724711,-0.7291833427718636,-0.4644840082948839,0.7203837628602963,0.623867317904237,-0.56409228290552,0.0007731252359454,88,1,5,2022-05-01,2022
2022-05,0.9189792333334038,1.1764627293708005,-0.7291833427718636,-0.4644840082948839,0.7203837628602963,0.623867317904237,-0.56409228290552,0.0007731252359454,89,0,5,2022-05-01,2022
2022-05,-0.26187908615955835,-0.23824788237096778,-0.7291833427718636,-0.4644840082948839,0.7203837628602963,0.623867317904237,-0.56409228290552,0.0007731252359454,89,1,5,2022-05-01,2022
2022-05,-0.2627698680109426,-0.2562206403826655,-0.7291833427718636,-0.4644840082948839,0.7203837628602963,0.623867317904237,-0.56409228290552,0.0007731252359454,89,1,5,2022-05-01,2022
2022-05,0.8514028811734614,0.9485914189890053,-0.7291833427718636,-0.4644840082948839,0.7203837628602963,0.623867317904237,-0.56409228290552,0.0007731252359454,89,0,5,2022-05-01,2022
2022-05,-0.26922608296450573,-0.2919812920801516,-0.7291833427718636,-0.4644840082948839,0.7203837628602963,0.623867317904237,-0.56409228290552,0.0007731252359454,90,1,5,2022-05-01,2022
2022-05,-0.24599542994551243,-0.12935781779911765,-0.7291833427718636,-0.4644840082948839,0.7203837628602963,0.623867317904237,-0.56409228290552,0.0007731252359454,90,0,5,2022-05-01,2022
2022-05,-0.2692299899024504,-0.2919824596135907,-0.7291833427718636,-0.4644840082948839,0.7203837628602963,0.623867317904237,-0.56409228290552,0.0007731252359454,90,1,5,2022-05-01,2022
2022-05,-0.2475269496198221,-0.2640194609266899,-0.7291833427718636,-0.4644840082948839,0.7203837628602963,0.623867317904237,-0.56409228290552,0.0007731252359454,90,0,5,2022-05-01,2022
2022-05,-0.26927687315778637,-0.2920631288771467,-0.7291833427718636,-0.4644840082948839,0.7203837628602963,0.623867317904237,-0.56409228290552,0.0007731252359454,91,1,5,2022-05-01,2022
2022-05,0.3566536549574026,3.652968322542649,-0.7291833427718636,-0.4644840082948839,0.7203837628602963,0.623867317904237,-0.56409228290552,0.0007731252359454,91,0,5,2022-05-01,2022
2022-05,0.31842426716883054,0.9048120783096653,-0.7291833427718636,-0.4644840082948839,0.7203837628602963,0.623867317904237,-0.56409228290552,0.0007731252359454,91,0,5,2022-05-01,2022
2022-05,-0.2694253367996838,-0.29148734151895767,-0.7291833427718636,-0.4644840082948839,0.7203837628602963,0.623867317904237,-0.56409228290552,0.0007731252359454,94,1,5,2022-05-01,2022
2022-05,-0.2693940812961264,-0.2847411545294338,-0.7291833427718636,-0.4644840082948839,0.7203837628602963,0.623867317904237,-0.56409228290552,0.0007731252359454,95,1,5,2022-05-01,2022
2022-05,-0.26944096455146244,-0.28984735837667924,-0.7291833427718636,-0.4644840082948839,0.7203837628602963,0.623867317904237,-0.56409228290552,0.0007731252359454,95,1,5,2022-05-01,2022
2022-05,-0.2692944543785374,-0.292071564306244,-0.7291833427718636,-0.4644840082948839,0.7203837628602963,0.623867317904237,-0.56409228290552,0.0007731252359454,98,0,5,2022-05-01,2022
2022-05,-0.2652175646332768,-0.268134348616238,-0.7291833427718636,-0.4644840082948839,0.7203837628602963,0.623867317904237,-0.56409228290552,0.0007731252359454,98,1,5,2022-05-01,2022
2022-05,-0.26571765269019426,-0.27106495605894615,-0.7291833427718636,-0.4644840082948839,0.7203837628602963,0.623867317904237,-0.56409228290552,0.0007731252359454,98,1,5,2022-05-01,2022
2022-05,1.9262425325999246,0.6900316745882663,-0.7291833427718636,-0.4644840082948839,0.7203837628602963,0.623867317904237,-0.56409228290552,0.0007731252359454,101,1,5,2022-05-01,2022
2022-05,0.22728907920254285,-0.033341053545872475,-0.7291833427718636,-0.4644840082948839,0.7203837628602963,0.623867317904237,-0.56409228290552,0.0007731252359454,101,0,5,2022-05-01,2022
2022-05,1.8903787957368487,0.5973935952203936,-0.7291833427718636,-0.4644840082948839,0.7203837628602963,0.623867317904237,-0.56409228290552,0.0007731252359454,101,1,5,2022-05-01,2022
2022-05,0.2242846439230935,-0.03527088781002684,-0.7291833427718636,-0.4644840082948839,0.7203837628602963,0.623867317904237,-0.56409228290552,0.0007731252359454,101,0,5,2022-05-01,2022
2022-06,-0.26693857079790284,-0.2871944232226608,-0.7291833427718636,-0.4644840082948839,0.8826306994755545,0.8033409015658076,-0.5575768923927258,0.0007462607122658,0,1,5,2022-06-01,2022
2022-06,-0.2693628257925691,-0.29216710137843815,-0.7291833427718636,-0.4644840082948839,0.8826306994755545,0.8033409015658076,-0.5575768923927258,0.0007462607122658,0,0,5,2022-06-01,2022
2022-06,-0.2669717797704325,-0.28719708665831867,-0.7291833427718636,-0.4644840082948839,0.8826306994755545,0.8033409015658076,-0.5575768923927258,0.0007462607122658,0,1,5,2022-06-01,2022
2022-06,-0.2620861538706258,-0.25332863816282875,-0.7291833427718636,-0.4644840082948839,0.8826306994755545,0.8033409015658076,-0.5575768923927258,0.0007462607122658,2,1,5,2022-06-01,2022
2022-06,-0.26945268536529643,-0.29209289003421707,-0.7291833427718636,-0.4644840082948839,0.8826306994755545,0.8033409015658076,-0.5575768923927258,0.0007462607122658,3,0,5,2022-06-01,2022
2022-06,-0.2694233833307114,-0.2919704814502142,-0.7291833427718636,-0.4644840082948839,0.8826306994755545,0.8033409015658076,-0.5575768923927258,0.0007462607122658,3,1,5,2022-06-01,2022
2022-06,-0.20746716140417334,-0.020394432127293714,-0.7291833427718636,-0.4644840082948839,0.8826306994755545,0.8033409015658076,-0.5575768923927258,0.0007462607122658,5,1,5,2022-06-01,2022
2022-06,-0.26645215702379177,-0.27941860673592817,-0.7291833427718636,-0.4644840082948839,0.8826306994755545,0.8033409015658076,-0.5575768923927258,0.0007462607122658,5,0,5,2022-06-01,2022
2022-06,-0.22252840718086675,-0.1443635048393882,-0.7291833427718636,-0.4644840082948839,0.8826306994755545,0.8033409015658076,-0.5575768923927258,0.0007462607122658,5,1,5,2022-06-01,2022
2022-06,-0.2664716917135151,-0.2795029537298172,-0.7291833427718636,-0.4644840082948839,0.8826306994755545,0.8033409015658076,-0.5575768923927258,0.0007462607122658,5,0,5,2022-06-01,2022
2022-06,-0.2671065691295236,-0.17534778088616718,-0.7291833427718636,-0.4644840082948839,0.8826306994755545,0.8033409015658076,-0.5575768923927258,0.0007462607122658,6,1,5,2022-06-01,2022
2022-06,-0.2691323164538337,-0.28689068210140184,-0.7291833427718636,-0.4644840082948839,0.8826306994755545,0.8033409015658076,-0.5575768923927258,0.0007462607122658,6,0,5,2022-06-01,2022
2022-06,-0.268987759749881,-0.23327691173284504,-0.7291833427718636,-0.4644840082948839,0.8826306994755545,0.8033409015658076,-0.5575768923927258,0.0007462607122658,6,1,5,2022-06-01,2022
2022-06,-0.26913622339177834,-0.2870434830402406,-0.7291833427718636,-0.4644840082948839,0.8826306994755545,0.8033409015658076,-0.5575768923927258,0.0007462607122658,6,0,5,2022-06-01,2022
2022-06,-0.26943119720660075,-0.29196025823553834,-0.7291833427718636,-0.4644840082948839,0.8826306994755545,0.8033409015658076,-0.5575768923927258,0.0007462607122658,7,1,5,2022-06-01,2022
2022-06,-0.26942924373762844,-0.2921297767938078,-0.7291833427718636,-0.4644840082948839,0.8826306994755545,0.8033409015658076,-0.5575768923927258,0.0007462607122658,8,0,5,2022-06-01,2022
2022-06,-0.2690776193226083,-0.27424419704458886,-0.7291833427718636,-0.4644840082948839,0.8826306994755545,0.8033409015658076,-0.5575768923927258,0.0007462607122658,8,1,5,2022-06-01,2022
2022-06,-0.269181153178142,-0.2776883148821374,-0.7291833427718636,-0.4644840082948839,0.8826306994755545,0.8033409015658076,-0.5575768923927258,0.0007462607122658,8,1,5,2022-06-01,2022
2022-06,-0.25890590638366634,0.2767356988658175,-0.7291833427718636,-0.4644840082948839,0.8826306994755545,0.8033409015658076,-0.5575768923927258,0.0007462607122658,9,1,5,2022-06-01,2022
2022-06,-0.2691850601160867,-0.28921498942919915,-0.7291833427718636,-0.4644840082948839,0.8826306994755545,0.8033409015658076,-0.5575768923927258,0.0007462607122658,9,0,5,2022-06-01,2022
2022-06,-0.26098830430817416,0.24672474436760602,-0.7291833427718636,-0.4644840082948839,0.8826306994755545,0.8033409015658076,-0.5575768923927258,0.0007462607122658,9,1,5,2022-06-01,2022
2022-06,-0.26918701358505903,-0.28926105227191257,-0.7291833427718636,-0.4644840082948839,0.8826306994755545,0.8033409015658076,-0.5575768923927258,0.0007462607122658,9,0,5,2022-06-01,2022
2022-06,-0.2689779924050193,-0.2860256565763924,-0.7291833427718636,-0.4644840082948839,0.8826306994755545,0.8033409015658076,-0.5575768923927258,0.0007462607122658,13,0,5,2022-06-01,2022
2022-06,-0.26945854577221345,-0.29190382258792713,-0.7291833427718636,-0.4644840082948839,0.8826306994755545,0.8033409015658076,-0.5575768923927258,0.0007462607122658,13,1,5,2022-06-01,2022
2022-06,-0.268987759749881,-0.29157957666064444,-0.7291833427718636,-0.4644840082948839,0.8826306994755545,0.8033409015658076,-0.5575768923927258,0.0007462607122658,17,1,5,2022-06-01,2022
2022-06,-0.2694741735239921,-0.2921708374854432,-0.7291833427718636,-0.4644840082948839,0.8826306994755545,0.8033409015658076,-0.5575768923927258,0.0007462607122658,17,0,5,2022-06-01,2022
2022-06,-0.26904245688110634,-0.2917013649925078,-0.7291833427718636,-0.4644840082948839,0.8826306994755545,0.8033409015658076,-0.5575768923927258,0.0007462607122658,17,1,5,2022-06-01,2022
2022-06,-0.2694761269929644,-0.2921646750980101,-0.7291833427718636,-0.4644840082948839,0.8826306994755545,0.8033409015658076,-0.5575768923927258,0.0007462607122658,19,1,5,2022-06-01,2022
2022-06,-0.26935891885462443,-0.2866073801124107,-0.7291833427718636,-0.4644840082948839,0.8826306994755545,0.8033409015658076,-0.5575768923927258,0.0007462607122658,28,1,5,2022-06-01,2022
2022-06,-0.2693765000753754,-0.287176552663959,-0.7291833427718636,-0.4644840082948839,0.8826306994755545,0.8033409015658076,-0.5575768923927258,0.0007462607122658,28,1,5,2022-06-01,2022
2022-06,-0.2520394629459131,-0.24906366040114572,-0.7291833427718636,-0.4644840082948839,0.8826306994755545,0.8033409015658076,-0.5575768923927258,0.0007462607122658,30,1,5,2022-06-01,2022
2022-06,-0.2633852107372277,-0.2767623842455703,-0.7291833427718636,-0.4644840082948839,0.8826306994755545,0.8033409015658076,-0.5575768923927258,0.0007462607122658,30,0,5,2022-06-01,2022
2022-06,-0.2634047454269511,-0.2767954290904381,-0.7291833427718636,-0.4644840082948839,0.8826306994755545,0.8033409015658076,-0.5575768923927258,0.0007462607122658,30,0,5,2022-06-01,2022
2022-06,-0.2531353590393924,-0.25468246615627427,-0.7291833427718636,-0.4644840082948839,0.8826306994755545,0.8033409015658076,-0.5575768923927258,0.0007462607122658,30,1,5,2022-06-01,2022
2022-06,-0.2693921278271541,-0.1947514897720452,-0.7291833427718636,-0.4644840082948839,0.8826306994755545,0.8033409015658076,-0.5575768923927258,0.0007462607122658,36,1,5,2022-06-01,2022
2022-06,-0.2692827335647034,-0.29077708714546535,-0.7291833427718636,-0.4644840082948839,0.8826306994755545,0.8033409015658076,-0.5575768923927258,0.0007462607122658,36,0,5,2022-06-01,2022
2022-06,-0.2694565923032411,-0.2904916617050319,-0.7291833427718636,-0.4644840082948839,0.8826306994755545,0.8033409015658076,-0.5575768923927258,0.0007462607122658,36,1,5,2022-06-01,2022
2022-06,-0.269040503412134,-0.26737822477275813,-0.7291833427718636,-0.4644840082948839,0.8826306994755545,0.8033409015658076,-0.5575768923927258,0.0007462607122658,37,1,5,2022-06-01,2022
2022-06,-0.2565129068925575,-0.2579494326856954,-0.7291833427718636,-0.4644840082948839,0.8826306994755545,0.8033409015658076,-0.5575768923927258,0.0007462607122658,37,0,5,2022-06-01,2022
2022-06,-0.2693843139512647,-0.2917810418526406,-0.7291833427718636,-0.4644840082948839,0.8826306994755545,0.8033409015658076,-0.5575768923927258,0.0007462607122658,37,1,5,2022-06-01,2022
2022-06,-0.24740192760559274,-0.2813079312382887,-0.7291833427718636,-0.4644840082948839,0.8826306994755545,0.8033409015658076,-0.5575768923927258,0.0007462607122658,41,1,5,2022-06-01,2022
2022-06,-0.2565480693340595,-0.2856379698008641,-0.7291833427718636,-0.4644840082948839,0.8826306994755545,0.8033409015658076,-0.5575768923927258,0.0007462607122658,41,0,5,2022-06-01,2022
2022-06,-0.25656174361686584,-0.28564212913874076,-0.7291833427718636,-0.4644840082948839,0.8826306994755545,0.8033409015658076,-0.5575768923927258,0.0007462607122658,41,0,5,2022-06-01,2022
2022-06,-0.24775355202061283,-0.2816933267294428,-0.7291833427718636,-0.4644840082948839,0.8826306994755545,0.8033409015658076,-0.5575768923927258,0.0007462607122658,41,1,5,2022-06-01,2022
2022-06,0.0441748046739192,1.1678609231098855,-0.7291833427718636,-0.4644840082948839,0.8826306994755545,0.8033409015658076,-0.5575768923927258,0.0007462607122658,44,1,5,2022-06-01,2022
2022-06,-0.22658771570537636,-0.18238180865092654,-0.7291833427718636,-0.4644840082948839,0.8826306994755545,0.8033409015658076,-0.5575768923927258,0.0007462607122658,44,0,5,2022-06-01,2022
2022-06,0.013204507586539498,0.568592205365062,-0.7291833427718636,-0.4644840082948839,0.8826306994755545,0.8033409015658076,-0.5575768923927258,0.0007462607122658,44,1,5,2022-06-01,2022
2022-06,-0.22683580626486274,-0.18378912062150762,-0.7291833427718636,-0.4644840082948839,0.8826306994755545,0.8033409015658076,-0.5575768923927258,0.0007462607122658,44,0,5,2022-06-01,2022
2022-06,-0.26764377309691534,-0.2642639789142518,-0.7291833427718636,-0.4644840082948839,0.8826306994755545,0.8033409015658076,-0.5575768923927258,0.0007462607122658,46,1,5,2022-06-01,2022
2022-06,-0.2694468249583794,-0.292047637167827,-0.7291833427718636,-0.4644840082948839,0.8826306994755545,0.8033409015658076,-0.5575768923927258,0.0007462607122658,46,0,5,2022-06-01,2022
2022-06,-0.2678957705943464,-0.2675518515893163,-0.7291833427718636,-0.4644840082948839,0.8826306994755545,0.8033409015658076,-0.5575768923927258,0.0007462607122658,46,1,5,2022-06-01,2022
2022-06,-0.26321135199869,-0.28892992884296537,-0.7291833427718636,-0.4644840082948839,0.8826306994755545,0.8033409015658076,-0.5575768923927258,0.0007462607122658,49,1,5,2022-06-01,2022
2022-06,-0.26905222422596803,-0.29190221722944837,-0.7291833427718636,-0.4644840082948839,0.8826306994755545,0.8033409015658076,-0.5575768923927258,0.0007462607122658,49,0,5,2022-06-01,2022
2022-06,-0.2632719095368324,-0.2890203324165696,-0.7291833427718636,-0.4644840082948839,0.8826306994755545,0.8033409015658076,-0.5575768923927258,0.0007462607122658,49,1,5,2022-06-01,2022
2022-06,-0.26913036298486137,-0.288510882848972,-0.7291833427718636,-0.4644840082948839,0.8826306994755545,0.8033409015658076,-0.5575768923927258,0.0007462607122658,50,0,5,2022-06-01,2022
2022-06,-0.2657684428834749,-0.27410425721628995,-0.7291833427718636,-0.4644840082948839,0.8826306994755545,0.8033409015658076,-0.5575768923927258,0.0007462607122658,50,1,5,2022-06-01,2022
2022-06,-0.26647559865145976,-0.27513795483782555,-0.7291833427718636,-0.4644840082948839,0.8826306994755545,0.8033409015658076,-0.5575768923927258,0.0007462607122658,50,1,5,2022-06-01,2022
2022-06,-0.26913426992280604,-0.2885953721359989,-0.7291833427718636,-0.4644840082948839,0.8826306994755545,0.8033409015658076,-0.5575768923927258,0.0007462607122658,50,0,5,2022-06-01,2022
2022-06,-0.13914263062782714,-0.16294616407694787,-0.7291833427718636,-0.4644840082948839,0.8826306994755545,0.8033409015658076,-0.5575768923927258,0.0007462607122658,60,0,5,2022-06-01,2022
2022-06,-0.1455246137604416,-0.19542749528181066,-0.7291833427718636,-0.4644840082948839,0.8826306994755545,0.8033409015658076,-0.5575768923927258,0.0007462607122658,60,0,5,2022-06-01,2022
2022-06,-0.268935016087628,-0.2907975226291911,-0.7291833427718636,-0.4644840082948839,0.8826306994755545,0.8033409015658076,-0.5575768923927258,0.0007462607122658,67,0,5,2022-06-01,2022
2022-06,-0.26839781212023617,-0.2832094345738355,-0.7291833427718636,-0.4644840082948839,0.8826306994755545,0.8033409015658076,-0.5575768923927258,0.0007462607122658,67,1,5,2022-06-01,2022
2022-06,-0.26879631979059226,-0.2885694930276134,-0.7291833427718636,-0.4644840082948839,0.8826306994755545,0.8033409015658076,-0.5575768923927258,0.0007462607122658,67,1,5,2022-06-01,2022
2022-06,-0.2689428299635173,-0.2908355951649309,-0.7291833427718636,-0.4644840082948839,0.8826306994755545,0.8033409015658076,-0.5575768923927258,0.0007462607122658,67,0,5,2022-06-01,2022
2022-06,-0.26947222005501975,-0.2921516206147444,-0.7291833427718636,-0.4644840082948839,0.8826306994755545,0.8033409015658076,-0.5575768923927258,0.0007462607122658,78,0,5,2022-06-01,2022
2022-06,-0.2693979882340711,-0.2915046903361539,-0.7291833427718636,-0.4644840082948839,0.8826306994755545,0.8033409015658076,-0.5575768923927258,0.0007462607122658,78,1,5,2022-06-01,2022
2022-06,-0.2694233833307114,-0.2917749414904214,-0.7291833427718636,-0.4644840082948839,0.8826306994755545,0.8033409015658076,-0.5575768923927258,0.0007462607122658,78,1,5,2022-06-01,2022
2022-06,-0.24594073281428708,-0.23804929587860738,-0.7291833427718636,-0.4644840082948839,0.8826306994755545,0.8033409015658076,-0.5575768923927258,0.0007462607122658,79,0,5,2022-06-01,2022
2022-06,-0.24550510923345664,-0.2174841028362872,-0.7291833427718636,-0.4644840082948839,0.8826306994755545,0.8033409015658076,-0.5575768923927258,0.0007462607122658,79,1,5,2022-06-01,2022
2022-06,-0.2459934764765401,-0.23815561439240301,-0.7291833427718636,-0.4644840082948839,0.8826306994755545,0.8033409015658076,-0.5575768923927258,0.0007462607122658,79,0,5,2022-06-01,2022
2022-06,-0.24588603568306175,-0.2197304079847284,-0.7291833427718636,-0.4644840082948839,0.8826306994755545,0.8033409015658076,-0.5575768923927258,0.0007462607122658,79,1,5,2022-06-01,2022
2022-06,0.14454208700345636,-0.23942212547877384,-0.7291833427718636,-0.4644840082948839,0.8826306994755545,0.8033409015658076,-0.5575768923927258,0.0007462607122658,80,1,5,2022-06-01,2022
2022-06,-0.1636723405134224,-0.2797524264374112,-0.7291833427718636,-0.4644840082948839,0.8826306994755545,0.8033409015658076,-0.5575768923927258,0.0007462607122658,80,0,5,2022-06-01,2022
2022-06,-0.1637543862102604,-0.2798334787978769,-0.7291833427718636,-0.4644840082948839,0.8826306994755545,0.8033409015658076,-0.5575768923927258,0.0007462607122658,80,0,5,2022-06-01,2022
2022-06,0.11376518334433769,-0.24787330168333846,-0.7291833427718636,-0.4644840082948839,0.8826306994755545,0.8033409015658076,-0.5575768923927258,0.0007462607122658,80,1,5,2022-06-01,2022
2022-06,-0.2675558669931603,-0.2914947991387997,-0.7291833427718636,-0.4644840082948839,0.8826306994755545,0.8033409015658076,-0.5575768923927258,0.0007462607122658,81,0,5,2022-06-01,2022
2022-06,-0.25900553330125536,-0.2708024252195445,-0.7291833427718636,-0.4644840082948839,0.8826306994755545,0.8033409015658076,-0.5575768923927258,0.0007462607122658,81,1,5,2022-06-01,2022
2022-06,-0.26247880113406485,-0.28304751592854605,-0.7291833427718636,-0.4644840082948839,0.8826306994755545,0.8033409015658076,-0.5575768923927258,0.0007462607122658,81,1,5,2022-06-01,2022
2022-06,-0.267565634338022,-0.29149793688491726,-0.7291833427718636,-0.4644840082948839,0.8826306994755545,0.8033409015658076,-0.5575768923927258,0.0007462607122658,81,0,5,2022-06-01,2022
2022-06,-0.263363722578532,-0.28141847111517493,-0.7291833427718636,-0.4644840082948839,0.8826306994755545,0.8033409015658076,-0.5575768923927258,0.0007462607122658,87,1,5,2022-06-01,2022
2022-06,-0.26742889150995863,-0.28506748742273885,-0.7291833427718636,-0.4644840082948839,0.8826306994755545,0.8033409015658076,-0.5575768923927258,0.0007462607122658,87,0,5,2022-06-01,2022
2022-06,-0.2642037142366356,-0.28233886326499047,-0.7291833427718636,-0.4644840082948839,0.8826306994755545,0.8033409015658076,-0.5575768923927258,0.0007462607122658,87,1,5,2022-06-01,2022
2022-06,-0.26743670538584796,-0.28507489396299296,-0.7291833427718636,-0.4644840082948839,0.8826306994755545,0.8033409015658076,-0.5575768923927258,0.0007462607122658,87,0,5,2022-06-01,2022
2022-06,2.6002791876278053,2.1647811099671563,-0.7291833427718636,-0.4644840082948839,0.8826306994755545,0.8033409015658076,-0.5575768923927258,0.0007462607122658,88,0,5,2022-06-01,2022
2022-06,5.8216667311445445,7.110806651861517,-0.7291833427718636,-0.4644840082948839,0.8826306994755545,0.8033409015658076,-0.5575768923927258,0.0007462607122658,88,1,5,2022-06-01,2022
2022-06,5.51924824606858,5.6486416726769475,-0.7291833427718636,-0.4644840082948839,0.8826306994755545,0.8033409015658076,-0.5575768923927258,0.0007462607122658,88,1,5,2022-06-01,2022
2022-06,2.56490967841473,2.112280356523152,-0.7291833427718636,-0.4644840082948839,0.8826306994755545,0.8033409015658076,-0.5575768923927258,0.0007462607122658,88,0,5,2022-06-01,2022
2022-06,-0.26234010483702913,-0.2299886705550388,-0.7291833427718636,-0.4644840082948839,0.8826306994755545,0.8033409015658076,-0.5575768923927258,0.0007462607122658,89,1,5,2022-06-01,2022
2022-06,0.8307293190392531,1.075843887615134,-0.7291833427718636,-0.4644840082948839,0.8826306994755545,0.8033409015658076,-0.5575768923927258,0.0007462607122658,89,0,5,2022-06-01,2022
2022-06,-0.2628343324870296,-0.25611186275156383,-0.7291833427718636,-0.4644840082948839,0.8826306994755545,0.8033409015658076,-0.5575768923927258,0.0007462607122658,89,1,5,2022-06-01,2022
2022-06,0.7648563918231858,0.8488990113687014,-0.7291833427718636,-0.4644840082948839,0.8826306994755545,0.8033409015658076,-0.5575768923927258,0.0007462607122658,89,0,5,2022-06-01,2022
2022-06,-0.26922608296450573,-0.29198929333275125,-0.7291833427718636,-0.4644840082948839,0.8826306994755545,0.8033409015658076,-0.5575768923927258,0.0007462607122658,90,1,5,2022-06-01,2022
2022-06,-0.24173491411685247,-0.13636101538400147,-0.7291833427718636,-0.4644840082948839,0.8826306994755545,0.8033409015658076,-0.5575768923927258,0.0007462607122658,90,0,5,2022-06-01,2022
2022-06,-0.24311015627337543,-0.26077527954204066,-0.7291833427718636,-0.4644840082948839,0.8826306994755545,0.8033409015658076,-0.5575768923927258,0.0007462607122658,90,0,5,2022-06-01,2022
2022-06,-0.2692378037783397,-0.2920224987134669,-0.7291833427718636,-0.4644840082948839,0.8826306994755545,0.8033409015658076,-0.5575768923927258,0.0007462607122658,90,1,5,2022-06-01,2022
2022-06,0.3205555018176467,3.6084467589648384,-0.7291833427718636,-0.4644840082948839,0.8826306994755545,0.8033409015658076,-0.5575768923927258,0.0007462607122658,91,0,5,2022-06-01,2022
2022-06,-0.2691381768607507,-0.2919853857442724,-0.7291833427718636,-0.4644840082948839,0.8826306994755545,0.8033409015658076,-0.5575768923927258,0.0007462607122658,91,1,5,2022-06-01,2022
2022-06,0.28435967522927413,0.9504873254611286,-0.7291833427718636,-0.4644840082948839,0.8826306994755545,0.8033409015658076,-0.5575768923927258,0.0007462607122658,91,0,5,2022-06-01,2022
2022-06,-0.2694351041445454,-0.2916611945451197,-0.7291833427718636,-0.4644840082948839,0.8826306994755545,0.8033409015658076,-0.5575768923927258,0.0007462607122658,94,1,5,2022-06-01,2022
2022-06,-0.2693296168200394,-0.2818521951936227,-0.7291833427718636,-0.4644840082948839,0.8826306994755545,0.8033409015658076,-0.5575768923927258,0.0007462607122658,95,1,5,2022-06-01,2022
2022-06,-0.2694038486409881,-0.28772696441255813,-0.7291833427718636,-0.4644840082948839,0.8826306994755545,0.8033409015658076,-0.5575768923927258,0.0007462607122658,95,1,5,2022-06-01,2022
2022-06,-0.26422520239533126,-0.26770729772110297,-0.7291833427718636,-0.4644840082948839,0.8826306994755545,0.8033409015658076,-0.5575768923927258,0.0007462607122658,98,1,5,2022-06-01,2022
2022-06,-0.2691713858332804,-0.292024957830773,-0.7291833427718636,-0.4644840082948839,0.8826306994755545,0.8033409015658076,-0.5575768923927258,0.0007462607122658,98,0,5,2022-06-01,2022
2022-06,-0.26479952227319736,-0.2714129795344239,-0.7291833427718636,-0.4644840082948839,0.8826306994755545,0.8033409015658076,-0.5575768923927258,0.0007462607122658,98,1,5,2022-06-01,2022
2022-06,2.125894875448326,1.0774518438557616,-0.7291833427718636,-0.4644840082948839,0.8826306994755545,0.8033409015658076,-0.5575768923927258,0.0007462607122658,101,1,5,2022-06-01,2022
2022-06,0.2795502346193884,-0.01446361035765678,-0.7291833427718636,-0.4644840082948839,0.8826306994755545,0.8033409015658076,-0.5575768923927258,0.0007462607122658,101,0,5,2022-06-01,2022
2022-06,0.27699705067254815,-0.01577937311244651,-0.7291833427718636,-0.4644840082948839,0.8826306994755545,0.8033409015658076,-0.5575768923927258,0.0007462607122658,101,0,5,2022-06-01,2022
2022-06,2.0888727314846562,0.6699988694970795,-0.7291833427718636,-0.4644840082948839,0.8826306994755545,0.8033409015658076,-0.5575768923927258,0.0007462607122658,101,1,5,2022-06-01,2022
2022-07,-0.2692651523439524,-0.29215868054350885,-0.5917553697274748,-0.8609634518394118,1.2814486912691572,1.15932916316633,-0.40450446468249907,0.0007948814393909,0,0,5,2022-07-01,2022
2022-07,-0.26777660898703404,-0.2917535245488984,-0.5917553697274748,-0.8609634518394118,1.2814486912691572,1.15932916316633,-0.40450446468249907,0.0007948814393909,0,1,5,2022-07-01,2022
2022-07,-0.2678508408079827,-0.291759070332734,-0.5917553697274748,-0.8609634518394118,1.2814486912691572,1.15932916316633,-0.40450446468249907,0.0007948814393909,0,1,5,2022-07-01,2022
2022-07,-0.2694761269929644,-0.2921661564060609,-0.5917553697274748,-0.8609634518394118,1.2814486912691572,1.15932916316633,-0.40450446468249907,0.0007948814393909,1,1,5,2022-07-01,2022
2022-07,-0.2688549238597623,-0.29006017783137034,-0.5917553697274748,-0.8609634518394118,1.2814486912691572,1.15932916316633,-0.40450446468249907,0.0007948814393909,2,1,5,2022-07-01,2022
2022-07,-0.2693628257925691,-0.29186658921684666,-0.5917553697274748,-0.8609634518394118,1.2814486912691572,1.15932916316633,-0.40450446468249907,0.0007948814393909,3,1,5,2022-07-01,2022
2022-07,-0.26943119720660075,-0.2920561127308863,-0.5917553697274748,-0.8609634518394118,1.2814486912691572,1.15932916316633,-0.40450446468249907,0.0007948814393909,3,0,5,2022-07-01,2022
2022-07,-0.15316267744226666,0.24874572650793206,-0.5917553697274748,-0.8609634518394118,1.2814486912691572,1.15932916316633,-0.40450446468249907,0.0007948814393909,5,1,5,2022-07-01,2022
2022-07,-0.26469794188663603,-0.2720124751185101,-0.5917553697274748,-0.8609634518394118,1.2814486912691572,1.15932916316633,-0.40450446468249907,0.0007948814393909,5,0,5,2022-07-01,2022
2022-07,-0.17655546838596364,0.028576802056635695,-0.5917553697274748,-0.8609634518394118,1.2814486912691572,1.15932916316633,-0.40450446468249907,0.0007948814393909,5,1,5,2022-07-01,2022
2022-07,-0.264715523107387,-0.2721237665950478,-0.5917553697274748,-0.8609634518394118,1.2814486912691572,1.15932916316633,-0.40450446468249907,0.0007948814393909,5,0,5,2022-07-01,2022
2022-07,-0.2668897340735945,-0.1656336910576409,-0.5917553697274748,-0.8609634518394118,1.2814486912691572,1.15932916316633,-0.40450446468249907,0.0007948814393909,6,1,5,2022-07-01,2022
2022-07,-0.269040503412134,-0.2860697710976794,-0.5917553697274748,-0.8609634518394118,1.2814486912691572,1.15932916316633,-0.40450446468249907,0.0007948814393909,6,0,5,2022-07-01,2022
2022-07,-0.2689369695566003,-0.2327139927822798,-0.5917553697274748,-0.8609634518394118,1.2814486912691572,1.15932916316633,-0.40450446468249907,0.0007948814393909,6,1,5,2022-07-01,2022
2022-07,-0.26909520054335934,-0.28754054580775806,-0.5917553697274748,-0.8609634518394118,1.2814486912691572,1.15932916316633,-0.40450446468249907,0.0007948814393909,6,0,5,2022-07-01,2022
2022-07,-0.2694272902686561,-0.29191853350925945,-0.5917553697274748,-0.8609634518394118,1.2814486912691572,1.15932916316633,-0.40450446468249907,0.0007948814393909,7,1,5,2022-07-01,2022
2022-07,-0.2694214298617391,-0.2921151680316514,-0.5917553697274748,-0.8609634518394118,1.2814486912691572,1.15932916316633,-0.40450446468249907,0.0007948814393909,8,0,5,2022-07-01,2022
2022-07,-0.26907175891569135,-0.2866970795174095,-0.5917553697274748,-0.8609634518394118,1.2814486912691572,1.15932916316633,-0.40450446468249907,0.0007948814393909,8,1,5,2022-07-01,2022
2022-07,-0.26918701358505903,-0.2899564205940567,-0.5917553697274748,-0.8609634518394118,1.2814486912691572,1.15932916316633,-0.40450446468249907,0.0007948814393909,8,1,5,2022-07-01,2022
2022-07,-0.26910106095027636,-0.28866949591521207,-0.5917553697274748,-0.8609634518394118,1.2814486912691572,1.15932916316633,-0.40450446468249907,0.0007948814393909,9,0,5,2022-07-01,2022
2022-07,-0.25524510552951285,0.27940475327837916,-0.5917553697274748,-0.8609634518394118,1.2814486912691572,1.15932916316633,-0.40450446468249907,0.0007948814393909,9,1,5,2022-07-01,2022
2022-07,-0.25762638420678774,0.21893591977856297,-0.5917553697274748,-0.8609634518394118,1.2814486912691572,1.15932916316633,-0.40450446468249907,0.0007948814393909,9,1,5,2022-07-01,2022
2022-07,-0.2694761269929644,-0.28958754205252346,-0.5917553697274748,-0.8609634518394118,1.2814486912691572,1.15932916316633,-0.40450446468249907,0.0007948814393909,13,1,5,2022-07-01,2022
2022-07,-0.26946049924118576,-0.29214684102472827,-0.5917553697274748,-0.8609634518394118,1.2814486912691572,1.15932916316633,-0.40450446468249907,0.0007948814393909,17,0,5,2022-07-01,2022
2022-07,-0.269017061784466,-0.2916563675240575,-0.5917553697274748,-0.8609634518394118,1.2814486912691572,1.15932916316633,-0.40450446468249907,0.0007948814393909,17,1,5,2022-07-01,2022
2022-07,-0.26909324707438703,-0.29181856710708076,-0.5917553697274748,-0.8609634518394118,1.2814486912691572,1.15932916316633,-0.40450446468249907,0.0007948814393909,17,1,5,2022-07-01,2022
2022-07,-0.2694761269929644,-0.29188448531534245,-0.5917553697274748,-0.8609634518394118,1.2814486912691572,1.15932916316633,-0.40450446468249907,0.0007948814393909,28,0,5,2022-07-01,2022
2022-07,-0.2693003147854544,-0.2857315913885098,-0.5917553697274748,-0.8609634518394118,1.2814486912691572,1.15932916316633,-0.40450446468249907,0.0007948814393909,28,1,5,2022-07-01,2022
2022-07,-0.2693237564131224,-0.2887337722795751,-0.5917553697274748,-0.8609634518394118,1.2814486912691572,1.15932916316633,-0.40450446468249907,0.0007948814393909,28,1,5,2022-07-01,2022
2022-07,-0.25592100579394034,-0.25845134801406905,-0.5917553697274748,-0.8609634518394118,1.2814486912691572,1.15932916316633,-0.40450446468249907,0.0007948814393909,30,1,5,2022-07-01,2022
2022-07,-0.260367101174972,-0.27028193516386356,-0.5917553697274748,-0.8609634518394118,1.2814486912691572,1.15932916316633,-0.40450446468249907,0.0007948814393909,30,0,5,2022-07-01,2022
2022-07,-0.26043547258900374,-0.27067309899991515,-0.5917553697274748,-0.8609634518394118,1.2814486912691572,1.15932916316633,-0.40450446468249907,0.0007948814393909,30,0,5,2022-07-01,2022
2022-07,-0.2570462039220046,-0.26312035072234347,-0.5917553697274748,-0.8609634518394118,1.2814486912691572,1.15932916316633,-0.40450446468249907,0.0007948814393909,30,1,5,2022-07-01,2022
2022-07,-0.2691596650194464,-0.19794359916531173,-0.5917553697274748,-0.8609634518394118,1.2814486912691572,1.15932916316633,-0.40450446468249907,0.0007948814393909,36,1,5,2022-07-01,2022
2022-07,-0.26928078009573103,-0.2906701264882782,-0.5917553697274748,-0.8609634518394118,1.2814486912691572,1.15932916316633,-0.40450446468249907,0.0007948814393909,36,0,5,2022-07-01,2022
2022-07,-0.2694351041445454,-0.29183282196066346,-0.5917553697274748,-0.8609634518394118,1.2814486912691572,1.15932916316633,-0.40450446468249907,0.0007948814393909,36,1,5,2022-07-01,2022
2022-07,-0.26731559030956326,-0.2552921338754484,-0.5917553697274748,-0.8609634518394118,1.2814486912691572,1.15932916316633,-0.40450446468249907,0.0007948814393909,37,1,5,2022-07-01,2022
2022-07,-0.2159041938956829,-0.03316180797463874,-0.5917553697274748,-0.8609634518394118,1.2814486912691572,1.15932916316633,-0.40450446468249907,0.0007948814393909,37,0,5,2022-07-01,2022
2022-07,-0.26916357195739105,-0.29019677924374193,-0.5917553697274748,-0.8609634518394118,1.2814486912691572,1.15932916316633,-0.40450446468249907,0.0007948814393909,37,1,5,2022-07-01,2022
2022-07,-0.25837065588524694,-0.28643825924521893,-0.5917553697274748,-0.8609634518394118,1.2814486912691572,1.15932916316633,-0.40450446468249907,0.0007948814393909,41,0,5,2022-07-01,2022
2022-07,-0.24800554951804388,-0.2824148514491642,-0.5917553697274748,-0.8609634518394118,1.2814486912691572,1.15932916316633,-0.40450446468249907,0.0007948814393909,41,1,5,2022-07-01,2022
2022-07,-0.2583960509818872,-0.2864510108994988,-0.5917553697274748,-0.8609634518394118,1.2814486912691572,1.15932916316633,-0.40450446468249907,0.0007948814393909,41,0,5,2022-07-01,2022
2022-07,-0.2483532669951193,-0.28280443911507297,-0.5917553697274748,-0.8609634518394118,1.2814486912691572,1.15932916316633,-0.40450446468249907,0.0007948814393909,41,1,5,2022-07-01,2022
2022-07,0.052189887867404694,1.268220255018924,-0.5917553697274748,-0.8609634518394118,1.2814486912691572,1.15932916316633,-0.40450446468249907,0.0007948814393909,44,1,5,2022-07-01,2022
2022-07,-0.21753729395655397,-0.15903220524372222,-0.5917553697274748,-0.8609634518394118,1.2814486912691572,1.15932916316633,-0.40450446468249907,0.0007948814393909,44,0,5,2022-07-01,2022
2022-07,0.020328808928640786,0.5666703869476754,-0.5917553697274748,-0.8609634518394118,1.2814486912691572,1.15932916316633,-0.40450446468249907,0.0007948814393909,44,1,5,2022-07-01,2022
2022-07,-0.21778733798501268,-0.1600523412346546,-0.5917553697274748,-0.8609634518394118,1.2814486912691572,1.15932916316633,-0.40450446468249907,0.0007948814393909,44,0,5,2022-07-01,2022
2022-07,-0.2671964287022509,-0.2613086453024293,-0.5917553697274748,-0.8609634518394118,1.2814486912691572,1.15932916316633,-0.40450446468249907,0.0007948814393909,46,1,5,2022-07-01,2022
2022-07,-0.26945854577221345,-0.2920291135201077,-0.5917553697274748,-0.8609634518394118,1.2814486912691572,1.15932916316633,-0.40450446468249907,0.0007948814393909,46,0,5,2022-07-01,2022
2022-07,-0.26753047189652,-0.26521907964408575,-0.5917553697274748,-0.8609634518394118,1.2814486912691572,1.15932916316633,-0.40450446468249907,0.0007948814393909,46,1,5,2022-07-01,2022
2022-07,-0.2686888789971139,-0.2916362421664015,-0.5917553697274748,-0.8609634518394118,1.2814486912691572,1.15932916316633,-0.40450446468249907,0.0007948814393909,49,0,5,2022-07-01,2022
2022-07,-0.254438322843939,-0.2848310436586165,-0.5917553697274748,-0.8609634518394118,1.2814486912691572,1.15932916316633,-0.40450446468249907,0.0007948814393909,49,1,5,2022-07-01,2022
2022-07,-0.25456920526508536,-0.28511400633320194,-0.5917553697274748,-0.8609634518394118,1.2814486912691572,1.15932916316633,-0.40450446468249907,0.0007948814393909,49,1,5,2022-07-01,2022
2022-07,-0.2658758836769533,-0.26753478735839586,-0.5917553697274748,-0.8609634518394118,1.2814486912691572,1.15932916316633,-0.40450446468249907,0.0007948814393909,50,1,5,2022-07-01,2022
2022-07,-0.2690287825983,-0.2838653986424109,-0.5917553697274748,-0.8609634518394118,1.2814486912691572,1.15932916316633,-0.40450446468249907,0.0007948814393909,50,0,5,2022-07-01,2022
2022-07,-0.26680573490778414,-0.27229101576019504,-0.5917553697274748,-0.8609634518394118,1.2814486912691572,1.15932916316633,-0.40450446468249907,0.0007948814393909,50,1,5,2022-07-01,2022
2022-07,-0.269040503412134,-0.2843575979034463,-0.5917553697274748,-0.8609634518394118,1.2814486912691572,1.15932916316633,-0.40450446468249907,0.0007948814393909,50,0,5,2022-07-01,2022
2022-07,-0.12744135148354782,-0.149120211200189,-0.5917553697274748,-0.8609634518394118,1.2814486912691572,1.15932916316633,-0.40450446468249907,0.0007948814393909,60,0,5,2022-07-01,2022
2022-07,-0.1343683524594434,-0.1863863498363143,-0.5917553697274748,-0.8609634518394118,1.2814486912691572,1.15932916316633,-0.40450446468249907,0.0007948814393909,60,0,5,2022-07-01,2022
2022-07,-0.26872404143861595,-0.29008160206997735,-0.5917553697274748,-0.8609634518394118,1.2814486912691572,1.15932916316633,-0.40450446468249907,0.0007948814393909,67,0,5,2022-07-01,2022
2022-07,-0.26808916402260746,-0.2806967895081477,-0.5917553697274748,-0.8609634518394118,1.2814486912691572,1.15932916316633,-0.40450446468249907,0.0007948814393909,67,1,5,2022-07-01,2022
2022-07,-0.2685560431069952,-0.28735090554037457,-0.5917553697274748,-0.8609634518394118,1.2814486912691572,1.15932916316633,-0.40450446468249907,0.0007948814393909,67,1,5,2022-07-01,2022
2022-07,-0.2687338087834776,-0.2901234508466841,-0.5917553697274748,-0.8609634518394118,1.2814486912691572,1.15932916316633,-0.40450446468249907,0.0007948814393909,67,0,5,2022-07-01,2022
2022-07,-0.2692729662198417,-0.29054811924389506,-0.5917553697274748,-0.8609634518394118,1.2814486912691572,1.15932916316633,-0.40450446468249907,0.0007948814393909,78,1,5,2022-07-01,2022
2022-07,-0.2694644061791304,-0.29212714984356986,-0.5917553697274748,-0.8609634518394118,1.2814486912691572,1.15932916316633,-0.40450446468249907,0.0007948814393909,78,0,5,2022-07-01,2022
2022-07,-0.2693139890682607,-0.29087189086071813,-0.5917553697274748,-0.8609634518394118,1.2814486912691572,1.15932916316633,-0.40450446468249907,0.0007948814393909,78,1,5,2022-07-01,2022
2022-07,-0.24385638142080696,-0.23782270317787724,-0.5917553697274748,-0.8609634518394118,1.2814486912691572,1.15932916316633,-0.40450446468249907,0.0007948814393909,79,0,5,2022-07-01,2022
2022-07,-0.23562641664036474,-0.20001649276117256,-0.5917553697274748,-0.8609634518394118,1.2814486912691572,1.15932916316633,-0.40450446468249907,0.0007948814393909,79,1,5,2022-07-01,2022
2022-07,-0.24391303202100462,-0.2379846656056707,-0.5917553697274748,-0.8609634518394118,1.2814486912691572,1.15932916316633,-0.40450446468249907,0.0007948814393909,79,0,5,2022-07-01,2022
2022-07,-0.2361206442903652,-0.20342617565935242,-0.5917553697274748,-0.8609634518394118,1.2814486912691572,1.15932916316633,-0.40450446468249907,0.0007948814393909,79,1,5,2022-07-01,2022
2022-07,0.27094715726523044,-0.21672896774768852,-0.5917553697274748,-0.8609634518394118,1.2814486912691572,1.15932916316633,-0.40450446468249907,0.0007948814393909,80,1,5,2022-07-01,2022
2022-07,-0.12662675492208464,-0.27515840126717733,-0.5917553697274748,-0.8609634518394118,1.2814486912691572,1.15932916316633,-0.40450446468249907,0.0007948814393909,80,0,5,2022-07-01,2022
2022-07,-0.12676545121912033,-0.27524461631456887,-0.5917553697274748,-0.8609634518394118,1.2814486912691572,1.15932916316633,-0.40450446468249907,0.0007948814393909,80,0,5,2022-07-01,2022
2022-07,0.23358706316934694,-0.22875719641746617,-0.5917553697274748,-0.8609634518394118,1.2814486912691572,1.15932916316633,-0.40450446468249907,0.0007948814393909,80,1,5,2022-07-01,2022
2022-07,-0.2671358711641086,-0.29135740964135676,-0.5917553697274748,-0.8609634518394118,1.2814486912691572,1.15932916316633,-0.40450446468249907,0.0007948814393909,81,0,5,2022-07-01,2022
2022-07,-0.25877893090046467,-0.27166644374696275,-0.5917553697274748,-0.8609634518394118,1.2814486912691572,1.15932916316633,-0.40450446468249907,0.0007948814393909,81,1,5,2022-07-01,2022
2022-07,-0.2622600126091635,-0.28274949572113856,-0.5917553697274748,-0.8609634518394118,1.2814486912691572,1.15932916316633,-0.40450446468249907,0.0007948814393909,81,1,5,2022-07-01,2022
2022-07,-0.26747772823426696,-0.28642999894613747,-0.5917553697274748,-0.8609634518394118,1.2814486912691572,1.15932916316633,-0.40450446468249907,0.0007948814393909,87,0,5,2022-07-01,2022
2022-07,-0.26315274792952,-0.2838956669468189,-0.5917553697274748,-0.8609634518394118,1.2814486912691572,1.15932916316633,-0.40450446468249907,0.0007948814393909,87,1,5,2022-07-01,2022
2022-07,-0.26397320489790016,-0.2847203213546304,-0.5917553697274748,-0.8609634518394118,1.2814486912691572,1.15932916316633,-0.40450446468249907,0.0007948814393909,87,1,5,2022-07-01,2022
2022-07,-0.26748749557912865,-0.28644075484794496,-0.5917553697274748,-0.8609634518394118,1.2814486912691572,1.15932916316633,-0.40450446468249907,0.0007948814393909,87,0,5,2022-07-01,2022
2022-07,6.383787195278451,7.808293003714537,-0.5917553697274748,-0.8609634518394118,1.2814486912691572,1.15932916316633,-0.40450446468249907,0.0007948814393909,88,1,5,2022-07-01,2022
2022-07,2.8558554402161778,2.3409465309673525,-0.5917553697274748,-0.8609634518394118,1.2814486912691572,1.15932916316633,-0.40450446468249907,0.0007948814393909,88,0,5,2022-07-01,2022
2022-07,2.8205269538515214,2.2922229634627285,-0.5917553697274748,-0.8609634518394118,1.2814486912691572,1.15932916316633,-0.40450446468249907,0.0007948814393909,88,0,5,2022-07-01,2022
2022-07,6.049269308049098,6.111874370712226,-0.5917553697274748,-0.8609634518394118,1.2814486912691572,1.15932916316633,-0.40450446468249907,0.0007948814393909,88,1,5,2022-07-01,2022
2022-07,0.8528601690268224,1.1154176451479616,-0.5917553697274748,-0.8609634518394118,1.2814486912691572,1.15932916316633,-0.40450446468249907,0.0007948814393909,89,0,5,2022-07-01,2022
2022-07,-0.2611797442674629,-0.24257030277785324,-0.5917553697274748,-0.8609634518394118,1.2814486912691572,1.15932916316633,-0.40450446468249907,0.0007948814393909,89,1,5,2022-07-01,2022
2022-07,0.7860632509868412,0.8817306026052861,-0.5917553697274748,-0.8609634518394118,1.2814486912691572,1.15932916316633,-0.40450446468249907,0.0007948814393909,89,0,5,2022-07-01,2022
2022-07,-0.2617911800558034,-0.2569126812345082,-0.5917553697274748,-0.8609634518394118,1.2814486912691572,1.15932916316633,-0.40450446468249907,0.0007948814393909,89,1,5,2022-07-01,2022
2022-07,-0.24562231737179668,-0.12645557412189504,-0.5917553697274748,-0.8609634518394118,1.2814486912691572,1.15932916316633,-0.40450446468249907,0.0007948814393909,90,0,5,2022-07-01,2022
2022-07,-0.26924561765422905,-0.2920051425991867,-0.5917553697274748,-0.8609634518394118,1.2814486912691572,1.15932916316633,-0.40450446468249907,0.0007948814393909,90,1,5,2022-07-01,2022
2022-07,-0.24717532520480204,-0.2652385555612663,-0.5917553697274748,-0.8609634518394118,1.2814486912691572,1.15932916316633,-0.40450446468249907,0.0007948814393909,90,0,5,2022-07-01,2022
2022-07,-0.2692514780611461,-0.2920080541357004,-0.5917553697274748,-0.8609634518394118,1.2814486912691572,1.15932916316633,-0.40450446468249907,0.0007948814393909,90,1,5,2022-07-01,2022
2022-07,0.33248533683168907,4.533214736544997,-0.5917553697274748,-0.8609634518394118,1.2814486912691572,1.15932916316633,-0.40450446468249907,0.0007948814393909,91,0,5,2022-07-01,2022
2022-07,-0.26928664050264806,-0.2919195696951866,-0.5917553697274748,-0.8609634518394118,1.2814486912691572,1.15932916316633,-0.40450446468249907,0.0007948814393909,91,1,5,2022-07-01,2022
2022-07,0.29566244670319736,1.2847120041602413,-0.5917553697274748,-0.8609634518394118,1.2814486912691572,1.15932916316633,-0.40450446468249907,0.0007948814393909,91,0,5,2022-07-01,2022
2022-07,-0.2694253367996838,-0.29148533482085925,-0.5917553697274748,-0.8609634518394118,1.2814486912691572,1.15932916316633,-0.40450446468249907,0.0007948814393909,94,1,5,2022-07-01,2022
2022-07,-0.2694272902686561,-0.29149628044685055,-0.5917553697274748,-0.8609634518394118,1.2814486912691572,1.15932916316633,-0.40450446468249907,0.0007948814393909,94,1,5,2022-07-01,2022
2022-07,-0.2693237564131224,-0.27768560766397554,-0.5917553697274748,-0.8609634518394118,1.2814486912691572,1.15932916316633,-0.40450446468249907,0.0007948814393909,95,1,5,2022-07-01,2022
2022-07,-0.2693921278271541,-0.28822704087576523,-0.5917553697274748,-0.8609634518394118,1.2814486912691572,1.15932916316633,-0.40450446468249907,0.0007948814393909,95,1,5,2022-07-01,2022
2022-07,-0.26922803643347804,-0.29206782819923893,-0.5917553697274748,-0.8609634518394118,1.2814486912691572,1.15932916316633,-0.40450446468249907,0.0007948814393909,98,0,5,2022-07-01,2022
2022-07,-0.2638657641044218,-0.26681585675203445,-0.5917553697274748,-0.8609634518394118,1.2814486912691572,1.15932916316633,-0.40450446468249907,0.0007948814393909,98,1,5,2022-07-01,2022
2022-07,-0.26454557130679396,-0.2706311553611164,-0.5917553697274748,-0.8609634518394118,1.2814486912691572,1.15932916316633,-0.40450446468249907,0.0007948814393909,98,1,5,2022-07-01,2022
2022-07,2.4334802859561133,1.018672008011413,-0.5917553697274748,-0.8609634518394118,1.2814486912691572,1.15932916316633,-0.40450446468249907,0.0007948814393909,101,1,5,2022-07-01,2022
2022-07,0.3684643283641326,0.06511500183620872,-0.5917553697274748,-0.8609634518394118,1.2814486912691572,1.15932916316633,-0.40450446468249907,0.0007948814393909,101,0,5,2022-07-01,2022
2022-07,2.3897382087276156,0.8992061117738245,-0.5917553697274748,-0.8609634518394118,1.2814486912691572,1.15932916316633,-0.40450446468249907,0.0007948814393909,101,1,5,2022-07-01,2022
2022-07,0.3651571053939715,0.06323563055641632,-0.5917553697274748,-0.8609634518394118,1.2814486912691572,1.15932916316633,-0.40450446468249907,0.0007948814393909,101,0,5,2022-07-01,2022
2022-08,-0.26532305195778283,-0.2859242927826288,-0.5917553697274748,-0.8609634518394118,1.2150485344061894,1.1887352637230717,-0.4413203460138305,0.000778527560042,0,1,5,2022-08-01,2022
2022-08,-0.2690678519777467,-0.292133279394125,-0.5917553697274748,-0.8609634518394118,1.2150485344061894,1.1887352637230717,-0.4413203460138305,0.000778527560042,0,0,5,2022-08-01,2022
2022-08,-0.26905417769494033,-0.29213262265656553,-0.5917553697274748,-0.8609634518394118,1.2150485344061894,1.1887352637230717,-0.4413203460138305,0.000778527560042,0,0,5,2022-08-01,2022
2022-08,-0.2654304927512612,-0.28593246551670237,-0.5917553697274748,-0.8609634518394118,1.2150485344061894,1.1887352637230717,-0.4413203460138305,0.000778527560042,0,1,5,2022-08-01,2022
2022-08,-0.2613536030060006,-0.25061906304284726,-0.5917553697274748,-0.8609634518394118,1.2150485344061894,1.1887352637230717,-0.4413203460138305,0.000778527560042,2,1,5,2022-08-01,2022
2022-08,-0.2613770446336686,-0.25069327438706834,-0.5917553697274748,-0.8609634518394118,1.2150485344061894,1.1887352637230717,-0.4413203460138305,0.000778527560042,2,1,5,2022-08-01,2022
2022-08,-0.2694175229237944,-0.29193479141239853,-0.5917553697274748,-0.8609634518394118,1.2150485344061894,1.1887352637230717,-0.4413203460138305,0.000778527560042,3,0,5,2022-08-01,2022
2022-08,-0.2693335237579841,-0.29130226922615454,-0.5917553697274748,-0.8609634518394118,1.2150485344061894,1.1887352637230717,-0.4413203460138305,0.000778527560042,3,1,5,2022-08-01,2022
2022-08,-0.2694155694548221,-0.2919319455496408,-0.5917553697274748,-0.8609634518394118,1.2150485344061894,1.1887352637230717,-0.4413203460138305,0.000778527560042,3,0,5,2022-08-01,2022
2022-08,-0.2693296168200394,-0.2912932938128417,-0.5917553697274748,-0.8609634518394118,1.2150485344061894,1.1887352637230717,-0.4413203460138305,0.000778527560042,3,1,5,2022-08-01,2022
2022-08,-0.12607978360983116,0.28682594242861925,-0.5917553697274748,-0.8609634518394118,1.2150485344061894,1.1887352637230717,-0.4413203460138305,0.000778527560042,5,1,5,2022-08-01,2022
2022-08,-0.2636391617036311,-0.26656475679470976,-0.5917553697274748,-0.8609634518394118,1.2150485344061894,1.1887352637230717,-0.4413203460138305,0.000778527560042,5,0,5,2022-08-01,2022
2022-08,-0.2635786041654888,-0.2665435770084166,-0.5917553697274748,-0.8609634518394118,1.2150485344061894,1.1887352637230717,-0.4413203460138305,0.000778527560042,5,0,5,2022-08-01,2022
2022-08,-0.14471392413692308,0.0779380143004676,-0.5917553697274748,-0.8609634518394118,1.2150485344061894,1.1887352637230717,-0.4413203460138305,0.000778527560042,5,1,5,2022-08-01,2022
2022-08,-0.2672706605231996,-0.18683821446557167,-0.5917553697274748,-0.8609634518394118,1.2150485344061894,1.1887352637230717,-0.4413203460138305,0.000778527560042,6,1,5,2022-08-01,2022
2022-08,-0.26905222422596803,-0.2874161816052448,-0.5917553697274748,-0.8609634518394118,1.2150485344061894,1.1887352637230717,-0.4413203460138305,0.000778527560042,6,0,5,2022-08-01,2022
2022-08,-0.26897408546707463,-0.23399240906118718,-0.5917553697274748,-0.8609634518394118,1.2150485344061894,1.1887352637230717,-0.4413203460138305,0.000778527560042,6,1,5,2022-08-01,2022
2022-08,-0.2690854331984977,-0.2880069863622939,-0.5917553697274748,-0.8609634518394118,1.2150485344061894,1.1887352637230717,-0.4413203460138305,0.000778527560042,6,0,5,2022-08-01,2022
2022-08,-0.26942924373762844,-0.2919311866529054,-0.5917553697274748,-0.8609634518394118,1.2150485344061894,1.1887352637230717,-0.4413203460138305,0.000778527560042,7,1,5,2022-08-01,2022
2022-08,-0.2687709246939519,-0.2596822894645101,-0.5917553697274748,-0.8609634518394118,1.2150485344061894,1.1887352637230717,-0.4413203460138305,0.000778527560042,8,1,5,2022-08-01,2022
2022-08,-0.2693725931374307,-0.2920566417694758,-0.5917553697274748,-0.8609634518394118,1.2150485344061894,1.1887352637230717,-0.4413203460138305,0.000778527560042,8,0,5,2022-08-01,2022
2022-08,-0.26936673273051376,-0.2920371220697913,-0.5917553697274748,-0.8609634518394118,1.2150485344061894,1.1887352637230717,-0.4413203460138305,0.000778527560042,8,0,5,2022-08-01,2022
2022-08,-0.26889790017715365,-0.2631786325322052,-0.5917553697274748,-0.8609634518394118,1.2150485344061894,1.1887352637230717,-0.4413203460138305,0.000778527560042,8,1,5,2022-08-01,2022
2022-08,-0.25651095342358515,0.30998655136037356,-0.5917553697274748,-0.8609634518394118,1.2150485344061894,1.1887352637230717,-0.4413203460138305,0.000778527560042,9,1,5,2022-08-01,2022
2022-08,-0.26910692135719333,-0.2885660123185482,-0.5917553697274748,-0.8609634518394118,1.2150485344061894,1.1887352637230717,-0.4413203460138305,0.000778527560042,9,0,5,2022-08-01,2022
2022-08,-0.25883167456271766,0.2546957687968097,-0.5917553697274748,-0.8609634518394118,1.2150485344061894,1.1887352637230717,-0.4413203460138305,0.000778527560042,9,1,5,2022-08-01,2022
2022-08,-0.2690971540123317,-0.28849993357443865,-0.5917553697274748,-0.8609634518394118,1.2150485344061894,1.1887352637230717,-0.4413203460138305,0.000778527560042,9,0,5,2022-08-01,2022
2022-08,-0.2694683131170751,-0.29215653155227256,-0.5917553697274748,-0.8609634518394118,1.2150485344061894,1.1887352637230717,-0.4413203460138305,0.000778527560042,17,0,5,2022-08-01,2022
2022-08,-0.2689135279289323,-0.2915693242576326,-0.5917553697274748,-0.8609634518394118,1.2150485344061894,1.1887352637230717,-0.4413203460138305,0.000778527560042,17,1,5,2022-08-01,2022
2022-08,-0.2689779924050193,-0.29169473559169906,-0.5917553697274748,-0.8609634518394118,1.2150485344061894,1.1887352637230717,-0.4413203460138305,0.000778527560042,17,1,5,2022-08-01,2022
2022-08,-0.26947222005501975,-0.292125690426771,-0.5917553697274748,-0.8609634518394118,1.2150485344061894,1.1887352637230717,-0.4413203460138305,0.000778527560042,19,1,5,2022-08-01,2022
2022-08,-0.26932766335106706,-0.2868331518911915,-0.5917553697274748,-0.8609634518394118,1.2150485344061894,1.1887352637230717,-0.4413203460138305,0.000778527560042,28,1,5,2022-08-01,2022
2022-08,-0.2693706396684584,-0.2896479108284075,-0.5917553697274748,-0.8609634518394118,1.2150485344061894,1.1887352637230717,-0.4413203460138305,0.000778527560042,28,1,5,2022-08-01,2022
2022-08,-0.25977324660738255,-0.26621062930847084,-0.5917553697274748,-0.8609634518394118,1.2150485344061894,1.1887352637230717,-0.4413203460138305,0.000778527560042,30,0,5,2022-08-01,2022
2022-08,-0.25680592723840756,-0.25970225793486024,-0.5917553697274748,-0.8609634518394118,1.2150485344061894,1.1887352637230717,-0.4413203460138305,0.000778527560042,30,1,5,2022-08-01,2022
2022-08,-0.25960915521370653,-0.26546895369129947,-0.5917553697274748,-0.8609634518394118,1.2150485344061894,1.1887352637230717,-0.4413203460138305,0.000778527560042,30,0,5,2022-08-01,2022
2022-08,-0.2576224772688431,-0.2639430750514385,-0.5917553697274748,-0.8609634518394118,1.2150485344061894,1.1887352637230717,-0.4413203460138305,0.000778527560042,30,1,5,2022-08-01,2022
2022-08,-0.26927491968881406,-0.29069013874113236,-0.5917553697274748,-0.8609634518394118,1.2150485344061894,1.1887352637230717,-0.4413203460138305,0.000778527560042,36,0,5,2022-08-01,2022
2022-08,-0.2689662715911853,-0.19060907383312886,-0.5917553697274748,-0.8609634518394118,1.2150485344061894,1.1887352637230717,-0.4413203460138305,0.000778527560042,36,1,5,2022-08-01,2022
2022-08,-0.26926319887498007,-0.29061081943811534,-0.5917553697274748,-0.8609634518394118,1.2150485344061894,1.1887352637230717,-0.4413203460138305,0.000778527560042,36,0,5,2022-08-01,2022
2022-08,-0.2693530584477074,-0.29106877713250784,-0.5917553697274748,-0.8609634518394118,1.2150485344061894,1.1887352637230717,-0.4413203460138305,0.000778527560042,36,1,5,2022-08-01,2022
2022-08,-0.2688607842666793,-0.2674087849605259,-0.5917553697274748,-0.8609634518394118,1.2150485344061894,1.1887352637230717,-0.4413203460138305,0.000778527560042,37,1,5,2022-08-01,2022
2022-08,-0.2526020620099453,-0.2402735091052561,-0.5917553697274748,-0.8609634518394118,1.2150485344061894,1.1887352637230717,-0.4413203460138305,0.000778527560042,37,0,5,2022-08-01,2022
2022-08,-0.2693432911028457,-0.2916033323175876,-0.5917553697274748,-0.8609634518394118,1.2150485344061894,1.1887352637230717,-0.4413203460138305,0.000778527560042,37,1,5,2022-08-01,2022
2022-08,-0.2518538833935414,-0.23759564711231343,-0.5917553697274748,-0.8609634518394118,1.2150485344061894,1.1887352637230717,-0.4413203460138305,0.000778527560042,37,0,5,2022-08-01,2022
2022-08,-0.2511643088463076,-0.2841554066515927,-0.5917553697274748,-0.8609634518394118,1.2150485344061894,1.1887352637230717,-0.4413203460138305,0.000778527560042,41,1,5,2022-08-01,2022
2022-08,-0.2604003101475017,-0.2873532989839247,-0.5917553697274748,-0.8609634518394118,1.2150485344061894,1.1887352637230717,-0.4413203460138305,0.000778527560042,41,0,5,2022-08-01,2022
2022-08,-0.26025184650560435,-0.2872988627373279,-0.5917553697274748,-0.8609634518394118,1.2150485344061894,1.1887352637230717,-0.4413203460138305,0.000778527560042,41,0,5,2022-08-01,2022
2022-08,-0.25099435704571454,-0.2843281833578656,-0.5917553697274748,-0.8609634518394118,1.2150485344061894,1.1887352637230717,-0.4413203460138305,0.000778527560042,41,1,5,2022-08-01,2022
2022-08,0.044204106708504214,1.1831170716126314,-0.5917553697274748,-0.8609634518394118,1.2150485344061894,1.1887352637230717,-0.4413203460138305,0.000778527560042,44,1,5,2022-08-01,2022
2022-08,-0.21759394455675163,-0.16261354109723986,-0.5917553697274748,-0.8609634518394118,1.2150485344061894,1.1887352637230717,-0.4413203460138305,0.000778527560042,44,0,5,2022-08-01,2022
2022-08,0.022165069762634534,0.6495975616641853,-0.5917553697274748,-0.8609634518394118,1.2150485344061894,1.1887352637230717,-0.4413203460138305,0.000778527560042,44,1,5,2022-08-01,2022
2022-08,-0.21661330313264007,-0.1610895451050494,-0.5917553697274748,-0.8609634518394118,1.2150485344061894,1.1887352637230717,-0.4413203460138305,0.000778527560042,44,0,5,2022-08-01,2022
2022-08,-0.2673585666269546,-0.2648396458705549,-0.5917553697274748,-0.8609634518394118,1.2150485344061894,1.1887352637230717,-0.4413203460138305,0.000778527560042,46,1,5,2022-08-01,2022
2022-08,-0.26942924373762844,-0.2917517805458238,-0.5917553697274748,-0.8609634518394118,1.2150485344061894,1.1887352637230717,-0.4413203460138305,0.000778527560042,46,0,5,2022-08-01,2022
2022-08,-0.26761056412438566,-0.26908435233290207,-0.5917553697274748,-0.8609634518394118,1.2150485344061894,1.1887352637230717,-0.4413203460138305,0.000778527560042,46,1,5,2022-08-01,2022
2022-08,-0.2694253367996838,-0.2917494491274876,-0.5917553697274748,-0.8609634518394118,1.2150485344061894,1.1887352637230717,-0.4413203460138305,0.000778527560042,46,0,5,2022-08-01,2022
2022-08,-0.2549442713077735,-0.284863201907779,-0.5917553697274748,-0.8609634518394118,1.2150485344061894,1.1887352637230717,-0.4413203460138305,0.000778527560042,49,1,5,2022-08-01,2022
2022-08,-0.26837632396154054,-0.29135784016931243,-0.5917553697274748,-0.8609634518394118,1.2150485344061894,1.1887352637230717,-0.4413203460138305,0.000778527560042,49,0,5,2022-08-01,2022
2022-08,-0.2683528823338725,-0.29134800005154626,-0.5917553697274748,-0.8609634518394118,1.2150485344061894,1.1887352637230717,-0.4413203460138305,0.000778527560042,49,0,5,2022-08-01,2022
2022-08,-0.25487980683168643,-0.2850529114974604,-0.5917553697274748,-0.8609634518394118,1.2150485344061894,1.1887352637230717,-0.4413203460138305,0.000778527560042,49,1,5,2022-08-01,2022
2022-08,-0.26494212550817775,-0.26434216716924974,-0.5917553697274748,-0.8609634518394118,1.2150485344061894,1.1887352637230717,-0.4413203460138305,0.000778527560042,50,1,5,2022-08-01,2022
2022-08,-0.269110828295138,-0.28884374663245177,-0.5917553697274748,-0.8609634518394118,1.2150485344061894,1.1887352637230717,-0.4413203460138305,0.000778527560042,50,0,5,2022-08-01,2022
2022-08,-0.2657762567593643,-0.26582804684319644,-0.5917553697274748,-0.8609634518394118,1.2150485344061894,1.1887352637230717,-0.4413203460138305,0.000778527560042,50,1,5,2022-08-01,2022
2022-08,-0.2691088748261657,-0.2887865046570592,-0.5917553697274748,-0.8609634518394118,1.2150485344061894,1.1887352637230717,-0.4413203460138305,0.000778527560042,50,0,5,2022-08-01,2022
2022-08,-0.142922593089293,-0.16511586443761786,-0.5917553697274748,-0.8609634518394118,1.2150485344061894,1.1887352637230717,-0.4413203460138305,0.000778527560042,60,0,5,2022-08-01,2022
2022-08,-0.14488582940648845,-0.19249262269350798,-0.5917553697274748,-0.8609634518394118,1.2150485344061894,1.1887352637230717,-0.4413203460138305,0.000778527560042,60,0,5,2022-08-01,2022
2022-08,-0.26878264550778597,-0.290013969046977,-0.5917553697274748,-0.8609634518394118,1.2150485344061894,1.1887352637230717,-0.4413203460138305,0.000778527560042,67,0,5,2022-08-01,2022
2022-08,-0.26796023507043343,-0.2819003304081905,-0.5917553697274748,-0.8609634518394118,1.2150485344061894,1.1887352637230717,-0.4413203460138305,0.000778527560042,67,1,5,2022-08-01,2022
2022-08,-0.2687748316318966,-0.29004465328517265,-0.5917553697274748,-0.8609634518394118,1.2150485344061894,1.1887352637230717,-0.4413203460138305,0.000778527560042,67,0,5,2022-08-01,2022
2022-08,-0.26847009047221254,-0.2873403794967129,-0.5917553697274748,-0.8609634518394118,1.2150485344061894,1.1887352637230717,-0.4413203460138305,0.000778527560042,67,1,5,2022-08-01,2022
2022-08,-0.26947222005501975,-0.29214491824309574,-0.5917553697274748,-0.8609634518394118,1.2150485344061894,1.1887352637230717,-0.4413203460138305,0.000778527560042,78,0,5,2022-08-01,2022
2022-08,-0.2692299899024504,-0.29012173603194547,-0.5917553697274748,-0.8609634518394118,1.2150485344061894,1.1887352637230717,-0.4413203460138305,0.000778527560042,78,1,5,2022-08-01,2022
2022-08,-0.26926710581292473,-0.29048655374623594,-0.5917553697274748,-0.8609634518394118,1.2150485344061894,1.1887352637230717,-0.4413203460138305,0.000778527560042,78,1,5,2022-08-01,2022
2022-08,-0.23506967798324963,-0.1989787525551042,-0.5917553697274748,-0.8609634518394118,1.2150485344061894,1.1887352637230717,-0.4413203460138305,0.000778527560042,79,1,5,2022-08-01,2022
2022-08,-0.2424264421330586,-0.23624357406756852,-0.5917553697274748,-0.8609634518394118,1.2150485344061894,1.1887352637230717,-0.4413203460138305,0.000778527560042,79,0,5,2022-08-01,2022
2022-08,-0.2346985188785062,-0.19970983645485796,-0.5917553697274748,-0.8609634518394118,1.2150485344061894,1.1887352637230717,-0.4413203460138305,0.000778527560042,79,1,5,2022-08-01,2022
2022-08,-0.242610068216458,-0.23631431929689237,-0.5917553697274748,-0.8609634518394118,1.2150485344061894,1.1887352637230717,-0.4413203460138305,0.000778527560042,79,0,5,2022-08-01,2022
2022-08,-0.1179162367744483,-0.2754331583708112,-0.5917553697274748,-0.8609634518394118,1.2150485344061894,1.1887352637230717,-0.4413203460138305,0.000778527560042,80,0,5,2022-08-01,2022
2022-08,0.26743286658400195,-0.2276541582552756,-0.5917553697274748,-0.8609634518394118,1.2150485344061894,1.1887352637230717,-0.4413203460138305,0.000778527560042,80,1,5,2022-08-01,2022
2022-08,-0.11435506283788384,-0.27507183595975404,-0.5917553697274748,-0.8609634518394118,1.2150485344061894,1.1887352637230717,-0.4413203460138305,0.000778527560042,80,0,5,2022-08-01,2022
2022-08,0.24302036483674674,-0.23646671889611143,-0.5917553697274748,-0.8609634518394118,1.2150485344061894,1.1887352637230717,-0.4413203460138305,0.000778527560042,80,1,5,2022-08-01,2022
2022-08,-0.25774749928307245,-0.2699881764535087,-0.5917553697274748,-0.8609634518394118,1.2150485344061894,1.1887352637230717,-0.4413203460138305,0.000778527560042,81,1,5,2022-08-01,2022
2022-08,-0.26433068971983725,-0.2906097175784322,-0.5917553697274748,-0.8609634518394118,1.2150485344061894,1.1887352637230717,-0.4413203460138305,0.000778527560042,81,0,5,2022-08-01,2022
2022-08,-0.26136532381983457,-0.2833920295066226,-0.5917553697274748,-0.8609634518394118,1.2150485344061894,1.1887352637230717,-0.4413203460138305,0.000778527560042,81,1,5,2022-08-01,2022
2022-08,-0.2642974807473076,-0.29060010367026984,-0.5917553697274748,-0.8609634518394118,1.2150485344061894,1.1887352637230717,-0.4413203460138305,0.000778527560042,81,0,5,2022-08-01,2022
2022-08,-0.26294177328050794,-0.28371012764064013,-0.5917553697274748,-0.8609634518394118,1.2150485344061894,1.1887352637230717,-0.4413203460138305,0.000778527560042,87,1,5,2022-08-01,2022
2022-08,-0.26711828994335757,-0.28678297714164735,-0.5917553697274748,-0.8609634518394118,1.2150485344061894,1.1887352637230717,-0.4413203460138305,0.000778527560042,87,0,5,2022-08-01,2022
2022-08,-0.2636157200759631,-0.28443635897953773,-0.5917553697274748,-0.8609634518394118,1.2150485344061894,1.1887352637230717,-0.4413203460138305,0.000778527560042,87,1,5,2022-08-01,2022
2022-08,-0.2670147560878239,-0.2867175222982193,-0.5917553697274748,-0.8609634518394118,1.2150485344061894,1.1887352637230717,-0.4413203460138305,0.000778527560042,87,0,5,2022-08-01,2022
2022-08,2.839543974297191,2.2637050324836943,-0.5917553697274748,-0.8609634518394118,1.2150485344061894,1.1887352637230717,-0.4413203460138305,0.000778527560042,88,0,5,2022-08-01,2022
2022-08,6.048347270694157,7.274427425909123,-0.5917553697274748,-0.8609634518394118,1.2150485344061894,1.1887352637230717,-0.4413203460138305,0.000778527560042,88,1,5,2022-08-01,2022
2022-08,2.891930151728266,2.2797015102916145,-0.5917553697274748,-0.8609634518394118,1.2150485344061894,1.1887352637230717,-0.4413203460138305,0.000778527560042,88,0,5,2022-08-01,2022
2022-08,5.898281784239475,5.8160240752808585,-0.5917553697274748,-0.8609634518394118,1.2150485344061894,1.1887352637230717,-0.4413203460138305,0.000778527560042,88,1,5,2022-08-01,2022
2022-08,0.8856003090031365,1.1581100851663644,-0.5917553697274748,-0.8609634518394118,1.2150485344061894,1.1887352637230717,-0.4413203460138305,0.000778527560042,89,0,5,2022-08-01,2022
2022-08,-0.2616466233518507,-0.2435935874605291,-0.5917553697274748,-0.8609634518394118,1.2150485344061894,1.1887352637230717,-0.4413203460138305,0.000778527560042,89,1,5,2022-08-01,2022
2022-08,0.8581677442246533,0.9690710172360735,-0.5917553697274748,-0.8609634518394118,1.2150485344061894,1.1887352637230717,-0.4413203460138305,0.000778527560042,89,0,5,2022-08-01,2022
2022-08,-0.2619337832907837,-0.2565129761616415,-0.5917553697274748,-0.8609634518394118,1.2150485344061894,1.1887352637230717,-0.4413203460138305,0.000778527560042,89,1,5,2022-08-01,2022
2022-08,-0.26924757112320136,-0.29206050192690874,-0.5917553697274748,-0.8609634518394118,1.2150485344061894,1.1887352637230717,-0.4413203460138305,0.000778527560042,90,1,5,2022-08-01,2022
2022-08,-0.24160012475776144,-0.13157130796083688,-0.5917553697274748,-0.8609634518394118,1.2150485344061894,1.1887352637230717,-0.4413203460138305,0.000778527560042,90,0,5,2022-08-01,2022
2022-08,-0.26923975724731203,-0.2919835687703578,-0.5917553697274748,-0.8609634518394118,1.2150485344061894,1.1887352637230717,-0.4413203460138305,0.000778527560042,90,1,5,2022-08-01,2022
2022-08,-0.24283862408622103,-0.2645541693505335,-0.5917553697274748,-0.8609634518394118,1.2150485344061894,1.1887352637230717,-0.4413203460138305,0.000778527560042,90,0,5,2022-08-01,2022
2022-08,0.3001280767739524,5.024743661904855,-0.5917553697274748,-0.8609634518394118,1.2150485344061894,1.1887352637230717,-0.4413203460138305,0.000778527560042,91,0,5,2022-08-01,2022
2022-08,-0.2691186421710274,-0.2919599335153006,-0.5917553697274748,-0.8609634518394118,1.2150485344061894,1.1887352637230717,-0.4413203460138305,0.000778527560042,91,1,5,2022-08-01,2022
2022-08,0.3027926084522157,1.7335342127568623,-0.5917553697274748,-0.8609634518394118,1.2150485344061894,1.1887352637230717,-0.4413203460138305,0.000778527560042,91,0,5,2022-08-01,2022
2022-08,-0.26940970904790507,-0.29136639235175366,-0.5917553697274748,-0.8609634518394118,1.2150485344061894,1.1887352637230717,-0.4413203460138305,0.000778527560042,94,1,5,2022-08-01,2022
2022-08,-0.2694761269929644,-0.29216980129951603,-0.5917553697274748,-0.8609634518394118,1.2150485344061894,1.1887352637230717,-0.4413203460138305,0.000778527560042,94,0,5,2022-08-01,2022
2022-08,-0.26940775557893276,-0.29136858147695194,-0.5917553697274748,-0.8609634518394118,1.2150485344061894,1.1887352637230717,-0.4413203460138305,0.000778527560042,94,1,5,2022-08-01,2022
2022-08,-0.2693862674202371,-0.28618586405548524,-0.5917553697274748,-0.8609634518394118,1.2150485344061894,1.1887352637230717,-0.4413203460138305,0.000778527560042,95,1,5,2022-08-01,2022
2022-08,-0.26943119720660075,-0.2894787096932918,-0.5917553697274748,-0.8609634518394118,1.2150485344061894,1.1887352637230717,-0.4413203460138305,0.000778527560042,95,1,5,2022-08-01,2022
2022-08,-0.26503589201884975,-0.2657928712498024,-0.5917553697274748,-0.8609634518394118,1.2150485344061894,1.1887352637230717,-0.4413203460138305,0.000778527560042,98,1,5,2022-08-01,2022
2022-08,-0.26915380461252936,-0.29201868963562194,-0.5917553697274748,-0.8609634518394118,1.2150485344061894,1.1887352637230717,-0.4413203460138305,0.000778527560042,98,0,5,2022-08-01,2022
2022-08,-0.26914599073664003,-0.2920170076577613,-0.5917553697274748,-0.8609634518394118,1.2150485344061894,1.1887352637230717,-0.4413203460138305,0.000778527560042,98,0,5,2022-08-01,2022
2022-08,-0.2654676086617355,-0.268897951970812,-0.5917553697274748,-0.8609634518394118,1.2150485344061894,1.1887352637230717,-0.4413203460138305,0.000778527560042,98,1,5,2022-08-01,2022
2022-08,0.3800288646803486,0.09471437890589483,-0.5917553697274748,-0.8609634518394118,1.2150485344061894,1.1887352637230717,-0.4413203460138305,0.000778527560042,101,0,5,2022-08-01,2022
2022-08,2.2701097223308673,1.0339347384839215,-0.5917553697274748,-0.8609634518394118,1.2150485344061894,1.1887352637230717,-0.4413203460138305,0.000778527560042,101,1,5,2022-08-01,2022
2022-08,2.2925042906297017,0.9188228845667075,-0.5917553697274748,-0.8609634518394118,1.2150485344061894,1.1887352637230717,-0.4413203460138305,0.000778527560042,101,1,5,2022-08-01,2022
2022-08,0.3936816593279893,0.10220327404997519,-0.5917553697274748,-0.8609634518394118,1.2150485344061894,1.1887352637230717,-0.4413203460138305,0.000778527560042,101,0,5,2022-08-01,2022
2022-09,-0.26928664050264806,-0.2921575786838257,-0.5917553697274748,-0.8609634518394118,1.1305802424485838,1.2114110910886449,-0.49626942262775803,0.0007504564589906,0,0,5,2022-09-01,2022
2022-09,-0.2669209895771519,-0.29159685615554276,-0.5917553697274748,-0.8609634518394118,1.1305802424485838,1.2114110910886449,-0.49626942262775803,0.0007504564589906,0,1,5,2022-09-01,2022
2022-09,-0.26703624424651956,-0.2916127273132301,-0.5917553697274748,-0.8609634518394118,1.1305802424485838,1.2114110910886449,-0.49626942262775803,0.0007504564589906,0,1,5,2022-09-01,2022
2022-09,-0.26884124957695593,-0.29031940674026463,-0.5917553697274748,-0.8609634518394118,1.1305802424485838,1.2114110910886449,-0.49626942262775803,0.0007504564589906,2,1,5,2022-09-01,2022
2022-09,-0.2688920397702366,-0.290468851020466,-0.5917553697274748,-0.8609634518394118,1.1305802424485838,1.2114110910886449,-0.49626942262775803,0.0007504564589906,2,1,5,2022-09-01,2022
2022-09,-0.2693765000753754,-0.2917952054926733,-0.5917553697274748,-0.8609634518394118,1.1305802424485838,1.2114110910886449,-0.49626942262775803,0.0007504564589906,3,1,5,2022-09-01,2022
2022-09,-0.2694272902686561,-0.2919912416541777,-0.5917553697274748,-0.8609634518394118,1.1305802424485838,1.2114110910886449,-0.49626942262775803,0.0007504564589906,3,0,5,2022-09-01,2022
2022-09,-0.17502199524268164,0.23768185856757704,-0.5917553697274748,-0.8609634518394118,1.1305802424485838,1.2114110910886449,-0.49626942262775803,0.0007504564589906,5,1,5,2022-09-01,2022
2022-09,-0.2648053826801144,-0.27024317305368634,-0.5917553697274748,-0.8609634518394118,1.1305802424485838,1.2114110910886449,-0.49626942262775803,0.0007504564589906,5,0,5,2022-09-01,2022
2022-09,-0.19642810824151516,-0.0038688464074954376,-0.5917553697274748,-0.8609634518394118,1.1305802424485838,1.2114110910886449,-0.49626942262775803,0.0007504564589906,5,1,5,2022-09-01,2022
2022-09,-0.2648190569629207,-0.27032231722668754,-0.5917553697274748,-0.8609634518394118,1.1305802424485838,1.2114110910886449,-0.49626942262775803,0.0007504564589906,5,0,5,2022-09-01,2022
2022-09,-0.2671319642261639,-0.18912345685420595,-0.5917553697274748,-0.8609634518394118,1.1305802424485838,1.2114110910886449,-0.49626942262775803,0.0007504564589906,6,1,5,2022-09-01,2022
2022-09,-0.2690561311639127,-0.2854945565605839,-0.5917553697274748,-0.8609634518394118,1.1305802424485838,1.2114110910886449,-0.49626942262775803,0.0007504564589906,6,0,5,2022-09-01,2022
2022-09,-0.26899166668782565,-0.2362786219619927,-0.5917553697274748,-0.8609634518394118,1.1305802424485838,1.2114110910886449,-0.49626942262775803,0.0007504564589906,6,1,5,2022-09-01,2022
2022-09,-0.2690854331984977,-0.28640761878952725,-0.5917553697274748,-0.8609634518394118,1.1305802424485838,1.2114110910886449,-0.49626942262775803,0.0007504564589906,6,0,5,2022-09-01,2022
2022-09,-0.2694214298617391,-0.291883755606943,-0.5917553697274748,-0.8609634518394118,1.1305802424485838,1.2114110910886449,-0.49626942262775803,0.0007504564589906,7,1,5,2022-09-01,2022
2022-09,-0.2689779924050193,-0.27249349524686634,-0.5917553697274748,-0.8609634518394118,1.1305802424485838,1.2114110910886449,-0.49626942262775803,0.0007504564589906,8,1,5,2022-09-01,2022
2022-09,-0.2694331506755731,-0.29212576704615295,-0.5917553697274748,-0.8609634518394118,1.1305802424485838,1.2114110910886449,-0.49626942262775803,0.0007504564589906,8,0,5,2022-09-01,2022
2022-09,-0.26908738666747,-0.2764859196242817,-0.5917553697274748,-0.8609634518394118,1.1305802424485838,1.2114110910886449,-0.49626942262775803,0.0007504564589906,8,1,5,2022-09-01,2022
2022-09,-0.2690658985087743,-0.28771728118209783,-0.5917553697274748,-0.8609634518394118,1.1305802424485838,1.2114110910886449,-0.49626942262775803,0.0007504564589906,9,0,5,2022-09-01,2022
2022-09,-0.2546473440239787,0.29730915220721915,-0.5917553697274748,-0.8609634518394118,1.1305802424485838,1.2114110910886449,-0.49626942262775803,0.0007504564589906,9,1,5,2022-09-01,2022
2022-09,-0.269075665853636,-0.2877512126226709,-0.5917553697274748,-0.8609634518394118,1.1305802424485838,1.2114110910886449,-0.49626942262775803,0.0007504564589906,9,0,5,2022-09-01,2022
2022-09,-0.2568957868111349,0.2401054609658255,-0.5917553697274748,-0.8609634518394118,1.1305802424485838,1.2114110910886449,-0.49626942262775803,0.0007504564589906,9,1,5,2022-09-01,2022
2022-09,-0.2694663596481028,-0.2921423350753618,-0.5917553697274748,-0.8609634518394118,1.1305802424485838,1.2114110910886449,-0.49626942262775803,0.0007504564589906,17,0,5,2022-09-01,2022
2022-09,-0.26880608713545395,-0.2913184213215757,-0.5917553697274748,-0.8609634518394118,1.1305802424485838,1.2114110910886449,-0.49626942262775803,0.0007504564589906,17,1,5,2022-09-01,2022
2022-09,-0.26890962099098764,-0.2915439559451267,-0.5917553697274748,-0.8609634518394118,1.1305802424485838,1.2114110910886449,-0.49626942262775803,0.0007504564589906,17,1,5,2022-09-01,2022
2022-09,-0.2694761269929644,-0.29217162557051457,-0.5917553697274748,-0.8609634518394118,1.1305802424485838,1.2114110910886449,-0.49626942262775803,0.0007504564589906,19,1,5,2022-09-01,2022
2022-09,-0.2694761269929644,-0.2921635987781209,-0.5917553697274748,-0.8609634518394118,1.1305802424485838,1.2114110910886449,-0.49626942262775803,0.0007504564589906,28,0,5,2022-09-01,2022
2022-09,-0.26932766335106706,-0.2867249215413894,-0.5917553697274748,-0.8609634518394118,1.1305802424485838,1.2114110910886449,-0.49626942262775803,0.0007504564589906,28,1,5,2022-09-01,2022
2022-09,-0.26934915150976274,-0.2878848514189408,-0.5917553697274748,-0.8609634518394118,1.1305802424485838,1.2114110910886449,-0.49626942262775803,0.0007504564589906,28,1,5,2022-09-01,2022
2022-09,-0.25978301395224423,-0.2677837492701103,-0.5917553697274748,-0.8609634518394118,1.1305802424485838,1.2114110910886449,-0.49626942262775803,0.0007504564589906,30,0,5,2022-09-01,2022
2022-09,-0.2567746717348502,-0.2580864281406027,-0.5917553697274748,-0.8609634518394118,1.1305802424485838,1.2114110910886449,-0.49626942262775803,0.0007504564589906,30,1,5,2022-09-01,2022
2022-09,-0.2579369857733888,-0.2629654518718564,-0.5917553697274748,-0.8609634518394118,1.1305802424485838,1.2114110910886449,-0.49626942262775803,0.0007504564589906,30,1,5,2022-09-01,2022
2022-09,-0.25987482699394393,-0.2684415740951042,-0.5917553697274748,-0.8609634518394118,1.1305802424485838,1.2114110910886449,-0.49626942262775803,0.0007504564589906,30,0,5,2022-09-01,2022
2022-09,-0.26932766335106706,-0.29110062890414257,-0.5917553697274748,-0.8609634518394118,1.1305802424485838,1.2114110910886449,-0.49626942262775803,0.0007504564589906,36,0,5,2022-09-01,2022
2022-09,-0.26891548139790467,-0.19928058913744062,-0.5917553697274748,-0.8609634518394118,1.1305802424485838,1.2114110910886449,-0.49626942262775803,0.0007504564589906,36,1,5,2022-09-01,2022
2022-09,-0.26936868619948606,-0.2914703028278312,-0.5917553697274748,-0.8609634518394118,1.1305802424485838,1.2114110910886449,-0.49626942262775803,0.0007504564589906,36,1,5,2022-09-01,2022
2022-09,-0.2546551578998681,-0.2525193295226571,-0.5917553697274748,-0.8609634518394118,1.1305802424485838,1.2114110910886449,-0.49626942262775803,0.0007504564589906,37,0,5,2022-09-01,2022
2022-09,-0.2689955736257703,-0.1683778944897169,-0.5917553697274748,-0.8609634518394118,1.1305802424485838,1.2114110910886449,-0.49626942262775803,0.0007504564589906,37,1,5,2022-09-01,2022
2022-09,-0.2693745466064031,-0.2918251016457976,-0.5917553697274748,-0.8609634518394118,1.1305802424485838,1.2114110910886449,-0.49626942262775803,0.0007504564589906,37,1,5,2022-09-01,2022
2022-09,-0.2546629717757574,-0.2525493716174612,-0.5917553697274748,-0.8609634518394118,1.1305802424485838,1.2114110910886449,-0.49626942262775803,0.0007504564589906,37,0,5,2022-09-01,2022
2022-09,-0.2649382185702331,-0.28903000470140394,-0.5917553697274748,-0.8609634518394118,1.1305802424485838,1.2114110910886449,-0.49626942262775803,0.0007504564589906,41,0,5,2022-09-01,2022
2022-09,-0.2611055124465142,-0.2882477171632628,-0.5917553697274748,-0.8609634518394118,1.1305802424485838,1.2114110910886449,-0.49626942262775803,0.0007504564589906,41,1,5,2022-09-01,2022
2022-09,-0.2612383483366329,-0.2884898125189387,-0.5917553697274748,-0.8609634518394118,1.1305802424485838,1.2114110910886449,-0.49626942262775803,0.0007504564589906,41,1,5,2022-09-01,2022
2022-09,-0.26494212550817775,-0.28903240179349604,-0.5917553697274748,-0.8609634518394118,1.1305802424485838,1.2114110910886449,-0.49626942262775803,0.0007504564589906,41,0,5,2022-09-01,2022
2022-09,0.05203556381859033,1.1788865652757368,-0.5917553697274748,-0.8609634518394118,1.1305802424485838,1.2114110910886449,-0.49626942262775803,0.0007504564589906,44,1,5,2022-09-01,2022
2022-09,-0.21855309782216753,-0.16718452937330402,-0.5917553697274748,-0.8609634518394118,1.1305802424485838,1.2114110910886449,-0.49626942262775803,0.0007504564589906,44,0,5,2022-09-01,2022
2022-09,-0.21888323407849195,-0.1699055280782785,-0.5917553697274748,-0.8609634518394118,1.1305802424485838,1.2114110910886449,-0.49626942262775803,0.0007504564589906,44,0,5,2022-09-01,2022
2022-09,0.019377469539114234,0.5675123792270571,-0.5917553697274748,-0.8609634518394118,1.1305802424485838,1.2114110910886449,-0.49626942262775803,0.0007504564589906,44,1,5,2022-09-01,2022
2022-09,-0.2671163364743852,-0.26298075020845024,-0.5917553697274748,-0.8609634518394118,1.1305802424485838,1.2114110910886449,-0.49626942262775803,0.0007504564589906,46,1,5,2022-09-01,2022
2022-09,-0.2694272902686561,-0.2919589447604194,-0.5917553697274748,-0.8609634518394118,1.1305802424485838,1.2114110910886449,-0.49626942262775803,0.0007504564589906,46,0,5,2022-09-01,2022
2022-09,-0.267501169861935,-0.2686269200285571,-0.5917553697274748,-0.8609634518394118,1.1305802424485838,1.2114110910886449,-0.49626942262775803,0.0007504564589906,46,1,5,2022-09-01,2022
2022-09,-0.26149620624098097,-0.28787941873990713,-0.5917553697274748,-0.8609634518394118,1.1305802424485838,1.2114110910886449,-0.49626942262775803,0.0007504564589906,49,1,5,2022-09-01,2022
2022-09,-0.2685599500449399,-0.29157253862313204,-0.5917553697274748,-0.8609634518394118,1.1305802424485838,1.2114110910886449,-0.49626942262775803,0.0007504564589906,49,0,5,2022-09-01,2022
2022-09,-0.261701320483076,-0.2884154406388697,-0.5917553697274748,-0.8609634518394118,1.1305802424485838,1.2114110910886449,-0.49626942262775803,0.0007504564589906,49,1,5,2022-09-01,2022
2022-09,-0.2650847287431581,-0.2739919222567411,-0.5917553697274748,-0.8609634518394118,1.1305802424485838,1.2114110910886449,-0.49626942262775803,0.0007504564589906,50,1,5,2022-09-01,2022
2022-09,-0.269128409515889,-0.2869703808527866,-0.5917553697274748,-0.8609634518394118,1.1305802424485838,1.2114110910886449,-0.49626942262775803,0.0007504564589906,50,0,5,2022-09-01,2022
2022-09,-0.2661220207674673,-0.2753514383271601,-0.5917553697274748,-0.8609634518394118,1.1305802424485838,1.2114110910886449,-0.49626942262775803,0.0007504564589906,50,1,5,2022-09-01,2022
2022-09,-0.2691323164538337,-0.2870975325413857,-0.5917553697274748,-0.8609634518394118,1.1305802424485838,1.2114110910886449,-0.49626942262775803,0.0007504564589906,50,0,5,2022-09-01,2022
2022-09,-0.12722842336556342,-0.1520029242321011,-0.5917553697274748,-0.8609634518394118,1.1305802424485838,1.2114110910886449,-0.49626942262775803,0.0007504564589906,60,0,5,2022-09-01,2022
2022-09,-0.13423942350726936,-0.1830094381423524,-0.5917553697274748,-0.8609634518394118,1.1305802424485838,1.2114110910886449,-0.49626942262775803,0.0007504564589906,60,0,5,2022-09-01,2022
2022-09,-0.2682317672575878,-0.2815328346640742,-0.5917553697274748,-0.8609634518394118,1.1305802424485838,1.2114110910886449,-0.49626942262775803,0.0007504564589906,67,1,5,2022-09-01,2022
2022-09,-0.26888813283229196,-0.29064509749017814,-0.5917553697274748,-0.8609634518394118,1.1305802424485838,1.2114110910886449,-0.49626942262775803,0.0007504564589906,67,0,5,2022-09-01,2022
2022-09,-0.2687162275627266,-0.2879365439619558,-0.5917553697274748,-0.8609634518394118,1.1305802424485838,1.2114110910886449,-0.49626942262775803,0.0007504564589906,67,1,5,2022-09-01,2022
2022-09,-0.2688959467081813,-0.2907344393380612,-0.5917553697274748,-0.8609634518394118,1.1305802424485838,1.2114110910886449,-0.49626942262775803,0.0007504564589906,67,0,5,2022-09-01,2022
2022-09,-0.2694683131170751,-0.29209880067225236,-0.5917553697274748,-0.8609634518394118,1.1305802424485838,1.2114110910886449,-0.49626942262775803,0.0007504564589906,78,0,5,2022-09-01,2022
2022-09,-0.26933743069592875,-0.2908658780635069,-0.5917553697274748,-0.8609634518394118,1.1305802424485838,1.2114110910886449,-0.49626942262775803,0.0007504564589906,78,1,5,2022-09-01,2022
2022-09,-0.26947026658604745,-0.292100544675327,-0.5917553697274748,-0.8609634518394118,1.1305802424485838,1.2114110910886449,-0.49626942262775803,0.0007504564589906,78,0,5,2022-09-01,2022
2022-09,-0.26935696538565207,-0.29132546665617215,-0.5917553697274748,-0.8609634518394118,1.1305802424485838,1.2114110910886449,-0.49626942262775803,0.0007504564589906,78,1,5,2022-09-01,2022
2022-09,-0.24282690327238704,-0.20615967426920895,-0.5917553697274748,-0.8609634518394118,1.1305802424485838,1.2114110910886449,-0.49626942262775803,0.0007504564589906,79,1,5,2022-09-01,2022
2022-09,-0.24512222931487923,-0.23777557131235863,-0.5917553697274748,-0.8609634518394118,1.1305802424485838,1.2114110910886449,-0.49626942262775803,0.0007504564589906,79,0,5,2022-09-01,2022
2022-09,-0.24518083338404925,-0.23798957289465678,-0.5917553697274748,-0.8609634518394118,1.1305802424485838,1.2114110910886449,-0.49626942262775803,0.0007504564589906,79,0,5,2022-09-01,2022
2022-09,-0.24332503786033216,-0.20983104154504714,-0.5917553697274748,-0.8609634518394118,1.1305802424485838,1.2114110910886449,-0.49626942262775803,0.0007504564589906,79,1,5,2022-09-01,2022
2022-09,0.23904310200907516,-0.2234149647398861,-0.5917553697274748,-0.8609634518394118,1.1305802424485838,1.2114110910886449,-0.49626942262775803,0.0007504564589906,80,1,5,2022-09-01,2022
2022-09,-0.12103592672326535,-0.27473092349262856,-0.5917553697274748,-0.8609634518394118,1.1305802424485838,1.2114110910886449,-0.49626942262775803,0.0007504564589906,80,0,5,2022-09-01,2022
2022-09,0.20208346905252011,-0.23515427996308105,-0.5917553697274748,-0.8609634518394118,1.1305802424485838,1.2114110910886449,-0.49626942262775803,0.0007504564589906,80,1,5,2022-09-01,2022
2022-09,-0.12115313486160538,-0.27492814543028204,-0.5917553697274748,-0.8609634518394118,1.1305802424485838,1.2114110910886449,-0.49626942262775803,0.0007504564589906,80,0,5,2022-09-01,2022
2022-09,-0.2591403226603464,-0.2715375407582051,-0.5917553697274748,-0.8609634518394118,1.1305802424485838,1.2114110910886449,-0.49626942262775803,0.0007504564589906,81,1,5,2022-09-01,2022
2022-09,-0.2659110461184553,-0.29097008407148617,-0.5917553697274748,-0.8609634518394118,1.1305802424485838,1.2114110910886449,-0.49626942262775803,0.0007504564589906,81,0,5,2022-09-01,2022
2022-09,-0.26593644121509563,-0.2909788770576992,-0.5917553697274748,-0.8609634518394118,1.1305802424485838,1.2114110910886449,-0.49626942262775803,0.0007504564589906,81,0,5,2022-09-01,2022
2022-09,-0.26256084683090286,-0.2847526656794347,-0.5917553697274748,-0.8609634518394118,1.1305802424485838,1.2114110910886449,-0.49626942262775803,0.0007504564589906,81,1,5,2022-09-01,2022
2022-09,-0.26366651026924376,-0.2848062518157462,-0.5917553697274748,-0.8609634518394118,1.1305802424485838,1.2114110910886449,-0.49626942262775803,0.0007504564589906,87,1,5,2022-09-01,2022
2022-09,-0.26667875942458247,-0.2868240706701607,-0.5917553697274748,-0.8609634518394118,1.1305802424485838,1.2114110910886449,-0.49626942262775803,0.0007504564589906,87,0,5,2022-09-01,2022
2022-09,-0.26670220105225045,-0.2868340494325228,-0.5917553697274748,-0.8609634518394118,1.1305802424485838,1.2114110910886449,-0.49626942262775803,0.0007504564589906,87,0,5,2022-09-01,2022
2022-09,-0.2644498513271496,-0.28558733168648626,-0.5917553697274748,-0.8609634518394118,1.1305802424485838,1.2114110910886449,-0.49626942262775803,0.0007504564589906,87,1,5,2022-09-01,2022
2022-09,6.054348327377165,7.622979418234985,-0.5917553697274748,-0.8609634518394118,1.1305802424485838,1.2114110910886449,-0.49626942262775803,0.0007504564589906,88,1,5,2022-09-01,2022
2022-09,2.9305424194354153,2.400296006376625,-0.5917553697274748,-0.8609634518394118,1.1305802424485838,1.2114110910886449,-0.49626942262775803,0.0007504564589906,88,0,5,2022-09-01,2022
2022-09,5.745016515608112,5.8353080061815135,-0.5917553697274748,-0.8609634518394118,1.1305802424485838,1.2114110910886449,-0.49626942262775803,0.0007504564589906,88,1,5,2022-09-01,2022
2022-09,2.8928951654005988,2.3444326654145398,-0.5917553697274748,-0.8609634518394118,1.1305802424485838,1.2114110910886449,-0.49626942262775803,0.0007504564589906,88,0,5,2022-09-01,2022
2022-09,0.8321807464856971,1.0983202307380413,-0.5917553697274748,-0.8609634518394118,1.1305802424485838,1.2114110910886449,-0.49626942262775803,0.0007504564589906,89,0,5,2022-09-01,2022
2022-09,-0.2607460741556048,-0.19625021596236372,-0.5917553697274748,-0.8609634518394118,1.1305802424485838,1.2114110910886449,-0.49626942262775803,0.0007504564589906,89,1,5,2022-09-01,2022
2022-09,-0.2616993670141037,-0.23673131116174143,-0.5917553697274748,-0.8609634518394118,1.1305802424485838,1.2114110910886449,-0.49626942262775803,0.0007504564589906,89,1,5,2022-09-01,2022
2022-09,0.7653232709075735,0.8649227036513779,-0.5917553697274748,-0.8609634518394118,1.1305802424485838,1.2114110910886449,-0.49626942262775803,0.0007504564589906,89,0,5,2022-09-01,2022
2022-09,-0.2692514780611461,-0.29193845090002163,-0.5917553697274748,-0.8609634518394118,1.1305802424485838,1.2114110910886449,-0.49626942262775803,0.0007504564589906,90,1,5,2022-09-01,2022
2022-09,-0.24638417027100684,-0.13955558024603207,-0.5917553697274748,-0.8609634518394118,1.1305802424485838,1.2114110910886449,-0.49626942262775803,0.0007504564589906,90,0,5,2022-09-01,2022
2022-09,-0.24793522463503986,-0.26826435711322083,-0.5917553697274748,-0.8609634518394118,1.1305802424485838,1.2114110910886449,-0.49626942262775803,0.0007504564589906,90,0,5,2022-09-01,2022
2022-09,-0.26925538499909074,-0.2920104183909145,-0.5917553697274748,-0.8609634518394118,1.1305802424485838,1.2114110910886449,-0.49626942262775803,0.0007504564589906,90,1,5,2022-09-01,2022
2022-09,-0.26925733846806305,-0.29194725118331866,-0.5917553697274748,-0.8609634518394118,1.1305802424485838,1.2114110910886449,-0.49626942262775803,0.0007504564589906,91,1,5,2022-09-01,2022
2022-09,0.3197780211666579,5.4299516591843835,-0.5917553697274748,-0.8609634518394118,1.1305802424485838,1.2114110910886449,-0.49626942262775803,0.0007504564589906,91,0,5,2022-09-01,2022
2022-09,0.28373456515812734,1.9168575076313676,-0.5917553697274748,-0.8609634518394118,1.1305802424485838,1.2114110910886449,-0.49626942262775803,0.0007504564589906,91,0,5,2022-09-01,2022
2022-09,-0.2693628257925691,-0.2906908429097378,-0.5917553697274748,-0.8609634518394118,1.1305802424485838,1.2114110910886449,-0.49626942262775803,0.0007504564589906,94,1,5,2022-09-01,2022
2022-09,-0.2694741735239921,-0.2921413426719386,-0.5917553697274748,-0.8609634518394118,1.1305802424485838,1.2114110910886449,-0.49626942262775803,0.0007504564589906,94,0,5,2022-09-01,2022
2022-09,-0.2693647792615414,-0.29069448415465093,-0.5917553697274748,-0.8609634518394118,1.1305802424485838,1.2114110910886449,-0.49626942262775803,0.0007504564589906,94,1,5,2022-09-01,2022
2022-09,-0.26927687315778637,-0.28344852717944774,-0.5917553697274748,-0.8609634518394118,1.1305802424485838,1.2114110910886449,-0.49626942262775803,0.0007504564589906,95,1,5,2022-09-01,2022
2022-09,-0.2693432911028457,-0.2882485490308382,-0.5917553697274748,-0.8609634518394118,1.1305802424485838,1.2114110910886449,-0.49626942262775803,0.0007504564589906,95,1,5,2022-09-01,2022
2022-09,-0.26547542253762485,-0.26265527837105657,-0.5917553697274748,-0.8609634518394118,1.1305802424485838,1.2114110910886449,-0.49626942262775803,0.0007504564589906,98,1,5,2022-09-01,2022
2022-09,-0.2691713858332804,-0.29202113415876,-0.5917553697274748,-0.8609634518394118,1.1305802424485838,1.2114110910886449,-0.49626942262775803,0.0007504564589906,98,0,5,2022-09-01,2022
2022-09,-0.26610639301568867,-0.26708805987627043,-0.5917553697274748,-0.8609634518394118,1.1305802424485838,1.2114110910886449,-0.49626942262775803,0.0007504564589906,98,1,5,2022-09-01,2022
2022-09,2.2138752110242947,0.8612063316100055,-0.5917553697274748,-0.8609634518394118,1.1305802424485838,1.2114110910886449,-0.49626942262775803,0.0007504564589906,101,1,5,2022-09-01,2022
2022-09,0.38923165700901297,0.050497942895301726,-0.5917553697274748,-0.8609634518394118,1.1305802424485838,1.2114110910886449,-0.49626942262775803,0.0007504564589906,101,0,5,2022-09-01,2022
2022-09,0.3860103866736346,0.049237659870119965,-0.5917553697274748,-0.8609634518394118,1.1305802424485838,1.2114110910886449,-0.49626942262775803,0.0007504564589906,101,0,5,2022-09-01,2022
2022-09,2.1702132260236624,0.7436538329548744,-0.5917553697274748,-0.8609634518394118,1.1305802424485838,1.2114110910886449,-0.49626942262775803,0.0007504564589906,101,1,5,2022-09-01,2022
2022-10,-0.2691733393022527,-0.2921564841212266,0.11963649073759784,1.451833302170334,1.3402963464214792,1.4432281121642336,-0.4009720240430323,0.0007867641613208,0,0,5,2022-10-01,2022
2022-10,-0.2658192330767556,-0.2858331631491672,0.11963649073759784,1.451833302170334,1.3402963464214792,1.4432281121642336,-0.4009720240430323,0.0007867641613208,0,1,5,2022-10-01,2022
2022-10,-0.2659012787735936,-0.28584326961049916,0.11963649073759784,1.451833302170334,1.3402963464214792,1.4432281121642336,-0.4009720240430323,0.0007867641613208,0,1,5,2022-10-01,2022
2022-10,-0.261525508275566,-0.24925358525480498,0.11963649073759784,1.451833302170334,1.3402963464214792,1.4432281121642336,-0.4009720240430323,0.0007867641613208,2,1,5,2022-10-01,2022
2022-10,-0.2615743449998743,-0.24954240383929574,0.11963649073759784,1.451833302170334,1.3402963464214792,1.4432281121642336,-0.4009720240430323,0.0007867641613208,2,1,5,2022-10-01,2022
2022-10,-0.2693471980407904,-0.2912238985440567,0.11963649073759784,1.451833302170334,1.3402963464214792,1.4432281121642336,-0.4009720240430323,0.0007867641613208,3,1,5,2022-10-01,2022
2022-10,-0.26936673273051376,-0.29160518942546415,0.11963649073759784,1.451833302170334,1.3402963464214792,1.4432281121642336,-0.4009720240430323,0.0007867641613208,3,0,5,2022-10-01,2022
2022-10,-0.18212285495711492,0.2510224531995451,0.11963649073759784,1.451833302170334,1.3402963464214792,1.4432281121642336,-0.4009720240430323,0.0007867641613208,5,1,5,2022-10-01,2022
2022-10,-0.2623654999336695,-0.26601892031777497,0.11963649073759784,1.451833302170334,1.3402963464214792,1.4432281121642336,-0.4009720240430323,0.0007867641613208,5,0,5,2022-10-01,2022
2022-10,-0.2623850346233928,-0.2661823968904972,0.11963649073759784,1.451833302170334,1.3402963464214792,1.4432281121642336,-0.4009720240430323,0.0007867641613208,5,0,5,2022-10-01,2022
2022-10,-0.20536913572788687,-0.023146786402191276,0.11963649073759784,1.451833302170334,1.3402963464214792,1.4432281121642336,-0.4009720240430323,0.0007867641613208,5,1,5,2022-10-01,2022
2022-10,-0.2668819201977052,-0.18146104434982732,0.11963649073759784,1.451833302170334,1.3402963464214792,1.4432281121642336,-0.4009720240430323,0.0007867641613208,6,1,5,2022-10-01,2022
2022-10,-0.26901901525343835,-0.28601604266823,0.11963649073759784,1.451833302170334,1.3402963464214792,1.4432281121642336,-0.4009720240430323,0.0007867641613208,6,0,5,2022-10-01,2022
2022-10,-0.268905714053043,-0.23288582451617543,0.11963649073759784,1.451833302170334,1.3402963464214792,1.4432281121642336,-0.4009720240430323,0.0007867641613208,6,1,5,2022-10-01,2022
2022-10,-0.26906003810185736,-0.2870372440334255,0.11963649073759784,1.451833302170334,1.3402963464214792,1.4432281121642336,-0.4009720240430323,0.0007867641613208,6,0,5,2022-10-01,2022
2022-10,-0.2694272902686561,-0.29191476821391843,0.11963649073759784,1.451833302170334,1.3402963464214792,1.4432281121642336,-0.4009720240430323,0.0007867641613208,7,1,5,2022-10-01,2022
2022-10,-0.2691186421710274,-0.28713556859170547,0.11963649073759784,1.451833302170334,1.3402963464214792,1.4432281121642336,-0.4009720240430323,0.0007867641613208,8,1,5,2022-10-01,2022
2022-10,-0.2694272902686561,-0.29214317788856314,0.11963649073759784,1.451833302170334,1.3402963464214792,1.4432281121642336,-0.4009720240430323,0.0007867641613208,8,0,5,2022-10-01,2022
2022-10,-0.26920459480581005,-0.29000936093843466,0.11963649073759784,1.451833302170334,1.3402963464214792,1.4432281121642336,-0.4009720240430323,0.0007867641613208,8,1,5,2022-10-01,2022
2022-10,-0.2512522149500626,0.26130513546144213,0.11963649073759784,1.451833302170334,1.3402963464214792,1.4432281121642336,-0.4009720240430323,0.0007867641613208,9,1,5,2022-10-01,2022
2022-10,-0.2690854331984977,-0.28842472252971035,0.11963649073759784,1.451833302170334,1.3402963464214792,1.4432281121642336,-0.4009720240430323,0.0007867641613208,9,0,5,2022-10-01,2022
2022-10,-0.2535866103720015,0.19460150191550024,0.11963649073759784,1.451833302170334,1.3402963464214792,1.4432281121642336,-0.4009720240430323,0.0007867641613208,9,1,5,2022-10-01,2022
2022-10,-0.2694683131170751,-0.2920373592250211,0.11963649073759784,1.451833302170334,1.3402963464214792,1.4432281121642336,-0.4009720240430323,0.0007867641613208,13,1,5,2022-10-01,2022
2022-10,-0.269005340970632,-0.2857983524099728,0.11963649073759784,1.451833302170334,1.3402963464214792,1.4432281121642336,-0.4009720240430323,0.0007867641613208,13,0,5,2022-10-01,2022
2022-10,-0.2688334357010666,-0.2914457627343587,0.11963649073759784,1.451833302170334,1.3402963464214792,1.4432281121642336,-0.4009720240430323,0.0007867641613208,17,1,5,2022-10-01,2022
2022-10,-0.2694565923032411,-0.29214552754960926,0.11963649073759784,1.451833302170334,1.3402963464214792,1.4432281121642336,-0.4009720240430323,0.0007867641613208,17,0,5,2022-10-01,2022
2022-10,-0.2689311091496833,-0.2916261466506955,0.11963649073759784,1.451833302170334,1.3402963464214792,1.4432281121642336,-0.4009720240430323,0.0007867641613208,17,1,5,2022-10-01,2022
2022-10,-0.26927687315778637,-0.2859932794147101,0.11963649073759784,1.451833302170334,1.3402963464214792,1.4432281121642336,-0.4009720240430323,0.0007867641613208,28,1,5,2022-10-01,2022
2022-10,-0.2694761269929644,-0.29207238522819334,0.11963649073759784,1.451833302170334,1.3402963464214792,1.4432281121642336,-0.4009720240430323,0.0007867641613208,28,0,5,2022-10-01,2022
2022-10,-0.2693003147854544,-0.28750732218433245,0.11963649073759784,1.451833302170334,1.3402963464214792,1.4432281121642336,-0.4009720240430323,0.0007867641613208,28,1,5,2022-10-01,2022
2022-10,-0.2596853405036275,-0.2695521355508928,0.11963649073759784,1.451833302170334,1.3402963464214792,1.4432281121642336,-0.4009720240430323,0.0007867641613208,30,0,5,2022-10-01,2022
2022-10,-0.258886371693943,-0.26433369890327446,0.11963649073759784,1.451833302170334,1.3402963464214792,1.4432281121642336,-0.4009720240430323,0.0007867641613208,30,1,5,2022-10-01,2022
2022-10,-0.2599002220905843,-0.269782405981956,0.11963649073759784,1.451833302170334,1.3402963464214792,1.4432281121642336,-0.4009720240430323,0.0007867641613208,30,1,5,2022-10-01,2022
2022-10,-0.2597126890692402,-0.2696717493517259,0.11963649073759784,1.451833302170334,1.3402963464214792,1.4432281121642336,-0.4009720240430323,0.0007867641613208,30,0,5,2022-10-01,2022
2022-10,-0.26896822506015766,-0.18166348735107865,0.11963649073759784,1.451833302170334,1.3402963464214792,1.4432281121642336,-0.4009720240430323,0.0007867641613208,36,1,5,2022-10-01,2022
2022-10,-0.26931008213031604,-0.2909563254196151,0.11963649073759784,1.451833302170334,1.3402963464214792,1.4432281121642336,-0.4009720240430323,0.0007867641613208,36,0,5,2022-10-01,2022
2022-10,-0.26936868619948606,-0.28951193696525945,0.11963649073759784,1.451833302170334,1.3402963464214792,1.4432281121642336,-0.4009720240430323,0.0007867641613208,36,1,5,2022-10-01,2022
2022-10,-0.26900338750165964,-0.2649979378650993,0.11963649073759784,1.451833302170334,1.3402963464214792,1.4432281121642336,-0.4009720240430323,0.0007867641613208,37,1,5,2022-10-01,2022
2022-10,-0.2534537744818828,-0.24763790505076927,0.11963649073759784,1.451833302170334,1.3402963464214792,1.4432281121642336,-0.4009720240430323,0.0007867641613208,37,0,5,2022-10-01,2022
2022-10,-0.2693628257925691,-0.2917226323438089,0.11963649073759784,1.451833302170334,1.3402963464214792,1.4432281121642336,-0.4009720240430323,0.0007867641613208,37,1,5,2022-10-01,2022
2022-10,-0.25345572795085514,-0.2476488506767606,0.11963649073759784,1.451833302170334,1.3402963464214792,1.4432281121642336,-0.4009720240430323,0.0007867641613208,37,0,5,2022-10-01,2022
2022-10,-0.26205099142912375,-0.2859966908014774,0.11963649073759784,1.451833302170334,1.3402963464214792,1.4432281121642336,-0.4009720240430323,0.0007867641613208,41,0,5,2022-10-01,2022
2022-10,-0.2593239487437458,-0.2854495590921336,0.11963649073759784,1.451833302170334,1.3402963464214792,1.4432281121642336,-0.4009720240430323,0.0007867641613208,41,1,5,2022-10-01,2022
2022-10,-0.2596247829654852,-0.28590980077381634,0.11963649073759784,1.451833302170334,1.3402963464214792,1.4432281121642336,-0.4009720240430323,0.0007867641613208,41,1,5,2022-10-01,2022
2022-10,-0.2620548983670684,-0.2859972672711129,0.11963649073759784,1.451833302170334,1.3402963464214792,1.4432281121642336,-0.4009720240430323,0.0007867641613208,41,0,5,2022-10-01,2022
2022-10,0.06548129075516372,1.2060811043986657,0.11963649073759784,1.451833302170334,1.3402963464214792,1.4432281121642336,-0.4009720240430323,0.0007867641613208,44,1,5,2022-10-01,2022
2022-10,-0.21618353995872666,-0.163381945933082,0.11963649073759784,1.451833302170334,1.3402963464214792,1.4432281121642336,-0.4009720240430323,0.0007867641613208,44,0,5,2022-10-01,2022
2022-10,0.03307910091106335,0.5847963873717935,0.11963649073759784,1.451833302170334,1.3402963464214792,1.4432281121642336,-0.4009720240430323,0.0007867641613208,44,1,5,2022-10-01,2022
2022-10,-0.2165039088701894,-0.16469451621362427,0.11963649073759784,1.451833302170334,1.3402963464214792,1.4432281121642336,-0.4009720240430323,0.0007867641613208,44,0,5,2022-10-01,2022
2022-10,-0.2692925009095651,-0.2907925387208231,0.11963649073759784,1.451833302170334,1.3402963464214792,1.4432281121642336,-0.4009720240430323,0.0007867641613208,46,0,5,2022-10-01,2022
2022-10,-0.26723159114375294,-0.26493307773401675,0.11963649073759784,1.451833302170334,1.3402963464214792,1.4432281121642336,-0.4009720240430323,0.0007867641613208,46,1,5,2022-10-01,2022
2022-10,-0.267553913524188,-0.2706307832098327,0.11963649073759784,1.451833302170334,1.3402963464214792,1.4432281121642336,-0.4009720240430323,0.0007867641613208,46,1,5,2022-10-01,2022
2022-10,-0.2693022682544267,-0.29088623327930874,0.11963649073759784,1.451833302170334,1.3402963464214792,1.4432281121642336,-0.4009720240430323,0.0007867641613208,46,0,5,2022-10-01,2022
2022-10,-0.2694761269929644,-0.292166017761465,0.11963649073759784,1.451833302170334,1.3402963464214792,1.4432281121642336,-0.4009720240430323,0.0007867641613208,48,1,5,2022-10-01,2022
2022-10,-0.2611387214190439,-0.28749633642437916,0.11963649073759784,1.451833302170334,1.3402963464214792,1.4432281121642336,-0.4009720240430323,0.0007867641613208,49,1,5,2022-10-01,2022
2022-10,-0.2682063721609475,-0.2912965118268831,0.11963649073759784,1.451833302170334,1.3402963464214792,1.4432281121642336,-0.4009720240430323,0.0007867641613208,49,0,5,2022-10-01,2022
2022-10,-0.2682083256299198,-0.29129694965192277,0.11963649073759784,1.451833302170334,1.3402963464214792,1.4432281121642336,-0.4009720240430323,0.0007867641613208,49,0,5,2022-10-01,2022
2022-10,-0.2612559295573839,-0.28798711275403566,0.11963649073759784,1.451833302170334,1.3402963464214792,1.4432281121642336,-0.4009720240430323,0.0007867641613208,49,1,5,2022-10-01,2022
2022-10,-0.2691557580815017,-0.28743185574166435,0.11963649073759784,1.451833302170334,1.3402963464214792,1.4432281121642336,-0.4009720240430323,0.0007867641613208,50,0,5,2022-10-01,2022
2022-10,-0.26509644955699213,-0.27227733737624793,0.11963649073759784,1.451833302170334,1.3402963464214792,1.4432281121642336,-0.4009720240430323,0.0007867641613208,50,1,5,2022-10-01,2022
2022-10,-0.2661122534226057,-0.2744161382347444,0.11963649073759784,1.451833302170334,1.3402963464214792,1.4432281121642336,-0.4009720240430323,0.0007867641613208,50,1,5,2022-10-01,2022
2022-10,-0.26916357195739105,-0.28766486622776744,0.11963649073759784,1.451833302170334,1.3402963464214792,1.4432281121642336,-0.4009720240430323,0.0007867641613208,50,0,5,2022-10-01,2022
2022-10,-0.1398224378301993,-0.15836868869321283,0.11963649073759784,1.451833302170334,1.3402963464214792,1.4432281121642336,-0.4009720240430323,0.0007867641613208,60,0,5,2022-10-01,2022
2022-10,-0.1460344691622207,-0.19513715525530712,0.11963649073759784,1.451833302170334,1.3402963464214792,1.4432281121642336,-0.4009720240430323,0.0007867641613208,60,0,5,2022-10-01,2022
2022-10,-0.2687005998109479,-0.2903726900475903,0.11963649073759784,1.451833302170334,1.3402963464214792,1.4432281121642336,-0.4009720240430323,0.0007867641613208,67,0,5,2022-10-01,2022
2022-10,-0.26819465134711346,-0.28194260971285295,0.11963649073759784,1.451833302170334,1.3402963464214792,1.4432281121642336,-0.4009720240430323,0.0007867641613208,67,1,5,2022-10-01,2022
2022-10,-0.26862050758308226,-0.2877174855004497,0.11963649073759784,1.451833302170334,1.3402963464214792,1.4432281121642336,-0.4009720240430323,0.0007867641613208,67,1,5,2022-10-01,2022
2022-10,-0.26870646021786493,-0.2903889443021874,0.11963649073759784,1.451833302170334,1.3402963464214792,1.4432281121642336,-0.4009720240430323,0.0007867641613208,67,0,5,2022-10-01,2022
2022-10,-0.2693042217233991,-0.2908097561905074,0.11963649073759784,1.451833302170334,1.3402963464214792,1.4432281121642336,-0.4009720240430323,0.0007867641613208,78,1,5,2022-10-01,2022
2022-10,-0.26947222005501975,-0.292159731323604,0.11963649073759784,1.451833302170334,1.3402963464214792,1.4432281121642336,-0.4009720240430323,0.0007867641613208,78,0,5,2022-10-01,2022
2022-10,-0.2693218029441501,-0.29104269735431254,0.11963649073759784,1.451833302170334,1.3402963464214792,1.4432281121642336,-0.4009720240430323,0.0007867641613208,78,1,5,2022-10-01,2022
2022-10,-0.24096524734175295,-0.20589796070321467,0.11963649073759784,1.451833302170334,1.3402963464214792,1.4432281121642336,-0.4009720240430323,0.0007867641613208,79,1,5,2022-10-01,2022
2022-10,-0.2443115396913607,-0.23835177095579332,0.11963649073759784,1.451833302170334,1.3402963464214792,1.4432281121642336,-0.4009720240430323,0.0007867641613208,79,0,5,2022-10-01,2022
2022-10,-0.24437795763642006,-0.23850444054712017,0.11963649073759784,1.451833302170334,1.3402963464214792,1.4432281121642336,-0.4009720240430323,0.0007867641613208,79,0,5,2022-10-01,2022
2022-10,-0.24143407989511306,-0.20930153959063338,0.11963649073759784,1.451833302170334,1.3402963464214792,1.4432281121642336,-0.4009720240430323,0.0007867641613208,79,1,5,2022-10-01,2022
2022-10,0.2777823451994263,-0.22128813474768208,0.11963649073759784,1.451833302170334,1.3402963464214792,1.4432281121642336,-0.4009720240430323,0.0007867641613208,80,1,5,2022-10-01,2022
2022-10,-0.09033911529201237,-0.2704131768680414,0.11963649073759784,1.451833302170334,1.3402963464214792,1.4432281121642336,-0.4009720240430323,0.0007867641613208,80,0,5,2022-10-01,2022
2022-10,-0.09055008994102443,-0.2705412954202697,0.11963649073759784,1.451833302170334,1.3402963464214792,1.4432281121642336,-0.4009720240430323,0.0007867641613208,80,0,5,2022-10-01,2022
2022-10,0.23961937535591363,-0.2320932189012665,0.11963649073759784,1.451833302170334,1.3402963464214792,1.4432281121642336,-0.4009720240430323,0.0007867641613208,80,1,5,2022-10-01,2022
2022-10,-0.26027528813327233,-0.2676117132178628,0.11963649073759784,1.451833302170334,1.3402963464214792,1.4432281121642336,-0.4009720240430323,0.0007867641613208,81,1,5,2022-10-01,2022
2022-10,-0.2673175437785356,-0.2913922933513911,0.11963649073759784,1.451833302170334,1.3402963464214792,1.4432281121642336,-0.4009720240430323,0.0007867641613208,81,0,5,2022-10-01,2022
2022-10,-0.2673194972475079,-0.29139311427334047,0.11963649073759784,1.451833302170334,1.3402963464214792,1.4432281121642336,-0.4009720240430323,0.0007867641613208,81,0,5,2022-10-01,2022
2022-10,-0.263363722578532,-0.28585298202929543,0.11963649073759784,1.451833302170334,1.3402963464214792,1.4432281121642336,-0.4009720240430323,0.0007867641613208,81,1,5,2022-10-01,2022
2022-10,-0.2639868791807065,-0.2843096743043143,0.11963649073759784,1.451833302170334,1.3402963464214792,1.4432281121642336,-0.4009720240430323,0.0007867641613208,87,1,5,2022-10-01,2022
2022-10,-0.26775316735936605,-0.2870658741424768,0.11963649073759784,1.451833302170334,1.3402963464214792,1.4432281121642336,-0.4009720240430323,0.0007867641613208,87,0,5,2022-10-01,2022
2022-10,-0.2646530121002723,-0.28498292151633,0.11963649073759784,1.451833302170334,1.3402963464214792,1.4432281121642336,-0.4009720240430323,0.0007867641613208,87,1,5,2022-10-01,2022
2022-10,-0.2677687951111447,-0.28707221530846777,0.11963649073759784,1.451833302170334,1.3402963464214792,1.4432281121642336,-0.4009720240430323,0.0007867641613208,87,0,5,2022-10-01,2022
2022-10,3.1986267338536414,3.1871991252741063,0.11963649073759784,1.451833302170334,1.3402963464214792,1.4432281121642336,-0.4009720240430323,0.0007867641613208,88,0,5,2022-10-01,2022
2022-10,6.241791489148481,8.05668730080483,0.11963649073759784,1.451833302170334,1.3402963464214792,1.4432281121642336,-0.4009720240430323,0.0007867641613208,88,1,5,2022-10-01,2022
2022-10,3.1627161137352293,3.1265801214342313,0.11963649073759784,1.451833302170334,1.3402963464214792,1.4432281121642336,-0.4009720240430323,0.0007867641613208,88,0,5,2022-10-01,2022
2022-10,5.914235765336525,6.308590390586753,0.11963649073759784,1.451833302170334,1.3402963464214792,1.4432281121642336,-0.4009720240430323,0.0007867641613208,88,1,5,2022-10-01,2022
2022-10,-0.26083593372833214,-0.18906670378344098,0.11963649073759784,1.451833302170334,1.3402963464214792,1.4432281121642336,-0.4009720240430323,0.0007867641613208,89,1,5,2022-10-01,2022
2022-10,0.8700272543556916,1.1432825564318123,0.11963649073759784,1.451833302170334,1.3402963464214792,1.4432281121642336,-0.4009720240430323,0.0007867641613208,89,0,5,2022-10-01,2022
2022-10,0.8032694056951571,0.9122824315633163,0.11963649073759784,1.451833302170334,1.3402963464214792,1.4432281121642336,-0.4009720240430323,0.0007867641613208,89,0,5,2022-10-01,2022
2022-10,-0.261607553972404,-0.2244233341828778,0.11963649073759784,1.451833302170334,1.3402963464214792,1.4432281121642336,-0.4009720240430323,0.0007867641613208,89,1,5,2022-10-01,2022
2022-10,-0.24074450534787922,-0.12240295245006946,0.11963649073759784,1.451833302170334,1.3402963464214792,1.4432281121642336,-0.4009720240430323,0.0007867641613208,90,0,5,2022-10-01,2022
2022-10,-0.2692319433714227,-0.2920265558921677,0.11963649073759784,1.451833302170334,1.3402963464214792,1.4432281121642336,-0.4009720240430323,0.0007867641613208,90,1,5,2022-10-01,2022
2022-10,-0.26923585030936736,-0.29202787666437063,0.11963649073759784,1.451833302170334,1.3402963464214792,1.4432281121642336,-0.4009720240430323,0.0007867641613208,90,1,5,2022-10-01,2022
2022-10,-0.24220374667021258,-0.2648240702447693,0.11963649073759784,1.451833302170334,1.3402963464214792,1.4432281121642336,-0.4009720240430323,0.0007867641613208,90,0,5,2022-10-01,2022
2022-10,0.3225441332314825,5.207164059388421,0.11963649073759784,1.451833302170334,1.3402963464214792,1.4432281121642336,-0.4009720240430323,0.0007867641613208,91,0,5,2022-10-01,2022
2022-10,-0.2690971540123317,-0.2919188472838712,0.11963649073759784,1.451833302170334,1.3402963464214792,1.4432281121642336,-0.4009720240430323,0.0007867641613208,91,1,5,2022-10-01,2022
2022-10,-0.269099107481304,-0.2919239807824611,0.11963649073759784,1.451833302170334,1.3402963464214792,1.4432281121642336,-0.4009720240430323,0.0007867641613208,91,1,5,2022-10-01,2022
2022-10,0.28526022442552,1.989226983935865,0.11963649073759784,1.451833302170334,1.3402963464214792,1.4432281121642336,-0.4009720240430323,0.0007867641613208,91,0,5,2022-10-01,2022
2022-10,-0.2693335237579841,-0.2901981766353268,0.11963649073759784,1.451833302170334,1.3402963464214792,1.4432281121642336,-0.4009720240430323,0.0007867641613208,94,1,5,2022-10-01,2022
2022-10,-0.2694761269929644,-0.29214389665133655,0.11963649073759784,1.451833302170334,1.3402963464214792,1.4432281121642336,-0.4009720240430323,0.0007867641613208,94,0,5,2022-10-01,2022
2022-10,-0.26933743069592875,-0.2902317432217002,0.11963649073759784,1.451833302170334,1.3402963464214792,1.4432281121642336,-0.4009720240430323,0.0007867641613208,94,1,5,2022-10-01,2022
2022-10,-0.26932766335106706,-0.2832538263843143,0.11963649073759784,1.451833302170334,1.3402963464214792,1.4432281121642336,-0.4009720240430323,0.0007867641613208,95,1,5,2022-10-01,2022
2022-10,-0.2693921278271541,-0.287221874852647,0.11963649073759784,1.451833302170334,1.3402963464214792,1.4432281121642336,-0.4009720240430323,0.0007867641613208,95,1,5,2022-10-01,2022
2022-10,-0.2657567220696409,-0.2599459586490148,0.11963649073759784,1.451833302170334,1.3402963464214792,1.4432281121642336,-0.4009720240430323,0.0007867641613208,98,1,5,2022-10-01,2022
2022-10,-0.26919287399197606,-0.2920366076253697,0.11963649073759784,1.451833302170334,1.3402963464214792,1.4432281121642336,-0.4009720240430323,0.0007867641613208,98,0,5,2022-10-01,2022
2022-10,-0.2664189480512621,-0.26544992654478455,0.11963649073759784,1.451833302170334,1.3402963464214792,1.4432281121642336,-0.4009720240430323,0.0007867641613208,98,1,5,2022-10-01,2022
2022-10,0.48008359197431233,0.08941509056762068,0.11963649073759784,1.451833302170334,1.3402963464214792,1.4432281121642336,-0.4009720240430323,0.0007867641613208,101,0,5,2022-10-01,2022
2022-10,2.3381177911336954,0.9273040554350303,0.11963649073759784,1.451833302170334,1.3402963464214792,1.4432281121642336,-0.4009720240430323,0.0007867641613208,101,1,5,2022-10-01,2022
2022-10,0.4764911625341905,0.08787241768894703,0.11963649073759784,1.451833302170334,1.3402963464214792,1.4432281121642336,-0.4009720240430323,0.0007867641613208,101,0,5,2022-10-01,2022
2022-10,2.2934829785848407,0.7905533045909621,0.11963649073759784,1.451833302170334,1.3402963464214792,1.4432281121642336,-0.4009720240430323,0.0007867641613208,101,1,5,2022-10-01,2022
2022-11,-0.26739568253742896,-0.2916851508718727,0.11963649073759784,1.451833302170334,1.142075815260871,1.075034067091578,-0.3974395834035655,0.0008273635076096,0,1,5,2022-11-01,2022
2022-11,-0.26926905928189704,-0.29216027860490357,0.11963649073759784,1.451833302170334,1.142075815260871,1.075034067091578,-0.3974395834035655,0.0008273635076096,0,0,5,2022-11-01,2022
2022-11,-0.26749921639296265,-0.2916971180896232,0.11963649073759784,1.451833302170334,1.142075815260871,1.075034067091578,-0.3974395834035655,0.0008273635076096,0,1,5,2022-11-01,2022
2022-11,-0.26813018687102647,-0.27034070222981094,0.11963649073759784,1.451833302170334,1.142075815260871,1.075034067091578,-0.3974395834035655,0.0008273635076096,1,0,5,2022-11-01,2022
2022-11,-0.26830795254750883,-0.27387503391677986,0.11963649073759784,1.451833302170334,1.142075815260871,1.075034067091578,-0.3974395834035655,0.0008273635076096,1,0,5,2022-11-01,2022
2022-11,-0.26883734263901127,-0.2903053963389957,0.11963649073759784,1.451833302170334,1.142075815260871,1.075034067091578,-0.3974395834035655,0.0008273635076096,2,1,5,2022-11-01,2022
2022-11,-0.26935501191667977,-0.29121921016759045,0.11963649073759784,1.451833302170334,1.142075815260871,1.075034067091578,-0.3974395834035655,0.0008273635076096,3,1,5,2022-11-01,2022
2022-11,-0.2694038486409881,-0.29186797931134756,0.11963649073759784,1.451833302170334,1.142075815260871,1.075034067091578,-0.3974395834035655,0.0008273635076096,3,0,5,2022-11-01,2022
2022-11,-0.2624651268512585,-0.26697930048787877,0.11963649073759784,1.451833302170334,1.142075815260871,1.075034067091578,-0.3974395834035655,0.0008273635076096,5,0,5,2022-11-01,2022
2022-11,-0.18761991664526215,0.1963610039965198,0.11963649073759784,1.451833302170334,1.142075815260871,1.075034067091578,-0.3974395834035655,0.0008273635076096,5,1,5,2022-11-01,2022
2022-11,-0.21021373877927463,-0.06147567235123311,0.11963649073759784,1.451833302170334,1.142075815260871,1.075034067091578,-0.3974395834035655,0.0008273635076096,5,1,5,2022-11-01,2022
2022-11,-0.2624924754168712,-0.2672457060788813,0.11963649073759784,1.451833302170334,1.142075815260871,1.075034067091578,-0.3974395834035655,0.0008273635076096,5,0,5,2022-11-01,2022
2022-11,-0.269034643005217,-0.28554994872518397,0.11963649073759784,1.451833302170334,1.142075815260871,1.075034067091578,-0.3974395834035655,0.0008273635076096,6,0,5,2022-11-01,2022
2022-11,-0.26703819771549187,-0.18384245865696328,0.11963649073759784,1.451833302170334,1.142075815260871,1.075034067091578,-0.3974395834035655,0.0008273635076096,6,1,5,2022-11-01,2022
2022-11,-0.26907371238466365,-0.2872876179308928,0.11963649073759784,1.451833302170334,1.142075815260871,1.075034067091578,-0.3974395834035655,0.0008273635076096,6,0,5,2022-11-01,2022
2022-11,-0.2689721319981023,-0.23476863272252912,0.11963649073759784,1.451833302170334,1.142075815260871,1.075034067091578,-0.3974395834035655,0.0008273635076096,6,1,5,2022-11-01,2022
2022-11,-0.2694233833307114,-0.2918545672709662,0.11963649073759784,1.451833302170334,1.142075815260871,1.075034067091578,-0.3974395834035655,0.0008273635076096,7,1,5,2022-11-01,2022
2022-11,-0.269058084632885,-0.2735109459108888,0.11963649073759784,1.451833302170334,1.142075815260871,1.075034067091578,-0.3974395834035655,0.0008273635076096,8,1,5,2022-11-01,2022
2022-11,-0.26939994170304343,-0.2921175468810335,0.11963649073759784,1.451833302170334,1.142075815260871,1.075034067091578,-0.3974395834035655,0.0008273635076096,8,0,5,2022-11-01,2022
2022-11,-0.26916357195739105,-0.27622605951762197,0.11963649073759784,1.451833302170334,1.142075815260871,1.075034067091578,-0.3974395834035655,0.0008273635076096,8,1,5,2022-11-01,2022
2022-11,-0.25046692042318447,0.27524339775795587,0.11963649073759784,1.451833302170334,1.142075815260871,1.075034067091578,-0.3974395834035655,0.0008273635076096,9,1,5,2022-11-01,2022
2022-11,-0.26897994587399165,-0.2876400196567671,0.11963649073759784,1.451833302170334,1.142075815260871,1.075034067091578,-0.3974395834035655,0.0008273635076096,9,0,5,2022-11-01,2022
2022-11,-0.252916570514491,0.22243292323235953,0.11963649073759784,1.451833302170334,1.142075815260871,1.075034067091578,-0.3974395834035655,0.0008273635076096,9,1,5,2022-11-01,2022
2022-11,-0.2694761269929644,-0.29200116933695186,0.11963649073759784,1.451833302170334,1.142075815260871,1.075034067091578,-0.3974395834035655,0.0008273635076096,13,1,5,2022-11-01,2022
2022-11,-0.26874357612833927,-0.29077813427701854,0.11963649073759784,1.451833302170334,1.142075815260871,1.075034067091578,-0.3974395834035655,0.0008273635076096,17,1,5,2022-11-01,2022
2022-11,-0.2694565923032411,-0.29214734817206583,0.11963649073759784,1.451833302170334,1.142075815260871,1.075034067091578,-0.3974395834035655,0.0008273635076096,17,0,5,2022-11-01,2022
2022-11,-0.2688744585494856,-0.29127128215897313,0.11963649073759784,1.451833302170334,1.142075815260871,1.075034067091578,-0.3974395834035655,0.0008273635076096,17,1,5,2022-11-01,2022
2022-11,-0.2693315702890117,-0.2882722171227734,0.11963649073759784,1.451833302170334,1.142075815260871,1.075034067091578,-0.3974395834035655,0.0008273635076096,28,1,5,2022-11-01,2022
2022-11,-0.2693432911028457,-0.28855154949807166,0.11963649073759784,1.451833302170334,1.142075815260871,1.075034067091578,-0.3974395834035655,0.0008273635076096,28,1,5,2022-11-01,2022
2022-11,-0.26014831265007066,-0.2617069858205892,0.11963649073759784,1.451833302170334,1.142075815260871,1.075034067091578,-0.3974395834035655,0.0008273635076096,30,1,5,2022-11-01,2022
2022-11,-0.25954859767556415,-0.26845335523721287,0.11963649073759784,1.451833302170334,1.142075815260871,1.075034067091578,-0.3974395834035655,0.0008273635076096,30,0,5,2022-11-01,2022
2022-11,-0.2595739927722045,-0.26854540065471577,0.11963649073759784,1.451833302170334,1.142075815260871,1.075034067091578,-0.3974395834035655,0.0008273635076096,30,0,5,2022-11-01,2022
2022-11,-0.26128327812299657,-0.27142960594030474,0.11963649073759784,1.451833302170334,1.142075815260871,1.075034067091578,-0.3974395834035655,0.0008273635076096,30,1,5,2022-11-01,2022
2022-11,-0.2692710127508694,-0.29055158171025036,0.11963649073759784,1.451833302170334,1.142075815260871,1.075034067091578,-0.3974395834035655,0.0008273635076096,36,0,5,2022-11-01,2022
2022-11,-0.268981899342964,-0.19626788585125568,0.11963649073759784,1.451833302170334,1.142075815260871,1.075034067091578,-0.3974395834035655,0.0008273635076096,36,1,5,2022-11-01,2022
2022-11,-0.2693765000753754,-0.29068638439141736,0.11963649073759784,1.451833302170334,1.142075815260871,1.075034067091578,-0.3974395834035655,0.0008273635076096,36,1,5,2022-11-01,2022
2022-11,-0.2689858062809087,-0.2641677157822002,0.11963649073759784,1.451833302170334,1.142075815260871,1.075034067091578,-0.3974395834035655,0.0008273635076096,37,1,5,2022-11-01,2022
2022-11,-0.2548075284797101,-0.2545723130248397,0.11963649073759784,1.451833302170334,1.142075815260871,1.075034067091578,-0.3974395834035655,0.0008273635076096,37,0,5,2022-11-01,2022
2022-11,-0.2548114354176548,-0.2545869071928281,0.11963649073759784,1.451833302170334,1.142075815260871,1.075034067091578,-0.3974395834035655,0.0008273635076096,37,0,5,2022-11-01,2022
2022-11,-0.2693315702890117,-0.2917273207202752,0.11963649073759784,1.451833302170334,1.142075815260871,1.075034067091578,-0.3974395834035655,0.0008273635076096,37,1,5,2022-11-01,2022
2022-11,-0.25725522510204435,-0.2849911781668694,0.11963649073759784,1.451833302170334,1.142075815260871,1.075034067091578,-0.3974395834035655,0.0008273635076096,41,1,5,2022-11-01,2022
2022-11,-0.26031045057477437,-0.28596165750122116,0.11963649073759784,1.451833302170334,1.142075815260871,1.075034067091578,-0.3974395834035655,0.0008273635076096,41,0,5,2022-11-01,2022
2022-11,-0.25757559401350705,-0.2855338586549767,0.11963649073759784,1.451833302170334,1.142075815260871,1.075034067091578,-0.3974395834035655,0.0008273635076096,41,1,5,2022-11-01,2022
2022-11,-0.2603299852644977,-0.2859922797142029,0.11963649073759784,1.451833302170334,1.142075815260871,1.075034067091578,-0.3974395834035655,0.0008273635076096,41,0,5,2022-11-01,2022
2022-11,-0.2163476313524027,-0.15510770942120894,0.11963649073759784,1.451833302170334,1.142075815260871,1.075034067091578,-0.3974395834035655,0.0008273635076096,44,0,5,2022-11-01,2022
2022-11,0.061365331630456446,1.265581895790184,0.11963649073759784,1.451833302170334,1.142075815260871,1.075034067091578,-0.3974395834035655,0.0008273635076096,44,1,5,2022-11-01,2022
2022-11,0.029254208663233815,0.6161144575802615,0.11963649073759784,1.451833302170334,1.142075815260871,1.075034067091578,-0.3974395834035655,0.0008273635076096,44,1,5,2022-11-01,2022
2022-11,-0.2168633471610988,-0.15748723013504842,0.11963649073759784,1.451833302170334,1.142075815260871,1.075034067091578,-0.3974395834035655,0.0008273635076096,44,0,5,2022-11-01,2022
2022-11,-0.26710070872260655,-0.258001639673132,0.11963649073759784,1.451833302170334,1.142075815260871,1.075034067091578,-0.3974395834035655,0.0008273635076096,46,1,5,2022-11-01,2022
2022-11,-0.26940775557893276,-0.2906300399573561,0.11963649073759784,1.451833302170334,1.142075815260871,1.075034067091578,-0.3974395834035655,0.0008273635076096,46,0,5,2022-11-01,2022
2022-11,-0.26745819354454364,-0.26445102871681736,0.11963649073759784,1.451833302170334,1.142075815260871,1.075034067091578,-0.3974395834035655,0.0008273635076096,46,1,5,2022-11-01,2022
2022-11,-0.2694155694548221,-0.2909961127700935,0.11963649073759784,1.451833302170334,1.142075815260871,1.075034067091578,-0.3974395834035655,0.0008273635076096,46,0,5,2022-11-01,2022
2022-11,-0.2694761269929644,-0.292172337036204,0.11963649073759784,1.451833302170334,1.142075815260871,1.075034067091578,-0.3974395834035655,0.0008273635076096,48,1,5,2022-11-01,2022
2022-11,-0.2686185541141099,-0.29167899578152356,0.11963649073759784,1.451833302170334,1.142075815260871,1.075034067091578,-0.3974395834035655,0.0008273635076096,49,0,5,2022-11-01,2022
2022-11,-0.26374464902813716,-0.288665840076131,0.11963649073759784,1.451833302170334,1.142075815260871,1.075034067091578,-0.3974395834035655,0.0008273635076096,49,1,5,2022-11-01,2022
2022-11,-0.2638540432905878,-0.2892314151652701,0.11963649073759784,1.451833302170334,1.142075815260871,1.075034067091578,-0.3974395834035655,0.0008273635076096,49,1,5,2022-11-01,2022
2022-11,-0.2653328193026445,-0.27430231102151875,0.11963649073759784,1.451833302170334,1.142075815260871,1.075034067091578,-0.3974395834035655,0.0008273635076096,50,1,5,2022-11-01,2022
2022-11,-0.2690365964741893,-0.2857331821528205,0.11963649073759784,1.451833302170334,1.142075815260871,1.075034067091578,-0.3974395834035655,0.0008273635076096,50,0,5,2022-11-01,2022
2022-11,-0.269110828295138,-0.2871284028552232,0.11963649073759784,1.451833302170334,1.142075815260871,1.075034067091578,-0.3974395834035655,0.0008273635076096,50,0,5,2022-11-01,2022
2022-11,-0.2663349488854517,-0.27570082635734483,0.11963649073759784,1.451833302170334,1.142075815260871,1.075034067091578,-0.3974395834035655,0.0008273635076096,50,1,5,2022-11-01,2022
2022-11,-0.1252261176689213,-0.1526130078850629,0.11963649073759784,1.451833302170334,1.142075815260871,1.075034067091578,-0.3974395834035655,0.0008273635076096,60,0,5,2022-11-01,2022
2022-11,-0.13245004592861162,-0.18671660856080818,0.11963649073759784,1.451833302170334,1.142075815260871,1.075034067091578,-0.3974395834035655,0.0008273635076096,60,0,5,2022-11-01,2022
2022-11,-0.26881585448031564,-0.29033319822901366,0.11963649073759784,1.451833302170334,1.142075815260871,1.075034067091578,-0.3974395834035655,0.0008273635076096,67,0,5,2022-11-01,2022
2022-11,-0.2682825574508685,-0.28163392846572993,0.11963649073759784,1.451833302170334,1.142075815260871,1.075034067091578,-0.3974395834035655,0.0008273635076096,67,1,5,2022-11-01,2022
2022-11,-0.26881780794928795,-0.29034706268860266,0.11963649073759784,1.451833302170334,1.142075815260871,1.075034067091578,-0.3974395834035655,0.0008273635076096,67,0,5,2022-11-01,2022
2022-11,-0.2688041336664816,-0.28807422169421654,0.11963649073759784,1.451833302170334,1.142075815260871,1.075034067091578,-0.3974395834035655,0.0008273635076096,67,1,5,2022-11-01,2022
2022-11,-0.2694761269929644,-0.2921704945224955,0.11963649073759784,1.451833302170334,1.142075815260871,1.075034067091578,-0.3974395834035655,0.0008273635076096,78,0,5,2022-11-01,2022
2022-11,-0.26933743069592875,-0.29119249189454566,0.11963649073759784,1.451833302170334,1.142075815260871,1.075034067091578,-0.3974395834035655,0.0008273635076096,78,1,5,2022-11-01,2022
2022-11,-0.26935891885462443,-0.29145060799813083,0.11963649073759784,1.451833302170334,1.142075815260871,1.075034067091578,-0.3974395834035655,0.0008273635076096,78,1,5,2022-11-01,2022
2022-11,-0.2445303282162621,-0.2377156549556822,0.11963649073759784,1.451833302170334,1.142075815260871,1.075034067091578,-0.3974395834035655,0.0008273635076096,79,0,5,2022-11-01,2022
2022-11,-0.2438368467310836,-0.20802436016746303,0.11963649073759784,1.451833302170334,1.142075815260871,1.075034067091578,-0.3974395834035655,0.0008273635076096,79,1,5,2022-11-01,2022
2022-11,-0.2445420490300961,-0.21119923019979325,0.11963649073759784,1.451833302170334,1.142075815260871,1.075034067091578,-0.3974395834035655,0.0008273635076096,79,1,5,2022-11-01,2022
2022-11,-0.24567506103404968,-0.24011322135823934,0.11963649073759784,1.451833302170334,1.142075815260871,1.075034067091578,-0.3974395834035655,0.0008273635076096,79,0,5,2022-11-01,2022
2022-11,-0.09834833807858086,-0.2732980133513958,0.11963649073759784,1.451833302170334,1.142075815260871,1.075034067091578,-0.3974395834035655,0.0008273635076096,80,0,5,2022-11-01,2022
2022-11,0.24018588135789043,-0.22612837082896456,0.11963649073759784,1.451833302170334,1.142075815260871,1.075034067091578,-0.3974395834035655,0.0008273635076096,80,1,5,2022-11-01,2022
2022-11,-0.0985358710999249,-0.27336400817903944,0.11963649073759784,1.451833302170334,1.142075815260871,1.075034067091578,-0.3974395834035655,0.0008273635076096,80,0,5,2022-11-01,2022
2022-11,0.2024487677503465,-0.2369839799921249,0.11963649073759784,1.451833302170334,1.142075815260871,1.075034067091578,-0.3974395834035655,0.0008273635076096,80,1,5,2022-11-01,2022
2022-11,-0.2594626450407815,-0.2657170144131406,0.11963649073759784,1.451833302170334,1.142075815260871,1.075034067091578,-0.3974395834035655,0.0008273635076096,81,1,5,2022-11-01,2022
2022-11,-0.26606537016726967,-0.29103001137378864,0.11963649073759784,1.451833302170334,1.142075815260871,1.075034067091578,-0.3974395834035655,0.0008273635076096,81,0,5,2022-11-01,2022
2022-11,-0.2628831692113379,-0.28470043315220417,0.11963649073759784,1.451833302170334,1.142075815260871,1.075034067091578,-0.3974395834035655,0.0008273635076096,81,1,5,2022-11-01,2022
2022-11,-0.266073184043159,-0.2910326748094465,0.11963649073759784,1.451833302170334,1.142075815260871,1.075034067091578,-0.3974395834035655,0.0008273635076096,81,0,5,2022-11-01,2022
2022-11,-0.267571494744939,-0.28623600961669343,0.11963649073759784,1.451833302170334,1.142075815260871,1.075034067091578,-0.3974395834035655,0.0008273635076096,87,0,5,2022-11-01,2022
2022-11,-0.2629163781838676,-0.28332472850094403,0.11963649073759784,1.451833302170334,1.142075815260871,1.075034067091578,-0.3974395834035655,0.0008273635076096,87,1,5,2022-11-01,2022
2022-11,-0.2675871224967177,-0.28624177431304887,0.11963649073759784,1.451833302170334,1.142075815260871,1.075034067091578,-0.3974395834035655,0.0008273635076096,87,0,5,2022-11-01,2022
2022-11,-0.2636606498623268,-0.28398540283723767,0.11963649073759784,1.451833302170334,1.142075815260871,1.075034067091578,-0.3974395834035655,0.0008273635076096,87,1,5,2022-11-01,2022
2022-11,5.877784034312777,7.234570745835672,0.11963649073759784,1.451833302170334,1.142075815260871,1.075034067091578,-0.3974395834035655,0.0008273635076096,88,1,5,2022-11-01,2022
2022-11,3.0488835697793957,2.613095773535102,0.11963649073759784,1.451833302170334,1.142075815260871,1.075034067091578,-0.3974395834035655,0.0008273635076096,88,0,5,2022-11-01,2022
2022-11,3.0141606587961625,2.560912169604196,0.11963649073759784,1.451833302170334,1.142075815260871,1.075034067091578,-0.3974395834035655,0.0008273635076096,88,0,5,2022-11-01,2022
2022-11,5.545297754814651,5.566298432512906,0.11963649073759784,1.451833302170334,1.142075815260871,1.075034067091578,-0.3974395834035655,0.0008273635076096,88,1,5,2022-11-01,2022
2022-11,-0.26129499893683056,-0.22250036647476198,0.11963649073759784,1.451833302170334,1.142075815260871,1.075034067091578,-0.3974395834035655,0.0008273635076096,89,1,5,2022-11-01,2022
2022-11,0.8700624167971936,1.1507063652352063,0.11963649073759784,1.451833302170334,1.142075815260871,1.075034067091578,-0.3974395834035655,0.0008273635076096,89,0,5,2022-11-01,2022
2022-11,-0.2620861538706258,-0.23667435377262463,0.11963649073759784,1.451833302170334,1.142075815260871,1.075034067091578,-0.3974395834035655,0.0008273635076096,89,1,5,2022-11-01,2022
2022-11,0.8026462490929827,0.9148490750505613,0.11963649073759784,1.451833302170334,1.142075815260871,1.075034067091578,-0.3974395834035655,0.0008273635076096,89,0,5,2022-11-01,2022
2022-11,-0.24549143495065032,-0.14274299761429035,0.11963649073759784,1.451833302170334,1.142075815260871,1.075034067091578,-0.3974395834035655,0.0008273635076096,90,0,5,2022-11-01,2022
2022-11,-0.2692378037783397,-0.2920592212886678,0.11963649073759784,1.451833302170334,1.142075815260871,1.075034067091578,-0.3974395834035655,0.0008273635076096,90,1,5,2022-11-01,2022
2022-11,-0.2692417107162844,-0.29205987802622724,0.11963649073759784,1.451833302170334,1.142075815260871,1.075034067091578,-0.3974395834035655,0.0008273635076096,90,1,5,2022-11-01,2022
2022-11,-0.24766369244788547,-0.2696620989581435,0.11963649073759784,1.451833302170334,1.142075815260871,1.075034067091578,-0.3974395834035655,0.0008273635076096,90,0,5,2022-11-01,2022
2022-11,-0.269210455212727,-0.29118208990131195,0.11963649073759784,1.451833302170334,1.142075815260871,1.075034067091578,-0.3974395834035655,0.0008273635076096,91,1,5,2022-11-01,2022
2022-11,0.3488065700955378,4.297909175232612,0.11963649073759784,1.451833302170334,1.142075815260871,1.075034067091578,-0.3974395834035655,0.0008273635076096,91,0,5,2022-11-01,2022
2022-11,0.3109463879427369,1.6849241769335621,0.11963649073759784,1.451833302170334,1.142075815260871,1.075034067091578,-0.3974395834035655,0.0008273635076096,91,0,5,2022-11-01,2022
2022-11,-0.2694761269929644,-0.2921449912139357,0.11963649073759784,1.451833302170334,1.142075815260871,1.075034067091578,-0.3974395834035655,0.0008273635076096,94,0,5,2022-11-01,2022
2022-11,-0.26931594253723307,-0.290580996255831,0.11963649073759784,1.451833302170334,1.142075815260871,1.075034067091578,-0.3974395834035655,0.0008273635076096,94,1,5,2022-11-01,2022
2022-11,-0.2693218029441501,-0.29062477875979625,0.11963649073759784,1.451833302170334,1.142075815260871,1.075034067091578,-0.3974395834035655,0.0008273635076096,94,1,5,2022-11-01,2022
2022-11,-0.2693979882340711,-0.2859567356180671,0.11963649073759784,1.451833302170334,1.142075815260871,1.075034067091578,-0.3974395834035655,0.0008273635076096,95,1,5,2022-11-01,2022
2022-11,-0.26944291802043474,-0.29002044520902187,0.11963649073759784,1.451833302170334,1.142075815260871,1.075034067091578,-0.3974395834035655,0.0008273635076096,95,1,5,2022-11-01,2022
2022-11,-0.26326018872299833,-0.2537815499236393,0.11963649073759784,1.451833302170334,1.142075815260871,1.075034067091578,-0.3974395834035655,0.0008273635076096,98,1,5,2022-11-01,2022
2022-11,-0.26730191602675696,-0.29013965767023525,0.11963649073759784,1.451833302170334,1.142075815260871,1.075034067091578,-0.3974395834035655,0.0008273635076096,98,0,5,2022-11-01,2022
2022-11,-0.26413534282260387,-0.2610909550441721,0.11963649073759784,1.451833302170334,1.142075815260871,1.075034067091578,-0.3974395834035655,0.0008273635076096,98,1,5,2022-11-01,2022
2022-11,-0.2673097299026463,-0.29014637098750995,0.11963649073759784,1.451833302170334,1.142075815260871,1.075034067091578,-0.3974395834035655,0.0008273635076096,98,0,5,2022-11-01,2022
2022-11,0.45991988524188304,0.07142566601608019,0.11963649073759784,1.451833302170334,1.142075815260871,1.075034067091578,-0.3974395834035655,0.0008273635076096,101,0,5,2022-11-01,2022
2022-11,2.153606786289853,0.8352214228037127,0.11963649073759784,1.451833302170334,1.142075815260871,1.075034067091578,-0.3974395834035655,0.0008273635076096,101,1,5,2022-11-01,2022
2022-11,2.1089680668030537,0.7025150114411367,0.11963649073759784,1.451833302170334,1.142075815260871,1.075034067091578,-0.3974395834035655,0.0008273635076096,101,1,5,2022-11-01,2022
2022-11,0.456682987154726,0.07017515743490868,0.11963649073759784,1.451833302170334,1.142075815260871,1.075034067091578,-0.3974395834035655,0.0008273635076096,101,0,5,2022-11-01,2022
2022-12,-0.2659989522222103,-0.2858720675524823,0.11963649073759784,1.451833302170334,1.26841365770552,1.2333377727636308,0.1074639319975516,0.0011943920922939,0,1,5,2022-12-01,2022
2022-12,-0.26920459480581005,-0.29215827190680516,0.11963649073759784,1.451833302170334,1.26841365770552,1.2333377727636308,0.1074639319975516,0.0011943920922939,0,0,5,2022-12-01,2022
2022-12,-0.2660809979190483,-0.2858807145970154,0.11963649073759784,1.451833302170334,1.26841365770552,1.2333377727636308,0.1074639319975516,0.0011943920922939,0,1,5,2022-12-01,2022
2022-12,-0.2693471980407904,-0.29085473541624773,0.11963649073759784,1.451833302170334,1.26841365770552,1.2333377727636308,0.1074639319975516,0.0011943920922939,1,0,5,2022-12-01,2022
2022-12,-0.2693647792615414,-0.2910599294181649,0.11963649073759784,1.451833302170334,1.26841365770552,1.2333377727636308,0.1074639319975516,0.0011943920922939,1,0,5,2022-12-01,2022
2022-12,-0.2615216013376213,-0.24809303147657205,0.11963649073759784,1.451833302170334,1.26841365770552,1.2333377727636308,0.1074639319975516,0.0011943920922939,2,1,5,2022-12-01,2022
2022-12,-0.2693413376338734,-0.29143507615484915,0.11963649073759784,1.451833302170334,1.26841365770552,1.2333377727636308,0.1074639319975516,0.0011943920922939,3,1,5,2022-12-01,2022
2022-12,-0.26937845354434775,-0.291590259591612,0.11963649073759784,1.451833302170334,1.26841365770552,1.2333377727636308,0.1074639319975516,0.0011943920922939,3,0,5,2022-12-01,2022
2022-12,-0.26938040701332006,-0.2916088671557972,0.11963649073759784,1.451833302170334,1.26841365770552,1.2333377727636308,0.1074639319975516,0.0011943920922939,3,0,5,2022-12-01,2022
2022-12,-0.2619259694148944,-0.2568962919838573,0.11963649073759784,1.451833302170334,1.26841365770552,1.2333377727636308,0.1074639319975516,0.0011943920922939,5,0,5,2022-12-01,2022
2022-12,-0.18182006726640318,0.29610900809977564,0.11963649073759784,1.451833302170334,1.26841365770552,1.2333377727636308,0.1074639319975516,0.0011943920922939,5,1,5,2022-12-01,2022
2022-12,-0.26194941104256236,-0.2568843977369467,0.11963649073759784,1.451833302170334,1.26841365770552,1.2333377727636308,0.1074639319975516,0.0011943920922939,5,0,5,2022-12-01,2022
2022-12,-0.2065744260838168,-0.0071346125665995245,0.11963649073759784,1.451833302170334,1.26841365770552,1.2333377727636308,0.1074639319975516,0.0011943920922939,5,1,5,2022-12-01,2022
2022-12,-0.26677252593525447,-0.17200882132605919,0.11963649073759784,1.451833302170334,1.26841365770552,1.2333377727636308,0.1074639319975516,0.0011943920922939,6,1,5,2022-12-01,2022
2022-12,-0.2690151083154937,-0.28456727596347786,0.11963649073759784,1.451833302170334,1.26841365770552,1.2333377727636308,0.1074639319975516,0.0011943920922939,6,0,5,2022-12-01,2022
2022-12,-0.26908347972952534,-0.2859274086374944,0.11963649073759784,1.451833302170334,1.26841365770552,1.2333377727636308,0.1074639319975516,0.0011943920922939,6,0,5,2022-12-01,2022
2022-12,-0.2689662715911853,-0.235449202558333,0.11963649073759784,1.451833302170334,1.26841365770552,1.2333377727636308,0.1074639319975516,0.0011943920922939,6,1,5,2022-12-01,2022
2022-12,-0.2694214298617391,-0.29186368862595896,0.11963649073759784,1.451833302170334,1.26841365770552,1.2333377727636308,0.1074639319975516,0.0011943920922939,7,1,5,2022-12-01,2022
2022-12,-0.26891938833584933,-0.2726329936015836,0.11963649073759784,1.451833302170334,1.26841365770552,1.2333377727636308,0.1074639319975516,0.0011943920922939,8,1,5,2022-12-01,2022
2022-12,-0.2694038486409881,-0.29210557601474096,0.11963649073759784,1.451833302170334,1.26841365770552,1.2333377727636308,0.1074639319975516,0.0011943920922939,8,0,5,2022-12-01,2022
2022-12,-0.26901901525343835,-0.2753494754115657,0.11963649073759784,1.451833302170334,1.26841365770552,1.2333377727636308,0.1074639319975516,0.0011943920922939,8,1,5,2022-12-01,2022
2022-12,-0.2688197614182603,-0.2843993810063971,0.11963649073759784,1.451833302170334,1.26841365770552,1.2333377727636308,0.1074639319975516,0.0011943920922939,9,0,5,2022-12-01,2022
2022-12,-0.2512971447364263,0.25752754453390025,0.11963649073759784,1.451833302170334,1.26841365770552,1.2333377727636308,0.1074639319975516,0.0011943920922939,9,1,5,2022-12-01,2022
2022-12,-0.25380539889690285,0.19991308584030465,0.11963649073759784,1.451833302170334,1.26841365770552,1.2333377727636308,0.1074639319975516,0.0011943920922939,9,1,5,2022-12-01,2022
2022-12,-0.2688256218251773,-0.2844641243841357,0.11963649073759784,1.451833302170334,1.26841365770552,1.2333377727636308,0.1074639319975516,0.0011943920922939,9,0,5,2022-12-01,2022
2022-12,-0.2694761269929644,-0.29215447742312817,0.11963649073759784,1.451833302170334,1.26841365770552,1.2333377727636308,0.1074639319975516,0.0011943920922939,13,1,5,2022-12-01,2022
2022-12,-0.26868497205916925,-0.2910054384434381,0.11963649073759784,1.451833302170334,1.26841365770552,1.2333377727636308,0.1074639319975516,0.0011943920922939,17,1,5,2022-12-01,2022
2022-12,-0.26946049924118576,-0.2921630259570274,0.11963649073759784,1.451833302170334,1.26841365770552,1.2333377727636308,0.1074639319975516,0.0011943920922939,17,0,5,2022-12-01,2022
2022-12,-0.2688256218251773,-0.29144540152870096,0.11963649073759784,1.451833302170334,1.26841365770552,1.2333377727636308,0.1074639319975516,0.0011943920922939,17,1,5,2022-12-01,2022
2022-12,-0.26926905928189704,-0.28592130097819124,0.11963649073759784,1.451833302170334,1.26841365770552,1.2333377727636308,0.1074639319975516,0.0011943920922939,28,1,5,2022-12-01,2022
2022-12,-0.26929640784750974,-0.28645092333449085,0.11963649073759784,1.451833302170334,1.26841365770552,1.2333377727636308,0.1074639319975516,0.0011943920922939,28,1,5,2022-12-01,2022
2022-12,-0.25978887435916126,-0.2527356807660014,0.11963649073759784,1.451833302170334,1.26841365770552,1.2333377727636308,0.1074639319975516,0.0011943920922939,30,1,5,2022-12-01,2022
2022-12,-0.2590309283978957,-0.263246944184017,0.11963649073759784,1.451833302170334,1.26841365770552,1.2333377727636308,0.1074639319975516,0.0011943920922939,30,0,5,2022-12-01,2022
2022-12,-0.25913641572240176,-0.263725749647381,0.11963649073759784,1.451833302170334,1.26841365770552,1.2333377727636308,0.1074639319975516,0.0011943920922939,30,0,5,2022-12-01,2022
2022-12,-0.2611133263224035,-0.26656577838646894,0.11963649073759784,1.451833302170334,1.26841365770552,1.2333377727636308,0.1074639319975516,0.0011943920922939,30,1,5,2022-12-01,2022
2022-12,-0.26891938833584933,-0.18689075347032996,0.11963649073759784,1.451833302170334,1.26841365770552,1.2333377727636308,0.1074639319975516,0.0011943920922939,36,1,5,2022-12-01,2022
2022-12,-0.2692710127508694,-0.2905474989917556,0.11963649073759784,1.451833302170334,1.26841365770552,1.2333377727636308,0.1074639319975516,0.0011943920922939,36,0,5,2022-12-01,2022
2022-12,-0.26939603476509877,-0.2875062349188173,0.11963649073759784,1.451833302170334,1.26841365770552,1.2333377727636308,0.1074639319975516,0.0011943920922939,36,1,5,2022-12-01,2022
2022-12,-0.268993620156798,-0.25547503163722124,0.11963649073759784,1.451833302170334,1.26841365770552,1.2333377727636308,0.1074639319975516,0.0011943920922939,37,1,5,2022-12-01,2022
2022-12,-0.2553232442884062,-0.25375314237564983,0.11963649073759784,1.451833302170334,1.26841365770552,1.2333377727636308,0.1074639319975516,0.0011943920922939,37,0,5,2022-12-01,2022
2022-12,-0.2693823604822924,-0.29182503962058365,0.11963649073759784,1.451833302170334,1.26841365770552,1.2333377727636308,0.1074639319975516,0.0011943920922939,37,1,5,2022-12-01,2022
2022-12,-0.2506290583478881,-0.282348294746053,0.11963649073759784,1.451833302170334,1.26841365770552,1.2333377727636308,0.1074639319975516,0.0011943920922939,41,1,5,2022-12-01,2022
2022-12,-0.2564855583269448,-0.28461363068955103,0.11963649073759784,1.451833302170334,1.26841365770552,1.2333377727636308,0.1074639319975516,0.0011943920922939,41,0,5,2022-12-01,2022
2022-12,-0.25112523946686094,-0.2831881599254504,0.11963649073759784,1.451833302170334,1.26841365770552,1.2333377727636308,0.1074639319975516,0.0011943920922939,41,1,5,2022-12-01,2022
2022-12,-0.2565558832099488,-0.2846599963612503,0.11963649073759784,1.451833302170334,1.26841365770552,1.2333377727636308,0.1074639319975516,0.0011943920922939,41,0,5,2022-12-01,2022
2022-12,-0.20269092976681724,-0.1340968031914385,0.11963649073759784,1.451833302170334,1.26841365770552,1.2333377727636308,0.1074639319975516,0.0011943920922939,44,0,5,2022-12-01,2022
2022-12,0.09390035736467552,1.5649861994955103,0.11963649073759784,1.451833302170334,1.26841365770552,1.2333377727636308,0.1074639319975516,0.0011943920922939,44,1,5,2022-12-01,2022
2022-12,-0.2032613427067387,-0.13367159116146998,0.11963649073759784,1.451833302170334,1.26841365770552,1.2333377727636308,0.1074639319975516,0.0011943920922939,44,0,5,2022-12-01,2022
2022-12,0.05833159431642209,0.7195655566805623,0.11963649073759784,1.451833302170334,1.26841365770552,1.2333377727636308,0.1074639319975516,0.0011943920922939,44,1,5,2022-12-01,2022
2022-12,-0.2673585666269546,-0.26873998104796337,0.11963649073759784,1.451833302170334,1.26841365770552,1.2333377727636308,0.1074639319975516,0.0011943920922939,46,1,5,2022-12-01,2022
2022-12,-0.2693725931374307,-0.2899556762914893,0.11963649073759784,1.451833302170334,1.26841365770552,1.2333377727636308,0.1074639319975516,0.0011943920922939,46,0,5,2022-12-01,2022
2022-12,-0.26772581879375335,-0.2735929505408157,0.11963649073759784,1.451833302170334,1.26841365770552,1.2333377727636308,0.1074639319975516,0.0011943920922939,46,1,5,2022-12-01,2022
2022-12,-0.2693823604822924,-0.29018759221499324,0.11963649073759784,1.451833302170334,1.26841365770552,1.2333377727636308,0.1074639319975516,0.0011943920922939,46,0,5,2022-12-01,2022
2022-12,-0.2694741735239921,-0.2921306633895131,0.11963649073759784,1.451833302170334,1.26841365770552,1.2333377727636308,0.1074639319975516,0.0011943920922939,48,1,5,2022-12-01,2022
2022-12,-0.26817511665739013,-0.29145357061423244,0.11963649073759784,1.451833302170334,1.26841365770552,1.2333377727636308,0.1074639319975516,0.0011943920922939,49,0,5,2022-12-01,2022
2022-12,-0.26348483765481673,-0.28892332863049264,0.11963649073759784,1.451833302170334,1.26841365770552,1.2333377727636308,0.1074639319975516,0.0011943920922939,49,1,5,2022-12-01,2022
2022-12,-0.26360204579315677,-0.289338645814565,0.11963649073759784,1.451833302170334,1.26841365770552,1.2333377727636308,0.1074639319975516,0.0011943920922939,49,1,5,2022-12-01,2022
2022-12,-0.2691616184884187,-0.2878495882605388,0.11963649073759784,1.451833302170334,1.26841365770552,1.2333377727636308,0.1074639319975516,0.0011943920922939,50,0,5,2022-12-01,2022
2022-12,-0.26369776577280113,-0.25368612230770504,0.11963649073759784,1.451833302170334,1.26841365770552,1.2333377727636308,0.1074639319975516,0.0011943920922939,50,1,5,2022-12-01,2022
2022-12,-0.2691498976745847,-0.28775338715370113,0.11963649073759784,1.451833302170334,1.26841365770552,1.2333377727636308,0.1074639319975516,0.0011943920922939,50,0,5,2022-12-01,2022
2022-12,-0.2647018488245807,-0.255157776316405,0.11963649073759784,1.451833302170334,1.26841365770552,1.2333377727636308,0.1074639319975516,0.0011943920922939,50,1,5,2022-12-01,2022
2022-12,-0.13802133943770756,-0.15028474188919874,0.11963649073759784,1.451833302170334,1.26841365770552,1.2333377727636308,0.1074639319975516,0.0011943920922939,60,0,5,2022-12-01,2022
2022-12,-0.14552266029146926,-0.1880812727239851,0.11963649073759784,1.451833302170334,1.26841365770552,1.2333377727636308,0.1074639319975516,0.0011943920922939,60,0,5,2022-12-01,2022
2022-12,-0.26824348807142184,-0.2793479746114062,0.11963649073759784,1.451833302170334,1.26841365770552,1.2333377727636308,0.1074639319975516,0.0011943920922939,67,1,5,2022-12-01,2022
2022-12,-0.2686361353348609,-0.28991330212473493,0.11963649073759784,1.451833302170334,1.26841365770552,1.2333377727636308,0.1074639319975516,0.0011943920922939,67,0,5,2022-12-01,2022
2022-12,-0.2686400422728056,-0.2899286953234207,0.11963649073759784,1.451833302170334,1.26841365770552,1.2333377727636308,0.1074639319975516,0.0011943920922939,67,0,5,2022-12-01,2022
2022-12,-0.26871232062478195,-0.28738069588578097,0.11963649073759784,1.451833302170334,1.26841365770552,1.2333377727636308,0.1074639319975516,0.0011943920922939,67,1,5,2022-12-01,2022
2022-12,-0.26931008213031604,-0.2903884408033918,0.11963649073759784,1.451833302170334,1.26841365770552,1.2333377727636308,0.1074639319975516,0.0011943920922939,78,1,5,2022-12-01,2022
2022-12,-0.2694741735239921,-0.2921573597713059,0.11963649073759784,1.451833302170334,1.26841365770552,1.2333377727636308,0.1074639319975516,0.0011943920922939,78,0,5,2022-12-01,2022
2022-12,-0.2693452445718181,-0.29090475692702805,0.11963649073759784,1.451833302170334,1.26841365770552,1.2333377727636308,0.1074639319975516,0.0011943920922939,78,1,5,2022-12-01,2022
2022-12,-0.24544650516428665,-0.21422428380063838,0.11963649073759784,1.451833302170334,1.26841365770552,1.2333377727636308,0.1074639319975516,0.0011943920922939,79,1,5,2022-12-01,2022
2022-12,-0.24555785289570967,-0.23382200390721242,0.11963649073759784,1.451833302170334,1.26841365770552,1.2333377727636308,0.1074639319975516,0.0011943920922939,79,0,5,2022-12-01,2022
2022-12,-0.24562817777871368,-0.23394441249121528,0.11963649073759784,1.451833302170334,1.26841365770552,1.2333377727636308,0.1074639319975516,0.0011943920922939,79,0,5,2022-12-01,2022
2022-12,-0.24598566260065077,-0.2174056154008455,0.11963649073759784,1.451833302170334,1.26841365770552,1.2333377727636308,0.1074639319975516,0.0011943920922939,79,1,5,2022-12-01,2022
2022-12,0.2912515137636677,-0.2231380002683439,0.11963649073759784,1.451833302170334,1.26841365770552,1.2333377727636308,0.1074639319975516,0.0011943920922939,80,1,5,2022-12-01,2022
2022-12,-0.058575709801865154,-0.26743115417151014,0.11963649073759784,1.451833302170334,1.26841365770552,1.2333377727636308,0.1074639319975516,0.0011943920922939,80,0,5,2022-12-01,2022
2022-12,-0.05915979702459295,-0.267658108077898,0.11963649073759784,1.451833302170334,1.26841365770552,1.2333377727636308,0.1074639319975516,0.0011943920922939,80,0,5,2022-12-01,2022
2022-12,0.25123274839643794,-0.23441353837266096,0.11963649073759784,1.451833302170334,1.26841365770552,1.2333377727636308,0.1074639319975516,0.0011943920922939,80,1,5,2022-12-01,2022
2022-12,-0.2577807082556021,-0.26667561409474977,0.11963649073759784,1.451833302170334,1.26841365770552,1.2333377727636308,0.1074639319975516,0.0011943920922939,81,1,5,2022-12-01,2022
2022-12,-0.2643971076648966,-0.290528019426033,0.11963649073759784,1.451833302170334,1.26841365770552,1.2333377727636308,0.1074639319975516,0.0011943920922939,81,0,5,2022-12-01,2022
2022-12,-0.26131648709552624,-0.2840192904953068,0.11963649073759784,1.451833302170334,1.26841365770552,1.2333377727636308,0.1074639319975516,0.0011943920922939,81,1,5,2022-12-01,2022
2022-12,-0.2624143366579778,-0.2820978624719137,0.11963649073759784,1.451833302170334,1.26841365770552,1.2333377727636308,0.1074639319975516,0.0011943920922939,87,1,5,2022-12-01,2022
2022-12,-0.2671456385089702,-0.28575204511494556,0.11963649073759784,1.451833302170334,1.26841365770552,1.2333377727636308,0.1074639319975516,0.0011943920922939,87,0,5,2022-12-01,2022
2022-12,-0.26310391120521165,-0.28194012505575294,0.11963649073759784,1.451833302170334,1.26841365770552,1.2333377727636308,0.1074639319975516,0.0011943920922939,87,1,5,2022-12-01,2022
2022-12,-0.26710070872260655,-0.2857131261174624,0.11963649073759784,1.451833302170334,1.26841365770552,1.2333377727636308,0.1074639319975516,0.0011943920922939,87,0,5,2022-12-01,2022
2022-12,6.120250556627818,8.180738195719751,0.11963649073759784,1.451833302170334,1.26841365770552,1.2333377727636308,0.1074639319975516,0.0011943920922939,88,1,5,2022-12-01,2022
2022-12,3.2732140861552894,3.189731129503631,0.11963649073759784,1.451833302170334,1.26841365770552,1.2333377727636308,0.1074639319975516,0.0011943920922939,88,0,5,2022-12-01,2022
2022-12,3.2170401323868596,3.0844497429590247,0.11963649073759784,1.451833302170334,1.26841365770552,1.2333377727636308,0.1074639319975516,0.0011943920922939,88,0,5,2022-12-01,2022
2022-12,5.726905904765606,6.152411361574998,0.11963649073759784,1.451833302170334,1.26841365770552,1.2333377727636308,0.1074639319975516,0.0011943920922939,88,1,5,2022-12-01,2022
2022-12,-0.2615157409307043,-0.1820768306739306,0.11963649073759784,1.451833302170334,1.26841365770552,1.2333377727636308,0.1074639319975516,0.0011943920922939,89,1,5,2022-12-01,2022
2022-12,0.8676752777130018,1.1526045848829558,0.11963649073759784,1.451833302170334,1.26841365770552,1.2333377727636308,0.1074639319975516,0.0011943920922939,89,0,5,2022-12-01,2022
2022-12,-0.26224829179532944,-0.250663451204784,0.11963649073759784,1.451833302170334,1.26841365770552,1.2333377727636308,0.1074639319975516,0.0011943920922939,89,1,5,2022-12-01,2022
2022-12,0.7970143980457444,0.9089362041075502,0.11963649073759784,1.451833302170334,1.26841365770552,1.2333377727636308,0.1074639319975516,0.0011943920922939,89,0,5,2022-12-01,2022
2022-12,-0.26922412949553337,-0.29202401285839574,0.11963649073759784,1.451833302170334,1.26841365770552,1.2333377727636308,0.1074639319975516,0.0011943920922939,90,1,5,2022-12-01,2022
2022-12,-0.24062534374056688,-0.14840159801698133,0.11963649073759784,1.451833302170334,1.26841365770552,1.2333377727636308,0.1074639319975516,0.0011943920922939,90,0,5,2022-12-01,2022
2022-12,-0.26922803643347804,-0.29202539565581265,0.11963649073759784,1.451833302170334,1.26841365770552,1.2333377727636308,0.1074639319975516,0.0011943920922939,90,1,5,2022-12-01,2022
2022-12,-0.2420728642490662,-0.26478189674782476,0.11963649073759784,1.451833302170334,1.26841365770552,1.2333377727636308,0.1074639319975516,0.0011943920922939,90,0,5,2022-12-01,2022
2022-12,-0.269128409515889,-0.29193904926090913,0.11963649073759784,1.451833302170334,1.26841365770552,1.2333377727636308,0.1074639319975516,0.0011943920922939,91,1,5,2022-12-01,2022
2022-12,0.3156776897937293,2.872813685567608,0.11963649073759784,1.451833302170334,1.26841365770552,1.2333377727636308,0.1074639319975516,0.0011943920922939,91,0,5,2022-12-01,2022
2022-12,0.27718263022491985,1.166167021813974,0.11963649073759784,1.451833302170334,1.26841365770552,1.2333377727636308,0.1074639319975516,0.0011943920922939,91,0,5,2022-12-01,2022
2022-12,-0.2693628257925691,-0.2904304245761525,0.11963649073759784,1.451833302170334,1.26841365770552,1.2333377727636308,0.1074639319975516,0.0011943920922939,94,1,5,2022-12-01,2022
2022-12,-0.26936673273051376,-0.29067925514035503,0.11963649073759784,1.451833302170334,1.26841365770552,1.2333377727636308,0.1074639319975516,0.0011943920922939,94,1,5,2022-12-01,2022
2022-12,-0.26938040701332006,-0.2850485332470639,0.11963649073759784,1.451833302170334,1.26841365770552,1.2333377727636308,0.1074639319975516,0.0011943920922939,95,1,5,2022-12-01,2022
2022-12,-0.26944096455146244,-0.2898989341663503,0.11963649073759784,1.451833302170334,1.26841365770552,1.2333377727636308,0.1074639319975516,0.0011943920922939,95,1,5,2022-12-01,2022
2022-12,-0.2639360889874258,-0.2520700079271717,0.11963649073759784,1.451833302170334,1.26841365770552,1.2333377727636308,0.1074639319975516,0.0011943920922939,98,1,5,2022-12-01,2022
2022-12,-0.267512890675769,-0.29015134030170997,0.11963649073759784,1.451833302170334,1.26841365770552,1.2333377727636308,0.1074639319975516,0.0011943920922939,98,0,5,2022-12-01,2022
2022-12,-0.2648053826801144,-0.2589009323045782,0.11963649073759784,1.451833302170334,1.26841365770552,1.2333377727636308,0.1074639319975516,0.0011943920922939,98,1,5,2022-12-01,2022
2022-12,-0.26752070455165833,-0.29016327103404055,0.11963649073759784,1.451833302170334,1.26841365770552,1.2333377727636308,0.1074639319975516,0.0011943920922939,98,0,5,2022-12-01,2022
2022-12,0.5077408056846139,0.14294446651124246,0.11963649073759784,1.451833302170334,1.26841365770552,1.2333377727636308,0.1074639319975516,0.0011943920922939,101,0,5,2022-12-01,2022
2022-12,2.0590198186494515,0.9822317168563323,0.11963649073759784,1.451833302170334,1.26841365770552,1.2333377727636308,0.1074639319975516,0.0011943920922939,101,1,5,2022-12-01,2022
2022-12,0.5025777871907358,0.14085527122973857,0.11963649073759784,1.451833302170334,1.26841365770552,1.2333377727636308,0.1074639319975516,0.0011943920922939,101,0,5,2022-12-01,2022
2022-12,2.0068739179019737,0.8105645431504039,0.11963649073759784,1.451833302170334,1.26841365770552,1.2333377727636308,0.1074639319975516,0.0011943920922939,101,1,5,2022-12-01,2022
2023-01,-0.26888617936331966,-0.2921326591419855,0.5359624090779515,0.19631506427932924,-0.8174383163188323,-0.6210220355161906,0.04929640946766544,0.0022545677779662,0,0,5,2023-01-01,2023
2023-01,-0.26733121806134197,-0.29132881966626745,0.5359624090779515,0.19631506427932924,-0.8174383163188323,-0.6210220355161906,0.04929640946766544,0.0022545677779662,0,1,5,2023-01-01,2023
2023-01,-0.2688510169218176,-0.29032327419478154,0.5359624090779515,0.19631506427932924,-0.8174383163188323,-0.6210220355161906,0.04929640946766544,0.0022545677779662,2,1,5,2023-01-01,2023
2023-01,-0.26945854577221345,-0.29202688790948944,0.5359624090779515,0.19631506427932924,-0.8174383163188323,-0.6210220355161906,0.04929640946766544,0.0022545677779662,3,0,5,2023-01-01,2023
2023-01,-0.26940775557893276,-0.2917903894172371,0.5359624090779515,0.19631506427932924,-0.8174383163188323,-0.6210220355161906,0.04929640946766544,0.0022545677779662,3,1,5,2023-01-01,2023
2023-01,-0.2612481156814946,-0.2409071659880612,0.5359624090779515,0.19631506427932924,-0.8174383163188323,-0.6210220355161906,0.04929640946766544,0.0022545677779662,5,0,5,2023-01-01,2023
2023-01,-0.2031675761960667,0.1552684350496794,0.5359624090779515,0.19631506427932924,-0.8174383163188323,-0.6210220355161906,0.04929640946766544,0.0022545677779662,5,1,5,2023-01-01,2023
2023-01,-0.26888617936331966,-0.2293876608260238,0.5359624090779515,0.19631506427932924,-0.8174383163188323,-0.6210220355161906,0.04929640946766544,0.0022545677779662,6,1,5,2023-01-01,2023
2023-01,-0.269046363819051,-0.2870020319546115,0.5359624090779515,0.19631506427932924,-0.8174383163188323,-0.6210220355161906,0.04929640946766544,0.0022545677779662,6,0,5,2023-01-01,2023
2023-01,-0.26941947639276675,-0.2918326760189836,0.5359624090779515,0.19631506427932924,-0.8174383163188323,-0.6210220355161906,0.04929640946766544,0.0022545677779662,7,1,5,2023-01-01,2023
2023-01,-0.2694116625168774,-0.2919434348083897,0.5359624090779515,0.19631506427932924,-0.8174383163188323,-0.6210220355161906,0.04929640946766544,0.0022545677779662,8,0,5,2023-01-01,2023
2023-01,-0.2690561311639127,-0.27512836282091513,0.5359624090779515,0.19631506427932924,-0.8174383163188323,-0.6210220355161906,0.04929640946766544,0.0022545677779662,8,1,5,2023-01-01,2023
2023-01,-0.25270559586547897,0.2376233067656075,0.5359624090779515,0.19631506427932924,-0.8174383163188323,-0.6210220355161906,0.04929640946766544,0.0022545677779662,9,1,5,2023-01-01,2023
2023-01,-0.2687689712249796,-0.2851994916721941,0.5359624090779515,0.19631506427932924,-0.8174383163188323,-0.6210220355161906,0.04929640946766544,0.0022545677779662,9,0,5,2023-01-01,2023
2023-01,-0.26899166668782565,-0.2917082096572944,0.5359624090779515,0.19631506427932924,-0.8174383163188323,-0.6210220355161906,0.04929640946766544,0.0022545677779662,17,1,5,2023-01-01,2023
2023-01,-0.26945854577221345,-0.29215604994472893,0.5359624090779515,0.19631506427932924,-0.8174383163188323,-0.6210220355161906,0.04929640946766544,0.0022545677779662,17,0,5,2023-01-01,2023
2023-01,-0.2693471980407904,-0.2877631834889634,0.5359624090779515,0.19631506427932924,-0.8174383163188323,-0.6210220355161906,0.04929640946766544,0.0022545677779662,28,1,5,2023-01-01,2023
2023-01,-0.2591930663225994,-0.26370487633861556,0.5359624090779515,0.19631506427932924,-0.8174383163188323,-0.6210220355161906,0.04929640946766544,0.0022545677779662,30,1,5,2023-01-01,2023
2023-01,-0.25698173944591757,-0.26056574742368893,0.5359624090779515,0.19631506427932924,-0.8174383163188323,-0.6210220355161906,0.04929640946766544,0.0022545677779662,30,0,5,2023-01-01,2023
2023-01,-0.2691850601160867,-0.2900728711089783,0.5359624090779515,0.19631506427932924,-0.8174383163188323,-0.6210220355161906,0.04929640946766544,0.0022545677779662,36,0,5,2023-01-01,2023
2023-01,-0.26940775557893276,-0.28945866460355973,0.5359624090779515,0.19631506427932924,-0.8174383163188323,-0.6210220355161906,0.04929640946766544,0.0022545677779662,36,1,5,2023-01-01,2023
2023-01,-0.21600968122018896,-0.03946868496791721,0.5359624090779515,0.19631506427932924,-0.8174383163188323,-0.6210220355161906,0.04929640946766544,0.0022545677779662,37,0,5,2023-01-01,2023
2023-01,-0.2691381768607507,-0.29013418485723963,0.5359624090779515,0.19631506427932924,-0.8174383163188323,-0.6210220355161906,0.04929640946766544,0.0022545677779662,37,1,5,2023-01-01,2023
2023-01,-0.25010162172535805,-0.27962650065892314,0.5359624090779515,0.19631506427932924,-0.8174383163188323,-0.6210220355161906,0.04929640946766544,0.0022545677779662,41,0,5,2023-01-01,2023
2023-01,-0.24312383055618178,-0.27807396577123134,0.5359624090779515,0.19631506427932924,-0.8174383163188323,-0.6210220355161906,0.04929640946766544,0.0022545677779662,41,1,5,2023-01-01,2023
2023-01,0.08292967561604901,0.7760335996961638,0.5359624090779515,0.19631506427932924,-0.8174383163188323,-0.6210220355161906,0.04929640946766544,0.0022545677779662,44,1,5,2023-01-01,2023
2023-01,-0.17479734631086324,-0.08128818942226067,0.5359624090779515,0.19631506427932924,-0.8174383163188323,-0.6210220355161906,0.04929640946766544,0.0022545677779662,44,0,5,2023-01-01,2023
2023-01,-0.26801883913960345,-0.2754149703889557,0.5359624090779515,0.19631506427932924,-0.8174383163188323,-0.6210220355161906,0.04929640946766544,0.0022545677779662,46,1,5,2023-01-01,2023
2023-01,-0.26940970904790507,-0.29082110680466045,0.5359624090779515,0.19631506427932924,-0.8174383163188323,-0.6210220355161906,0.04929640946766544,0.0022545677779662,46,0,5,2023-01-01,2023
2023-01,-0.2694761269929644,-0.29216769973932566,0.5359624090779515,0.19631506427932924,-0.8174383163188323,-0.6210220355161906,0.04929640946766544,0.0022545677779662,48,1,5,2023-01-01,2023
2023-01,-0.26692684998406885,-0.29047394073655197,0.5359624090779515,0.19631506427932924,-0.8174383163188323,-0.6210220355161906,0.04929640946766544,0.0022545677779662,49,0,5,2023-01-01,2023
2023-01,-0.26062886601726476,-0.28744257880659385,0.5359624090779515,0.19631506427932924,-0.8174383163188323,-0.6210220355161906,0.04929640946766544,0.0022545677779662,49,1,5,2023-01-01,2023
2023-01,-0.2691264560469167,-0.2882330317817245,0.5359624090779515,0.19631506427932924,-0.8174383163188323,-0.6210220355161906,0.04929640946766544,0.0022545677779662,50,0,5,2023-01-01,2023
2023-01,-0.2667080614591675,-0.2777862344522557,0.5359624090779515,0.19631506427932924,-0.8174383163188323,-0.6210220355161906,0.04929640946766544,0.0022545677779662,50,1,5,2023-01-01,2023
2023-01,-0.13580610562308104,-0.18971928200504307,0.5359624090779515,0.19631506427932924,-0.8174383163188323,-0.6210220355161906,0.04929640946766544,0.0022545677779662,60,0,5,2023-01-01,2023
2023-01,-0.26857362432774623,-0.2898609783839544,0.5359624090779515,0.19631506427932924,-0.8174383163188323,-0.6210220355161906,0.04929640946766544,0.0022545677779662,67,0,5,2023-01-01,2023
2023-01,-0.2686712977763629,-0.28714441265750645,0.5359624090779515,0.19631506427932924,-0.8174383163188323,-0.6210220355161906,0.04929640946766544,0.0022545677779662,67,1,5,2023-01-01,2023
2023-01,-0.2694663596481028,-0.2921520219543641,0.5359624090779515,0.19631506427932924,-0.8174383163188323,-0.6210220355161906,0.04929640946766544,0.0022545677779662,78,0,5,2023-01-01,2023
2023-01,-0.26935501191667977,-0.29052209784237176,0.5359624090779515,0.19631506427932924,-0.8174383163188323,-0.6210220355161906,0.04929640946766544,0.0022545677779662,78,1,5,2023-01-01,2023
2023-01,-0.24601301116626342,-0.23968601357579838,0.5359624090779515,0.19631506427932924,-0.8174383163188323,-0.6210220355161906,0.04929640946766544,0.0022545677779662,79,0,5,2023-01-01,2023
2023-01,-0.24266085840973867,-0.20079467568956696,0.5359624090779515,0.19631506427932924,-0.8174383163188323,-0.6210220355161906,0.04929640946766544,0.0022545677779662,79,1,5,2023-01-01,2023
2023-01,0.31782845913226876,-0.2158767449565469,0.5359624090779515,0.19631506427932924,-0.8174383163188323,-0.6210220355161906,0.04929640946766544,0.0022545677779662,80,1,5,2023-01-01,2023
2023-01,-0.013718201790164622,-0.2588235868627816,0.5359624090779515,0.19631506427932924,-0.8174383163188323,-0.6210220355161906,0.04929640946766544,0.0022545677779662,80,0,5,2023-01-01,2023
2023-01,-0.26162904213109967,-0.2810829511931212,0.5359624090779515,0.19631506427932924,-0.8174383163188323,-0.6210220355161906,0.04929640946766544,0.0022545677779662,81,1,5,2023-01-01,2023
2023-01,-0.2637016727107458,-0.29030840638614336,0.5359624090779515,0.19631506427932924,-0.8174383163188323,-0.6210220355161906,0.04929640946766544,0.0022545677779662,81,0,5,2023-01-01,2023
2023-01,-0.2655613751724075,-0.2857332624207444,0.5359624090779515,0.19631506427932924,-0.8174383163188323,-0.6210220355161906,0.04929640946766544,0.0022545677779662,87,1,5,2023-01-01,2023
2023-01,-0.2678996775322911,-0.28752461262485673,0.5359624090779515,0.19631506427932924,-0.8174383163188323,-0.6210220355161906,0.04929640946766544,0.0022545677779662,87,0,5,2023-01-01,2023
2023-01,5.957311709645458,6.866076454151404,0.5359624090779515,0.19631506427932924,-0.8174383163188323,-0.6210220355161906,0.04929640946766544,0.0022545677779662,88,1,5,2023-01-01,2023
2023-01,3.4527183500230403,3.4950106147131383,0.5359624090779515,0.19631506427932924,-0.8174383163188323,-0.6210220355161906,0.04929640946766544,0.0022545677779662,88,0,5,2023-01-01,2023
2023-01,0.5258592304030097,0.5822326481239782,0.5359624090779515,0.19631506427932924,-0.8174383163188323,-0.6210220355161906,0.04929640946766544,0.0022545677779662,89,0,5,2023-01-01,2023
2023-01,-0.26288902961825494,-0.24459989547729244,0.5359624090779515,0.19631506427932924,-0.8174383163188323,-0.6210220355161906,0.04929640946766544,0.0022545677779662,89,1,5,2023-01-01,2023
2023-01,-0.2475425773716008,-0.2655864732290262,0.5359624090779515,0.19631506427932924,-0.8174383163188323,-0.6210220355161906,0.04929640946766544,0.0022545677779662,90,0,5,2023-01-01,2023
2023-01,-0.2692651523439524,-0.2919995676270151,0.5359624090779515,0.19631506427932924,-0.8174383163188323,-0.6210220355161906,0.04929640946766544,0.0022545677779662,90,1,5,2023-01-01,2023
2023-01,-0.26926710581292473,-0.2914136665104101,0.5359624090779515,0.19631506427932924,-0.8174383163188323,-0.6210220355161906,0.04929640946766544,0.0022545677779662,91,1,5,2023-01-01,2023
2023-01,0.27099013358262175,0.9339036768439883,0.5359624090779515,0.19631506427932924,-0.8174383163188323,-0.6210220355161906,0.04929640946766544,0.0022545677779662,91,0,5,2023-01-01,2023
2023-01,-0.26940189517201574,-0.29140141835492583,0.5359624090779515,0.19631506427932924,-0.8174383163188323,-0.6210220355161906,0.04929640946766544,0.0022545677779662,94,1,5,2023-01-01,2023
2023-01,-0.26947026658604745,-0.2920847902709835,0.5359624090779515,0.19631506427932924,-0.8174383163188323,-0.6210220355161906,0.04929640946766544,0.0022545677779662,94,0,5,2023-01-01,2023
2023-01,-0.2693921278271541,-0.28824670651712964,0.5359624090779515,0.19631506427932924,-0.8174383163188323,-0.6210220355161906,0.04929640946766544,0.0022545677779662,95,1,5,2023-01-01,2023
2023-01,-0.26790553793920807,-0.29047331683587047,0.5359624090779515,0.19631506427932924,-0.8174383163188323,-0.6210220355161906,0.04929640946766544,0.0022545677779662,98,0,5,2023-01-01,2023
2023-01,-0.26526054095066814,-0.25939131094315704,0.5359624090779515,0.19631506427932924,-0.8174383163188323,-0.6210220355161906,0.04929640946766544,0.0022545677779662,98,1,5,2023-01-01,2023
2023-01,0.625343544757052,0.3083752749465284,0.5359624090779515,0.19631506427932924,-0.8174383163188323,-0.6210220355161906,0.04929640946766544,0.0022545677779662,101,0,5,2023-01-01,2023
2023-01,2.1404697074509085,1.1250049882760507,0.5359624090779515,0.19631506427932924,-0.8174383163188323,-0.6210220355161906,0.04929640946766544,0.0022545677779662,101,1,5,2023-01-01,2023
2023-02,-0.2659051857115383,-0.286188702621159,0.5359624090779515,0.19631506427932924,-1.0645579026626633,-0.9435718767255816,0.1799182144470589,0.0027687807268814,0,1,5,2023-02-01,2023
2023-02,-0.26885687732873464,-0.29213309696702516,0.5359624090779515,0.19631506427932924,-1.0645579026626633,-0.9435718767255816,0.1799182144470589,0.0027687807268814,0,0,5,2023-02-01,2023
2023-02,-0.2620373171463174,-0.25192279655467253,0.5359624090779515,0.19631506427932924,-1.0645579026626633,-0.9435718767255816,0.1799182144470589,0.0027687807268814,2,1,5,2023-02-01,2023
2023-02,-0.2693178960062054,-0.2913872984973971,0.5359624090779515,0.19631506427932924,-1.0645579026626633,-0.9435718767255816,0.1799182144470589,0.0027687807268814,3,1,5,2023-02-01,2023
2023-02,-0.2693745466064031,-0.29168831050924215,0.5359624090779515,0.19631506427932924,-1.0645579026626633,-0.9435718767255816,0.1799182144470589,0.0027687807268814,3,0,5,2023-02-01,2023
2023-02,-0.2121086036824384,-0.03391410814610567,0.5359624090779515,0.19631506427932924,-1.0645579026626633,-0.9435718767255816,0.1799182144470589,0.0027687807268814,5,1,5,2023-02-01,2023
2023-02,-0.261648576820823,-0.2554991448512801,0.5359624090779515,0.19631506427932924,-1.0645579026626633,-0.9435718767255816,0.1799182144470589,0.0027687807268814,5,0,5,2023-02-01,2023
2023-02,-0.26897017852912997,-0.23388410574054513,0.5359624090779515,0.19631506427932924,-1.0645579026626633,-0.9435718767255816,0.1799182144470589,0.0027687807268814,6,1,5,2023-02-01,2023
2023-02,-0.269075665853636,-0.28727046248642246,0.5359624090779515,0.19631506427932924,-1.0645579026626633,-0.9435718767255816,0.1799182144470589,0.0027687807268814,6,0,5,2023-02-01,2023
2023-02,-0.2694253367996838,-0.29190564685892567,0.5359624090779515,0.19631506427932924,-1.0645579026626633,-0.9435718767255816,0.1799182144470589,0.0027687807268814,7,1,5,2023-02-01,2023
2023-02,-0.26914208379869536,-0.2781906789811767,0.5359624090779515,0.19631506427932924,-1.0645579026626633,-0.9435718767255816,0.1799182144470589,0.0027687807268814,8,1,5,2023-02-01,2023
2023-02,-0.2694448714894071,-0.2921159853050587,0.5359624090779515,0.19631506427932924,-1.0645579026626633,-0.9435718767255816,0.1799182144470589,0.0027687807268814,8,0,5,2023-02-01,2023
2023-02,-0.2535416805856378,0.16578548140676042,0.5359624090779515,0.19631506427932924,-1.0645579026626633,-0.9435718767255816,0.1799182144470589,0.0027687807268814,9,1,5,2023-02-01,2023
2023-02,-0.2686576234935566,-0.28332129887146673,0.5359624090779515,0.19631506427932924,-1.0645579026626633,-0.9435718767255816,0.1799182144470589,0.0027687807268814,9,0,5,2023-02-01,2023
2023-02,-0.2689252487427663,-0.2849478772704478,0.5359624090779515,0.19631506427932924,-1.0645579026626633,-0.9435718767255816,0.1799182144470589,0.0027687807268814,13,0,5,2023-02-01,2023
2023-02,-0.26947026658604745,-0.29216146802959464,0.5359624090779515,0.19631506427932924,-1.0645579026626633,-0.9435718767255816,0.1799182144470589,0.0027687807268814,17,0,5,2023-02-01,2023
2023-02,-0.26904831728802336,-0.2916907915178002,0.5359624090779515,0.19631506427932924,-1.0645579026626633,-0.9435718767255816,0.1799182144470589,0.0027687807268814,17,1,5,2023-02-01,2023
2023-02,-0.26938822088920944,-0.2871570037759385,0.5359624090779515,0.19631506427932924,-1.0645579026626633,-0.9435718767255816,0.1799182144470589,0.0027687807268814,28,1,5,2023-02-01,2023
2023-02,-0.2599373380010586,-0.2702492515246535,0.5359624090779515,0.19631506427932924,-1.0645579026626633,-0.9435718767255816,0.1799182144470589,0.0027687807268814,30,0,5,2023-02-01,2023
2023-02,-0.26267414803129824,-0.2722585254937108,0.5359624090779515,0.19631506427932924,-1.0645579026626633,-0.9435718767255816,0.1799182144470589,0.0027687807268814,30,1,5,2023-02-01,2023
2023-02,-0.2694116625168774,-0.29204347782995027,0.5359624090779515,0.19631506427932924,-1.0645579026626633,-0.9435718767255816,0.1799182144470589,0.0027687807268814,36,1,5,2023-02-01,2023
2023-02,-0.26914599073664003,-0.2896386289375669,0.5359624090779515,0.19631506427932924,-1.0645579026626633,-0.9435718767255816,0.1799182144470589,0.0027687807268814,36,0,5,2023-02-01,2023
2023-02,-0.25400855967002556,-0.23540340241064334,0.5359624090779515,0.19631506427932924,-1.0645579026626633,-0.9435718767255816,0.1799182144470589,0.0027687807268814,37,0,5,2023-02-01,2023
2023-02,-0.2693511049787351,-0.29153776072081566,0.5359624090779515,0.19631506427932924,-1.0645579026626633,-0.9435718767255816,0.1799182144470589,0.0027687807268814,37,1,5,2023-02-01,2023
2023-02,-0.2522523910638975,-0.28383683055857356,0.5359624090779515,0.19631506427932924,-1.0645579026626633,-0.9435718767255816,0.1799182144470589,0.0027687807268814,41,1,5,2023-02-01,2023
2023-02,-0.2536862372895905,-0.2827834344587956,0.5359624090779515,0.19631506427932924,-1.0645579026626633,-0.9435718767255816,0.1799182144470589,0.0027687807268814,41,0,5,2023-02-01,2023
2023-02,-0.1955568610798543,-0.14413915964052826,0.5359624090779515,0.19631506427932924,-1.0645579026626633,-0.9435718767255816,0.1799182144470589,0.0027687807268814,44,0,5,2023-02-01,2023
2023-02,0.031162747849203913,0.619932857450041,0.5359624090779515,0.19631506427932924,-1.0645579026626633,-0.9435718767255816,0.1799182144470589,0.0027687807268814,44,1,5,2023-02-01,2023
2023-02,-0.26938822088920944,-0.2909025714503718,0.5359624090779515,0.19631506427932924,-1.0645579026626633,-0.9435718767255816,0.1799182144470589,0.0027687807268814,46,0,5,2023-02-01,2023
2023-02,-0.2671358711641086,-0.2678995430474724,0.5359624090779515,0.19631506427932924,-1.0645579026626633,-0.9435718767255816,0.1799182144470589,0.0027687807268814,46,1,5,2023-02-01,2023
2023-02,-0.2694741735239921,-0.29216370823438087,0.5359624090779515,0.19631506427932924,-1.0645579026626633,-0.9435718767255816,0.1799182144470589,0.0027687807268814,48,1,5,2023-02-01,2023
2023-02,-0.2637329282143031,-0.28882149417481146,0.5359624090779515,0.19631506427932924,-1.0645579026626633,-0.9435718767255816,0.1799182144470589,0.0027687807268814,49,1,5,2023-02-01,2023
2023-02,-0.2676457265658877,-0.29098421852318296,0.5359624090779515,0.19631506427932924,-1.0645579026626633,-0.9435718767255816,0.1799182144470589,0.0027687807268814,49,0,5,2023-02-01,2023
2023-02,-0.26910692135719333,-0.2872081636318219,0.5359624090779515,0.19631506427932924,-1.0645579026626633,-0.9435718767255816,0.1799182144470589,0.0027687807268814,50,0,5,2023-02-01,2023
2023-02,-0.2652820291093638,-0.27496582027494415,0.5359624090779515,0.19631506427932924,-1.0645579026626633,-0.9435718767255816,0.1799182144470589,0.0027687807268814,50,1,5,2023-02-01,2023
2023-02,-0.1448369926821801,-0.2040942492388162,0.5359624090779515,0.19631506427932924,-1.0645579026626633,-0.9435718767255816,0.1799182144470589,0.0027687807268814,60,0,5,2023-02-01,2023
2023-02,-0.2687689712249796,-0.288229835658935,0.5359624090779515,0.19631506427932924,-1.0645579026626633,-0.9435718767255816,0.1799182144470589,0.0027687807268814,67,1,5,2023-02-01,2023
2023-02,-0.26848767169296356,-0.2900392570915589,0.5359624090779515,0.19631506427932924,-1.0645579026626633,-0.9435718767255816,0.1799182144470589,0.0027687807268814,67,0,5,2023-02-01,2023
2023-02,-0.26934915150976274,-0.2912503760133297,0.5359624090779515,0.19631506427932924,-1.0645579026626633,-0.9435718767255816,0.1799182144470589,0.0027687807268814,78,1,5,2023-02-01,2023
2023-02,-0.2694761269929644,-0.29216046103200344,0.5359624090779515,0.19631506427932924,-1.0645579026626633,-0.9435718767255816,0.1799182144470589,0.0027687807268814,78,0,5,2023-02-01,2023
2023-02,-0.2439814034350363,-0.23560734131411348,0.5359624090779515,0.19631506427932924,-1.0645579026626633,-0.9435718767255816,0.1799182144470589,0.0027687807268814,79,0,5,2023-02-01,2023
2023-02,-0.24536055252950395,-0.2130444438294088,0.5359624090779515,0.19631506427932924,-1.0645579026626633,-0.9435718767255816,0.1799182144470589,0.0027687807268814,79,1,5,2023-02-01,2023
2023-02,-0.04732177505225026,-0.2673351318432303,0.5359624090779515,0.19631506427932924,-1.0645579026626633,-0.9435718767255816,0.1799182144470589,0.0027687807268814,80,0,5,2023-02-01,2023
2023-02,0.25036345470374943,-0.23710989117644496,0.5359624090779515,0.19631506427932924,-1.0645579026626633,-0.9435718767255816,0.1799182144470589,0.0027687807268814,80,1,5,2023-02-01,2023
2023-02,-0.26373488168327547,-0.2869003215493582,0.5359624090779515,0.19631506427932924,-1.0645579026626633,-0.9435718767255816,0.1799182144470589,0.0027687807268814,81,1,5,2023-02-01,2023
2023-02,-0.2654910502894035,-0.29093798055045367,0.5359624090779515,0.19631506427932924,-1.0645579026626633,-0.9435718767255816,0.1799182144470589,0.0027687807268814,81,0,5,2023-02-01,2023
2023-02,-0.26945268536529643,-0.29176491529701337,0.5359624090779515,0.19631506427932924,-1.0645579026626633,-0.9435718767255816,0.1799182144470589,0.0027687807268814,86,1,5,2023-02-01,2023
2023-02,-0.26562779311746687,-0.28689156504856517,0.5359624090779515,0.19631506427932924,-1.0645579026626633,-0.9435718767255816,0.1799182144470589,0.0027687807268814,87,1,5,2023-02-01,2023
2023-02,-0.26780395755264674,-0.28776747782289397,0.5359624090779515,0.19631506427932924,-1.0645579026626633,-0.9435718767255816,0.1799182144470589,0.0027687807268814,87,0,5,2023-02-01,2023
2023-02,4.973282970335874,5.101960627592125,0.5359624090779515,0.19631506427932924,-1.0645579026626633,-0.9435718767255816,0.1799182144470589,0.0027687807268814,88,1,5,2023-02-01,2023
2023-02,2.955306545597691,2.4902873129779124,0.5359624090779515,0.19631506427932924,-1.0645579026626633,-0.9435718767255816,0.1799182144470589,0.0027687807268814,88,0,5,2023-02-01,2023
2023-02,0.8045665090927867,0.9180865431179358,0.5359624090779515,0.19631506427932924,-1.0645579026626633,-0.9435718767255816,0.1799182144470589,0.0027687807268814,89,0,5,2023-02-01,2023
2023-02,-0.26288902961825494,-0.24795129291706855,0.5359624090779515,0.19631506427932924,-1.0645579026626633,-0.9435718767255816,0.1799182144470589,0.0027687807268814,89,1,5,2023-02-01,2023
2023-02,-0.26928664050264806,-0.2920793977259118,0.5359624090779515,0.19631506427932924,-1.0645579026626633,-0.9435718767255816,0.1799182144470589,0.0027687807268814,90,1,5,2023-02-01,2023
2023-02,-0.24225062992554858,-0.2562024925347719,0.5359624090779515,0.19631506427932924,-1.0645579026626633,-0.9435718767255816,0.1799182144470589,0.0027687807268814,90,0,5,2023-02-01,2023
2023-02,-0.2691088748261657,-0.291951873886029,0.5359624090779515,0.19631506427932924,-1.0645579026626633,-0.9435718767255816,0.1799182144470589,0.0027687807268814,91,1,5,2023-02-01,2023
2023-02,0.27668058869903006,0.9890178955146863,0.5359624090779515,0.19631506427932924,-1.0645579026626633,-0.9435718767255816,0.1799182144470589,0.0027687807268814,91,0,5,2023-02-01,2023
2023-02,-0.2694761269929644,-0.2921449912139357,0.5359624090779515,0.19631506427932924,-1.0645579026626633,-0.9435718767255816,0.1799182144470589,0.0027687807268814,94,0,5,2023-02-01,2023
2023-02,-0.26935501191667977,-0.2902253108421593,0.5359624090779515,0.19631506427932924,-1.0645579026626633,-0.9435718767255816,0.1799182144470589,0.0027687807268814,94,1,5,2023-02-01,2023
2023-02,-0.26938822088920944,-0.2881018958852646,0.5359624090779515,0.19631506427932924,-1.0645579026626633,-0.9435718767255816,0.1799182144470589,0.0027687807268814,95,1,5,2023-02-01,2023
2023-02,-0.267635959221026,-0.29031510510925,0.5359624090779515,0.19631506427932924,-1.0645579026626633,-0.9435718767255816,0.1799182144470589,0.0027687807268814,98,0,5,2023-02-01,2023
2023-02,-0.26511793771568776,-0.26381204861123847,0.5359624090779515,0.19631506427932924,-1.0645579026626633,-0.9435718767255816,0.1799182144470589,0.0027687807268814,98,1,5,2023-02-01,2023
2023-02,0.5365329848678415,0.1610352439109205,0.5359624090779515,0.19631506427932924,-1.0645579026626633,-0.9435718767255816,0.1799182144470589,0.0027687807268814,101,0,5,2023-02-01,2023
2023-02,1.8042112793672058,0.7062938209817056,0.5359624090779515,0.19631506427932924,-1.0645579026626633,-0.9435718767255816,0.1799182144470589,0.0027687807268814,101,1,5,2023-02-01,2023
2023-03,-0.2666865733004718,-0.2916335896763696,0.5359624090779515,0.19631506427932924,-0.8669375617360913,-0.847549341210983,1.217356780918011,0.0041259196906849,0,1,5,2023-03-01,2023
2023-03,-0.26900338750165964,-0.2921409778177389,0.5359624090779515,0.19631506427932924,-0.8669375617360913,-0.847549341210983,1.217356780918011,0.0041259196906849,0,0,5,2023-03-01,2023
2023-03,-0.268946736901462,-0.2848452948636572,0.5359624090779515,0.19631506427932924,-0.8669375617360913,-0.847549341210983,1.217356780918011,0.0041259196906849,1,0,5,2023-03-01,2023
2023-03,-0.26882952876312194,-0.29026978656910396,0.5359624090779515,0.19631506427932924,-0.8669375617360913,-0.847549341210983,1.217356780918011,0.0041259196906849,2,1,5,2023-03-01,2023
2023-03,-0.2693647792615414,-0.29143057020548274,0.5359624090779515,0.19631506427932924,-0.8669375617360913,-0.847549341210983,1.217356780918011,0.0041259196906849,3,1,5,2023-03-01,2023
2023-03,-0.2693979882340711,-0.2918328584460834,0.5359624090779515,0.19631506427932924,-0.8669375617360913,-0.847549341210983,1.217356780918011,0.0041259196906849,3,0,5,2023-03-01,2023
2023-03,-0.2628812157423656,-0.2656033258445108,0.5359624090779515,0.19631506427932924,-0.8669375617360913,-0.847549341210983,1.217356780918011,0.0041259196906849,5,0,5,2023-03-01,2023
2023-03,-0.21215939387571908,-0.06180245036666176,0.5359624090779515,0.19631506427932924,-0.8669375617360913,-0.847549341210983,1.217356780918011,0.0041259196906849,5,1,5,2023-03-01,2023
2023-03,-0.26910106095027636,-0.28563968461560274,0.5359624090779515,0.19631506427932924,-0.8669375617360913,-0.847549341210983,1.217356780918011,0.0041259196906849,6,0,5,2023-03-01,2023
2023-03,-0.26897994587399165,-0.2330213131232379,0.5359624090779515,0.19631506427932924,-0.8669375617360913,-0.847549341210983,1.217356780918011,0.0041259196906849,6,1,5,2023-03-01,2023
2023-03,-0.2694038486409881,-0.2918720802725523,0.5359624090779515,0.19631506427932924,-0.8669375617360913,-0.847549341210983,1.217356780918011,0.0041259196906849,7,1,5,2023-03-01,2023
2023-03,-0.26945854577221345,-0.29215442269499825,0.5359624090779515,0.19631506427932924,-0.8669375617360913,-0.847549341210983,1.217356780918011,0.0041259196906849,8,0,5,2023-03-01,2023
2023-03,-0.2691850601160867,-0.2756238457697479,0.5359624090779515,0.19631506427932924,-0.8669375617360913,-0.847549341210983,1.217356780918011,0.0041259196906849,8,1,5,2023-03-01,2023
2023-03,-0.2522445771880082,0.31172850760292903,0.5359624090779515,0.19631506427932924,-0.8669375617360913,-0.847549341210983,1.217356780918011,0.0041259196906849,9,1,5,2023-03-01,2023
2023-03,-0.26859120554849725,-0.28288164591227366,0.5359624090779515,0.19631506427932924,-0.8669375617360913,-0.847549341210983,1.217356780918011,0.0041259196906849,9,0,5,2023-03-01,2023
2023-03,-0.26947222005501975,-0.29216232178842194,0.5359624090779515,0.19631506427932924,-0.8669375617360913,-0.847549341210983,1.217356780918011,0.0041259196906849,17,0,5,2023-03-01,2023
2023-03,-0.26904441035007864,-0.29172136629973594,0.5359624090779515,0.19631506427932924,-0.8669375617360913,-0.847549341210983,1.217356780918011,0.0041259196906849,17,1,5,2023-03-01,2023
2023-03,-0.2693432911028457,-0.28800894198080434,0.5359624090779515,0.19631506427932924,-0.8669375617360913,-0.847549341210983,1.217356780918011,0.0041259196906849,28,1,5,2023-03-01,2023
2023-03,-0.26018933549848966,-0.27214335196848827,0.5359624090779515,0.19631506427932924,-0.8669375617360913,-0.847549341210983,1.217356780918011,0.0041259196906849,30,0,5,2023-03-01,2023
2023-03,-0.2632211193435517,-0.2770810624977654,0.5359624090779515,0.19631506427932924,-0.8669375617360913,-0.847549341210983,1.217356780918011,0.0041259196906849,30,1,5,2023-03-01,2023
2023-03,-0.26919482746094836,-0.2899637103809669,0.5359624090779515,0.19631506427932924,-0.8669375617360913,-0.847549341210983,1.217356780918011,0.0041259196906849,36,0,5,2023-03-01,2023
2023-03,-0.26936868619948606,-0.29095512869784007,0.5359624090779515,0.19631506427932924,-0.8669375617360913,-0.847549341210983,1.217356780918011,0.0041259196906849,36,1,5,2023-03-01,2023
2023-03,-0.2693354772269564,-0.2916435501960217,0.5359624090779515,0.19631506427932924,-0.8669375617360913,-0.847549341210983,1.217356780918011,0.0041259196906849,37,1,5,2023-03-01,2023
2023-03,-0.25079705667950886,-0.24240670215470309,0.5359624090779515,0.19631506427932924,-0.8669375617360913,-0.847549341210983,1.217356780918011,0.0041259196906849,37,0,5,2023-03-01,2023
2023-03,-0.25695048394236025,-0.2854973112097917,0.5359624090779515,0.19631506427932924,-0.8669375617360913,-0.847549341210983,1.217356780918011,0.0041259196906849,41,0,5,2023-03-01,2023
2023-03,-0.2563331877471028,-0.2860035792487679,0.5359624090779515,0.19631506427932924,-0.8669375617360913,-0.847549341210983,1.217356780918011,0.0041259196906849,41,1,5,2023-03-01,2023
2023-03,0.06823958894409901,0.5871764626640165,0.5359624090779515,0.19631506427932924,-0.8669375617360913,-0.847549341210983,1.217356780918011,0.0041259196906849,44,1,5,2023-03-01,2023
2023-03,-0.19618978502689044,-0.15290760940861908,0.5359624090779515,0.19631506427932924,-0.8669375617360913,-0.847549341210983,1.217356780918011,0.0041259196906849,44,0,5,2023-03-01,2023
2023-03,-0.2665713186311041,-0.2612333466926931,0.5359624090779515,0.19631506427932924,-0.8669375617360913,-0.847549341210983,1.217356780918011,0.0041259196906849,46,1,5,2023-03-01,2023
2023-03,-0.2693979882340711,-0.2915925435789022,0.5359624090779515,0.19631506427932924,-0.8669375617360913,-0.847549341210983,1.217356780918011,0.0041259196906849,46,0,5,2023-03-01,2023
2023-03,-0.2694741735239921,-0.29211530667624724,0.5359624090779515,0.19631506427932924,-0.8669375617360913,-0.847549341210983,1.217356780918011,0.0041259196906849,48,1,5,2023-03-01,2023
2023-03,-0.2658817440838703,-0.29021853549967064,0.5359624090779515,0.19631506427932924,-0.8669375617360913,-0.847549341210983,1.217356780918011,0.0041259196906849,49,1,5,2023-03-01,2023
2023-03,-0.26796023507043343,-0.2912494419865785,0.5359624090779515,0.19631506427932924,-0.8669375617360913,-0.847549341210983,1.217356780918011,0.0041259196906849,49,0,5,2023-03-01,2023
2023-03,-0.26478194105244635,-0.2694891325276868,0.5359624090779515,0.19631506427932924,-0.8669375617360913,-0.847549341210983,1.217356780918011,0.0041259196906849,50,1,5,2023-03-01,2023
2023-03,-0.269063945039802,-0.28880185407324105,0.5359624090779515,0.19631506427932924,-0.8669375617360913,-0.847549341210983,1.217356780918011,0.0041259196906849,50,0,5,2023-03-01,2023
2023-03,-0.12919947355864822,-0.18468102495540975,0.5359624090779515,0.19631506427932924,-0.8669375617360913,-0.847549341210983,1.217356780918011,0.0041259196906849,60,0,5,2023-03-01,2023
2023-03,-0.26870255327992026,-0.28794390671970593,0.5359624090779515,0.19631506427932924,-0.8669375617360913,-0.847549341210983,1.217356780918011,0.0041259196906849,67,1,5,2023-03-01,2023
2023-03,-0.2686752047143076,-0.29063708164341046,0.5359624090779515,0.19631506427932924,-0.8669375617360913,-0.847549341210983,1.217356780918011,0.0041259196906849,67,0,5,2023-03-01,2023
2023-03,-0.2694116625168774,-0.29163284902234415,0.5359624090779515,0.19631506427932924,-0.8669375617360913,-0.847549341210983,1.217356780918011,0.0041259196906849,78,1,5,2023-03-01,2023
2023-03,-0.24342271130894885,-0.23772928590858336,0.5359624090779515,0.19631506427932924,-0.8669375617360913,-0.847549341210983,1.217356780918011,0.0041259196906849,79,0,5,2023-03-01,2023
2023-03,-0.24606380135954412,-0.22068814296188427,0.5359624090779515,0.19631506427932924,-0.8669375617360913,-0.847549341210983,1.217356780918011,0.0041259196906849,79,1,5,2023-03-01,2023
2023-03,0.27112296947274045,-0.23000640611768672,0.5359624090779515,0.19631506427932924,-0.8669375617360913,-0.847549341210983,1.217356780918011,0.0041259196906849,80,1,5,2023-03-01,2023
2023-03,-0.05758139409494726,-0.2688452962127098,0.5359624090779515,0.19631506427932924,-0.8669375617360913,-0.847549341210983,1.217356780918011,0.0041259196906849,80,0,5,2023-03-01,2023
2023-03,-0.2647350577971104,-0.29068220316228865,0.5359624090779515,0.19631506427932924,-0.8669375617360913,-0.847549341210983,1.217356780918011,0.0041259196906849,81,0,5,2023-03-01,2023
2023-03,-0.2630140516324843,-0.2866383854223021,0.5359624090779515,0.19631506427932924,-0.8669375617360913,-0.847549341210983,1.217356780918011,0.0041259196906849,81,1,5,2023-03-01,2023
2023-03,-0.26944096455146244,-0.29094592342638137,0.5359624090779515,0.19631506427932924,-0.8669375617360913,-0.847549341210983,1.217356780918011,0.0041259196906849,86,1,5,2023-03-01,2023
2023-03,-0.2673527062200376,-0.28609446442991576,0.5359624090779515,0.19631506427932924,-0.8669375617360913,-0.847549341210983,1.217356780918011,0.0041259196906849,87,0,5,2023-03-01,2023
2023-03,-0.264522129679126,-0.2850898566337231,0.5359624090779515,0.19631506427932924,-0.8669375617360913,-0.847549341210983,1.217356780918011,0.0041259196906849,87,1,5,2023-03-01,2023
2023-03,3.327200154674706,2.672257516864456,0.5359624090779515,0.19631506427932924,-0.8669375617360913,-0.847549341210983,1.217356780918011,0.0041259196906849,88,0,5,2023-03-01,2023
2023-03,5.400873886752071,5.414017710089209,0.5359624090779515,0.19631506427932924,-0.8669375617360913,-0.847549341210983,1.217356780918011,0.0041259196906849,88,1,5,2023-03-01,2023
2023-03,1.0983096384626168,1.2864916571387108,0.5359624090779515,0.19631506427932924,-0.8669375617360913,-0.847549341210983,1.217356780918011,0.0041259196906849,89,0,5,2023-03-01,2023
2023-03,-0.2624455921615352,-0.2490228514589081,0.5359624090779515,0.19631506427932924,-0.8669375617360913,-0.847549341210983,1.217356780918011,0.0041259196906849,89,1,5,2023-03-01,2023
2023-03,-0.24693309505223265,-0.2623046133511729,0.5359624090779515,0.19631506427932924,-0.8669375617360913,-0.847549341210983,1.217356780918011,0.0041259196906849,90,0,5,2023-03-01,2023
2023-03,-0.2691616184884187,-0.2919785191882338,0.5359624090779515,0.19631506427932924,-0.8669375617360913,-0.847549341210983,1.217356780918011,0.0041259196906849,90,1,5,2023-03-01,2023
2023-03,0.34686677540601035,1.1677382518308588,0.5359624090779515,0.19631506427932924,-0.8669375617360913,-0.847549341210983,1.217356780918011,0.0041259196906849,91,0,5,2023-03-01,2023
2023-03,-0.26926319887498007,-0.28939677438566286,0.5359624090779515,0.19631506427932924,-0.8669375617360913,-0.847549341210983,1.217356780918011,0.0041259196906849,91,1,5,2023-03-01,2023
2023-03,-0.2693921278271541,-0.2911801342828015,0.5359624090779515,0.19631506427932924,-0.8669375617360913,-0.847549341210983,1.217356780918011,0.0041259196906849,94,1,5,2023-03-01,2023
2023-03,-0.26947222005501975,-0.29212857277494875,0.5359624090779515,0.19631506427932924,-0.8669375617360913,-0.847549341210983,1.217356780918011,0.0041259196906849,94,0,5,2023-03-01,2023
2023-03,-0.2693335237579841,-0.286982486715133,0.5359624090779515,0.19631506427932924,-0.8669375617360913,-0.847549341210983,1.217356780918011,0.0041259196906849,95,1,5,2023-03-01,2023
2023-03,-0.26756954127596666,-0.29030295546439966,0.5359624090779515,0.19631506427932924,-0.8669375617360913,-0.847549341210983,1.217356780918011,0.0041259196906849,98,0,5,2023-03-01,2023
2023-03,-0.2642740391196396,-0.25597271465687826,0.5359624090779515,0.19631506427932924,-0.8669375617360913,-0.847549341210983,1.217356780918011,0.0041259196906849,98,1,5,2023-03-01,2023
2023-03,2.004428174748612,0.7116667806799853,0.5359624090779515,0.19631506427932924,-0.8669375617360913,-0.847549341210983,1.217356780918011,0.0041259196906849,101,1,5,2023-03-01,2023
2023-03,0.6152909934254224,0.1664869500911237,0.5359624090779515,0.19631506427932924,-0.8669375617360913,-0.847549341210983,1.217356780918011,0.0041259196906849,101,0,5,2023-03-01,2023
2023-04,-0.26866348390047357,-0.29211421576219015,1.0695063044267556,0.6588744150812784,-0.891954122742595,-0.7137418487292564,0.9886901235231953,0.0038149112517371,0,0,5,2023-04-01,2023
2023-04,-0.2646530121002723,-0.2845518243881201,1.0695063044267556,0.6588744150812784,-0.891954122742595,-0.7137418487292564,0.9886901235231953,0.0038149112517371,0,1,5,2023-04-01,2023
2023-04,-0.26121295323999255,-0.24811966218460893,1.0695063044267556,0.6588744150812784,-0.891954122742595,-0.7137418487292564,0.9886901235231953,0.0038149112517371,2,1,5,2023-04-01,2023
2023-04,-0.2694624527101581,-0.2921063166687664,1.0695063044267556,0.6588744150812784,-0.891954122742595,-0.7137418487292564,0.9886901235231953,0.0038149112517371,3,0,5,2023-04-01,2023
2023-04,-0.26940775557893276,-0.29190831029458353,1.0695063044267556,0.6588744150812784,-0.891954122742595,-0.7137418487292564,0.9886901235231953,0.0038149112517371,3,1,5,2023-04-01,2023
2023-04,-0.2615762984688466,-0.2537091081222868,1.0695063044267556,0.6588744150812784,-0.891954122742595,-0.7137418487292564,0.9886901235231953,0.0038149112517371,5,0,5,2023-04-01,2023
2023-04,-0.20698465456800688,0.031010255518276356,1.0695063044267556,0.6588744150812784,-0.891954122742595,-0.7137418487292564,0.9886901235231953,0.0038149112517371,5,1,5,2023-04-01,2023
2023-04,-0.269110828295138,-0.28756025158308446,1.0695063044267556,0.6588744150812784,-0.891954122742595,-0.7137418487292564,0.9886901235231953,0.0038149112517371,6,0,5,2023-04-01,2023
2023-04,-0.2689330626186556,-0.23034123646530297,1.0695063044267556,0.6588744150812784,-0.891954122742595,-0.7137418487292564,0.9886901235231953,0.0038149112517371,6,1,5,2023-04-01,2023
2023-04,-0.26941361598584973,-0.29189105269093724,1.0695063044267556,0.6588744150812784,-0.891954122742595,-0.7137418487292564,0.9886901235231953,0.0038149112517371,7,1,5,2023-04-01,2023
2023-04,-0.2694644061791304,-0.29216122722582283,1.0695063044267556,0.6588744150812784,-0.891954122742595,-0.7137418487292564,0.9886901235231953,0.0038149112517371,8,0,5,2023-04-01,2023
2023-04,-0.2692534315301184,-0.2895429203838989,1.0695063044267556,0.6588744150812784,-0.891954122742595,-0.7137418487292564,0.9886901235231953,0.0038149112517371,8,1,5,2023-04-01,2023
2023-04,-0.26859120554849725,-0.28272673246761865,1.0695063044267556,0.6588744150812784,-0.891954122742595,-0.7137418487292564,0.9886901235231953,0.0038149112517371,9,0,5,2023-04-01,2023
2023-04,-0.2552177569639002,0.09101935813228942,1.0695063044267556,0.6588744150812784,-0.891954122742595,-0.7137418487292564,0.9886901235231953,0.0038149112517371,9,1,5,2023-04-01,2023
2023-04,-0.269058084632885,-0.29176788521019903,1.0695063044267556,0.6588744150812784,-0.891954122742595,-0.7137418487292564,0.9886901235231953,0.0038149112517371,17,1,5,2023-04-01,2023
2023-04,-0.2694624527101581,-0.2921562943970427,1.0695063044267556,0.6588744150812784,-0.891954122742595,-0.7137418487292564,0.9886901235231953,0.0038149112517371,17,0,5,2023-04-01,2023
2023-04,-0.2693413376338734,-0.28229312514251476,1.0695063044267556,0.6588744150812784,-0.891954122742595,-0.7137418487292564,0.9886901235231953,0.0038149112517371,28,1,5,2023-04-01,2023
2023-04,-0.2627307986314959,-0.2752922589759671,1.0695063044267556,0.6588744150812784,-0.891954122742595,-0.7137418487292564,0.9886901235231953,0.0038149112517371,30,1,5,2023-04-01,2023
2023-04,-0.25965017806212554,-0.27013244710115825,1.0695063044267556,0.6588744150812784,-0.891954122742595,-0.7137418487292564,0.9886901235231953,0.0038149112517371,30,0,5,2023-04-01,2023
2023-04,-0.26923389684039506,-0.29033240649540026,1.0695063044267556,0.6588744150812784,-0.891954122742595,-0.7137418487292564,0.9886901235231953,0.0038149112517371,36,0,5,2023-04-01,2023
2023-04,-0.2693843139512647,-0.2912721249721745,1.0695063044267556,0.6588744150812784,-0.891954122742595,-0.7137418487292564,0.9886901235231953,0.0038149112517371,36,1,5,2023-04-01,2023
2023-04,-0.26938040701332006,-0.29170719901116116,1.0695063044267556,0.6588744150812784,-0.891954122742595,-0.7137418487292564,0.9886901235231953,0.0038149112517371,37,1,5,2023-04-01,2023
2023-04,-0.2539284674421599,-0.247799539109783,1.0695063044267556,0.6588744150812784,-0.891954122742595,-0.7137418487292564,0.9886901235231953,0.0038149112517371,37,0,5,2023-04-01,2023
2023-04,-0.25442855549907734,-0.2835379675379648,1.0695063044267556,0.6588744150812784,-0.891954122742595,-0.7137418487292564,0.9886901235231953,0.0038149112517371,41,0,5,2023-04-01,2023
2023-04,-0.2532447533018431,-0.2842793987028223,1.0695063044267556,0.6588744150812784,-0.891954122742595,-0.7137418487292564,0.9886901235231953,0.0038149112517371,41,1,5,2023-04-01,2023
2023-04,-0.186963551070558,-0.12504114384587764,1.0695063044267556,0.6588744150812784,-0.891954122742595,-0.7137418487292564,0.9886901235231953,0.0038149112517371,44,0,5,2023-04-01,2023
2023-04,0.05026376746068359,0.5906976632483378,1.0695063044267556,0.6588744150812784,-0.891954122742595,-0.7137418487292564,0.9886901235231953,0.0038149112517371,44,1,5,2023-04-01,2023
2023-04,-0.2669424777358475,-0.2577073884096075,1.0695063044267556,0.6588744150812784,-0.891954122742595,-0.7137418487292564,0.9886901235231953,0.0038149112517371,46,1,5,2023-04-01,2023
2023-04,-0.2693413376338734,-0.2893266530570205,1.0695063044267556,0.6588744150812784,-0.891954122742595,-0.7137418487292564,0.9886901235231953,0.0038149112517371,46,0,5,2023-04-01,2023
2023-04,-0.2694761269929644,-0.2921684367448091,1.0695063044267556,0.6588744150812784,-0.891954122742595,-0.7137418487292564,0.9886901235231953,0.0038149112517371,48,1,5,2023-04-01,2023
2023-04,-0.2623635464646972,-0.28830353255873453,1.0695063044267556,0.6588744150812784,-0.891954122742595,-0.7137418487292564,0.9886901235231953,0.0038149112517371,49,1,5,2023-04-01,2023
2023-04,-0.26641113417537277,-0.29031452499107246,1.0695063044267556,0.6588744150812784,-0.891954122742595,-0.7137418487292564,0.9886901235231953,0.0038149112517371,49,0,5,2023-04-01,2023
2023-04,-0.269069805446719,-0.28591059250742973,1.0695063044267556,0.6588744150812784,-0.891954122742595,-0.7137418487292564,0.9886901235231953,0.0038149112517371,50,0,5,2023-04-01,2023
2023-04,-0.2651413793433558,-0.2749029157623721,1.0695063044267556,0.6588744150812784,-0.891954122742595,-0.7137418487292564,0.9886901235231953,0.0038149112517371,50,1,5,2023-04-01,2023
2023-04,-0.147347200311629,-0.1934259817615812,1.0695063044267556,0.6588744150812784,-0.891954122742595,-0.7137418487292564,0.9886901235231953,0.0038149112517371,60,0,5,2023-04-01,2023
2023-04,-0.2687689712249796,-0.2878897733020949,1.0695063044267556,0.6588744150812784,-0.891954122742595,-0.7137418487292564,0.9886901235231953,0.0038149112517371,67,1,5,2023-04-01,2023
2023-04,-0.2682884178577855,-0.28960818915168507,1.0695063044267556,0.6588744150812784,-0.891954122742595,-0.7137418487292564,0.9886901235231953,0.0038149112517371,67,0,5,2023-04-01,2023
2023-04,-0.2694761269929644,-0.2920632638732006,1.0695063044267556,0.6588744150812784,-0.891954122742595,-0.7137418487292564,0.9886901235231953,0.0038149112517371,77,0,5,2023-04-01,2023
2023-04,-0.2694741735239921,-0.29216220503507806,1.0695063044267556,0.6588744150812784,-0.891954122742595,-0.7137418487292564,0.9886901235231953,0.0038149112517371,78,0,5,2023-04-01,2023
2023-04,-0.2693471980407904,-0.29082686420393183,1.0695063044267556,0.6588744150812784,-0.891954122742595,-0.7137418487292564,0.9886901235231953,0.0038149112517371,78,1,5,2023-04-01,2023
2023-04,-0.24162942679234645,-0.23741644532358366,1.0695063044267556,0.6588744150812784,-0.891954122742595,-0.7137418487292564,0.9886901235231953,0.0038149112517371,79,0,5,2023-04-01,2023
2023-04,-0.24172710024096314,-0.2082896201162785,1.0695063044267556,0.6588744150812784,-0.891954122742595,-0.7137418487292564,0.9886901235231953,0.0038149112517371,79,1,5,2023-04-01,2023
2023-04,0.2774346277223509,-0.23233612058472372,1.0695063044267556,0.6588744150812784,-0.891954122742595,-0.7137418487292564,0.9886901235231953,0.0038149112517371,80,1,5,2023-04-01,2023
2023-04,-0.028181686061323912,-0.26328593250379806,1.0695063044267556,0.6588744150812784,-0.891954122742595,-0.7137418487292564,0.9886901235231953,0.0038149112517371,80,0,5,2023-04-01,2023
2023-04,-0.2662646240024477,-0.2911140555386919,1.0695063044267556,0.6588744150812784,-0.891954122742595,-0.7137418487292564,0.9886901235231953,0.0038149112517371,81,0,5,2023-04-01,2023
2023-04,-0.26398297224276185,-0.28634914360693964,1.0695063044267556,0.6588744150812784,-0.891954122742595,-0.7137418487292564,0.9886901235231953,0.0038149112517371,81,1,5,2023-04-01,2023
2023-04,-0.26947222005501975,-0.29216222692633004,1.0695063044267556,0.6588744150812784,-0.891954122742595,-0.7137418487292564,0.9886901235231953,0.0038149112517371,84,1,5,2023-04-01,2023
2023-04,-0.2694468249583794,-0.291087519692747,1.0695063044267556,0.6588744150812784,-0.891954122742595,-0.7137418487292564,0.9886901235231953,0.0038149112517371,86,1,5,2023-04-01,2023
2023-04,-0.2678547477459274,-0.2869631603881743,1.0695063044267556,0.6588744150812784,-0.891954122742595,-0.7137418487292564,0.9886901235231953,0.0038149112517371,87,0,5,2023-04-01,2023
2023-04,-0.2655828633311032,-0.2861664355693507,1.0695063044267556,0.6588744150812784,-0.891954122742595,-0.7137418487292564,0.9886901235231953,0.0038149112517371,87,1,5,2023-04-01,2023
2023-04,3.5080738002920624,3.0297475140020977,1.0695063044267556,0.6588744150812784,-0.891954122742595,-0.7137418487292564,0.9886901235231953,0.0038149112517371,88,0,5,2023-04-01,2023
2023-04,5.337511167165452,7.18744975297223,1.0695063044267556,0.6588744150812784,-0.891954122742595,-0.7137418487292564,0.9886901235231953,0.0038149112517371,88,1,5,2023-04-01,2023
2023-04,0.7549210486298962,0.8626921930412422,1.0695063044267556,0.6588744150812784,-0.891954122742595,-0.7137418487292564,0.9886901235231953,0.0038149112517371,89,0,5,2023-04-01,2023
2023-04,-0.26325823525402603,-0.2521887789148034,1.0695063044267556,0.6588744150812784,-0.891954122742595,-0.7137418487292564,0.9886901235231953,0.0038149112517371,89,1,5,2023-04-01,2023
2023-04,-0.2421705376976829,-0.2544691541484136,1.0695063044267556,0.6588744150812784,-0.891954122742595,-0.7137418487292564,0.9886901235231953,0.0038149112517371,90,0,5,2023-04-01,2023
2023-04,-0.26926319887498007,-0.2920273403286971,1.0695063044267556,0.6588744150812784,-0.891954122742595,-0.7137418487292564,0.9886901235231953,0.0038149112517371,90,1,5,2023-04-01,2023
2023-04,-0.2692592919370354,-0.29202608158170806,1.0695063044267556,0.6588744150812784,-0.891954122742595,-0.7137418487292564,0.9886901235231953,0.0038149112517371,91,1,5,2023-04-01,2023
2023-04,0.24376854345315058,0.8505439747708058,1.0695063044267556,0.6588744150812784,-0.891954122742595,-0.7137418487292564,0.9886901235231953,0.0038149112517371,91,0,5,2023-04-01,2023
2023-04,-0.2694741735239921,-0.29214280208873744,1.0695063044267556,0.6588744150812784,-0.891954122742595,-0.7137418487292564,0.9886901235231953,0.0038149112517371,94,0,5,2023-04-01,2023
2023-04,-0.2693765000753754,-0.28643441733049596,1.0695063044267556,0.6588744150812784,-0.891954122742595,-0.7137418487292564,0.9886901235231953,0.0038149112517371,94,1,5,2023-04-01,2023
2023-04,-0.2694175229237944,-0.28839597931585714,1.0695063044267556,0.6588744150812784,-0.891954122742595,-0.7137418487292564,0.9886901235231953,0.0038149112517371,95,1,5,2023-04-01,2023
2023-04,-0.2642232489263589,-0.25912507683362834,1.0695063044267556,0.6588744150812784,-0.891954122742595,-0.7137418487292564,0.9886901235231953,0.0038149112517371,98,1,5,2023-04-01,2023
2023-04,-0.26756172740007733,-0.2902731724160773,1.0695063044267556,0.6588744150812784,-0.891954122742595,-0.7137418487292564,0.9886901235231953,0.0038149112517371,98,0,5,2023-04-01,2023
2023-04,0.6780969743549257,0.2369033253791509,1.0695063044267556,0.6588744150812784,-0.891954122742595,-0.7137418487292564,0.9886901235231953,0.0038149112517371,101,0,5,2023-04-01,2023
2023-04,2.0462245968806654,0.807642546266809,1.0695063044267556,0.6588744150812784,-0.891954122742595,-0.7137418487292564,0.9886901235231953,0.0038149112517371,101,1,5,2023-04-01,2023
2023-05,-0.2660946722018547,-0.2914681173511749,1.0695063044267556,0.6588744150812784,-0.8234640501229564,-0.8349418671048912,1.6310448291400084,0.0046741620294728,0,1,5,2023-05-01,2023
2023-05,-0.2684525092514615,-0.2920617314855618,1.0695063044267556,0.6588744150812784,-0.8234640501229564,-0.8349418671048912,1.6310448291400084,0.0046741620294728,0,0,5,2023-05-01,2023
2023-05,-0.2688139010113433,-0.2902150584391474,1.0695063044267556,0.6588744150812784,-0.8234640501229564,-0.8349418671048912,1.6310448291400084,0.0046741620294728,2,1,5,2023-05-01,2023
2023-05,-0.26940775557893276,-0.29154492280875594,1.0695063044267556,0.6588744150812784,-0.8234640501229564,-0.8349418671048912,1.6310448291400084,0.0046741620294728,3,1,5,2023-05-01,2023
2023-05,-0.2694272902686561,-0.29184114063641686,1.0695063044267556,0.6588744150812784,-0.8234640501229564,-0.8349418671048912,1.6310448291400084,0.0046741620294728,3,0,5,2023-05-01,2023
2023-05,-0.2628948900251719,-0.2641892932595711,1.0695063044267556,0.6588744150812784,-0.8234640501229564,-0.8349418671048912,1.6310448291400084,0.0046741620294728,5,0,5,2023-05-01,2023
2023-05,-0.21337249810753833,-0.043115034191281244,1.0695063044267556,0.6588744150812784,-0.8234640501229564,-0.8349418671048912,1.6310448291400084,0.0046741620294728,5,1,5,2023-05-01,2023
2023-05,-0.26905027075699567,-0.28668910745314585,1.0695063044267556,0.6588744150812784,-0.8234640501229564,-0.8349418671048912,1.6310448291400084,0.0046741620294728,6,0,5,2023-05-01,2023
2023-05,-0.2689779924050193,-0.23224325789381342,1.0695063044267556,0.6588744150812784,-0.8234640501229564,-0.8349418671048912,1.6310448291400084,0.0046741620294728,6,1,5,2023-05-01,2023
2023-05,-0.2693979882340711,-0.2917852449730212,1.0695063044267556,0.6588744150812784,-0.8234640501229564,-0.8349418671048912,1.6310448291400084,0.0046741620294728,7,1,5,2023-05-01,2023
2023-05,-0.2691733393022527,-0.2766336928722484,1.0695063044267556,0.6588744150812784,-0.8234640501229564,-0.8349418671048912,1.6310448291400084,0.0046741620294728,8,1,5,2023-05-01,2023
2023-05,-0.2694624527101581,-0.2921549517335878,1.0695063044267556,0.6588744150812784,-0.8234640501229564,-0.8349418671048912,1.6310448291400084,0.0046741620294728,8,0,5,2023-05-01,2023
2023-05,-0.2685755777967186,-0.2819961885520804,1.0695063044267556,0.6588744150812784,-0.8234640501229564,-0.8349418671048912,1.6310448291400084,0.0046741620294728,9,0,5,2023-05-01,2023
2023-05,-0.2547665056312911,0.3627777141531792,1.0695063044267556,0.6588744150812784,-0.8234640501229564,-0.8349418671048912,1.6310448291400084,0.0046741620294728,9,1,5,2023-05-01,2023
2023-05,-0.2694644061791304,-0.29215020133190756,1.0695063044267556,0.6588744150812784,-0.8234640501229564,-0.8349418671048912,1.6310448291400084,0.0046741620294728,17,0,5,2023-05-01,2023
2023-05,-0.26905222422596803,-0.29165092389939784,1.0695063044267556,0.6588744150812784,-0.8234640501229564,-0.8349418671048912,1.6310448291400084,0.0046741620294728,17,1,5,2023-05-01,2023
2023-05,-0.2693765000753754,-0.2853334296489078,1.0695063044267556,0.6588744150812784,-0.8234640501229564,-0.8349418671048912,1.6310448291400084,0.0046741620294728,28,1,5,2023-05-01,2023
2023-05,-0.2600291510427583,-0.2712939677430204,1.0695063044267556,0.6588744150812784,-0.8234640501229564,-0.8349418671048912,1.6310448291400084,0.0046741620294728,30,0,5,2023-05-01,2023
2023-05,-0.2624299644097565,-0.2746210622445538,1.0695063044267556,0.6588744150812784,-0.8234640501229564,-0.8349418671048912,1.6310448291400084,0.0046741620294728,30,1,5,2023-05-01,2023
2023-05,-0.2692788266267587,-0.29067303072770795,1.0695063044267556,0.6588744150812784,-0.8234640501229564,-0.8349418671048912,1.6310448291400084,0.0046741620294728,36,0,5,2023-05-01,2023
2023-05,-0.2693315702890117,-0.29100009697795437,1.0695063044267556,0.6588744150812784,-0.8234640501229564,-0.8349418671048912,1.6310448291400084,0.0046741620294728,36,1,5,2023-05-01,2023
2023-05,-0.2693452445718181,-0.2916956842126183,1.0695063044267556,0.6588744150812784,-0.8234640501229564,-0.8349418671048912,1.6310448291400084,0.0046741620294728,37,1,5,2023-05-01,2023
2023-05,-0.2523090416640952,-0.24761289429537914,1.0695063044267556,0.6588744150812784,-0.8234640501229564,-0.8349418671048912,1.6310448291400084,0.0046741620294728,37,0,5,2023-05-01,2023
2023-05,-0.25526659368820853,-0.2859572391168627,1.0695063044267556,0.6588744150812784,-0.8234640501229564,-0.8349418671048912,1.6310448291400084,0.0046741620294728,41,0,5,2023-05-01,2023
2023-05,-0.25531347694354456,-0.28609956144308574,1.0695063044267556,0.6588744150812784,-0.8234640501229564,-0.8349418671048912,1.6310448291400084,0.0046741620294728,41,1,5,2023-05-01,2023
2023-05,0.07640899618639886,0.6233762090937701,1.0695063044267556,0.6588744150812784,-0.8234640501229564,-0.8349418671048912,1.6310448291400084,0.0046741620294728,44,1,5,2023-05-01,2023
2023-05,-0.1874597321895308,-0.12983418603642757,1.0695063044267556,0.6588744150812784,-0.8234640501229564,-0.8349418671048912,1.6310448291400084,0.0046741620294728,44,0,5,2023-05-01,2023
2023-05,-0.26729605561983993,-0.2640840802540006,1.0695063044267556,0.6588744150812784,-0.8234640501229564,-0.8349418671048912,1.6310448291400084,0.0046741620294728,46,1,5,2023-05-01,2023
2023-05,-0.26926905928189704,-0.28865659102216834,1.0695063044267556,0.6588744150812784,-0.8234640501229564,-0.8349418671048912,1.6310448291400084,0.0046741620294728,46,0,5,2023-05-01,2023
2023-05,-0.2694761269929644,-0.2921700311576618,1.0695063044267556,0.6588744150812784,-0.8234640501229564,-0.8349418671048912,1.6310448291400084,0.0046741620294728,48,1,5,2023-05-01,2023
2023-05,-0.2653914233718145,-0.2899871449662143,1.0695063044267556,0.6588744150812784,-0.8234640501229564,-0.8349418671048912,1.6310448291400084,0.0046741620294728,49,1,5,2023-05-01,2023
2023-05,-0.26729410215086763,-0.2908479892620951,1.0695063044267556,0.6588744150812784,-0.8234640501229564,-0.8349418671048912,1.6310448291400084,0.0046741620294728,49,0,5,2023-05-01,2023
2023-05,-0.2652976568611425,-0.2726679174455799,1.0695063044267556,0.6588744150812784,-0.8234640501229564,-0.8349418671048912,1.6310448291400084,0.0046741620294728,50,1,5,2023-05-01,2023
2023-05,-0.269169432364308,-0.28712175156316244,1.0695063044267556,0.6588744150812784,-0.8234640501229564,-0.8349418671048912,1.6310448291400084,0.0046741620294728,50,0,5,2023-05-01,2023
2023-05,-0.13154558979442108,-0.18795922899418196,1.0695063044267556,0.6588744150812784,-0.8234640501229564,-0.8349418671048912,1.6310448291400084,0.0046741620294728,60,0,5,2023-05-01,2023
2023-05,-0.2686478561486949,-0.2906580717055198,1.0695063044267556,0.6588744150812784,-0.8234640501229564,-0.8349418671048912,1.6310448291400084,0.0046741620294728,67,0,5,2023-05-01,2023
2023-05,-0.26887055161154094,-0.288461649423263,1.0695063044267556,0.6588744150812784,-0.8234640501229564,-0.8349418671048912,1.6310448291400084,0.0046741620294728,67,1,5,2023-05-01,2023
2023-05,-0.26941947639276675,-0.29173027239075083,1.0695063044267556,0.6588744150812784,-0.8234640501229564,-0.8349418671048912,1.6310448291400084,0.0046741620294728,78,1,5,2023-05-01,2023
2023-05,-0.26945854577221345,-0.2921210020503047,1.0695063044267556,0.6588744150812784,-0.8234640501229564,-0.8349418671048912,1.6310448291400084,0.0046741620294728,78,0,5,2023-05-01,2023
2023-05,-0.24202793446270252,-0.2366813151907551,1.0695063044267556,0.6588744150812784,-0.8234640501229564,-0.8349418671048912,1.6310448291400084,0.0046741620294728,79,0,5,2023-05-01,2023
2023-05,-0.24257685924392833,-0.2079553334014198,1.0695063044267556,0.6588744150812784,-0.8234640501229564,-0.8349418671048912,1.6310448291400084,0.0046741620294728,79,1,5,2023-05-01,2023
2023-05,0.283597822330064,-0.22867559312715893,1.0695063044267556,0.6588744150812784,-0.8234640501229564,-0.8349418671048912,1.6310448291400084,0.0046741620294728,80,1,5,2023-05-01,2023
2023-05,-0.04804065163406909,-0.2675562955134688,1.0695063044267556,0.6588744150812784,-0.8234640501229564,-0.8349418671048912,1.6310448291400084,0.0046741620294728,80,0,5,2023-05-01,2023
2023-05,-0.26279526310758294,-0.28383938088942956,1.0695063044267556,0.6588744150812784,-0.8234640501229564,-0.8349418671048912,1.6310448291400084,0.0046741620294728,81,1,5,2023-05-01,2023
2023-05,-0.2645182227411813,-0.2905344846424519,1.0695063044267556,0.6588744150812784,-0.8234640501229564,-0.8349418671048912,1.6310448291400084,0.0046741620294728,81,0,5,2023-05-01,2023
2023-05,-0.26945073189632407,-0.29212275335046334,1.0695063044267556,0.6588744150812784,-0.8234640501229564,-0.8349418671048912,1.6310448291400084,0.0046741620294728,84,1,5,2023-05-01,2023
2023-05,-0.26944291802043474,-0.2914686719295585,1.0695063044267556,0.6588744150812784,-0.8234640501229564,-0.8349418671048912,1.6310448291400084,0.0046741620294728,86,1,5,2023-05-01,2023
2023-05,-0.26434045706469894,-0.27964189020906693,1.0695063044267556,0.6588744150812784,-0.8234640501229564,-0.8349418671048912,1.6310448291400084,0.0046741620294728,87,1,5,2023-05-01,2023
2023-05,-0.26778442286292337,-0.2855604419319676,1.0695063044267556,0.6588744150812784,-0.8234640501229564,-0.8349418671048912,1.6310448291400084,0.0046741620294728,87,0,5,2023-05-01,2023
2023-05,5.448849131243616,5.455892274690831,1.0695063044267556,0.6588744150812784,-0.8234640501229564,-0.8349418671048912,1.6310448291400084,0.0046741620294728,88,1,5,2023-05-01,2023
2023-05,3.6484071043265764,2.8642727369872047,1.0695063044267556,0.6588744150812784,-0.8234640501229564,-0.8349418671048912,1.6310448291400084,0.0046741620294728,88,0,5,2023-05-01,2023
2023-05,0.8598360067270263,0.9998143837033255,1.0695063044267556,0.6588744150812784,-0.8234640501229564,-0.8349418671048912,1.6310448291400084,0.0046741620294728,89,0,5,2023-05-01,2023
2023-05,-0.26290661083900596,-0.25562760636645615,1.0695063044267556,0.6588744150812784,-0.8234640501229564,-0.8349418671048912,1.6310448291400084,0.0046741620294728,89,1,5,2023-05-01,2023
2023-05,-0.2692202225575887,-0.2920074849631488,1.0695063044267556,0.6588744150812784,-0.8234640501229564,-0.8349418671048912,1.6310448291400084,0.0046741620294728,90,1,5,2023-05-01,2023
2023-05,-0.24743318310915008,-0.26336833117626063,1.0695063044267556,0.6588744150812784,-0.8234640501229564,-0.8349418671048912,1.6310448291400084,0.0046741620294728,90,0,5,2023-05-01,2023
2023-05,0.3506858072469229,1.0777912640692102,1.0695063044267556,0.6588744150812784,-0.8234640501229564,-0.8349418671048912,1.6310448291400084,0.0046741620294728,91,0,5,2023-05-01,2023
2023-05,-0.269104967888221,-0.29177136227072226,1.0695063044267556,0.6588744150812784,-0.8234640501229564,-0.8349418671048912,1.6310448291400084,0.0046741620294728,91,1,5,2023-05-01,2023
2023-05,-0.2693218029441501,-0.29045008656897486,1.0695063044267556,0.6588744150812784,-0.8234640501229564,-0.8349418671048912,1.6310448291400084,0.0046741620294728,94,1,5,2023-05-01,2023
2023-05,-0.26947026658604745,-0.2920785877495884,1.0695063044267556,0.6588744150812784,-0.8234640501229564,-0.8349418671048912,1.6310448291400084,0.0046741620294728,94,0,5,2023-05-01,2023
2023-05,-0.2694331506755731,-0.2895962839591485,1.0695063044267556,0.6588744150812784,-0.8234640501229564,-0.8349418671048912,1.6310448291400084,0.0046741620294728,95,1,5,2023-05-01,2023
2023-05,-0.2666357831071911,-0.2890253199734797,1.0695063044267556,0.6588744150812784,-0.8234640501229564,-0.8349418671048912,1.6310448291400084,0.0046741620294728,98,0,5,2023-05-01,2023
2023-05,-0.2627249382245789,-0.25204672658068816,1.0695063044267556,0.6588744150812784,-0.8234640501229564,-0.8349418671048912,1.6310448291400084,0.0046741620294728,98,1,5,2023-05-01,2023
2023-05,0.6789799423304205,0.23733808929206787,1.0695063044267556,0.6588744150812784,-0.8234640501229564,-0.8349418671048912,1.6310448291400084,0.0046741620294728,101,0,5,2023-05-01,2023
2023-05,2.092051025502643,0.7910458395178612,1.0695063044267556,0.6588744150812784,-0.8234640501229564,-0.8349418671048912,1.6310448291400084,0.0046741620294728,101,1,5,2023-05-01,2023
2023-06,-0.25503999128741783,-0.2842039067203602,1.0695063044267556,0.6588744150812784,-0.8584999283768902,-0.8364603102770004,1.4376240794589834,0.0044511595926305,0,1,5,2023-06-01,2023
2023-06,-0.2620959212154874,-0.29133579932710796,1.0695063044267556,0.6588744150812784,-0.8584999283768902,-0.8364603102770004,1.4376240794589834,0.0044511595926305,0,0,5,2023-06-01,2023
2023-06,-0.26039054280264,-0.24520933333832073,1.0695063044267556,0.6588744150812784,-0.8584999283768902,-0.8364603102770004,1.4376240794589834,0.0044511595926305,2,1,5,2023-06-01,2023
2023-06,-0.26944096455146244,-0.29200835331614416,1.0695063044267556,0.6588744150812784,-0.8584999283768902,-0.8364603102770004,1.4376240794589834,0.0044511595926305,3,0,5,2023-06-01,2023
2023-06,-0.26941947639276675,-0.2918433735441191,1.0695063044267556,0.6588744150812784,-0.8584999283768902,-0.8364603102770004,1.4376240794589834,0.0044511595926305,3,1,5,2023-06-01,2023
2023-06,-0.210356342014255,-0.0361647769507754,1.0695063044267556,0.6588744150812784,-0.8584999283768902,-0.8364603102770004,1.4376240794589834,0.0044511595926305,5,1,5,2023-06-01,2023
2023-06,-0.2615040201168703,-0.25765496250965114,1.0695063044267556,0.6588744150812784,-0.8584999283768902,-0.8364603102770004,1.4376240794589834,0.0044511595926305,5,0,5,2023-06-01,2023
2023-06,-0.268993620156798,-0.23366182561645554,1.0695063044267556,0.6588744150812784,-0.8584999283768902,-0.8364603102770004,1.4376240794589834,0.0044511595926305,6,1,5,2023-06-01,2023
2023-06,-0.2691147352330827,-0.2867722102942139,1.0695063044267556,0.6588744150812784,-0.8584999283768902,-0.8364603102770004,1.4376240794589834,0.0044511595926305,6,0,5,2023-06-01,2023
2023-06,-0.26940189517201574,-0.29186660745955667,1.0695063044267556,0.6588744150812784,-0.8584999283768902,-0.8364603102770004,1.4376240794589834,0.0044511595926305,7,1,5,2023-06-01,2023
2023-06,-0.2691674788953357,-0.2779101863695233,1.0695063044267556,0.6588744150812784,-0.8584999283768902,-0.8364603102770004,1.4376240794589834,0.0044511595926305,8,1,5,2023-06-01,2023
2023-06,-0.2694683131170751,-0.29216084412891313,1.0695063044267556,0.6588744150812784,-0.8584999283768902,-0.8364603102770004,1.4376240794589834,0.0044511595926305,8,0,5,2023-06-01,2023
2023-06,-0.26854041535521656,-0.28178435420372855,1.0695063044267556,0.6588744150812784,-0.8584999283768902,-0.8364603102770004,1.4376240794589834,0.0044511595926305,9,0,5,2023-06-01,2023
2023-06,-0.2552118965569832,0.4252478386121631,1.0695063044267556,0.6588744150812784,-0.8584999283768902,-0.8364603102770004,1.4376240794589834,0.0044511595926305,9,1,5,2023-06-01,2023
2023-06,-0.26945268536529643,-0.29102379425822555,1.0695063044267556,0.6588744150812784,-0.8584999283768902,-0.8364603102770004,1.4376240794589834,0.0044511595926305,13,1,5,2023-06-01,2023
2023-06,-0.26901901525343835,-0.2868982783658398,1.0695063044267556,0.6588744150812784,-0.8584999283768902,-0.8364603102770004,1.4376240794589834,0.0044511595926305,13,0,5,2023-06-01,2023
2023-06,-0.269075665853636,-0.2917328446128588,1.0695063044267556,0.6588744150812784,-0.8584999283768902,-0.8364603102770004,1.4376240794589834,0.0044511595926305,17,1,5,2023-06-01,2023
2023-06,-0.26945854577221345,-0.2921507157763292,1.0695063044267556,0.6588744150812784,-0.8584999283768902,-0.8364603102770004,1.4376240794589834,0.0044511595926305,17,0,5,2023-06-01,2023
2023-06,-0.26935696538565207,-0.28786947281442304,1.0695063044267556,0.6588744150812784,-0.8584999283768902,-0.8364603102770004,1.4376240794589834,0.0044511595926305,28,1,5,2023-06-01,2023
2023-06,-0.2601170571465133,-0.2712261595900042,1.0695063044267556,0.6588744150812784,-0.8584999283768902,-0.8364603102770004,1.4376240794589834,0.0044511595926305,30,0,5,2023-06-01,2023
2023-06,-0.26347311684098274,-0.27596875339036014,1.0695063044267556,0.6588744150812784,-0.8584999283768902,-0.8364603102770004,1.4376240794589834,0.0044511595926305,30,1,5,2023-06-01,2023
2023-06,-0.2693647792615414,-0.29135956957821907,1.0695063044267556,0.6588744150812784,-0.8584999283768902,-0.8364603102770004,1.4376240794589834,0.0044511595926305,36,0,5,2023-06-01,2023
2023-06,-0.2693862674202371,-0.2908990542558866,1.0695063044267556,0.6588744150812784,-0.8584999283768902,-0.8364603102770004,1.4376240794589834,0.0044511595926305,36,1,5,2023-06-01,2023
2023-06,-0.26933743069592875,-0.2915515850464427,1.0695063044267556,0.6588744150812784,-0.8584999283768902,-0.8364603102770004,1.4376240794589834,0.0044511595926305,37,1,5,2023-06-01,2023
2023-06,-0.2468373750725883,-0.20786909281423427,1.0695063044267556,0.6588744150812784,-0.8584999283768902,-0.8364603102770004,1.4376240794589834,0.0044511595926305,37,0,5,2023-06-01,2023
2023-06,-0.2546629717757574,-0.285471734930392,1.0695063044267556,0.6588744150812784,-0.8584999283768902,-0.8364603102770004,1.4376240794589834,0.0044511595926305,41,1,5,2023-06-01,2023
2023-06,-0.25500092190797113,-0.2853526063856446,1.0695063044267556,0.6588744150812784,-0.8584999283768902,-0.8364603102770004,1.4376240794589834,0.0044511595926305,41,0,5,2023-06-01,2023
2023-06,0.056895794621756764,0.614352408816928,1.0695063044267556,0.6588744150812784,-0.8584999283768902,-0.8364603102770004,1.4376240794589834,0.0044511595926305,44,1,5,2023-06-01,2023
2023-06,-0.17785647872153793,-0.10422423789117721,1.0695063044267556,0.6588744150812784,-0.8584999283768902,-0.8364603102770004,1.4376240794589834,0.0044511595926305,44,0,5,2023-06-01,2023
2023-06,-0.2693725931374307,-0.2884300457524841,1.0695063044267556,0.6588744150812784,-0.8584999283768902,-0.8364603102770004,1.4376240794589834,0.0044511595926305,46,0,5,2023-06-01,2023
2023-06,-0.26708117403288323,-0.26338705549378977,1.0695063044267556,0.6588744150812784,-0.8584999283768902,-0.8364603102770004,1.4376240794589834,0.0044511595926305,46,1,5,2023-06-01,2023
2023-06,-0.2694761269929644,-0.2920078753571425,1.0695063044267556,0.6588744150812784,-0.8584999283768902,-0.8364603102770004,1.4376240794589834,0.0044511595926305,48,1,5,2023-06-01,2023
2023-06,-0.2644557117340666,-0.28963659305113254,1.0695063044267556,0.6588744150812784,-0.8584999283768902,-0.8364603102770004,1.4376240794589834,0.0044511595926305,49,1,5,2023-06-01,2023
2023-06,-0.26640722723742805,-0.29040023289112643,1.0695063044267556,0.6588744150812784,-0.8584999283768902,-0.8364603102770004,1.4376240794589834,0.0044511595926305,49,0,5,2023-06-01,2023
2023-06,-0.26905027075699567,-0.2885046365450729,1.0695063044267556,0.6588744150812784,-0.8584999283768902,-0.8364603102770004,1.4376240794589834,0.0044511595926305,50,0,5,2023-06-01,2023
2023-06,-0.26508863568110275,-0.2720951218918285,1.0695063044267556,0.6588744150812784,-0.8584999283768902,-0.8364603102770004,1.4376240794589834,0.0044511595926305,50,1,5,2023-06-01,2023
2023-06,-0.14563205455391995,-0.19609670355783557,1.0695063044267556,0.6588744150812784,-0.8584999283768902,-0.8364603102770004,1.4376240794589834,0.0044511595926305,60,0,5,2023-06-01,2023
2023-06,-0.26947222005501975,-0.2921596583527641,1.0695063044267556,0.6588744150812784,-0.8584999283768902,-0.8364603102770004,1.4376240794589834,0.0044511595926305,61,1,5,2023-06-01,2023
2023-06,-0.2694683131170751,-0.29214389665133655,1.0695063044267556,0.6588744150812784,-0.8584999283768902,-0.8364603102770004,1.4376240794589834,0.0044511595926305,61,0,5,2023-06-01,2023
2023-06,-0.26864394921075024,-0.29003181406588485,1.0695063044267556,0.6588744150812784,-0.8584999283768902,-0.8364603102770004,1.4376240794589834,0.0044511595926305,67,0,5,2023-06-01,2023
2023-06,-0.2688041336664816,-0.2881192738907968,1.0695063044267556,0.6588744150812784,-0.8584999283768902,-0.8364603102770004,1.4376240794589834,0.0044511595926305,67,1,5,2023-06-01,2023
2023-06,-0.2694761269929644,-0.2921718444830344,1.0695063044267556,0.6588744150812784,-0.8584999283768902,-0.8364603102770004,1.4376240794589834,0.0044511595926305,78,0,5,2023-06-01,2023
2023-06,-0.2693940812961264,-0.2913062607310994,1.0695063044267556,0.6588744150812784,-0.8584999283768902,-0.8364603102770004,1.4376240794589834,0.0044511595926305,78,1,5,2023-06-01,2023
2023-06,-0.23893559307949816,-0.2284141787416084,1.0695063044267556,0.6588744150812784,-0.8584999283768902,-0.8364603102770004,1.4376240794589834,0.0044511595926305,79,0,5,2023-06-01,2023
2023-06,-0.2369489151346347,-0.19727136259942926,1.0695063044267556,0.6588744150812784,-0.8584999283768902,-0.8364603102770004,1.4376240794589834,0.0044511595926305,79,1,5,2023-06-01,2023
2023-06,0.2774209534395446,-0.23320858183832327,1.0695063044267556,0.6588744150812784,-0.8584999283768902,-0.8364603102770004,1.4376240794589834,0.0044511595926305,80,1,5,2023-06-01,2023
2023-06,-0.03140881680361931,-0.2642890115608939,1.0695063044267556,0.6588744150812784,-0.8584999283768902,-0.8364603102770004,1.4376240794589834,0.0044511595926305,80,0,5,2023-06-01,2023
2023-06,-0.2614825319581746,-0.2813007144222184,1.0695063044267556,0.6588744150812784,-0.8584999283768902,-0.8364603102770004,1.4376240794589834,0.0044511595926305,81,1,5,2023-06-01,2023
2023-06,-0.2652019368814981,-0.29069162369772517,1.0695063044267556,0.6588744150812784,-0.8584999283768902,-0.8364603102770004,1.4376240794589834,0.0044511595926305,81,0,5,2023-06-01,2023
2023-06,-0.26945268536529643,-0.2921292805920962,1.0695063044267556,0.6588744150812784,-0.8584999283768902,-0.8364603102770004,1.4376240794589834,0.0044511595926305,84,1,5,2023-06-01,2023
2023-06,-0.26944291802043474,-0.2917057724312403,1.0695063044267556,0.6588744150812784,-0.8584999283768902,-0.8364603102770004,1.4376240794589834,0.0044511595926305,86,1,5,2023-06-01,2023
2023-06,-0.2679524211945441,-0.2864080237776889,1.0695063044267556,0.6588744150812784,-0.8584999283768902,-0.8364603102770004,1.4376240794589834,0.0044511595926305,87,0,5,2023-06-01,2023
2023-06,-0.26402399509118085,-0.28483271833939316,1.0695063044267556,0.6588744150812784,-0.8584999283768902,-0.8364603102770004,1.4376240794589834,0.0044511595926305,87,1,5,2023-06-01,2023
2023-06,3.6504719210303334,3.018981699106028,1.0695063044267556,0.6588744150812784,-0.8584999283768902,-0.8364603102770004,1.4376240794589834,0.0044511595926305,88,0,5,2023-06-01,2023
2023-06,5.269827374212031,5.209756819139281,1.0695063044267556,0.6588744150812784,-0.8584999283768902,-0.8364603102770004,1.4376240794589834,0.0044511595926305,88,1,5,2023-06-01,2023
2023-06,-0.26308242304651597,-0.2521972982603667,1.0695063044267556,0.6588744150812784,-0.8584999283768902,-0.8364603102770004,1.4376240794589834,0.0044511595926305,89,1,5,2023-06-01,2023
2023-06,0.7583259450486739,0.8862833262801129,1.0695063044267556,0.6588744150812784,-0.8584999283768902,-0.8364603102770004,1.4376240794589834,0.0044511595926305,89,0,5,2023-06-01,2023
2023-06,-0.2426003008715963,-0.26113612399409625,1.0695063044267556,0.6588744150812784,-0.8584999283768902,-0.8364603102770004,1.4376240794589834,0.0044511595926305,90,0,5,2023-06-01,2023
2023-06,-0.26922608296450573,-0.29201126850119985,1.0695063044267556,0.6588744150812784,-0.8584999283768902,-0.8364603102770004,1.4376240794589834,0.0044511595926305,90,1,5,2023-06-01,2023
2023-06,0.29071430979627594,1.035937627504484,1.0695063044267556,0.6588744150812784,-0.8584999283768902,-0.8364603102770004,1.4376240794589834,0.0044511595926305,91,0,5,2023-06-01,2023
2023-06,-0.26910692135719333,-0.2917976281245594,1.0695063044267556,0.6588744150812784,-0.8584999283768902,-0.8364603102770004,1.4376240794589834,0.0044511595926305,91,1,5,2023-06-01,2023
2023-06,-0.26934915150976274,-0.29110419717821573,1.0695063044267556,0.6588744150812784,-0.8584999283768902,-0.8364603102770004,1.4376240794589834,0.0044511595926305,94,1,5,2023-06-01,2023
2023-06,-0.2694683131170751,-0.2921201811283554,1.0695063044267556,0.6588744150812784,-0.8584999283768902,-0.8364603102770004,1.4376240794589834,0.0044511595926305,94,0,5,2023-06-01,2023
2023-06,-0.2694175229237944,-0.28852034716691244,1.0695063044267556,0.6588744150812784,-0.8584999283768902,-0.8364603102770004,1.4376240794589834,0.0044511595926305,95,1,5,2023-06-01,2023
2023-06,-0.2636293943587694,-0.25452000752676923,1.0695063044267556,0.6588744150812784,-0.8584999283768902,-0.8364603102770004,1.4376240794589834,0.0044511595926305,98,1,5,2023-06-01,2023
2023-06,-0.26772386532478104,-0.2900893479246372,1.0695063044267556,0.6588744150812784,-0.8584999283768902,-0.8364603102770004,1.4376240794589834,0.0044511595926305,98,0,5,2023-06-01,2023
2023-06,0.7230541092842152,0.26324373717201555,1.0695063044267556,0.6588744150812784,-0.8584999283768902,-0.8364603102770004,1.4376240794589834,0.0044511595926305,101,0,5,2023-06-01,2023
2023-06,2.085911272522598,0.7986207234997292,1.0695063044267556,0.6588744150812784,-0.8584999283768902,-0.8364603102770004,1.4376240794589834,0.0044511595926305,101,1,5,2023-06-01,2023
2023-07,-0.26000961635303493,-0.2909679058919139,1.5141262172174261,0.9231940441109637,-0.7535627403885011,-0.7214963437749995,1.2827461820885848,0.0040130552495264,0,0,5,2023-07-01,2023
2023-07,-0.2520433698838578,-0.28980956313013123,1.5141262172174261,0.9231940441109637,-0.7535627403885011,-0.7214963437749995,1.2827461820885848,0.0040130552495264,0,1,5,2023-07-01,2023
2023-07,-0.2688197614182603,-0.2827672860119164,1.5141262172174261,0.9231940441109637,-0.7535627403885011,-0.7214963437749995,1.2827461820885848,0.0040130552495264,1,0,5,2023-07-01,2023
2023-07,-0.268946736901462,-0.29058206527863617,1.5141262172174261,0.9231940441109637,-0.7535627403885011,-0.7214963437749995,1.2827461820885848,0.0040130552495264,2,1,5,2023-07-01,2023
2023-07,-0.2694468249583794,-0.2919217734145529,1.5141262172174261,0.9231940441109637,-0.7535627403885011,-0.7214963437749995,1.2827461820885848,0.0040130552495264,3,0,5,2023-07-01,2023
2023-07,-0.2694116625168774,-0.29181658594877635,1.5141262172174261,0.9231940441109637,-0.7535627403885011,-0.7214963437749995,1.2827461820885848,0.0040130552495264,3,1,5,2023-07-01,2023
2023-07,-0.2605018905340631,-0.25005383821373983,1.5141262172174261,0.9231940441109637,-0.7535627403885011,-0.7214963437749995,1.2827461820885848,0.0040130552495264,5,0,5,2023-07-01,2023
2023-07,-0.20365008303223314,0.0053842939222006996,1.5141262172174261,0.9231940441109637,-0.7535627403885011,-0.7214963437749995,1.2827461820885848,0.0040130552495264,5,1,5,2023-07-01,2023
2023-07,-0.269075665853636,-0.2863847935107934,1.5141262172174261,0.9231940441109637,-0.7535627403885011,-0.7214963437749995,1.2827461820885848,0.0040130552495264,6,0,5,2023-07-01,2023
2023-07,-0.2689545507773513,-0.2338413265856291,1.5141262172174261,0.9231940441109637,-0.7535627403885011,-0.7214963437749995,1.2827461820885848,0.0040130552495264,6,1,5,2023-07-01,2023
2023-07,-0.26940189517201574,-0.2919034577337274,1.5141262172174261,0.9231940441109637,-0.7535627403885011,-0.7214963437749995,1.2827461820885848,0.0040130552495264,7,1,5,2023-07-01,2023
2023-07,-0.2694683131170751,-0.29215918404230445,1.5141262172174261,0.9231940441109637,-0.7535627403885011,-0.7214963437749995,1.2827461820885848,0.0040130552495264,8,0,5,2023-07-01,2023
2023-07,-0.26922608296450573,-0.2900972871520229,1.5141262172174261,0.9231940441109637,-0.7535627403885011,-0.7214963437749995,1.2827461820885848,0.0040130552495264,8,1,5,2023-07-01,2023
2023-07,-0.2556748687034263,0.26418178461655506,1.5141262172174261,0.9231940441109637,-0.7535627403885011,-0.7214963437749995,1.2827461820885848,0.0040130552495264,9,1,5,2023-07-01,2023
2023-07,-0.26840757946509786,-0.2799680187840201,1.5141262172174261,0.9231940441109637,-0.7535627403885011,-0.7214963437749995,1.2827461820885848,0.0040130552495264,9,0,5,2023-07-01,2023
2023-07,-0.2694565923032411,-0.2910387532804137,1.5141262172174261,0.9231940441109637,-0.7535627403885011,-0.7214963437749995,1.2827461820885848,0.0040130552495264,13,1,5,2023-07-01,2023
2023-07,-0.2691147352330827,-0.29174976290209936,1.5141262172174261,0.9231940441109637,-0.7535627403885011,-0.7214963437749995,1.2827461820885848,0.0040130552495264,17,1,5,2023-07-01,2023
2023-07,-0.2694546388342688,-0.2921527224744276,1.5141262172174261,0.9231940441109637,-0.7535627403885011,-0.7214963437749995,1.2827461820885848,0.0040130552495264,17,0,5,2023-07-01,2023
2023-07,-0.2693061751923714,-0.28792335083409426,1.5141262172174261,0.9231940441109637,-0.7535627403885011,-0.7214963437749995,1.2827461820885848,0.0040130552495264,25,1,5,2023-07-01,2023
2023-07,-0.2693413376338734,-0.287095850563525,1.5141262172174261,0.9231940441109637,-0.7535627403885011,-0.7214963437749995,1.2827461820885848,0.0040130552495264,28,1,5,2023-07-01,2023
2023-07,-0.2599373380010586,-0.27031490338934944,1.5141262172174261,0.9231940441109637,-0.7535627403885011,-0.7214963437749995,1.2827461820885848,0.0040130552495264,30,0,5,2023-07-01,2023
2023-07,-0.26339302461311703,-0.2776727976330237,1.5141262172174261,0.9231940441109637,-0.7535627403885011,-0.7214963437749995,1.2827461820885848,0.0040130552495264,30,1,5,2023-07-01,2023
2023-07,-0.2693940812961264,-0.2920025010547808,1.5141262172174261,0.9231940441109637,-0.7535627403885011,-0.7214963437749995,1.2827461820885848,0.0040130552495264,36,1,5,2023-07-01,2023
2023-07,-0.26927687315778637,-0.2905982538594773,1.5141262172174261,0.9231940441109637,-0.7535627403885011,-0.7214963437749995,1.2827461820885848,0.0040130552495264,36,0,5,2023-07-01,2023
2023-07,-0.22886741399608987,-0.10053209946574952,1.5141262172174261,0.9231940441109637,-0.7535627403885011,-0.7214963437749995,1.2827461820885848,0.0040130552495264,37,0,5,2023-07-01,2023
2023-07,-0.2692182690886164,-0.29048291250132285,1.5141262172174261,0.9231940441109637,-0.7535627403885011,-0.7214963437749995,1.2827461820885848,0.0040130552495264,37,1,5,2023-07-01,2023
2023-07,-0.24880061138978374,-0.2831264338919434,1.5141262172174261,0.9231940441109637,-0.7535627403885011,-0.7214963437749995,1.2827461820885848,0.0040130552495264,41,1,5,2023-07-01,2023
2023-07,-0.2484001502504553,-0.2827674574933903,1.5141262172174261,0.9231940441109637,-0.7535627403885011,-0.7214963437749995,1.2827461820885848,0.0040130552495264,41,0,5,2023-07-01,2023
2023-07,0.060058460887965154,0.665486163030877,1.5141262172174261,0.9231940441109637,-0.7535627403885011,-0.7214963437749995,1.2827461820885848,0.0040130552495264,44,1,5,2023-07-01,2023
2023-07,-0.17294350425611849,-0.11479444715369803,1.5141262172174261,0.9231940441109637,-0.7535627403885011,-0.7214963437749995,1.2827461820885848,0.0040130552495264,44,0,5,2023-07-01,2023
2023-07,-0.26916552542636335,-0.2855393934931863,1.5141262172174261,0.9231940441109637,-0.7535627403885011,-0.7214963437749995,1.2827461820885848,0.0040130552495264,46,0,5,2023-07-01,2023
2023-07,-0.26714173157102555,-0.26205362649865005,1.5141262172174261,0.9231940441109637,-0.7535627403885011,-0.7214963437749995,1.2827461820885848,0.0040130552495264,46,1,5,2023-07-01,2023
2023-07,-0.26179508699374804,-0.28821353762183394,1.5141262172174261,0.9231940441109637,-0.7535627403885011,-0.7214963437749995,1.2827461820885848,0.0040130552495264,49,1,5,2023-07-01,2023
2023-07,-0.2664482500858471,-0.29038821824232997,1.5141262172174261,0.9231940441109637,-0.7535627403885011,-0.7214963437749995,1.2827461820885848,0.0040130552495264,49,0,5,2023-07-01,2023
2023-07,-0.269181153178142,-0.28913217482294884,1.5141262172174261,0.9231940441109637,-0.7535627403885011,-0.7214963437749995,1.2827461820885848,0.0040130552495264,50,0,5,2023-07-01,2023
2023-07,-0.2651726348469131,-0.2644151781431538,1.5141262172174261,0.9231940441109637,-0.7535627403885011,-0.7214963437749995,1.2827461820885848,0.0040130552495264,50,1,5,2023-07-01,2023
2023-07,-0.13338185062841482,-0.1887009301511473,1.5141262172174261,0.9231940441109637,-0.7535627403885011,-0.7214963437749995,1.2827461820885848,0.0040130552495264,60,0,5,2023-07-01,2023
2023-07,-0.26941947639276675,-0.292011082425558,1.5141262172174261,0.9231940441109637,-0.7535627403885011,-0.7214963437749995,1.2827461820885848,0.0040130552495264,61,0,5,2023-07-01,2023
2023-07,-0.26947026658604745,-0.2921474029001958,1.5141262172174261,0.9231940441109637,-0.7535627403885011,-0.7214963437749995,1.2827461820885848,0.0040130552495264,61,1,5,2023-07-01,2023
2023-07,-0.26870646021786493,-0.28931385762023665,1.5141262172174261,0.9231940441109637,-0.7535627403885011,-0.7214963437749995,1.2827461820885848,0.0040130552495264,67,0,5,2023-07-01,2023
2023-07,-0.2686654373694459,-0.2873218157150317,1.5141262172174261,0.9231940441109637,-0.7535627403885011,-0.7214963437749995,1.2827461820885848,0.0040130552495264,67,1,5,2023-07-01,2023
2023-07,-0.2694741735239921,-0.29195380761328743,1.5141262172174261,0.9231940441109637,-0.7535627403885011,-0.7214963437749995,1.2827461820885848,0.0040130552495264,77,1,5,2023-07-01,2023
2023-07,-0.2693706396684584,-0.291095061229055,1.5141262172174261,0.9231940441109637,-0.7535627403885011,-0.7214963437749995,1.2827461820885848,0.0040130552495264,78,1,5,2023-07-01,2023
2023-07,-0.23479423885815054,-0.19450158653649555,1.5141262172174261,0.9231940441109637,-0.7535627403885011,-0.7214963437749995,1.2827461820885848,0.0040130552495264,79,1,5,2023-07-01,2023
2023-07,-0.23864257273364808,-0.22946762592097433,1.5141262172174261,0.9231940441109637,-0.7535627403885011,-0.7214963437749995,1.2827461820885848,0.0040130552495264,79,0,5,2023-07-01,2023
2023-07,-0.014778935442141863,-0.26112721425453933,1.5141262172174261,0.9231940441109637,-0.7535627403885011,-0.7214963437749995,1.2827461820885848,0.0040130552495264,80,0,5,2023-07-01,2023
2023-07,0.30492970350794885,-0.22182518553548786,1.5141262172174261,0.9231940441109637,-0.7535627403885011,-0.7214963437749995,1.2827461820885848,0.0040130552495264,80,1,5,2023-07-01,2023
2023-07,-0.2649362651012607,-0.2906371728569604,1.5141262172174261,0.9231940441109637,-0.7535627403885011,-0.7214963437749995,1.2827461820885848,0.0040130552495264,81,0,5,2023-07-01,2023
2023-07,-0.26226587301608045,-0.28253658870143955,1.5141262172174261,0.9231940441109637,-0.7535627403885011,-0.7214963437749995,1.2827461820885848,0.0040130552495264,81,1,5,2023-07-01,2023
2023-07,-0.2694546388342688,-0.29214199576095606,1.5141262172174261,0.9231940441109637,-0.7535627403885011,-0.7214963437749995,1.2827461820885848,0.0040130552495264,84,1,5,2023-07-01,2023
2023-07,-0.2694116625168774,-0.2916792000998754,1.5141262172174261,0.9231940441109637,-0.7535627403885011,-0.7214963437749995,1.2827461820885848,0.0040130552495264,86,1,5,2023-07-01,2023
2023-07,-0.2644654790789283,-0.2851847807508618,1.5141262172174261,0.9231940441109637,-0.7535627403885011,-0.7214963437749995,1.2827461820885848,0.0040130552495264,87,1,5,2023-07-01,2023
2023-07,-0.2680442342362438,-0.2869992663597777,1.5141262172174261,0.9231940441109637,-0.7535627403885011,-0.7214963437749995,1.2827461820885848,0.0040130552495264,87,0,5,2023-07-01,2023
2023-07,5.540306641590338,5.862187584916542,1.5141262172174261,0.9231940441109637,-0.7535627403885011,-0.7214963437749995,1.2827461820885848,0.0040130552495264,88,1,5,2023-07-01,2023
2023-07,3.81369206754471,3.1486889834071903,1.5141262172174261,0.9231940441109637,-0.7535627403885011,-0.7214963437749995,1.2827461820885848,0.0040130552495264,88,0,5,2023-07-01,2023
2023-07,-0.263252374847109,-0.255728616251646,1.5141262172174261,0.9231940441109637,-0.7535627403885011,-0.7214963437749995,1.2827461820885848,0.0040130552495264,89,1,5,2023-07-01,2023
2023-07,0.8059456581872544,0.9417717832005378,1.5141262172174261,0.9231940441109637,-0.7535627403885011,-0.7214963437749995,1.2827461820885848,0.0040130552495264,89,0,5,2023-07-01,2023
2023-07,-0.24695849014887297,-0.26698518558612006,1.5141262172174261,0.9231940441109637,-0.7535627403885011,-0.7214963437749995,1.2827461820885848,0.0040130552495264,90,0,5,2023-07-01,2023
2023-07,-0.26922803643347804,-0.2920408837165903,1.5141262172174261,0.9231940441109637,-0.7535627403885011,-0.7214963437749995,1.2827461820885848,0.0040130552495264,90,1,5,2023-07-01,2023
2023-07,0.2994092001921336,1.3089323467092224,1.5141262172174261,0.9231940441109637,-0.7535627403885011,-0.7214963437749995,1.2827461820885848,0.0040130552495264,91,0,5,2023-07-01,2023
2023-07,-0.26925538499909074,-0.29194068380772387,1.5141262172174261,0.9231940441109637,-0.7535627403885011,-0.7214963437749995,1.2827461820885848,0.0040130552495264,91,1,5,2023-07-01,2023
2023-07,-0.26937845354434775,-0.2906343707767066,1.5141262172174261,0.9231940441109637,-0.7535627403885011,-0.7214963437749995,1.2827461820885848,0.0040130552495264,94,1,5,2023-07-01,2023
2023-07,-0.26947222005501975,-0.292144626359736,1.5141262172174261,0.9231940441109637,-0.7535627403885011,-0.7214963437749995,1.2827461820885848,0.0040130552495264,94,0,5,2023-07-01,2023
2023-07,-0.26940775557893276,-0.2891689302350277,1.5141262172174261,0.9231940441109637,-0.7535627403885011,-0.7214963437749995,1.2827461820885848,0.0040130552495264,95,1,5,2023-07-01,2023
2023-07,-0.26341060583386805,-0.2536600315838837,1.5141262172174261,0.9231940441109637,-0.7535627403885011,-0.7214963437749995,1.2827461820885848,0.0040130552495264,98,1,5,2023-07-01,2023
2023-07,-0.26777660898703404,-0.29014660814273974,1.5141262172174261,0.9231940441109637,-0.7535627403885011,-0.7214963437749995,1.2827461820885848,0.0040130552495264,98,0,5,2023-07-01,2023
2023-07,2.2111540287458338,0.922200139223617,1.5141262172174261,0.9231940441109637,-0.7535627403885011,-0.7214963437749995,1.2827461820885848,0.0040130552495264,101,1,5,2023-07-01,2023
2023-07,0.799932880690411,0.32029856789992733,1.5141262172174261,0.9231940441109637,-0.7535627403885011,-0.7214963437749995,1.2827461820885848,0.0040130552495264,101,0,5,2023-07-01,2023
2023-08,-0.2535201924269421,-0.28345833446033597,1.5141262172174261,0.9231940441109637,-0.7116017496111621,-0.6430286524040307,1.8911894575665167,0.0048216926861865,0,1,5,2023-08-01,2023
2023-08,-0.25869883867259896,-0.29094164733516076,1.5141262172174261,0.9231940441109637,-0.7116017496111621,-0.6430286524040307,1.8911894575665167,0.0048216926861865,0,0,5,2023-08-01,2023
2023-08,-0.2612969524058029,-0.24713348682258562,1.5141262172174261,0.9231940441109637,-0.7116017496111621,-0.6430286524040307,1.8911894575665167,0.0048216926861865,2,1,5,2023-08-01,2023
2023-08,-0.2693354772269564,-0.2914477037587011,1.5141262172174261,0.9231940441109637,-0.7116017496111621,-0.6430286524040307,1.8911894575665167,0.0048216926861865,3,0,5,2023-08-01,2023
2023-08,-0.2693003147854544,-0.291358391099154,1.5141262172174261,0.9231940441109637,-0.7116017496111621,-0.6430286524040307,1.8911894575665167,0.0048216926861865,3,1,5,2023-08-01,2023
2023-08,-0.26028114854018936,-0.2504191557782839,1.5141262172174261,0.9231940441109637,-0.7116017496111621,-0.6430286524040307,1.8911894575665167,0.0048216926861865,5,0,5,2023-08-01,2023
2023-08,-0.20258739591128355,-0.012258322118347032,1.5141262172174261,0.9231940441109637,-0.7116017496111621,-0.6430286524040307,1.8911894575665167,0.0048216926861865,5,1,5,2023-08-01,2023
2023-08,-0.2691088748261657,-0.28801446952192994,1.5141262172174261,0.9231940441109637,-0.7116017496111621,-0.6430286524040307,1.8911894575665167,0.0048216926861865,6,0,5,2023-08-01,2023
2023-08,-0.268999480563715,-0.23695528420931766,1.5141262172174261,0.9231940441109637,-0.7116017496111621,-0.6430286524040307,1.8911894575665167,0.0048216926861865,6,1,5,2023-08-01,2023
2023-08,-0.26940775557893276,-0.2919483895284217,1.5141262172174261,0.9231940441109637,-0.7116017496111621,-0.6430286524040307,1.8911894575665167,0.0048216926861865,7,1,5,2023-08-01,2023
2023-08,-0.26943119720660075,-0.29210383566020837,1.5141262172174261,0.9231940441109637,-0.7116017496111621,-0.6430286524040307,1.8911894575665167,0.0048216926861865,8,0,5,2023-08-01,2023
2023-08,-0.26914794420561233,-0.26295441868085717,1.5141262172174261,0.9231940441109637,-0.7116017496111621,-0.6430286524040307,1.8911894575665167,0.0048216926861865,8,1,5,2023-08-01,2023
2023-08,-0.2557569144002643,0.2214771292795461,1.5141262172174261,0.9231940441109637,-0.7116017496111621,-0.6430286524040307,1.8911894575665167,0.0048216926861865,9,1,5,2023-08-01,2023
2023-08,-0.2684153933409872,-0.28033601072984804,1.5141262172174261,0.9231940441109637,-0.7116017496111621,-0.6430286524040307,1.8911894575665167,0.0048216926861865,9,0,5,2023-08-01,2023
2023-08,-0.2692378037783397,-0.29172008201295296,1.5141262172174261,0.9231940441109637,-0.7116017496111621,-0.6430286524040307,1.8911894575665167,0.0048216926861865,13,0,5,2023-08-01,2023
2023-08,-0.26945854577221345,-0.29104532065600847,1.5141262172174261,0.9231940441109637,-0.7116017496111621,-0.6430286524040307,1.8911894575665167,0.0048216926861865,13,1,5,2023-08-01,2023
2023-08,-0.26906199157082966,-0.29171396705656577,1.5141262172174261,0.9231940441109637,-0.7116017496111621,-0.6430286524040307,1.8911894575665167,0.0048216926861865,17,1,5,2023-08-01,2023
2023-08,-0.2694624527101581,-0.2921595124110842,1.5141262172174261,0.9231940441109637,-0.7116017496111621,-0.6430286524040307,1.8911894575665167,0.0048216926861865,17,0,5,2023-08-01,2023
2023-08,-0.2692925009095651,-0.28790464475927513,1.5141262172174261,0.9231940441109637,-0.7116017496111621,-0.6430286524040307,1.8911894575665167,0.0048216926861865,25,1,5,2023-08-01,2023
2023-08,-0.26935891885462443,-0.29005587255181375,1.5141262172174261,0.9231940441109637,-0.7116017496111621,-0.6430286524040307,1.8911894575665167,0.0048216926861865,28,1,5,2023-08-01,2023
2023-08,-0.2598572457731929,-0.2696865624322341,1.5141262172174261,0.9231940441109637,-0.7116017496111621,-0.6430286524040307,1.8911894575665167,0.0048216926861865,30,0,5,2023-08-01,2023
2023-08,-0.2634027919579787,-0.27662750129647934,1.5141262172174261,0.9231940441109637,-0.7116017496111621,-0.6430286524040307,1.8911894575665167,0.0048216926861865,30,1,5,2023-08-01,2023
2023-08,-0.2693296168200394,-0.2907517151844175,1.5141262172174261,0.9231940441109637,-0.7116017496111621,-0.6430286524040307,1.8911894575665167,0.0048216926861865,36,0,5,2023-08-01,2023
2023-08,-0.2693706396684584,-0.2919727508433364,1.5141262172174261,0.9231940441109637,-0.7116017496111621,-0.6430286524040307,1.8911894575665167,0.0048216926861865,36,1,5,2023-08-01,2023
2023-08,-0.25307675497022236,-0.2436517780568409,1.5141262172174261,0.9231940441109637,-0.7116017496111621,-0.6430286524040307,1.8911894575665167,0.0048216926861865,37,0,5,2023-08-01,2023
2023-08,-0.26931594253723307,-0.29141213047422937,1.5141262172174261,0.9231940441109637,-0.7116017496111621,-0.6430286524040307,1.8911894575665167,0.0048216926861865,37,1,5,2023-08-01,2023
2023-08,-0.25035166575381673,-0.28368354436364923,1.5141262172174261,0.9231940441109637,-0.7116017496111621,-0.6430286524040307,1.8911894575665167,0.0048216926861865,41,1,5,2023-08-01,2023
2023-08,-0.25126588923286897,-0.2838676935753271,1.5141262172174261,0.9231940441109637,-0.7116017496111621,-0.6430286524040307,1.8911894575665167,0.0048216926861865,41,0,5,2023-08-01,2023
2023-08,0.08077499933956486,0.643244983033851,1.5141262172174261,0.9231940441109637,-0.7116017496111621,-0.6430286524040307,1.8911894575665167,0.0048216926861865,44,1,5,2023-08-01,2023
2023-08,-0.1714744955889235,-0.10966857766508825,1.5141262172174261,0.9231940441109637,-0.7116017496111621,-0.6430286524040307,1.8911894575665167,0.0048216926861865,44,0,5,2023-08-01,2023
2023-08,-0.2676047037174687,-0.28369145805124096,1.5141262172174261,0.9231940441109637,-0.7116017496111621,-0.6430286524040307,1.8911894575665167,0.0048216926861865,46,0,5,2023-08-01,2023
2023-08,-0.2670928948467172,-0.2603015893345566,1.5141262172174261,0.9231940441109637,-0.7116017496111621,-0.6430286524040307,1.8911894575665167,0.0048216926861865,46,1,5,2023-08-01,2023
2023-08,-0.2694761269929644,-0.29215914390834247,1.5141262172174261,0.9231940441109637,-0.7116017496111621,-0.6430286524040307,1.8911894575665167,0.0048216926861865,48,1,5,2023-08-01,2023
2023-08,-0.26039054280264,-0.2875446248777108,1.5141262172174261,0.9231940441109637,-0.7116017496111621,-0.6430286524040307,1.8911894575665167,0.0048216926861865,49,1,5,2023-08-01,2023
2023-08,-0.26549691069632053,-0.2897362602728674,1.5141262172174261,0.9231940441109637,-0.7116017496111621,-0.6430286524040307,1.8911894575665167,0.0048216926861865,49,0,5,2023-08-01,2023
2023-08,-0.26435803828544996,-0.26749338005527074,1.5141262172174261,0.9231940441109637,-0.7116017496111621,-0.6430286524040307,1.8911894575665167,0.0048216926861865,50,1,5,2023-08-01,2023
2023-08,-0.2691264560469167,-0.28880838131487385,1.5141262172174261,0.9231940441109637,-0.7116017496111621,-0.6430286524040307,1.8911894575665167,0.0048216926861865,50,0,5,2023-08-01,2023
2023-08,-0.14306324285530103,-0.19575800575570237,1.5141262172174261,0.9231940441109637,-0.7116017496111621,-0.6430286524040307,1.8911894575665167,0.0048216926861865,60,0,5,2023-08-01,2023
2023-08,-0.26938040701332006,-0.291879993960144,1.5141262172174261,0.9231940441109637,-0.7116017496111621,-0.6430286524040307,1.8911894575665167,0.0048216926861865,61,0,5,2023-08-01,2023
2023-08,-0.2694644061791304,-0.2921325715769776,1.5141262172174261,0.9231940441109637,-0.7116017496111621,-0.6430286524040307,1.8911894575665167,0.0048216926861865,61,1,5,2023-08-01,2023
2023-08,-0.26880608713545395,-0.28796342641939043,1.5141262172174261,0.9231940441109637,-0.7116017496111621,-0.6430286524040307,1.8911894575665167,0.0048216926861865,67,1,5,2023-08-01,2023
2023-08,-0.26845836965837855,-0.2888596031959712,1.5141262172174261,0.9231940441109637,-0.7116017496111621,-0.6430286524040307,1.8911894575665167,0.0048216926861865,67,0,5,2023-08-01,2023
2023-08,-0.2694761269929644,-0.2921672071861561,1.5141262172174261,0.9231940441109637,-0.7116017496111621,-0.6430286524040307,1.8911894575665167,0.0048216926861865,78,0,5,2023-08-01,2023
2023-08,-0.2693940812961264,-0.29110052309642465,1.5141262172174261,0.9231940441109637,-0.7116017496111621,-0.6430286524040307,1.8911894575665167,0.0048216926861865,78,1,5,2023-08-01,2023
2023-08,-0.24015651118720677,-0.2381398599880595,1.5141262172174261,0.9231940441109637,-0.7116017496111621,-0.6430286524040307,1.8911894575665167,0.0048216926861865,79,0,5,2023-08-01,2023
2023-08,-0.23722240079076143,-0.1992754665844767,1.5141262172174261,0.9231940441109637,-0.7116017496111621,-0.6430286524040307,1.8911894575665167,0.0048216926861865,79,1,5,2023-08-01,2023
2023-08,0.004241991941472127,-0.26082165251082384,1.5141262172174261,0.9231940441109637,-0.7116017496111621,-0.6430286524040307,1.8911894575665167,0.0048216926861865,80,0,5,2023-08-01,2023
2023-08,0.2942754837328404,-0.23312982805931579,1.5141262172174261,0.9231940441109637,-0.7116017496111621,-0.6430286524040307,1.8911894575665167,0.0048216926861865,80,1,5,2023-08-01,2023
2023-08,-0.26484054512161637,-0.29065335049217556,1.5141262172174261,0.9231940441109637,-0.7116017496111621,-0.6430286524040307,1.8911894575665167,0.0048216926861865,81,0,5,2023-08-01,2023
2023-08,-0.2629437267494803,-0.2852790408333569,1.5141262172174261,0.9231940441109637,-0.7116017496111621,-0.6430286524040307,1.8911894575665167,0.0048216926861865,81,1,5,2023-08-01,2023
2023-08,-0.2694624527101581,-0.2921495409458061,1.5141262172174261,0.9231940441109637,-0.7116017496111621,-0.6430286524040307,1.8911894575665167,0.0048216926861865,84,1,5,2023-08-01,2023
2023-08,-0.26945268536529643,-0.29214327639919707,1.5141262172174261,0.9231940441109637,-0.7116017496111621,-0.6430286524040307,1.8911894575665167,0.0048216926861865,86,0,5,2023-08-01,2023
2023-08,-0.26901901525343835,-0.2910636947135059,1.5141262172174261,0.9231940441109637,-0.7116017496111621,-0.6430286524040307,1.8911894575665167,0.0048216926861865,86,1,5,2023-08-01,2023
2023-08,-0.26792702609790375,-0.28687957958810467,1.5141262172174261,0.9231940441109637,-0.7116017496111621,-0.6430286524040307,1.8911894575665167,0.0048216926861865,87,0,5,2023-08-01,2023
2023-08,-0.264551431713711,-0.2850281306002161,1.5141262172174261,0.9231940441109637,-0.7116017496111621,-0.6430286524040307,1.8911894575665167,0.0048216926861865,87,1,5,2023-08-01,2023
2023-08,3.886359159846554,3.226862695316735,1.5141262172174261,0.9231940441109637,-0.7116017496111621,-0.6430286524040307,1.8911894575665167,0.0048216926861865,88,0,5,2023-08-01,2023
2023-08,5.717621066740103,6.259055332613843,1.5141262172174261,0.9231940441109637,-0.7116017496111621,-0.6430286524040307,1.8911894575665167,0.0048216926861865,88,1,5,2023-08-01,2023
2023-08,-0.26299256347378863,-0.25651994852539795,1.5141262172174261,0.9231940441109637,-0.7116017496111621,-0.6430286524040307,1.8911894575665167,0.0048216926861865,89,1,5,2023-08-01,2023
2023-08,0.8357028510428148,0.987356477188175,1.5141262172174261,0.9231940441109637,-0.7116017496111621,-0.6430286524040307,1.8911894575665167,0.0048216926861865,89,0,5,2023-08-01,2023
2023-08,-0.269157711550474,-0.2919813322141136,1.5141262172174261,0.9231940441109637,-0.7116017496111621,-0.6430286524040307,1.8911894575665167,0.0048216926861865,90,1,5,2023-08-01,2023
2023-08,-0.2419400283589475,-0.26614252927209486,1.5141262172174261,0.9231940441109637,-0.7116017496111621,-0.6430286524040307,1.8911894575665167,0.0048216926861865,90,0,5,2023-08-01,2023
2023-08,0.30446087095458874,1.7812366992981767,1.5141262172174261,0.9231940441109637,-0.7116017496111621,-0.6430286524040307,1.8911894575665167,0.0048216926861865,91,0,5,2023-08-01,2023
2023-08,-0.26910692135719333,-0.29192144869431513,1.5141262172174261,0.9231940441109637,-0.7116017496111621,-0.6430286524040307,1.8911894575665167,0.0048216926861865,91,1,5,2023-08-01,2023
2023-08,-0.2693628257925691,-0.2906241110766108,1.5141262172174261,0.9231940441109637,-0.7116017496111621,-0.6430286524040307,1.8911894575665167,0.0048216926861865,94,1,5,2023-08-01,2023
2023-08,-0.2694663596481028,-0.2921016100495901,1.5141262172174261,0.9231940441109637,-0.7116017496111621,-0.6430286524040307,1.8911894575665167,0.0048216926861865,94,0,5,2023-08-01,2023
2023-08,-0.26941947639276675,-0.28960192095653403,1.5141262172174261,0.9231940441109637,-0.7116017496111621,-0.6430286524040307,1.8911894575665167,0.0048216926861865,95,1,5,2023-08-01,2023
2023-08,-0.26303163285323533,-0.2524430531036656,1.5141262172174261,0.9231940441109637,-0.7116017496111621,-0.6430286524040307,1.8911894575665167,0.0048216926861865,98,1,5,2023-08-01,2023
2023-08,-0.26667875942458247,-0.28934143330065076,1.5141262172174261,0.9231940441109637,-0.7116017496111621,-0.6430286524040307,1.8911894575665167,0.0048216926861865,98,0,5,2023-08-01,2023
2023-08,0.8469509253855128,0.3735929813874776,1.5141262172174261,0.9231940441109637,-0.7116017496111621,-0.6430286524040307,1.8911894575665167,0.0048216926861865,101,0,5,2023-08-01,2023
2023-08,2.1871791040483815,0.9592856896250537,1.5141262172174261,0.9231940441109637,-0.7116017496111621,-0.6430286524040307,1.8911894575665167,0.0048216926861865,101,1,5,2023-08-01,2023
2023-09,-0.257212248784653,-0.2904640568362818,1.5141262172174261,0.9231940441109637,-0.8403797267146904,-0.7152633357266049,1.907674180550695,0.0051363943190278,0,1,5,2023-09-01,2023
2023-09,-0.26095900227358915,-0.2911951151962416,1.5141262172174261,0.9231940441109637,-0.8403797267146904,-0.7152633357266049,1.907674180550695,0.0051363943190278,0,0,5,2023-09-01,2023
2023-09,-0.2688099940733986,-0.29018455662805165,1.5141262172174261,0.9231940441109637,-0.8403797267146904,-0.7152633357266049,1.907674180550695,0.0051363943190278,2,1,5,2023-09-01,2023
2023-09,-0.26944877842735176,-0.2920348964591731,1.5141262172174261,0.9231940441109637,-0.8403797267146904,-0.7152633357266049,1.907674180550695,0.0051363943190278,3,0,5,2023-09-01,2023
2023-09,-0.2694253367996838,-0.29165582389129996,1.5141262172174261,0.9231940441109637,-0.8403797267146904,-0.7152633357266049,1.907674180550695,0.0051363943190278,3,1,5,2023-09-01,2023
2023-09,-0.25924971692279714,-0.26263049382527026,1.5141262172174261,0.9231940441109637,-0.8403797267146904,-0.7152633357266049,1.907674180550695,0.0051363943190278,5,0,5,2023-09-01,2023
2023-09,-0.22264366185023446,-0.09898972576751965,1.5141262172174261,0.9231940441109637,-0.8403797267146904,-0.7152633357266049,1.907674180550695,0.0051363943190278,5,1,5,2023-09-01,2023
2023-09,-0.26900143403268734,-0.23684605051046637,1.5141262172174261,0.9231940441109637,-0.8403797267146904,-0.7152633357266049,1.907674180550695,0.0051363943190278,6,1,5,2023-09-01,2023
2023-09,-0.2690776193226083,-0.28658285096456415,1.5141262172174261,0.9231940441109637,-0.8403797267146904,-0.7152633357266049,1.907674180550695,0.0051363943190278,6,0,5,2023-09-01,2023
2023-09,-0.26940775557893276,-0.29192753811090827,1.5141262172174261,0.9231940441109637,-0.8403797267146904,-0.7152633357266049,1.907674180550695,0.0051363943190278,7,1,5,2023-09-01,2023
2023-09,-0.26922217602656107,-0.2774636376659557,1.5141262172174261,0.9231940441109637,-0.8403797267146904,-0.7152633357266049,1.907674180550695,0.0051363943190278,8,1,5,2023-09-01,2023
2023-09,-0.2694546388342688,-0.2921048207665476,1.5141262172174261,0.9231940441109637,-0.8403797267146904,-0.7152633357266049,1.907674180550695,0.0051363943190278,8,0,5,2023-09-01,2023
2023-09,-0.25499896843899883,0.3448955895732316,1.5141262172174261,0.9231940441109637,-0.8403797267146904,-0.7152633357266049,1.907674180550695,0.0051363943190278,9,1,5,2023-09-01,2023
2023-09,-0.2684251606858489,-0.2814651177246079,1.5141262172174261,0.9231940441109637,-0.8403797267146904,-0.7152633357266049,1.907674180550695,0.0051363943190278,9,0,5,2023-09-01,2023
2023-09,-0.2694351041445454,-0.2886168511027359,1.5141262172174261,0.9231940441109637,-0.8403797267146904,-0.7152633357266049,1.907674180550695,0.0051363943190278,13,1,5,2023-09-01,2023
2023-09,-0.2694468249583794,-0.29214913960618644,1.5141262172174261,0.9231940441109637,-0.8403797267146904,-0.7152633357266049,1.907674180550695,0.0051363943190278,17,0,5,2023-09-01,2023
2023-09,-0.2690287825983,-0.2916452978476383,1.5141262172174261,0.9231940441109637,-0.8403797267146904,-0.7152633357266049,1.907674180550695,0.0051363943190278,17,1,5,2023-09-01,2023
2023-09,-0.26928468703367575,-0.2865183119051774,1.5141262172174261,0.9231940441109637,-0.8403797267146904,-0.7152633357266049,1.907674180550695,0.0051363943190278,25,1,5,2023-09-01,2023
2023-09,-0.26932570988209475,-0.28824567397974443,1.5141262172174261,0.9231940441109637,-0.8403797267146904,-0.7152633357266049,1.907674180550695,0.0051363943190278,28,1,5,2023-09-01,2023
2023-09,-0.25952906298584083,-0.265062560840952,1.5141262172174261,0.9231940441109637,-0.8403797267146904,-0.7152633357266049,1.907674180550695,0.0051363943190278,30,0,5,2023-09-01,2023
2023-09,-0.2638852987941452,-0.27800140721653493,1.5141262172174261,0.9231940441109637,-0.8403797267146904,-0.7152633357266049,1.907674180550695,0.0051363943190278,30,1,5,2023-09-01,2023
2023-09,-0.26939603476509877,-0.29181202891982194,1.5141262172174261,0.9231940441109637,-0.8403797267146904,-0.7152633357266049,1.907674180550695,0.0051363943190278,36,1,5,2023-09-01,2023
2023-09,-0.2693530584477074,-0.29084346142147666,1.5141262172174261,0.9231940441109637,-0.8403797267146904,-0.7152633357266049,1.907674180550695,0.0051363943190278,36,0,5,2023-09-01,2023
2023-09,-0.2559444474216084,-0.25780686590715857,1.5141262172174261,0.9231940441109637,-0.8403797267146904,-0.7152633357266049,1.907674180550695,0.0051363943190278,37,0,5,2023-09-01,2023
2023-09,-0.2693628257925691,-0.2917980294641791,1.5141262172174261,0.9231940441109637,-0.8403797267146904,-0.7152633357266049,1.907674180550695,0.0051363943190278,37,1,5,2023-09-01,2023
2023-09,-0.25912860184651243,-0.28725935632458327,1.5141262172174261,0.9231940441109637,-0.8403797267146904,-0.7152633357266049,1.907674180550695,0.0051363943190278,41,0,5,2023-09-01,2023
2023-09,-0.25958766705501085,-0.2877878074989018,1.5141262172174261,0.9231940441109637,-0.8403797267146904,-0.7152633357266049,1.907674180550695,0.0051363943190278,41,1,5,2023-09-01,2023
2023-09,0.06387358579093302,0.6044036703069419,1.5141262172174261,0.9231940441109637,-0.8403797267146904,-0.7152633357266049,1.907674180550695,0.0051363943190278,44,1,5,2023-09-01,2023
2023-09,-0.17289271406283782,-0.11589775895653838,1.5141262172174261,0.9231940441109637,-0.8403797267146904,-0.7152633357266049,1.907674180550695,0.0051363943190278,44,0,5,2023-09-01,2023
2023-09,-0.26876506428703495,-0.2855543196784965,1.5141262172174261,0.9231940441109637,-0.8403797267146904,-0.7152633357266049,1.907674180550695,0.0051363943190278,46,0,5,2023-09-01,2023
2023-09,-0.2665439700654914,-0.2658989416627422,1.5141262172174261,0.9231940441109637,-0.8403797267146904,-0.7152633357266049,1.907674180550695,0.0051363943190278,46,1,5,2023-09-01,2023
2023-09,-0.2670030352739899,-0.2908713618221285,1.5141262172174261,0.9231940441109637,-0.8403797267146904,-0.7152633357266049,1.907674180550695,0.0051363943190278,49,0,5,2023-09-01,2023
2023-09,-0.2646901280107467,-0.28968644308043895,1.5141262172174261,0.9231940441109637,-0.8403797267146904,-0.7152633357266049,1.907674180550695,0.0051363943190278,49,1,5,2023-09-01,2023
2023-09,-0.26908934013644237,-0.2885217117216194,1.5141262172174261,0.9231940441109637,-0.8403797267146904,-0.7152633357266049,1.907674180550695,0.0051363943190278,50,0,5,2023-09-01,2023
2023-09,-0.26522928544711083,-0.2753681960805528,1.5141262172174261,0.9231940441109637,-0.8403797267146904,-0.7152633357266049,1.907674180550695,0.0051363943190278,50,1,5,2023-09-01,2023
2023-09,-0.1346242568948191,-0.1906840221828334,1.5141262172174261,0.9231940441109637,-0.8403797267146904,-0.7152633357266049,1.907674180550695,0.0051363943190278,60,0,5,2023-09-01,2023
2023-09,-0.2694155694548221,-0.29197799379818623,1.5141262172174261,0.9231940441109637,-0.8403797267146904,-0.7152633357266049,1.907674180550695,0.0051363943190278,61,0,5,2023-09-01,2023
2023-09,-0.268958457715296,-0.28864103363909266,1.5141262172174261,0.9231940441109637,-0.8403797267146904,-0.7152633357266049,1.907674180550695,0.0051363943190278,67,1,5,2023-09-01,2023
2023-09,-0.2688900863012643,-0.29027839347967516,1.5141262172174261,0.9231940441109637,-0.8403797267146904,-0.7152633357266049,1.907674180550695,0.0051363943190278,67,0,5,2023-09-01,2023
2023-09,-0.2694761269929644,-0.2920632638732006,1.5141262172174261,0.9231940441109637,-0.8403797267146904,-0.7152633357266049,1.907674180550695,0.0051363943190278,77,0,5,2023-09-01,2023
2023-09,-0.26940970904790507,-0.2915855821607717,1.5141262172174261,0.9231940441109637,-0.8403797267146904,-0.7152633357266049,1.907674180550695,0.0051363943190278,78,1,5,2023-09-01,2023
2023-09,-0.2694761269929644,-0.2921675209607678,1.5141262172174261,0.9231940441109637,-0.8403797267146904,-0.7152633357266049,1.907674180550695,0.0051363943190278,78,0,5,2023-09-01,2023
2023-09,-0.2440048450627043,-0.2084689496039782,1.5141262172174261,0.9231940441109637,-0.8403797267146904,-0.7152633357266049,1.907674180550695,0.0051363943190278,79,1,5,2023-09-01,2023
2023-09,-0.24057846048523088,-0.23323977687239852,1.5141262172174261,0.9231940441109637,-0.8403797267146904,-0.7152633357266049,1.907674180550695,0.0051363943190278,79,0,5,2023-09-01,2023
2023-09,-0.0348723172915671,-0.2644901046016063,1.5141262172174261,0.9231940441109637,-0.8403797267146904,-0.7152633357266049,1.907674180550695,0.0051363943190278,80,0,5,2023-09-01,2023
2023-09,0.2195142726926544,-0.23070481732385642,1.5141262172174261,0.9231940441109637,-0.8403797267146904,-0.7152633357266049,1.907674180550695,0.0051363943190278,80,1,5,2023-09-01,2023
2023-09,-0.26347116337201043,-0.2902132451137749,1.5141262172174261,0.9231940441109637,-0.8403797267146904,-0.7152633357266049,1.907674180550695,0.0051363943190278,81,0,5,2023-09-01,2023
2023-09,-0.2626780549692429,-0.2836984267664554,1.5141262172174261,0.9231940441109637,-0.8403797267146904,-0.7152633357266049,1.907674180550695,0.0051363943190278,81,1,5,2023-09-01,2023
2023-09,-0.2694624527101581,-0.2921435901738088,1.5141262172174261,0.9231940441109637,-0.8403797267146904,-0.7152633357266049,1.907674180550695,0.0051363943190278,84,1,5,2023-09-01,2023
2023-09,-0.2694331506755731,-0.29212309996195307,1.5141262172174261,0.9231940441109637,-0.8403797267146904,-0.7152633357266049,1.907674180550695,0.0051363943190278,86,0,5,2023-09-01,2023
2023-09,-0.26917724624019734,-0.29158467002527244,1.5141262172174261,0.9231940441109637,-0.8403797267146904,-0.7152633357266049,1.907674180550695,0.0051363943190278,86,1,5,2023-09-01,2023
2023-09,-0.26806962933288414,-0.2877100169349816,1.5141262172174261,0.9231940441109637,-0.8403797267146904,-0.7152633357266049,1.907674180550695,0.0051363943190278,87,0,5,2023-09-01,2023
2023-09,-0.26448110683070697,-0.28571221033342115,1.5141262172174261,0.9231940441109637,-0.8403797267146904,-0.7152633357266049,1.907674180550695,0.0051363943190278,87,1,5,2023-09-01,2023
2023-09,3.8306638059763456,3.445058969863541,1.5141262172174261,0.9231940441109637,-0.8403797267146904,-0.7152633357266049,1.907674180550695,0.0051363943190278,88,0,5,2023-09-01,2023
2023-09,5.431064749719489,5.638748366465523,1.5141262172174261,0.9231940441109637,-0.8403797267146904,-0.7152633357266049,1.907674180550695,0.0051363943190278,88,1,5,2023-09-01,2023
2023-09,0.7469098723743554,0.879481739828905,1.5141262172174261,0.9231940441109637,-0.8403797267146904,-0.7152633357266049,1.907674180550695,0.0051363943190278,89,0,5,2023-09-01,2023
2023-09,-0.2626897757830769,-0.23838994200216704,1.5141262172174261,0.9231940441109637,-0.8403797267146904,-0.7152633357266049,1.907674180550695,0.0051363943190278,89,1,5,2023-09-01,2023
2023-09,-0.26931008213031604,-0.29207862423500836,1.5141262172174261,0.9231940441109637,-0.8403797267146904,-0.7152633357266049,1.907674180550695,0.0051363943190278,90,1,5,2023-09-01,2023
2023-09,-0.24775355202061283,-0.27024080879847223,1.5141262172174261,0.9231940441109637,-0.8403797267146904,-0.7152633357266049,1.907674180550695,0.0051363943190278,90,0,5,2023-09-01,2023
2023-09,-0.26926319887498007,-0.2919828500075844,1.5141262172174261,0.9231940441109637,-0.8403797267146904,-0.7152633357266049,1.907674180550695,0.0051363943190278,91,1,5,2023-09-01,2023
2023-09,0.2813982162672161,1.8581390074265323,1.5141262172174261,0.9231940441109637,-0.8403797267146904,-0.7152633357266049,1.907674180550695,0.0051363943190278,91,0,5,2023-09-01,2023
2023-09,-0.2693862674202371,-0.29134377139137163,1.5141262172174261,0.9231940441109637,-0.8403797267146904,-0.7152633357266049,1.907674180550695,0.0051363943190278,94,1,5,2023-09-01,2023
2023-09,-0.26947222005501975,-0.29212857277494875,1.5141262172174261,0.9231940441109637,-0.8403797267146904,-0.7152633357266049,1.907674180550695,0.0051363943190278,94,0,5,2023-09-01,2023
2023-09,-0.2693315702890117,-0.2863291787851315,1.5141262172174261,0.9231940441109637,-0.8403797267146904,-0.7152633357266049,1.907674180550695,0.0051363943190278,95,1,5,2023-09-01,2023
2023-09,-0.26407673875343385,-0.2579010968013178,1.5141262172174261,0.9231940441109637,-0.8403797267146904,-0.7152633357266049,1.907674180550695,0.0051363943190278,98,1,5,2023-09-01,2023
2023-09,-0.2670850809708279,-0.2874652654407318,1.5141262172174261,0.9231940441109637,-0.8403797267146904,-0.7152633357266049,1.907674180550695,0.0051363943190278,98,0,5,2023-09-01,2023
2023-09,0.7635651488324731,0.28882212178044897,1.5141262172174261,0.9231940441109637,-0.8403797267146904,-0.7152633357266049,1.907674180550695,0.0051363943190278,101,0,5,2023-09-01,2023
2023-09,1.9505651747744526,0.7633600716460683,1.5141262172174261,0.9231940441109637,-0.8403797267146904,-0.7152633357266049,1.907674180550695,0.0051363943190278,101,1,5,2023-09-01,2023
2023-10,-0.25666527747239953,-0.2907266569979814,1.8415281529996461,0.39455478605159316,-0.7328063125667033,-0.6036667931794818,1.8109638057101825,0.0047495849472676,0,0,5,2023-10-01,2023
2023-10,-0.2521078343599448,-0.28384011424637096,1.8415281529996461,0.39455478605159316,-0.7328063125667033,-0.6036667931794818,1.8109638057101825,0.0047495849472676,0,1,5,2023-10-01,2023
2023-10,-0.2611523957018502,-0.2467716317243968,1.8415281529996461,0.39455478605159316,-0.7328063125667033,-0.6036667931794818,1.8109638057101825,0.0047495849472676,2,1,5,2023-10-01,2023
2023-10,-0.2693452445718181,-0.2917758317346687,1.8415281529996461,0.39455478605159316,-0.7328063125667033,-0.6036667931794818,1.8109638057101825,0.0047495849472676,3,1,5,2023-10-01,2023
2023-10,-0.26935891885462443,-0.29180498358522555,1.8415281529996461,0.39455478605159316,-0.7328063125667033,-0.6036667931794818,1.8109638057101825,0.0047495849472676,3,0,5,2023-10-01,2023
2023-10,-0.25728062019868464,-0.24811949800021907,1.8415281529996461,0.39455478605159316,-0.7328063125667033,-0.6036667931794818,1.8109638057101825,0.0047495849472676,5,0,5,2023-10-01,2023
2023-10,-0.21745524825971593,-0.012228250835206898,1.8415281529996461,0.39455478605159316,-0.7328063125667033,-0.6036667931794818,1.8109638057101825,0.0047495849472676,5,1,5,2023-10-01,2023
2023-10,-0.268952597308379,-0.23233376362659358,1.8415281529996461,0.39455478605159316,-0.7328063125667033,-0.6036667931794818,1.8109638057101825,0.0047495849472676,6,1,5,2023-10-01,2023
2023-10,-0.26908347972952534,-0.2870755756156471,1.8415281529996461,0.39455478605159316,-0.7328063125667033,-0.6036667931794818,1.8109638057101825,0.0047495849472676,6,0,5,2023-10-01,2023
2023-10,-0.26940775557893276,-0.29184435135337433,1.8415281529996461,0.39455478605159316,-0.7328063125667033,-0.6036667931794818,1.8109638057101825,0.0047495849472676,7,1,5,2023-10-01,2023
2023-10,-0.2694683131170751,-0.2921567030337464,1.8415281529996461,0.39455478605159316,-0.7328063125667033,-0.6036667931794818,1.8109638057101825,0.0047495849472676,8,0,5,2023-10-01,2023
2023-10,-0.26922412949553337,-0.27756879229485426,1.8415281529996461,0.39455478605159316,-0.7328063125667033,-0.6036667931794818,1.8109638057101825,0.0047495849472676,8,1,5,2023-10-01,2023
2023-10,-0.24907800398385513,0.23759212632570023,1.8415281529996461,0.39455478605159316,-0.7328063125667033,-0.6036667931794818,1.8109638057101825,0.0047495849472676,9,1,5,2023-10-01,2023
2023-10,-0.26818097706430716,-0.27859493743445585,1.8415281529996461,0.39455478605159316,-0.7328063125667033,-0.6036667931794818,1.8109638057101825,0.0047495849472676,9,0,5,2023-10-01,2023
2023-10,-0.26944877842735176,-0.2900580251915921,1.8415281529996461,0.39455478605159316,-0.7328063125667033,-0.6036667931794818,1.8109638057101825,0.0047495849472676,13,1,5,2023-10-01,2023
2023-10,-0.2690854331984977,-0.2875636994552717,1.8415281529996461,0.39455478605159316,-0.7328063125667033,-0.6036667931794818,1.8109638057101825,0.0047495849472676,13,0,5,2023-10-01,2023
2023-10,-0.2694546388342688,-0.2921555282032233,1.8415281529996461,0.39455478605159316,-0.7328063125667033,-0.6036667931794818,1.8109638057101825,0.0047495849472676,17,0,5,2023-10-01,2023
2023-10,-0.26908347972952534,-0.29172673330501364,1.8415281529996461,0.39455478605159316,-0.7328063125667033,-0.6036667931794818,1.8109638057101825,0.0047495849472676,17,1,5,2023-10-01,2023
2023-10,-0.2692651523439524,-0.28732261474572907,1.8415281529996461,0.39455478605159316,-0.7328063125667033,-0.6036667931794818,1.8109638057101825,0.0047495849472676,25,1,5,2023-10-01,2023
2023-10,-0.26935696538565207,-0.2853917442956475,1.8415281529996461,0.39455478605159316,-0.7328063125667033,-0.6036667931794818,1.8109638057101825,0.0047495849472676,28,1,5,2023-10-01,2023
2023-10,-0.26361181313801846,-0.2787108078311999,1.8415281529996461,0.39455478605159316,-0.7328063125667033,-0.6036667931794818,1.8109638057101825,0.0047495849472676,30,1,5,2023-10-01,2023
2023-10,-0.2589606035148917,-0.2676544923727789,1.8415281529996461,0.39455478605159316,-0.7328063125667033,-0.6036667931794818,1.8109638057101825,0.0047495849472676,30,0,5,2023-10-01,2023
2023-10,-0.26933743069592875,-0.2911495412581558,1.8415281529996461,0.39455478605159316,-0.7328063125667033,-0.6036667931794818,1.8109638057101825,0.0047495849472676,36,0,5,2023-10-01,2023
2023-10,-0.26935501191667977,-0.2903329063456539,1.8415281529996461,0.39455478605159316,-0.7328063125667033,-0.6036667931794818,1.8109638057101825,0.0047495849472676,36,1,5,2023-10-01,2023
2023-10,-0.2504747342990738,-0.23953258143919418,1.8415281529996461,0.39455478605159316,-0.7328063125667033,-0.6036667931794818,1.8109638057101825,0.0047495849472676,37,0,5,2023-10-01,2023
2023-10,-0.2693471980407904,-0.2916744132127752,1.8415281529996461,0.39455478605159316,-0.7328063125667033,-0.6036667931794818,1.8109638057101825,0.0047495849472676,37,1,5,2023-10-01,2023
2023-10,-0.2574505719992777,-0.2863493150884135,1.8415281529996461,0.39455478605159316,-0.7328063125667033,-0.6036667931794818,1.8109638057101825,0.0047495849472676,41,0,5,2023-10-01,2023
2023-10,-0.25956422542734287,-0.2873497453040195,1.8415281529996461,0.39455478605159316,-0.7328063125667033,-0.6036667931794818,1.8109638057101825,0.0047495849472676,41,1,5,2023-10-01,2023
2023-10,0.07290447285003207,0.6215904849414174,1.8415281529996461,0.39455478605159316,-0.7328063125667033,-0.6036667931794818,1.8109638057101825,0.0047495849472676,44,1,5,2023-10-01,2023
2023-10,-0.16947609683022605,-0.1052710556697344,1.8415281529996461,0.39455478605159316,-0.7328063125667033,-0.6036667931794818,1.8109638057101825,0.0047495849472676,44,0,5,2023-10-01,2023
2023-10,-0.26870255327992026,-0.28732907631360594,1.8415281529996461,0.39455478605159316,-0.7328063125667033,-0.6036667931794818,1.8109638057101825,0.0047495849472676,46,0,5,2023-10-01,2023
2023-10,-0.26690340835640086,-0.26417748292912646,1.8415281529996461,0.39455478605159316,-0.7328063125667033,-0.6036667931794818,1.8109638057101825,0.0047495849472676,46,1,5,2023-10-01,2023
2023-10,-0.2664912264032384,-0.2904126087455806,1.8415281529996461,0.39455478605159316,-0.7328063125667033,-0.6036667931794818,1.8109638057101825,0.0047495849472676,49,0,5,2023-10-01,2023
2023-10,-0.2627366590384129,-0.28863526529419525,1.8415281529996461,0.39455478605159316,-0.7328063125667033,-0.6036667931794818,1.8109638057101825,0.0047495849472676,49,1,5,2023-10-01,2023
2023-10,-0.2645709664034343,-0.2702147545600709,1.8415281529996461,0.39455478605159316,-0.7328063125667033,-0.6036667931794818,1.8109638057101825,0.0047495849472676,50,1,5,2023-10-01,2023
2023-10,-0.26914208379869536,-0.28822035674682656,1.8415281529996461,0.39455478605159316,-0.7328063125667033,-0.6036667931794818,1.8109638057101825,0.0047495849472676,50,0,5,2023-10-01,2023
2023-10,-0.14325858975253442,-0.19708852321432838,1.8415281529996461,0.39455478605159316,-0.7328063125667033,-0.6036667931794818,1.8109638057101825,0.0047495849472676,60,0,5,2023-10-01,2023
2023-10,-0.2694116625168774,-0.2919819634118791,1.8415281529996461,0.39455478605159316,-0.7328063125667033,-0.6036667931794818,1.8109638057101825,0.0047495849472676,61,0,5,2023-10-01,2023
2023-10,-0.26887055161154094,-0.2877956628098216,1.8415281529996461,0.39455478605159316,-0.7328063125667033,-0.6036667931794818,1.8109638057101825,0.0047495849472676,67,1,5,2023-10-01,2023
2023-10,-0.268893993239209,-0.29034833238121766,1.8415281529996461,0.39455478605159316,-0.7328063125667033,-0.6036667931794818,1.8109638057101825,0.0047495849472676,67,0,5,2023-10-01,2023
2023-10,-0.2694741735239921,-0.29195380761328743,1.8415281529996461,0.39455478605159316,-0.7328063125667033,-0.6036667931794818,1.8109638057101825,0.0047495849472676,77,0,5,2023-10-01,2023
2023-10,-0.2693452445718181,-0.29122477784267803,1.8415281529996461,0.39455478605159316,-0.7328063125667033,-0.6036667931794818,1.8109638057101825,0.0047495849472676,78,1,5,2023-10-01,2023
2023-10,-0.26944291802043474,-0.29202767234601884,1.8415281529996461,0.39455478605159316,-0.7328063125667033,-0.6036667931794818,1.8109638057101825,0.0047495849472676,78,0,5,2023-10-01,2023
2023-10,-0.2391817301700122,-0.22739340790436857,1.8415281529996461,0.39455478605159316,-0.7328063125667033,-0.6036667931794818,1.8109638057101825,0.0047495849472676,79,0,5,2023-10-01,2023
2023-10,-0.2428933212174464,-0.21270588832041348,1.8415281529996461,0.39455478605159316,-0.7328063125667033,-0.6036667931794818,1.8109638057101825,0.0047495849472676,79,1,5,2023-10-01,2023
2023-10,-0.006351670295493948,-0.2598893296286778,1.8415281529996461,0.39455478605159316,-0.7328063125667033,-0.6036667931794818,1.8109638057101825,0.0047495849472676,80,0,5,2023-10-01,2023
2023-10,0.25035954776580477,-0.23291049230861785,1.8415281529996461,0.39455478605159316,-0.7328063125667033,-0.6036667931794818,1.8109638057101825,0.0047495849472676,80,1,5,2023-10-01,2023
2023-10,-0.26589737183564893,-0.2909681612898537,1.8415281529996461,0.39455478605159316,-0.7328063125667033,-0.6036667931794818,1.8109638057101825,0.0047495849472676,81,0,5,2023-10-01,2023
2023-10,-0.2639634375530385,-0.28665129396388783,1.8415281529996461,0.39455478605159316,-0.7328063125667033,-0.6036667931794818,1.8109638057101825,0.0047495849472676,81,1,5,2023-10-01,2023
2023-10,-0.2694565923032411,-0.29213927759716823,1.8415281529996461,0.39455478605159316,-0.7328063125667033,-0.6036667931794818,1.8109638057101825,0.0047495849472676,84,1,5,2023-10-01,2023
2023-10,-0.2694253367996838,-0.2921121178505418,1.8415281529996461,0.39455478605159316,-0.7328063125667033,-0.6036667931794818,1.8109638057101825,0.0047495849472676,86,0,5,2023-10-01,2023
2023-10,-0.26919482746094836,-0.29163756293860443,1.8415281529996461,0.39455478605159316,-0.7328063125667033,-0.6036667931794818,1.8109638057101825,0.0047495849472676,86,1,5,2023-10-01,2023
2023-10,-0.2651003564949368,-0.2855262332022028,1.8415281529996461,0.39455478605159316,-0.7328063125667033,-0.6036667931794818,1.8109638057101825,0.0047495849472676,87,1,5,2023-10-01,2023
2023-10,-0.26826302276114516,-0.2877127934754414,1.8415281529996461,0.39455478605159316,-0.7328063125667033,-0.6036667931794818,1.8109638057101825,0.0047495849472676,87,0,5,2023-10-01,2023
2023-10,5.553967250113868,6.193916861559445,1.8415281529996461,0.39455478605159316,-0.7328063125667033,-0.6036667931794818,1.8109638057101825,0.0047495849472676,88,1,5,2023-10-01,2023
2023-10,4.100012014819672,3.8437023498460308,1.8415281529996461,0.39455478605159316,-0.7328063125667033,-0.6036667931794818,1.8109638057101825,0.0047495849472676,88,0,5,2023-10-01,2023
2023-10,0.8551437742554806,1.0256491513578956,1.8415281529996461,0.39455478605159316,-0.7328063125667033,-0.6036667931794818,1.8109638057101825,0.0047495849472676,89,0,5,2023-10-01,2023
2023-10,-0.26254326561015184,-0.22988349768343028,1.8415281529996461,0.39455478605159316,-0.7328063125667033,-0.6036667931794818,1.8109638057101825,0.0047495849472676,89,1,5,2023-10-01,2023
2023-10,-0.24173882105479713,-0.265541344413064,1.8415281529996461,0.39455478605159316,-0.7328063125667033,-0.6036667931794818,1.8109638057101825,0.0047495849472676,90,0,5,2023-10-01,2023
2023-10,-0.2692495245921737,-0.2920226556007728,1.8415281529996461,0.39455478605159316,-0.7328063125667033,-0.6036667931794818,1.8109638057101825,0.0047495849472676,90,1,5,2023-10-01,2023
2023-10,-0.269099107481304,-0.29179327906249886,1.8415281529996461,0.39455478605159316,-0.7328063125667033,-0.6036667931794818,1.8109638057101825,0.0047495849472676,91,1,5,2023-10-01,2023
2023-10,0.2976823336205905,1.9138492227295412,1.8415281529996461,0.39455478605159316,-0.7328063125667033,-0.6036667931794818,1.8109638057101825,0.0047495849472676,91,0,5,2023-10-01,2023
2023-10,-0.26935891885462443,-0.2907266387552714,1.8415281529996461,0.39455478605159316,-0.7328063125667033,-0.6036667931794818,1.8109638057101825,0.0047495849472676,94,1,5,2023-10-01,2023
2023-10,-0.2694741735239921,-0.2921552071315276,1.8415281529996461,0.39455478605159316,-0.7328063125667033,-0.6036667931794818,1.8109638057101825,0.0047495849472676,94,0,5,2023-10-01,2023
2023-10,-0.2693647792615414,-0.2872215720236612,1.8415281529996461,0.39455478605159316,-0.7328063125667033,-0.6036667931794818,1.8109638057101825,0.0047495849472676,95,1,5,2023-10-01,2023
2023-10,-0.26423692320916525,-0.2557611211122982,1.8415281529996461,0.39455478605159316,-0.7328063125667033,-0.6036667931794818,1.8109638057101825,0.0047495849472676,98,1,5,2023-10-01,2023
2023-10,-0.2669073152943455,-0.288389857062386,1.8415281529996461,0.39455478605159316,-0.7328063125667033,-0.6036667931794818,1.8109638057101825,0.0047495849472676,98,0,5,2023-10-01,2023
2023-10,2.0444586609296755,0.7512890784155426,1.8415281529996461,0.39455478605159316,-0.7328063125667033,-0.6036667931794818,1.8109638057101825,0.0047495849472676,101,1,5,2023-10-01,2023
2023-10,0.8546593139503418,0.29599970143008436,1.8415281529996461,0.39455478605159316,-0.7328063125667033,-0.6036667931794818,1.8109638057101825,0.0047495849472676,101,0,5,2023-10-01,2023
2023-11,-0.25613979431884176,-0.2904519290826834,1.8415281529996461,0.39455478605159316,-0.8533002656372211,-0.7180198559374291,2.3714443871722435,0.0058849911049304,0,1,5,2023-11-01,2023
2023-11,-0.25933176261963514,-0.2910494799938852,1.8415281529996461,0.39455478605159316,-0.8533002656372211,-0.7180198559374291,2.3714443871722435,0.0058849911049304,0,0,5,2023-11-01,2023
2023-11,-0.26875529694217326,-0.28264956215583786,1.8415281529996461,0.39455478605159316,-0.8533002656372211,-0.7180198559374291,2.3714443871722435,0.0058849911049304,1,0,5,2023-11-01,2023
2023-11,-0.2687982732595646,-0.29012669075197756,1.8415281529996461,0.39455478605159316,-0.8533002656372211,-0.7180198559374291,2.3714443871722435,0.0058849911049304,2,1,5,2023-11-01,2023
2023-11,-0.26939017435818174,-0.29197445836099106,1.8415281529996461,0.39455478605159316,-0.8533002656372211,-0.7180198559374291,2.3714443871722435,0.0058849911049304,3,0,5,2023-11-01,2023
2023-11,-0.26935891885462443,-0.2914448360046914,1.8415281529996461,0.39455478605159316,-0.8533002656372211,-0.7180198559374291,2.3714443871722435,0.0058849911049304,3,1,5,2023-11-01,2023
2023-11,-0.22193259914430497,-0.0484341012757217,1.8415281529996461,0.39455478605159316,-0.8533002656372211,-0.7180198559374291,2.3714443871722435,0.0058849911049304,5,1,5,2023-11-01,2023
2023-11,-0.25848200361666995,-0.2585276609184805,1.8415281529996461,0.39455478605159316,-0.8533002656372211,-0.7180198559374291,2.3714443871722435,0.0058849911049304,5,0,5,2023-11-01,2023
2023-11,-0.26908934013644237,-0.28719761569690827,1.8415281529996461,0.39455478605159316,-0.8533002656372211,-0.7180198559374291,2.3714443871722435,0.0058849911049304,6,0,5,2023-11-01,2023
2023-11,-0.26898971321885334,-0.23249043201994923,1.8415281529996461,0.39455478605159316,-0.8533002656372211,-0.7180198559374291,2.3714443871722435,0.0058849911049304,6,1,5,2023-11-01,2023
2023-11,-0.26941361598584973,-0.2919107548177216,1.8415281529996461,0.39455478605159316,-0.8533002656372211,-0.7180198559374291,2.3714443871722435,0.0058849911049304,7,1,5,2023-11-01,2023
2023-11,-0.26923585030936736,-0.2770742105358948,1.8415281529996461,0.39455478605159316,-0.8533002656372211,-0.7180198559374291,2.3714443871722435,0.0058849911049304,8,1,5,2023-11-01,2023
2023-11,-0.2694546388342688,-0.2921456661942052,1.8415281529996461,0.39455478605159316,-0.8533002656372211,-0.7180198559374291,2.3714443871722435,0.0058849911049304,8,0,5,2023-11-01,2023
2023-11,-0.2461321727735758,0.22835050079454697,1.8415281529996461,0.39455478605159316,-0.8533002656372211,-0.7180198559374291,2.3714443871722435,0.0058849911049304,9,1,5,2023-11-01,2023
2023-11,-0.26833725458209384,-0.27984299784394734,1.8415281529996461,0.39455478605159316,-0.8533002656372211,-0.7180198559374291,2.3714443871722435,0.0058849911049304,9,0,5,2023-11-01,2023
2023-11,-0.2694448714894071,-0.2889897320948399,1.8415281529996461,0.39455478605159316,-0.8533002656372211,-0.7180198559374291,2.3714443871722435,0.0058849911049304,13,1,5,2023-11-01,2023
2023-11,-0.26944096455146244,-0.292133257502873,1.8415281529996461,0.39455478605159316,-0.8533002656372211,-0.7180198559374291,2.3714443871722435,0.0058849911049304,17,0,5,2023-11-01,2023
2023-11,-0.2689135279289323,-0.29130867606590144,1.8415281529996461,0.39455478605159316,-0.8533002656372211,-0.7180198559374291,2.3714443871722435,0.0058849911049304,17,1,5,2023-11-01,2023
2023-11,-0.26924561765422905,-0.28681644521738675,1.8415281529996461,0.39455478605159316,-0.8533002656372211,-0.7180198559374291,2.3714443871722435,0.0058849911049304,25,1,5,2023-11-01,2023
2023-11,-0.2693471980407904,-0.286950974257904,1.8415281529996461,0.39455478605159316,-0.8533002656372211,-0.7180198559374291,2.3714443871722435,0.0058849911049304,28,1,5,2023-11-01,2023
2023-11,-0.26324260750224737,-0.27745290365540026,1.8415281529996461,0.39455478605159316,-0.8533002656372211,-0.7180198559374291,2.3714443871722435,0.0058849911049304,30,1,5,2023-11-01,2023
2023-11,-0.2585015383063933,-0.2687680930640511,1.8415281529996461,0.39455478605159316,-0.8533002656372211,-0.7180198559374291,2.3714443871722435,0.0058849911049304,30,0,5,2023-11-01,2023
2023-11,-0.2692612454060077,-0.2904560263953462,1.8415281529996461,0.39455478605159316,-0.8533002656372211,-0.7180198559374291,2.3714443871722435,0.0058849911049304,36,0,5,2023-11-01,2023
2023-11,-0.26936868619948606,-0.29081576169063467,1.8415281529996461,0.39455478605159316,-0.8533002656372211,-0.7180198559374291,2.3714443871722435,0.0058849911049304,36,1,5,2023-11-01,2023
2023-11,-0.2693725931374307,-0.2917604604272349,1.8415281529996461,0.39455478605159316,-0.8533002656372211,-0.7180198559374291,2.3714443871722435,0.0058849911049304,37,1,5,2023-11-01,2023
2023-11,-0.2542351620708163,-0.25321513566984083,1.8415281529996461,0.39455478605159316,-0.8533002656372211,-0.7180198559374291,2.3714443871722435,0.0058849911049304,37,0,5,2023-11-01,2023
2023-11,-0.26291247124592293,-0.28899043261490337,1.8415281529996461,0.39455478605159316,-0.8533002656372211,-0.7180198559374291,2.3714443871722435,0.0058849911049304,41,1,5,2023-11-01,2023
2023-11,-0.26108011734987385,-0.28842498522473414,1.8415281529996461,0.39455478605159316,-0.8533002656372211,-0.7180198559374291,2.3714443871722435,0.0058849911049304,41,0,5,2023-11-01,2023
2023-11,0.0811188098786956,0.6728024565987004,1.8415281529996461,0.39455478605159316,-0.8533002656372211,-0.7180198559374291,2.3714443871722435,0.0058849911049304,44,1,5,2023-11-01,2023
2023-11,-0.17417223623971642,-0.0914866961717425,1.8415281529996461,0.39455478605159316,-0.8533002656372211,-0.7180198559374291,2.3714443871722435,0.0058849911049304,44,0,5,2023-11-01,2023
2023-11,-0.2662118803401947,-0.25031139973894145,1.8415281529996461,0.39455478605159316,-0.8533002656372211,-0.7180198559374291,2.3714443871722435,0.0058849911049304,46,1,5,2023-11-01,2023
2023-11,-0.2687787385698413,-0.28825762660332693,1.8415281529996461,0.39455478605159316,-0.8533002656372211,-0.7180198559374291,2.3714443871722435,0.0058849911049304,46,0,5,2023-11-01,2023
2023-11,-0.2694761269929644,-0.29216967360054613,1.8415281529996461,0.39455478605159316,-0.8533002656372211,-0.7180198559374291,2.3714443871722435,0.0058849911049304,48,1,5,2023-11-01,2023
2023-11,-0.26759102943466234,-0.2911361365148584,1.8415281529996461,0.39455478605159316,-0.8533002656372211,-0.7180198559374291,2.3714443871722435,0.0058849911049304,49,0,5,2023-11-01,2023
2023-11,-0.2655242592619332,-0.2900428618510521,1.8415281529996461,0.39455478605159316,-0.8533002656372211,-0.7180198559374291,2.3714443871722435,0.0058849911049304,49,1,5,2023-11-01,2023
2023-11,-0.2691088748261657,-0.2894561142727038,1.8415281529996461,0.39455478605159316,-0.8533002656372211,-0.7180198559374291,2.3714443871722435,0.0058849911049304,50,0,5,2023-11-01,2023
2023-11,-0.2652410062609448,-0.272361582210961,1.8415281529996461,0.39455478605159316,-0.8533002656372211,-0.7180198559374291,2.3714443871722435,0.0058849911049304,50,1,5,2023-11-01,2023
2023-11,-0.13252623121853263,-0.19007549280876235,1.8415281529996461,0.39455478605159316,-0.8533002656372211,-0.7180198559374291,2.3714443871722435,0.0058849911049304,60,0,5,2023-11-01,2023
2023-11,-0.2694741735239921,-0.2921583083922251,1.8415281529996461,0.39455478605159316,-0.8533002656372211,-0.7180198559374291,2.3714443871722435,0.0058849911049304,61,1,5,2023-11-01,2023
2023-11,-0.26939603476509877,-0.29191412971906894,1.8415281529996461,0.39455478605159316,-0.8533002656372211,-0.7180198559374291,2.3714443871722435,0.0058849911049304,61,0,5,2023-11-01,2023
2023-11,-0.26892720221173866,-0.2883183675304948,1.8415281529996461,0.39455478605159316,-0.8533002656372211,-0.7180198559374291,2.3714443871722435,0.0058849911049304,67,1,5,2023-11-01,2023
2023-11,-0.26906003810185736,-0.29081337919271055,1.8415281529996461,0.39455478605159316,-0.8533002656372211,-0.7180198559374291,2.3714443871722435,0.0058849911049304,67,0,5,2023-11-01,2023
2023-11,-0.2694624527101581,-0.29206695984624365,1.8415281529996461,0.39455478605159316,-0.8533002656372211,-0.7180198559374291,2.3714443871722435,0.0058849911049304,78,0,5,2023-11-01,2023
2023-11,-0.26936087232359673,-0.2912069729577322,1.8415281529996461,0.39455478605159316,-0.8533002656372211,-0.7180198559374291,2.3714443871722435,0.0058849911049304,78,1,5,2023-11-01,2023
2023-11,-0.24785708587614652,-0.2217369054133259,1.8415281529996461,0.39455478605159316,-0.8533002656372211,-0.7180198559374291,2.3714443871722435,0.0058849911049304,79,1,5,2023-11-01,2023
2023-11,-0.23062944300913493,-0.17352525389068965,1.8415281529996461,0.39455478605159316,-0.8533002656372211,-0.7180198559374291,2.3714443871722435,0.0058849911049304,79,0,5,2023-11-01,2023
2023-11,0.2359214585912858,-0.22959539056462894,1.8415281529996461,0.39455478605159316,-0.8533002656372211,-0.7180198559374291,2.3714443871722435,0.0058849911049304,80,1,5,2023-11-01,2023
2023-11,-0.019068753305386838,-0.2639916699822979,1.8415281529996461,0.39455478605159316,-0.8533002656372211,-0.7180198559374291,2.3714443871722435,0.0058849911049304,80,0,5,2023-11-01,2023
2023-11,-0.2654890968204312,-0.2908270612251997,1.8415281529996461,0.39455478605159316,-0.8533002656372211,-0.7180198559374291,2.3714443871722435,0.0058849911049304,81,0,5,2023-11-01,2023
2023-11,-0.26326604912991536,-0.2851304940944868,1.8415281529996461,0.39455478605159316,-0.8533002656372211,-0.7180198559374291,2.3714443871722435,0.0058849911049304,81,1,5,2023-11-01,2023
2023-11,-0.26947026658604745,-0.2921600013157118,1.8415281529996461,0.39455478605159316,-0.8533002656372211,-0.7180198559374291,2.3714443871722435,0.0058849911049304,84,1,5,2023-11-01,2023
2023-11,-0.2691323164538337,-0.2915420769459982,1.8415281529996461,0.39455478605159316,-0.8533002656372211,-0.7180198559374291,2.3714443871722435,0.0058849911049304,86,1,5,2023-11-01,2023
2023-11,-0.26936868619948606,-0.2920694116664657,1.8415281529996461,0.39455478605159316,-0.8533002656372211,-0.7180198559374291,2.3714443871722435,0.0058849911049304,86,0,5,2023-11-01,2023
2023-11,-0.2679817232291291,-0.28680879787336083,1.8415281529996461,0.39455478605159316,-0.8533002656372211,-0.7180198559374291,2.3714443871722435,0.0058849911049304,87,0,5,2023-11-01,2023
2023-11,-0.26428966687141825,-0.2850601976358286,1.8415281529996461,0.39455478605159316,-0.8533002656372211,-0.7180198559374291,2.3714443871722435,0.0058849911049304,87,1,5,2023-11-01,2023
2023-11,3.8639743588925812,3.362211183772346,1.8415281529996461,0.39455478605159316,-0.8533002656372211,-0.7180198559374291,2.3714443871722435,0.0058849911049304,88,0,5,2023-11-01,2023
2023-11,5.252375082413201,5.824373460812246,1.8415281529996461,0.39455478605159316,-0.8533002656372211,-0.7180198559374291,2.3714443871722435,0.0058849911049304,88,1,5,2023-11-01,2023
2023-11,0.7743404836838662,0.9209532426990227,1.8415281529996461,0.39455478605159316,-0.8533002656372211,-0.7180198559374291,2.3714443871722435,0.0058849911049304,89,0,5,2023-11-01,2023
2023-11,-0.26240847625106084,-0.23361006010260063,1.8415281529996461,0.39455478605159316,-0.8533002656372211,-0.7180198559374291,2.3714443871722435,0.0058849911049304,89,1,5,2023-11-01,2023
2023-11,-0.24690574648661998,-0.2694407017812172,1.8415281529996461,0.39455478605159316,-0.8533002656372211,-0.7180198559374291,2.3714443871722435,0.0058849911049304,90,0,5,2023-11-01,2023
2023-11,-0.2692827335647034,-0.29208422474697393,1.8415281529996461,0.39455478605159316,-0.8533002656372211,-0.7180198559374291,2.3714443871722435,0.0058849911049304,90,1,5,2023-11-01,2023
2023-11,0.31737720779965967,1.7128232495161317,1.8415281529996461,0.39455478605159316,-0.8533002656372211,-0.7180198559374291,2.3714443871722435,0.0058849911049304,91,0,5,2023-11-01,2023
2023-11,-0.26924561765422905,-0.2919766766745253,1.8415281529996461,0.39455478605159316,-0.8533002656372211,-0.7180198559374291,2.3714443871722435,0.0058849911049304,91,1,5,2023-11-01,2023
2023-11,-0.2693432911028457,-0.2872053761457361,1.8415281529996461,0.39455478605159316,-0.8533002656372211,-0.7180198559374291,2.3714443871722435,0.0058849911049304,94,1,5,2023-11-01,2023
2023-11,-0.2694741735239921,-0.2921449912139357,1.8415281529996461,0.39455478605159316,-0.8533002656372211,-0.7180198559374291,2.3714443871722435,0.0058849911049304,94,0,5,2023-11-01,2023
2023-11,-0.26941947639276675,-0.2882617494557837,1.8415281529996461,0.39455478605159316,-0.8533002656372211,-0.7180198559374291,2.3714443871722435,0.0058849911049304,95,1,5,2023-11-01,2023
2023-11,-0.26433068971983725,-0.25686327997586744,1.8415281529996461,0.39455478605159316,-0.8533002656372211,-0.7180198559374291,2.3714443871722435,0.0058849911049304,98,1,5,2023-11-01,2023
2023-11,-0.26689754794948384,-0.28910486183755857,1.8415281529996461,0.39455478605159316,-0.8533002656372211,-0.7180198559374291,2.3714443871722435,0.0058849911049304,98,0,5,2023-11-01,2023
2023-11,0.7882921590842741,0.24335664025402517,1.8415281529996461,0.39455478605159316,-0.8533002656372211,-0.7180198559374291,2.3714443871722435,0.0058849911049304,101,0,5,2023-11-01,2023
2023-11,1.8440366513061746,0.6604180280708295,1.8415281529996461,0.39455478605159316,-0.8533002656372211,-0.7180198559374291,2.3714443871722435,0.0058849911049304,101,1,5,2023-11-01,2023
2023-12,-0.2577279645933491,-0.29081123020147426,1.8415281529996461,0.39455478605159316,-0.7854601184803349,-0.7237103786334578,2.0103504551378624,0.0051621719280198,0,0,5,2023-12-01,2023
2023-12,-0.2522113682154785,-0.282737561340266,1.8415281529996461,0.39455478605159316,-0.7854601184803349,-0.7237103786334578,2.0103504551378624,0.0051621719280198,0,1,5,2023-12-01,2023
2023-12,-0.2611172332603482,-0.24619426089898105,1.8415281529996461,0.39455478605159316,-0.7854601184803349,-0.7237103786334578,2.0103504551378624,0.0051621719280198,2,1,5,2023-12-01,2023
2023-12,-0.26945073189632407,-0.29177259912645925,1.8415281529996461,0.39455478605159316,-0.7854601184803349,-0.7237103786334578,2.0103504551378624,0.0051621719280198,3,1,5,2023-12-01,2023
2023-12,-0.2694644061791304,-0.2920360092644822,1.8415281529996461,0.39455478605159316,-0.7854601184803349,-0.7237103786334578,2.0103504551378624,0.0051621719280198,3,0,5,2023-12-01,2023
2023-12,-0.2569758790390006,-0.24685167343872927,1.8415281529996461,0.39455478605159316,-0.7854601184803349,-0.7237103786334578,2.0103504551378624,0.0051621719280198,5,0,5,2023-12-01,2023
2023-12,-0.21591005430259994,0.0160644118638423,1.8415281529996461,0.39455478605159316,-0.7854601184803349,-0.7237103786334578,2.0103504551378624,0.0051621719280198,5,1,5,2023-12-01,2023
2023-12,-0.26904831728802336,-0.2858395298549521,1.8415281529996461,0.39455478605159316,-0.7854601184803349,-0.7237103786334578,2.0103504551378624,0.0051621719280198,6,0,5,2023-12-01,2023
2023-12,-0.26895650424632367,-0.23206682899700146,1.8415281529996461,0.39455478605159316,-0.7854601184803349,-0.7237103786334578,2.0103504551378624,0.0051621719280198,6,1,5,2023-12-01,2023
2023-12,-0.26941361598584973,-0.2919136736513193,1.8415281529996461,0.39455478605159316,-0.7854601184803349,-0.7237103786334578,2.0103504551378624,0.0051621719280198,7,1,5,2023-12-01,2023
2023-12,-0.2692436641852567,-0.27632763127827936,1.8415281529996461,0.39455478605159316,-0.7854601184803349,-0.7237103786334578,2.0103504551378624,0.0051621719280198,8,1,5,2023-12-01,2023
2023-12,-0.26945854577221345,-0.29215075591029116,1.8415281529996461,0.39455478605159316,-0.7854601184803349,-0.7237103786334578,2.0103504551378624,0.0051621719280198,8,0,5,2023-12-01,2023
2023-12,-0.24595440709709343,0.335121342584257,1.8415281529996461,0.39455478605159316,-0.7854601184803349,-0.7237103786334578,2.0103504551378624,0.0051621719280198,9,1,5,2023-12-01,2023
2023-12,-0.26799735098090777,-0.2752904347049685,1.8415281529996461,0.39455478605159316,-0.7854601184803349,-0.7237103786334578,2.0103504551378624,0.0051621719280198,9,0,5,2023-12-01,2023
2023-12,-0.26944877842735176,-0.2904060960981158,1.8415281529996461,0.39455478605159316,-0.7854601184803349,-0.7237103786334578,2.0103504551378624,0.0051621719280198,13,1,5,2023-12-01,2023
2023-12,-0.26886859814256864,-0.2914953354744733,1.8415281529996461,0.39455478605159316,-0.7854601184803349,-0.7237103786334578,2.0103504551378624,0.0051621719280198,17,1,5,2023-12-01,2023
2023-12,-0.26945268536529643,-0.2921540979747605,1.8415281529996461,0.39455478605159316,-0.7854601184803349,-0.7237103786334578,2.0103504551378624,0.0051621719280198,17,0,5,2023-12-01,2023
2023-12,-0.2692612454060077,-0.2873523722542574,1.8415281529996461,0.39455478605159316,-0.7854601184803349,-0.7237103786334578,2.0103504551378624,0.0051621719280198,25,1,5,2023-12-01,2023
2023-12,-0.2693530584477074,-0.2884911807221876,1.8415281529996461,0.39455478605159316,-0.7854601184803349,-0.7237103786334578,2.0103504551378624,0.0051621719280198,28,1,5,2023-12-01,2023
2023-12,-0.2576595931793174,-0.26301323682639244,1.8415281529996461,0.39455478605159316,-0.7854601184803349,-0.7237103786334578,2.0103504551378624,0.0051621719280198,30,0,5,2023-12-01,2023
2023-12,-0.26355516253782074,-0.2776058541844609,1.8415281529996461,0.39455478605159316,-0.7854601184803349,-0.7237103786334578,2.0103504551378624,0.0051621719280198,30,1,5,2023-12-01,2023
2023-12,-0.26933743069592875,-0.29079061593919064,1.8415281529996461,0.39455478605159316,-0.7854601184803349,-0.7237103786334578,2.0103504551378624,0.0051621719280198,36,0,5,2023-12-01,2023
2023-12,-0.2693725931374307,-0.2907691114326597,1.8415281529996461,0.39455478605159316,-0.7854601184803349,-0.7237103786334578,2.0103504551378624,0.0051621719280198,36,1,5,2023-12-01,2023
2023-12,-0.26933743069592875,-0.291581430119979,1.8415281529996461,0.39455478605159316,-0.7854601184803349,-0.7237103786334578,2.0103504551378624,0.0051621719280198,37,1,5,2023-12-01,2023
2023-12,-0.24822238457397294,-0.21403309290290612,1.8415281529996461,0.39455478605159316,-0.7854601184803349,-0.7237103786334578,2.0103504551378624,0.0051621719280198,37,0,5,2023-12-01,2023
2023-12,-0.2583765162921639,-0.28509834314240834,1.8415281529996461,0.39455478605159316,-0.7854601184803349,-0.7237103786334578,2.0103504551378624,0.0051621719280198,41,1,5,2023-12-01,2023
2023-12,-0.2577631270348511,-0.28712941714989837,1.8415281529996461,0.39455478605159316,-0.7854601184803349,-0.7237103786334578,2.0103504551378624,0.0051621719280198,41,0,5,2023-12-01,2023
2023-12,-0.16750113969919658,-0.09374199497620657,1.8415281529996461,0.39455478605159316,-0.7854601184803349,-0.7237103786334578,2.0103504551378624,0.0051621719280198,44,0,5,2023-12-01,2023
2023-12,0.06724918017512578,0.5647171582322356,1.8415281529996461,0.39455478605159316,-0.7854601184803349,-0.7237103786334578,2.0103504551378624,0.0051621719280198,44,1,5,2023-12-01,2023
2023-12,-0.26881585448031564,-0.2870237991561662,1.8415281529996461,0.39455478605159316,-0.7854601184803349,-0.7237103786334578,2.0103504551378624,0.0051621719280198,46,0,5,2023-12-01,2023
2023-12,-0.26750898373782434,-0.2636597986022413,1.8415281529996461,0.39455478605159316,-0.7854601184803349,-0.7237103786334578,2.0103504551378624,0.0051621719280198,46,1,5,2023-12-01,2023
2023-12,-0.26947222005501975,-0.2920000711258107,1.8415281529996461,0.39455478605159316,-0.7854601184803349,-0.7237103786334578,2.0103504551378624,0.0051621719280198,48,1,5,2023-12-01,2023
2023-12,-0.26538165602695285,-0.2898322971953152,1.8415281529996461,0.39455478605159316,-0.7854601184803349,-0.7237103786334578,2.0103504551378624,0.0051621719280198,49,1,5,2023-12-01,2023
2023-12,-0.2669131757012625,-0.2907413606222297,1.8415281529996461,0.39455478605159316,-0.7854601184803349,-0.7237103786334578,2.0103504551378624,0.0051621719280198,49,0,5,2023-12-01,2023
2023-12,-0.2653875164338698,-0.2683159256058079,1.8415281529996461,0.39455478605159316,-0.7854601184803349,-0.7237103786334578,2.0103504551378624,0.0051621719280198,50,1,5,2023-12-01,2023
2023-12,-0.26915185114355705,-0.2883386972065026,1.8415281529996461,0.39455478605159316,-0.7854601184803349,-0.7237103786334578,2.0103504551378624,0.0051621719280198,50,0,5,2023-12-01,2023
2023-12,-0.14569456556103463,-0.18992666878070047,1.8415281529996461,0.39455478605159316,-0.7854601184803349,-0.7237103786334578,2.0103504551378624,0.0051621719280198,60,0,5,2023-12-01,2023
2023-12,-0.26940970904790507,-0.2919807010163481,1.8415281529996461,0.39455478605159316,-0.7854601184803349,-0.7237103786334578,2.0103504551378624,0.0051621719280198,61,0,5,2023-12-01,2023
2023-12,-0.2694761269929644,-0.29216782014121156,1.8415281529996461,0.39455478605159316,-0.7854601184803349,-0.7237103786334578,2.0103504551378624,0.0051621719280198,61,1,5,2023-12-01,2023
2023-12,-0.26884124957695593,-0.28781552912099584,1.8415281529996461,0.39455478605159316,-0.7854601184803349,-0.7237103786334578,2.0103504551378624,0.0051621719280198,67,1,5,2023-12-01,2023
2023-12,-0.2688959467081813,-0.28976711964107893,1.8415281529996461,0.39455478605159316,-0.7854601184803349,-0.7237103786334578,2.0103504551378624,0.0051621719280198,67,0,5,2023-12-01,2023
2023-12,-0.26936673273051376,-0.2907784261603783,1.8415281529996461,0.39455478605159316,-0.7854601184803349,-0.7237103786334578,2.0103504551378624,0.0051621719280198,78,1,5,2023-12-01,2023
2023-12,-0.26947026658604745,-0.29215375866035476,1.8415281529996461,0.39455478605159316,-0.7854601184803349,-0.7237103786334578,2.0103504551378624,0.0051621719280198,78,0,5,2023-12-01,2023
2023-12,-0.21523024710022776,-0.07426358949002183,1.8415281529996461,0.39455478605159316,-0.7854601184803349,-0.7237103786334578,2.0103504551378624,0.0051621719280198,79,0,5,2023-12-01,2023
2023-12,-0.24773011039294482,-0.21972353778014783,1.8415281529996461,0.39455478605159316,-0.7854601184803349,-0.7237103786334578,2.0103504551378624,0.0051621719280198,79,1,5,2023-12-01,2023
2023-12,0.018973101461841144,-0.2575501690864103,1.8415281529996461,0.39455478605159316,-0.7854601184803349,-0.7237103786334578,2.0103504551378624,0.0051621719280198,80,0,5,2023-12-01,2023
2023-12,0.2593728536041528,-0.23281866215509275,1.8415281529996461,0.39455478605159316,-0.7854601184803349,-0.7237103786334578,2.0103504551378624,0.0051621719280198,80,1,5,2023-12-01,2023
2023-12,-0.26498510182556906,-0.2906632234468197,1.8415281529996461,0.39455478605159316,-0.7854601184803349,-0.7237103786334578,2.0103504551378624,0.0051621719280198,81,0,5,2023-12-01,2023
2023-12,-0.26281870473525093,-0.2853248336839626,1.8415281529996461,0.39455478605159316,-0.7854601184803349,-0.7237103786334578,2.0103504551378624,0.0051621719280198,81,1,5,2023-12-01,2023
2023-12,-0.2694253367996838,-0.2920580610523127,1.8415281529996461,0.39455478605159316,-0.7854601184803349,-0.7237103786334578,2.0103504551378624,0.0051621719280198,84,1,5,2023-12-01,2023
2023-12,-0.26939017435818174,-0.2920865780565621,1.8415281529996461,0.39455478605159316,-0.7854601184803349,-0.7237103786334578,2.0103504551378624,0.0051621719280198,86,0,5,2023-12-01,2023
2023-12,-0.26920654827478235,-0.29062038956377373,1.8415281529996461,0.39455478605159316,-0.7854601184803349,-0.7237103786334578,2.0103504551378624,0.0051621719280198,86,1,5,2023-12-01,2023
2023-12,-0.2639985999945405,-0.2849712096965193,1.8415281529996461,0.39455478605159316,-0.7854601184803349,-0.7237103786334578,2.0103504551378624,0.0051621719280198,87,1,5,2023-12-01,2023
2023-12,-0.2678078644905914,-0.28650094484527117,1.8415281529996461,0.39455478605159316,-0.7854601184803349,-0.7237103786334578,2.0103504551378624,0.0051621719280198,87,0,5,2023-12-01,2023
2023-12,5.4013778817469325,5.648613046216438,1.8415281529996461,0.39455478605159316,-0.7854601184803349,-0.7237103786334578,2.0103504551378624,0.0051621719280198,88,1,5,2023-12-01,2023
2023-12,4.05954004465086,3.453955187923828,1.8415281529996461,0.39455478605159316,-0.7854601184803349,-0.7237103786334578,2.0103504551378624,0.0051621719280198,88,0,5,2023-12-01,2023
2023-12,-0.26314493405363065,-0.24746774434910832,1.8415281529996461,0.39455478605159316,-0.7854601184803349,-0.7237103786334578,2.0103504551378624,0.0051621719280198,89,1,5,2023-12-01,2023
2023-12,0.7877432343030483,0.934810109672123,1.8415281529996461,0.39455478605159316,-0.7854601184803349,-0.7237103786334578,2.0103504551378624,0.0051621719280198,89,0,5,2023-12-01,2023
2023-12,-0.2692299899024504,-0.29200862330825195,1.8415281529996461,0.39455478605159316,-0.7854601184803349,-0.7237103786334578,2.0103504551378624,0.0051621719280198,90,1,5,2023-12-01,2023
2023-12,-0.24188923816566682,-0.2646052927209969,1.8415281529996461,0.39455478605159316,-0.7854601184803349,-0.7237103786334578,2.0103504551378624,0.0051621719280198,90,0,5,2023-12-01,2023
2023-12,0.2853520374672197,1.2917701633817695,1.8415281529996461,0.39455478605159316,-0.7854601184803349,-0.7237103786334578,2.0103504551378624,0.0051621719280198,91,0,5,2023-12-01,2023
2023-12,-0.26908738666747,-0.2918626269002378,1.8415281529996461,0.39455478605159316,-0.7854601184803349,-0.7237103786334578,2.0103504551378624,0.0051621719280198,91,1,5,2023-12-01,2023
2023-12,-0.2693921278271541,-0.2912883135530156,1.8415281529996461,0.39455478605159316,-0.7854601184803349,-0.7237103786334578,2.0103504551378624,0.0051621719280198,94,1,5,2023-12-01,2023
2023-12,-0.2694761269929644,-0.2921690715911166,1.8415281529996461,0.39455478605159316,-0.7854601184803349,-0.7237103786334578,2.0103504551378624,0.0051621719280198,94,0,5,2023-12-01,2023
2023-12,-0.26945854577221345,-0.2915542922646045,1.8415281529996461,0.39455478605159316,-0.7854601184803349,-0.7237103786334578,2.0103504551378624,0.0051621719280198,95,1,5,2023-12-01,2023
2023-12,-0.2667803398111438,-0.2889361021760245,1.8415281529996461,0.39455478605159316,-0.7854601184803349,-0.7237103786334578,2.0103504551378624,0.0051621719280198,98,0,5,2023-12-01,2023
2023-12,-0.26396148408406617,-0.25500262571652016,1.8415281529996461,0.39455478605159316,-0.7854601184803349,-0.7237103786334578,2.0103504551378624,0.0051621719280198,98,1,5,2023-12-01,2023
2023-12,0.857165614641846,0.32189500204492827,1.8415281529996461,0.39455478605159316,-0.7854601184803349,-0.7237103786334578,2.0103504551378624,0.0051621719280198,101,0,5,2023-12-01,2023
2023-12,1.863598689595125,0.7530972812351395,1.8415281529996461,0.39455478605159316,-0.7854601184803349,-0.7237103786334578,2.0103504551378624,0.0051621719280198,101,1,5,2023-12-01,2023
