county_label,month,housing_burden,price_income_ratio,total_county_invoice_count,total_county_invoice_amount,donation_count,donation_ratio,carrier_usage_ratio,n_active_industries,industry_hhi,date,year,month_num,month_sin,month_cos,avg_invoice_value,log_total_count,log_total_amount,county_type,donation_seasonal,donation_trend,donation_ratio_lag1,donation_ratio_lag2,donation_ratio_lag3,donation_ratio_roll3
0,2019-01,32.5,0.88,7857715,3411803313,7467,0.0009502762571561,0.17154872631547466,34.0,0.5875995439161948,2019-01-01,2019,1,0.49999999999999994,0.8660254037844387,434.1978950623686,15.877006536935587,21.950506819545,agricultural,-0.00034270708591671616,0.0013090108700472235,,,,
0,2019-02,32.5,0.88,8123085,3103666052,6111,0.0007523003883376,0.155602705129886,34.0,0.6020457109825523,2019-02-01,2019,2,0.8660254037844386,0.5000000000000001,382.07972118967115,15.910220689198516,21.855849847461553,agricultural,-0.0005247146681699459,0.001246386950367968,0.0009502762571561,,,0.0009502762571561
0,2019-03,32.5,0.88,8056154,3202359501,7092,0.0008803208081672,0.17860445567450672,34.0,0.5716490282306805,2019-03-01,2019,3,1.0,6.123233995736766e-17,397.50475239177405,15.90194695351322,21.88715371942228,agricultural,-0.00028239618343452107,0.0011836944908231479,0.0007523003883376,0.0009502762571561,,0.00085128832274685
0,2019-04,33.14,0.16,8137131,3331765710,7447,0.0009151874290828,0.17640455831422647,34.0,0.5792421561411466,2019-04-01,2019,4,0.8660254037844387,-0.4999999999999998,409.45214105561286,15.911948341742129,21.926768243952875,agricultural,-0.00020656717694714598,0.001120914925397666,0.0008803208081672,0.0007523003883376,0.0009502762571561,0.0008609658178869668
0,2019-05,33.14,0.16,7979018,3333388778,7929,0.0009937313087901,0.1811207845376461,34.0,0.5920432874521919,2019-05-01,2019,5,0.49999999999999994,-0.8660254037844387,417.76930168599694,15.892326029538365,21.92725527483401,agricultural,-5.3132450874999085e-05,0.001058034300125549,0.0009151874290828,0.0008803208081672,0.0007523003883376,0.0008492695418625333
0,2019-06,33.14,0.16,8276003,3420238416,7564,0.0009139677692238,0.17911786643866612,34.0,0.5840621519611164,2019-06-01,2019,6,1.2246467991473532e-16,-1.0,413.27177092613425,15.928870801172732,21.952976098164214,agricultural,-7.359459804774601e-05,0.0009950413812446774,0.0009937313087901,0.0009151874290828,0.0008803208081672,0.0009297465153467001
0,2019-07,36.25,0.76,8830019,3816397679,7726,0.0008749698047082,0.17994038291423836,35.0,0.5750425841384288,2019-07-01,2019,7,-0.4999999999999997,-0.8660254037844388,432.2071876629031,15.99366783758324,22.062572798939044,agricultural,-6.855621719928208e-05,0.000931930723928486,0.0009139677692238,0.0009937313087901,0.0009151874290828,0.0009409621690322332
0,2019-08,36.25,0.76,8282195,3667584240,8005,0.0009665312154567,0.18785841193065364,35.0,0.5840317017699609,2019-08-01,2019,8,-0.8660254037844385,-0.5000000000000004,442.82756443189277,15.929618708588832,22.022799037315433,agricultural,9.510143491805613e-05,0.0008687024109123083,0.0008749698047082,0.0009139677692238,0.0009937313087901,0.0009275562942406999
0,2019-09,36.25,0.76,8472901,3638490923,8590,0.001013820414047,0.18983498095870588,36.0,0.5837306216640668,2019-09-01,2019,9,-1.0,-1.8369701987210297e-16,429.42681886640713,15.952383628962409,22.014834851313786,agricultural,0.00019498678589136947,0.0008053513367232926,0.0009665312154567,0.0008749698047082,0.0009139677692238,0.0009184895964629
0,2019-10,33.23,-0.73,8811422,3716962795,8694,0.0009866738875972,0.19326131468904792,36.0,0.5813009199133131,2019-10-01,2019,10,-0.8660254037844386,0.5000000000000001,421.83461364124884,15.991559505868116,22.03617271906427,agricultural,0.00022902165184882545,0.0007418497377850174,0.001013820414047,0.0009665312154567,0.0008749698047082,0.0009517738114039666
0,2019-11,33.23,-0.73,8263299,3563372297,8118,0.000982416344852,0.19415550617253471,36.0,0.5742704400033705,2019-11-01,2019,11,-0.5000000000000004,0.8660254037844384,431.22877400418406,15.927334581450497,21.993973208147892,agricultural,0.00028900641984220193,0.0006780674311035603,0.0009866738875972,0.001013820414047,0.0009665312154567,0.0009890085057003
0,2019-12,33.23,-0.73,8117947,3687753554,7676,0.0009455592651688,0.20400675195341877,36.0,0.5764770773471279,2019-12-01,2019,12,-2.4492935982947064e-16,1.0,454.2716962798599,15.909587970841864,22.02828331692641,agricultural,0.00032040980006760344,0.0006135933651984831,0.000982416344852,0.0009866738875972,0.001013820414047,0.0009943035488320668
0,2020-01,34.04,0.2,9085666,5053629512,0,0.0,0.18658588154132014,34.0,0.6082643666252893,2020-01-01,2020,1,0.49999999999999994,0.8660254037844387,556.2200406662539,16.02220867483898,22.343372537526964,agricultural,-0.0001595850609887558,0.0005543605228122485,0.0009455592651688,0.000982416344852,0.0009866738875972,0.0009715498325393333
0,2022-01,36.08,0.07,16179943,11376841225,9226,0.0005702121447523,0.31987275851342617,47.0,0.5353324131372965,2022-01-01,2022,1,0.49999999999999994,0.8660254037844387,703.1447036000066,16.59928300852559,23.154845654706513,agricultural,0.0001675530560199951,0.0006599975027387863,,,,
0,2022-02,36.08,0.07,15752046,10031363758,8930,0.0005669104826128,0.3125837113477195,48.0,0.5096650604345718,2022-02-01,2022,2,0.8660254037844386,0.5000000000000001,636.8292574818535,16.572480883044744,23.028982397673456,agricultural,-0.00019175530246191497,0.0007022219175580288,0.0005702121447523,,,0.0005702121447523
0,2022-03,36.08,0.07,16850976,10789109473,11764,0.0006981198003011,0.3369590580391308,49.0,0.4977629366961249,2022-03-01,2022,3,1.0,6.123233995736766e-17,640.2661467798661,16.63991919527759,23.101803080280337,agricultural,6.448904112525423e-05,0.000746669280686163,0.0005669104826128,0.0005702121447523,,0.00056856131368255
0,2022-04,37.56,0.17,16327193,10556504354,11199,0.0006859109217365,0.3414852755155157,48.0,0.5271963961565114,2022-04-01,2022,4,0.8660254037844387,-0.4999999999999998,646.5596599488963,16.608342619196097,23.080008033434364,agricultural,0.0001839330082163097,0.0007933208068713174,0.0006981198003011,0.0005669104826128,0.0005702121447523,0.0006117474758887334
0,2022-05,37.56,0.17,14726343,9544096377,12297,0.000835034196881,0.36024259383337737,48.0,0.5290293908439656,2022-05-01,2022,5,0.49999999999999994,-0.8660254037844387,648.0968409468665,16.50514855668142,22.979188619972682,agricultural,5.2155309741169756e-05,0.000841557143278842,0.0006859109217365,0.0006981198003011,0.0005669104826128,0.0006503137348834666
0,2022-06,37.56,0.17,15896019,10331353334,14659,0.0009221805786719,0.35500001604175235,52.0,0.5305503500041714,2022-06-01,2022,6,1.2246467991473532e-16,-1.0,649.9333785396205,16.581579321391157,23.058449121661447,agricultural,5.8227938727251486e-05,0.0008911728248666207,0.000835034196881,0.0006859109217365,0.0006981198003011,0.0007396883063062
0,2022-07,38.07,0.01,18612230,11657690069,16415,0.0008819469778742,0.34294735235917456,53.0,0.5145259929839318,2022-07-01,2022,7,-0.4999999999999997,-0.8660254037844388,626.3456914620118,16.739329503217174,23.179231891038818,agricultural,-1.7727874548436912e-05,0.0009428511903934983,0.0009221805786719,0.000835034196881,0.0006859109217365,0.0008143752324298001
0,2022-08,38.07,0.01,18409414,11968629921,17889,0.0009717310936676,0.3498078754706695,54.0,0.49973016414371635,2022-08-01,2022,8,-0.8660254037844385,-0.5000000000000004,650.1363878828516,16.728372776495803,23.205554890650372,agricultural,-7.613130871065637e-06,0.0009979707613867479,0.0008819469778742,0.0009221805786719,0.000835034196881,0.0008797205844757
0,2022-09,38.07,0.01,17419835,11413988619,17512,0.0010052908078635,0.35591812436799775,54.0,0.5223621351566217,2022-09-01,2022,9,-1.0,-1.8369701987210297e-16,655.2294335164484,16.673120114878184,23.158105512039228,agricultural,3.403497577171561e-05,0.001058865350923517,0.0009717310936676,0.0008819469778742,0.0009221805786719,0.0009252862167378999
0,2022-10,37.86,-0.16,18507628,12142560916,17214,0.0009301029824027,0.36086634116484295,54.0,0.5124131155870412,2022-10-01,2022,10,-0.8660254037844386,0.5000000000000001,656.0841246647058,16.733693583422337,23.219982549013263,agricultural,-0.00017992500991737443,0.0011265177580045574,0.0010052908078635,0.0009717310936676,0.0008819469778742,0.0009529896264684335
0,2022-11,37.86,-0.16,17736949,11334503890,17074,0.0009626232786709,0.36523423504234015,54.0,0.5063887279259612,2022-11-01,2022,11,-0.5000000000000004,0.8660254037844384,639.0334600387023,16.69116059221775,23.151117352060986,agricultural,-0.0002197171579566689,0.0012001072150010397,0.0009301029824027,0.0010052908078635,0.0009717310936676,0.0009690416279779335
0,2022-12,37.86,-0.16,17741006,11576683038,17318,0.000976156594502,0.37166122372090965,54.0,0.5161267443490855,2022-12-01,2022,12,-2.4492935982947064e-16,1.0,652.5381389307912,16.691389297608968,23.17225882928609,agricultural,-0.00026315885525939406,0.0012782872273750605,0.0009626232786709,0.0009301029824027,0.0010052908078635,0.0009660056896457001
0,2023-01,39.7,0.33,9332770,5227299297,15186,0.0016271696398818,0.3727704636458415,54.0,0.5392722549647939,2023-01-01,2023,1,0.49999999999999994,0.8660254037844387,560.1015879529872,16.049042527656265,22.377160595034077,agricultural,0.00026916377666016023,0.001358493797498327,0.000976156594502,0.0009626232786709,0.0009301029824027,0.0009562942851918667
0,2023-02,39.7,0.33,8468893,4491774661,15476,0.0018273934975917,0.39105677684202644,51.0,0.4716476782891734,2023-02-01,2023,2,0.8660254037844386,0.5000000000000001,530.3851000360968,15.951910479589724,22.225513708272263,agricultural,-0.00014455369380919622,0.0014395179230604419,0.0016271696398818,0.000976156594502,0.0009626232786709,0.0011886498376849
0,2023-03,39.7,0.33,8952439,4749332009,18536,0.0020704972131058,0.39856892630041935,52.0,0.49646463077926906,2023-03-01,2023,3,1.0,6.123233995736766e-17,530.5070505367308,16.00743667879373,22.281269815630026,agricultural,0.00014546847251714675,0.0015195767391332545,0.0018273934975917,0.0016271696398818,0.000976156594502,0.0014769065773251667
0,2023-04,40.13,-0.01,9017793,4638559339,17566,0.0019479267266392,0.40177890532639193,53.0,0.5159066324761306,2023-04-01,2023,4,0.8660254037844387,-0.4999999999999998,514.3785557064793,16.01471029449977,22.25766966790452,agricultural,0.0002909110639865603,0.001590938536994979,0.0020704972131058,0.0018273934975917,0.0016271696398818,0.0018416867835264333
0,2023-05,40.13,-0.01,8969747,4810545717,21294,0.0023739800018885,0.4091410827975416,51.0,0.5240762173178536,2023-05-01,2023,5,0.49999999999999994,-0.8660254037844387,536.3078487052087,16.00936813999486,22.29407636951422,agricultural,0.00011161093475511955,0.0016527827012437768,0.0019479267266392,0.0020704972131058,0.0018273934975917,0.0019486058124455665
0,2023-06,40.13,-0.01,8925940,4861641274,20101,0.0022519757022789,0.4145152219262061,53.0,0.5231232593797256,2023-06-01,2023,6,1.2246467991473532e-16,-1.0,544.6643461641015,16.004472314245856,22.30464192875267,agricultural,0.00010726435527002548,0.0017137557295307112,0.0023739800018885,0.0019479267266392,0.0020704972131058,0.0021308013138778333
0,2023-07,40.45,0.08,9448166,5156124532,19851,0.0021010426785473,0.41594104083268646,54.0,0.5172681307437126,2023-07-01,2023,7,-0.4999999999999997,-0.8660254037844388,545.7275551678495,16.061331312401684,22.363451074757275,agricultural,-4.858455653592272e-07,0.0017782396480226829,0.0022519757022789,0.0023739800018885,0.0019479267266392,0.0021912941436022003
0,2023-08,40.45,0.08,9008919,5369058876,19947,0.0022141391214639,0.4264716998787535,54.0,0.5272573996443195,2023-08-01,2023,8,-0.8660254037844385,-0.5000000000000004,595.9714895871525,16.01372575558527,22.403918474428412,agricultural,-9.12885394375891e-06,0.0018468123224467609,0.0021010426785473,0.0022519757022789,0.0023739800018885,0.0022423327942382334
0,2023-09,40.45,0.08,8723385,5060715553,18225,0.0020892119286263,0.43020421545076826,54.0,0.5367381943523709,2023-09-01,2023,9,-1.0,-1.8369701987210297e-16,580.1320878305842,15.981518023267453,22.344773724081783,agricultural,9.936912184347734e-05,0.0019184192299785548,0.0022141391214639,0.0021010426785473,0.0022519757022789,0.002189052500763367
0,2023-10,41.86,0.34,9407801,5385422773,19401,0.0020622247430616,0.4336263065088218,54.0,0.5312029809976099,2023-10-01,2023,10,-0.8660254037844386,0.5000000000000001,572.4422501071185,16.057049902980708,22.40696165403665,agricultural,-0.00032022483230035345,0.0019888457792101755,0.0020892119286263,0.0022141391214639,0.0021010426785473,0.002134797909545833
0,2023-11,41.86,0.34,9068235,5171374731,19423,0.0021418721504239,0.4317643951662038,54.0,0.5167297185140722,2023-11-01,2023,11,-0.5000000000000004,0.8660254037844384,570.2735682302014,16.02028831585537,22.366404395729404,agricultural,-0.0003869508596445736,0.0020517770019180086,0.0020622247430616,0.0020892119286263,0.0022141391214639,0.0021218585977172666
0,2023-12,41.86,0.34,9283571,5331091111,21115,0.0022744480545255,0.4423021055152161,53.0,0.5215542868750799,2023-12-01,2023,12,-2.4492935982947064e-16,1.0,574.2500500076964,16.043756944495176,22.396821765618288,agricultural,-0.0004406499991607501,0.002107102625449055,0.0021418721504239,0.0020622247430616,0.0020892119286263,0.0020977696073705998
0,2024-01,42.17,0.07,8829159,5072524476,22197,0.0025140559820023,0.44954428841976907,53.0,0.5246258912340592,2024-01-01,2024,1,0.49999999999999994,0.8660254037844387,574.5195523152319,15.99357043781715,22.347104455083848,agricultural,0.00036413709022291275,0.00215993342232092,0.0022744480545255,0.0021418721504239,0.0020622247430616,0.0021595149826703335
0,2024-02,42.17,0.07,9383386,5032841595,19447,0.0020724928080332,0.4502259632077376,52.0,0.5206988875517883,2024-02-01,2024,2,0.8660254037844386,0.5000000000000001,536.35666218996,16.054451343226077,22.33925059116766,agricultural,-0.00011683664022647523,0.0022114095916614595,0.0025140559820023,0.0022744480545255,0.0021418721504239,0.002310125395650567
0,2024-03,42.17,0.07,9329954,4908401825,23329,0.0025004410525496,0.4591398842909622,53.0,0.5068397771222912,2024-03-01,2024,3,1.0,6.123233995736766e-17,526.0906779390338,16.04874074966077,22.31421423208192,agricultural,0.00022459805511275839,0.0022637757818770813,0.0020724928080332,0.0025140559820023,0.0022744480545255,0.002286998948187
0,2024-04,42.89,0.07,9113002,5053959440,24298,0.002666300303676,0.46600582332803175,53.0,0.5224459350081483,2024-04-01,2024,4,0.8660254037844387,-0.4999999999999998,554.5877681141736,16.025212852678255,22.3434378207516,agricultural,0.00039228882895092436,0.0023168481048603637,0.0025004410525496,0.0020724928080332,0.0025140559820023,0.002362329947528367
0,2024-05,42.89,0.07,9282122,4990203022,23669,0.0025499557105584,0.4693369684216605,55.0,0.5290320375109909,2024-05-01,2024,5,0.49999999999999994,-0.8660254037844387,537.6144616500408,16.043600850149886,22.33074243185413,agricultural,0.00016953743341597912,0.0023703507718200074,0.002666300303676,0.0025004410525496,0.0020724928080332,0.0024130780547529334
0,2024-06,42.89,0.07,9385415,4980583934,24243,0.0025830504032053,0.47286156232835735,56.0,0.5211669632503431,2024-06-01,2024,6,1.2246467991473532e-16,-1.0,530.6727442526516,16.054667553072587,22.32881297713312,agricultural,0.00015488141438736532,0.00242415009370455,0.0025499557105584,0.002666300303676,0.0025004410525496,0.002572232355594667
0,2024-07,43.21,0.07,9631066,5387716680,24082,0.0025004501059384,0.4758181493097441,57.0,0.5160643045193322,2024-07-01,2024,7,-0.4999999999999997,-0.8660254037844388,559.4102127428055,16.08050457722112,22.407387510778644,agricultural,1.5042737063424953e-05,0.0024781674031313446,0.0025830504032053,0.0025499557105584,0.002666300303676,0.002599768805813233
0,2024-08,43.21,0.07,9863736,5579776312,24901,0.0025244998446835,0.4806296518884934,56.0,0.523740717996123,2024-08-01,2024,8,-0.8660254037844385,-0.5000000000000004,565.6858934586246,16.104375660859347,22.44241452526013,agricultural,-1.1058611466123916e-05,0.0025323507349809273,0.0025004501059384,0.0025830504032053,0.0025499557105584,0.0025444854065673666
0,2024-09,43.21,0.07,9526880,5286326380,26008,0.0027299598609408,0.483808760055758,57.0,0.5300301205979948,2024-09-01,2024,9,-1.0,-1.8369701987210297e-16,554.8853748551467,16.06962793979533,22.38838939564162,agricultural,0.00016637306583379318,0.0025866635783683353,0.0025244998446835,0.0025004501059384,0.0025830504032053,0.0025360001179424
0,2024-10,42.35,-0.22,9824911,5317233363,21452,0.0021834294478596,0.487466502241089,58.0,0.5246051058247777,2024-10-01,2024,10,-0.8660254037844386,0.5000000000000001,541.1991378853203,16.100431758936484,22.394218960669093,agricultural,-0.00046070701756454095,0.00264108224173856,0.0027299598609408,0.0025244998446835,0.0025004501059384,0.0025849699371875666
0,2024-11,42.35,-0.22,9581368,5331731835,20565,0.0021463532138625,0.48542744626863304,57.0,0.517399741633358,2024-11-01,2024,11,-0.5000000000000004,0.8660254037844384,556.4687459035077,16.075331041616458,22.39694194467479,agricultural,-0.000553904535544136,0.002695599357671263,0.0021834294478596,0.0027299598609408,0.0025244998446835,0.0024792963844946334
0,2024-12,42.35,-0.22,9636155,5449389173,20665,0.0021445275631203,0.4918532339921888,57.0,0.5126305004218886,2024-12-01,2024,12,-2.4492935982947064e-16,1.0,565.5148939592607,16.081032831876016,22.4187693611752,agricultural,-0.0006175071417162555,0.002750211472144716,0.0021463532138625,0.0021834294478596,0.0027299598609408,0.0023532475075543
1,2019-01,39.97,0.28,71712735,43207280539,142706,0.0019899673328593,0.1620706280411701,66.0,0.5447828343923057,2019-01-01,2019,1,0.49999999999999994,0.8660254037844387,602.5049879773794,18.088178918805447,24.48927484901524,metropolitan,-0.0009987001841982772,0.002995753293261049,,,,
1,2019-02,39.97,0.28,65231607,37505004795,120008,0.0018397216551786,0.1508419837027777,67.0,0.5534276010851141,2019-02-01,2019,2,0.8660254037844386,0.5000000000000001,574.9514157301077,17.993454694702535,24.347740222244287,metropolitan,-0.001014837798593732,0.0028611077339040034,0.0019899673328593,,,0.0019899673328593
1,2019-03,39.97,0.28,72328601,40660278165,145434,0.0020107398455003,0.17059225298716893,67.0,0.5405300864204319,2019-03-01,2019,3,1.0,6.123233995736766e-17,562.1604400311849,18.096730210559038,24.42851748639227,metropolitan,-0.0007209305978692019,0.0027264267503761498,0.0018397216551786,0.0019899673328593,,0.00191484449401895
1,2019-04,38.0,-0.48,72288137,43247205931,152179,0.0021051725264409,0.17039916245178652,70.0,0.546451613083868,2019-04-01,2019,4,0.8660254037844387,-0.4999999999999998,598.2614537569283,18.09617060727859,24.49019846550913,metropolitan,-0.0004937260196314028,0.002591719509923343,0.0020107398455003,0.0018397216551786,0.0019899673328593,0.0019468096111794001
1,2019-05,38.0,-0.48,74486109,42679292127,160900,0.0021601343144397,0.17174870820544538,68.0,0.5525469483284202,2019-05-01,2019,5,0.49999999999999994,-0.8660254037844387,572.9832407677518,18.12612322301412,24.476979677675413,metropolitan,-0.0002928450738920365,0.0024569916948840947,0.0021051725264409,0.0020107398455003,0.0018397216551786,0.001985211342373267
1,2019-06,38.0,-0.48,75090950,42683972535,157568,0.0020983620529504,0.16970477800587155,69.0,0.5497472952019931,2019-06-01,2019,6,1.2246467991473532e-16,-1.0,568.4303173018852,18.134210616798107,24.477089336274414,metropolitan,-0.00023328997602081283,0.0023222420060450503,0.0021601343144397,0.0021051725264409,0.0020107398455003,0.002092015562126967
1,2019-07,38.49,0.12,78733016,46616790761,179854,0.0022843529835056,0.1760148753859499,70.0,0.535958788544932,2019-07-01,2019,7,-0.4999999999999997,-0.8660254037844388,592.0869430557569,18.181573155269813,24.565226629960623,metropolitan,9.27477377735008e-05,0.0021874612116846806,0.0020983620529504,0.0021601343144397,0.0021051725264409,0.0021212229646103333
1,2019-08,38.49,0.12,76380703,45318671766,178413,0.0023358386738074,0.17729036874667153,71.0,0.5371642635236078,2019-08-01,2019,8,-0.8660254037844385,-0.5000000000000004,593.3261934758574,18.1512406567917,24.536984964799416,metropolitan,0.0002865350721332604,0.0020526178574543715,0.0022843529835056,0.0020983620529504,0.0021601343144397,0.0021809497836319
1,2019-09,38.49,0.12,75745879,47325869761,176978,0.002336470344479,0.18486074998218716,68.0,0.5472849001909068,2019-09-01,2019,9,-1.0,-1.8369701987210297e-16,624.7979478989214,18.14289461143565,24.580322912362085,metropolitan,0.0004134698155637648,0.0019176363068767095,0.0023358386738074,0.0022843529835056,0.0020983620529504,0.0022395179034211334
1,2019-10,40.16,0.41,78351700,51620832297,181808,0.002320409129604,0.19562702532299875,69.0,0.5472779604860626,2019-10-01,2019,10,-0.8660254037844386,0.5000000000000001,658.8348727213322,18.176718236805048,24.667191154663655,metropolitan,0.0005400872099588775,0.001782352875345656,0.002336470344479,0.0023358386738074,0.0022843529835056,0.0023188873339306665
1,2019-11,40.16,0.41,73028913,45704700995,177025,0.0024240399141638,0.19334347753471287,68.0,0.5456224397324041,2019-11-01,2019,11,-0.5000000000000004,0.8660254037844384,625.8439173947447,18.106366002884602,24.545466995989443,metropolitan,0.0007790227863558804,0.0016464306545364675,0.002320409129604,0.002336470344479,0.0023358386738074,0.0023309060492968
1,2019-12,40.16,0.41,74245183,49894549054,178820,0.0024085064212179,0.20378080285693417,70.0,0.5354352540008308,2019-12-01,2019,12,-2.4492935982947064e-16,1.0,672.0240564832334,18.122883471590594,24.633177596362298,metropolitan,0.000899581084163585,0.0015097188589886397,0.0024240399141638,0.002320409129604,0.002336470344479,0.002360306462748933
1,2020-01,40.99,0.21,76911864,52602481372,0,0.0,0.18719964971854017,70.0,0.5382910329478505,2020-01-01,2020,1,0.49999999999999994,0.8660254037844387,683.9319532289583,18.158170713861583,24.686029129969032,metropolitan,-0.0007210799201321942,0.0013732375363235717,0.0024085064212179,0.0024240399141638,0.002320409129604,0.0023843184883285667
1,2022-01,45.08,0.38,149452312,144981352105,256981,0.001719484941792,0.3523114650779039,76.0,0.49365223421845306,2022-01-01,2022,1,0.49999999999999994,0.8660254037844387,970.0843711604809,18.822487923322534,25.699870964930987,metropolitan,-0.00024956402873553383,0.0016866352432264968,,,,
1,2022-02,45.08,0.38,131029857,114998053736,230395,0.0017583397042095,0.35901093137879253,78.0,0.48780645656547805,2022-02-01,2022,2,0.8660254037844386,0.5000000000000001,877.6477084608281,18.690935778858897,25.46818104114036,metropolitan,-0.00038151114879481866,0.0017356831890317807,0.001719484941792,,,0.001719484941792
1,2022-03,45.08,0.38,157067024,139911669230,286630,0.001824889736244,0.37728000754633256,77.0,0.4794886143589527,2022-03-01,2022,3,1.0,6.123233995736766e-17,890.7768522436638,18.872183183040107,25.664277126368773,metropolitan,1.2070211598315934e-05,0.0017839809795820343,0.0017583397042095,0.001719484941792,,0.0017389123230007499
1,2022-04,45.54,-0.13,149507303,130139513915,277092,0.0018533676578996,0.3833903618741621,78.0,0.4945086726694271,2022-04-01,2022,4,0.8660254037844387,-0.4999999999999998,870.4558995021133,18.822855805788883,25.591872895920982,metropolitan,-2.7551900842267943e-05,0.0018287141246819496,0.001824889736244,0.0017583397042095,0.001719484941792,0.0017675714607485
1,2022-05,45.54,-0.13,141291739,119125865492,280931,0.0019883044966981,0.395608005079476,77.0,0.49312479731776354,2022-05-01,2022,5,0.49999999999999994,-0.8660254037844387,843.1198195670873,18.76633738876277,25.50344646431306,metropolitan,0.00013360170178320645,0.0018693568819036716,0.0018533676578996,0.001824889736244,0.0017583397042095,0.0018121990327843666
1,2022-06,45.54,-0.13,148364373,132672033530,285368,0.0019234267245546,0.39630376761677144,78.0,0.49328162400511777,2022-06-01,2022,6,1.2246467991473532e-16,-1.0,894.2310801933561,18.815181792491323,25.611146006495765,metropolitan,-2.2927116638596767e-05,0.0019078437276789054,0.0019883044966981,0.0018533676578996,0.001824889736244,0.0018888539636138998
1,2022-07,46.96,0.2,165914819,135270415892,318026,0.001916802862558,0.3931059648143907,78.0,0.5003543281728822,2022-07-01,2022,7,-0.4999999999999997,-0.8660254037844388,815.3003855068546,18.926985082093147,25.630541692582597,metropolitan,-1.3273125467371474e-05,0.0019445171022696123,0.0019234267245546,0.0019883044966981,0.0018533676578996,0.0019216996263841
1,2022-08,46.96,0.2,165064677,141148727404,323380,0.0019591108520449,0.403951391732345,79.0,0.4947810335875937,2022-08-01,2022,8,-0.8660254037844385,-0.5000000000000004,855.1116445343422,18.921847942936466,25.6730799757002,metropolitan,8.513781793896359e-06,0.001978261998256145,0.001916802862558,0.0019234267245546,0.0019883044966981,0.0019428446946035665
1,2022-09,46.96,0.2,160778652,152245269523,309517,0.0019251125454143,0.40811893982044334,77.0,0.5049140375620522,2022-09-01,2022,9,-1.0,-1.8369701987210297e-16,946.9246546674617,18.895539150921294,25.748758672603802,metropolitan,-9.538494457542858e-05,0.0020421618426492445,0.0019591108520449,0.001916802862558,0.0019234267245546,0.0019331134797191667
1,2022-10,46.53,-0.23,167958564,152483384552,319335,0.0019012725067118,0.42256273993864346,78.0,0.5007801047860184,2022-10-01,2022,10,-0.8660254037844386,0.5000000000000001,907.8631117136724,18.939227870042888,25.750321473307167,metropolitan,1.572403173798856e-05,0.002260515318702186,0.0019251125454143,0.0019591108520449,0.001916802862558,0.0019336754200057335
1,2022-11,46.53,-0.23,161576975,151955316255,316357,0.0019579336721708,0.4288430761870619,77.0,0.496058628878733,2022-11-01,2022,11,-0.5000000000000004,0.8660254037844384,940.4515479696287,18.90049221865318,25.74685234257445,metropolitan,0.0003364923535538659,0.0025148426825253203,0.0019012725067118,0.0019251125454143,0.0019591108520449,0.0019284986347236667
1,2022-12,46.53,-0.23,164673797,153249842618,343078,0.0020833794219246,0.4373085962182557,78.0,0.4954572132985696,2022-12-01,2022,12,-2.4492935982947064e-16,1.0,930.6267627872818,18.919477093238644,25.75533538480625,metropolitan,-0.0002208643541826478,0.0027067096851994144,0.0019579336721708,0.0019012725067118,0.0019251125454143,0.0019281062414323001
1,2023-01,48.08,0.23,79677197,61932685158,343768,0.004314509206442,0.4379975866871923,75.0,0.5026294749871402,2023-01-01,2023,1,0.49999999999999994,0.8660254037844387,777.294978863275,18.19349400495964,24.849313908925126,metropolitan,-7.37353356843678e-05,0.0028602448972493257,0.0020833794219246,0.0019579336721708,0.0019012725067118,0.0019808618669357333
1,2023-02,48.08,0.23,73104315,55856105396,324287,0.0044359488218992,0.46050819298423085,78.0,0.47936149221373975,2023-02-01,2023,2,0.8660254037844386,0.5000000000000001,764.0603074661188,18.107397965384735,24.746044674248733,metropolitan,-0.0004153585450647613,0.0030012097464488983,0.004314509206442,0.0020833794219246,0.0019579336721708,0.002785274100179133
1,2023-03,48.08,0.23,82294468,62042629620,373026,0.0045328198731414,0.47146549388957715,76.0,0.4883731981718798,2023-03-01,2023,3,1.0,6.123233995736766e-17,753.910088099725,18.225814458042624,24.85108756025269,metropolitan,0.0002551461827061944,0.0031441391441973756,0.0044359488218992,0.004314509206442,0.0020833794219246,0.0036112791500885998
1,2023-04,49.53,0.21,80874752,61000234197,370713,0.0045837914903281,0.4721072158589123,78.0,0.49360251696554236,2023-04-01,2023,4,0.8660254037844387,-0.4999999999999998,754.2555950836177,18.20841225668485,24.834143540423828,metropolitan,0.00010094704284121763,0.00329680691967715,0.0045328198731414,0.0044359488218992,0.004314509206442,0.0044277593004942
1,2023-05,49.53,0.21,85198748,64115660870,401854,0.0047166655547567,0.48043285800396973,76.0,0.4899190977507306,2023-05-01,2023,5,0.49999999999999994,-0.8660254037844387,752.5422893538295,18.260497308593155,24.883954490392295,metropolitan,0.0002977287516493765,0.003476362059067531,0.0045837914903281,0.0045328198731414,0.0044359488218992,0.004517520061789567
1,2023-06,49.53,0.21,84062205,65610632093,379897,0.0045192366771725,0.48393560459186147,77.0,0.4916444263031938,2023-06-01,2023,6,1.2246467991473532e-16,-1.0,780.5009646487384,18.247067630356547,24.907003594367442,metropolitan,3.204166168304997e-05,0.003701961346231288,0.0047166655547567,0.0045837914903281,0.0045328198731414,0.0046110923060754
1,2023-07,50.32,0.19,88352324,70328709782,344676,0.0039011537489381,0.48701504444863275,77.0,0.48934349431899704,2023-07-01,2023,7,-0.4999999999999997,-0.8660254037844388,796.0029413827303,18.2968430721732,24.976445941911088,metropolitan,-1.8222697627383534e-05,0.0038986816988030057,0.0045192366771725,0.0047166655547567,0.0045837914903281,0.004606564574085766
1,2023-08,50.32,0.19,88242545,76234593126,343186,0.0038891217382726,0.49555016800569385,78.0,0.4871981707326908,2023-08-01,2023,8,-0.8660254037844385,-0.5000000000000004,863.9210612749213,18.29559978562111,25.057081174666777,metropolitan,-0.00013031083085479376,0.004012199600196432,0.0039011537489381,0.0045192366771725,0.0047166655547567,0.0043790186602891
1,2023-09,50.32,0.19,84609265,79367961898,348169,0.0041150221550795,0.4965748018257811,77.0,0.4988495716123206,2023-09-01,2023,9,-1.0,-1.8369701987210297e-16,938.0528467892966,18.253554345765547,25.097360621238963,metropolitan,1.2295168913986746e-05,0.004110489212427809,0.0038891217382726,0.0039011537489381,0.0045192366771725,0.004103170721461067
1,2023-10,50.24,0.0,88351290,79560793764,367323,0.0041575284299753,0.5099923611754849,77.0,0.4942746927717847,2023-10-01,2023,10,-0.8660254037844386,0.5000000000000001,900.5051738803135,18.296831368960515,25.09978726781806,metropolitan,-4.533116755310989e-05,0.0042093389658152,0.0041150221550795,0.0038891217382726,0.0039011537489381,0.003968432547430067
1,2023-11,50.24,0.0,84398456,79056862842,370087,0.004384997280045,0.5132258817625763,77.0,0.4958521343140014,2023-11-01,2023,11,-0.5000000000000004,0.8660254037844384,936.7098237199979,18.251059677408545,25.093433213316796,metropolitan,8.156559798600541e-05,0.00430863281190149,0.0041575284299753,0.0041150221550795,0.0038891217382726,0.004053890774442467
1,2023-12,50.24,0.0,87034319,89612961117,375113,0.0043099435292875,0.5182566086373354,77.0,0.48779648960888256,2023-12-01,2023,12,-2.4492935982947064e-16,1.0,1029.6278772170322,18.28181308158961,25.218765801800544,metropolitan,-0.0004847202457127622,0.004408314806941825,0.004384997280045,0.0041575284299753,0.0041150221550795,0.004219182621699933
1,2024-01,52.76,0.59,84537776,81406613873,387540,0.0045842227976283,0.5237582663636668,77.0,0.48205497452737267,2024-01-01,2024,1,0.49999999999999994,0.8660254037844387,962.9613851327246,18.252709057512337,25.122722358177523,metropolitan,7.842797139845175e-05,0.004508451490677197,0.0043099435292875,0.004384997280045,0.0041575284299753,0.004284156413102601
1,2024-02,52.76,0.59,79776643,70589587990,330227,0.0041393945343125,0.5243273648403581,77.0,0.4866954641003562,2024-02-01,2024,2,0.8660254037844386,0.5000000000000001,884.8402907853618,18.194741337876128,24.980148491688507,metropolitan,-0.0004692389859627305,0.004610018520305874,0.0045842227976283,0.0043099435292875,0.004384997280045,0.004426387868986934
1,2024-03,52.76,0.59,86498675,79570402030,448145,0.005180946413341,0.5399294844689817,77.0,0.4813749458743552,2024-03-01,2024,3,1.0,6.123233995736766e-17,919.9031318109786,18.27563966542658,25.099908026868018,metropolitan,0.0004799987203326814,0.0047122887412948036,0.0041393945343125,0.0045842227976283,0.0043099435292875,0.0043445202870761
1,2024-04,54.83,0.36,86254094,75798015035,432473,0.0050139417150448,0.545963870422197,77.0,0.48550074541585614,2024-04-01,2024,4,0.8660254037844387,-0.4999999999999998,878.7758530626963,18.272808091009555,25.051337942391697,metropolitan,0.00021377825667653547,0.004814759926460902,0.005180946413341,0.0041393945343125,0.0045842227976283,0.0046348545817606
1,2024-05,54.83,0.36,90060500,84694887663,483608,0.0053698125149205,0.5495887209153847,78.0,0.4887002343505088,2024-05-01,2024,5,0.49999999999999994,-0.8660254037844387,940.4221347094453,18.315992235780254,25.162321078624586,metropolitan,0.00045081458845697375,0.004917309058534876,0.0050139417150448,0.005180946413341,0.0041393945343125,0.004778094220899433
1,2024-06,54.83,0.36,89141438,86495357643,453414,0.005086455975727,0.5513645068189275,77.0,0.4873132577798228,2024-06-01,2024,6,1.2246467991473532e-16,-1.0,970.3159336850725,18.305734868498,25.18335658058853,metropolitan,7.70510611471214e-05,0.005019917321859003,0.0053698125149205,0.0050139417150448,0.005180946413341,0.005188233547768767
1,2024-07,56.17,0.3,91691044,84697520756,465035,0.0050717603346298,0.5552132441637375,77.0,0.4854092898894359,2024-07-01,2024,7,-0.4999999999999997,-0.8660254037844388,923.7273027014503,18.333935277060057,25.16235216730235,metropolitan,-3.703818285457015e-05,0.005122585643798296,0.005086455975727,0.0053698125149205,0.0050139417150448,0.005156736735230766
1,2024-08,56.17,0.3,93106666,82965009692,460747,0.0049485930470327,0.5587615606384188,77.0,0.4821285122881532,2024-08-01,2024,8,-0.8660254037844385,-0.5000000000000004,891.0748634474786,18.349256350854123,25.141684785893556,metropolitan,-0.0002748250273352881,0.005225324626414935,0.0050717603346298,0.005086455975727,0.0053698125149205,0.005176009608425767
1,2024-09,56.17,0.3,89818250,97948651112,532225,0.0059255774856446,0.5627842559836114,77.0,0.48674616249650543,2024-09-01,2024,9,-1.0,-1.8369701987210297e-16,1090.5205914388223,18.31329875315639,25.307709210062963,metropolitan,0.00011934078458414301,0.00532815050339413,0.0049485930470327,0.0050717603346298,0.005086455975727,0.005035603119129833
1,2024-10,56.26,-0.01,92201499,90631918013,491760,0.0053335358463098,0.5749962047797076,78.0,0.48848016555613405,2024-10-01,2024,10,-0.8660254037844386,0.5000000000000001,982.976621811756,18.339486957374962,25.23007228391396,metropolitan,-0.00010580583773689474,0.005431078193739847,0.0059255774856446,0.0049485930470327,0.0050717603346298,0.005315310289102367
1,2024-11,56.26,-0.01,89130853,88770731615,478771,0.0053715518688012,0.5751253160339439,78.0,0.48511738686294215,2024-11-01,2024,11,-0.5000000000000004,0.8660254037844384,995.95963268746,18.30561611757115,25.209322833695953,metropolitan,-0.00017199876223868287,0.005534118239732567,0.0053335358463098,0.0059255774856446,0.0049485930470327,0.0054025687929957
1,2024-12,56.26,-0.01,91332297,101421057010,447626,0.0049010702095886,0.5811966165703684,77.0,0.4789312833617111,2024-12-01,2024,12,-2.4492935982947064e-16,1.0,1110.4621294042347,18.33001503985356,25.342546569374928,metropolitan,-0.0007468024392489422,0.005637273052369966,0.0053715518688012,0.0053335358463098,0.0059255774856446,0.005543555066918533
2,2019-01,58.07,0.29,130293075,112713025530,2128272,0.0163344982072147,0.3494237203320284,80.0,0.3550256385827416,2019-01-01,2019,1,0.49999999999999994,0.8660254037844387,865.0730326995506,18.685296901772944,25.44811082834114,metropolitan,-0.004771782534574597,0.021108762766914008,,,,
2,2019-02,58.07,0.29,110385438,84424427124,1832165,0.0165978867611142,0.3435130818613955,79.0,0.352726600432849,2019-02-01,2019,2,0.8660254037844386,0.5000000000000001,764.8148945515802,18.519488789992664,25.15912261758649,metropolitan,-0.003747585658997824,0.020350935210006527,0.0163344982072147,,,0.0163344982072147
2,2019-03,58.07,0.29,129442794,97672287376,2193723,0.0169474323924126,0.3558907342497567,80.0,0.34948680106014773,2019-03-01,2019,3,1.0,6.123233995736766e-17,754.5594803523787,18.678749604057398,25.30488370557459,metropolitan,-0.0026760125636327405,0.01959302892969647,0.0165978867611142,0.0163344982072147,,0.01646619248416445
2,2019-04,59.25,0.3,127861544,100988727768,2066611,0.0161628816245172,0.353038338094838,80.0,0.35901585631546984,2019-04-01,2019,4,0.8660254037844387,-0.4999999999999998,789.828783609871,18.66645855675871,25.338274741311704,metropolitan,-0.0026329969273611144,0.018835029657446635,0.0169474323924126,0.0165978867611142,0.0163344982072147,0.016626605786913832
2,2019-05,59.25,0.3,135168569,104384580862,2165382,0.016019863316005,0.357871939888629,79.0,0.36033310705595434,2019-05-01,2019,5,0.49999999999999994,-0.8660254037844387,772.2548343468814,18.7220332241335,25.37134780860414,metropolitan,-0.0020440277383428833,0.018076911289785735,0.0161628816245172,0.0169474323924126,0.0165978867611142,0.016569400259348
2,2019-06,59.25,0.3,131504935,102213886645,2133721,0.0162254062936877,0.3553435085915217,79.0,0.3625102826222964,2019-06-01,2019,6,1.2246467991473532e-16,-1.0,777.2627441319978,18.694554944999304,25.350333382647975,metropolitan,-0.0011062160756126341,0.017318663824036903,0.016019863316005,0.0161628816245172,0.0169474323924126,0.016376725777644933
2,2019-07,56.28,-0.72,140909482,110347943606,2287225,0.0162318743035333,0.36296553840145407,81.0,0.35538133727881305,2019-07-01,2019,7,-0.4999999999999997,-0.8660254037844388,783.1122649787329,18.763628277655968,25.42690433428748,metropolitan,-0.0003088536014877259,0.016560290483535106,0.0162254062936877,0.016019863316005,0.0161628816245172,0.0161360504114033
2,2019-08,56.28,-0.72,139742416,107254876495,2281311,0.0163251149171487,0.3667028914112949,81.0,0.35485919430870183,2019-08-01,2019,8,-0.8660254037844385,-0.5000000000000004,767.5184068307507,18.75531140734661,25.39847386221505,metropolitan,0.0005072320594179777,0.015801798048208627,0.0162318743035333,0.0162254062936877,0.016019863316005,0.01615904797107533
2,2019-09,56.28,-0.72,129991718,107618457513,2262737,0.0174067781764373,0.3831063683610982,80.0,0.34576779196047697,2019-09-01,2019,9,-1.0,-1.8369701987210297e-16,827.8870313337962,18.682981306390925,25.401858008197294,metropolitan,0.0023100002715870653,0.01504320346401416,0.0163251149171487,0.0162318743035333,0.0162254062936877,0.016260798504789897
2,2019-10,57.11,0.21,143355909,121657069006,2314668,0.0161463033937443,0.4071254711935174,80.0,0.33575768388056104,2019-10-01,2019,10,-0.8660254037844386,0.5000000000000001,848.6365846698374,18.780840977208026,25.524472013875243,metropolitan,0.001824176833445321,0.014284454024902816,0.0174067781764373,0.0163251149171487,0.0162318743035333,0.0166545891323731
2,2019-11,57.11,0.21,140687762,122795717704,2531760,0.0179955950966083,0.4227852455283211,81.0,0.3230495038439305,2019-11-01,2019,11,-0.5000000000000004,0.8660254037844384,872.8244444175606,18.76205354602086,25.533787979942286,metropolitan,0.004500587016615502,0.01352498805437403,0.0161463033937443,0.0174067781764373,0.0163251149171487,0.016626065495776766
2,2019-12,57.11,0.21,142687886,128197284837,2549064,0.0178646139588892,0.417207183236284,81.0,0.32015544512884225,2019-12-01,2019,12,-2.4492935982947064e-16,1.0,898.4454702552675,18.776170194471373,25.576836202097937,metropolitan,0.005134408526174683,0.012762196105161494,0.0179955950966083,0.0161463033937443,0.0174067781764373,0.0171828922222633
2,2020-01,57.06,0.0,139183555,185283483183,0,0.0,0.4065983585488961,82.0,0.31987284685793277,2020-01-01,2020,1,0.49999999999999994,0.8660254037844387,1331.2167747331932,18.75130416670253,25.945152830722552,metropolitan,-0.0033838859430932937,0.011994801318184381,0.0178646139588892,0.0179955950966083,0.0161463033937443,0.017335504149747268
2,2022-01,64.91,-0.07,304955293,450987039690,4022382,0.0131900711098659,0.6319597049919051,82.0,0.24643046481887104,2022-01-01,2022,1,0.49999999999999994,0.8660254037844387,1478.86280396517,19.53567574677904,26.834704439209126,metropolitan,-0.0010974910945871761,0.012425774871338266,,,,
2,2022-02,64.91,-0.07,260249836,353150066394,3693677,0.0141928120177566,0.6392742894946531,83.0,0.24318910142734104,2022-02-01,2022,2,0.8660254037844386,0.5000000000000001,1356.9655674787823,19.377152639138313,26.59015892080925,metropolitan,-0.0009485757512864644,0.012802807554071025,0.0131900711098659,,,0.0131900711098659
2,2022-03,64.91,-0.07,321023810,459416100457,4111877,0.0128086355962194,0.6354458287689003,83.0,0.24751445763461133,2022-03-01,2022,3,1.0,6.123233995736766e-17,1431.0966543478503,19.587025855913364,26.85322217329604,metropolitan,-0.0006167138636864304,0.013191253082480323,0.0141928120177566,0.0131900711098659,,0.01369144156381125
2,2022-04,66.12,-0.05,296154844,436159838031,3850874,0.0130029073574768,0.6473670645076466,83.0,0.2500133858580526,2022-04-01,2022,4,0.8660254037844387,-0.4999999999999998,1472.7425428536972,19.50639300050615,26.801274614104546,metropolitan,-0.0005241024752127975,0.01359089805957483,0.0128086355962194,0.0141928120177566,0.0131900711098659,0.0133971729079473
2,2022-05,66.12,-0.05,288374296,434814079768,3970900,0.0137699512580691,0.6686419097491269,83.0,0.24212608987323653,2022-05-01,2022,5,0.49999999999999994,-0.8660254037844387,1507.8114998432454,19.479769836657216,26.798184373842588,metropolitan,-0.00013694595117172802,0.013996386494079659,0.0130029073574768,0.0128086355962194,0.0141928120177566,0.013334784990484266
2,2022-06,66.12,-0.05,313198678,436391787467,4066680,0.0129843459939508,0.6653302732012171,83.0,0.24853179570021247,2022-06-01,2022,6,1.2246467991473532e-16,-1.0,1393.3385359532074,19.56234830431979,26.801806271910653,metropolitan,-6.669939940584667e-05,0.014577452037660709,0.0137699512580691,0.0130029073574768,0.0128086355962194,0.013193831403921767
2,2022-07,67.07,0.03,335417624,434153202924,4025267,0.0120007617727326,0.6481623756299699,83.0,0.25912605578167774,2022-07-01,2022,7,-0.4999999999999997,-0.8660254037844388,1294.3661032075047,19.630886955167714,26.79666331088756,metropolitan,-0.00020358094430064202,0.015819566439133424,0.0129843459939508,0.0137699512580691,0.0130029073574768,0.0132524015364989
2,2022-08,67.07,0.03,333707294,442482128585,4178254,0.0125207152349507,0.653315689887198,83.0,0.25786488353096737,2022-08-01,2022,8,-0.8660254037844385,-0.5000000000000004,1325.9588164261102,19.625774804435608,26.815665913202533,metropolitan,-9.40735690845122e-05,0.016768368808137566,0.0120007617727326,0.0129843459939508,0.0137699512580691,0.012918353008250833
2,2022-09,67.07,0.03,321875889,445680885691,4023511,0.0125001938247073,0.6624509703490092,83.0,0.2545088832309634,2022-09-01,2022,9,-1.0,-1.8369701987210297e-16,1384.6358205817646,19.589676594426997,26.82286902993935,metropolitan,-0.0001550300082534983,0.01750588487895909,0.0125207152349507,0.0120007617727326,0.0129843459939508,0.012501941000544699
2,2022-10,66.06,-0.43,330461986,458028885495,3992425,0.0120813442064104,0.6646632360310272,82.0,0.2568575024345791,2022-10-01,2022,10,-0.8660254037844386,0.5000000000000001,1386.0259421638893,19.61600219399964,26.850198087840404,metropolitan,0.00016828628115866728,0.018182914143007236,0.0125001938247073,0.0125207152349507,0.0120007617727326,0.0123405569441302
2,2022-11,66.06,-0.43,343553096,481298852498,4406653,0.0128267014656738,0.6742328498765734,83.0,0.2494787910113451,2022-11-01,2022,11,-0.5000000000000004,0.8660254037844384,1400.9445937230034,19.65485223410019,26.899754229082678,metropolitan,0.0005823349764931061,0.018825749710230977,0.0120813442064104,0.0125001938247073,0.0125207152349507,0.012367417755356132
2,2022-12,66.06,-0.43,344211354,502868096490,4199877,0.0122014481834901,0.6686126512840131,83.0,0.25288131341975695,2022-12-01,2022,12,-2.4492935982947064e-16,1.0,1460.9282658642342,19.656766430738536,26.9435937390406,metropolitan,-0.00019178155280999393,0.019490351620080518,0.0128267014656738,0.0120813442064104,0.0125001938247073,0.012469413165597167
2,2023-01,64.5,-0.55,150601015,164370591585,3727852,0.024753166504223,0.6636405006964926,81.0,0.25776429055075445,2023-01-01,2023,1,0.49999999999999994,0.8660254037844387,1091.4308352105063,18.830144619655254,25.825389420270128,metropolitan,-0.00010037030693825814,0.020354840253645607,0.0122014481834901,0.0128267014656738,0.0120813442064104,0.012369831285191433
2,2023-02,64.5,-0.55,149638846,154092960259,3635510,0.0242952287937318,0.6842537398343743,81.0,0.2446477398567704,2023-02-01,2023,2,0.8660254037844386,0.5000000000000001,1029.7657618864555,18.823735262255486,25.760821895295823,metropolitan,-0.00011875523133511874,0.02183088786603935,0.024753166504223,0.0122014481834901,0.0128267014656738,0.016593772051128965
2,2023-03,64.5,-0.55,168243555,184172920014,4143959,0.024630714680274,0.6848120511956609,83.0,0.2516407344724258,2023-03-01,2023,3,1.0,6.123233995736766e-17,1094.6803876915226,18.940923225607055,25.939140935926336,metropolitan,-9.09776495681615e-05,0.02337362334045007,0.0242952287937318,0.024753166504223,0.0122014481834901,0.020416614493814968
2,2023-04,66.54,0.3,157588199,167111986727,3730587,0.0236730099314099,0.6784687665603691,81.0,0.25755428202143765,2023-04-01,2023,4,0.8660254037844387,-0.4999999999999998,1060.4346504842028,18.875495859488478,25.841930003834975,metropolitan,-0.0001752074542522639,0.02359580204127796,0.024630714680274,0.0242952287937318,0.024753166504223,0.024559703326076265
2,2023-05,66.54,0.3,168545559,180484974893,4017560,0.0238366411066339,0.6835597727021689,82.0,0.2627761987119376,2023-05-01,2023,5,0.49999999999999994,-0.8660254037844387,1070.8379144715407,18.942716656965725,25.918913369670086,metropolitan,0.0005009428028530665,0.02351618342169388,0.0236730099314099,0.024630714680274,0.0242952287937318,0.024199651135138566
2,2023-06,66.54,0.3,165014366,180215260906,3927793,0.0238027336359308,0.6878351670302452,82.0,0.2632349960470013,2023-06-01,2023,6,1.2246467991473532e-16,-1.0,1092.1186153331644,18.921543100801518,25.91741786725285,metropolitan,0.0001828644528477705,0.02346105589814025,0.0238366411066339,0.0236730099314099,0.024630714680274,0.024046788572772596
2,2023-07,67.13,0.15,172601473,180285931136,3970311,0.0230027642927473,0.6842900002365565,81.0,0.26816209230439797,2023-07-01,2023,7,-0.4999999999999997,-0.8660254037844388,1044.5213937195078,18.96649587655396,25.91780993381166,metropolitan,-0.0001451467608869572,0.023425843786511243,0.0238027336359308,0.0238366411066339,0.0236730099314099,0.02377079489132487
2,2023-08,67.13,0.15,174927157,188476638833,4037206,0.0230793552541415,0.6957677532025516,82.0,0.26489610884133413,2023-08-01,2023,8,-0.8660254037844385,-0.5000000000000004,1077.4578519732074,18.979880205235872,25.962239904239162,metropolitan,-0.000272017226821584,0.02340294853536284,0.0230027642927473,0.0238027336359308,0.0238366411066339,0.02354737967843733
2,2023-09,67.13,0.15,168377822,185630633875,3819302,0.0226829279214693,0.6951921732305101,81.0,0.2663423059330019,2023-09-01,2023,9,-1.0,-1.8369701987210297e-16,1102.4648713831207,18.941720958701247,25.947024696889937,metropolitan,-0.0005838842603294079,0.023388509705997235,0.0230793552541415,0.0230027642927473,0.0238027336359308,0.02329495106093987
2,2023-10,67.22,0.04,172957694,193482125131,3983996,0.0230345115493965,0.7023578899010992,81.0,0.26182847093113615,2023-10-01,2023,10,-0.8660254037844386,0.5000000000000001,1118.6673495484972,18.96855758498561,25.988450968570458,metropolitan,-9.496164668217575e-05,0.023384725855465378,0.0226829279214693,0.0230793552541415,0.0230027642927473,0.0229216824894527
2,2023-11,67.22,0.04,177204673,203625632419,4148939,0.0234132595363328,0.714450645440936,82.0,0.2564702133201876,2023-11-01,2023,11,-0.5000000000000004,0.8660254037844384,1149.0985478639154,18.992815972762557,26.039549009671042,metropolitan,0.0001081460619803518,0.023395094017083572,0.0230345115493965,0.0226829279214693,0.0230793552541415,0.022932264908335765
2,2023-12,67.22,0.04,178266195,204581491664,4084975,0.02291502884212,0.7071074131581706,81.0,0.2559132045860185,2023-12-01,2023,12,-2.4492935982947064e-16,1.0,1147.6179859226816,18.998788474281124,26.044232225301705,metropolitan,-0.0004287686916028788,0.023420442693070784,0.0234132595363328,0.0230345115493965,0.0226829279214693,0.023043566335732863
2,2024-01,68.82,0.37,172945472,190981832063,4147192,0.0239797662930429,0.7148638849590696,81.0,0.2507371060131447,2024-01-01,2024,1,0.49999999999999994,0.8660254037844387,1104.2892875680493,18.96848691780973,25.97544414038507,metropolitan,0.0005837967881704963,0.023459257591547367,0.02291502884212,0.0234132595363328,0.0230345115493965,0.0231209333092831
2,2024-02,68.82,0.37,154611553,154243951645,3694303,0.0238940941237424,0.715106218485497,82.0,0.2497427153536784,2024-02-01,2024,2,0.8660254037844386,0.5000000000000001,997.6224198782868,18.85642642612457,25.76180128759197,metropolitan,0.0004127126444867621,0.02353132951751969,0.0239797662930429,0.02291502884212,0.0234132595363328,0.0234360182238319
2,2024-03,68.82,0.37,175684907,186381026722,4153125,0.023639623180607,0.7208587815685271,81.0,0.2490422894932624,2024-03-01,2024,3,1.0,6.123233995736766e-17,1060.8824053508479,18.984202653053675,25.951058946050416,metropolitan,0.00014962073375811774,0.02360437342242859,0.0238940941237424,0.0239797662930429,0.02291502884212,0.023596296419635097
2,2024-04,70.69,0.28,169902851,179156878122,3944335,0.0232152372769777,0.7226755953612574,82.0,0.25499740121687564,2024-04-01,2024,4,0.8660254037844387,-0.4999999999999998,1054.4665793865931,18.95073737284618,25.91152767305555,metropolitan,-9.663342467605864e-05,0.02367646687028175,0.023639623180607,0.0238940941237424,0.0239797662930429,0.02383782786579743
2,2024-05,70.69,0.28,178599146,189978489197,4094588,0.0229261342604628,0.7252874658202453,81.0,0.2566612217074418,2024-05-01,2024,5,0.49999999999999994,-0.8660254037844387,1063.7144323019327,19.000654450359434,25.970176687950257,metropolitan,0.0009213020608057898,0.023748621779104077,0.0232152372769777,0.023639623180607,0.0238940941237424,0.023582984860442368
2,2024-06,70.69,0.28,174431178,185227295698,4160665,0.0238527598546631,0.7293781046413618,82.0,0.2563618254110992,2024-06-01,2024,6,1.2246467991473532e-16,-1.0,1061.893279755297,18.977040832129877,25.94484953328219,metropolitan,0.00024004228126901358,0.023821538676328198,0.0229261342604628,0.0232152372769777,0.023639623180607,0.023260331572682497
2,2024-07,71.82,0.24,179297688,188575628721,4258496,0.0237509811057909,0.7292058612601854,82.0,0.26080370753822596,2024-07-01,2024,7,-0.4999999999999997,-0.8660254037844388,1051.7460142653931,19.00455804947947,25.96276497674922,metropolitan,-0.00022868605913470866,0.02389555880711267,0.0238527598546631,0.0229261342604628,0.0232152372769777,0.0233313771307012
2,2024-08,71.82,0.24,183443397,193385122852,4289486,0.0233831583482942,0.7303796004170158,82.0,0.25940239607566684,2024-08-01,2024,8,-0.8660254037844385,-0.5000000000000004,1054.1950597000773,19.02741672011035,25.98794949277204,metropolitan,-0.0005661018382000394,0.0239708959021036,0.0237509811057909,0.0238527598546631,0.0229261342604628,0.02350995840697227
2,2024-09,71.82,0.24,175689690,194935896618,4040396,0.0229973426442951,0.7330058980694883,82.0,0.26029605931388766,2024-09-01,2024,9,-1.0,-1.8369701987210297e-16,1109.5465910264854,18.984229877560022,25.99593660617769,metropolitan,-0.0010935414178532962,0.02404764206520523,0.0233831583482942,0.0237509811057909,0.0238527598546631,0.023662299769582732
2,2024-10,71.21,-0.17,176730529,196652748851,4216068,0.0238559122968505,0.7381664375598627,82.0,0.25763616718708,2024-10-01,2024,10,-0.8660254037844386,0.5000000000000001,1112.7265332352397,18.990136701086396,26.004705314124703,metropolitan,-0.0004063534550501247,0.02412583187040412,0.0229973426442951,0.0233831583482942,0.0237509811057909,0.023377160699460067
2,2024-11,71.21,-0.17,185696567,198100872187,4432607,0.0238701612615164,0.7464337560963096,82.0,0.25385958602500275,2024-11-01,2024,11,-0.5000000000000004,0.8660254037844384,1066.7987857147623,19.039624544730504,26.012042193407503,metropolitan,-0.00040057327709137197,0.02420543867980959,0.0238559122968505,0.0229973426442951,0.0233831583482942,0.0234121377631466
2,2024-12,71.21,-0.17,186912671,207255915709,4426203,0.0236805935965678,0.739724039361676,82.0,0.24827405486670232,2024-12-01,2024,12,-2.4492935982947064e-16,1.0,1108.838232315454,19.046152071090493,26.057220174390395,metropolitan,-0.0006836746339792947,0.024286355050087426,0.0238701612615164,0.0238559122968505,0.0229973426442951,0.023574472067554003
3,2019-01,28.89,0.38,42527561,18502902572,30462,0.0007162884323415,0.14528253806984134,65.0,0.5284564538202321,2019-01-01,2019,1,0.49999999999999994,0.8660254037844387,435.08026646531647,17.565662941345007,23.641193452561662,metropolitan,-0.0007835661655165928,0.001498204587797763,,,,
3,2019-02,28.89,0.38,40062359,15728648635,27225,0.0006795655742588,0.13209184711264757,66.0,0.5436776103170499,2019-02-01,2019,2,0.8660254037844386,0.5000000000000001,392.60415581119423,17.505947798099275,23.478749640345196,metropolitan,-0.0007075841820654705,0.0014209104401042357,0.0007162884323415,,,0.0007162884323415
3,2019-03,28.89,0.38,43909593,17266676495,35068,0.0007986409712337,0.15372996055782162,65.0,0.5215606799739658,2019-03-01,2019,3,1.0,6.123233995736766e-17,393.2324422820316,17.597643396309774,23.572044266809986,metropolitan,-0.0005183099134838376,0.0013435191432760614,0.0006795655742588,0.0007162884323415,,0.00069792700330015
3,2019-04,29.18,0.08,44079291,17294484164,38367,0.0008704087368374,0.1484950835529546,67.0,0.5266461741934987,2019-04-01,2019,4,0.8660254037844387,-0.4999999999999998,392.34941787062775,17.601500660973954,23.57365345321859,metropolitan,-0.00036866437715670484,0.0012660567673080706,0.0007986409712337,0.0006795655742588,0.0007162884323415,0.0007314983259446667
3,2019-05,29.18,0.08,45928509,17983904030,42454,0.000924349623455,0.14925958079762616,68.0,0.5289499863853246,2019-05-01,2019,5,0.49999999999999994,-0.8660254037844387,391.5629838974307,17.64259661510518,23.612742974288917,metropolitan,-0.00033864680526064436,0.0011885780858891862,0.0008704087368374,0.0007986409712337,0.0006795655742588,0.0007828717607766333
3,2019-06,29.18,0.08,46149958,17998555038,49018,0.0010621461453984,0.14941968094532176,69.0,0.5253501785563875,2019-06-01,2019,6,1.2246467991473532e-16,-1.0,390.00154752036826,17.647406630505373,23.613557316009206,metropolitan,-9.968172510540356e-05,0.0011111581470764236,0.000924349623455,0.0008704087368374,0.0007986409712337,0.0008644664438420334
3,2019-07,28.41,-0.19,46320333,19272216054,60757,0.0013116701902812,0.1569411428885885,69.0,0.5154324162984515,2019-07-01,2019,7,-0.4999999999999997,-0.8660254037844388,416.0638494114453,17.651091601911133,23.681930313020136,metropolitan,0.00027274421388862567,0.0010338506120658214,0.0010621461453984,0.000924349623455,0.0008704087368374,0.0009523015018969333
3,2019-08,28.41,-0.19,45519165,19013778816,60242,0.0013234425543614,0.15776574548324865,71.0,0.5190790579097583,2019-08-01,2019,8,-0.8660254037844385,-0.5000000000000004,417.7093058714939,17.633644025997636,23.668429754176483,metropolitan,0.00035958287123487206,0.0009566770145243289,0.0013116701902812,0.0010621461453984,0.000924349623455,0.0010993886530448669
3,2019-09,28.41,-0.19,46010915,18756281332,56742,0.0012332291153088,0.16284951081716154,72.0,0.5202552567451706,2019-09-01,2019,9,-1.0,-1.8369701987210297e-16,407.64851844393877,17.644389230648972,23.654794537688044,metropolitan,0.0003618065662927174,0.0008796269147738992,0.0013234425543614,0.0013116701902812,0.0010621461453984,0.0012324196300136667
3,2019-10,29.47,0.26,47642666,19942072822,50228,0.0010542650992704,0.16694760532502526,72.0,0.525765567948138,2019-10-01,2019,10,-0.8660254037844386,0.5000000000000001,418.5759214650163,17.679239283252176,23.716097549086392,metropolitan,0.0002497143411122045,0.0008026264701267633,0.0012332291153088,0.0013234425543614,0.0013116701902812,0.0012894472866504668
3,2019-11,29.47,0.26,44916612,20968984943,49052,0.0010920681194743,0.17075704641302866,72.0,0.5312211349198376,2019-11-01,2019,11,-0.5000000000000004,0.8660254037844384,466.84253351521704,17.620318284279364,23.76631027553846,metropolitan,0.00035895103292701033,0.0007254535881292389,0.0010542650992704,0.0012332291153088,0.0013234425543614,0.0012036455896468666
3,2019-12,29.47,0.26,44362996,19944079412,54212,0.0012220094422838,0.17678887151805528,73.0,0.5322073704706832,2019-12-01,2019,12,-2.4492935982947064e-16,1.0,449.5656562960716,17.607916279029954,23.71619816495878,metropolitan,0.0006010362983582974,0.0006475646918707337,0.0010920681194743,0.0010542650992704,0.0012332291153088,0.0011265207780178333
3,2020-01,29.81,0.09,46536162,29108867305,0,0.0,0.1622160847729557,69.0,0.5406070611347209,2020-01-01,2020,1,0.49999999999999994,0.8660254037844387,625.5107007965117,17.655740267231202,24.094308683125874,metropolitan,-0.0005007103673382597,0.0005700496320615822,0.0012220094422838,0.0010920681194743,0.0010542650992704,0.0011227808870095002
3,2022-01,36.84,0.2,89886582,64068487454,67981,0.0007562975305924,0.31195474759514163,75.0,0.5007341853098345,2022-01-01,2022,1,0.49999999999999994,0.8660254037844387,712.7703159744132,18.31405924469991,24.883218464623965,metropolitan,-7.081330789996418e-05,0.0007868125933227444,,,,
3,2022-02,36.84,0.2,79871180,52319682864,59921,0.0007502205426287,0.31390237379740726,75.0,0.5090545935192736,2022-02-01,2022,2,0.8660254037844386,0.5000000000000001,655.0508314012638,18.195925657312362,24.680638482628208,metropolitan,-0.00020180624641401632,0.0008339673752689627,0.0007562975305924,,,0.0007562975305924
3,2022-03,36.84,0.2,96436452,62594592972,75716,0.0007851387979308,0.33763459070435314,74.0,0.4832475935768419,2022-03-01,2022,3,1.0,6.123233995736766e-17,649.0760669212509,18.3843948312562,24.859944737088767,metropolitan,-4.9679933829614516e-05,0.000887600918372235,0.0007502205426287,0.0007562975305924,,0.00075325903661055
3,2022-04,38.26,0.15,92874409,61484195427,69323,0.0007464165936173,0.3372659954153786,73.0,0.4967020532788722,2022-04-01,2022,4,0.8660254037844387,-0.4999999999999998,662.0143922207892,18.346758708357523,24.842045993822033,metropolitan,-0.00013980681673535586,0.0009472422128596708,0.0007851387979308,0.0007502205426287,0.0007562975305924,0.0007638856237173001
3,2022-05,38.26,0.15,90675043,59455681224,80022,0.0008825140562657,0.3470784568583,74.0,0.4993871528544111,2022-05-01,2022,5,0.49999999999999994,-0.8660254037844387,655.7006123945263,18.32279272838264,24.80849701859556,metropolitan,0.0003240024973118858,0.0010118187766749232,0.0007464165936173,0.0007851387979308,0.0007502205426287,0.0007605919780589333
3,2022-06,38.26,0.15,95487398,61283778716,93632,0.0009805691846373,0.34737428911823526,73.0,0.499122810421178,2022-06-01,2022,6,1.2246467991473532e-16,-1.0,641.7996510492411,18.374504849101122,24.83878102361408,metropolitan,5.437555585418761e-05,0.0010801075626291423,0.0008825140562657,0.0007464165936173,0.0007851387979308,0.0008046898159379334
3,2022-07,40.16,0.34,103897243,68472472503,112529,0.001083079750249,0.34793598902330836,74.0,0.499261850093942,2022-07-01,2022,7,-0.4999999999999997,-0.8660254037844388,659.0403222056624,18.458912930212353,24.949697640191243,metropolitan,-3.76594486201348e-05,0.0011575740271308412,0.0009805691846373,0.0008825140562657,0.0007464165936173,0.0008698332781734334
3,2022-08,40.16,0.34,101876533,68005530812,117329,0.0011516783752348,0.35783252459131093,73.0,0.4976476385477611,2022-08-01,2022,8,-0.8660254037844385,-0.5000000000000004,667.5289078791089,18.439272187080647,24.94285487430026,metropolitan,-5.684209848242478e-05,0.0012686016425028962,0.001083079750249,0.0009805691846373,0.0008825140562657,0.0009820543303839999
3,2022-09,40.16,0.34,101256885,69088568806,121280,0.0011977457137852,0.3634879741757807,74.0,0.502921356688453,2022-09-01,2022,9,-1.0,-1.8369701987210297e-16,682.3098380520001,18.433171271514897,24.958655124324466,metropolitan,0.000192539595001146,0.001417259439919041,0.0011516783752348,0.001083079750249,0.0009805691846373,0.0010717757700403668
3,2022-10,39.22,-0.34,104974884,70356369975,124188,0.001183025836923,0.3737544687355882,75.0,0.5073748887469107,2022-10-01,2022,10,-0.8660254037844386,0.5000000000000001,670.2209832877738,18.469231689035002,24.976839163330215,metropolitan,1.300487836671724e-05,0.001573514703801995,0.0011977457137852,0.0011516783752348,0.001083079750249,0.0011441679464229998
3,2022-11,39.22,-0.34,101195295,72325402962,124021,0.0012255609314642,0.3858350232587395,74.0,0.50983361714973,2022-11-01,2022,11,-0.5000000000000004,0.8660254037844384,714.711123298766,18.432562831523867,25.004441259352024,metropolitan,2.8273271827172105e-05,0.0017176787246914568,0.001183025836923,0.0011977457137852,0.0011516783752348,0.0011774833086476667
3,2022-12,39.22,-0.34,100681951,66468701887,141756,0.0014079584135194,0.39447540105773277,74.0,0.5153815674809207,2022-12-01,2022,12,-2.4492935982947064e-16,1.0,660.1848814689736,18.42747711620395,24.919997025517794,metropolitan,-0.0002750567114254009,0.0018544512792731038,0.0012255609314642,0.001183025836923,0.0011977457137852,0.0012021108273908001
3,2023-01,39.96,0.07,49187818,28330627468,130160,0.0026461836546601,0.39278178592919083,73.0,0.5241522258634166,2023-01-01,2023,1,0.49999999999999994,0.8660254037844387,575.9683722502185,17.711156569508415,24.06720929911398,metropolitan,-2.5057053944837e-05,0.0019921094435462615,0.0014079584135194,0.0012255609314642,0.001183025836923,0.0012721817273021999
3,2023-02,39.96,0.07,44825345,25116521364,119546,0.002666928720794,0.4164309499458398,74.0,0.5003074421832331,2023-02-01,2023,2,0.8660254037844386,0.5000000000000001,560.3196442548295,17.61828429633254,23.946791688264398,metropolitan,-0.00032718521894406526,0.002134104707670946,0.0026461836546601,0.0014079584135194,0.0012255609314642,0.0017599009998812334
3,2023-03,39.96,0.07,50759988,27961163523,150478,0.0029645003068164,0.427817674030971,74.0,0.4940906076012725,2023-03-01,2023,3,1.0,6.123233995736766e-17,550.8504754374646,17.742618984104368,24.054082367323154,metropolitan,3.4514253676365194e-05,0.002280489662873425,0.002666928720794,0.0026461836546601,0.0014079584135194,0.0022403569296578336
3,2023-04,40.94,0.12,50100963,27334288590,145278,0.0028997047422022,0.4246477857122227,75.0,0.5023991450475966,2023-04-01,2023,4,0.8660254037844387,-0.4999999999999998,545.5840956589996,17.729550807386943,24.03140774338309,metropolitan,-0.00015340966885980494,0.0024294075271256424,0.0029645003068164,0.002666928720794,0.0026461836546601,0.0027592042274235
3,2023-05,40.94,0.12,52162245,27310968123,169375,0.0032470803355952,0.4316696300168829,73.0,0.5012219949882538,2023-05-01,2023,5,0.49999999999999994,-0.8660254037844387,523.5773138790327,17.769869534471574,24.03055422123615,metropolitan,0.0005970805589647554,0.0025822270910189657,0.0028997047422022,0.0029645003068164,0.002666928720794,0.0028437112566042
3,2023-06,40.94,0.12,51629739,27564917319,157038,0.0030416190947624,0.4376139689569223,74.0,0.5010996023692723,2023-06-01,2023,6,1.2246467991473532e-16,-1.0,533.8961198118782,17.759608421011272,24.03980968952773,metropolitan,0.00012392719101796194,0.0027369009337537106,0.0032470803355952,0.0028997047422022,0.0029645003068164,0.0030370951282046002
3,2023-07,40.67,-0.06,52802368,29178545186,145626,0.0027579444921864,0.43845274136190254,74.0,0.49989007489318493,2023-07-01,2023,7,-0.4999999999999997,-0.8660254037844388,552.599178620171,17.78206661509422,24.096699522286865,metropolitan,-7.889511158277803e-05,0.0028884106660523145,0.0030416190947624,0.0032470803355952,0.0028997047422022,0.003062801390853267
3,2023-08,40.67,-0.06,53283842,31807821134,155253,0.0029136975520646,0.4482778850669214,74.0,0.49882257257948837,2023-08-01,2023,8,-0.8660254037844385,-0.5000000000000004,596.9505940281108,17.79114370997366,24.18297804413389,metropolitan,-0.00015247547925677205,0.003037365807004895,0.0027579444921864,0.0030416190947624,0.0032470803355952,0.003015547974181333
3,2023-09,40.67,-0.06,51105781,29389528334,166767,0.0032631729079729,0.4511770008954564,74.0,0.5044053720037069,2023-09-01,2023,9,-1.0,-1.8369701987210297e-16,575.0724821913983,17.749408199457807,24.10390426876258,metropolitan,0.00037575146394213884,0.0031844224929301517,0.0029136975520646,0.0027579444921864,0.0030416190947624,0.002904420379671133
3,2023-10,40.47,-0.03,53148472,31872504028,174871,0.0032902357004731,0.4594633689563079,74.0,0.5063726170147088,2023-10-01,2023,10,-0.8660254037844386,0.5000000000000001,599.688059291714,17.788599932330108,24.18500953238646,metropolitan,-1.544225081310839e-05,0.003330155913987468,0.0032631729079729,0.0029136975520646,0.0027579444921864,0.0029782716507413
3,2023-11,40.47,-0.03,51209568,31281548847,177089,0.0034581232944593,0.4694150124445494,75.0,0.5110286946461089,2023-11-01,2023,11,-0.5000000000000004,0.8660254037844384,610.8535976519075,17.75143696707838,24.166294266998687,metropolitan,2.666934116585907e-05,0.0034762117665606434,0.0032902357004731,0.0032631729079729,0.0029136975520646,0.0031557020535035334
3,2023-12,40.47,-0.03,51780277,33904987147,181161,0.003498648722949,0.47333617006336215,74.0,0.5112870871235059,2023-12-01,2023,12,-2.4492935982947064e-16,1.0,654.7857429770027,17.76251990114154,24.246827954023008,metropolitan,-0.0005030395150950888,0.003624404395280584,0.0034581232944593,0.0032902357004731,0.0032631729079729,0.003337177300968433
3,2024-01,41.76,0.3,50394099,30223271420,187756,0.0037257536839779,0.47789803722852553,73.0,0.5042435989529804,2024-01-01,2024,1,0.49999999999999994,0.8660254037844387,599.7383030898121,17.73538466269707,24.131878041439627,metropolitan,-3.111094648920635e-06,0.0037750338608880545,0.003498648722949,0.0034581232944593,0.0032902357004731,0.0034156692392938
3,2024-02,41.76,0.3,48870929,27190688102,166010,0.0033969069832906,0.47892795326235765,73.0,0.513399513382905,2024-02-01,2024,2,0.8660254037844386,0.5000000000000001,556.3775573408886,17.70469329914507,24.0261404024791,metropolitan,-0.0004717203887793731,0.003933899135144207,0.0037257536839779,0.003498648722949,0.0034581232944593,0.0035608419004620664
3,2024-03,41.76,0.3,52820845,29360465651,221297,0.0041895770504996,0.49733509564263884,74.0,0.4930223912822774,2024-03-01,2024,3,1.0,6.123233995736766e-17,555.8499802682067,17.782416481365352,24.1029149006487,metropolitan,0.00010057546237595387,0.004094484919679757,0.0033969069832906,0.0037257536839779,0.003498648722949,0.0035404364634058333
3,2024-04,44.48,0.53,52249169,29114302800,212638,0.0040696915198785,0.4992728209706072,73.0,0.49716025832875366,2024-04-01,2024,4,0.8660254037844387,-0.4999999999999998,557.2203990459637,17.77153456351556,24.09449539556375,metropolitan,-0.00018329455611353657,0.004255813954651643,0.0041895770504996,0.0033969069832906,0.0037257536839779,0.0037707459059227
3,2024-05,44.48,0.53,54647927,30907086945,285082,0.0052167029135432,0.5035063269646075,74.0,0.4978525461783617,2024-05-01,2024,5,0.49999999999999994,-0.8660254037844387,565.5674174978311,17.816421857869898,24.15425134555643,metropolitan,0.0008604026285404884,0.0044177019823035185,0.0040696915198785,0.0041895770504996,0.0033969069832906,0.0038853918512228997
3,2024-06,44.48,0.53,54191829,31005439047,255073,0.004706853499999,0.5067605118107381,74.0,0.49500298935385967,2024-06-01,2024,6,1.2246467991473532e-16,-1.0,572.1423251280188,17.80804071704038,24.157428479202743,metropolitan,0.0001887087204048693,0.0045800893454981005,0.0052167029135432,0.0040696915198785,0.0041895770504996,0.004491990494640434
3,2024-07,44.79,0.06,54805522,32253811400,254112,0.0046366130770545,0.5119271193147289,74.0,0.496103411511981,2024-07-01,2024,7,-0.4999999999999997,-0.8660254037844388,588.5138982893001,17.819301531511343,24.19690205618188,metropolitan,-0.00012550120850958926,0.0047429648309259935,0.004706853499999,0.0052167029135432,0.0040696915198785,0.0046644159778069
3,2024-08,44.79,0.06,56036696,33433421535,259472,0.0046303943401659,0.5150118236806824,75.0,0.4934874565572276,2024-08-01,2024,8,-0.8660254037844385,-0.5000000000000004,596.6344185424495,17.841517337653222,24.232821881408213,metropolitan,-0.0002538694208934437,0.004906338727092568,0.0046366130770545,0.004706853499999,0.0052167029135432,0.0048533898301989
3,2024-09,44.79,0.06,54217382,32585606062,306450,0.0056522463589259,0.5184635067772176,74.0,0.4949694351497039,2024-09-01,2024,9,-1.0,-1.8369701987210297e-16,601.017696907608,17.80851213454755,24.207136496005386,metropolitan,0.000552628403072217,0.005070212403308988,0.0046303943401659,0.0046366130770545,0.004706853499999,0.004657953639073134
3,2024-10,45.06,0.05,54419741,33749354892,283214,0.0052042511558443,0.5273084265505784,74.0,0.5015905480542989,2024-10-01,2024,10,-0.8660254037844386,0.5000000000000001,620.1675030390167,17.812237550404056,24.24222713980079,metropolitan,-4.398634858504058e-05,0.005234586011822281,0.0056522463589259,0.0046303943401659,0.0046366130770545,0.004973084592048767
3,2024-11,45.06,0.05,53501313,35284101300,291992,0.0054576604503145,0.5323553087379369,75.0,0.5007517190843954,2024-11-01,2024,11,-0.5000000000000004,0.8660254037844384,659.4997266702595,17.795216772312287,24.286698311356837,metropolitan,2.8668478582741654e-05,0.005399444790151923,0.0052042511558443,0.0056522463589259,0.0046303943401659,0.0051622972849787
3,2024-12,45.06,0.05,53631731,32993228997,261309,0.0048722835367741,0.536930553295026,74.0,0.5012663528963905,2024-12-01,2024,12,-2.4492935982947064e-16,1.0,615.1811321734143,17.7976514657947,24.219568195481422,metropolitan,-0.0007274144931697389,0.00556476160191653,0.0054576604503145,0.0052042511558443,0.0056522463589259,0.005438052655028233
4,2019-01,28.72,-0.84,3947780,1687692508,6213,0.0015737959055469,0.17113795601578607,28.0,0.47494992840282657,2019-01-01,2019,1,0.49999999999999994,0.8660254037844387,427.5041942560122,15.188664206872309,21.246628053611804,remote,-0.0008833439530414733,0.00244686338030558,,,,
4,2019-02,28.72,-0.84,4160273,1721747649,5342,0.0012840503495804,0.13820967998975067,28.0,0.5083079646666218,2019-02-01,2019,2,0.8660254037844386,0.5000000000000001,413.8544871935087,15.241091495453032,21.266605687497776,remote,-0.000986963077128634,0.002307235796026581,0.0015737959055469,,,0.0015737959055469
4,2019-03,28.72,-0.84,4018532,1762684354,6047,0.0015047783618495,0.1752037808831683,28.0,0.4868040203774066,2019-03-01,2019,3,1.0,6.123233995736766e-17,438.638874594006,15.206427468620602,21.290103685762208,remote,-0.0006759802777123659,0.0021676045861076802,0.0012840503495804,0.0015737959055469,,0.00142892312756365
4,2019-04,31.34,0.64,4163947,1783301007,6586,0.0015816723892018,0.16627925379453676,29.0,0.5043765352870712,2019-04-01,2019,4,0.8660254037844387,-0.4999999999999998,428.27178323835534,15.241974220646705,21.30173198266679,remote,-0.00046845497972399896,0.002027986749766055,0.0015047783618495,0.0012840503495804,0.0015737959055469,0.0014542082056589335
4,2019-05,31.34,0.64,4012404,1720449403,6757,0.0016840278297001,0.17081580020356874,29.0,0.5118383172531329,2019-05-01,2019,5,0.49999999999999994,-0.8660254037844387,428.7826956109106,15.204901370127667,21.265851375039084,remote,-0.00020567766400245282,0.001888397111863978,0.0015816723892018,0.0015047783618495,0.0012840503495804,0.0014568337002105667
4,2019-06,31.34,0.64,4339671,1636921831,7478,0.0017231721022169,0.16726498391237493,29.0,0.514508282461854,2019-06-01,2019,6,1.2246467991473532e-16,-1.0,377.19952295922894,15.283309327183709,21.216083383431712,remote,-2.076580332797384e-05,0.0017488390891422653,0.0016840278297001,0.0015816723892018,0.0015047783618495,0.0015901595269171332
4,2019-07,32.81,0.36,5041280,1826447047,8037,0.0015942379713088,0.1701185016503745,29.0,0.5009259633175782,2019-07-01,2019,7,-0.4999999999999997,-0.8660254037844388,362.29827484289706,15.433170774419343,21.325638412813035,remote,-1.1223716278583535e-05,0.00160931136467451,0.0017231721022169,0.0016840278297001,0.0015816723892018,0.0016629574403729333
4,2019-08,32.81,0.36,4638250,1749286352,7123,0.0015357085107529,0.17501148062307983,29.0,0.4971799242047026,2019-08-01,2019,8,-0.8660254037844385,-0.5000000000000004,377.1436106290088,15.349847913487656,21.282473743423786,remote,7.450108682389818e-05,0.0014698112043470333,0.0015942379713088,0.0017231721022169,0.0016840278297001,0.0016671459677419333
4,2019-09,32.81,0.36,4245746,1471759860,7625,0.0017959152525845,0.1826091339425392,30.0,0.5127972002936849,2019-09-01,2019,9,-1.0,-1.8369701987210297e-16,346.64340730698444,15.261428333977825,21.109724706037053,remote,0.0004527649461407296,0.0013303343858228423,0.0015357085107529,0.0015942379713088,0.0017231721022169,0.0016177061947595334
4,2019-10,31.69,-0.27,4418781,1552559884,7226,0.0016352926293473,0.18697328516620307,29.0,0.512977774028063,2019-10-01,2019,10,-0.8660254037844386,0.5000000000000001,351.3547930979155,15.301374650467842,21.1631709442969,remote,0.0004463881133647617,0.0011908761367902946,0.0017959152525845,0.0015357085107529,0.0015942379713088,0.0016419539115487332
4,2019-11,31.69,-0.27,4063169,1465693384,7690,0.0018926114074999,0.1933643419705161,29.0,0.5062889194365191,2019-11-01,2019,11,-0.5000000000000004,0.8660254037844384,360.7266603973401,15.217474015098738,21.105594267785463,remote,0.0008374801837818842,0.0010514285948874133,0.0016352926293473,0.0017959152525845,0.0015357085107529,0.0016556387975615666
4,2019-12,31.69,-0.27,4090982,1511746597,6424,0.0015702831251763,0.20012310002830616,29.0,0.4932533877860993,2019-12-01,2019,12,-2.4492935982947064e-16,1.0,369.5314711724471,15.22429584143969,21.13653150674298,remote,0.000670057073404472,0.0009120981136605808,0.0018926114074999,0.0016352926293473,0.0017959152525845,0.0017746064298105664
4,2020-01,30.9,-0.19,4774259,2308456635,0,0.0,0.17337810956632224,29.0,0.5020087972733138,2020-01-01,2020,1,0.49999999999999994,0.8660254037844387,483.5214501349843,15.378749546065295,21.559845015242793,remote,-0.0005700575654680542,0.0007733807990972433,0.0015702831251763,0.0018926114074999,0.0016352926293473,0.0016993957206745001
4,2022-01,32.79,0.04,8434232,4240303258,4749,0.000563062528989,0.3668286573098772,32.0,0.44722546152747705,2022-01-01,2022,1,0.49999999999999994,0.8660254037844387,502.74918427664784,15.947809339181646,22.167900626981663,remote,8.255204270880086e-05,0.0005731131578430314,,,,
4,2022-02,32.79,0.04,8156979,3865726593,4226,0.0005180839622119,0.349183196376992,32.0,0.4680402330050042,2022-02-01,2022,2,0.8660254037844386,0.5000000000000001,473.91645767385205,15.914384560397892,22.07541549459024,remote,-0.0001789797844278113,0.0006054591286348056,0.000563062528989,,,0.000563062528989
4,2022-03,32.79,0.04,8470969,3867975206,5358,0.0006325132343182,0.38758529278055437,31.0,0.4504804634960864,2022-03-01,2022,3,1.0,6.123233995736766e-17,456.6154363213937,15.952155581912907,22.075997004744423,remote,0.00018825196839435744,0.0006427571760123488,0.0005180839622119,0.000563062528989,,0.0005405732456004501
4,2022-04,32.98,-0.13,8432416,4027070499,5076,0.000601962711517,0.3865152051321946,32.0,0.4756727789398913,2022-04-01,2022,4,0.8660254037844387,-0.4999999999999998,477.570188543829,15.947594002999653,22.11630502549139,remote,-5.5343027074172875e-05,0.0006839215836920602,0.0006325132343182,0.0005180839622119,0.000563062528989,0.0005712199085063667
4,2022-05,32.98,-0.13,7771751,3390131834,5135,0.000660726263618,0.4009081093823001,31.0,0.4805284452683107,2022-05-01,2022,5,0.49999999999999994,-0.8660254037844387,436.21210123690275,15.866006179551926,21.94413464696313,remote,4.529132060111573e-05,0.0007287185229230759,0.000601962711517,0.0006325132343182,0.0005180839622119,0.0005841866360157001
4,2022-06,32.98,-0.13,8972942,3809313063,6123,0.0006823848855815,0.39585990860076886,32.0,0.4773491425741684,2022-06-01,2022,6,1.2246467991473532e-16,-1.0,424.53334291027403,16.009724273869512,22.060714711666623,remote,-0.00010026429168103291,0.0007771257794814077,0.000660726263618,0.000601962711517,0.0006325132343182,0.0006317340698177333
4,2022-07,33.21,-0.04,11075968,5851552962,8013,0.000723458211508,0.39141301238862375,34.0,0.47680132001342007,2022-07-01,2022,7,-0.4999999999999997,-0.8660254037844388,528.3107500852295,16.220288364424725,22.48997292672159,remote,0.00014555642121800581,0.0008292620313132492,0.0006823848855815,0.000660726263618,0.000601962711517,0.0006483579535721667
4,2022-08,33.21,-0.04,10675539,5028943831,8043,0.0007534045821948,0.40350337345964454,32.0,0.47813766309158756,2022-08-01,2022,8,-0.8660254037844385,-0.5000000000000004,471.07165558572734,16.183465701279655,22.338475825253028,remote,-0.0001055665179682079,0.000885914265230304,0.000723458211508,0.0006823848855815,0.000660726263618,0.0006888564535691668
4,2022-09,33.21,-0.04,9220267,4237014687,7545,0.000818306020856,0.41147647893493755,33.0,0.5012809574166195,2022-09-01,2022,9,-1.0,-1.8369701987210297e-16,459.5327539864084,16.03691466235545,22.167124775188555,remote,-3.0768675546313504e-05,0.0009498291789868119,0.0007534045821948,0.000723458211508,0.0006823848855815,0.0007197492264280999
4,2022-10,34.15,0.13,9009721,4201027991,7618,0.0008455311768255,0.4191138660120552,32.0,0.5022770615649702,2022-10-01,2022,10,-0.8660254037844386,0.5000000000000001,466.2772566431302,16.013814774502514,22.15859509228689,remote,-0.00016034329219684736,0.0010204860179309262,0.000818306020856,0.0007534045821948,0.000723458211508,0.0007650562715196
4,2022-11,34.15,0.13,8752815,4013221233,7625,0.000871148310572,0.4236886076079524,35.0,0.49074183923264064,2022-11-01,2022,11,-0.5000000000000004,0.8660254037844384,458.5063471580286,15.98488603512952,22.112860056041303,remote,-0.00020518949556245152,0.001096834554721323,0.0008455311768255,0.000818306020856,0.0007534045821948,0.0008057472599587667
4,2022-12,34.15,0.13,8987230,4237191309,7423,0.0008259497086421,0.4307134678872133,34.0,0.4810759281072842,2022-12-01,2022,12,-2.4492935982947064e-16,1.0,471.46799503295233,16.011315350104542,22.167166459801855,remote,-0.00031618881578046365,0.0011794968237048467,0.000871148310572,0.0008455311768255,0.000818306020856,0.0008449951694178334
4,2023-01,32.29,-0.53,5035626,2252437321,7020,0.0013940669938553,0.4251391981850916,35.0,0.5054912589481623,2023-01-01,2023,1,0.49999999999999994,0.8660254037844387,447.3003596772278,15.432048604683681,21.535278721088474,remote,0.00042859274952878007,0.0012685537999925448,0.0008259497086421,0.000871148310572,0.0008455311768255,0.0008475430653465334
4,2023-02,32.29,-0.53,4182453,1686197849,6410,0.00153259343261,0.44348137325153447,35.0,0.4831577501987072,2023-02-01,2023,2,0.8660254037844386,0.5000000000000001,403.16002331646047,15.246408713575821,21.245742038395697,remote,-0.00018693618580875647,0.0013615078428140968,0.0013940669938553,0.0008259497086421,0.000871148310572,0.0010303883376898
4,2023-03,32.29,-0.53,4547214,2048794232,7368,0.0016203328015791,0.4621986121612046,36.0,0.4936019341489283,2023-03-01,2023,3,1.0,6.123233995736766e-17,450.5603281481804,15.330025515612764,21.440517278027198,remote,0.0005320407337230888,0.0014583580770033836,0.00153259343261,0.0013940669938553,0.0008259497086421,0.0012508700450358
4,2023-04,32.58,-0.02,4829813,1845312227,7286,0.00150854701828,0.453335770970843,36.0,0.5151405677247276,2023-04-01,2023,4,0.8660254037844387,-0.4999999999999998,382.0670131535113,15.390318515570483,21.33591432938954,remote,4.926920737728028e-05,0.0015621893229675469,0.0016203328015791,0.00153259343261,0.0013940669938553,0.0015156644093481334
4,2023-05,32.58,-0.02,4569771,1673696909,7948,0.0017392556432258,0.46394469219573586,37.0,0.5210842673382882,2023-05-01,2023,5,0.49999999999999994,-0.8660254037844387,366.254000255155,15.334973871035,21.238300735273164,remote,0.00023740914223535932,0.0016734890351481682,0.00150854701828,0.0016203328015791,0.00153259343261,0.0015538244174897002
4,2023-06,32.58,-0.02,4894301,1827761726,7676,0.0015683547047882,0.4699379952315969,37.0,0.5187710170813129,2023-06-01,2023,6,1.2246467991473532e-16,-1.0,373.44693879677607,15.40358222929502,21.326357955202468,remote,-0.00022061021731906126,0.0017892664938465315,0.0017392556432258,0.00150854701828,0.0016203328015791,0.0016227118210282998
4,2023-07,33.21,0.15,5436983,2108928008,8333,0.001532651472333,0.47473534495141884,37.0,0.5101447835732978,2023-07-01,2023,7,-0.4999999999999997,-0.8660254037844388,387.88570940906015,15.50873505332439,21.469445602725298,remote,0.00030040259971648965,0.001906306969440902,0.0015683547047882,0.0017392556432258,0.00150854701828,0.0016053857887646666
4,2023-08,33.21,0.15,5456736,2189907708,8341,0.0015285694598382,0.48089260686241736,37.0,0.505279658734749,2023-08-01,2023,8,-0.8660254037844385,-0.5000000000000004,401.3219089213772,15.512361550028027,21.507125237877688,remote,-0.00023734254965674057,0.002024428468788516,0.001532651472333,0.0015683547047882,0.0017392556432258,0.0016134206067823333
4,2023-09,33.21,0.15,4620954,1962418714,9534,0.0020632103241019,0.4818492025672621,35.0,0.534481799132863,2023-09-01,2023,9,-1.0,-1.8369701987210297e-16,424.6782621077812,15.346111951653072,21.397443587654763,remote,1.7622007204338415e-05,0.002149499572673707,0.0015285694598382,0.001532651472333,0.0015683547047882,0.001543191878986467
4,2023-10,34.16,0.23,4851410,1903290755,9010,0.0018571920328316,0.48448780869891434,38.0,0.5208607656323587,2023-10-01,2023,10,-0.8660254037844386,0.5000000000000001,392.31702845152233,15.394780148437421,21.366850201818604,remote,-0.00036248830913857894,0.0022860572707649697,0.0020632103241019,0.0015285694598382,0.001532651472333,0.0017081437520910334
4,2023-11,34.16,0.23,4629003,1984986999,11216,0.0024229839557243,0.48342310428401103,36.0,0.5160010023431192,2023-11-01,2023,11,-0.5000000000000004,0.8660254037844384,428.81523278338767,15.347852284130553,21.408878201945733,remote,-0.0004901497955322853,0.002430479397513058,0.0018571920328316,0.0020632103241019,0.0015285694598382,0.0018163239389239001
4,2023-12,34.16,0.23,4759810,1891560456,14222,0.0029879343923391,0.4935045726615138,38.0,0.5064320709413935,2023-12-01,2023,12,-2.4492935982947064e-16,1.0,397.4025131255239,15.375718519536951,21.360667963990224,remote,-0.0006807304675888201,0.0025772018781623457,0.0024229839557243,0.0018571920328316,0.0020632103241019,0.0021144621042192666
4,2024-01,34.6,0.1,4592011,1889176329,15973,0.0034784324340686,0.5015739291565285,38.0,0.5031446718740888,2024-01-01,2024,1,0.49999999999999994,0.8660254037844387,411.40500948277344,15.339828830218543,21.359406766794894,remote,0.0007608530910939348,0.0027251815291158324,0.0029879343923391,0.0024229839557243,0.0018571920328316,0.0024227034602983333
4,2024-02,34.6,0.1,4892883,2000921054,12761,0.0026080738084274,0.4938726309212789,38.0,0.516321494539203,2024-02-01,2024,2,0.8660254037844386,0.5000000000000001,408.94520755963305,15.403292462653225,21.416873438996113,remote,-0.00020655322796052443,0.002881105020440267,0.0034784324340686,0.0029879343923391,0.0024229839557243,0.0029631169273773334
4,2024-03,34.6,0.1,4685667,1765403119,18255,0.0038959234619105,0.5141530544103966,38.0,0.5048182660559493,2024-03-01,2024,3,1.0,6.123233995736766e-17,376.76666288918955,15.36001904620149,21.291644897853704,remote,0.0008628320041974052,0.003038412152942482,0.0026080738084274,0.0034784324340686,0.0029879343923391,0.0030248135449450334
4,2024-04,37.12,0.51,4757161,1774569896,15935,0.0033496869246174,0.5189990416553066,37.0,0.5259283807076269,2024-04-01,2024,4,0.8660254037844387,-0.4999999999999998,373.031288198991,15.375161829911287,21.296823918962307,remote,0.00014012286439511387,0.0031966157715904164,0.0038959234619105,0.0026080738084274,0.0034784324340686,0.0033274765681355
4,2024-05,37.12,0.51,4681907,1697100073,17829,0.0038080636800346,0.5250497286682542,38.0,0.5366917890438022,2024-05-01,2024,5,0.49999999999999994,-0.8660254037844387,362.4805176608591,15.359216277117595,21.252186792585288,remote,0.0004240281696788549,0.0033554731062909312,0.0033496869246174,0.0038959234619105,0.0026080738084274,0.0032845613983184334
4,2024-06,37.12,0.51,4904170,1807324710,15296,0.0031189783388422,0.5289435317291203,39.0,0.5302444175551454,2024-06-01,2024,6,1.2246467991473532e-16,-1.0,368.52815257219874,15.405596625484549,21.315113528594594,remote,-0.00035407738208900085,0.003514826909785112,0.0038080636800346,0.0033496869246174,0.0038959234619105,0.0036845580221874998
4,2024-07,37.57,0.09,5364253,2073572590,22080,0.0041161369532719,0.5370272431222017,40.0,0.5193666675354026,2024-07-01,2024,7,-0.4999999999999997,-0.8660254037844388,386.5538389035715,15.495267874984451,21.452538845960024,remote,0.00045032653083837106,0.00367456545946663,0.0031189783388422,0.0038080636800346,0.0033496869246174,0.0034255763144980665
4,2024-08,37.57,0.09,5462978,2132991289,18851,0.0034506820272752,0.5384363619988951,40.0,0.5077837252240727,2024-08-01,2024,8,-0.8660254037844385,-0.5000000000000004,390.4447883553622,15.51350480332873,21.48079119297675,remote,-0.0003732235924709247,0.0038346283169972926,0.0041161369532719,0.0031189783388422,0.0038080636800346,0.0036810596573829003
4,2024-09,37.57,0.09,4854865,1916882745,19964,0.0041121637779835,0.539795854261653,39.0,0.5267429284070088,2024-09-01,2024,9,-1.0,-1.8369701987210297e-16,394.8374970261789,15.395492058914718,21.373966133776698,remote,7.647213418839122e-05,0.00399497982829946,0.0034506820272752,0.0041161369532719,0.0031189783388422,0.0035619324397964335
4,2024-10,37.23,-0.09,4627953,1895091749,16674,0.0036028887933823,0.5447592056358395,39.0,0.5283954230522462,2024-10-01,2024,10,-0.8660254037844386,0.5000000000000001,409.4881147237234,15.347625427747603,21.362533091195285,remote,-0.0005666088276223579,0.004155592889925323,0.0041121637779835,0.0034506820272752,0.0041161369532719,0.0038929942528435333
4,2024-11,37.23,-0.09,4671735,1954991182,16498,0.0035314503070058,0.5365807349946005,39.0,0.516613374347745,2024-11-01,2024,11,-0.5000000000000004,0.8660254037844384,418.4721911666651,15.357041295044313,21.393651520399146,remote,-0.0007781124097235716,0.00431642412842292,0.0036028887933823,0.0041121637779835,0.0034506820272752,0.0037219115328803332
4,2024-12,37.23,-0.09,4748137,2313469096,11484,0.002418632823779,0.5446917390968289,39.0,0.5100027971579656,2024-12-01,2024,12,-2.4492935982947064e-16,1.0,487.2372250421586,15.37326309915874,21.56201400853895,remote,-0.001045872151022949,0.004477425165121061,0.0035314503070058,0.0036028887933823,0.0041121637779835,0.003748834292790533
5,2019-01,22.26,0.02,7282167,3346648593,7057,0.0009690796709276,0.2076962805165001,27.0,0.4353277524839078,2019-01-01,2019,1,0.49999999999999994,0.8660254037844387,459.56767992274825,15.800939178036398,21.931225262328102,agricultural,-0.0005512654045940838,0.0015112621642714038,,,,
5,2019-02,22.26,0.02,6882683,2952423675,6523,0.0009477408737261,0.1842176953377048,29.0,0.4553111909239997,2019-02-01,2019,2,0.8660254037844386,0.5000000000000001,428.9640645951586,15.744519250113026,21.805892255066603,agricultural,-0.0004970745755557602,0.0014311287923367312,0.0009690796709276,,,0.0009690796709276
5,2019-03,22.26,0.02,7296970,3090572474,7095,0.0009723213881926,0.21390303098409338,28.0,0.43594295327315147,2019-03-01,2019,3,1.0,6.123233995736766e-17,423.5418912233434,15.802969888503872,21.851622177686547,agricultural,-0.00038115538679730056,0.001350940118341463,0.0009477408737261,0.0009690796709276,,0.00095841027232685
5,2019-04,27.49,-0.2,7325691,3042997192,6982,0.000953084152744,0.20688737758663311,27.0,0.4447158863627547,2019-04-01,2019,4,0.8660254037844387,-0.4999999999999998,415.3870524978463,15.806898179395063,21.836108785415863,agricultural,-0.00029138719363834895,0.0012706787359436453,0.0009723213881926,0.0009477408737261,0.0009690796709276,0.0009630473109487666
5,2019-05,27.49,-0.2,7535194,3133461536,7297,0.0009683891350375,0.20685320112527958,26.0,0.44919646303970767,2019-05-01,2019,5,0.49999999999999994,-0.8660254037844387,415.8435119255058,15.83509526893813,21.86540415278105,agricultural,-0.00016820406191656902,0.0011903316112637583,0.000953084152744,0.0009723213881926,0.0009477408737261,0.0009577154715542333
5,2019-06,27.49,-0.2,7611361,3215365312,7653,0.0010054706379056,0.2021152327422126,28.0,0.4478194767382679,2019-06-01,2019,6,1.2246467991473532e-16,-1.0,422.4428866269777,15.845152688856599,21.891206815863594,agricultural,-0.00010449922922426034,0.0011099113232291096,0.0009683891350375,0.000953084152744,0.0009723213881926,0.0009645982253247
5,2019-07,28.07,0.14,7888590,3501151506,8407,0.0010657164334817,0.21415322636871734,26.0,0.4376581588235579,2019-07-01,2019,7,-0.4999999999999997,-0.8660254037844388,443.82475271246193,15.880928096393042,21.97635775333249,agricultural,0.00011603095031548029,0.0010294750177477418,0.0010054706379056,0.0009683891350375,0.000953084152744,0.0009756479752290333
5,2019-08,28.07,0.14,7637602,3470781464,8211,0.001075075658564,0.20797129779739768,29.0,0.4433034256067778,2019-08-01,2019,8,-0.8660254037844385,-0.5000000000000004,454.43340252608084,15.84859436845943,21.967645611601977,agricultural,4.4392816515754265e-05,0.0009491282374622857,0.0010657164334817,0.0010054706379056,0.0009683891350375,0.0010131920688082666
5,2019-09,28.07,0.14,7542956,3563951523,8205,0.0010877698345317,0.21943015443812744,28.0,0.4484955024329431,2019-09-01,2019,9,-1.0,-1.8369701987210297e-16,472.4873806767533,15.83612483816991,21.994135744891203,agricultural,0.0001333002691899546,0.0008690671740319645,0.001075075658564,0.0010657164334817,0.0010054706379056,0.0010487542433171
5,2019-10,27.63,-0.1,7794808,3726944801,8512,0.001092008937231,0.2255691224209756,29.0,0.45270389883819434,2019-10-01,2019,10,-0.8660254037844386,0.5000000000000001,478.13170010088766,15.868968557287348,22.038854647030664,agricultural,0.00024314968516355294,0.0007895489561826973,0.0010877698345317,0.001075075658564,0.0010657164334817,0.001076187308859133
5,2019-11,27.63,-0.1,7292899,3368688377,8687,0.0011911586873752,0.2273207129291109,28.0,0.449371403524693,2019-11-01,2019,11,-0.5000000000000004,0.8660254037844384,461.9134828276108,15.802411830093945,21.937789300209378,agricultural,0.000446460671095959,0.0007108937962950397,0.001092008937231,0.0010877698345317,0.001075075658564,0.0010849514767755667
5,2019-12,27.63,-0.1,7477824,3506510614,9270,0.0012396654427812,0.23340252458469202,30.0,0.4439670032199955,2019-12-01,2019,12,-2.4492935982947064e-16,1.0,468.9212548998211,15.827452532266227,21.97788725317179,agricultural,0.0005122787921265924,0.0006335444278902747,0.0011911586873752,0.001092008937231,0.0010877698345317,0.0011236458197126334
5,2020-01,27.4,-0.05,8090305,5197702707,0,0.0,0.21265045013754116,34.0,0.45227589170552024,2020-01-01,2020,1,0.49999999999999994,0.8660254037844387,642.4606621134802,15.906177112794007,22.371482577994122,agricultural,-0.0003570448735287332,0.0005628815773342775,0.0012396654427812,0.0011911586873752,0.001092008937231,0.0011742776891291334
5,2022-01,24.98,0.25,15156877,10775272877,11469,0.0007566862223662,0.33837801811019513,31.0,0.40406672954051914,2022-01-01,2022,1,0.49999999999999994,0.8660254037844387,710.9164293541473,16.53396498029517,23.100519797719954,agricultural,-0.00012461704633190987,0.0007981983515555892,,,,
5,2022-02,24.98,0.25,13633123,8558648916,11852,0.0008693532655723,0.33549378231238725,30.0,0.4060538091575642,2022-02-01,2022,2,0.8660254037844386,0.5000000000000001,627.7834444829699,16.428012977703812,22.87020817784346,agricultural,3.3112429330732394e-05,0.0008534108787614724,0.0007566862223662,,,0.0007566862223662
5,2022-03,24.98,0.25,15645454,9812357945,12647,0.0008083498248117,0.36398790345105997,33.0,0.3935032675924216,2022-03-01,2022,3,1.0,6.123233995736766e-17,627.1699079489799,16.565691017436272,23.006908443109385,agricultural,-5.086567918628375e-05,0.0009226395565222704,0.0008693532655723,0.0007566862223662,,0.00081301974396925
5,2022-04,25.75,0.06,14905270,9619722079,12366,0.0008296394496711,0.3626354302874084,34.0,0.4123978433865207,2022-04-01,2022,4,0.8660254037844387,-0.4999999999999998,645.3906624301337,16.517225466747202,22.987081211393818,agricultural,-0.00010750792772877462,0.0010256821655363507,0.0008083498248117,0.0008693532655723,0.0007566862223662,0.0008114631042500667
5,2022-05,25.75,0.06,14309454,8914666533,11063,0.0007731252359454,0.3780722171509828,33.0,0.4082513261576863,2022-05-01,2022,5,0.49999999999999994,-0.8660254037844387,622.9913826900732,16.476431065552305,22.910963682514257,agricultural,-0.0001627252067100676,0.0011704006289302593,0.0008296394496711,0.0008083498248117,0.0008693532655723,0.0008357808466850333
5,2022-06,25.75,0.06,14935799,9474227012,11146,0.0007462607122658,0.3701656001128564,35.0,0.41222474779596846,2022-06-01,2022,6,1.2246467991473532e-16,-1.0,634.3301092897675,16.519271573648055,22.971841002845505,agricultural,2.5371697367657258e-05,0.0013282324229757516,0.0007731252359454,0.0008296394496711,0.0008083498248117,0.0008037048368094
5,2022-07,26.09,0.0,16475413,10584122731,13096,0.0007948814393909,0.36389175797899576,35.0,0.40622804894845566,2022-07-01,2022,7,-0.4999999999999997,-0.8660254037844388,642.419266272718,16.617379767020424,23.082620859685786,agricultural,-0.0005652696798034427,0.0014837117555456516,0.0007462607122658,0.0007731252359454,0.0008296394496711,0.0007830084659607666
5,2022-08,26.09,0.0,16219079,10675804701,12627,0.000778527560042,0.37515730702094735,34.0,0.40049015025568463,2022-08-01,2022,8,-0.8660254037844385,-0.5000000000000004,658.2250879350178,16.601698884944252,23.0912457751404,agricultural,0.0004055393070846459,0.0016369727023240201,0.0007948814393909,0.0007462607122658,0.0007731252359454,0.0007714224625340332
5,2022-09,26.09,0.0,15892994,10746503110,11927,0.0007504564589906,0.3803929580543477,34.0,0.41169328040972797,2022-09-01,2022,9,-1.0,-1.8369701987210297e-16,676.1786426144753,16.581389004074992,23.097846246601165,agricultural,0.00051765866256802,0.001792145028679228,0.000778527560042,0.0007948814393909,0.0007462607122658,0.0007732232372329
5,2022-10,27.85,0.35,16702591,11469259299,13141,0.0007867641613208,0.38846242478187964,35.0,0.4108286563230012,2022-10-01,2022,10,-0.8660254037844386,0.5000000000000001,686.6754564606174,16.631074474924063,23.162936188844693,agricultural,5.727511535231919e-05,0.001956211541747756,0.0007504564589906,0.000778527560042,0.0007948814393909,0.0007746218194744999
5,2022-11,27.85,0.35,15937372,10321308542,13186,0.0008273635076096,0.39814807610690145,36.0,0.4050326873888559,2022-11-01,2022,11,-0.5000000000000004,0.8660254037844384,647.6167176119125,16.584177412223717,23.05747638576412,agricultural,9.867100604272008e-05,0.0021401960354370865,0.0007867641613208,0.0007504564589906,0.000778527560042,0.0007719160601178
5,2022-12,27.85,0.35,16425092,10814865842,19618,0.0011943920922939,0.40280237090909443,36.0,0.41192970228095205,2022-12-01,2022,12,-2.4492935982947064e-16,1.0,658.43563262842,16.614320784419377,23.10418749155882,agricultural,-3.782459036116103e-05,0.002340721620314113,0.0008273635076096,0.0007867641613208,0.0007504564589906,0.000788194709307
5,2023-01,28.88,0.16,8372780,5033366184,18877,0.0022545677779662,0.40296377069503797,34.0,0.4178511846184754,2023-01-01,2023,1,0.49999999999999994,0.8660254037844387,601.1582991551194,15.940496645344687,22.33935481889907,agricultural,-0.0002127160262424794,0.002546060035350152,0.0011943920922939,0.0008273635076096,0.0007867641613208,0.0009361732537414335
5,2023-02,28.88,0.16,7418789,4027724351,20541,0.0027687807268814,0.4268960877577189,36.0,0.3912534278366204,2023-02-01,2023,2,0.8660254037844386,0.5000000000000001,542.9086001771988,15.819526529069472,22.11646737649187,agricultural,8.726773842787666e-05,0.002751334721911311,0.0022545677779662,0.0011943920922939,0.0008273635076096,0.0014254411259565665
5,2023-03,28.88,0.16,8181691,4327102203,33757,0.0041259196906849,0.4380363423649219,36.0,0.3871234468459581,2023-03-01,2023,3,1.0,6.123233995736766e-17,528.8762681211011,15.917409533155023,22.188163917970297,agricultural,-7.199787323286344e-05,0.002962605366187611,0.0027687807268814,0.0022545677779662,0.0011943920922939,0.0020725801990471664
5,2023-04,30.2,0.23,8085116,4744285518,30844,0.0038149112517371,0.4321965201241392,37.0,0.40430094405915096,2023-04-01,2023,4,0.8660254037844387,-0.4999999999999998,586.7925108310135,15.905535522131679,22.280206682117452,agricultural,-0.00016486573740171243,0.003183530197467142,0.0041259196906849,0.0027687807268814,0.0022545677779662,0.0030497560651775
5,2023-05,30.2,0.23,8349518,4366409627,39027,0.0046741620294728,0.4395816620791763,36.0,0.3995714388148669,2023-05-01,2023,5,0.49999999999999994,-0.8660254037844387,522.9534958784448,15.937714490377399,22.19720691293607,agricultural,-0.00018777184712522095,0.0034168721366750485,0.0038149112517371,0.0041259196906849,0.0027687807268814,0.0035698705564344672
5,2023-06,30.2,0.23,8214264,4361675444,36563,0.0044511595926305,0.4416732892928691,38.0,0.39959017590677126,2023-06-01,2023,6,1.2246467991473532e-16,-1.0,530.9879794464848,15.921382834969956,22.196122096868244,agricultural,2.5015518416989957e-05,0.0036629463701309435,0.0046741620294728,0.0038149112517371,0.0041259196906849,0.004204997657298267
5,2023-07,31.3,0.27,8619368,4720108651,34590,0.0040130552495264,0.44197335581912733,40.0,0.39812090518573817,2023-07-01,2023,7,-0.4999999999999997,-0.8660254037844388,547.6165597060017,15.96952243810434,22.275097655770455,agricultural,-0.001016333557229259,0.003913297606383251,0.0044511595926305,0.0046741620294728,0.0038149112517371,0.0043134109579468
5,2023-08,31.3,0.27,8781356,4964754231,42341,0.0048216926861865,0.44239967039259087,39.0,0.40148987310852446,2023-08-01,2023,8,-0.8660254037844385,-0.5000000000000004,565.3744400067598,15.988141509477437,22.32562963311767,agricultural,0.000685951611392442,0.004164186963145935,0.0040130552495264,0.0044511595926305,0.0046741620294728,0.0043794589572099
5,2023-09,31.3,0.27,8284216,4739541845,42551,0.0051363943190278,0.45019275209627563,39.0,0.4151457960402513,2023-09-01,2023,9,-1.0,-1.8369701987210297e-16,572.117125507109,15.92986269622937,22.279206311019784,agricultural,0.0009595668917731321,0.004414497436012618,0.0048216926861865,0.0040130552495264,0.0044511595926305,0.004428635842781133
5,2023-10,32.11,0.19,8699497,5087476140,41319,0.0047495849472676,0.459800491913498,39.0,0.4091183252066093,2023-10-01,2023,10,-0.8660254037844386,0.5000000000000001,584.8011833327835,15.97877588081061,22.350047697974396,agricultural,4.3928844624260686e-05,0.004664644866042119,0.0051363943190278,0.0048216926861865,0.0040130552495264,0.0046570474182469
5,2023-11,32.11,0.19,8234337,4730947601,48459,0.0058849911049304,0.4622798411092478,40.0,0.40785344415084607,2023-11-01,2023,11,-0.5000000000000004,0.8660254037844384,574.5389824341656,15.923823529777236,22.277391358074354,agricultural,0.00014806868110458192,0.0049187479444740565,0.0047495849472676,0.0051363943190278,0.0048216926861865,0.004902557317493966
5,2023-12,32.11,0.19,8496230,4713205761,43859,0.0051621719280198,0.46683246569360765,39.0,0.41004386376980734,2023-12-01,2023,12,-2.4492935982947064e-16,1.0,554.7408392898968,15.955133211359772,22.27363414232669,agricultural,-0.000162872148882721,0.005181151771603572,0.0058849911049304,0.0047495849472676,0.0051363943190278,0.005256990123741933
5,2024-01,33.83,0.4,8361904,4800154856,42583,0.0050925004640091,0.4745319965405008,39.0,0.40446391255812497,2024-01-01,2024,1,0.49999999999999994,0.8660254037844387,574.050462191386,15.939196829915671,22.291914016214854,agricultural,-0.0003245568152002279,0.005448386945055352,0.0051621719280198,0.0058849911049304,0.0047495849472676,0.005265582660072599
5,2024-02,33.83,0.4,8161171,4469419181,38518,0.0047196658420709,0.47581039534645214,39.0,0.4118674875508777,2024-02-01,2024,2,0.8660254037844386,0.5000000000000001,547.644349199398,15.914898344077836,22.220524300216606,agricultural,0.00012066494473345815,0.00571407470948587,0.0050925004640091,0.0051621719280198,0.0058849911049304,0.005379887832319766
5,2024-03,33.83,0.4,8540255,4425213108,50134,0.0058703165186519,0.49154984248128425,38.0,0.3988604117175259,2024-03-01,2024,3,1.0,6.123233995736766e-17,518.1593650306695,15.96030154189626,22.210584274472627,agricultural,-9.29378861754461e-05,0.005977284745236697,0.0047196658420709,0.0050925004640091,0.0051621719280198,0.0049914460780332666
5,2024-04,35.11,0.22,8472457,4462153641,50957,0.0060144300525809,0.49607451533834873,39.0,0.40500676260584956,2024-04-01,2024,4,0.8660254037844387,-0.4999999999999998,526.6658350700393,15.95233122523654,22.218897365801855,agricultural,-0.00022140997684563693,0.006239108603697517,0.0058703165186519,0.0047196658420709,0.0050925004640091,0.0052274942749106325
5,2024-05,35.11,0.22,8700756,4618779775,55000,0.0063212897821752,0.49837715251410336,40.0,0.40910190833659005,2024-05-01,2024,5,0.49999999999999994,-0.8660254037844387,530.8480981422764,15.978920591333784,22.253396389405907,agricultural,-0.00021252344379566927,0.006500169341448816,0.0060144300525809,0.0058703165186519,0.0047196658420709,0.0055348041377678995
5,2024-06,35.11,0.22,8656992,4733991557,58723,0.0067833030225741,0.49987108686250376,40.0,0.4095929887261006,2024-06-01,2024,6,1.2246467991473532e-16,-1.0,546.8402370014896,15.973877991603382,22.278034564766653,agricultural,2.8815062198790986e-05,0.006760781332581161,0.0063212897821752,0.0060144300525809,0.0058703165186519,0.006068678784469333
5,2024-07,35.87,0.17,8776281,5161474155,78224,0.0089131147920172,0.5058676904260472,41.0,0.4015616156908183,2024-07-01,2024,7,-0.4999999999999997,-0.8660254037844388,588.116327975369,15.987563413511193,22.364488064785796,agricultural,-0.0015014632162383404,0.007021102298316146,0.0067833030225741,0.0063212897821752,0.0060144300525809,0.006373007619110066
5,2024-08,35.87,0.17,9067192,5218003373,75001,0.0082716898462059,0.5050411417338466,40.0,0.40525243048626647,2024-08-01,2024,8,-0.8660254037844385,-0.5000000000000004,575.4817338157171,16.020173292383785,22.375380670268633,agricultural,0.000978592399107207,0.007281216797788811,0.0089131147920172,0.0067833030225741,0.0063212897821752,0.007339235865588834
5,2024-09,35.87,0.17,8704013,5321840569,79059,0.0090830516912141,0.5120821855390152,41.0,0.4075833466457438,2024-09-01,2024,9,-1.0,-1.8369701987210297e-16,611.4237845232998,15.97929485653245,22.39508505227003,agricultural,0.0014121671635679892,0.007541165536606449,0.0082716898462059,0.0089131147920172,0.0067833030225741,0.007989369220265732
5,2024-10,36.62,0.16,8822972,5224729513,68823,0.0078004327793401,0.5215280066626076,42.0,0.41099322026096125,2024-10-01,2024,10,-0.8660254037844386,0.5000000000000001,592.173421042252,15.992869446015948,22.376668865801793,agricultural,3.549090732284866e-05,0.007800944745616193,0.0090830516912141,0.0082716898462059,0.0089131147920172,0.0087559521098124
5,2024-11,36.62,0.16,8555577,4980676604,70721,0.0082660701902396,0.5218206790728434,42.0,0.40528951899541993,2024-11-01,2024,11,-0.5000000000000004,0.8660254037844384,582.1555464932406,15.96209402585492,22.328831583212065,agricultural,0.00020112679881581846,0.008060490338834804,0.0078004327793401,0.0090830516912141,0.0082716898462059,0.0083850581055867
5,2024-12,36.62,0.16,8740729,5081496806,69398,0.007939612359564,0.5250848069995077,42.0,0.4045210872455324,2024-12-01,2024,12,-2.4492935982947064e-16,1.0,581.3584663247196,15.983504268171242,22.34887170218413,agricultural,-0.00028556634139714136,0.008319746098607929,0.0082660701902396,0.0078004327793401,0.0090830516912141,0.008383184886931266
6,2019-01,22.72,0.0,5958840,1966642803,4355,0.0007308469433648,0.10828735122943392,28.0,0.6825959172331117,2019-01-01,2019,1,0.49999999999999994,0.8660254037844387,330.0378602211169,15.600386557043887,21.39959376555704,agricultural,-0.00023075913211020665,0.0009676691318390969,,,,
6,2019-02,22.72,0.0,6051410,1771240168,4701,0.0007768437438547,0.0989118238559278,28.0,0.6930090667337787,2019-02-01,2019,2,0.8660254037844386,0.5000000000000001,292.6987541746469,15.615802025955231,21.29494579863619,agricultural,-0.00011979598931596396,0.0009262485028121427,0.0007308469433648,,,0.0007308469433648
6,2019-03,22.72,0.0,6195615,1846545393,4647,0.0007500466055427,0.10133747820030779,27.0,0.6974893885846774,2019-03-01,2019,3,1.0,6.123233995736766e-17,298.0406937810048,15.639352503130294,21.336582375761918,agricultural,-0.00014263453905634624,0.0008847656313568301,0.0007768437438547,0.0007308469433648,,0.00075384534360975
6,2019-04,25.27,0.62,6428188,1899208578,4332,0.000673906861467,0.1021608266590834,28.0,0.6916356839650187,2019-04-01,2019,4,0.8660254037844387,-0.4999999999999998,295.45006742179913,15.676203408020857,21.364703098974598,agricultural,-0.00019568896716442173,0.0008432423569028876,0.0007500466055427,0.0007768437438547,0.0007308469433648,0.0007525790975874
6,2019-05,25.27,0.62,6367750,1908795579,3932,0.0006174865533351,0.10335047701307369,27.0,0.692789430419783,2019-05-01,2019,5,0.49999999999999994,-0.8660254037844387,299.7598176750029,15.66675690398307,21.3697382937143,agricultural,-0.00020918818538035597,0.0008017010369407627,0.000673906861467,0.0007500466055427,0.0007768437438547,0.0007335990702881332
6,2019-06,25.27,0.62,6507144,1944847222,3876,0.000595653023815,0.10766474508632358,28.0,0.693812378391452,2019-06-01,2019,6,1.2246467991473532e-16,-1.0,298.8787741596006,15.688411361923325,21.3884492623456,agricultural,-0.00015692621828151506,0.0007601511124687067,0.0006174865533351,0.000673906861467,0.0007500466055427,0.0006804800067815999
6,2019-07,22.63,-0.64,6518053,2067706029,3869,0.0005935821632625,0.11286100312470611,27.0,0.6836203107139255,2019-07-01,2019,7,-0.4999999999999997,-0.8660254037844388,317.22755691001595,15.690086423095249,21.449705631650538,agricultural,-0.00010918495057683448,0.0007185873982973968,0.000595653023815,0.0006174865533351,0.000673906861467,0.0006290154795390333
6,2019-08,22.63,-0.64,6212059,1881009094,3638,0.0005856351332142,0.11310340098186447,27.0,0.6871716465018407,2019-08-01,2019,8,-0.8660254037844385,-0.5000000000000004,302.79961829081145,15.642003121929118,21.355074222447662,agricultural,-6.284376380683055e-05,0.0006770014522012946,0.0005935821632625,0.000595653023815,0.0006174865533351,0.0006022405801375334
6,2019-09,22.63,-0.64,6546134,1929145751,4987,0.0007618236962457,0.11775026297964569,28.0,0.6914352243190283,2019-09-01,2019,9,-1.0,-1.8369701987210297e-16,294.70000934902953,15.694385357112,21.38034312633599,agricultural,0.00011380390563015921,0.0006353935529606055,0.0005856351332142,0.0005935821632625,0.000595653023815,0.0005916234400972334
6,2019-10,22.16,-0.11,6805831,1991775168,5642,0.000828995019124,0.12301245799374096,29.0,0.6925249646575349,2019-10-01,2019,10,-0.8660254037844386,0.5000000000000001,292.65715942696784,15.733290449636067,21.412292122770992,agricultural,0.00021400432755591187,0.0005937898697595802,0.0007618236962457,0.0005856351332142,0.0005935821632625,0.0006470136642408
6,2019-11,22.16,-0.11,6325970,1920102292,5154,0.0008147367123144,0.1242634726373979,29.0,0.6949493311193782,2019-11-01,2019,11,-0.5000000000000004,0.8660254037844384,303.5269361062414,15.66017409858177,21.375644299171068,agricultural,0.00024485377112231705,0.0005522235635041467,0.000828995019124,0.0007618236962457,0.0005856351332142,0.0007254846161946334
6,2019-12,22.16,-0.11,6213128,2040347438,5151,0.000829051002973,0.13013686503802915,30.0,0.6965939984355959,2019-12-01,2019,12,-2.4492935982947064e-16,1.0,328.39295086146626,15.64217519174675,21.436385943536177,agricultural,0.0003124160530269409,0.000510689520268605,0.0008147367123144,0.000828995019124,0.0007618236962457,0.0008018518092280333
6,2020-01,24.45,0.56,6970139,2835966372,0,0.0,0.12803460590958085,31.0,0.6804040914119159,2020-01-01,2020,1,0.49999999999999994,0.8660254037844387,406.87371830030935,15.757145868618197,21.765648588352764,agricultural,-0.00010290900778129667,0.00047391751079694925,0.000829051002973,0.0008147367123144,0.000828995019124,0.0008242609114704666
6,2022-01,22.72,0.06,12766745,6927053963,9861,0.0007723973495201,0.255592008769659,41.0,0.6472406610125887,2022-01-01,2022,1,0.49999999999999994,0.8660254037844387,542.5857540821877,16.362354379562674,22.65870044634198,agricultural,0.00017458909440349186,0.0008232367098982165,,,,
6,2022-02,22.72,0.06,11895025,5678528615,9031,0.000759224970103,0.2644472794298457,40.0,0.6402724398330512,2022-02-01,2022,2,0.8660254037844386,0.5000000000000001,477.38685837146204,16.291630887509157,22.459957989642263,agricultural,-5.5795262504644083e-05,0.0008679046304403066,0.0007723973495201,,,0.0007723973495201
6,2022-03,22.72,0.06,13270116,6924228244,10495,0.0007908747745686,0.26436151726179336,41.0,0.6371958433482936,2022-03-01,2022,3,1.0,6.123233995736766e-17,521.7910863778433,16.401025223149702,22.65829243804404,agricultural,0.00023599119727700139,0.0009161244404791064,0.000759224970103,0.0007723973495201,,0.00076581115981155
6,2022-04,24.25,0.26,13175067,6297523150,9672,0.000734113913804,0.2743884338500897,40.0,0.6411227407210589,2022-04-01,2022,4,0.8660254037844387,-0.4999999999999998,477.98794116189316,16.393836813668702,22.563422242405004,agricultural,5.498642965123822e-05,0.0009672396989391309,0.0007908747745686,0.000759224970103,0.0007723973495201,0.0007741656980639
6,2022-05,24.25,0.26,12126919,5999683511,12067,0.0009950590088051,0.2830026324081162,40.0,0.64258115854699,2022-05-01,2022,5,0.49999999999999994,-0.8660254037844387,494.7409569569979,16.310938332767165,22.514972556783242,agricultural,9.020993527583585e-05,0.0010200813512924274,0.000734113913804,0.0007908747745686,0.000759224970103,0.0007614045528251999
6,2022-06,24.25,0.26,13020140,6056711951,11806,0.0009067490825751,0.2859046062484735,41.0,0.6392759765684249,2022-06-01,2022,6,1.2246467991473532e-16,-1.0,465.18024775463243,16.382008024179147,22.52443290759844,agricultural,-2.0413735802687784e-05,0.0010752074981678387,0.0009950590088051,0.000734113913804,0.0007908747745686,0.0008400158990592334
6,2022-07,24.29,-0.06,14325255,6637401347,14462,0.0010095457288543,0.2883223370194806,42.0,0.6288449489615331,2022-07-01,2022,7,-0.4999999999999997,-0.8660254037844388,463.33565070918456,16.477534691260544,22.615986360579157,agricultural,2.4350708302250465e-05,0.0011339038123299146,0.0009067490825751,0.0009950590088051,0.000734113913804,0.0008786406683947333
6,2022-08,24.29,-0.06,13949582,6609025948,15899,0.0011397474132199,0.2966972773807846,42.0,0.6255886177384999,2022-08-01,2022,8,-0.8660254037844385,-0.5000000000000004,473.7794973354757,16.450960173311742,22.611702119739622,agricultural,-4.263270584298429e-05,0.001198901972323295,0.0010095457288543,0.0009067490825751,0.0009950590088051,0.0009704512734115001
6,2022-09,24.29,-0.06,14019390,6501490334,16044,0.0011444149852454,0.30076900635477005,43.0,0.6392555210691148,2022-09-01,2022,9,-1.0,-1.8369701987210297e-16,463.74987313998685,16.45595200068147,22.595297269874525,agricultural,-6.102717251508006e-05,0.001274269695299458,0.0011397474132199,0.0010095457288543,0.0009067490825751,0.0010186807415497666
6,2022-10,25.5,0.22,14989532,6601966618,17059,0.0011380608814204,0.30673926310708033,42.0,0.6468856057517287,2022-10-01,2022,10,-0.8660254037844386,0.5000000000000001,440.4384751972243,16.522862715490746,22.610633414169538,agricultural,-0.00016761622259070958,0.0013611926965911038,0.0011444149852454,0.0011397474132199,0.0010095457288543,0.0010979027091065333
6,2022-11,25.5,0.22,14137213,6464490061,17495,0.0012375140701353,0.3114666235841534,42.0,0.6455325157471186,2022-11-01,2022,11,-0.5000000000000004,0.8660254037844384,457.2676425685883,16.46432116931683,22.589589969338494,agricultural,-0.00019869459295602357,0.0014550443035425886,0.0011380608814204,0.0011444149852454,0.0011397474132199,0.0011407410932952333
6,2022-12,25.5,0.22,13902737,7009115301,16218,0.0011665328920485,0.32278910260619903,43.0,0.6504559067209448,2022-12-01,2022,12,-2.4492935982947064e-16,1.0,504.1536282388137,16.447596357120485,22.67047732489285,agricultural,-0.0003691504914194083,0.0015500982000355274,0.0012375140701353,0.0011380608814204,0.0011444149852454,0.0011733299789336998
6,2023-01,26.12,0.07,7305398,3611962758,14766,0.0020212451121759,0.33707431135168814,41.0,0.6390206007570918,2023-01-01,2023,1,0.49999999999999994,0.8660254037844387,494.42381619728314,15.804124221798515,22.007517162093624,agricultural,0.0003312928846623256,0.0016447870002747745,0.0011665328920485,0.0012375140701353,0.0011380608814204,0.0011807026145347333
6,2023-02,26.12,0.07,6294047,3035410980,14141,0.0022467261525056,0.3376293504004657,41.0,0.6333309035403539,2023-02-01,2023,2,0.8660254037844386,0.5000000000000001,482.2669706788017,15.65511498288818,21.833612666128797,agricultural,-9.954873008596926e-05,0.001738701892760949,0.0020212451121759,0.0011665328920485,0.0012375140701353,0.0014750973581199
6,2023-03,26.12,0.07,7069051,3398426333,16409,0.0023212451006507,0.34376877462052546,41.0,0.6398468611349285,2023-03-01,2023,3,1.0,6.123233995736766e-17,480.74717992556566,15.771236941187713,21.946578318482494,agricultural,0.00039600323635332094,0.0018319264609465557,0.0022467261525056,0.0020212451121759,0.0011665328920485,0.0018115013855766664
6,2023-04,26.6,0.05,7234904,3223629836,15325,0.0021182036416792,0.3516936783128014,40.0,0.6329032640877821,2023-04-01,2023,4,0.8660254037844387,-0.4999999999999998,445.56635941541174,15.794427787346448,21.893773840172763,agricultural,7.592247062135156e-05,0.0019235706801097045,0.0023212451006507,0.0022467261525056,0.0020212451121759,0.0021964054551107336
6,2023-05,26.6,0.05,7360114,3404297554,16882,0.0022937144723573,0.35831116202819685,42.0,0.6348062278054352,2023-05-01,2023,5,0.49999999999999994,-0.8660254037844387,462.5332642945476,15.81158611558299,21.948304457174466,agricultural,0.00020374346372040937,0.0020127436982737136,0.0021182036416792,0.0023212451006507,0.0022467261525056,0.002228724964945167
6,2023-06,26.6,0.05,7317291,3372558875,15971,0.0021826383561894,0.36538631578271247,44.0,0.6328851373043374,2023-06-01,2023,6,1.2246467991473532e-16,-1.0,460.90265851118943,15.805750872135638,21.938937603566153,agricultural,2.8935248074218607e-06,0.002099226563101816,0.0022937144723573,0.0021182036416792,0.0023212451006507,0.0022443877382290665
6,2023-07,27.95,0.31,7450930,3532532081,16610,0.0022292519188879,0.36953695713152585,43.0,0.6275393268079753,2023-07-01,2023,7,-0.4999999999999997,-0.8660254037844388,474.1061962734853,15.82384954899104,21.985280754435006,agricultural,0.00014482468373069768,0.0021832037204244886,0.0021826383561894,0.0022937144723573,0.0021182036416792,0.0021981854900753
6,2023-08,27.95,0.31,7561311,3468864423,16421,0.0021717133444187,0.37215199850925323,43.0,0.6241853143868017,2023-08-01,2023,8,-0.8660254037844385,-0.5000000000000004,458.7649447298227,15.838555278072073,21.967093122014056,agricultural,-4.3525447031638704e-05,0.0022647054302538236,0.0022292519188879,0.0021826383561894,0.0022937144723573,0.0022352015824782
6,2023-09,27.95,0.31,7366912,3228976688,16268,0.0022082522500608,0.37832988910414567,43.0,0.6338192287397284,2023-09-01,2023,9,-1.0,-1.8369701987210297e-16,438.3080302846023,15.81250931617483,21.89543110943356,agricultural,-3.415203090622888e-05,0.0023439250764774795,0.0021717133444187,0.0022292519188879,0.0021826383561894,0.002194534539832
6,2023-10,28.6,0.16,7806046,3477404075,17634,0.0022590182020449,0.38159088480903136,42.0,0.6342225390796816,2023-10-01,2023,10,-0.8660254037844386,0.5000000000000001,445.47573444993793,15.87040924771405,21.96955189719738,agricultural,-0.0003156705341954926,0.0024218439890087793,0.0022082522500608,0.0021717133444187,0.0022292519188879,0.0022030725044558
6,2023-11,28.6,0.16,7360977,3307557344,19271,0.002617994866714,0.38758509909757904,43.0,0.635299336931549,2023-11-01,2023,11,-0.5000000000000004,0.8660254037844384,449.33673125184333,15.811703362312018,21.919475791671566,agricultural,-0.0003488852368377947,0.0025000316658577,0.0022590182020449,0.0022082522500608,0.0021717133444187,0.002212994598841467
6,2023-12,28.6,0.16,7443722,3298249368,18896,0.0025385150063368,0.3954153580695249,44.0,0.6364105828520917,2023-12-01,2023,12,-2.4492935982947064e-16,1.0,443.0914222750393,15.822881684875139,21.916657670414565,agricultural,-0.0006560619215145104,0.002579858187275979,0.002617994866714,0.0022590182020449,0.0022082522500608,0.0023617551062732334
6,2024-01,30.66,0.48,7142127,3544259453,22319,0.0031249794353978,0.3992369500010291,43.0,0.626717234261538,2024-01-01,2024,1,0.49999999999999994,0.8660254037844387,496.2470497934299,15.781521329126589,21.988595076377518,agricultural,0.0004901120642424694,0.0026615077256166115,0.0025385150063368,0.002617994866714,0.0022590182020449,0.0024718426916985666
6,2024-02,30.66,0.48,7473313,3314373925,19534,0.0026138340519124,0.40689637915607174,46.0,0.627089657440793,2024-02-01,2024,2,0.8660254037844386,0.5000000000000001,443.4945953688812,15.826849099960917,21.921534581812622,agricultural,-0.00014189096286741117,0.0027493902349036634,0.0031249794353978,0.0025385150063368,0.002617994866714,0.002760496436149533
6,2024-03,30.66,0.48,7621354,3253116844,25358,0.003327230305796,0.4100633561962874,45.0,0.6315608100385908,2024-03-01,2024,3,1.0,6.123233995736766e-17,426.84237525248136,15.846464733376767,21.9028794029441,agricultural,0.0005507149566005872,0.0028368837650161265,0.0026138340519124,0.0031249794353978,0.0025385150063368,0.002759109497882333
6,2024-04,31.67,0.17,7762257,3239662449,22878,0.0029473386413255,0.4161864261902176,45.0,0.6271379565058178,2024-04-01,2024,4,0.8660254037844387,-0.4999999999999998,417.3608847272127,15.864783829214556,21.898734979224553,agricultural,9.570727927351798e-05,0.002924157871547442,0.003327230305796,0.0026138340519124,0.0031249794353978,0.0030220145977020666
6,2024-05,31.67,0.17,7813211,3241954829,25784,0.0033000516688977,0.4219694054083526,44.0,0.633778763638149,2024-05-01,2024,5,0.49999999999999994,-0.8660254037844387,414.9324559390499,15.87132670487416,21.899442327405275,agricultural,0.00032093569924572936,0.003011470216848642,0.0029473386413255,0.003327230305796,0.0026138340519124,0.002962800999677967
6,2024-06,31.67,0.17,7879351,3159414536,24400,0.0030967017461209,0.4275044987842273,46.0,0.6288670971716214,2024-06-01,2024,6,1.2246467991473532e-16,-1.0,400.97395534226104,15.879756224950164,21.873652574278786,agricultural,3.003093126197104e-05,0.003098994971572523,0.0033000516688977,0.0029473386413255,0.003327230305796,0.003191540205339733
6,2024-07,33.12,0.33,7828148,3445200579,27771,0.0035475823911351,0.42814469016170875,46.0,0.6319703227250307,2024-07-01,2024,7,-0.4999999999999997,-0.8660254037844388,440.104170105113,15.873236641553031,21.960247963229445,agricultural,0.0002700769394804513,0.003186835747004993,0.0030967017461209,0.0033000516688977,0.0029473386413255,0.0031146973521147
6,2024-08,33.12,0.33,7910338,3382771665,25787,0.0032599112705424,0.4304792032906811,51.0,0.631371744796736,2024-08-01,2024,8,-0.8660254037844385,-0.5000000000000004,427.6393328578374,15.883681195968352,21.941961229935643,agricultural,-4.393642131942947e-05,0.0032750424906314596,0.0035475823911351,0.0030967017461209,0.0033000516688977,0.003314778602051233
6,2024-09,33.12,0.33,7923309,3474050906,27254,0.0034397244888467,0.4393161998351951,49.0,0.6416356011138447,2024-09-01,2024,9,-1.0,-1.8369701987210297e-16,438.459601411481,15.885319605775416,21.968587158371257,agricultural,-2.8029346151535245e-06,0.003363600716820467,0.0032599112705424,0.0035475823911351,0.0030967017461209,0.0033013984692661334
6,2024-10,33.27,0.02,8035031,3319568886,23615,0.0029390054624555,0.4463428952545423,50.0,0.6455569277717377,2024-10-01,2024,10,-0.8660254037844386,0.5000000000000001,413.13703531448726,15.899321539722049,21.923100758129884,agricultural,-0.0004607503720502261,0.0034524598312887494,0.0034397244888467,0.0032599112705424,0.0035475823911351,0.0034157393835080666
6,2024-11,33.27,0.02,7765571,3386790290,23634,0.0030434336380415,0.44955599530285667,49.0,0.6429409159595527,2024-11-01,2024,11,-0.5000000000000004,0.8660254037844384,436.128945315161,15.865210675728243,21.94314849301044,agricultural,-0.0004992506715981039,0.0035415445834603796,0.0029390054624555,0.0034397244888467,0.0032599112705424,0.003212880407281533
6,2024-12,33.27,0.02,7760893,3463691731,20829,0.0026838406353495,0.45577950887868185,48.0,0.6409484471526723,2024-12-01,2024,12,-2.4492935982947064e-16,1.0,446.30066810610583,15.864608091709245,21.965600831769724,agricultural,-0.0009445514212571584,0.003630802533179268,0.0030434336380415,0.0029390054624555,0.0034397244888467,0.0031407211964479
7,2019-01,23.39,-0.35,7853947,2358131178,8367,0.0010653242248769,0.1868831047624844,28.0,0.611334569846399,2019-01-01,2019,1,0.49999999999999994,0.8660254037844387,300.24791076384906,15.876526893268023,21.581135268981562,agricultural,-0.0004713138683466272,0.001514890590950695,,,,
7,2019-02,23.39,-0.35,6932759,1977124941,7212,0.0010402784807606,0.16765028179978564,27.0,0.6356998098871298,2019-02-01,2019,2,0.8660254037844386,0.5000000000000001,285.1858749164654,15.751768560276547,21.404909576912402,agricultural,-0.0004090817415180206,0.0014268021130654429,0.0010653242248769,,,0.0010653242248769
7,2019-03,23.39,-0.35,7917825,2240230427,9243,0.0011673660380218,0.1904664475408335,28.0,0.6092235419349367,2019-03-01,2019,3,1.0,6.123233995736766e-17,282.93507712029503,15.88462723116048,21.529844567165497,agricultural,-0.00021904101957255116,0.0013389330313291566,0.0010402784807606,0.0010653242248769,,0.0010528013528187498
7,2019-04,34.65,-0.27,8103035,2238366353,8493,0.001048125794841,0.18889008871367333,27.0,0.6140978248394434,2019-04-01,2019,4,0.8660254037844387,-0.4999999999999998,276.2380210624784,15.907749364231956,21.529012130490184,agricultural,-0.0001787864491059368,0.001251283339876852,0.0011673660380218,0.0010402784807606,0.0010653242248769,0.0010909895812197667
7,2019-05,34.65,-0.27,8433863,2275123530,8691,0.0010304886384803,0.18947723006645947,30.0,0.6198763691270678,2019-05-01,2019,5,0.49999999999999994,-0.8660254037844387,269.7605510072905,15.947765587951135,21.54530018721583,agricultural,-0.0001342839484047917,0.0011638316964080679,0.001048125794841,0.0011673660380218,0.0010402784807606,0.0010852567712078002
7,2019-06,34.65,-0.27,8502134,2231924195,8953,0.001053029745238,0.18054255555134746,29.0,0.6386590997124315,2019-06-01,2019,6,1.2246467991473532e-16,-1.0,262.51341075075976,15.955827866391605,21.52612991852315,agricultural,-2.4887047194196956e-05,0.0010765618710297804,0.0010304886384803,0.001048125794841,0.0011673660380218,0.0010819934904477
7,2019-07,29.45,-1.27,9233136,2528160170,9007,0.0009755082130275,0.19129156117704754,29.0,0.6228597708269049,2019-07-01,2019,7,-0.4999999999999997,-0.8660254037844388,273.8138125551275,16.03830941872548,21.650757670005586,agricultural,0.00011681965094720488,0.0009894611741988275,0.001053029745238,0.0010304886384803,0.001048125794841,0.0010438813928531
7,2019-08,29.45,-1.27,9043785,2517354877,7912,0.0008748549418191,0.18411384171560913,29.0,0.6374067393636336,2019-08-01,2019,8,-0.8660254037844385,-0.5000000000000004,278.3519153761395,16.01758845000363,21.64647453561242,agricultural,0.00012022598204106138,0.0009025288315386337,0.0009755082130275,0.001053029745238,0.0010304886384803,0.0010196755322485998
7,2019-09,29.45,-1.27,8346938,2483432069,8096,0.0009699365204342,0.19892504293191107,30.0,0.6288153157934802,2019-09-01,2019,9,-1.0,-1.8369701987210297e-16,297.5261190391015,15.937405442791315,21.632907339610917,agricultural,4.242271294297857e-05,0.000815849231231436,0.0008748549418191,0.0009755082130275,0.001053029745238,0.0009677976333615333
7,2019-10,31.94,0.61,8794276,2676181117,8853,0.0010066775252448,0.21058788693918634,29.0,0.6169458550453867,2019-10-01,2019,10,-0.8660254037844386,0.5000000000000001,304.3094300201631,15.989611726975964,21.707656659283778,agricultural,0.00019654289935094386,0.0007296547331927259,0.0009699365204342,0.0008748549418191,0.0009755082130275,0.0009400998917602667
7,2019-11,31.94,0.61,7960168,2325853668,8320,0.0010452040710698,0.20192463274644454,29.0,0.630666694516262,2019-11-01,2019,11,-0.5000000000000004,0.8660254037844384,292.1865051089374,15.889960788750967,21.567352978057883,agricultural,0.00025329275190388135,0.0006443471809929106,0.0010066775252448,0.0009699365204342,0.0008748549418191,0.0009504896624993667
7,2019-12,31.94,0.61,8142692,2410449797,7906,0.0009709319718835,0.22263705909544412,28.0,0.6023931363185852,2019-12-01,2019,12,-2.4492935982947064e-16,1.0,296.0261541269153,15.9126315186456,21.603079205208513,agricultural,0.00035137287980489574,0.0005612268066144861,0.0010452040710698,0.0010066775252448,0.0009699365204342,0.0010072727055829335
7,2020-01,30.27,-0.4,8437062,3936365372,0,0.0,0.19225507647093265,29.0,0.6315100741939685,2020-01-01,2020,1,0.49999999999999994,0.8660254037844387,466.55641169876435,15.948144820229047,22.093523640334215,agricultural,-0.00028298329453868836,0.0004907935652336692,0.0009709319718835,0.0010452040710698,0.0010066775252448,0.0010076045227327
7,2022-01,23.07,-0.16,15084848,8765675075,7176,0.0004757091354185,0.3419645991792559,41.0,0.5741937913666421,2022-01-01,2022,1,0.49999999999999994,0.8660254037844387,581.0913755975532,16.529201420581547,22.89410937186317,agricultural,0.00011441575963997756,0.00043073657986785103,,,,
7,2022-02,23.07,-0.16,12781791,7209818399,6630,0.0005187066507346,0.3498129487487317,42.0,0.5639703122224184,2022-02-01,2022,2,0.8660254037844386,0.5000000000000001,564.0694953469354,16.363532216176218,22.698709600686122,agricultural,-0.0007475180847726743,0.00047050948477551224,0.0004757091354185,,,0.0004757091354185
7,2022-03,23.07,-0.16,16389657,8805549490,12304,0.0007507173579044,0.3616364881827606,41.0,0.5294065921920739,2022-03-01,2022,3,1.0,6.123233995736766e-17,537.262585177957,16.612161084120366,22.8986479836481,agricultural,0.0003624254215431761,0.0005839096833602977,0.0005187066507346,0.0004757091354185,,0.0004972078930765499
7,2022-04,24.06,0.12,14923742,7891996980,11654,0.0007809033418026,0.3680888479578379,43.0,0.5574022229781134,2022-04-01,2022,4,0.8660254037844387,-0.4999999999999998,528.8215904563347,16.518463992590615,22.789115042567428,agricultural,-3.3184395848628534e-05,0.0009410907363446336,0.0007507173579044,0.0005187066507346,0.0004757091354185,0.0005817110480191666
7,2022-05,24.06,0.12,14736101,7902206211,11968,0.0008121551284155,0.38335880026880925,40.0,0.5377300340079307,2022-05-01,2022,5,0.49999999999999994,-0.8660254037844387,536.2481032805082,16.505810959277373,22.790407824773293,agricultural,0.0002784829780268944,0.0014020835512355808,0.0007809033418026,0.0007507173579044,0.0005187066507346,0.0006834424501472
7,2022-06,24.06,0.12,16274129,8017643118,13641,0.000838201540617,0.36833283059265415,44.0,0.5620546034549935,2022-06-01,2022,6,1.2246467991473532e-16,-1.0,492.66188795726026,16.605087288408875,22.804910340198578,agricultural,-3.734226031218451e-05,0.0018225106056638824,0.0008121551284155,0.0007809033418026,0.0007507173579044,0.0007812586093741666
7,2022-07,24.1,-0.06,18033483,8913760751,14932,0.0008280153090781,0.3649523500257826,45.0,0.5728418965334301,2022-07-01,2022,7,-0.4999999999999997,-0.8660254037844388,494.28946981567566,16.707740810012034,22.910862071532396,agricultural,-0.0007324311470216002,0.002203970065133054,0.000838201540617,0.0008121551284155,0.0007809033418026,0.0008104200036117
7,2022-08,24.1,-0.06,17939337,8927567727,14611,0.0008144671121346,0.37898390559249767,44.0,0.556165831144531,2022-08-01,2022,8,-0.8660254037844385,-0.5000000000000004,497.65315892109055,16.702506513133695,22.912409823850474,agricultural,-0.0007121073818123682,0.0025710313983907294,0.0008280153090781,0.000838201540617,0.0008121551284155,0.0008261239927035333
7,2022-09,24.1,-0.06,16474959,8526794911,14480,0.0008789096227796,0.37799918045319564,45.0,0.5668552904274782,2022-09-01,2022,9,-1.0,-1.8369701987210297e-16,517.560918421709,16.617352210428805,22.86647938481628,agricultural,0.0007136485126534573,0.0029411612283395134,0.0008144671121346,0.0008280153090781,0.000838201540617,0.0008268946539432333
7,2022-10,24.74,0.09,16645056,8699697591,18015,0.0010823033578258,0.39287605881289916,45.0,0.5467923914058375,2022-10-01,2022,10,-0.8660254037844386,0.5000000000000001,522.6595567476613,16.627623853437186,22.886554102462593,agricultural,0.00030094938398675603,0.003314532312284915,0.0008789096227796,0.0008144671121346,0.0008280153090781,0.0008404640146641001
7,2022-11,24.74,0.09,16308905,8105357745,20463,0.001254713299268,0.3927602742182875,46.0,0.539623444061232,2022-11-01,2022,11,-0.5000000000000004,0.8660254037844384,496.98969642658415,16.607221896933684,22.815791130086545,agricultural,0.0006029048706137783,0.0036941272832930086,0.0010823033578258,0.0008789096227796,0.0008144671121346,0.0009252266975800001
7,2022-12,24.74,0.09,15975055,7599046037,24162,0.0015124830556138,0.4007879159101487,47.0,0.5283807580080481,2022-12-01,2022,12,-2.4492935982947064e-16,1.0,475.6819952732557,16.586539063699036,22.751288555044447,agricultural,-2.8574456305802443e-06,0.0040989930808346285,0.001254713299268,0.0010823033578258,0.0008789096227796,0.0010719754266244668
7,2023-01,25.38,0.08,7928230,3104845011,38210,0.0048194868211441,0.3952570750344024,42.0,0.5708838402989536,2023-01-01,2023,1,0.49999999999999994,0.8660254037844387,391.61893777047334,15.885940491802597,21.85622963546606,agricultural,0.0002639835648220293,0.004515446930755588,0.0015124830556138,0.001254713299268,0.0010823033578258,0.0012831665709025334
7,2023-02,25.38,0.08,7170615,3120700803,35985,0.0050183980035185,0.4233996665557975,42.0,0.538448036866779,2023-02-01,2023,2,0.8660254037844386,0.5000000000000001,435.2068550605492,15.785502122414039,21.86132343021192,agricultural,-0.0013434966839776272,0.004923938402179576,0.0048194868211441,0.0015124830556138,0.001254713299268,0.0025288943920086337
7,2023-03,25.38,0.08,8481991,3277152896,67141,0.0079157122425619,0.4327294145914562,43.0,0.5368932899348592,2023-03-01,2023,3,1.0,6.123233995736766e-17,386.3659954366846,15.953455885842448,21.910240863188328,agricultural,0.0007800230424323151,0.005329823746081973,0.0050183980035185,0.0048194868211441,0.0015124830556138,0.0037834559600921336
7,2023-04,25.98,0.07,8247018,3071044825,66033,0.0080068941282776,0.4208430247151152,45.0,0.5645135512465834,2023-04-01,2023,4,0.8660254037844387,-0.4999999999999998,372.3824569074543,15.925362359680912,21.845283674846925,agricultural,6.115617343722395e-06,0.005739577578721022,0.0079157122425619,0.0050183980035185,0.0048194868211441,0.005917865689074833
7,2023-05,25.98,0.07,8822731,3246804511,72001,0.0081608517816082,0.4351727373304252,45.0,0.551517224349938,2023-05-01,2023,5,0.49999999999999994,-0.8660254037844387,368.00447741181273,15.992842130587064,21.90093712252632,agricultural,0.0004785000562038236,0.006151229236769027,0.0080068941282776,0.0079157122425619,0.0050183980035185,0.006980334791452668
7,2023-06,25.98,0.07,8728005,3205556471,63802,0.0073100324759209,0.4306682913220146,45.0,0.5688141027470863,2023-06-01,2023,6,1.2246467991473532e-16,-1.0,367.2725291747656,15.98204749393752,21.888151538456807,agricultural,-0.00011080697632186813,0.006563509469029265,0.0081608517816082,0.0080068941282776,0.0079157122425619,0.008027819384149234
7,2023-07,26.29,0.08,9356639,3216811639,52778,0.0056407006832261,0.4351526226458026,43.0,0.5662466858016952,2023-07-01,2023,7,-0.4999999999999997,-0.8660254037844388,343.7999092409144,16.051596809648082,21.89165653204365,agricultural,-0.0011595789472345578,0.006976629056277624,0.0073100324759209,0.0081608517816082,0.0080068941282776,0.007825926128602233
7,2023-08,26.29,0.08,9261333,3717990600,56541,0.0061050606861884,0.4447617853715011,42.0,0.5490891440711413,2023-08-01,2023,8,-0.8660254037844385,-0.5000000000000004,401.4530737637876,16.041358656721812,22.03644919827044,agricultural,-0.0012015896989574838,0.007391571720707793,0.0056407006832261,0.0073100324759209,0.0081608517816082,0.007037194980251733
7,2023-09,26.29,0.08,8829907,3778079961,80214,0.0090843538895709,0.4401415552847839,43.0,0.5625731903240604,2023-09-01,2023,9,-1.0,-1.8369701987210297e-16,427.873131732871,15.993655153499816,22.052481770968505,agricultural,0.0010837977631043675,0.007810738271663317,0.0061050606861884,0.0056407006832261,0.0073100324759209,0.006351931281778467
7,2023-10,27.13,0.2,8854493,3797851433,77456,0.0087476493572246,0.45613938595919606,44.0,0.5376538266955945,2023-10-01,2023,10,-0.8660254037844386,0.5000000000000001,428.9180004998592,15.996435684709214,22.057701331667786,agricultural,0.00042607984605669654,0.008237755245278698,0.0090843538895709,0.0061050606861884,0.0056407006832261,0.006943371752995133
7,2023-11,27.13,0.2,8333115,3633703111,80053,0.0096066116932263,0.45239373271579714,45.0,0.5498031875569986,2023-11-01,2023,11,-0.5000000000000004,0.8660254037844384,436.0557979819071,15.935748013824275,22.013518106279736,agricultural,0.0010232347860724457,0.008674764921627344,0.0087476493572246,0.0090843538895709,0.0061050606861884,0.007979021310994634
7,2023-12,27.13,0.2,8372847,3663380111,75456,0.009011988395345,0.459500454266034,42.0,0.5379406500624442,2023-12-01,2023,12,-2.4492935982947064e-16,1.0,437.5309988346855,15.940504647432874,22.021652086039055,agricultural,-6.22948742966913e-05,0.009118305672948347,0.0096066116932263,0.0087476493572246,0.0090843538895709,0.009146204980007266
7,2024-01,27.88,0.17,8437774,3735756139,83565,0.0099036783872144,0.46620589743219004,43.0,0.523743089472116,2024-01-01,2024,1,0.49999999999999994,0.8660254037844387,442.7419055073056,15.948229206224388,22.04121608216336,agricultural,0.0003955023394837417,0.009562124194553745,0.009011988395345,0.0096066116932263,0.0087476493572246,0.009122083148598635
7,2024-02,27.88,0.17,7906321,3351098781,63423,0.0080218093851742,0.46109853116259764,41.0,0.5325874071243466,2024-02-01,2024,2,0.8660254037844386,0.5000000000000001,423.8505849939561,15.88317325056997,21.932554123631775,agricultural,-0.0019466444210009624,0.010004593302872403,0.0099036783872144,0.009011988395345,0.0096066116932263,0.009507426158595234
7,2024-03,27.88,0.17,8719626,3600915489,101783,0.0116728630333456,0.4810494165690134,41.0,0.5105781331087222,2024-03-01,2024,3,1.0,6.123233995736766e-17,412.96673607331326,15.981087019740919,22.00445395285678,agricultural,0.0011886967967298095,0.010447383797919695,0.0080218093851742,0.0099036783872144,0.009011988395345,0.008979158722577867
7,2024-04,27.99,-0.03,8771750,3591161318,95973,0.010941146293499,0.484989882292587,42.0,0.5206641429502491,2024-04-01,2024,4,0.8660254037844387,-0.4999999999999998,409.40078296805086,15.987047002344118,22.00174147432253,agricultural,3.60902839268335e-05,0.010890571073700445,0.0116728630333456,0.0080218093851742,0.0099036783872144,0.009866116935244732
7,2024-05,27.99,-0.03,9198476,3637714885,110392,0.0120011184461426,0.49012999544707186,39.0,0.5222163220974321,2024-05-01,2024,5,0.49999999999999994,-0.8660254037844387,395.469302197451,16.034548484837174,22.014621542888154,agricultural,0.0006725243381542765,0.011334047683826856,0.010941146293499,0.0116728630333456,0.0080218093851742,0.010211939570672932
7,2024-06,27.99,-0.03,9056839,3645999601,104871,0.0115792055042603,0.4875269395867587,40.0,0.5370750269801776,2024-06-01,2024,6,1.2246467991473532e-16,-1.0,402.56866672798316,16.01903083130726,22.016896404042154,agricultural,-0.00018834278421453403,0.011777726666739572,0.0120011184461426,0.010941146293499,0.0116728630333456,0.011538375924329066
7,2024-07,28.19,0.04,9586750,4107263653,102588,0.0107010196364774,0.49754025086708215,41.0,0.5268900648549054,2024-07-01,2024,7,-0.4999999999999997,-0.8660254037844388,428.4312882885232,16.075892599050512,22.136022866110647,agricultural,-0.0016028854994416058,0.012221550832331618,0.0115792055042603,0.0120011184461426,0.010941146293499,0.011507156747967302
7,2024-08,28.19,0.04,9629422,4364413479,105771,0.0109841483735991,0.49468732391206865,40.0,0.5317837994323327,2024-08-01,2024,8,-0.8660254037844385,-0.5000000000000004,453.2373260825001,16.080333865052946,22.196749648366605,agricultural,-0.0017109707379903392,0.012665476613807163,0.0107010196364774,0.0115792055042603,0.0120011184461426,0.0114271145289601
7,2024-09,28.19,0.04,9172155,4369717307,132586,0.0144552725068427,0.49987750970191847,40.0,0.5251034681441302,2024-09-01,2024,9,-1.0,-1.8369701987210297e-16,476.4111931165577,16.031682931101383,22.19796415471662,agricultural,0.0014615114198320398,0.01310944323406276,0.0109841483735991,0.0107010196364774,0.0115792055042603,0.011088124504778933
7,2024-10,28.31,0.01,8889443,4100787627,124869,0.0140468868521908,0.515663129849643,44.0,0.51694885215632,2024-10-01,2024,10,-0.8660254037844386,0.5000000000000001,461.3098511346549,16.000375063352017,22.13444489659723,agricultural,0.0005539169642000595,0.013553401887282943,0.0144552725068427,0.0109841483735991,0.0107010196364774,0.012046813505639733
7,2024-11,28.31,0.01,8505499,3717892023,131966,0.0155153742302479,0.5057998360825156,41.0,0.5197993346542134,2024-11-01,2024,11,-0.5000000000000004,0.8660254037844384,437.116273013494,15.956223571031774,22.036422684403835,agricultural,0.0014552259545563952,0.013997366279966113,0.0140468868521908,0.0144552725068427,0.0109841483735991,0.0131621025775442
7,2024-12,28.31,0.01,8754451,3823267564,125533,0.0143393343568888,0.5174258214478555,42.0,0.4991633482580839,2024-12-01,2024,12,-2.4492935982947064e-16,1.0,436.72270985353623,15.985072928938965,22.064371277440763,agricultural,-0.00012502845229726134,0.014441381860168226,0.0155153742302479,0.0140468868521908,0.0144552725068427,0.014672511196427132
8,2019-01,30.31,-0.16,7669943,3070793029,5998,0.0007820136342603,0.16748625120160607,37.0,0.6128666319927702,2019-01-01,2019,1,0.49999999999999994,0.8660254037844387,400.3671251533421,15.852819872143382,21.845201681148605,agricultural,-0.0001708565505969704,0.0009548682261693479,,,,
8,2019-02,30.31,-0.16,7491031,2590146964,4489,0.0005992499563811,0.14999230413009904,37.0,0.6338258924474645,2019-02-01,2019,2,0.8660254037844386,0.5000000000000001,345.7664190683499,15.829217129713713,21.674980454291262,agricultural,-0.00032025585826411595,0.0009113531918942469,0.0007820136342603,,,0.0007820136342603
8,2019-03,30.31,-0.16,7703265,2744651684,5452,0.0007077518428873,0.17281542307060707,37.0,0.6222859401887372,2019-03-01,2019,3,1.0,6.123233995736766e-17,356.29719138573057,15.857154952739407,21.732920013146217,agricultural,-0.00015548101232746689,0.0008679590170120878,0.0005992499563811,0.0007820136342603,,0.0006906317953207001
8,2019-04,29.97,-0.08,7778704,2771346879,5267,0.0006771050807435,0.17150170516836738,39.0,0.6298363444331242,2019-04-01,2019,4,0.8660254037844387,-0.4999999999999998,356.27360020383855,15.86690042985767,21.742599277237286,agricultural,-0.0001781646019472013,0.0008247072526497544,0.0007077518428873,0.0005992499563811,0.0007820136342603,0.0006963384778429
8,2019-05,29.97,-0.08,7833237,2923002636,5488,0.0007006043606238,0.17607459087475585,40.0,0.628686313158986,2019-05-01,2019,5,0.49999999999999994,-0.8660254037844387,373.15386167940534,15.873886520159454,21.795877225230434,agricultural,-0.00010347542203434253,0.0007816201752632257,0.0006771050807435,0.0007077518428873,0.0005992499563811,0.0006613689600039667
8,2019-06,29.97,-0.08,8307437,3019045821,5391,0.00064893660945,0.16701817901237168,40.0,0.6432774902389718,2019-06-01,2019,6,1.2246467991473532e-16,-1.0,363.414831915066,15.932661816047316,21.8282066654294,agricultural,-8.154416305950789e-05,0.0007387067072053064,0.0007006043606238,0.0006771050807435,0.0007077518428873,0.0006951537614181999
8,2019-07,31.71,0.43,9271069,3526474769,5619,0.0006060789753587,0.1757934279207716,39.0,0.6247499077227584,2019-07-01,2019,7,-0.4999999999999997,-0.8660254037844388,380.3741261121021,16.042409356986674,21.983564560184533,agricultural,-4.39988100855948e-05,0.0006959611905113891,0.00064893660945,0.0007006043606238,0.0006771050807435,0.0006755486836057667
8,2019-08,31.71,0.43,8798388,3268293502,5277,0.0005997689576772,0.17293247353947108,38.0,0.6333941043465754,2019-08-01,2019,8,-0.8660254037844385,-0.5000000000000004,371.46503450404776,15.990079194507592,21.907533821110892,agricultural,4.173159568013366e-06,0.0006533779912247529,0.0006060789753587,0.00064893660945,0.0007006043606238,0.0006518733151441667
8,2019-09,31.71,0.43,8041302,3353282216,5483,0.0006818547543668,0.18555390656886162,40.0,0.6300021129742819,2019-09-01,2019,9,-1.0,-1.8369701987210297e-16,417.00737218923007,15.900101692700705,21.93320546939435,agricultural,5.9036902477921314e-05,0.0006109823045468535,0.0005997689576772,0.0006060789753587,0.00064893660945,0.0006182615141619666
8,2019-10,30.72,-0.24,8462493,3476818057,6421,0.0007587598595354,0.19262290674863777,39.0,0.6233319589163772,2019-10-01,2019,10,-0.8660254037844386,0.5000000000000001,410.850331811205,15.951154487192076,21.969383361309372,agricultural,0.00016862950554517677,0.0005688676283157239,0.0006818547543668,0.0005997689576772,0.0006060789753587,0.0006292342291342334
8,2019-11,30.72,-0.24,7780932,3297380298,6185,0.0007948919229727,0.188166147705699,40.0,0.6225911299324516,2019-11-01,2019,11,-0.5000000000000004,0.8660254037844384,423.77703570729057,15.867186811843577,21.91639414136616,agricultural,0.0002523590172204394,0.0005272017637885751,0.0007587598595354,0.0006818547543668,0.0005997689576772,0.0006801278571931333
8,2019-12,30.72,-0.24,8034301,3323250070,6050,0.0007530213269331,0.19836934165150147,40.0,0.6093712033106935,2019-12-01,2019,12,-2.4492935982947064e-16,1.0,413.63275660197445,15.899230683436343,21.92420907807661,agricultural,0.00026141603204429305,0.0004863369456587583,0.0007948919229727,0.0007587598595354,0.0006818547543668,0.0007451688456249667
8,2020-01,31.02,0.08,9009500,5028931416,0,0.0,0.17451334702258728,41.0,0.6320017718624642,2020-01-01,2020,1,0.49999999999999994,0.8660254037844387,558.180966313336,16.01379024514295,22.33847335654076,agricultural,-8.053452592734365e-05,0.0004520309666505488,0.0007530213269331,0.0007948919229727,0.0007587598595354,0.0007688910364804001
8,2022-01,38.56,-0.02,17991141,10473566981,13396,0.0007445886839528,0.3025421789535194,53.0,0.5821735339302783,2022-01-01,2022,1,0.49999999999999994,0.8660254037844387,582.1513477661033,16.705390083622916,23.07212048976846,agricultural,0.00011648028258277269,0.0007804966786906061,,,,
8,2022-02,38.56,-0.02,16429242,8742957792,12840,0.00078153331724,0.3125802152040855,52.0,0.5700257612735726,2022-02-01,2022,2,0.8660254037844386,0.5000000000000001,532.1583181987337,16.61457341469759,22.891514389614354,agricultural,0.00015906540063881564,0.0008241539772491772,0.0007445886839528,,,0.0007445886839528
8,2022-03,38.56,-0.02,18739562,9719151581,13544,0.0007227490162256,0.3220409313728891,54.0,0.5699112660026875,2022-03-01,2022,3,1.0,6.123233995736766e-17,518.6434763523288,16.746147515399134,22.997364165806662,agricultural,0.00012967360747195454,0.0008708861956093328,0.00078153331724,0.0007445886839528,,0.0007630610005964
8,2022-04,37.66,-0.42,17927728,9254171169,11761,0.0006560228936985,0.33085006644456005,53.0,0.5889525519800096,2022-04-01,2022,4,0.8660254037844387,-0.4999999999999998,516.1931935268094,16.701859178329016,22.948340224126373,agricultural,0.00017756079951957357,0.0009216408331883771,0.0007227490162256,0.00078153331724,0.0007445886839528,0.0007496236724728
8,2022-05,37.66,-0.42,16618105,8687911006,11768,0.0007081433171832,0.3435766593122381,51.0,0.5837834394673587,2022-05-01,2022,5,0.49999999999999994,-0.8660254037844387,522.7979367081866,16.626003381812307,22.885198356876504,agricultural,4.257385853875811e-05,0.0009760920517616438,0.0006560228936985,0.0007227490162256,0.00078153331724,0.0007201017423880333
8,2022-06,37.66,-0.42,19017935,9289863797,14971,0.000787204289004,0.3368363074119246,54.0,0.5942872918428259,2022-06-01,2022,6,1.2246467991473532e-16,-1.0,488.4791012799234,16.760893091842927,22.95218972852367,agricultural,-0.00016139332855119506,0.0010326923860752395,0.0007081433171832,0.0006560228936985,0.0007227490162256,0.0006956384090357667
8,2022-07,37.63,-0.12,22862868,11500100575,18381,0.0008039673762714,0.33463811276870425,55.0,0.5739522309851199,2022-07-01,2022,7,-0.4999999999999997,-0.8660254037844388,503.00341037703583,16.945024711518204,23.1656216180165,agricultural,-0.000255728320202173,0.0010908048670701122,0.000787204289004,0.0007081433171832,0.0006560228936985,0.0007171234999619001
8,2022-08,37.63,-0.12,22571901,11964470929,18857,0.0008354192232191,0.34522227436670044,56.0,0.5618771739221835,2022-08-01,2022,8,-0.8660254037844385,-0.5000000000000004,530.0604024889175,16.932216416399505,23.205207339192867,agricultural,-0.000245972989896222,0.0011512898242568475,0.0008039673762714,0.000787204289004,0.0007081433171832,0.0007664383274862
8,2022-09,37.63,-0.12,19841744,11487472423,20709,0.0010437086578679,0.34769720847119084,55.0,0.5777230635313909,2022-09-01,2022,9,-1.0,-1.8369701987210297e-16,578.9547744895812,16.80329860958234,23.16452292410303,agricultural,3.1713031064059554e-05,0.0012199251655579245,0.0008354192232191,0.0008039673762714,0.000787204289004,0.0008088636294981666
8,2022-10,37.69,-0.09,19521004,11114033189,24522,0.0012561853888252,0.3554035437931369,55.0,0.5602392511713254,2022-10-01,2022,10,-0.8660254037844386,0.5000000000000001,569.3371708237958,16.787001623279618,23.13147439812324,agricultural,-6.661651862172577e-06,0.001302915336696107,0.0010437086578679,0.0008354192232191,0.0008039673762714,0.0008943650857861333
8,2022-11,37.69,-0.09,19137831,11010774225,24575,0.0012841058111548,0.3583042926860416,55.0,0.5553895469367668,2022-11-01,2022,11,-0.5000000000000004,0.8660254037844384,575.3407596189976,16.76717766693607,23.12214010546296,agricultural,-9.706523863454155e-05,0.0013961481419643299,0.0012561853888252,0.0010437086578679,0.0008354192232191,0.0010451044233040668
8,2022-12,37.69,-0.09,19494696,10994474450,24512,0.001257367645025,0.3644383580026075,58.0,0.5463420692309915,2022-12-01,2022,12,-2.4492935982947064e-16,1.0,563.972603112149,16.785653037831267,23.120658660902137,agricultural,-0.00016016018363670424,0.0014911073485852947,0.0012841058111548,0.0012561853888252,0.0010437086578679,0.0011946666192826335
8,2023-01,38.0,-0.03,10407373,5043603210,19085,0.0018337960982084,0.3664919091494078,53.0,0.5588814169315631,2023-01-01,2023,1,0.49999999999999994,0.8660254037844387,484.618280713106,16.158025151324125,22.34138658641157,agricultural,0.0002345753297063377,0.0015855073437409223,0.001257367645025,0.0012841058111548,0.0012561853888252,0.0012658862816683333
8,2023-02,38.0,-0.03,9080816,4052215342,18774,0.0020674353494223,0.39003102804858064,52.0,0.5364076126764644,2023-02-01,2023,2,0.8660254037844386,0.5000000000000001,446.23912014074506,16.02167472450327,22.122529566787442,agricultural,0.00028383810542242027,0.001679786345055485,0.0018337960982084,0.001257367645025,0.0012841058111548,0.0014584231847960666
8,2023-03,38.0,-0.03,10027915,4453560904,23916,0.0023849424331977,0.39510516393487577,53.0,0.5576650283016042,2023-03-01,2023,3,1.0,6.123233995736766e-17,444.1163396379008,16.120883361679567,22.216969816503322,agricultural,0.00023045771674283912,0.0017745543864152637,0.0020674353494223,0.0018337960982084,0.001257367645025,0.0017195330308852333
8,2023-04,38.62,0.04,10233809,4549731559,22745,0.002222535128416,0.3946050781287788,52.0,0.5590763449636854,2023-04-01,2023,4,0.8660254037844387,-0.4999999999999998,444.57851021061657,16.14120750260907,22.238334070366633,agricultural,0.00031070152864870465,0.0018701042076742416,0.0023849424331977,0.0020674353494223,0.0018337960982084,0.002095391293609467
8,2023-05,38.62,0.04,10331962,4521055275,26202,0.0025360139729511,0.40435950112863367,55.0,0.5631230069155247,2023-05-01,2023,5,0.49999999999999994,-0.8660254037844387,437.57954926663496,16.150752852084217,22.232011271682698,agricultural,8.165168892530867e-05,0.0019664693147902206,0.002222535128416,0.0023849424331977,0.0020674353494223,0.0022249709703453333
8,2023-06,38.62,0.04,10510265,4514927863,24332,0.0023150700767297,0.41004789127581465,56.0,0.5708700370534542,2023-06-01,2023,6,1.2246467991473532e-16,-1.0,429.57317089531045,16.167863051762165,22.230655046722056,agricultural,-0.00022009475982960502,0.002063859669930726,0.0025360139729511,0.002222535128416,0.0023849424331977,0.0023811638448549334
8,2023-07,39.19,0.14,11627279,4977602537,20298,0.0017457222794774,0.415237047291976,52.0,0.5624417050490125,2023-07-01,2023,7,-0.4999999999999997,-0.8660254037844388,428.09693798523284,16.268864619239167,22.328214193991798,agricultural,-0.0004011593885427441,0.0021620449494576623,0.0023150700767297,0.0025360139729511,0.002222535128416,0.0023578730593655996
8,2023-08,39.19,0.14,11640128,5215655850,21670,0.0018616633768975,0.42267799804263323,52.0,0.5569041398470111,2023-08-01,2023,8,-0.8660254037844385,-0.5000000000000004,448.0754721941202,16.269969082680383,22.374930679907823,agricultural,-0.00038850364140257537,0.002260574169414303,0.0017457222794774,0.0023150700767297,0.0025360139729511,0.0021989354430527333
8,2023-09,39.19,0.14,10430406,4915565528,24825,0.0023800607569829,0.4243249975120815,52.0,0.5695538637131314,2023-09-01,2023,9,-1.0,-1.8369701987210297e-16,471.2726933160608,16.160235848267387,22.31567264577791,agricultural,7.29726237926255e-05,0.002358637360395563,0.0018616633768975,0.0017457222794774,0.0023150700767297,0.0019741519110348664
8,2023-10,38.79,-0.09,10529422,4891948238,31704,0.0030109914865222,0.4368532289806601,54.0,0.5523576611462283,2023-10-01,2023,10,-0.8660254037844386,0.5000000000000001,464.5979843907861,16.16968408678735,22.31085647397129,agricultural,-7.0665923165499335e-06,0.002455970491529966,0.0023800607569829,0.0018616633768975,0.0017457222794774,0.0019958154711192666
8,2023-11,38.79,-0.09,10129670,4866450199,29901,0.0029518237020554,0.43447101435683494,55.0,0.5528684850376484,2023-11-01,2023,11,-0.5000000000000004,0.8660254037844384,480.4154724685009,16.130979397908703,22.305630596551296,agricultural,-0.00019457952349430762,0.00255384891322742,0.0030109914865222,0.0023800607569829,0.0018616633768975,0.0024175718734675334
8,2023-12,38.79,-0.09,10628508,5141128885,37455,0.0035240129658838,0.441607232172192,54.0,0.5350976369516748,2023-12-01,2023,12,-2.4492935982947064e-16,1.0,483.7112494999298,16.179050477074842,22.360538519925328,agricultural,-0.0002613566498965087,0.002654532946644602,0.0029518237020554,0.0030109914865222,0.0023800607569829,0.0027809586485201664
8,2024-01,39.21,0.1,10493575,5039883972,32536,0.0031005639164917,0.4496804949695409,57.0,0.534145439975148,2024-01-01,2024,1,0.49999999999999994,0.8660254037844387,480.28283706934957,16.166273818372126,22.340648897534535,agricultural,0.00035583132367647324,0.002758468799944037,0.0035240129658838,0.0029518237020554,0.0030109914865222,0.003162276051487133
8,2024-02,39.21,0.1,10516005,4737716576,33906,0.0032242282121394,0.45168331509922255,53.0,0.5375534257107621,2024-02-01,2024,2,0.8660254037844386,0.5000000000000001,450.52437460803793,16.168409035390894,22.278821121771777,agricultural,0.00040897916737192916,0.0028680458590975284,0.0031005639164917,0.0035240129658838,0.0029518237020554,0.003192133528143633
8,2024-03,39.21,0.1,10554867,4647436884,34844,0.0033012258704917,0.4639962777361382,58.0,0.5380734187503612,2024-03-01,2024,3,1.0,6.123233995736766e-17,440.3122165347986,16.172097733264994,22.259581697048077,agricultural,0.00033009174393734957,0.002978374701626575,0.0032242282121394,0.0031005639164917,0.0035240129658838,0.0032829350315049665
8,2024-04,40.83,0.29,10384844,4458148958,36184,0.0034843084787792,0.47456745618903856,59.0,0.5450427107066406,2024-04-01,2024,4,0.8660254037844387,-0.4999999999999998,429.29378216947697,16.155858089807833,22.217999485214577,agricultural,0.0004396709279465921,0.003089160604119379,0.0033012258704917,0.0032242282121394,0.0031005639164917,0.003208672666374266
8,2024-05,40.83,0.29,10742119,4615927340,35570,0.0033112647513958,0.4782503340355846,56.0,0.5465187917226481,2024-05-01,2024,5,0.49999999999999994,-0.8660254037844387,429.7036124809267,16.189683020489223,22.252778625343748,agricultural,0.00011937510452747194,0.003200336292456151,0.0034843084787792,0.0033012258704917,0.0032242282121394,0.0033365875204700995
8,2024-06,40.83,0.29,10990226,4700380406,33372,0.0030365162645426,0.4830043531406906,58.0,0.5526190250689789,2024-06-01,2024,6,1.2246467991473532e-16,-1.0,427.6873292687521,16.212516981307527,22.270909280046723,agricultural,-0.0002811571713590249,0.0033118909702439508,0.0033112647513958,0.0034843084787792,0.0033012258704917,0.0033655997002222334
8,2024-07,40.62,-0.06,11871136,5257406506,34050,0.0028683017362449,0.49020877193218915,55.0,0.5449007861128903,2024-07-01,2024,7,-0.4999999999999997,-0.8660254037844388,442.873075163152,16.289620549698586,22.382903682596517,agricultural,-0.0005516912149475983,0.003423813037362528,0.0030365162645426,0.0033112647513958,0.0034843084787792,0.003277363164905867
8,2024-08,40.62,-0.06,12096199,5840847812,36397,0.0030089617407914,0.4932580060893509,55.0,0.5395474720681827,2024-08-01,2024,8,-0.8660254037844385,-0.5000000000000004,482.8663790997486,16.308401911656293,22.488141796708803,agricultural,-0.0005313019835514294,0.0035360818333688704,0.0028683017362449,0.0030365162645426,0.0033112647513958,0.0030720275840610996
8,2024-09,40.62,-0.06,11011502,5216121532,41760,0.0037923981669349,0.49811560675373806,56.0,0.54906908977968,2024-09-01,2024,9,-1.0,-1.8369701987210297e-16,473.69755116059554,16.214451011643494,22.375019961337664,agricultural,0.00011549400852817486,0.003648674278332687,0.0030089617407914,0.0028683017362449,0.0030365162645426,0.002971259913859633
8,2024-10,40.18,-0.12,10615222,4919416766,39896,0.0037583764145488,0.505624093400967,56.0,0.537123886072024,2024-10-01,2024,10,-0.8660254037844386,0.5000000000000001,463.43041775292124,16.177799660906366,22.316455817131132,agricultural,-6.902394710516239e-06,0.003761562245884102,0.0037923981669349,0.0030089617407914,0.0028683017362449,0.0032232205479904
8,2024-11,40.18,-0.12,10319205,4963597240,36928,0.0035785702483863,0.5000583862807261,56.0,0.5303559736289968,2024-11-01,2024,11,-0.5000000000000004,0.8660254037844384,481.00577903045826,16.149517377073316,22.32539656501802,agricultural,-0.00029222533683905406,0.0038747070229085373,0.0037583764145488,0.0037923981669349,0.0030089617407914,0.0035199121074250338
8,2024-12,40.18,-0.12,10972313,5310643889,39909,0.0036372458569127,0.507723485467467,57.0,0.5133997017233644,2024-12-01,2024,12,-2.4492935982947064e-16,1.0,484.0040462753842,16.210885748931265,22.39297892473588,agricultural,-0.0003622012066429067,0.003988070215972073,0.0035785702483863,0.0037583764145488,0.0037923981669349,0.003709781609956667
9,2019-01,22.7,0.46,13312668,5060540570,10621,0.0007978115280873,0.15356223110198497,36.0,0.5918519617715897,2019-01-01,2019,1,0.49999999999999994,0.8660254037844387,380.12970578099,16.40422669618902,22.34473914675307,agricultural,-0.00041785763440226986,0.0011866182661705782,,,,
9,2019-02,22.7,0.46,13463893,4608872865,9290,0.0006899935999194,0.1343948589015079,38.0,0.607944356266987,2019-02-01,2019,2,0.8660254037844386,0.5000000000000001,342.3135392564394,16.41552214197568,22.25124916644667,agricultural,-0.00042729737173085236,0.001117969990821625,0.0007978115280873,,,0.0007978115280873
9,2019-03,22.7,0.46,13809856,4817513607,10484,0.0007591679449807,0.15154770621793595,37.0,0.5898922969779945,2019-03-01,2019,3,1.0,6.123233995736766e-17,348.84604205865725,16.440893170516514,22.295523782950415,agricultural,-0.00031022704941299697,0.001049546028978753,0.0006899935999194,0.0007978115280873,,0.0007439025640033499
9,2019-04,22.21,-0.12,13981093,4893193339,10515,0.00075208712223,0.14920993659079443,38.0,0.5865499208739842,2019-04-01,2019,4,0.8660254037844387,-0.4999999999999998,349.98646665178467,16.4532165463577,22.3111109620636,agricultural,-0.00022454275494981,0.000981366646953039,0.0007591679449807,0.0006899935999194,0.0007978115280873,0.0007489910243291333
9,2019-05,22.21,-0.12,14136205,5135255320,11378,0.0008048836303661,0.15211918616064213,37.0,0.5923766895302124,2019-05-01,2019,5,0.49999999999999994,-0.8660254037844387,363.26972621011083,16.464249865597615,22.35939540080458,agricultural,-0.0001367787894488381,0.0009134472099140806,0.00075208712223,0.0007591679449807,0.0006899935999194,0.0007337495557100333
9,2019-06,22.21,-0.12,14582757,5180949465,11466,0.0007862710734328,0.1495143888086457,38.0,0.5903896578083067,2019-06-01,2019,6,1.2246467991473532e-16,-1.0,355.27914680331025,16.495350429892987,22.368254171015995,agricultural,-2.7111087183290757e-05,0.0008458025068422485,0.0008048836303661,0.00075208712223,0.0007591679449807,0.0007720462325256
9,2019-07,22.03,-0.04,14710488,5831988563,12723,0.0008648931293101,0.15452036669347746,38.0,0.5759974997404882,2019-07-01,2019,7,-0.4999999999999997,-0.8660254037844388,396.4510601551764,16.50407133471714,22.486623870745497,agricultural,9.788645997107103e-05,0.0007784394698291953,0.0007862710734328,0.0008048836303661,0.00075208712223,0.0007810806086763
9,2019-08,22.03,-0.04,14095907,5509626124,11562,0.0008202381017411,0.15371348576576166,38.0,0.580469430733646,2019-08-01,2019,8,-0.8660254037844385,-0.5000000000000004,390.86708815544824,16.461395100462564,22.429762603907058,agricultural,0.00015904089199066622,0.0007113741948275736,0.0008648931293101,0.0007862710734328,0.0008048836303661,0.0008186826110363333
9,2019-09,22.03,-0.04,14376746,5393091981,11440,0.0007957294369671,0.15953387505072428,38.0,0.582365875017863,2019-09-01,2019,9,-1.0,-1.8369701987210297e-16,375.1260529329794,16.481122667698244,22.408384708969145,agricultural,0.00014049256718973453,0.0006446327003892326,0.0008202381017411,0.0008648931293101,0.0007862710734328,0.0008238007681613332
9,2019-10,21.65,-0.09,15024695,5763176711,11899,0.0007919628318578,0.1624679236417112,39.0,0.5829094188994931,2019-10-01,2019,10,-0.8660254037844386,0.5000000000000001,383.5802797327999,16.525205805235764,22.474754672127087,agricultural,0.00020094227439627752,0.0005782637046564984,0.0007957294369671,0.0008202381017411,0.0008648931293101,0.0008269535560061001
9,2019-11,21.65,-0.09,13796581,5390382843,10598,0.0007681613292452,0.16619153687424443,37.0,0.5822538051588804,2019-11-01,2019,11,-0.5000000000000004,0.8660254037844384,390.70425078503143,16.439931438289968,22.407882247916337,agricultural,0.0002425531509015679,0.00051237270688935,0.0007919628318578,0.0007957294369671,0.0008202381017411,0.0008026434568553332
9,2019-12,21.65,-0.09,13956954,5608522977,10726,0.0007685057928828,0.17011541343476522,38.0,0.5808075082139592,2019-12-01,2019,12,-2.4492935982947064e-16,1.0,401.84434060612364,16.451488508297004,22.44755323803679,agricultural,0.00030438018053543115,0.0004476155636109585,0.0007681613292452,0.0007919628318578,0.0007957294369671,0.0007852845326900333
9,2020-01,21.98,0.08,15410597,8003558485,0,0.0,0.16008153350580773,41.0,0.5889782477693674,2020-01-01,2020,1,0.49999999999999994,0.8660254037844387,519.3542135324154,16.550566012513517,22.803152090477273,agricultural,-0.000248756983076445,0.0003923714817304408,0.0007685057928828,0.0007681613292452,0.0007919628318578,0.0007762099846619334
9,2022-01,26.03,0.03,28635523,17621467576,14072,0.0004914176004398,0.29336146575705985,46.0,0.5545028399658023,2022-01-01,2022,1,0.49999999999999994,0.8660254037844387,615.3709005419597,17.170158602926758,23.592383744394617,agricultural,2.370365668377665e-05,0.0005343563582345269,,,,
9,2022-02,26.03,0.03,26906237,14853647912,12521,0.0004653567869784,0.29842697810176877,48.0,0.5560834033788185,2022-02-01,2022,2,0.8660254037844386,0.5000000000000001,552.0522216466019,17.107868713599146,23.421511322734997,agricultural,-0.00023913669637411488,0.0005656288587521357,0.0004914176004398,,,0.0004914176004398
9,2022-03,26.03,0.03,29665149,16783604151,18384,0.0006197170963139,0.3127523815909369,50.0,0.5361269956540744,2022-03-01,2022,3,1.0,6.123233995736766e-17,565.7684089501793,17.205483514125945,23.543668303479517,agricultural,3.326409711785127e-05,0.0006053564991191444,0.0004653567869784,0.0004914176004398,,0.00047838719370909996
9,2022-04,28.03,0.35,29245827,16710589267,17955,0.0006139337417266,0.3167394103781028,50.0,0.5480914458173637,2022-04-01,2022,4,0.8660254037844387,-0.4999999999999998,571.3837145723388,17.191247488990527,23.53930844332452,agricultural,-4.0285445406315493e-07,0.0006726674028963724,0.0006197170963139,0.0004653567869784,0.0004914176004398,0.0005254971612440333
9,2022-05,28.03,0.35,27763160,15732058561,14998,0.0005402122813109,0.32687734393347156,50.0,0.5423574173398014,2022-05-01,2022,5,0.49999999999999994,-0.8660254037844387,566.6523033040908,17.139220555996392,23.47896641398553,agricultural,0.00012659629355079005,0.0007726874351120827,0.0006139337417266,0.0006197170963139,0.0004653567869784,0.0005663358750063
9,2022-06,28.03,0.35,29779560,16397393509,15637,0.0005250917071978,0.3294074862086612,50.0,0.5429984966618088,2022-06-01,2022,6,1.2246467991473532e-16,-1.0,550.6257818785771,17.209332843674275,23.520388226828413,agricultural,-0.0001710352546416292,0.0009002146068958056,0.0005402122813109,0.0006139337417266,0.0006197170963139,0.0005912877064504666
9,2022-07,27.69,-0.16,32736926,18833022496,19112,0.0005838055778358,0.33032499752725714,50.0,0.5323187462532294,2022-07-01,2022,7,-0.4999999999999997,-0.8660254037844388,575.2837788129527,17.304014264781237,23.658877681710425,agricultural,-0.00019869496424669726,0.0010551597030787345,0.0005250917071978,0.0005402122813109,0.0006139337417266,0.0005597459100784332
9,2022-08,27.69,-0.16,31767960,18882956189,17663,0.0005560004482503,0.33774025779433114,49.0,0.5334940592779341,2022-08-01,2022,8,-0.8660254037844385,-0.5000000000000004,594.4025423414031,17.273968824142006,23.661525563266903,agricultural,-0.00037197221951828607,0.0012171202507404908,0.0005838055778358,0.0005250917071978,0.0005402122813109,0.0005497031887815
9,2022-09,27.69,-0.16,30981791,18078282465,25371,0.0008189003663474,0.3398700546395139,49.0,0.5488247053620626,2022-09-01,2022,9,-1.0,-1.8369701987210297e-16,583.513150191995,17.248910235050285,23.617977191048446,agricultural,0.0003080773938795306,0.001366792748989489,0.0005560004482503,0.0005838055778358,0.0005250917071978,0.0005549659110946334
9,2022-10,28.36,0.08,31725529,18998412049,31229,0.0009843492286606,0.3471039994321293,49.0,0.551326530365952,2022-10-01,2022,10,-0.8660254037844386,0.5000000000000001,598.8367301613789,17.27263227749295,23.667621236304367,agricultural,0.00023223322757759965,0.0015049010676771552,0.0008189003663474,0.0005560004482503,0.0005838055778358,0.0006529021308111666
9,2022-11,28.36,0.08,30377674,17905466005,30608,0.0010075820814984,0.35216577148072625,49.0,0.5464722958585868,2022-11-01,2022,11,-0.5000000000000004,0.8660254037844384,589.428473193833,17.22921852159104,23.608371866642873,agricultural,0.0005538489922646629,0.0016382525049800877,0.0009843492286606,0.0008189003663474,0.0005560004482503,0.0007864166810861
9,2022-12,28.36,0.08,30517671,18166272989,34867,0.0011425183789418,0.35903228001900933,49.0,0.5488265158262281,2022-12-01,2022,12,-2.4492935982947064e-16,1.0,595.2706216998014,17.233816483620636,23.622832579437468,agricultural,0.00045283643825746696,0.0017757649239730298,0.0010075820814984,0.0009843492286606,0.0008189003663474,0.0009369438921687999
9,2023-01,29.0,0.07,16301911,8286351227,32078,0.0019677447631753,0.36609094479782156,48.0,0.5507498978099294,2023-01-01,2023,1,0.49999999999999994,0.8660254037844387,508.3055125868372,16.60679295951131,22.83787556782782,agricultural,-9.591215052553613e-05,0.0019256527393444465,0.0011425183789418,0.0010075820814984,0.0009843492286606,0.0010448165630336
9,2023-02,29.0,0.07,13906470,6711102288,28406,0.0020426463365613,0.38169557047906477,48.0,0.5316496447932871,2023-02-01,2023,2,0.8660254037844386,0.5000000000000001,482.5884849282384,16.44786482933934,22.627029049997116,agricultural,-0.0006477688154588402,0.002090071104226694,0.0019677447631753,0.0011425183789418,0.0010075820814984,0.0013726150745385
9,2023-03,29.0,0.07,15388451,7331949237,41092,0.0026703142506026,0.3919174191086549,47.0,0.5332372873356863,2023-03-01,2023,3,1.0,6.123233995736766e-17,476.4579123005948,16.54912791596075,22.715507243550203,agricultural,-5.271877769204511e-05,0.002260372097411612,0.0020426463365613,0.0019677447631753,0.0011425183789418,0.0017176364928928
9,2023-04,29.23,-0.02,15856943,7443313857,37876,0.0023886066816283,0.3940863633047051,47.0,0.5421772965291832,2023-04-01,2023,4,0.8660254037844387,-0.4999999999999998,469.40408734520895,16.57911806960212,22.730581997646873,agricultural,-0.00010525117188355281,0.002418688682157569,0.0026703142506026,0.0020426463365613,0.0019677447631753,0.0022269017834463996
9,2023-05,29.23,-0.02,16064793,7592105305,44197,0.0027511714592276,0.4010668547051929,49.0,0.5362324170787541,2023-05-01,2023,5,0.49999999999999994,-0.8660254037844387,472.59278753233855,16.59214072754294,22.75037476881116,agricultural,0.0001521636395306518,0.0025458791580814004,0.0023886066816283,0.0026703142506026,0.0020426463365613,0.0023671890895974
9,2023-06,29.23,-0.02,16193272,7683801792,38748,0.0023928456213172,0.4072801963679731,48.0,0.5345908571097843,2023-06-01,2023,6,1.2246467991473532e-16,-1.0,474.5058189598742,16.600106467050157,22.762380286751682,agricultural,-0.00035444552305045424,0.002655106333610306,0.0027511714592276,0.0023886066816283,0.0026703142506026,0.002603364130486167
9,2023-07,29.79,0.13,16525631,7958622155,31086,0.0018810779449208,0.40738523085744804,48.0,0.537896831654619,2023-07-01,2023,7,-0.4999999999999997,-0.8660254037844388,481.5926335883937,16.620423188053906,22.797521725839964,agricultural,-0.00034786167000044546,0.0027643778086724907,0.0023928456213172,0.0027511714592276,0.0023886066816283,0.0025108745873910336
9,2023-08,29.79,0.13,16188866,8359256851,33963,0.0020979233505299,0.41347621260192036,49.0,0.5345446878164577,2023-08-01,2023,8,-0.8660254037844385,-0.5000000000000004,516.358394158059,16.599834341734958,22.84663536679034,agricultural,-0.0005999007632220989,0.002877093629892884,0.0018810779449208,0.0023928456213172,0.0027511714592276,0.002341698341821867
9,2023-09,29.79,0.13,15414872,7611296460,43031,0.0027915249636844,0.41601149850611796,47.0,0.5520447213075641,2023-09-01,2023,9,-1.0,-1.8369701987210297e-16,493.7631956982841,16.550843380539938,22.752899357122,agricultural,0.0005091751832050279,0.002992377152643682,0.0020979233505299,0.0018810779449208,0.0023928456213172,0.0021239489722559668
9,2023-10,30.84,0.26,16360280,8262060554,46705,0.0028547799915404,0.4223906925798336,49.0,0.5509372920960363,2023-10-01,2023,10,-0.8660254037844386,0.5000000000000001,505.00728312718365,16.610367065030488,22.834939855233266,agricultural,0.0003771982979550618,0.0031096528494007,0.0027915249636844,0.0020979233505299,0.0018810779449208,0.0022568420863783665
9,2023-11,30.84,0.26,15486928,7758563499,50225,0.0032430576289887,0.4254506122841147,50.0,0.5499572357335818,2023-11-01,2023,11,-0.5000000000000004,0.8660254037844384,500.9749834828444,16.555506935797585,22.77206303802608,agricultural,0.0009703748458328949,0.003228316381386628,0.0028547799915404,0.0027915249636844,0.0020979233505299,0.0025814094352515668
9,2023-12,30.84,0.26,15860443,7747552991,49432,0.003116684697899,0.43129482574982303,50.0,0.55035919665951,2023-12-01,2023,12,-2.4492935982947064e-16,1.0,488.4827612318269,16.57933876873499,22.77064288748662,agricultural,0.0007973125185128645,0.003347259397658588,0.0032430576289887,0.0028547799915404,0.0027915249636844,0.0029631208614045
9,2024-01,32.76,0.44,15319272,7744192953,46307,0.0030227937724455,0.4343787354908249,49.0,0.5440088279455065,2024-01-01,2024,1,0.49999999999999994,0.8660254037844387,505.51964564634665,16.544622266842634,22.770209103190854,agricultural,-0.0002011789340670316,0.0034642195429038266,0.003116684697899,0.0032430576289887,0.0028547799915404,0.003071507439476033
9,2024-02,32.76,0.44,15731093,7322060061,39026,0.0024808193556544,0.43976556492292046,50.0,0.555393323647997,2024-02-01,2024,2,0.8660254037844386,0.5000000000000001,465.4514508940987,16.57114982124925,22.714157554560824,agricultural,-0.0010290246358087974,0.003602958527121091,0.0030227937724455,0.003116684697899,0.0032430576289887,0.0031275120331110667
9,2024-03,32.76,0.44,15993729,7225632722,57538,0.0035975350088775,0.4523468541951661,50.0,0.5424547689949598,2024-03-01,2024,3,1.0,6.123233995736766e-17,451.77911430161157,16.58770732840098,22.700900641228166,agricultural,-0.00011485682565228446,0.0037459785042090908,0.0024808193556544,0.0030227937724455,0.003116684697899,0.0028734326086663
9,2024-04,33.18,0.03,16423525,7437439051,59294,0.0036103089927405,0.458506136776362,52.0,0.5447909600629893,2024-04-01,2024,4,0.8660254037844387,-0.4999999999999998,452.85278592750336,16.614225377059864,22.729792413095506,agricultural,-0.00019465993210337216,0.0038924880389961986,0.0035975350088775,0.0024808193556544,0.0030227937724455,0.0030337160456591337
9,2024-05,33.18,0.03,16873378,7615853400,70756,0.0041933512068537,0.4629700111026968,51.0,0.5426934705390561,2024-05-01,2024,5,0.49999999999999994,-0.8660254037844387,451.3532145134187,16.64124773084962,22.753497885431937,agricultural,0.00019941971642143888,0.0040417632755177365,0.0036103089927405,0.0035975350088775,0.0024808193556544,0.0032295544524241337
9,2024-06,33.18,0.03,16881308,7515007444,61107,0.0036198024465876,0.466824490140219,52.0,0.5418057687372662,2024-06-01,2024,6,1.2246467991473532e-16,-1.0,445.16736759971445,16.641717591518805,22.740167850836155,agricultural,-0.0005192867389630953,0.004193345526331113,0.0041933512068537,0.0036103089927405,0.0035975350088775,0.0038003984028238996
9,2024-07,33.71,0.11,17127078,8062783911,66482,0.0038816895678293,0.4694150397399953,52.0,0.5419112114212575,2024-07-01,2024,7,-0.4999999999999997,-0.8660254037844388,470.76237470279517,16.656171336203855,22.81052473233978,agricultural,-0.0004861943180534637,0.004346916842094168,0.0036198024465876,0.0041933512068537,0.0036103089927405,0.0038078208820606
9,2024-08,33.71,0.11,16971004,8067662826,64313,0.0037895813353175,0.47265147070850966,55.0,0.5424545150523362,2024-08-01,2024,8,-0.8660254037844385,-0.5000000000000004,475.3792307161085,16.647016857613593,22.811129664766977,agricultural,-0.0008194728901934225,0.004502227720069171,0.0038816895678293,0.0036198024465876,0.0041933512068537,0.0038982810737568665
9,2024-09,33.71,0.11,16564671,7662353434,89242,0.0053874900382869,0.47735919415483713,52.0,0.553940612885317,2024-09-01,2024,9,-1.0,-1.8369701987210297e-16,462.5720265739054,16.622782792735308,22.759585010456476,agricultural,0.0007207148031426659,0.004659041532232591,0.0037895813353175,0.0038816895678293,0.0036198024465876,0.0037636911165781334
9,2024-10,33.68,-0.02,16295177,7841028999,87281,0.0053562474344402,0.4830060452856695,51.0,0.5657345675858546,2024-10-01,2024,10,-0.8660254037844386,0.5000000000000001,481.18710211002923,16.60637979379033,22.7826359126962,agricultural,0.000531310108411695,0.0048171136364580334,0.0053874900382869,0.0037895813353175,0.0038816895678293,0.004352920313811233
9,2024-11,33.68,-0.02,15931809,7467711686,101757,0.0063870336381763,0.48275553642401814,50.0,0.5573578704381508,2024-11-01,2024,11,-0.5000000000000004,0.8660254037844384,468.72967696260986,16.583828297528402,22.733854455426435,agricultural,0.0013945419471927606,0.004976223952370933,0.0053562474344402,0.0053874900382869,0.0037895813353175,0.004844439602681533
9,2024-12,33.68,-0.02,16168377,7800088602,101870,0.0063005705520102,0.4885432223654854,49.0,0.5539422576637002,2024-12-01,2024,12,-2.4492935982947064e-16,1.0,482.4286693710816,16.59856791730739,22.777400929936416,agricultural,0.0011489516032677084,0.005136181544078834,0.0063870336381763,0.0053562474344402,0.0053874900382869,0.0057102570369678
10,2019-01,34.22,0.62,18364081,8118559564,25315,0.0013785062263665,0.16611236903169835,53.0,0.5775968932093672,2019-01-01,2019,1,0.49999999999999994,0.8660254037844387,442.08907399177775,16.725907249599395,22.817418581911006,agricultural,-0.00041309303477533453,0.0017703036890158372,,,,
10,2019-02,34.22,0.62,17655030,6734634224,19895,0.001126874324201,0.15632485472978522,54.0,0.5906682736877925,2019-02-01,2019,2,0.8660254037844386,0.5000000000000001,381.45696858062547,16.686531343219606,22.630529335757082,agricultural,-0.0005409510367050323,0.0016667835813375662,0.0013785062263665,,,0.0013785062263665
10,2019-03,34.22,0.62,18603058,7510139361,27130,0.0014583623832167,0.1745111475758448,53.0,0.5700031444376732,2019-03-01,2019,3,1.0,6.123233995736766e-17,403.70456088455995,16.73883658752657,22.739519859407803,agricultural,-0.000147325256574899,0.0015636919785941147,0.001126874324201,0.0013785062263665,,0.00125269027528375
10,2019-04,36.68,0.6,18980222,7599982006,24913,0.0013125768497333,0.17164377740154987,54.0,0.5762222164446597,2019-04-01,2019,4,0.8660254037844387,-0.4999999999999998,400.41586478809364,16.758908100286728,22.751411716735895,agricultural,-0.0001703290894605983,0.0014611011067988244,0.0014583623832167,0.001126874324201,0.0013785062263665,0.0013212476445947335
10,2019-05,36.68,0.6,19439096,7767997369,29851,0.0015356166768248,0.17069909012229786,54.0,0.5824678152343955,2019-05-01,2019,5,0.49999999999999994,-0.8660254037844387,399.606924570978,16.78279690530042,22.77327822936689,agricultural,0.00012739371704061805,0.0013590727773501227,0.0013125768497333,0.0014583623832167,0.001126874324201,0.001299271185717
10,2019-06,36.68,0.6,19807728,7900380394,21802,0.0011006815117816,0.1712750195277318,54.0,0.5801264417400215,2019-06-01,2019,6,1.2246467991473532e-16,-1.0,398.85343710293273,16.801582773031996,22.790176746525976,agricultural,-0.00013277627049327828,0.0012576576220075329,0.0015356166768248,0.0013125768497333,0.0014583623832167,0.0014355186365916
10,2019-07,31.97,-1.15,20735953,8666603766,21386,0.0010313487882616,0.1728921260575774,54.0,0.5794882463847785,2019-07-01,2019,7,-0.4999999999999997,-0.8660254037844388,417.95058881547425,16.84737965976748,22.8827428286196,agricultural,-4.953978149689763e-05,0.001156887715144073,0.0011006815117816,0.0015356166768248,0.0013125768497333,0.0013162916794465667
10,2019-08,31.97,-1.15,20069691,8265425578,21195,0.0010560700710339,0.17394184095808948,54.0,0.5801532816786784,2019-08-01,2019,8,-0.8660254037844385,-0.5000000000000004,411.8362150169626,16.814721374366773,22.835347058605784,agricultural,6.112826038501204e-05,0.0010568016355754209,0.0010313487882616,0.0011006815117816,0.0015356166768248,0.0012225489922893333
10,2019-09,31.97,-1.15,19762824,8210851847,20767,0.001050811361777,0.17903144813716906,54.0,0.5822760771170471,2019-09-01,2019,9,-1.0,-1.8369701987210297e-16,415.4695628013486,16.799313205652435,22.828722512397388,agricultural,0.00010631603087697738,0.0009574744197678126,0.0010560700710339,0.0010313487882616,0.0011006815117816,0.0010627001236923667
10,2019-10,32.53,0.14,20101062,8420443123,21213,0.0010553173757685,0.18605967187206326,55.0,0.5829243678035648,2019-10-01,2019,10,-0.8660254037844386,0.5000000000000001,418.90538534730155,16.81628325720305,22.85392829136931,agricultural,0.00018897764959281734,0.0008590237704981517,0.001050811361777,0.0010560700710339,0.0010313487882616,0.0010460767403575
10,2019-11,32.53,0.14,18745746,8179234655,20052,0.0010696826896086,0.18813292359770584,54.0,0.5805016281048135,2019-11-01,2019,11,-0.5000000000000004,0.8660254037844384,436.32484164673946,16.74647745798497,22.824864420347605,agricultural,0.000285780982812775,0.0007616524193518852,0.0010553173757685,0.001050811361777,0.0010560700710339,0.0010540662695264667
10,2019-12,32.53,0.14,18730416,8635169979,19256,0.0010280604552509,0.19478003051293682,56.0,0.5705641053125078,2019-12-01,2019,12,-2.4492935982947064e-16,1.0,461.02392915352226,16.745659337920436,22.8791092333542,agricultural,0.0003242413507547841,0.0006664154752995245,0.0010696826896086,0.0010553173757685,0.001050811361777,0.0010586038090513667
10,2020-01,34.44,0.47,20698002,12360044240,0,0.0,0.17858670609849203,54.0,0.5835546066321907,2020-01-01,2020,1,0.49999999999999994,0.8660254037844387,597.1612255134578,16.845547780151787,23.23773486833848,agricultural,-0.00023653552349678592,0.0005923906288037019,0.0010280604552509,0.0010696826896086,0.0010553173757685,0.0010510201735426667
10,2022-01,36.34,0.03,38127242,28146922625,32220,0.0008450650587314,0.31049654732435145,59.0,0.5375450853918705,2022-01-01,2022,1,0.49999999999999994,0.8660254037844387,738.2365245563789,17.456439623948153,24.060703864987797,agricultural,7.451679882126356e-05,0.0008581223328071597,,,,
10,2022-02,36.34,0.03,33755190,22647752530,27095,0.0008026913787183,0.3155228573739327,58.0,0.5311240108105387,2022-02-01,2022,2,0.8660254037844386,0.5000000000000001,670.9413435385788,17.334644770863076,23.843326457947814,agricultural,-0.0002509666934390387,0.0009027899078284221,0.0008450650587314,,,0.0008450650587314
10,2022-03,36.34,0.03,38999724,27468679895,38477,0.0009865967256588,0.33156378234881867,60.0,0.5127045944029287,2022-03-01,2022,3,1.0,6.123233995736766e-17,704.3301100028298,17.47906515278701,24.036312279692087,agricultural,0.00012132506047147237,0.0009518639823613758,0.0008026913787183,0.0008450650587314,,0.00082387821872485
10,2022-04,36.57,-0.14,38378120,26943769280,34539,0.0008999659180804,0.33135914422071744,60.0,0.5342897039359102,2022-04-01,2022,4,0.8660254037844387,-0.4999999999999998,702.0606866620876,17.46299808955484,24.017017912061412,agricultural,2.390362245264694e-05,0.001010218512807156,0.0009865967256588,0.0008026913787183,0.0008450650587314,0.0008781177210361665
10,2022-05,36.57,-0.14,36864941,25145382798,38279,0.0010383578262067,0.3422037485425516,58.0,0.5323664377244406,2022-05-01,2022,5,0.49999999999999994,-0.8660254037844387,682.0947522471282,17.422771576096636,23.947940130117217,agricultural,8.776416439039317e-05,0.0010819352702770852,0.0008999659180804,0.0009865967256588,0.0008026913787183,0.0008964180074858334
10,2022-06,36.57,-0.14,39049068,26544013770,39586,0.0010137501873284,0.3403865874596546,60.0,0.5375236665949399,2022-06-01,2022,6,1.2246467991473532e-16,-1.0,679.7604944118001,17.48032959273657,24.002070089193342,agricultural,-1.0979871813209587e-05,0.001169219455787705,0.0010383578262067,0.0008999659180804,0.0009865967256588,0.0009749734899819666
10,2022-07,36.88,-0.03,43176791,28441323427,47733,0.0011055244934715,0.33779275073962767,61.0,0.5439874012832093,2022-07-01,2022,7,-0.4999999999999997,-0.8660254037844388,658.7178613389773,17.580813686636557,24.071108974835344,agricultural,-0.0002219219924455035,0.0012733885452415842,0.0010137501873284,0.0010383578262067,0.0008999659180804,0.0009840246438718332
10,2022-08,36.88,-0.03,42180693,28614615720,45924,0.0010887445590332,0.3465563498447026,62.0,0.5403500700441736,2022-08-01,2022,8,-0.8660254037844385,-0.5000000000000004,678.3818302842961,17.55747318617495,24.077183463431965,agricultural,-0.00023939743397128585,0.0014023661793204996,0.0011055244934715,0.0010137501873284,0.0010383578262067,0.0010525441690022
10,2022-09,36.88,-0.03,41014977,28442858192,56298,0.0013726205429787,0.35007475440008173,61.0,0.5462453988861065,2022-09-01,2022,9,-1.0,-1.8369701987210297e-16,693.4749272686414,17.529447875029717,24.07116293588239,agricultural,8.402258708775556e-05,0.0015794215541396679,0.0010887445590332,0.0011055244934715,0.0010137501873284,0.0010693397466110333
10,2022-10,38.46,0.27,42164360,29159340795,55085,0.0013064351030111,0.3589067876282244,62.0,0.5411760276165299,2022-10-01,2022,10,-0.8660254037844386,0.5000000000000001,691.5636996506054,17.557085896126846,24.09604113738415,agricultural,3.6455122364947956e-05,0.001784376205672674,0.0013726205429787,0.0010887445590332,0.0011055244934715,0.0011889631984944667
10,2022-11,38.46,0.27,40335096,27713676390,53946,0.001337445682539,0.3674474457678246,62.0,0.5375341240318262,2022-11-01,2022,11,-0.5000000000000004,0.8660254037844384,687.0859161956624,17.512732541209623,24.04519186082098,agricultural,0.00033774958572678227,0.001966936124075724,0.0013064351030111,0.0013726205429787,0.0010887445590332,0.0012559334016743332
10,2022-12,38.46,0.27,40415911,28089181399,58800,0.001454872562442,0.37296670115885794,61.0,0.5343779048599178,2022-12-01,2022,12,-2.4492935982947064e-16,1.0,695.003049640524,17.51473412677448,24.058650335594493,agricultural,0.00016482772445563403,0.0021235950030186416,0.001337445682539,0.0013064351030111,0.0013726205429787,0.0013388337761762667
10,2023-01,38.48,-0.1,20677701,12061880781,55437,0.0026810040439215,0.37495275707874876,62.0,0.5477305689805018,2023-01-01,2023,1,0.49999999999999994,0.8660254037844387,583.3279425502864,16.844566479573146,23.213315968159158,agricultural,6.789790585756212e-05,0.002271118778377216,0.001454872562442,0.001337445682539,0.0013064351030111,0.0013662511159973668
10,2023-02,38.48,-0.1,18183768,10905772942,51708,0.0028436350485773,0.3962890969572423,61.0,0.5211801173635321,2023-02-01,2023,2,0.8660254037844386,0.5000000000000001,599.7531942774457,16.716039940958243,23.112558113776373,agricultural,-0.000573044187317928,0.002420951392093273,0.0026810040439215,0.001454872562442,0.001337445682539,0.0018244407629674998
10,2023-03,38.48,-0.1,20443933,12745033935,73701,0.003605030401929,0.4056648493222904,62.0,0.524523153408959,2023-03-01,2023,3,1.0,6.123233995736766e-17,623.4139945087866,16.833196770534045,23.268407537462195,agricultural,0.00024417192028010354,0.002577694718939318,0.0028436350485773,0.0026810040439215,0.001454872562442,0.0023265038849802668
10,2023-04,39.43,0.12,20414184,11663066104,71604,0.003507561213321,0.402528800563373,61.0,0.5344600357702751,2023-04-01,2023,4,0.8660254037844387,-0.4999999999999998,571.3216900562863,16.831740560312667,23.179692942563467,agricultural,0.00010259525876049318,0.0027494501852096437,0.003605030401929,0.0028436350485773,0.0026810040439215,0.0030432231648092668
10,2023-05,39.43,0.12,21245259,12532561391,78904,0.0037139580176452,0.4079530873217408,61.0,0.5319642445791323,2023-05-01,2023,5,0.49999999999999994,-0.8660254037844387,589.8992048531863,16.871644369629852,23.251596005713512,agricultural,0.00020414382559067398,0.0029424663772633763,0.003507561213321,0.003605030401929,0.0028436350485773,0.0033187422212757668
10,2023-06,39.43,0.12,21291292,12262652254,69818,0.0032791809909891,0.4139652022996068,61.0,0.5298567812700381,2023-06-01,2023,6,1.2246467991473532e-16,-1.0,575.9468356359022,16.87380876776388,23.2298240780707,agricultural,-6.931755062641561e-05,0.0031213823187631272,0.0037139580176452,0.003507561213321,0.003605030401929,0.0036088498776317333
10,2023-07,39.46,0.01,22396080,12868995218,62006,0.0027686095066636,0.41620033505863524,62.0,0.5340453584017267,2023-07-01,2023,7,-0.4999999999999997,-0.8660254037844388,574.6092717118353,16.924396546161653,23.278086783944932,agricultural,-0.0004921063504080519,0.0032409014646386596,0.0032791809909891,0.0037139580176452,0.003507561213321,0.003500233407318433
10,2023-08,39.46,0.01,22390318,13301665848,66868,0.0029864694195053,0.42313074785271027,61.0,0.5307601343869883,2023-08-01,2023,8,-0.8660254037844385,-0.5000000000000004,594.0811491824279,16.924139235905333,23.31115511613528,agricultural,-0.0005164941466135566,0.0033372753152046794,0.0027686095066636,0.0032791809909891,0.0037139580176452,0.0032539161717659664
10,2023-09,39.46,0.01,21287594,12519868875,73477,0.0034516347878487,0.42533890866201224,62.0,0.5322514893903703,2023-09-01,2023,9,-1.0,-1.8369701987210297e-16,588.1298222335507,16.873635066655982,23.25058272940058,agricultural,0.00025266777449206714,0.0034421127455346572,0.0029864694195053,0.0027686095066636,0.0032791809909891,0.003011419972386
10,2023-10,39.53,0.03,21778543,12969523247,74880,0.003438246534674,0.4332913822563796,62.0,0.5295037584300017,2023-10-01,2023,10,-0.8660254037844386,0.5000000000000001,595.5184075904435,16.896435822913112,23.285868076542116,agricultural,8.172834788256062e-05,0.0035572258016474483,0.0034516347878487,0.0029864694195053,0.0027686095066636,0.0030689045713392002
10,2023-11,39.53,0.03,20665779,13693246187,79948,0.0038686177762764,0.4380913005989273,61.0,0.5301006947384496,2023-11-01,2023,11,-0.5000000000000004,0.8660254037844384,662.6048883518981,16.843989750195078,23.340168569248302,agricultural,0.0006165548153901599,0.0036803544081084917,0.003438246534674,0.0034516347878487,0.0029864694195053,0.0032921169140093334
10,2023-12,39.53,0.03,21013074,12867422215,80579,0.0038347078585455,0.44435369142087444,63.0,0.5250899222775891,2023-12-01,2023,12,-2.4492935982947064e-16,1.0,612.3531576103525,16.860655420988493,23.277964544475825,agricultural,0.0003322467047707097,0.0038105802713944543,0.0038686177762764,0.003438246534674,0.0034516347878487,0.0035861663662663666
10,2024-01,39.96,0.09,20797654,12694151125,80454,0.003868417082042,0.4506359707686261,65.0,0.5217047597937098,2024-01-01,2024,1,0.49999999999999994,0.8660254037844387,610.3645692442042,16.850350797931256,23.264407183069416,agricultural,5.819678093015621e-05,0.003947354071269943,0.0038347078585455,0.0038686177762764,0.003438246534674,0.0037138573898319667
10,2024-02,39.96,0.09,20609489,11691789261,63855,0.003098330094453,0.4535843173986507,64.0,0.526441908786948,2024-02-01,2024,2,0.8660254037844386,0.5000000000000001,567.3012688960896,16.841262207291187,23.182152659913918,agricultural,-0.0009023886565384025,0.0041052686184007555,0.003868417082042,0.0038347078585455,0.0038686177762764,0.0038572475722879664
10,2024-03,39.96,0.09,21525124,12517406266,99393,0.0046175343751794,0.46458255014001315,66.0,0.5109815530060158,2024-03-01,2024,3,1.0,6.123233995736766e-17,581.5253963693775,16.884731415462134,23.250386013983757,agricultural,0.00036411158218652487,0.004269352701171605,0.003098330094453,0.003868417082042,0.0038347078585455,0.0036004850116801664
10,2024-04,40.93,0.14,21625705,12417544349,99729,0.004611595321401,0.4681109818153905,62.0,0.5180543972210321,2024-04-01,2024,4,0.8660254037844387,-0.4999999999999998,574.2029843188927,16.889393257648145,23.24237617651178,agricultural,0.00017826206988331183,0.004436369703433986,0.0046175343751794,0.003098330094453,0.003868417082042,0.0038614271838914665
10,2024-05,40.93,0.14,22319216,12774609247,109941,0.0049258450655255,0.4715116785464149,65.0,0.5223958645307865,2024-05-01,2024,5,0.49999999999999994,-0.8660254037844387,572.3592283438629,16.920958614216882,23.270725385327676,agricultural,0.0003197681307382332,0.0046054101872355455,0.004611595321401,0.0046175343751794,0.003098330094453,0.0041091532636778
10,2024-06,40.93,0.14,22429367,12623894849,101522,0.0045262980448801,0.476697492176217,65.0,0.5229908414571093,2024-06-01,2024,6,1.2246467991473532e-16,-1.0,562.8288506314066,16.92588172955016,23.258857271642615,agricultural,-0.0001224745456610194,0.0047760770015367925,0.0049258450655255,0.004611595321401,0.0046175343751794,0.004718324920701966
10,2024-07,41.39,0.1,23141841,13412964637,94264,0.004073314651155,0.4823093806581767,63.0,0.5318950013401844,2024-07-01,2024,7,-0.4999999999999997,-0.8660254037844388,579.5979946884952,16.957152878981752,23.319487586465364,agricultural,-0.0007781067614616438,0.004948138422669392,0.0045262980448801,0.0049258450655255,0.004611595321401,0.0046879128106022
10,2024-08,41.39,0.1,23540535,13463483253,98524,0.0041852914557804,0.48452904744943137,64.0,0.5303247403653707,2024-08-01,2024,8,-0.8660254037844385,-0.5000000000000004,571.927666597212,16.97423442929079,23.323246913270705,agricultural,-0.0007957800901451984,0.005121491201271688,0.004073314651155,0.0045262980448801,0.0049258450655255,0.0045084859205202004
10,2024-09,41.39,0.1,22510157,12899216466,132049,0.0058661963130688,0.48691468477985295,64.0,0.5256361314480903,2024-09-01,2024,9,-1.0,-1.8369701987210297e-16,573.0398266880146,16.929477231960902,23.280432407477104,agricultural,0.000427130999949331,0.005296115390015327,0.0041852914557804,0.004073314651155,0.0045262980448801,0.004261634717271833
10,2024-10,40.94,-0.12,22744559,13165397624,129118,0.0056768741921969,0.49535398773834216,63.0,0.5258439319132171,2024-10-01,2024,10,-0.8660254037844386,0.5000000000000001,578.8372341710384,16.939836553888156,23.300857832628854,agricultural,0.00012547046414377466,0.005472033464869674,0.0058661963130688,0.0041852914557804,0.004073314651155,0.004708267473334734
10,2024-11,40.94,-0.12,21901921,13035644315,144183,0.0065831211791878,0.4949443475757218,64.0,0.5202903490478251,2024-11-01,2024,11,-0.5000000000000004,0.8660254037844384,595.182692650567,16.9020849534929,23.290953312799566,agricultural,0.0008893875104911508,0.005649208240357341,0.0056768741921969,0.0058661963130688,0.0041852914557804,0.0052427873203487
10,2024-12,40.94,-0.12,21959206,13407674022,140845,0.0064139386460512,0.49775952737088947,64.0,0.5147484044150775,2024-12-01,2024,12,-2.4492935982947064e-16,1.0,610.5718950858242,16.90469706284247,23.319093068263506,agricultural,0.0004954389096561184,0.00582755076512606,0.0065831211791878,0.0056768741921969,0.0058661963130688,0.006042063894817834
11,2019-01,49.36,0.18,96121817,35729240019,819866,0.0085294475862852,0.16412738015553743,70.0,0.5642446437198082,2019-01-01,2019,1,0.49999999999999994,0.8660254037844387,371.7079132929832,18.381126882511357,24.299235238674353,metropolitan,-0.002625793949849048,0.011119159680893742,,,,
11,2019-02,49.36,0.18,84648723,29186226547,683504,0.0080745931630888,0.1561301521347227,70.0,0.5716443215437016,2019-02-01,2019,2,0.8660254037844386,0.5000000000000001,344.7922840726138,18.254020592596376,24.0969627413766,metropolitan,-0.002523987840798298,0.010578207774036015,0.0085294475862852,,,0.0085294475862852
11,2019-03,49.36,0.18,95951895,33123531963,743162,0.0077451518805334,0.16976779874957135,71.0,0.5688689437810629,2019-03-01,2019,3,1.0,6.123233995736766e-17,345.2097737413107,18.37935754051457,24.2235098022028,metropolitan,-0.0022796233766050095,0.01003739660622671,0.0080745931630888,0.0085294475862852,,0.008302020374687
11,2019-04,48.59,-0.18,96866801,33267697258,740546,0.0076449928391874,0.17116455616202295,71.0,0.57962941044853,2019-04-01,2019,4,0.8660254037844387,-0.4999999999999998,343.4375546065571,18.3888474175408,24.227852710845315,metropolitan,-0.0018435866985089268,0.009496681800145144,0.0077451518805334,0.0080745931630888,0.0085294475862852,0.008116397543302466
11,2019-05,48.59,-0.18,102143365,35117376000,786650,0.0077014302397419,0.17369800769731839,71.0,0.581765914589377,2019-05-01,2019,5,0.49999999999999994,-0.8660254037844387,343.80476891475035,18.44188793340874,24.28196188768852,metropolitan,-0.0011863818781842283,0.008956027509717315,0.0076449928391874,0.0077451518805334,0.0080745931630888,0.007821579294269868
11,2019-06,48.59,-0.18,102272488,35327993349,758252,0.0074140369011067,0.1740951975276088,71.0,0.5844380083434155,2019-06-01,2019,6,1.2246467991473532e-16,-1.0,345.43007645418777,18.443151270023932,24.287941499365065,metropolitan,-0.0010031644777630695,0.008415426629804247,0.0077014302397419,0.0076449928391874,0.0077451518805334,0.007697191653154234
11,2019-07,47.8,-0.19,108502486,38293745541,807031,0.0074379033121877,0.1810464416455859,71.0,0.5791499814025907,2019-07-01,2019,7,-0.4999999999999997,-0.8660254037844388,352.92966044114416,18.502283652341077,24.368552418022368,metropolitan,-0.00043839468525559553,0.007874945484800683,0.0074140369011067,0.0077014302397419,0.0076449928391874,0.007586819993345334
11,2019-08,47.8,-0.19,107231264,37454590292,825400,0.0076973819874024,0.1817582696777686,71.0,0.580749120706033,2019-08-01,2019,8,-0.8660254037844385,-0.5000000000000004,349.28796784490015,18.49049841519846,24.346395110640053,metropolitan,0.00036173995458715246,0.007334753406328625,0.0074379033121877,0.0074140369011067,0.0077014302397419,0.007517790151012099
11,2019-09,47.8,-0.19,99467689,38123168120,758483,0.0076254209545373,0.19079309261925248,71.0,0.5776078118577174,2019-09-01,2019,9,-1.0,-1.8369701987210297e-16,383.2718795748839,18.4153434257766,24.364088021434338,metropolitan,0.0008297588710841001,0.00679521150432779,0.0076973819874024,0.0074379033121877,0.0074140369011067,0.007516440733565601
11,2019-10,48.01,0.06,103767527,41274460128,848547,0.0081773848190484,0.19884357463775734,71.0,0.5763381774800825,2019-10-01,2019,10,-0.8660254037844386,0.5000000000000001,397.75892633540354,18.457663647383868,24.443509746812428,metropolitan,0.001920201757767666,0.006257065191162967,0.0076254209545373,0.0076973819874024,0.0074379033121877,0.0075869020847091325
11,2019-11,48.01,0.06,97589896,39234909419,811901,0.0083195190616864,0.20106893033270576,71.0,0.5718628592614987,2019-11-01,2019,11,-0.5000000000000004,0.8660254037844384,402.0386436214667,18.39628453168108,24.392832733870193,metropolitan,0.0025977770613767283,0.005721664705439973,0.0081773848190484,0.0076254209545373,0.0076973819874024,0.007833395920329366
11,2019-12,48.01,0.06,99459599,40732023276,861802,0.0086648449085341,0.20753589605765452,72.0,0.5613293749590663,2019-12-01,2019,12,-2.4492935982947064e-16,1.0,409.53335510632814,18.415262089525505,24.430280432722817,metropolitan,0.003475516115864444,0.005188706984384506,0.0083195190616864,0.0081773848190484,0.0076254209545373,0.008040774945090699
11,2020-01,47.94,-0.01,102546177,56746856908,0,0.0,0.19606474456868345,71.0,0.5605345970388369,2020-01-01,2020,1,0.49999999999999994,0.8660254037844387,553.3785711777437,18.44582377216356,24.761866106910688,metropolitan,-0.00158665933237526,0.0046530573688297995,0.0086648449085341,0.0083195190616864,0.0081773848190484,0.008387249596422966
11,2022-01,51.45,0.33,209084028,142847704112,1015356,0.0048562102505505,0.4189651110031226,75.0,0.4420087339477975,2022-01-01,2022,1,0.49999999999999994,0.8660254037844387,683.2071558904538,19.15824678175916,25.685044893481436,metropolitan,0.0005688122796920919,0.00441979533315581,,,,
11,2022-02,51.45,0.33,180117293,110364927705,873800,0.0048512832135446,0.4292534476409214,75.0,0.43208316717847245,2022-02-01,2022,2,0.8660254037844386,0.5000000000000001,612.739209360647,19.009118829967004,25.427058236494748,metropolitan,0.0005463624600945832,0.004578796561757863,0.0048562102505505,,,0.0048562102505505
11,2022-03,51.45,0.33,217756495,138589702145,941023,0.0043214463017509,0.4320998829449381,75.0,0.44024471281865885,2022-03-01,2022,3,1.0,6.123233995736766e-17,636.4434830979438,19.19888800562849,25.654783621850992,metropolitan,0.00038146875165206886,0.004760836456223938,0.0048512832135446,0.0048562102505505,,0.00485374673204755
11,2022-04,52.41,-0.04,210145764,129938484805,883353,0.0042035251302995,0.44052259839984215,75.0,0.44798968152633584,2022-04-01,2022,4,0.8660254037844387,-0.4999999999999998,618.3255009841645,19.163311966940153,25.590326981610477,metropolitan,0.0003531713181189715,0.0050220818289090224,0.0043214463017509,0.0048512832135446,0.0048562102505505,0.004676313255282
11,2022-05,52.41,-0.04,206631633,131486922007,922002,0.0044620563977249,0.4602348228066319,75.0,0.4376361707514674,2022-05-01,2022,5,0.49999999999999994,-0.8660254037844387,636.3349120267563,19.14644822006314,25.602173231207864,metropolitan,-0.0006040582211694665,0.005395756620757692,0.0042035251302995,0.0043214463017509,0.0048512832135446,0.004458751548531667
11,2022-06,52.41,-0.04,220444934,128988908396,953795,0.0043266814196782,0.4539473336230081,75.0,0.4517545028920458,2022-06-01,2022,6,1.2246467991473532e-16,-1.0,585.1298374404921,19.211158493772817,25.582992256192863,metropolitan,-0.0013858922265372281,0.005778875778917126,0.0044620563977249,0.0042035251302995,0.0043214463017509,0.004329009276591767
11,2022-07,53.66,0.14,239021839,141529317758,979518,0.0040980272099738,0.44743198967689307,75.0,0.4658312941863905,2022-07-01,2022,7,-0.4999999999999997,-0.8660254037844388,592.1187718666996,19.292065486473955,25.67577272521138,metropolitan,-0.00024751601450353686,0.006109364816359726,0.0043266814196782,0.0044620563977249,0.0042035251302995,0.004330754315900866
11,2022-08,53.66,0.14,234601633,142103379859,1002121,0.0042715857821842,0.4550240364268905,75.0,0.4661897812799008,2022-08-01,2022,8,-0.8660254037844385,-0.5000000000000004,605.7220405580041,19.27339945920628,25.679820656847536,metropolitan,-0.00028742487078316963,0.006412799772841986,0.0040980272099738,0.0043266814196782,0.0044620563977249,0.004295588342458967
11,2022-09,53.66,0.14,222401999,138251682261,961531,0.0043233918954118,0.45884751692362263,75.0,0.464541398673057,2022-09-01,2022,9,-1.0,-1.8369701987210297e-16,621.6296745651103,19.21999711310602,25.65234164553522,metropolitan,-0.0004490942787539474,0.0067166766497617665,0.0042715857821842,0.0040980272099738,0.0043266814196782,0.004232098137278734
11,2022-10,53.1,-0.28,227245069,145106663550,1003784,0.0044171871557749,0.46886560605634087,75.0,0.45952246823081516,2022-10-01,2022,10,-0.8660254037844386,0.5000000000000001,638.5470284945985,19.241539596617123,25.700734919634602,metropolitan,-0.0004412945250278041,0.007034924117276036,0.0043233918954118,0.0042715857821842,0.0040980272099738,0.0042310016291899335
11,2022-11,53.1,-0.28,223095077,153650822448,1051601,0.0047136898498212,0.4682670160399819,75.0,0.46557055232396555,2022-11-01,2022,11,-0.5000000000000004,0.8660254037844384,688.7235008238214,19.223108597303725,25.757948478251826,metropolitan,-0.0003579040031388944,0.0073722695763292845,0.0044171871557749,0.0043233918954118,0.0042715857821842,0.0043373882777903
11,2022-12,53.1,-0.28,223223212,156670863442,1096282,0.0049111469644115,0.4776509577328365,75.0,0.4579946875928298,2022-12-01,2022,12,-2.4492935982947064e-16,1.0,701.8574011111353,19.22368278395977,25.777413030557657,metropolitan,-0.0005663160257212151,0.007723036438245881,0.0047136898498212,0.0044171871557749,0.0043233918954118,0.0044847563003359665
11,2023-01,54.13,0.09,108245574,56873240138,1086622,0.0100384889639921,0.47578224306889444,75.0,0.45982796572665746,2023-01-01,2023,1,0.49999999999999994,0.8660254037844387,525.4093819854472,18.49991304641321,24.764090771127805,metropolitan,0.001637144183839005,0.008074532663057852,0.0049111469644115,0.0047136898498212,0.0044171871557749,0.0046806746566692
11,2023-02,54.13,0.09,99366057,52882881007,1015760,0.0102224042159587,0.4949948854265194,75.0,0.4463226045907642,2023-02-01,2023,2,0.8660254037844386,0.5000000000000001,532.2026716527556,18.414321144500175,24.691345513002727,metropolitan,0.0016675686241578703,0.00841555242814336,0.0100384889639921,0.0049111469644115,0.0047136898498212,0.006554441926074933
11,2023-03,54.13,0.09,113594541,63062358056,1135043,0.0099920558682481,0.5003649867294239,75.0,0.4569866244929869,2023-03-01,2023,3,1.0,6.123233995736766e-17,555.1530689841865,18.54814601732244,24.86738988422718,metropolitan,0.0012272066846311244,0.008700336284247065,0.0102224042159587,0.0100384889639921,0.0049111469644115,0.008390680048120767
11,2023-04,55.41,0.16,110175451,56513637168,1080158,0.0098039807434053,0.5020347863155106,76.0,0.46144673524773483,2023-04-01,2023,4,0.8660254037844387,-0.4999999999999998,512.942190434056,18.517584671248013,24.75774781179777,metropolitan,0.0010586450593378358,0.008856387307642474,0.0099920558682481,0.0102224042159587,0.0100384889639921,0.010084316349399632
11,2023-05,55.41,0.16,117757658,60482473984,1154701,0.0098057401922854,0.5083902993383241,76.0,0.4639394740800128,2023-05-01,2023,5,0.49999999999999994,-0.8660254037844387,513.6181800083015,18.584139333331482,24.825619473817707,metropolitan,-0.0006647578027451656,0.00902897777602368,0.0098039807434053,0.0099920558682481,0.0102224042159587,0.010006146942537366
11,2023-06,55.41,0.16,116867903,63378127274,1198133,0.0102520278814278,0.5129002870873793,76.0,0.46723141849964994,2023-06-01,2023,6,1.2246467991473532e-16,-1.0,542.3056771541455,18.576554829291425,24.872384643202437,metropolitan,-0.0012120511480863618,0.009209771552516783,0.0098057401922854,0.0098039807434053,0.0099920558682481,0.009867258934646267
11,2023-07,55.35,-0.01,125822785,62846020035,1328161,0.0105558067245133,0.5214853573619437,75.0,0.4557020220151709,2023-07-01,2023,7,-0.4999999999999997,-0.8660254037844388,499.4804401682891,18.650385014604613,24.863953445172477,metropolitan,-0.0005049262554124848,0.00939349726763211,0.0102520278814278,0.0098057401922854,0.0098039807434053,0.009953916272372833
11,2023-08,55.35,-0.01,123416107,65446830955,1417554,0.0114859724103921,0.5228763130569335,75.0,0.4623992739665836,2023-08-01,2023,8,-0.8660254037844385,-0.5000000000000004,530.2940802937496,18.63107219576266,24.904503908817617,metropolitan,-0.0006885374990300543,0.009579483830889721,0.0105558067245133,0.0102520278814278,0.0098057401922854,0.010204524932742166
11,2023-09,55.35,-0.01,119242300,61035571499,1361612,0.0114188672979303,0.5230049403609289,75.0,0.4654243644996298,2023-09-01,2023,9,-1.0,-1.8369701987210297e-16,511.8617428462886,18.596668123803656,24.83472267050431,metropolitan,-0.00110966455152341,0.009765766235993624,0.0114859724103921,0.0105558067245133,0.0102520278814278,0.010764602338777731
11,2023-10,56.01,0.17,120584336,69687690132,1424566,0.0118138561545837,0.5314952101241408,76.0,0.4585553360143042,2023-10-01,2023,10,-0.8660254037844386,0.5000000000000001,577.9166054536304,18.6078599582009,24.967289526963047,metropolitan,-0.0011841337838408683,0.009949462751331434,0.0114188672979303,0.0114859724103921,0.0105558067245133,0.011153548810945232
11,2023-11,56.01,0.17,116352808,68712868891,1478583,0.0127077551922941,0.5355745690297393,76.0,0.45972765134907895,2023-11-01,2023,11,-0.5000000000000004,0.8660254037844384,590.5561719748096,18.572137590094115,24.95320233874894,metropolitan,-0.0011000707845163378,0.010125931239336127,0.0118138561545837,0.0114188672979303,0.0114859724103921,0.0115728986209687
11,2023-12,56.01,0.17,118576449,73877312410,1482484,0.0125023477469796,0.5386249254268021,75.0,0.4529353486554222,2023-12-01,2023,12,-2.4492935982947064e-16,1.0,623.0352910129734,18.591068458200485,25.02567161385453,metropolitan,-0.0015903669388329838,0.010291026177930616,0.0127077551922941,0.0118138561545837,0.0114188672979303,0.011980159548269366
11,2024-01,57.18,0.27,116512762,69994140017,1518728,0.013034863940484,0.5421043919635172,75.0,0.44749337901951736,2024-01-01,2024,1,0.49999999999999994,0.8660254037844387,600.7422604658535,18.573511378617535,24.971677361462984,metropolitan,0.0026887595031991093,0.010457416336582839,0.0125023477469796,0.0127077551922941,0.0118138561545837,0.012341319697952465
11,2024-02,57.18,0.27,107238776,61692553253,1440680,0.0134343196904821,0.5399573657946264,76.0,0.4525787969509439,2024-02-01,2024,2,0.8660254037844386,0.5000000000000001,575.282146571684,18.49056846694026,24.8454290677699,metropolitan,0.0027880718988602554,0.010676220155003842,0.013034863940484,0.0125023477469796,0.0127077551922941,0.012748322293252567
11,2024-03,57.18,0.27,117780430,68313307201,1527674,0.0129705248995949,0.5555015124329229,76.0,0.44600699326248205,2024-03-01,2024,3,1.0,6.123233995736766e-17,580.0055849770629,18.58433269483892,24.947370419128088,metropolitan,0.0020740524467644152,0.010895357262444833,0.0134343196904821,0.013034863940484,0.0125023477469796,0.012990510459315234
11,2024-04,59.27,0.35,117713998,68427472569,1525001,0.0129551372471437,0.5603701354192387,76.0,0.45348438948190783,2024-04-01,2024,4,0.8660254037844387,-0.4999999999999998,581.3027654451088,18.583768503135854,24.949040226697083,metropolitan,0.0017614107058127652,0.011114385584694578,0.0129705248995949,0.0134343196904821,0.013034863940484,0.013146569510187
11,2024-05,59.27,0.35,123984611,73281201549,1324670,0.0106841485351758,0.5663920903861206,77.0,0.4563652215589358,2024-05-01,2024,5,0.49999999999999994,-0.8660254037844387,591.0507841090052,18.635668019094474,25.01756995387546,metropolitan,-0.0007104878974832636,0.011333592823771915,0.0129551372471437,0.0129705248995949,0.0134343196904821,0.013119993945740233
11,2024-06,59.27,0.35,122408914,68469935727,1287416,0.0105173386310738,0.5701155146266553,77.0,0.4600182704475824,2024-06-01,2024,6,1.2246467991473532e-16,-1.0,559.3541637580413,18.622877760357483,24.949660591390465,metropolitan,-0.001042787074297688,0.011552987489679496,0.0106841485351758,0.0129551372471437,0.0129705248995949,0.0122032702273048
11,2024-07,60.69,0.32,127817795,73280868687,1407254,0.0110098441300759,0.5729197565957072,77.0,0.4594905967065718,2024-07-01,2024,7,-0.4999999999999997,-0.8660254037844388,573.3228983256987,18.66611633903978,25.017565411608835,metropolitan,-0.0007660816509781984,0.011772469524379717,0.0105173386310738,0.0106841485351758,0.0129551372471437,0.0113855414711311
11,2024-08,60.69,0.32,129242329,71261708143,1408598,0.010898890563942,0.5763421827534538,77.0,0.4559809480529146,2024-08-01,2024,8,-0.8660254037844385,-0.5000000000000004,551.3805631203071,18.677199727232217,24.989624967423396,metropolitan,-0.0010927461459225424,0.01199194245398165,0.0110098441300759,0.0105173386310738,0.0106841485351758,0.010737110432108501
11,2024-09,60.69,0.32,124012220,72504074842,1293985,0.0104343346163789,0.5796292816949814,77.0,0.4563109071073315,2024-09-01,2024,9,-1.0,-1.8369701987210297e-16,584.6526644067818,18.635890675164557,25.00690860195865,metropolitan,-0.0017728653100004851,0.012211329687034606,0.010898890563942,0.0110098441300759,0.0105173386310738,0.010808691108363898
11,2024-10,61.01,0.05,122714198,68718222306,1287672,0.0104932601197458,0.5870005848874961,76.0,0.46056318261135537,2024-10-01,2024,10,-0.8660254037844386,0.5000000000000001,559.9859138222946,18.625368624257344,24.95328024564695,metropolitan,-0.0019293091490023325,0.012430573809391401,0.0104343346163789,0.010898890563942,0.0110098441300759,0.0107810231034656
11,2024-11,61.01,0.05,121042472,73172932721,1306448,0.0107933023707579,0.5878661334675981,75.0,0.4501852834294685,2024-11-01,2024,11,-0.5000000000000004,0.8660254037844384,604.5227886704098,18.611652058498052,25.01609141797394,metropolitan,-0.0018444094141930455,0.012649635751242078,0.0104932601197458,0.0104343346163789,0.010898890563942,0.010608828433355567
11,2024-12,61.01,0.05,123613434,77434693295,1265320,0.010236104273262,0.5926623962246692,76.0,0.44224320854013094,2024-12-01,2024,12,-2.4492935982947064e-16,1.0,626.4261964844371,18.632669794491733,25.072700750913782,metropolitan,-0.002616506745575612,0.012868494867086785,0.0107933023707579,0.0104932601197458,0.0104343346163789,0.010573632368960867
12,2019-01,28.34,0.01,15888545,14971796730,12226,0.0007694851857108,0.20435030394538958,46.0,0.5588122414038174,2019-01-01,2019,1,0.49999999999999994,0.8660254037844387,942.3013076401899,16.58110903023552,23.42943405028676,agricultural,-0.0007017329353453038,0.001457048904612773,,,,
12,2019-02,28.34,0.01,13581960,13880814696,9626,0.0007087342327616,0.18244458089995846,46.0,0.5857419177659375,2019-02-01,2019,2,0.8660254037844386,0.5000000000000001,1022.0037973900675,16.424253073204248,23.35377348605182,agricultural,-0.0006448376599360879,0.0013801144531154748,0.0007694851857108,,,0.0007694851857108
12,2019-03,28.34,0.01,15761683,14423188389,12397,0.0007865276823547,0.21255192100995815,46.0,0.5600466321828119,2019-03-01,2019,3,1.0,6.123233995736766e-17,915.0792075313277,16.57309248947753,23.39210305323881,agricultural,-0.0005222778185912329,0.001303229452562434,0.0007087342327616,0.0007694851857108,,0.0007391097092362
12,2019-04,22.99,-0.1,15748304,15175202213,12458,0.0007910693113366,0.21356191752457915,48.0,0.5677279840127871,2019-04-01,2019,4,0.8660254037844387,-0.4999999999999998,963.6086662411394,16.572243298396952,23.44292849927271,agricultural,-0.0004341926548429843,0.0012264158419621107,0.0007865276823547,0.0007087342327616,0.0007694851857108,0.0007549157002756999
12,2019-05,22.99,-0.1,16844149,16486701069,15216,0.0009033403824675,0.21626649111213633,49.0,0.5731112704984662,2019-05-01,2019,5,0.49999999999999994,-0.8660254037844387,978.7791041862667,16.639513973472464,23.52581989710615,agricultural,-0.00026883205470374966,0.0011497008400573707,0.0007910693113366,0.0007865276823547,0.0007087342327616,0.0007621104088176333
12,2019-06,22.99,-0.1,16505635,15947138887,19509,0.0011819599791222,0.21087477094943635,49.0,0.5846731130296589,2019-06-01,2019,6,1.2246467991473532e-16,-1.0,966.1633064707901,16.619212456304666,23.492545270024042,agricultural,9.777878238841583e-05,0.0010731137079289387,0.0009033403824675,0.0007910693113366,0.0007865276823547,0.0008269791253862667
12,2019-07,24.49,0.37,17449538,16709602519,16119,0.0009237493852272,0.23078719906509845,50.0,0.5586391396057471,2019-07-01,2019,7,-0.4999999999999997,-0.8660254037844388,957.5956978918296,16.674823787925632,23.53924939231688,agricultural,-8.02528301657184e-05,0.0009966766312219297,0.0011819599791222,0.0009033403824675,0.0007910693113366,0.0009587898909754333
12,2019-08,24.49,0.37,16860470,17580079426,15037,0.0008918493968436,0.2221397149664274,50.0,0.571864801795226,2019-08-01,2019,8,-0.8660254037844385,-0.5000000000000004,1042.6802708346802,16.640482446090843,23.59003224722509,agricultural,-1.7916668929256543e-05,0.0009204037823364662,0.0009237493852272,0.0011819599791222,0.0009033403824675,0.0010030165822722998
12,2019-09,24.49,0.37,16168083,15219770858,18892,0.0011684749515449,0.23501901864308836,50.0,0.5657374395791798,2019-09-01,2019,9,-1.0,-1.8369701987210297e-16,941.3466555064073,16.598549733499897,23.44586113401038,agricultural,0.0003320971869067125,0.0008443010001384758,0.0008918493968436,0.0009237493852272,0.0011819599791222,0.000999186253731
12,2019-10,23.34,-0.28,16816621,18070237137,22466,0.0013359401986879,0.2485553429550443,50.0,0.5578156553426359,2019-10-01,2019,10,-0.8660254037844386,0.5000000000000001,1074.546256171201,16.63787835999711,23.617532064762724,agricultural,0.0005768170925691007,0.0007683731129905714,0.0011684749515449,0.0008918493968436,0.0009237493852272,0.0009946912445385667
12,2019-11,23.34,-0.28,15859061,17604097829,18795,0.0011851269126211,0.24259582581843905,49.0,0.5668965221986672,2019-11-01,2019,11,-0.5000000000000004,0.8660254037844384,1110.0340574388358,16.579251629925142,23.59139754313953,agricultural,0.000503057428968834,0.0006926496121316927,0.0013359401986879,0.0011684749515449,0.0008918493968436,0.0011320881823588
12,2019-12,23.34,-0.28,16482064,17750345117,19557,0.0011865625567283,0.2545005892465895,50.0,0.5552262013597951,2019-12-01,2019,12,-2.4492935982947064e-16,1.0,1076.9491683201813,16.61778337799384,23.599670795946423,agricultural,0.0005811522250115725,0.0006173309292341102,0.0011851269126211,0.0013359401986879,0.0011684749515449,0.0012298473542846336
12,2020-01,23.3,-0.01,15985737,13051932902,0,0.0,0.23099666909320477,50.0,0.5614450725427044,2020-01-01,2020,1,0.49999999999999994,0.8660254037844387,816.4736415968811,16.587207507693122,23.292202074919558,agricultural,-0.00047282417744854934,0.0005438106695114705,0.0011865625567283,0.0011851269126211,0.0013359401986879,0.0012358765560124335
12,2022-01,32.34,0.21,29638752,39899400569,21775,0.0007346800567041,0.40247433495175505,56.0,0.5000191588044434,2022-01-01,2022,1,0.49999999999999994,0.8660254037844387,1346.1903041329135,17.204593285982163,24.409627137421108,agricultural,-3.636715140666376e-05,0.0008696397332566084,,,,
12,2022-02,32.34,0.21,25561039,34479600538,19138,0.0007487176088577,0.4088721119669666,57.0,0.5009601385111627,2022-02-01,2022,2,0.8660254037844386,0.5000000000000001,1348.912324651592,17.05657987522175,24.26363369737897,agricultural,-0.00011742898795485271,0.0009248271142778166,0.0007346800567041,,,0.0007346800567041
12,2022-03,32.34,0.21,32390067,36976006305,24441,0.0007545831874938,0.4328568693605975,57.0,0.48293765623740975,2022-03-01,2022,3,1.0,6.123233995736766e-17,1141.5847427854965,17.29336239055871,24.333535061021475,agricultural,8.493447818074012e-05,0.0009831644785066027,0.0007487176088577,0.0007346800567041,,0.0007416988327809001
12,2022-04,32.84,-0.05,30173215,37486809237,24335,0.0008065100122741,0.429179953147187,57.0,0.49376794596733364,2022-04-01,2022,4,0.8660254037844387,-0.4999999999999998,1242.3869725847908,17.222465201410547,24.347254954389616,agricultural,5.66758549773066e-06,0.0010453514590074004,0.0007545831874938,0.0007487176088577,0.0007346800567041,0.0007459936176851999
12,2022-05,32.84,-0.05,29414361,37494862185,26328,0.000895072988327,0.44635458849505516,57.0,0.48387328108478866,2022-05-01,2022,5,0.49999999999999994,-0.8660254037844387,1274.7127902931497,17.196993616431328,24.34746975216294,agricultural,2.170042110665043e-05,0.001114700574376449,0.0008065100122741,0.0007545831874938,0.0007487176088577,0.0007699369362085335
12,2022-06,32.84,-0.05,31268609,38248664842,35596,0.0011383940999741,0.43811111009127396,57.0,0.4995357977450542,2022-06-01,2022,6,1.2246467991473532e-16,-1.0,1223.228856838499,17.25812527689502,24.367374490544364,agricultural,-2.5672615505819382e-05,0.001203697300299004,0.000895072988327,0.0008065100122741,0.0007545831874938,0.0008187220626983
12,2022-07,32.96,-0.07,34626503,41470509454,44197,0.0012763922478686,0.4390798574144204,58.0,0.5020176245369659,2022-07-01,2022,7,-0.4999999999999997,-0.8660254037844388,1197.6522565388714,17.36012995835153,24.448248396033993,agricultural,5.505866879382963e-05,0.0013145458429512098,0.0011383940999741,0.000895072988327,0.0008065100122741,0.0009466590335250667
12,2022-08,32.96,-0.07,34167338,45318584938,44179,0.0012930184962024,0.4539200859019219,57.0,0.49717444944698286,2022-08-01,2022,8,-0.8660254037844385,-0.5000000000000004,1326.3715463581038,17.3467807457298,24.536983048854403,agricultural,-9.793753190253705e-05,0.0014306825335956546,0.0012763922478686,0.0011383940999741,0.000895072988327,0.0011032864453899
12,2022-09,32.96,-0.07,32933634,42175725921,41513,0.0012605046864855,0.4542413388088299,58.0,0.5030781154583787,2022-09-01,2022,9,-1.0,-1.8369701987210297e-16,1280.6277594813862,17.310005033927062,24.46511067737021,agricultural,0.00017040289080755966,0.0015454845959621574,0.0012930184962024,0.0012763922478686,0.0011383940999741,0.0012359349480150336
12,2022-10,33.01,-0.08,34258342,44620493592,43315,0.0012643635818686,0.46794316549236387,58.0,0.497869621262962,2022-10-01,2022,10,-0.8660254037844386,0.5000000000000001,1302.470901598215,17.349440684249856,24.521459088036632,agricultural,-0.0001070643173673984,0.0016592894995962199,0.0012605046864855,0.0012930184962024,0.0012763922478686,0.0012766384768521666
12,2022-11,33.01,-0.08,33441538,43575373429,42273,0.0012640865979309,0.47422857764496357,58.0,0.4950633199213538,2022-11-01,2022,11,-0.5000000000000004,0.8660254037844384,1303.0313805842304,17.325309367849034,24.49775799813792,agricultural,-0.00011693403569708082,0.0017773172142438495,0.0012643635818686,0.0012605046864855,0.0012930184962024,0.0012726289215188333
12,2022-12,33.01,-0.08,34840624,47348292110,41121,0.0011802601468905,0.48444476769417216,57.0,0.5093258325434374,2022-12-01,2022,12,-2.4492935982947064e-16,1.0,1358.9966732513171,17.366294648938073,24.580796586466523,agricultural,-0.0004189471634624283,0.001902514267674467,0.0012640865979309,0.0012643635818686,0.0012605046864855,0.0012629849554283334
12,2023-01,33.7,0.07,15811845,22201272711,39403,0.0024919925536836,0.47135656844599727,57.0,0.5064170246034089,2023-01-01,2023,1,0.49999999999999994,0.8660254037844387,1404.091218387228,16.576269963912882,23.823415453550748,agricultural,0.00015355301629486846,0.002034299056081546,0.0011802601468905,0.0012640865979309,0.0012643635818686,0.0012362367755633333
12,2023-02,33.7,0.07,14947256,20715808484,36888,0.0024678777161507,0.50061583209654,55.0,0.4787004055664031,2023-02-01,2023,2,0.8660254037844386,0.5000000000000001,1385.9271885087135,16.520038362705904,23.754162940678686,agricultural,-3.8960473976480866e-05,0.0021690265813496014,0.0024919925536836,0.0011802601468905,0.0012640865979309,0.0016454464328349999
12,2023-03,33.7,0.07,17311058,21278439665,43666,0.0025224339263377,0.5152803485494647,57.0,0.47657763670246045,2023-03-01,2023,3,1.0,6.123233995736766e-17,1229.1819289727987,16.666856103790597,23.780960174765355,agricultural,0.00028422470171905143,0.002302984597993296,0.0024678777161507,0.0024919925536836,0.0011802601468905,0.002046710138908267
12,2023-04,35.37,0.3,16219774,20104108525,40775,0.0025139067905631,0.5057683911008871,58.0,0.4991269294273866,2023-04-01,2023,4,0.8660254037844387,-0.4999999999999998,1239.481420949515,16.60174173479207,23.72419003540234,agricultural,9.485485657267337e-05,0.0024349757616994893,0.0025224339263377,0.0024678777161507,0.0024919925536836,0.002494101398724
12,2023-05,35.37,0.3,17689812,22884029726,45758,0.0025866866193942,0.5231702292822558,59.0,0.4899616139209062,2023-05-01,2023,5,0.49999999999999994,-0.8660254037844387,1293.6276386656907,16.68849949513606,23.85370511238174,agricultural,0.00013309340388996773,0.0025747174989793845,0.0025139067905631,0.0025224339263377,0.0024678777161507,0.0025014061443504997
12,2023-06,35.37,0.3,17216045,20755262045,46002,0.0026720422721943,0.5190388384788724,57.0,0.5019333536627049,2023-06-01,2023,6,1.2246467991473532e-16,-1.0,1205.5766608997594,16.661352413873164,23.75606564405227,agricultural,-6.936155371054008e-05,0.0027340881600293665,0.0025866866193942,0.0025139067905631,0.0025224339263377,0.002541009112098333
12,2023-07,35.8,0.1,18108105,21377796613,54797,0.0030261035044804,0.5267030426430596,59.0,0.4973147326406793,2023-07-01,2023,7,-0.4999999999999997,-0.8660254037844388,1180.5650902178886,16.711870241287144,23.785618678953675,agricultural,0.00014198470533375267,0.0029075425599922396,0.0026720422721943,0.0025866866193942,0.0025139067905631,0.0025908785607172
12,2023-08,35.8,0.1,18147392,24104824776,58775,0.0032387573927978,0.5367461616523189,58.0,0.4935097076881679,2023-08-01,2023,8,-0.8660254037844385,-0.5000000000000004,1328.2803818862787,16.714037471994807,23.9056778556218,agricultural,-0.00021553483463130637,0.0030848083582239315,0.0030261035044804,0.0026720422721943,0.0025866866193942,0.0027616107986896334
12,2023-09,35.8,0.1,17536877,22564556694,58639,0.0033437538508139,0.5352000815196457,58.0,0.5008179334419923,2023-09-01,2023,9,-1.0,-1.8369701987210297e-16,1286.6918490675391,16.679816535907154,23.839646224342168,agricultural,0.0003297179522045827,0.0032634484132694585,0.0032387573927978,0.0030261035044804,0.0026720422721943,0.0029789677231575
12,2023-10,37.43,0.4,17892403,25021489086,56891,0.0031796176287779,0.5498282148015557,59.0,0.4866096321157305,2023-10-01,2023,10,-0.8660254037844386,0.5000000000000001,1398.4420698550105,16.69988682320394,23.943000856081483,agricultural,-0.0002374639708901882,0.003443148353690791,0.0033437538508139,0.0032387573927978,0.0030261035044804,0.003202871582697367
12,2023-11,37.43,0.4,17348337,23522373923,60256,0.0034733012161338,0.551839176285312,59.0,0.49542145728297027,2023-11-01,2023,11,-0.5000000000000004,0.8660254037844384,1355.8863839802052,16.66900726726154,23.881217887026388,agricultural,-0.00012713327817148447,0.0036237203406377324,0.0031796176287779,0.0033437538508139,0.0032387573927978,0.0032540429574632
12,2023-12,37.43,0.4,18056298,24416707631,67452,0.0037356494670169,0.5589394348719765,60.0,0.4999557469540119,2023-12-01,2023,12,-2.4492935982947064e-16,1.0,1352.2543564024031,16.70900515693478,23.918533473935163,agricultural,-0.0008096529019381164,0.0038051610186215228,0.0034733012161338,0.0031796176287779,0.0033437538508139,0.0033322242319085336
12,2024-01,39.7,0.52,17336452,24033011581,74229,0.0042816719361031,0.5616837285968317,60.0,0.4767191717444399,2024-01-01,2024,1,0.49999999999999994,0.8660254037844387,1386.270476854203,16.668321952452228,23.90269420476808,agricultural,0.0003048854992762784,0.003987797601632257,0.0037356494670169,0.0034733012161338,0.0031796176287779,0.0034628561039762
12,2024-02,39.7,0.52,15489368,21723608803,64467,0.0041620161648945,0.55553234967366,60.0,0.49260249588776794,2024-02-01,2024,2,0.8660254037844386,0.5000000000000001,1402.485162919494,16.555664475604637,23.801665469407617,agricultural,3.986148151450684e-06,0.004175123139978356,0.0042816719361031,0.0037356494670169,0.0034733012161338,0.0038302075397512667
12,2024-03,39.7,0.52,17771145,21497567626,85572,0.0048152215290573,0.5768747033463516,61.0,0.4741675025320437,2024-03-01,2024,3,1.0,6.123233995736766e-17,1209.689506556837,16.693086688766083,23.79120563205203,agricultural,0.00045290165946990676,0.004363283759369523,0.0041620161648945,0.0042816719361031,0.0037356494670169,0.004059779189338167
12,2024-04,41.99,0.45,17556914,24133894171,82133,0.00467810003512,0.5801301982797205,60.0,0.4820997227390367,2024-04-01,2024,4,0.8660254037844387,-0.4999999999999998,1374.6091238471636,16.680958447365814,23.906883086571217,agricultural,0.00015640313346291344,0.004551895517898458,0.0048152215290573,0.0041620161648945,0.0042816719361031,0.004419636543351634
12,2024-05,41.99,0.45,18679884,24038467792,93013,0.0049793135760371,0.5852097903819959,61.0,0.4835044747979056,2024-05-01,2024,5,0.49999999999999994,-0.8660254037844387,1286.863868747793,16.742957834429102,23.902921208850096,agricultural,0.00021858719767693232,0.004740826066572006,0.00467810003512,0.0048152215290573,0.0041620161648945,0.004551779243023934
12,2024-06,41.99,0.45,17965574,21499944629,85451,0.0047563746084594,0.5804942831217083,60.0,0.4951445788395821,2024-06-01,2024,6,1.2246467991473532e-16,-1.0,1196.7301812343987,16.703967984697208,23.791316196727873,agricultural,-0.00013778376446539658,0.004930017116113599,0.0049793135760371,0.00467810003512,0.0048152215290573,0.0048242117134048
12,2024-07,41.97,-0.02,18859673,21233216874,100633,0.00533588254685,0.5903524944467489,60.0,0.4843316236142112,2024-07-01,2024,7,-0.4999999999999997,-0.8660254037844388,1125.852864681164,16.752536549760386,23.7788326261475,agricultural,0.0002175603756071432,0.0051194279874181,0.0047563746084594,0.0049793135760371,0.00467810003512,0.0048045960732055
12,2024-08,41.97,-0.02,18973387,24743071258,94162,0.0049628461170375,0.5895774961001955,60.0,0.4893489414998634,2024-08-01,2024,8,-0.8660254037844385,-0.5000000000000004,1304.0935315344593,16.758547923750488,23.931811337636724,agricultural,-0.0003441114247212649,0.00530904202834601,0.00533588254685,0.0047563746084594,0.0049793135760371,0.005023856910448834
12,2024-09,41.97,-0.02,18563853,22912557716,111104,0.0059849644359928,0.5957888699075564,60.0,0.4852424930673044,2024-09-01,2024,9,-1.0,-1.8369701987210297e-16,1234.2565800321734,16.73672691462794,23.854950969127064,agricultural,0.0004817100709375887,0.005498850158602309,0.0049628461170375,0.00533588254685,0.0047563746084594,0.0050183677574489665
12,2024-10,40.42,-0.37,18510937,21764592716,98541,0.0053233934079079,0.6081289131933192,60.0,0.4830117476426703,2024-10-01,2024,10,-0.8660254037844386,0.5000000000000001,1175.7693689952055,16.733872358576374,23.80355029902576,agricultural,-0.00037260961204283816,0.00568884547499839,0.0059849644359928,0.0049628461170375,0.00533588254685,0.0054278976999601
12,2024-11,40.42,-0.37,17989160,24716776125,103417,0.005748850974698,0.6050016787887816,61.0,0.4850570818176145,2024-11-01,2024,11,-0.5000000000000004,0.8660254037844384,1373.9816714621472,16.70527996781861,23.93074804541616,agricultural,-0.00014007875280403306,0.005879019802447879,0.0053233934079079,0.0059849644359928,0.0049628461170375,0.005423734653646067
12,2024-12,40.42,-0.37,18693926,23317425319,91233,0.0048803552554984,0.6129420326152998,61.0,0.4800998487830139,2024-12-01,2024,12,-2.4492935982947064e-16,1.0,1247.3262876401673,16.743709269720785,23.872466785815444,agricultural,-0.0012016675735187334,0.0060693614756578106,0.005748850974698,0.0053233934079079,0.0059849644359928,0.005685736272866233
13,2019-01,32.11,-0.33,12604167,4903826769,9886,0.0007843437809099,0.15319346371719766,43.0,0.6370797753734578,2019-01-01,2019,1,0.49999999999999994,0.8660254037844387,389.06393171401174,16.34953811087234,22.313281710731285,agricultural,-0.00039468556061102335,0.0011560649711040356,,,,
13,2019-02,32.11,-0.33,11335870,4495748977,7835,0.0006911688295649,0.14639802679459096,45.0,0.6536614381815892,2019-02-01,2019,2,0.8660254037844386,0.5000000000000001,396.59496597967336,16.243482680612534,22.226398115683747,agricultural,-0.00040611012746796473,0.0010953915028000197,0.0007843437809099,,,0.0007843437809099
13,2019-03,32.11,-0.33,12557873,5025594891,9297,0.0007403323795359,0.15775059996227067,44.0,0.6574645268574039,2019-03-01,2019,3,1.0,6.123233995736766e-17,400.1947536019834,16.34585843716104,22.337809670352087,agricultural,-0.00029745531206553413,0.0010347631348473594,0.0006911688295649,0.0007843437809099,,0.0007377563052374
13,2019-04,33.77,0.41,12825256,5034989498,9422,0.0007346442051527,0.1618948580831447,45.0,0.6604551148148209,2019-04-01,2019,4,0.8660254037844387,-0.4999999999999998,392.5839373498665,16.366926987806686,22.339677277513967,agricultural,-0.00020860962336447078,0.0009741754730382163,0.0007403323795359,0.0006911688295649,0.0007843437809099,0.0007386149966702333
13,2019-05,33.77,0.41,13253043,5194565327,9900,0.0007469982554195,0.16612365929847206,46.0,0.6634319920740256,2019-05-01,2019,5,0.49999999999999994,-0.8660254037844387,391.9526501951288,16.399737819860324,22.37087878677464,agricultural,-0.0001597775281513024,0.0009136302245901386,0.0007346442051527,0.0007403323795359,0.0006911688295649,0.0007220484714178334
13,2019-06,33.77,0.41,13372244,5553136281,9620,0.0007194005733069,0.16740937422320443,46.0,0.641631270140988,2019-06-01,2019,6,1.2246467991473532e-16,-1.0,415.27332891921503,16.40869184822087,22.437628700954072,agricultural,-0.0001032344563904455,0.0008531507686150013,0.0007469982554195,0.0007346442051527,0.0007403323795359,0.0007406582800360334
13,2019-07,33.22,-0.13,14476701,8460332154,11853,0.0008187638882643,0.17101347883057058,45.0,0.6280866616886147,2019-07-01,2019,7,-0.4999999999999997,-0.8660254037844388,584.4102295129256,16.488051156549105,22.85865427161415,agricultural,-2.446308098168072e-06,0.0007927838984086429,0.0007194005733069,0.0007469982554195,0.0007346442051527,0.0007336810112930333
13,2019-08,33.22,-0.13,14112098,8229027553,11441,0.0008107228280302,0.17512470505802893,46.0,0.63006588742884,2019-08-01,2019,8,-0.8660254037844385,-0.5000000000000004,583.1186513160552,16.462543072510226,22.830933685966375,agricultural,8.089307127509824e-05,0.0007326102629628829,0.0008187638882643,0.0007194005733069,0.0007469982554195,0.0007617209056635666
13,2019-09,33.22,-0.13,13394635,8352263250,10910,0.0008145052104816,0.18068808892515548,47.0,0.6432943692958595,2019-09-01,2019,9,-1.0,-1.8369701987210297e-16,623.5528814334994,16.41036488627284,22.84579838710625,agricultural,0.0001337014826189829,0.0006727334878106804,0.0008107228280302,0.0008187638882643,0.0007194005733069,0.0007829624298671334
13,2019-10,33.84,0.16,13975856,8891947769,11988,0.0008577649912821,0.1876407427208752,48.0,0.6370699537409398,2019-10-01,2019,10,-0.8660254037844386,0.5000000000000001,636.236361407845,16.452841898917697,22.908411959211946,agricultural,0.00020232637400329677,0.0006132948026025834,0.0008145052104816,0.0008107228280302,0.0008187638882643,0.0008146639755920332
13,2019-11,33.84,0.16,13115629,8399752452,12191,0.0009295017417769,0.1913641351093417,49.0,0.6371643560795441,2019-11-01,2019,11,-0.5000000000000004,0.8660254037844384,640.4384000187868,16.389315206728703,22.851468072480483,agricultural,0.000327458217076597,0.0005545070754245854,0.0008577649912821,0.0008145052104816,0.0008107228280302,0.0008276643432646334
13,2019-12,33.84,0.16,13039163,9124208091,12488,0.0009577301855955,0.19599264155222232,48.0,0.6365945610773868,2019-12-01,2019,12,-2.4492935982947064e-16,1.0,699.7541246320795,16.383468001978173,22.934196948210623,agricultural,0.00043143342662674267,0.0004967795448148555,0.0009295017417769,0.0008577649912821,0.0008145052104816,0.0008672573145135333
13,2020-01,31.18,-0.64,13648712,5726741256,0,0.0,0.1829594616693502,47.0,0.6321466232761286,2020-01-01,2020,1,0.49999999999999994,0.8660254037844387,419.5810751959599,16.42915578943578,22.468412489836897,agricultural,-0.0002433693751908222,0.00044590453560550136,0.0009577301855955,0.0009295017417769,0.0008577649912821,0.0009149989728848333
13,2022-01,36.84,0.4,27866928,20755634930,20392,0.0007317634724573,0.362835508815324,58.0,0.608799194224879,2022-01-01,2022,1,0.49999999999999994,0.8660254037844387,744.8124504430485,17.142951203218107,23.756083609696336,agricultural,-1.6456533129843786e-05,0.0007826776406092802,,,,
13,2022-02,36.84,0.4,24684569,18136905950,18577,0.0007525754247522,0.36860915011317397,55.0,0.6017802798204731,2022-02-01,2022,2,0.8660254037844386,0.5000000000000001,734.7467136250182,17.021688910037863,23.621214702091052,agricultural,-6.562177058240114e-05,0.0008384969345607345,0.0007317634724573,,,0.0007317634724573
13,2022-03,36.84,0.4,29569532,21564167458,22756,0.0007695759270048,0.3802037177997947,58.0,0.6003887520700365,2022-03-01,2022,3,1.0,6.123233995736766e-17,729.2698260493268,17.20225509867047,23.794298860179953,agricultural,1.6645025856417336e-06,0.000906630911226671,0.0007525754247522,0.0007317634724573,,0.00074216944860475
13,2022-04,38.64,0.25,28049397,20083567266,21035,0.0007499269948655,0.3851714174105062,59.0,0.604731561335684,2022-04-01,2022,4,0.8660254037844387,-0.4999999999999998,716.0070951257883,17.149477728027094,23.723167768730605,agricultural,-0.00012430349457194593,0.0010124781831312862,0.0007695759270048,0.0007525754247522,0.0007317634724573,0.0007513049414047667
13,2022-05,38.64,0.25,26827593,19289980194,23268,0.0008673159757567,0.39776017177538064,58.0,0.6194649475707334,2022-05-01,2022,5,0.49999999999999994,-0.8660254037844387,719.0350693780094,17.104941542644582,23.68285163716575,agricultural,1.864234776751256e-05,0.0011727132392274906,0.0007499269948655,0.0007695759270048,0.0007525754247522,0.0007573594488741667
13,2022-06,38.64,0.25,29293975,19382208517,34247,0.0011690799899979,0.39948057578392826,59.0,0.6171604826918583,2022-06-01,2022,6,1.2246467991473532e-16,-1.0,661.6448780679303,17.192892455579656,23.687621395533373,agricultural,-5.552824041648179e-05,0.0013618729390503074,0.0008673159757567,0.0007499269948655,0.0007695759270048,0.0007956062992089999
13,2022-07,38.34,-0.19,33259843,20934052374,46278,0.0013914076503608,0.3966220465923426,59.0,0.601580279193522,2022-07-01,2022,7,-0.4999999999999997,-0.8660254037844388,629.4092360568269,17.319861341399356,23.76464297028674,agricultural,0.0001151388986796604,0.0015442413618856445,0.0011690799899979,0.0008673159757567,0.0007499269948655,0.0009287743202067
13,2022-08,38.34,-0.19,33106073,22200114827,47544,0.0014361111328426,0.40740733580814614,58.0,0.5972400352725878,2022-08-01,2022,8,-0.8660254037844385,-0.5000000000000004,670.5752997946933,17.315227328044116,23.8233632982437,agricultural,1.1437576648411234e-05,0.0017124408959478758,0.0013914076503608,0.0011690799899979,0.0008673159757567,0.0011426012053718001
13,2022-09,38.34,-0.19,31039950,21234489040,46601,0.0015013232946573,0.4146693213101181,61.0,0.6127569868918341,2022-09-01,2022,9,-1.0,-1.8369701987210297e-16,684.1019086693117,17.2507856746698,23.778892538307716,agricultural,0.00022833840488157837,0.0018736703353277144,0.0014361111328426,0.0013914076503608,0.0011690799899979,0.0013321995910671
13,2022-10,37.48,-0.31,31920308,21601093930,46583,0.0014593530864426,0.4202010832727554,59.0,0.6027313556325745,2022-10-01,2022,10,-0.8660254037844386,0.5000000000000001,676.7194705640059,17.278753010950155,23.79600979530782,agricultural,3.507280015230383e-05,0.002035571905374824,0.0015013232946573,0.0014361111328426,0.0013914076503608,0.0014429473592869
13,2022-11,37.48,-0.31,32032118,21770958174,49284,0.0015385807457377,0.4307593085165333,59.0,0.6015974139822128,2022-11-01,2022,11,-0.5000000000000004,0.8660254037844384,679.6602764138169,17.282249676125147,23.803842724775055,agricultural,6.309600190964142e-05,0.002204505324231756,0.0014593530864426,0.0015013232946573,0.0014361111328426,0.0014655958379808335
13,2022-12,37.48,-0.31,31568561,20167957229,46792,0.0014822341759575,0.4342281233534845,61.0,0.5943160082143698,2022-12-01,2022,12,-2.4492935982947064e-16,1.0,638.862101728362,17.267672309924382,23.727360906143545,agricultural,-0.00021378478928395982,0.002384046632468725,0.0015385807457377,0.0014593530864426,0.0015013232946573,0.0014997523756125333
13,2023-01,38.28,0.08,15236945,9009350041,39865,0.0026163381176475,0.43322555801048046,59.0,0.5882436587512225,2023-01-01,2023,1,0.49999999999999994,0.8660254037844387,591.2832290856205,16.539233694440487,22.921528768561746,agricultural,-5.334722252347038e-05,0.002573894188783052,0.0014822341759575,0.0015385807457377,0.0014593530864426,0.0014933893360459334
13,2023-02,38.28,0.08,14333460,8190709216,39888,0.0027828591282216,0.4574869570920071,58.0,0.5792589600038918,2023-02-01,2023,2,0.8660254037844386,0.5000000000000001,571.4397790903244,16.478107291926804,22.826266326544513,agricultural,-0.00016584424586510275,0.00276901002782596,0.0026163381176475,0.0014822341759575,0.0015385807457377,0.0018790510131142333
13,2023-03,38.28,0.08,16192666,9368726038,49110,0.0030328545033906,0.46601603466655833,59.0,0.5936546328180988,2023-03-01,2023,3,1.0,6.123233995736766e-17,578.5783538053586,16.60006904340273,22.96064296226688,agricultural,5.323541822022939e-05,0.0029592386155664705,0.0027828591282216,0.0026163381176475,0.0014822341759575,0.0022938104739422
13,2023-04,39.96,0.29,15557102,9289444467,46176,0.0029681620651455,0.46835451744161605,58.0,0.5847091379517779,2023-04-01,2023,4,0.8660254037844387,-0.4999999999999998,597.1192106987535,16.560027876861124,22.95214458906056,agricultural,-0.000164676512736476,0.0031331882760529247,0.0030328545033906,0.0027828591282216,0.0026163381176475,0.0028106839164199
13,2023-05,39.96,0.29,16692391,9510604680,55190,0.0033062968630437,0.48224984665168696,61.0,0.5943739640009034,2023-05-01,2023,5,0.49999999999999994,-0.8660254037844387,569.7568838400682,16.630463604721687,22.975673295183718,agricultural,6.632575114347367e-05,0.003286838990706992,0.0029681620651455,0.0030328545033906,0.0027828591282216,0.0029279585655859
13,2023-06,39.96,0.29,16746371,9379608878,56939,0.003400079933736,0.48463968701039767,59.0,0.5931377016337057,2023-06-01,2023,6,1.2246467991473532e-16,-1.0,560.0979984260471,16.633692195759902,22.961803901760433,agricultural,-9.193586428085113e-05,0.003429815208045232,0.0033062968630437,0.0029681620651455,0.0030328545033906,0.0031024378105266003
13,2023-07,39.9,-0.01,17811884,10609413006,68692,0.0038565263506095,0.4891249011053519,59.0,0.5865530700142434,2023-07-01,2023,7,-0.4999999999999997,-0.8660254037844388,595.6367673402768,16.69537648908131,23.085007463536662,agricultural,0.00019341713787886456,0.003571536383880833,0.003400079933736,0.0033062968630437,0.0029681620651455,0.0032248462873083997
13,2023-08,39.9,-0.01,18140079,10496499131,74289,0.0040952963876287,0.4993790269601362,58.0,0.5853225445193779,2023-08-01,2023,8,-0.8660254037844385,-0.5000000000000004,578.635800373306,16.71363441278487,23.074307622514418,agricultural,4.0467047498317566e-05,0.0037159972090913527,0.0038565263506095,0.003400079933736,0.0033062968630437,0.0035209677157964
13,2023-09,39.9,-0.01,17188070,9783632901,65287,0.0037983903951985,0.4992664679629534,58.0,0.5931137311512579,2023-09-01,2023,9,-1.0,-1.8369701987210297e-16,569.2106735078459,16.659726154657413,23.00397671439026,agricultural,0.0003920582654046779,0.003863250927044487,0.0040952963876287,0.0038565263506095,0.003400079933736,0.0037839675573247337
13,2023-10,41.6,0.41,17260044,10568308359,69267,0.0040131415655719,0.5044515529624374,59.0,0.5864707018343105,2023-10-01,2023,10,-0.8660254037844386,0.5000000000000001,612.2990392724375,16.6639048508004,23.081125582393284,agricultural,5.7100058068922154e-05,0.004012240709672966,0.0037983903951985,0.0040952963876287,0.0038565263506095,0.003916737711145567
13,2023-11,41.6,0.41,17028879,10789464230,70456,0.004137442047712,0.5125931659975974,58.0,0.5894953168435315,2023-11-01,2023,11,-0.5000000000000004,0.8660254037844384,633.5980324952687,16.650421284181398,23.101835960766774,agricultural,0.00015495971763738033,0.004162101912092762,0.0040131415655719,0.0037983903951985,0.0040952963876287,0.0039689427827997
13,2023-12,41.6,0.41,16998646,10702109264,70149,0.004126740447445,0.5148495944912318,60.0,0.5867679176415418,2023-12-01,2023,12,-2.4492935982947064e-16,1.0,629.5859837307042,16.648644310617886,23.09370668655728,agricultural,-0.0004621925680346775,0.004312405312871923,0.004137442047712,0.0040131415655719,0.0037983903951985,0.0039829913361608
13,2024-01,44.24,0.61,16810277,11269870880,71648,0.0042621546331449,0.5220869352717983,58.0,0.5872021174056996,2024-01-01,2024,1,0.49999999999999994,0.8660254037844387,670.415536876638,16.637501043023185,23.1453987080558,agricultural,-0.00010239287943128897,0.004463279483543781,0.004126740447445,0.004137442047712,0.0040131415655719,0.0040924413535763
13,2024-02,44.24,0.61,15507424,9468358030,65188,0.0042036639999009,0.5165604551729546,59.0,0.577731991330332,2024-02-01,2024,2,0.8660254037844386,0.5000000000000001,610.5693653568768,16.556829499448217,22.971221342733205,agricultural,-0.00027630910963455764,0.004623353943184829,0.0042621546331449,0.004126740447445,0.004137442047712,0.004175445709433966
13,2024-03,44.24,0.61,17248070,11401458959,84090,0.0048753280801852,0.5320148283257199,59.0,0.582371512162748,2024-03-01,2024,3,1.0,6.123233995736766e-17,661.0281010571038,16.663210869101682,23.15700716310562,agricultural,0.00010504654530849002,0.004785005828531456,0.0042036639999009,0.0042621546331449,0.004126740447445,0.004197519693496933
13,2024-04,46.78,0.49,17278917,10530226584,81967,0.0047437579565895,0.5368157622378764,56.0,0.5882298760639586,2024-04-01,2024,4,0.8660254037844387,-0.4999999999999998,609.4263074473938,16.664997703638996,23.07751568090447,agricultural,-0.00020523937019001153,0.0049476105228319816,0.0048753280801852,0.0042036639999009,0.0042621546331449,0.0044470489044103325
13,2024-05,46.78,0.49,18401188,14318189557,96613,0.0052503675306181,0.5425589912999096,58.0,0.5902581864158187,2024-05-01,2024,5,0.49999999999999994,-0.8660254037844387,778.1122369381803,16.727925840056677,23.384796562972312,agricultural,0.00011328277970422266,0.005111072259015687,0.0047437579565895,0.0048753280801852,0.0042036639999009,0.004607583345558533
13,2024-06,46.78,0.49,18088826,12695391736,92602,0.0051192929823085,0.5421999747247278,57.0,0.5870843309346736,2024-06-01,2024,6,1.2246467991473532e-16,-1.0,701.8361355236652,16.71080501281472,23.264504909208693,agricultural,-0.00012582438291302206,0.005275318224005157,0.0052503675306181,0.0047437579565895,0.0048753280801852,0.004956484522464267
13,2024-07,46.04,-0.17,19144689,11349850955,108742,0.0056800086958842,0.549763644632723,57.0,0.5872302452912253,2024-07-01,2024,7,-0.4999999999999997,-0.8660254037844388,592.8459300122347,16.76753595054515,23.152470449157647,agricultural,0.0002792476948845202,0.0054402681437034275,0.0051192929823085,0.0052503675306181,0.0047437579565895,0.0050378061565053665
13,2024-08,46.04,-0.17,19605737,11411147947,111488,0.005686498803896,0.5535819949028185,56.0,0.5785536091287273,2024-08-01,2024,8,-0.8660254037844385,-0.5000000000000004,582.0310629995699,16.791332836458373,23.157856604699184,agricultural,7.134801668021919e-05,0.005605862769940932,0.0056800086958842,0.0051192929823085,0.0052503675306181,0.005349889736270267
13,2024-09,46.04,-0.17,18423071,10244709582,116731,0.0063361314734117,0.5548014769090344,58.0,0.5940665500067179,2024-09-01,2024,9,-1.0,-1.8369701987210297e-16,556.0804483682443,16.72911435013029,23.05002727104173,agricultural,0.0005558378475652225,0.005772060976255591,0.005686498803896,0.0056800086958842,0.0051192929823085,0.0054952668273629
13,2024-10,44.19,-0.45,18357097,10768011364,111135,0.0060540618159832,0.5634460612154525,58.0,0.5889524906450856,2024-10-01,2024,10,-0.8660254037844386,0.5000000000000001,586.5857419612698,16.725526869661483,23.099845665290278,agricultural,8.026939362231759e-05,0.005938819423994912,0.0063361314734117,0.005686498803896,0.0056800086958842,0.005900879657730634
13,2024-11,44.19,-0.45,18185691,11743587893,117169,0.0064429226252662,0.5656891453835876,58.0,0.5805937704076947,2024-11-01,2024,11,-0.5000000000000004,0.8660254037844384,645.7597840521979,16.716145689019882,23.18657321743312,agricultural,0.00024543634418032717,0.006106088313695857,0.0060540618159832,0.0063361314734117,0.005686498803896,0.006025564031096967
13,2024-12,44.19,-0.45,18320051,15214750340,101280,0.005528368889366,0.5681076433684601,59.0,0.5773651017372843,2024-12-01,2024,12,-2.4492935982947064e-16,1.0,830.4971607338866,16.723506755634176,23.445531211419347,agricultural,-0.0007022296183481373,0.006273795973915619,0.0064429226252662,0.0060540618159832,0.0063361314734117,0.006277705304887034
14,2019-01,30.33,0.19,56185851,29550750236,87561,0.0015584172606017,0.15000098512346108,63.0,0.6076693429861221,2019-01-01,2019,1,0.49999999999999994,0.8660254037844387,525.9464742466924,17.844175539398893,24.109374969207195,metropolitan,-0.00026194939406732145,0.0018304993479703064,,,,
14,2019-02,30.33,0.19,49041931,27456461249,60197,0.0012274598241247,0.13624918235784803,63.0,0.6191643380744811,2019-02-01,2019,2,0.8660254037844386,0.5000000000000001,559.8568549227803,17.708186245227306,24.035867359717493,metropolitan,-0.0005407881064990995,0.0017709360181344003,0.0015584172606017,,,0.0015584172606017
14,2019-03,30.33,0.19,55515823,31062000528,70872,0.0012766090128934,0.15271082264240232,62.0,0.6048153364676125,2019-03-01,2019,3,1.0,6.123233995736766e-17,559.5161676338654,17.83217865519562,24.159251061124685,metropolitan,-0.0004116073370067677,0.0017110351407929666,0.0012274598241247,0.0015584172606017,,0.0013929385423632002
14,2019-04,30.16,-0.04,56524842,31260023432,83773,0.0014820563319752,0.15534605121054562,62.0,0.6091618457632808,2019-04-01,2019,4,0.8660254037844387,-0.4999999999999998,553.0315932948561,17.850190798592386,24.165605911555584,metropolitan,-0.0001490722686756857,0.0016507404170721348,0.0012766090128934,0.0012274598241247,0.0015584172606017,0.0013541620325399333
14,2019-05,30.16,-0.04,59592404,32981945313,84290,0.0014144420151266,0.15684863124501572,63.0,0.6121700042749898,2019-05-01,2019,5,0.49999999999999994,-0.8660254037844387,553.4588823266804,17.903038691029412,24.219226136995704,metropolitan,-0.000155459891926349,0.0015899997845566344,0.0014820563319752,0.0012766090128934,0.0012274598241247,0.0013287083896644334
14,2019-06,30.16,-0.04,59651818,32228794758,85281,0.001429646285047,0.15224463066657917,62.0,0.6187987579543659,2019-06-01,2019,6,1.2246467991473532e-16,-1.0,540.2818529017842,17.9040352005948,24.196126137069893,metropolitan,-0.00011845091220068526,0.0015287618699462231,0.0014144420151266,0.0014820563319752,0.0012766090128934,0.0013910357866650667
14,2019-07,29.67,-0.12,63530928,34717060887,91085,0.0014337111524641,0.16106921970351196,63.0,0.6157529678055711,2019-07-01,2019,7,-0.4999999999999997,-0.8660254037844388,546.4592125429051,17.96703741614855,24.27049707131207,metropolitan,-6.926248731498939e-05,0.0014669627729636853,0.001429646285047,0.0014144420151266,0.0014820563319752,0.0014420482107162667
14,2019-08,29.67,-0.12,61954971,34014055275,88052,0.001421225747971,0.1595725708595683,62.0,0.6226853348922535,2019-08-01,2019,8,-0.8660254037844385,-0.5000000000000004,549.0125283893684,17.941918421091703,24.25003966661086,metropolitan,-3.80839665567574e-05,0.0014044816149306352,0.0014337111524641,0.001429646285047,0.0014144420151266,0.0014259331508792333
14,2019-09,29.67,-0.12,58570501,36021029426,87364,0.0014916041097206,0.16964935983730103,62.0,0.6199359196381319,2019-09-01,2019,9,-1.0,-1.8369701987210297e-16,615.0029248682712,17.885741748969988,24.307368755602887,metropolitan,0.00012286484816633166,0.0013410426116904238,0.001421225747971,0.0014337111524641,0.001429646285047,0.0014281943951607
14,2019-10,29.73,0.02,61897623,36498784208,91136,0.0014723667175393,0.1855900023818362,62.0,0.6055582561668712,2019-10-01,2019,10,-0.8660254037844386,0.5000000000000001,589.6637453751657,17.940992352427006,24.320544787637623,metropolitan,0.00018303046926580773,0.0012759599129350473,0.0014916041097206,0.001421225747971,0.0014337111524641,0.0014488470033852334
14,2019-11,29.73,0.02,57688189,33963622594,92718,0.0016072267409885,0.1810579631820302,64.0,0.6140819105651342,2019-11-01,2019,11,-0.5000000000000004,0.8660254037844384,588.7448225147092,17.870563031152564,24.24855586510918,metropolitan,0.0003759729173179835,0.0012075862654023642,0.0014723667175393,0.0014916041097206,0.001421225747971,0.0014617321917436334
14,2019-12,29.73,0.02,58839495,37428228816,99665,0.0016938452649874,0.19237094064114588,64.0,0.6010749470279223,2019-12-01,2019,12,-2.4492935982947064e-16,1.0,636.1072408252314,17.890323888059193,24.345691037866025,metropolitan,0.0005741047414315461,0.0011334634400394703,0.0016072267409885,0.0014723667175393,0.0014916041097206,0.0015237325227494668
14,2020-01,30.61,0.22,60595538,46287656214,0,0.0,0.17580000692460226,65.0,0.6096101741977064,2020-01-01,2020,1,0.49999999999999994,0.8660254037844387,763.8789544867149,17.919731834468525,24.558141158065677,metropolitan,-0.0001538979760906578,0.0010592283278281686,0.0016938452649874,0.0016072267409885,0.0014723667175393,0.0015911462411717333
14,2022-01,31.5,-0.08,108784601,91756875602,169472,0.0015578675514928,0.3489409130617669,71.0,0.5336078478225208,2022-01-01,2022,1,0.49999999999999994,0.8660254037844387,843.4730169392266,18.50488035663511,25.24240825952566,metropolitan,-1.3460417766748031e-05,0.0015127209597484241,,,,
14,2022-02,31.5,-0.08,92611309,98084062784,160557,0.0017336651617784,0.35081643214869146,71.0,0.528225673825755,2022-02-01,2022,2,0.8660254037844386,0.5000000000000001,1059.093795812777,18.34392183038708,25.309090731451356,metropolitan,-0.0003249266953607311,0.0015649661705064597,0.0015578675514928,,,0.0015578675514928
14,2022-03,31.5,-0.08,117940364,120405608825,191870,0.0016268391371083,0.36742843188104796,71.0,0.5132225650366922,2022-03-01,2022,3,1.0,6.123233995736766e-17,1020.9024691919723,18.585689673325806,25.514131953669644,metropolitan,-8.495019033959225e-05,0.001616028655121001,0.0017336651617784,0.0015578675514928,,0.0016457663566356
14,2022-04,32.01,-0.04,111926496,117589293956,180712,0.0016145596124084,0.36964626320473754,70.0,0.5284872289426374,2022-04-01,2022,4,0.8660254037844387,-0.4999999999999998,1050.593900089573,18.53335293702978,25.490463830486135,metropolitan,-7.554302598229809e-05,0.001665269343983631,0.0016268391371083,0.0017336651617784,0.0015578675514928,0.0016394572834598333
14,2022-05,32.01,-0.04,108276994,115661165325,181610,0.0016772722744778,0.3797504758951842,70.0,0.5309730329884905,2022-05-01,2022,5,0.49999999999999994,-0.8660254037844387,1068.1970477034115,18.500203270201155,25.473930765070996,metropolitan,-1.695818346959307e-05,0.0017123013523101251,0.0016145596124084,0.0016268391371083,0.0017336651617784,0.0016583546370983668
14,2022-06,32.01,-0.04,118100887,119164846018,239399,0.0020270719897302,0.37591395058700955,70.0,0.538441394271452,2022-06-01,2022,6,1.2246467991473532e-16,-1.0,1009.0088994674528,18.587049800190975,25.503773632133413,metropolitan,0.00026032337472740576,0.0017566668252800332,0.0016772722744778,0.0016145596124084,0.0016268391371083,0.0016395570079981668
14,2022-07,33.04,0.15,131435006,122727415680,241520,0.001837562209264,0.37650474942725687,70.0,0.5380200437707835,2022-07-01,2022,7,-0.4999999999999997,-0.8660254037844388,933.7498389127779,18.694023044057584,25.533231600387985,metropolitan,7.281123766373753e-05,0.0017970841928368314,0.0020270719897302,0.0016772722744778,0.0016145596124084,0.0017729679588721332
14,2022-08,33.04,0.15,129754249,134297230412,239960,0.0018493421359943,0.3875437867163795,70.0,0.5308635960592024,2022-08-01,2022,8,-0.8660254037844385,-0.5000000000000004,1035.0121976506528,18.68115283477248,25.623321317872787,metropolitan,5.017239912318777e-06,0.001866504923471481,0.001837562209264,0.0020270719897302,0.0016772722744778,0.001847302157824
14,2022-09,33.04,0.15,123292516,129321932757,240146,0.0019477743482824,0.39106710256444116,70.0,0.5393196345084408,2022-09-01,2022,9,-1.0,-1.8369701987210297e-16,1048.903347523543,18.63007027691739,25.585570735237894,metropolitan,0.00010093317796648797,0.002124915381500661,0.0018493421359943,0.001837562209264,0.0020270719897302,0.0019046587783294999
14,2022-10,32.81,-0.15,127147384,126498194896,250641,0.0019712635220241,0.40051650610444334,70.0,0.5336450181439435,2022-10-01,2022,10,-0.8660254037844386,0.5000000000000001,994.8942000725709,18.66085748336059,25.56349387542324,metropolitan,0.00020385968298489797,0.002480615868159375,0.0019477743482824,0.0018493421359943,0.001837562209264,0.0018782262311802334
14,2022-11,32.81,-0.15,126094368,125998029651,241632,0.0019162790839318,0.40759990168633065,71.0,0.5297711754425753,2022-11-01,2022,11,-0.5000000000000004,0.8660254037844384,999.2359821415656,18.652541144902397,25.55953210609308,metropolitan,0.0002872957392019511,0.0027603233290110943,0.0019712635220241,0.0019477743482824,0.0018493421359943,0.0019227933354336
14,2022-12,32.81,-0.15,126511522,121953896113,294888,0.0023309181277575,0.4158601064020082,71.0,0.5289658679429545,2022-12-01,2022,12,-2.4492935982947064e-16,1.0,963.9746181616565,18.655843952892415,25.526908909552283,metropolitan,7.819199902773467e-05,0.0029897420226833935,0.0019162790839318,0.0019712635220241,0.0019477743482824,0.0019451056514127665
14,2023-01,33.88,0.16,61154029,54266624477,279223,0.0045658970400789,0.4104380759606207,72.0,0.5298927783422205,2023-01-01,2023,1,0.49999999999999994,0.8660254037844387,887.3761118339398,17.928906321441858,24.717175224414007,metropolitan,-0.00014576109495082916,0.003201626980796474,0.0023309181277575,0.0019162790839318,0.0019712635220241,0.0020728202445711333
14,2023-02,33.88,0.16,56120463,61138925332,245725,0.004378527668241,0.4307614140674499,71.0,0.5092302155976864,2023-02-01,2023,2,0.8660254037844386,0.5000000000000001,1089.4230386516947,17.843011081161503,24.836414576103817,metropolitan,-0.0006813124448060896,0.0034123684935342576,0.0045658970400789,0.0023309181277575,0.0019162790839318,0.0029376980839227337
14,2023-03,33.88,0.16,64813553,62113883331,319726,0.0049330114644386,0.44232543462013263,72.0,0.5110774094889858,2023-03-01,2023,3,1.0,6.123233995736766e-17,958.3471427804614,17.987025306116873,24.852235365021492,metropolitan,-0.00031073745081276706,0.003629264650685405,0.004378527668241,0.0045658970400789,0.0023309181277575,0.0037584476120257997
14,2023-04,34.61,0.08,62359786,60525138742,287691,0.0046134058253503,0.4358135064799613,71.0,0.5253274786394637,2023-04-01,2023,4,0.8660254037844387,-0.4999999999999998,970.5796415337281,17.948431186496958,24.826324632093392,metropolitan,-0.00021937444510512736,0.003856549289448074,0.0049330114644386,0.004378527668241,0.0045658970400789,0.004625812057586167
14,2023-05,34.61,0.08,67195510,63385747624,327701,0.0048768288238306,0.44918532503138975,72.0,0.5180037098276483,2023-05-01,2023,5,0.49999999999999994,-0.8660254037844387,943.3033192842796,18.02311700266688,24.87250487225058,metropolitan,-4.935431110531894e-05,0.004121603421486547,0.0046134058253503,0.0049330114644386,0.004378527668241,0.0046416483193433
14,2023-06,34.61,0.08,66380976,59341060515,323142,0.0048679910943159,0.4482942070631803,74.0,0.5281744486631511,2023-06-01,2023,6,1.2246467991473532e-16,-1.0,893.9467915476265,18.010921082436433,24.80656732350648,metropolitan,0.0004869042137046894,0.004403212317405992,0.0048768288238306,0.0046134058253503,0.0049330114644386,0.004807748704539833
14,2023-07,34.68,0.02,70663016,41180033895,339641,0.0048064888710665,0.45187505158285346,73.0,0.5246364385732054,2023-07-01,2023,7,-0.4999999999999997,-0.8660254037844388,582.7664346367554,18.07343289640805,24.441219361663734,metropolitan,0.0001331555345965508,0.0046069402493707015,0.0048679910943159,0.0048768288238306,0.0046134058253503,0.004786075247832267
14,2023-08,34.68,0.02,70955576,38576362719,346025,0.0048766428166265,0.4595082703577799,74.0,0.5199778528398044,2023-08-01,2023,8,-0.8660254037844385,-0.5000000000000004,543.6692208516495,18.077564563132306,24.375905561078476,metropolitan,-7.115954973262774e-06,0.004775348511278028,0.0048064888710665,0.0048679910943159,0.0048768288238306,0.0048504362630709995
14,2023-09,34.68,0.02,68059239,39449289362,337458,0.0049582981672774,0.4595501868600088,74.0,0.5315470684299614,2023-09-01,2023,9,-1.0,-1.8369701987210297e-16,579.63165532897,18.035889060356997,24.39828187046388,metropolitan,0.0002874096709714253,0.004941361878585596,0.0048766428166265,0.0048064888710665,0.0048679910943159,0.004850374260669634
14,2023-10,35.41,0.18,69401161,39697079475,334428,0.0048187666485867,0.47014331647852403,74.0,0.5178456092261855,2023-10-01,2023,10,-0.8660254037844386,0.5000000000000001,571.9944580610114,18.05541416885271,24.404543457097258,metropolitan,0.00034983783372642327,0.0051078657569993075,0.0049582981672774,0.0048766428166265,0.0048064888710665,0.004880476618323467
14,2023-11,35.41,0.18,67070468,39740998608,340085,0.005070562501517,0.4739340122093676,73.0,0.5231745720701417,2023-11-01,2023,11,-0.5000000000000004,0.8660254037844384,592.5260370629887,18.021254400745672,24.405649202315008,metropolitan,0.0005073019584861966,0.005274519888860674,0.0048187666485867,0.0049582981672774,0.0048766428166265,0.0048845692108302
14,2023-12,35.41,0.18,68044186,39092878766,349053,0.0051297990397004,0.47845408864175404,74.0,0.5186146214761502,2023-12-01,2023,12,-2.4492935982947064e-16,1.0,574.5219549837807,18.03566786092957,24.389206158629054,metropolitan,0.0001097907334977429,0.005441578064939589,0.005070562501517,0.0048187666485867,0.0049582981672774,0.0049492091057937
14,2024-01,38.11,0.63,67124186,41021273116,356699,0.0053140160239708,0.483242612431829,73.0,0.5086898501777448,2024-01-01,2024,1,0.49999999999999994,0.8660254037844387,611.1250736954933,18.02205499898811,24.437356625603417,metropolitan,-0.00027229858444127925,0.005609378110962454,0.0051297990397004,0.005070562501517,0.0048187666485867,0.005006376063268033
14,2024-02,38.11,0.63,61654882,34383860445,292786,0.0047487885874147,0.48404726490272093,74.0,0.517223298780101,2024-02-01,2024,2,0.8660254037844386,0.5000000000000001,557.6826899936326,17.937062989628654,24.26085311814824,metropolitan,-0.0010293309548079427,0.005780065985374468,0.0053140160239708,0.0051297990397004,0.005070562501517,0.005171459188396066
14,2024-03,38.11,0.63,68295013,40108366551,368218,0.0053915796165087,0.49685904591598806,74.0,0.5066527352369036,2024-03-01,2024,3,1.0,6.123233995736766e-17,587.281044239643,18.039347320412155,24.414850791690693,metropolitan,-0.0005333380663695204,0.005951845978094076,0.0047487885874147,0.0053140160239708,0.0051297990397004,0.005064201217028633
14,2024-04,39.48,0.23,68493689,36207010441,394160,0.0057546907715833,0.5034275639614038,74.0,0.5126783301636794,2024-04-01,2024,4,0.8660254037844387,-0.4999999999999998,528.618197816736,18.04225218220112,24.31251859564751,metropolitan,-0.0003582113222635423,0.006124105685748473,0.0053915796165087,0.0047487885874147,0.0053140160239708,0.005151461409298066
14,2024-05,39.48,0.23,72762682,38349569801,452756,0.0062223654702557,0.5092390629581246,73.0,0.5090389216617884,2024-05-01,2024,5,0.49999999999999994,-0.8660254037844387,527.0499759890654,18.102713785590748,24.370009147017488,metropolitan,-7.572174046246499e-05,0.006296729820012066,0.0057546907715833,0.0053915796165087,0.0047487885874147,0.005298352991835567
14,2024-06,39.48,0.23,71360169,39484470505,454631,0.0063709350239907,0.5072371955845564,74.0,0.5162907126286225,2024-06-01,2024,6,1.2246467991473532e-16,-1.0,553.3124578923013,18.083250428520184,24.39917327980224,metropolitan,0.0007139385426433272,0.006469678289882058,0.0062223654702557,0.0057546907715833,0.0053915796165087,0.005789545286115899
14,2024-07,40.62,0.26,75012337,42709209152,509888,0.0067973885415675,0.5141755682135326,74.0,0.5108373670630492,2024-07-01,2024,7,-0.4999999999999997,-0.8660254037844388,569.3624656968093,18.133163164637512,24.47768040495778,metropolitan,0.00019495389878615692,0.006642922145278297,0.0063709350239907,0.0062223654702557,0.0057546907715833,0.0061159970886098996
14,2024-08,40.62,0.26,75504354,41260552480,508395,0.00673332030627,0.5154153096919417,74.0,0.5108849319339256,2024-08-01,2024,8,-0.8660254037844385,-0.5000000000000004,546.4658697695764,18.13970089467491,24.44317273473254,metropolitan,-1.846727408001285e-05,0.006816443677563736,0.0067973885415675,0.0063709350239907,0.0062223654702557,0.0064635630119379665
14,2024-09,40.62,0.26,72648432,45760339653,549389,0.0075622967333968,0.5186689920575299,74.0,0.5140345257653057,2024-09-01,2024,9,-1.0,-1.8369701987210297e-16,629.8875060785896,18.101142378580708,24.546683606499148,metropolitan,0.0004672791962033232,0.0069902507742073,0.00673332030627,0.0067973885415675,0.0063709350239907,0.0066338812906094
14,2024-10,39.97,-0.17,72493733,40965481243,556207,0.007672483909747,0.5289544132042421,75.0,0.5108936163212238,2024-10-01,2024,10,-0.8660254037844386,0.5000000000000001,565.0899677493502,18.09901068850362,24.435995628158235,metropolitan,0.0004992603719874551,0.007164365273285785,0.0075622967333968,0.00673332030627,0.0067973885415675,0.007031001860411434
14,2024-11,39.97,-0.17,71213450,43896841692,575380,0.0080796534924231,0.5273695629126239,75.0,0.5079170565770929,2024-11-01,2024,11,-0.5000000000000004,0.8660254037844384,616.4122324083443,18.08119227707867,24.505108211227654,metropolitan,0.0007314397397518048,0.007338771352990883,0.007672483909747,0.0075622967333968,0.00673332030627,0.007322700316471267
14,2024-12,39.97,-0.17,72957864,55344148336,559207,0.0076647940241232,0.5334855060997948,75.0,0.5014124390035369,2024-12-01,2024,12,-2.4492935982947064e-16,1.0,758.5768730290679,18.105392640692543,24.73683676941011,metropolitan,0.00014469172021562516,0.0075134384828503585,0.0080796534924231,0.007672483909747,0.0075622967333968,0.007771478045188966
15,2019-01,33.17,-0.36,6102565,2290267296,7684,0.0012591426719748,0.1628523415973447,30.0,0.6182589893532966,2019-01-01,2019,1,0.49999999999999994,0.8660254037844387,375.29584625481255,15.624219896430423,21.55193437128168,remote,-0.000296907502585355,0.0015712371087313113,,,,
15,2019-02,33.17,-0.36,6175049,2182619337,6997,0.0011331084174392,0.13663923962384752,30.0,0.6406552100830344,2019-02-01,2019,2,0.8660254037844386,0.5000000000000001,353.4578166100382,15.636027537611525,21.503791523679155,remote,-0.0003764390874164577,0.0015048594250186864,0.0012591426719748,,,0.0012591426719748
15,2019-03,33.17,-0.36,6210018,2091934759,7670,0.0012351010898841,0.16562850542462196,30.0,0.6225979183958563,2019-03-01,2019,3,1.0,6.123233995736766e-17,336.8645242252116,15.6416745134863,21.461355197194358,remote,-0.0002096103162216656,0.0014383706603194122,0.0011331084174392,0.0012591426719748,,0.0011961255447070001
15,2019-04,35.63,0.6,6427141,2206717512,8015,0.0012470552614296,0.16556086135343848,31.0,0.6225784303215689,2019-04-01,2019,4,0.8660254037844387,-0.4999999999999998,343.34356629176176,15.676040518399063,21.514771960106767,remote,-0.00012177063218757723,0.0013717516556122058,0.0012351010898841,0.0011331084174392,0.0012591426719748,0.0012091173930993666
15,2019-05,35.63,0.6,6345793,2177832426,8218,0.0012950312120171,0.17137133215659572,30.0,0.6309736453804053,2019-05-01,2019,5,0.49999999999999994,-0.8660254037844387,343.193108568149,15.663302789205392,21.501595919562426,remote,-9.039917439992697e-06,0.0013049712101760875,0.0012470552614296,0.0012351010898841,0.0011331084174392,0.0012050882562509666
15,2019-06,35.63,0.6,6637648,2278616657,7877,0.0011867155353824,0.15791060327393078,31.0,0.6310344430875019,2019-06-01,2019,6,1.2246467991473532e-16,-1.0,343.28675714650734,15.708268392491297,21.5468343668309,remote,-3.9177757187405835e-05,0.0012379861375030514,0.0012950312120171,0.0012470552614296,0.0012351010898841,0.0012590625211102667
15,2019-07,32.02,-0.88,7392892,2669361025,8155,0.001103086586413,0.16537371302056084,31.0,0.587779736072889,2019-07-01,2019,7,-0.4999999999999997,-0.8660254037844388,361.0712864464948,15.816029691284223,21.70510496461303,remote,-6.916790432138427e-05,0.0011707355273887952,0.0011867155353824,0.0012950312120171,0.0012470552614296,0.0012429340029430332
15,2019-08,32.02,-0.88,7130732,2513274365,7905,0.0011085818398447,0.16222163446894372,32.0,0.5840446054641171,2019-08-01,2019,8,-0.8660254037844385,-0.5000000000000004,352.456713420165,15.77992459215549,21.64485226821922,remote,-1.5980502530362893e-06,0.0011031325311764248,0.001103086586413,0.0011867155353824,0.0012950312120171,0.0011949444446041665
15,2019-09,32.02,-0.88,6589174,2360488723,7597,0.001152951796386,0.17671137535600062,34.0,0.5866452174389816,2019-09-01,2019,9,-1.0,-1.8369701987210297e-16,358.23742444804157,15.700938708960472,21.58213452098517,remote,7.884299737983102e-05,0.0010350343335603354,0.0011085818398447,0.001103086586413,0.0011867155353824,0.0011327946538800334
15,2019-10,32.28,0.07,6899515,2679429730,7851,0.0011379060702092,0.1874205650687041,33.0,0.5827514209558025,2019-10-01,2019,10,-0.8660254037844386,0.5000000000000001,388.3504463719551,15.746961822179681,21.708869821886523,remote,0.000173676922854757,0.0009661615968159282,0.001152951796386,0.0011085818398447,0.001103086586413,0.0011215400742145666
15,2019-11,32.28,0.07,6367292,2402492831,7336,0.0011521381460124,0.183088980370305,34.0,0.5924410276714318,2019-11-01,2019,11,-0.5000000000000004,0.8660254037844384,377.31783480324134,15.666684976473404,21.59977271524548,remote,0.00024537310806907264,0.0008959009712896928,0.0011379060702092,0.001152951796386,0.0011085818398447,0.0011331465688133
15,2019-12,32.28,0.07,6453324,2400642716,7297,0.001130735106435,0.19479589123372698,33.0,0.5816109739481472,2019-12-01,2019,12,-2.4492935982947064e-16,1.0,372.0009588856843,15.680106059821448,21.599002337198627,remote,0.0003035496663948765,0.0008234247310516281,0.0011521381460124,0.0011379060702092,0.001152951796386,0.0011476653375358666
15,2020-01,29.32,-0.72,7342995,3948968683,0,0.0,0.16868335059468242,33.0,0.5914369772012324,2020-01-01,2020,1,0.49999999999999994,0.8660254037844387,537.7871948707577,15.809257491697116,22.096720289110593,remote,-0.0001733081295794666,0.0007476901541067272,0.001130735106435,0.0011521381460124,0.0011379060702092,0.0011402597742188666
15,2022-01,33.86,-0.14,13081369,7394463285,7135,0.0005454322097327,0.3461526083393871,37.0,0.5650523163739701,2022-01-01,2022,1,0.49999999999999994,0.8660254037844387,565.2667763595691,16.38669963856963,22.723997352517188,remote,3.686219327414228e-05,0.0006154378624232806,,,,
15,2022-02,33.86,-0.14,12656559,6774987440,6210,0.0004906546874233,0.34579999192513544,36.0,0.5651120424706465,2022-02-01,2022,2,0.8660254037844386,0.5000000000000001,535.2945804621936,16.353686215798277,22.63650334998352,remote,-0.00016364503828750652,0.0006658304864767191,0.0005454322097327,,,0.0005454322097327
15,2022-03,33.86,-0.14,13498809,6890665650,6901,0.0005112302870571,0.37314758657597125,37.0,0.546899749466248,2022-03-01,2022,3,1.0,6.123233995736766e-17,510.46471210904605,16.41811209137523,22.653433528481035,remote,0.00018839741324068967,0.0007219108644992033,0.0004906546874233,0.0005454322097327,,0.000518043448578
15,2022-04,36.74,0.53,12460179,6558565950,6391,0.0005129139798071,0.3779280377914314,38.0,0.5668867429522583,2022-04-01,2022,4,0.8660254037844387,-0.4999999999999998,526.3620972058267,16.338048517447167,22.604037810974358,remote,6.979619647639961e-05,0.0007797921038575943,0.0005112302870571,0.0004906546874233,0.0005454322097327,0.0005157723947376999
15,2022-05,36.74,0.53,11676285,5845411352,7631,0.000653546911539,0.3933789728496692,38.0,0.5722146800909308,2022-05-01,2022,5,0.49999999999999994,-0.8660254037844387,500.6225312246147,16.273070505346116,22.488922806297442,remote,0.0002875302447048109,0.0008379696150236499,0.0005129139798071,0.0005112302870571,0.0004906546874233,0.0005049329847625
15,2022-06,36.74,0.53,13384453,6638901421,10872,0.0008122857168686,0.3813326551335344,39.0,0.5752360964452639,2022-06-01,2022,6,1.2246467991473532e-16,-1.0,496.01589403765695,16.40960444217331,22.616212338252666,remote,4.275075264073469e-06,0.0008974507280277243,0.000653546911539,0.0005129139798071,0.0005112302870571,0.0005592303928010667
15,2022-07,37.28,0.03,16268988,8507796123,10650,0.0006546196973038,0.3760798151673601,39.0,0.5466298215716238,2022-07-01,2022,7,-0.4999999999999997,-0.8660254037844388,522.9456265503422,16.604771338358557,22.8642487711388,remote,9.106180908198305e-05,0.0009579933987532588,0.0008122857168686,0.000653546911539,0.0005129139798071,0.0006595822027382333
15,2022-08,37.28,0.03,16437366,8712007683,10553,0.0006420128383099,0.3857740954359719,39.0,0.5360624853079679,2022-08-01,2022,8,-0.8660254037844385,-0.5000000000000004,530.012392678973,16.61506777661477,22.88796810457852,remote,-0.00020477973626205099,0.0010185224301537301,0.0006546196973038,0.0008122857168686,0.000653546911539,0.0007068174419037999
15,2022-09,37.28,0.03,14458650,7679457287,12885,0.0008911620379496,0.39129420796547393,40.0,0.573233632694108,2022-09-01,2022,9,-1.0,-1.8369701987210297e-16,531.1323869794206,16.48680347850338,22.76181471598406,remote,7.164332598687114e-05,0.0010800771694528916,0.0006420128383099,0.0006546196973038,0.0008122857168686,0.0007029727508274333
15,2022-10,38.52,0.18,14197769,7828136800,13711,0.0009657151063663,0.40669889755214356,40.0,0.5769210681561663,2022-10-01,2022,10,-0.8660254037844386,0.5000000000000001,551.3638656890389,16.46859546798554,22.78099036218344,remote,-0.00016681836041592798,0.0011452586127848542,0.0008911620379496,0.0006420128383099,0.0006546196973038,0.0007292648578544333
15,2022-11,38.52,0.18,13757534,7310865672,14300,0.0010394304676986,0.41092357104114735,42.0,0.5756691762177768,2022-11-01,2022,11,-0.5000000000000004,0.8660254037844384,531.4081485824422,16.43709723197969,22.71262752681565,remote,-0.00012323733982968615,0.0012178682488699897,0.0009657151063663,0.0008911620379496,0.0006420128383099,0.0008329633275419333
15,2022-12,38.52,0.18,14253009,7272213134,14335,0.0010057525396917,0.4148197057898441,43.0,0.5759087261906218,2022-12-01,2022,12,-2.4492935982947064e-16,1.0,510.22300862926556,16.4724786704436,22.707326502385488,remote,-0.0002822083470187577,0.0012992990165245787,0.0010394304676986,0.0009657151063663,0.0008911620379496,0.0009654358706715
15,2023-01,37.68,-0.3,7528243,3635517190,11173,0.0014841444411398,0.413283551022463,41.0,0.5870830664322347,2023-01-01,2023,1,0.49999999999999994,0.8660254037844387,482.9170883564731,15.834172372049396,22.014017218691258,remote,6.103890048881633e-05,0.0013875923540601553,0.0010057525396917,0.0010394304676986,0.0009657151063663,0.0010036327045855333
15,2023-02,37.68,-0.3,6395538,2779293392,10309,0.001611905050052,0.4363027785934506,40.0,0.5605467000185802,2023-02-01,2023,2,0.8660254037844386,0.5000000000000001,434.5675675760194,15.671111274040674,21.745462557161115,remote,-0.00033294958081140925,0.0014784333568458835,0.0014841444411398,0.0010057525396917,0.0010394304676986,0.0011764424828433666
15,2023-03,37.68,-0.3,7110052,2965633993,13421,0.0018876092608042,0.44881134483967206,41.0,0.5667737580350134,2023-03-01,2023,3,1.0,6.123233995736766e-17,417.10440275261,15.777020256041373,21.81035667250823,remote,0.0003491229615984558,0.0015707135230691655,0.001611905050052,0.0014841444411398,0.0010057525396917,0.0013672673436278331
15,2023-04,38.54,0.1,7369330,3127932172,13121,0.0017804875070053,0.43973047753323574,41.0,0.5812649561292691,2023-04-01,2023,4,0.8660254037844387,-0.4999999999999998,424.45272121074777,15.812837486639665,21.86363797557085,remote,8.691613621718931e-05,0.0016645485729135298,0.0018876092608042,0.001611905050052,0.0014841444411398,0.0016612195839986665
15,2023-05,38.54,0.1,7332562,3040246966,15271,0.002082628145524,0.4508270097136581,41.0,0.5766439902220885,2023-05-01,2023,5,0.49999999999999994,-0.8660254037844387,414.62274250118855,15.807835671682275,21.835204588209557,remote,0.0005473232509630659,0.0017600002162500852,0.0017804875070053,0.0018876092608042,0.001611905050052,0.0017600006059538334
15,2023-06,38.54,0.1,7496993,3160776318,13974,0.0018639473186116,0.44944699828317836,41.0,0.5807743346549266,2023-06-01,2023,6,1.2246467991473532e-16,-1.0,421.60587825011976,15.83001269816475,21.874083504942778,remote,6.140207355352962e-05,0.0018566207034272867,0.002082628145524,0.0017804875070053,0.0018876092608042,0.0019169083044445
15,2023-07,38.3,-0.05,8159085,3533182244,13529,0.001658151618717,0.454227281613073,42.0,0.5714685209876832,2023-07-01,2023,7,-0.4999999999999997,-0.8660254037844388,433.0365775083848,15.914642710862802,21.985464787632996,remote,0.0001735911346181281,0.001953545909054896,0.0018639473186116,0.002082628145524,0.0017804875070053,0.0019090209903803001
15,2023-08,38.3,-0.05,8356840,3667726908,14615,0.0017488667965403,0.4622032969399917,41.0,0.5667015625412374,2023-08-01,2023,8,-0.8660254037844385,-0.5000000000000004,438.8892102756544,15.938591042836322,22.022837936278844,remote,-0.00027338557944392374,0.0020505463175137734,0.001658151618717,0.0018639473186116,0.002082628145524,0.0018682423609508666
15,2023-09,38.3,-0.05,7374989,3172196914,16924,0.0022947830837442,0.4642778450245824,41.0,0.599372891335926,2023-09-01,2023,9,-1.0,-1.8369701987210297e-16,430.1290366670377,15.813605104257036,21.87769021792207,remote,0.0001180344440320386,0.0021479696071999028,0.0017488667965403,0.001658151618717,0.0018639473186116,0.0017569885779563001
15,2023-10,38.02,-0.06,7635095,3541941470,17213,0.0022544578685661,0.4750665184912565,41.0,0.5832569243085772,2023-10-01,2023,10,-0.8660254037844386,0.5000000000000001,463.902737294035,15.848266070229693,21.987940851890457,remote,-0.0002993778018584532,0.002246044509002567,0.0022947830837442,0.0017488667965403,0.001658151618717,0.0019006004996671665
15,2023-11,38.02,-0.06,7359842,3250376463,17935,0.0024368729654794,0.47496155488120534,42.0,0.5951487343782706,2023-11-01,2023,11,-0.5000000000000004,0.8660254037844384,441.63671760888343,15.811549158955799,21.902036661656616,remote,-0.00018353967827307733,0.002345265262789985,0.0022544578685661,0.0022947830837442,0.0017488667965403,0.0020993692496168665
15,2023-12,38.02,-0.06,7481354,4169834892,18237,0.0024376603486481,0.47924934443684925,40.0,0.5893630209618308,2023-12-01,2023,12,-2.4492935982947064e-16,1.0,557.3636659888036,15.827924483277648,22.15114227796846,remote,-0.0005010407421409396,0.0024456089325178574,0.0024368729654794,0.0022544578685661,0.0022947830837442,0.002328704639263233
15,2024-01,39.14,0.26,7204876,3334829029,18870,0.0026190596479384,0.4864018478596995,40.0,0.578192749617886,2024-01-01,2024,1,0.49999999999999994,0.8660254037844387,462.85724126272265,15.7902687157919,21.92768724963257,remote,8.967391249439563e-05,0.0025465501853958014,0.0024376603486481,0.0024368729654794,0.0022544578685661,0.0023763303942312005
15,2024-02,39.14,0.26,7390332,3393607086,15824,0.0021411757956205,0.4810001769879892,41.0,0.5911171395984659,2024-02-01,2024,2,0.8660254037844386,0.5000000000000001,459.1954848577845,15.815683352802271,21.945159230115273,remote,-0.0005027165014736076,0.0026483709952508996,0.0026190596479384,0.0024376603486481,0.0024368729654794,0.0024978643206886334
15,2024-03,39.14,0.26,7422297,3138615593,24278,0.0032709550695694,0.4996208047185393,42.0,0.5777619807473164,2024-03-01,2024,3,1.0,6.123233995736766e-17,422.86311003184056,15.819999270699375,21.867047646013827,remote,0.0005100721728849416,0.0027500691786226748,0.0021411757956205,0.0026190596479384,0.0024376603486481,0.002399298597402333
15,2024-04,42.0,0.58,6709277,2721180793,19630,0.0029257996055312,0.5072118799089679,43.0,0.6117486795875924,2024-04-01,2024,4,0.8660254037844387,-0.4999999999999998,405.5848033998298,15.719001902562379,21.724331738494648,remote,0.00010120821253469077,0.002851733040631387,0.0032709550695694,0.0021411757956205,0.0026190596479384,0.0026770635043761003
15,2024-05,42.0,0.58,6940388,2782076804,26063,0.0037552655557585,0.5132488270108242,41.0,0.609117442433702,2024-05-01,2024,5,0.49999999999999994,-0.8660254037844387,400.85320935947675,15.752868382785339,21.746463537902663,remote,0.0008057295696709395,0.0029534021633086677,0.0029257996055312,0.0032709550695694,0.0021411757956205,0.002779310156907033
15,2024-06,42.0,0.58,7082666,2851275157,22814,0.0032211034658418,0.509522261814972,42.0,0.6072282586003613,2024-06-01,2024,6,1.2246467991473532e-16,-1.0,402.5708902551666,15.77316108965344,21.77103215502241,remote,0.00012506132787360282,0.0030551063993008425,0.0037552655557585,0.0029257996055312,0.0032709550695694,0.003317340076953033
15,2024-07,42.21,0.04,7454549,3115244185,25403,0.0034077178914512,0.5123670124108112,42.0,0.6005239991809772,2024-07-01,2024,7,-0.4999999999999997,-0.8660254037844388,417.89841142636527,15.824335142186069,21.859573376482643,remote,0.00025469392683024125,0.0031568553975408514,0.0032211034658418,0.0037552655557585,0.0029257996055312,0.0033007228757104996
15,2024-08,42.21,0.04,7660970,3168188657,22457,0.0029313520350556,0.5147204596806931,43.0,0.5955954630755329,2024-08-01,2024,8,-0.8660254037844385,-0.5000000000000004,413.54928383742526,15.851649296085188,21.876425860261854,remote,-0.00034294289537136684,0.0032586352812483564,0.0034077178914512,0.0032211034658418,0.0037552655557585,0.0034613623043505
15,2024-09,42.21,0.04,7396668,3127378779,25889,0.0035000894997585,0.5229123437742508,42.0,0.6003870540616438,2024-09-01,2024,9,-1.0,-1.8369701987210297e-16,422.8091323011929,15.81654032169803,21.86346104016169,remote,0.00016439747309059097,0.0033604303318416923,0.0029313520350556,0.0034077178914512,0.0032211034658418,0.0031867244641162
15,2024-10,41.82,-0.11,7277855,3459554105,22015,0.0030249297354783,0.5319478060499969,43.0,0.6025533332812013,2024-10-01,2024,10,-0.8660254037844386,0.5000000000000001,475.35353548538683,15.800346871303104,21.964405546613186,remote,-0.00043338113432210947,0.0034622246847755187,0.0035000894997585,0.0029313520350556,0.0034077178914512,0.0032797198087550997
15,2024-11,41.82,-0.11,7226188,3164890093,24059,0.0033294179448417,0.5264153105344063,45.0,0.5892324187438129,2024-11-01,2024,11,-0.5000000000000004,0.8660254037844384,437.97505586624646,15.793222345897076,21.87538416650517,remote,-0.00024450523355416625,0.0035640143709927768,0.0030249297354783,0.0035000894997585,0.0029313520350556,0.0031521237567641337
15,2024-12,41.82,-0.11,7343441,3198263002,21588,0.0029397662485475,0.5369406522092299,43.0,0.5864786681362746,2024-12-01,2024,12,-2.4492935982947064e-16,1.0,435.5264789354201,15.80931822800365,21.885873687814062,remote,-0.0007217293148524116,0.0036657995625787795,0.0033294179448417,0.0030249297354783,0.0035000894997585,0.0032848123933594997
16,2019-01,29.79,-0.57,10204446,3721154645,7140,0.0006996950152903,0.17689495343500275,37.0,0.5962556819347714,2019-01-01,2019,1,0.49999999999999994,0.8660254037844387,364.66013392593777,16.13833416363482,22.037299845780534,agricultural,-0.00032499195410176,0.0010190725037421294,,,,
16,2019-02,29.79,-0.57,9600892,3243035120,6035,0.0006285874270849,0.15059007017264645,38.0,0.6300841349383045,2019-02-01,2019,2,0.8660254037844386,0.5000000000000001,337.784772498222,16.077366672945228,21.899775494000185,agricultural,-0.00031212222910662697,0.0009703086331706467,0.0006996950152903,,,0.0006996950152903
16,2019-03,29.79,-0.57,10167729,3414954972,6601,0.000649210851312,0.18141051949752005,36.0,0.6008291489397645,2019-03-01,2019,3,1.0,6.123233995736766e-17,335.8621155225518,16.134729537604294,21.951430144816356,agricultural,-0.00026364279578018043,0.0009213419810120538,0.0006285874270849,0.0006996950152903,,0.0006641412211876
16,2019-04,29.39,-0.09,10312854,3472906958,6580,0.000638038703932,0.17582368566451148,42.0,0.6070492718338308,2019-04-01,2019,4,0.8660254037844387,-0.4999999999999998,336.75517543446267,16.148901733274997,21.968257820542412,agricultural,-0.00018402405947645547,0.0008721738504687492,0.000649210851312,0.0006285874270849,0.0006996950152903,0.0006591644312290666
16,2019-05,29.39,-0.09,10657511,3587298621,7402,0.0006945336486164,0.18343316746283442,42.0,0.6060722672423772,2019-05-01,2019,5,0.49999999999999994,-0.8660254037844387,336.59816264792033,16.181775553588498,22.000665283216204,agricultural,-0.00012244907980956207,0.0008228286414218936,0.000638038703932,0.000649210851312,0.0006285874270849,0.0006386123274429666
16,2019-06,29.39,-0.09,10671846,3584025299,7684,0.0007200253826751,0.1699286140373465,41.0,0.6222613611843735,2019-06-01,2019,6,1.2246467991473532e-16,-1.0,335.8393008107501,16.183119710453063,21.999752391185964,agricultural,-5.511109864964199e-05,0.0007733715080626078,0.0006945336486164,0.000638038703932,0.000649210851312,0.0006605944012867999
16,2019-07,30.87,0.36,11453443,3994646775,9452,0.0008252540306002,0.18725810221432979,44.0,0.6055295230490898,2019-07-01,2019,7,-0.4999999999999997,-0.8660254037844388,348.77257214271725,16.253801028763675,22.108220995735028,agricultural,5.225572106092597e-05,0.0007239035021175551,0.0007200253826751,0.0006945336486164,0.000638038703932,0.0006841992450745
16,2019-08,30.87,0.36,10935431,3739447505,8484,0.0007758267598231,0.17949790913590877,42.0,0.6172937434806928,2019-08-01,2019,8,-0.8660254037844385,-0.5000000000000004,341.9570298600942,16.207518717485495,22.042203711791892,agricultural,6.008079606361385e-05,0.0006745602763341559,0.0008252540306002,0.0007200253826751,0.0006945336486164,0.0007466043539639
16,2019-09,30.87,0.36,10777168,3698139830,8325,0.0007724663844898,0.1897710975647777,43.0,0.6173400634773819,2019-09-01,2019,9,-1.0,-1.8369701987210297e-16,343.14579024842146,16.192940473000043,22.031095781797873,agricultural,8.087083541933617e-05,0.0006255003880512294,0.0007758267598231,0.0008252540306002,0.0007200253826751,0.0007737020576994667
16,2019-10,27.74,-0.76,11100476,3977847590,8449,0.0007611385313566,0.1987982317154688,44.0,0.6056608454198366,2019-10-01,2019,10,-0.8660254037844386,0.5000000000000001,358.3492806975124,16.222498638332222,22.104006703672887,agricultural,0.00016285068685926044,0.0005768954409075535,0.0007724663844898,0.0007758267598231,0.0008252540306002,0.0007911823916376999
16,2019-11,27.74,-0.76,10331769,3722962667,8538,0.0008263831682647,0.19539819366848019,43.0,0.6149641125500712,2019-11-01,2019,11,-0.5000000000000004,0.8660254037844384,360.34126072698683,16.150734172013195,22.037785604389455,agricultural,0.00025129994330781453,0.0005288548607167512,0.0007611385313566,0.0007724663844898,0.0007758267598231,0.0007698105585565001
16,2019-12,27.74,-0.76,10399851,3873320434,9080,0.000873089431762,0.20744864517770495,45.0,0.5949125665449665,2019-12-01,2019,12,-2.4492935982947064e-16,1.0,372.43999303451557,16.15730213324111,22.0773779696621,agricultural,0.00035188804800548545,0.00048103359542017867,0.0008263831682647,0.0007611385313566,0.0007724663844898,0.0007866626947037
16,2020-01,27.32,-0.1,11356416,6298699307,0,0.0,0.1814211455445098,43.0,0.6220274976539573,2020-01-01,2020,1,0.49999999999999994,0.8660254037844387,554.6379515333007,16.245293516577107,22.563608989980676,agricultural,-0.00023448850430558062,0.00043870071991736735,0.000873089431762,0.0008263831682647,0.0007611385313566,0.0008202037104610999
16,2022-01,30.48,-0.46,21210473,13932854390,22162,0.0010448611872069,0.3378752562472322,52.0,0.5390677902381805,2022-01-01,2022,1,0.49999999999999994,0.8660254037844387,656.8856050499204,16.870005674240232,23.357515513366543,agricultural,-4.183060733785268e-05,0.0012510640362138345,,,,
16,2022-02,30.48,-0.46,18634146,11273535429,19792,0.0010621361451176,0.3420663871582846,51.0,0.5399681937139921,2022-02-01,2022,2,0.8660254037844386,0.5000000000000001,604.993404527366,16.7405063157668,23.14572381855434,agricultural,-0.00031609149498939394,0.0013570853628322088,0.0010448611872069,,,0.0010448611872069
16,2022-03,30.48,-0.46,21512730,12825055411,30550,0.0014200894075275,0.36492718497373416,53.0,0.5285321119304119,2022-03-01,2022,3,1.0,6.123233995736766e-17,596.1612222623535,16.884155457387337,23.27466654861769,agricultural,2.9697582607497636e-06,0.0014696942750781013,0.0010621361451176,0.0010448611872069,,0.0010534986661622499
16,2022-04,32.74,0.39,21112475,12321338512,28304,0.0013406291777728,0.3601486798681822,53.0,0.5469132330866578,2022-04-01,2022,4,0.8660254037844387,-0.4999999999999998,583.6046466366449,16.86537470333023,23.234598434686,agricultural,-0.00016131603994398331,0.001587938114665046,0.0014200894075275,0.0010621361451176,0.0010448611872069,0.0011756955799506667
16,2022-05,32.74,0.39,20017275,11691723101,23977,0.0011978153869595,0.3785214520957523,55.0,0.5399028300199344,2022-05-01,2022,5,0.49999999999999994,-0.8660254037844387,584.0816545209076,16.812106258657746,23.182147001225953,agricultural,9.07632355669957e-05,0.0017107345901579724,0.0013406291777728,0.0014200894075275,0.0010621361451176,0.0012742849101393002
16,2022-06,32.74,0.39,21367000,11493278939,41063,0.0019217952918051,0.3720522300744138,53.0,0.5668016024382452,2022-06-01,2022,6,1.2246467991473532e-16,-1.0,537.8985790705293,16.877358280526266,23.165028261463988,agricultural,5.680906883287754e-05,0.0018368628896793348,0.0011978153869595,0.0013406291777728,0.0014200894075275,0.0013195113240866
16,2022-07,33.63,0.11,23937074,13358621746,52415,0.0021896995430602,0.3700194936106226,54.0,0.5557570008322892,2022-07-01,2022,7,-0.4999999999999997,-0.8660254037844388,558.0724588978586,16.990939070178335,23.31542783708358,agricultural,0.00019985440476178286,0.0019654223566476876,0.0019217952918051,0.0011978153869595,0.0013406291777728,0.0014867466188458
16,2022-08,33.63,0.11,23434383,13608972948,52698,0.0022487470653697,0.3811689857590874,54.0,0.548334460344092,2022-08-01,2022,8,-0.8660254037844385,-0.5000000000000004,580.7267444591992,16.969714903523023,23.333995187793906,agricultural,0.00013742862504338946,0.002095715714166564,0.0021896995430602,0.0019217952918051,0.0011978153869595,0.0017697700739416
16,2022-09,33.63,0.11,22421366,13589064982,56776,0.0025322275190548,0.38215423627623757,56.0,0.5696687087082346,2022-09-01,2022,9,-1.0,-1.8369701987210297e-16,606.0765870375606,16.92552494609567,23.332531260902922,agricultural,0.00021915904391410694,0.002227187421625294,0.0022487470653697,0.0021896995430602,0.0019217952918051,0.0021200806334116667
16,2022-10,32.5,-0.36,23439401,13694436384,53743,0.0022928486952375,0.3915792472683069,57.0,0.5607382940945559,2022-10-01,2022,10,-0.8660254037844386,0.5000000000000001,584.2485643724428,16.969929010402257,23.340255484013547,agricultural,-3.0099419000995715e-05,0.00236388547995554,0.0025322275190548,0.0022487470653697,0.0021896995430602,0.0023235580424949003
16,2022-11,32.5,-0.36,22738784,13121355304,53385,0.0023477508735735,0.3997947735463779,57.0,0.5592572022239172,2022-11-01,2022,11,-0.5000000000000004,0.8660254037844384,577.0473611957437,16.939582614780072,23.29750691581318,agricultural,9.321619874150893e-06,0.0025270279187741603,0.0022928486952375,0.0025322275190548,0.0022487470653697,0.0023579410932206665
16,2022-12,32.5,-0.36,22604427,13026868692,56637,0.0025055711432101,0.40299689967810287,56.0,0.5509345833466721,2022-12-01,2022,12,-2.4492935982947064e-16,1.0,576.2972311574189,16.933656374254433,23.290279884007138,agricultural,-0.00016379705620673797,0.002723046868417708,0.0023477508735735,0.0022928486952375,0.0025322275190548,0.002390942362621934
16,2023-01,33.04,0.04,11668888,5748636443,43274,0.0037084939027609,0.4063751404589709,53.0,0.5616842989708183,2023-01-01,2023,1,0.49999999999999994,0.8660254037844387,492.64646665560593,16.272436798359763,22.47222852345958,agricultural,6.542111606993385e-05,0.002918752481120469,0.0025055711432101,0.0023477508735735,0.0022928486952375,0.0023820569040070333
16,2023-02,33.04,0.04,10227635,4876321322,44226,0.0043241668284016,0.4295400647363736,54.0,0.5400600917494781,2023-02-01,2023,2,0.8660254037844386,0.5000000000000001,476.77897402478675,16.14060402617956,22.307656945286734,agricultural,-0.0005451465727590581,0.0031018414896737357,0.0037084939027609,0.0025055711432101,0.0023477508735735,0.0028539386398481665
16,2023-03,33.04,0.04,11593129,5292355026,55211,0.0047623898604078,0.44284963964431,55.0,0.5458053055331514,2023-03-01,2023,3,1.0,6.123233995736766e-17,456.5079044665163,16.265923239253084,22.389529168439406,agricultural,3.66535545314072e-05,0.0032753665978914404,0.0043241668284016,0.0037084939027609,0.0025055711432101,0.0035127439581242
16,2023-04,34.08,0.15,11326254,4978679322,49296,0.0043523657512889,0.43085851685826576,55.0,0.5597518124234306,2023-04-01,2023,4,0.8660254037844387,-0.4999999999999998,439.5698102832587,16.24263403997069,22.328430496627508,agricultural,-0.00023329542899793796,0.003436066678209875,0.0047623898604078,0.0043241668284016,0.0037084939027609,0.004265016863856767
16,2023-05,34.08,0.15,11948412,5385724131,57663,0.004825996960935,0.4487834868767498,55.0,0.5543141784571515,2023-05-01,2023,5,0.49999999999999994,-0.8660254037844387,450.74811037650863,16.29610902417537,22.407017610566204,agricultural,0.00015339236955208766,0.0035850006570407314,0.0043523657512889,0.0047623898604078,0.0043241668284016,0.0044796408133661
16,2023-06,34.08,0.15,11920040,5258096384,58647,0.0049200338253898,0.44681142009590574,55.0,0.5720514914371431,2023-06-01,2023,6,1.2246467991473532e-16,-1.0,441.11398820809325,16.29373165919288,22.38303489420058,agricultural,5.483489559487268e-05,0.0037336255158557665,0.004825996960935,0.0043523657512889,0.0047623898604078,0.004646917524210567
16,2023-07,34.24,0.04,12521085,5290637294,57733,0.0046108623973082,0.45484836178334387,55.0,0.5668599714446476,2023-07-01,2023,7,-0.4999999999999997,-0.8660254037844388,422.53824600663603,16.34292466108848,22.389204547205107,agricultural,0.00029279193192153,0.003903628858930054,0.0049200338253898,0.004825996960935,0.0043523657512889,0.0046994655125379
16,2023-08,34.24,0.04,12522175,5814025677,55102,0.0044003537724077,0.46305805501041153,54.0,0.5574350765015226,2023-08-01,2023,8,-0.8660254037844385,-0.5000000000000004,464.29838881823645,16.343011710451357,22.48353905565401,agricultural,0.00017665046190865478,0.00411266305211438,0.0046108623973082,0.0049200338253898,0.004825996960935,0.004785631061211
16,2023-09,34.24,0.04,12008413,5433061347,56929,0.0047407596657443,0.46173153771443404,56.0,0.5801715366589859,2023-09-01,2023,9,-1.0,-1.8369701987210297e-16,452.43791556802717,16.30111812871644,22.415768596187736,agricultural,0.00025332668350232923,0.004316384301538563,0.0044003537724077,0.0046108623973082,0.0049200338253898,0.004643749998368567
16,2023-10,34.83,0.15,12301830,5646048440,54474,0.0044281216697028,0.47317260927845695,56.0,0.564409264160155,2023-10-01,2023,10,-0.8660254037844386,0.5000000000000001,458.9600441560321,16.325258671052445,22.45422174644335,agricultural,-4.325764743065139e-05,0.004421077021540226,0.0047407596657443,0.0044003537724077,0.0046108623973082,0.0045839919451534
16,2023-11,34.83,0.15,11727135,5304535101,55550,0.004736877336195,0.47464269832316247,58.0,0.5729631063651447,2023-11-01,2023,11,-0.5000000000000004,0.8660254037844384,452.3300107826848,16.27741603054488,22.391827971242027,agricultural,6.260608971581306e-05,0.004440072927278813,0.0044281216697028,0.0047407596657443,0.0044003537724077,0.004523078369284933
16,2023-12,34.83,0.15,11865480,5465383078,54798,0.0046182708158456,0.47993026830772967,59.0,0.5625954357326556,2023-12-01,2023,12,-2.4492935982947064e-16,1.0,460.61205092419357,16.289143986431903,22.42170005291605,agricultural,-0.00022673566212797714,0.004440309740945752,0.004736877336195,0.0044281216697028,0.0047407596657443,0.004635252890547367
16,2024-01,36.08,0.29,11739227,5535247498,54557,0.0046474099188984,0.4894858920438288,60.0,0.5519356187054726,2024-01-01,2024,1,0.49999999999999994,0.8660254037844387,471.517204497366,16.278446612110073,22.4344021173738,agricultural,0.0001664642836579102,0.004436341178408183,0.0046182708158456,0.004736877336195,0.0044281216697028,0.004594423273914467
16,2024-02,36.08,0.29,11361997,5186220089,41239,0.0036295556142111,0.48362052903200026,58.0,0.5714098754776354,2024-02-01,2024,2,0.8660254037844386,0.5000000000000001,456.4532175989837,16.245784836073845,22.369270962421908,agricultural,-0.0007873116520409965,0.004425311249806177,0.0046474099188984,0.0046182708158456,0.004736877336195,0.0046675193569796665
16,2024-03,36.08,0.29,11966927,5482512003,53859,0.0045006541779689,0.5022628616352385,59.0,0.5586464422692072,2024-03-01,2024,3,1.0,6.123233995736766e-17,458.1386685988809,16.297657402992055,22.424829227766004,agricultural,6.39739317718957e-05,0.004412682890278959,0.0036295556142111,0.0046474099188984,0.0046182708158456,0.004298412116318367
16,2024-04,38.52,0.48,11909067,5028818395,49101,0.0041229930102836,0.5030318495982935,58.0,0.5615382704002223,2024-04-01,2024,4,0.8660254037844387,-0.4999999999999998,422.2680412327851,16.29281068470108,22.33845088213006,agricultural,-0.0003118891752611762,0.004399456152514933,0.0045006541779689,0.0036295556142111,0.0046474099188984,0.004259206570359467
16,2024-05,38.52,0.48,12485351,5098910018,57698,0.0046212557420291,0.510540152215184,58.0,0.563495835178061,2024-05-01,2024,5,0.49999999999999994,-0.8660254037844387,408.3914034935822,16.340066675131173,22.352292632070235,agricultural,0.0002124497791811402,0.00438578441632269,0.0041229930102836,0.0045006541779689,0.0036295556142111,0.0040844009341545326
16,2024-06,38.52,0.48,12240208,5279472923,54243,0.0044315423398033,0.5083377668091915,60.0,0.5749615394918729,2024-06-01,2024,6,1.2246467991473532e-16,-1.0,431.3221575156239,16.320236910066075,22.387092104681734,agricultural,4.8985414562260543e-05,0.004371661646453823,0.0046212557420291,0.0041229930102836,0.0045006541779689,0.0044149676434272
16,2024-07,38.86,0.07,12958118,5798667015,61395,0.0047379565458502,0.5201341738051776,59.0,0.5639967770081261,2024-07-01,2024,7,-0.4999999999999997,-0.8660254037844388,447.492993581321,16.377233099465847,22.480893903257424,agricultural,0.00038581100310581477,0.004357076180589911,0.0044315423398033,0.0046212557420291,0.0041229930102836,0.004391930364038666
16,2024-08,38.86,0.07,13038629,5870584328,58849,0.0045134346563584,0.5191085657855592,61.0,0.5715396737184923,2024-08-01,2024,8,-0.8660254037844385,-0.5000000000000004,450.24552259290454,16.38342704759376,22.493220010806592,agricultural,0.00021144690550985095,0.004342035580376729,0.0047379565458502,0.0044315423398033,0.0046212557420291,0.004596918209227533
16,2024-09,38.86,0.07,12678118,6043586262,57299,0.0045195193797691,0.5236777256687467,61.0,0.5767321345716447,2024-09-01,2024,9,-1.0,-1.8369701987210297e-16,476.6942744972085,16.355388152120735,22.522263424844386,agricultural,0.0002764822412570614,0.00432657020404679,0.0045134346563584,0.0047379565458502,0.0044315423398033,0.0045609778473373
16,2024-10,37.6,-0.3,12628690,5998192543,54011,0.0042768489843364,0.5339113558096683,59.0,0.5707302998054656,2024-10-01,2024,10,-0.8660254037844386,0.5000000000000001,474.9655382308062,16.351481846833526,22.51472401812511,agricultural,-5.38890335440787e-05,0.004310742116295624,0.0045195193797691,0.0045134346563584,0.0047379565458502,0.0045903035273258995
16,2024-11,37.6,-0.3,12210760,5857452175,53938,0.0044172516698387,0.5329450419138531,60.0,0.5756222613233352,2024-11-01,2024,11,-0.5000000000000004,0.8660254037844384,479.69595463345445,16.31782817010703,22.490980563737565,agricultural,0.00013031196316311007,0.004294644423335086,0.0042768489843364,0.0045195193797691,0.0045134346563584,0.0044366010068213006
16,2024-12,37.6,-0.3,12384137,6382786214,49811,0.0040221615765394,0.5397174627509369,60.0,0.5564100631731643,2024-12-01,2024,12,-2.4492935982947064e-16,1.0,515.400161836065,16.33192701816041,22.576870549787742,agricultural,-0.0002842798401389245,0.004278359485948315,0.0044172516698387,0.0042768489843364,0.0045195193797691,0.004404540011314733
17,2019-01,28.72,0.45,9852176,4061597927,12794,0.0012985963709945,0.17470556758222752,38.0,0.5254649074760444,2019-01-01,2019,1,0.49999999999999994,0.8660254037844387,412.25389467260834,16.10320300395643,22.12484231145354,agricultural,-0.00041289735048721674,0.0017199787460164925,,,,
17,2019-02,28.72,0.45,10015029,3655014813,12508,0.0012489229936328,0.1583815683409404,38.0,0.541484846013507,2019-02-01,2019,2,0.8660254037844386,0.5000000000000001,364.9529934461498,16.11959752258431,22.019365983217913,agricultural,-0.0004366923904316895,0.00164284458381181,0.0012985963709945,,,0.0012985963709945
17,2019-03,28.72,0.45,10121315,3849911759,13363,0.0013202829869438,0.17994440445732596,38.0,0.5221342246505357,2019-03-01,2019,3,1.0,6.123233995736766e-17,380.3766367314919,16.13015425289488,22.07131606550293,agricultural,-0.00023283614013824654,0.0015657720082535135,0.0012489229936328,0.0012985963709945,,0.00127375968231365
17,2019-04,26.79,-0.47,10428616,3909487369,11828,0.001134186933338,0.173805613323954,38.0,0.5297165243581554,2019-04-01,2019,4,0.8660254037844387,-0.4999999999999998,374.8807482220076,16.16006421991082,22.086672094931476,agricultural,-0.0003399326729766489,0.0014887598680450823,0.0013202829869438,0.0012489229936328,0.0012985963709945,0.0012892674505237
17,2019-05,26.79,-0.47,10404486,4116811068,13701,0.0013168358340815,0.17789441977239434,39.0,0.5327363903651919,2019-05-01,2019,5,0.49999999999999994,-0.8660254037844387,395.6765445212767,16.15774771337482,22.138344688226965,agricultural,-7.821669218340678e-05,0.0014118153808143712,0.001134186933338,0.0013202829869438,0.0012489229936328,0.0012344643046382
17,2019-06,26.79,-0.47,10608907,4153432413,12892,0.0012152052987173,0.17541071855941429,39.0,0.532075434638528,2019-06-01,2019,6,1.2246467991473532e-16,-1.0,391.5042721177592,16.177204583521444,22.1472009170513,agricultural,-0.0001311315018063632,0.001334966709172022,0.0013168358340815,0.001134186933338,0.0013202829869438,0.0012571019181211
17,2019-07,25.51,-0.31,10896446,4619156506,12012,0.0011023777844629,0.18165473402979285,40.0,0.5273595904682092,2019-07-01,2019,7,-0.4999999999999997,-0.8660254037844388,423.9140455521002,16.203947330759036,22.25347795112893,agricultural,-0.0001266281138937889,0.0012582691650034339,0.0012152052987173,0.0013168358340815,0.001134186933338,0.0012220760220456
17,2019-08,25.51,-0.31,10590199,4366361375,12937,0.0012216012182585,0.18435215428907425,39.0,0.5287580779521147,2019-08-01,2019,8,-0.8660254037844385,-0.5000000000000004,412.3021082984371,16.17543960314052,22.197195862148188,agricultural,4.2673104428925254e-05,0.001181809502361365,0.0011023777844629,0.0012152052987173,0.0013168358340815,0.0012114729724205667
17,2019-09,25.51,-0.31,10662737,4365364204,13779,0.0012922573256753,0.18881427911051354,41.0,0.5297518395264058,2019-09-01,2019,9,-1.0,-1.8369701987210297e-16,409.403721014595,16.182265791752183,22.19696746032885,agricultural,0.0001498829866902796,0.001105742967533351,0.0012216012182585,0.0011023777844629,0.0012152052987173,0.0011797281004795666
17,2019-10,26.37,0.21,10871818,4469502417,15545,0.0014298436563231,0.19288742692344554,43.0,0.5281616858782299,2019-10-01,2019,10,-0.8660254037844386,0.5000000000000001,411.10901755345793,16.201684586403747,22.220542923492147,agricultural,0.00038341038026439456,0.001030321234100343,0.0012922573256753,0.0012216012182585,0.0011023777844629,0.0012054121094655665
17,2019-11,26.37,0.21,10114862,4225277437,14171,0.0014010077448412,0.197100168049747,43.0,0.526591656108989,2019-11-01,2019,11,-0.5000000000000004,0.8660254037844384,417.7296177644342,16.129516484251035,22.16435076139846,agricultural,0.00042256152482938623,0.0009558884570364072,0.0014298436563231,0.0012922573256753,0.0012216012182585,0.0013145674000856332
17,2019-12,26.37,0.21,10099422,4472470298,13350,0.0013218578251309,0.20384473487690682,41.0,0.517164767993282,2019-12-01,2019,12,-2.4492935982947064e-16,1.0,442.84418435035195,16.12798885146671,22.22120673252018,agricultural,0.00046901837721378606,0.0008827892340644124,0.0014010077448412,0.0014298436563231,0.0012922573256753,0.0013743695756132
17,2020-01,29.55,0.78,11370505,6512525835,0,0.0,0.1851864978732255,42.0,0.5333384807742968,2020-01-01,2020,1,0.49999999999999994,0.8660254037844387,572.7560767969409,16.246533367814763,22.596993211158143,agricultural,-0.00038080844894620937,0.0008205751807947467,0.0013218578251309,0.0014010077448412,0.0014298436563231,0.0013842364087650666
17,2022-01,28.3,0.02,20355215,13611704399,29609,0.0014546149475699,0.3200173026912268,48.0,0.49964347748072013,2022-01-01,2022,1,0.49999999999999994,0.8660254037844387,668.7084562359081,16.828847751506245,23.334195877216448,agricultural,-0.0003411422904515919,0.00184225352759021,,,,
17,2022-02,28.3,0.02,18626622,11189054242,24620,0.0013217640858337,0.31830011904466626,49.0,0.5069362811260062,2022-02-01,2022,2,0.8660254037844386,0.5000000000000001,600.702276666161,16.740102459372945,23.138201837646562,agricultural,-0.000598046150322356,0.001981667749151533,0.0014546149475699,,,0.0014546149475699
17,2022-03,28.3,0.02,20923896,13254538814,33872,0.0016188189809393,0.3424070737113203,50.0,0.5034416300077533,2022-03-01,2022,3,1.0,6.123233995736766e-17,633.4641891739474,16.85640246088358,23.307605882796548,agricultural,0.00035302725204255453,0.0021224297242251767,0.0013217640858337,0.0014546149475699,,0.0013881895167018
17,2022-04,29.13,0.06,20520921,12536555414,30489,0.0014857520283811,0.34017474166973305,50.0,0.5268255560755102,2022-04-01,2022,4,0.8660254037844387,-0.4999999999999998,610.9158265362456,16.83695550903132,23.251914646618538,agricultural,0.00019532714005111144,0.002266825043540553,0.0016188189809393,0.0013217640858337,0.0014546149475699,0.0014650660047809665
17,2022-05,29.13,0.06,19495250,11942943503,29760,0.0015265256921557,0.3524978648645183,53.0,0.5249073703053322,2022-05-01,2022,5,0.49999999999999994,-0.8660254037844387,612.6078661725292,16.78568145541213,23.20340643915178,agricultural,0.0003660341439508074,0.0024164037931445254,0.0014857520283811,0.0016188189809393,0.0013217640858337,0.0014754450317180333
17,2022-06,29.13,0.06,20873461,12643439113,52847,0.0025317794686755,0.34945651801586713,53.0,0.5374808303523967,2022-06-01,2022,6,1.2246467991473532e-16,-1.0,605.7183862800712,16.85398914934023,23.26040427046138,agricultural,-4.357008860777825e-05,0.002570400751320822,0.0015265256921557,0.0014857520283811,0.0016188189809393,0.0015436989004920336
17,2022-07,28.71,-0.18,22924252,14265470328,59394,0.0025908806097577,0.3452427150076696,54.0,0.5451183646104883,2022-07-01,2022,7,-0.4999999999999997,-0.8660254037844388,622.2872758509199,16.947705991061195,23.381107791906064,agricultural,-0.0001543461529549601,0.0027262770860371132,0.0025317794686755,0.0015265256921557,0.0014857520283811,0.0018480190630707667
17,2022-08,28.71,-0.18,22431274,14038664239,65400,0.0029155722497081,0.35301646264050807,53.0,0.5403059450492037,2022-08-01,2022,8,-0.8660254037844385,-0.5000000000000004,625.8522917155753,16.92596674839401,23.36508109141688,agricultural,-0.00014980911088429829,0.0028817977474999163,0.0025908806097577,0.0025317794686755,0.0015265256921557,0.0022163952568629666
17,2022-09,28.71,-0.18,22253616,13770601376,68222,0.0030656590821015,0.35717080765660736,53.0,0.5419204849851497,2022-09-01,2022,9,-1.0,-1.8369701987210297e-16,618.8028667341074,16.91801511516254,23.345801821718087,agricultural,3.7163533201138606e-05,0.0030354148148197535,0.0029155722497081,0.0025908806097577,0.0025317794686755,0.0026794107760471
17,2022-10,29.77,0.17,22941198,14458607457,65800,0.0028682024365074,0.3635998869806189,54.0,0.543187321928354,2022-10-01,2022,10,-0.8660254037844386,0.5000000000000001,630.2464002533782,16.94844493508255,23.394555745996716,agricultural,-0.00022861747135501694,0.0031927149014337355,0.0030656590821015,0.0029155722497081,0.0025908806097577,0.0028573706471891
17,2022-11,29.77,0.17,22108107,13636395676,68319,0.0030902238712703,0.3714508438013259,55.0,0.5350403437557104,2022-11-01,2022,11,-0.5000000000000004,0.8660254037844384,616.8052143044179,16.91145497703282,23.336008207888202,agricultural,-0.0002540360850605954,0.0033971726056249004,0.0028682024365074,0.0030656590821015,0.0029155722497081,0.0029498112561056667
17,2022-12,29.77,0.17,22035942,13848741834,66194,0.0030039106111279,0.38043751431184564,55.0,0.5389577437558086,2022-12-01,2022,12,-2.4492935982947064e-16,1.0,628.461530439679,16.90818545089505,23.351460223215085,agricultural,0.0006235662925299964,0.003634591233309503,0.0030902238712703,0.0028682024365074,0.0030656590821015,0.0030080284632930665
17,2023-01,30.96,0.19,11567115,6141502664,57114,0.0049376184121969,0.37921919164804707,52.0,0.5708015156450599,2023-01-01,2023,1,0.49999999999999994,0.8660254037844387,530.9450683251615,16.26367680275669,22.538335282876407,agricultural,-0.0002000797688989677,0.003856269366591096,0.0030039106111279,0.0030902238712703,0.0028682024365074,0.0029874456396351994
17,2023-02,30.96,0.19,10106150,5301407716,53607,0.0053043938591847,0.40821935158294703,53.0,0.5225441302802855,2023-02-01,2023,2,0.8660254037844386,0.5000000000000001,524.5724352003483,16.128654806341206,22.39123822921833,agricultural,-0.000579315983773869,0.004064409786297772,0.0049376184121969,0.0030039106111279,0.0030902238712703,0.0036772509648650333
17,2023-03,30.96,0.19,11197399,5733599055,70388,0.0062861026922412,0.4132405213032062,53.0,0.5291635695079973,2023-03-01,2023,3,1.0,6.123233995736766e-17,512.0474009187312,16.231192166458857,22.469609278000465,agricultural,0.0005634312678333955,0.0042548526211796086,0.0053043938591847,0.0049376184121969,0.0030039106111279,0.004415307627503167
17,2023-04,31.81,0.12,11368296,5706084500,60946,0.0053610497122875,0.4107379857104354,51.0,0.5459010841077017,2023-04-01,2023,4,0.8660254037844387,-0.4999999999999998,501.92962076286545,16.246339074385425,22.46479889877633,agricultural,0.0002628323507082442,0.004427787924315171,0.0062861026922412,0.0053043938591847,0.0049376184121969,0.0055093716545409335
17,2023-05,31.81,0.12,11678498,5956136928,72252,0.0061867544953126,0.4162078034349965,52.0,0.5371440607306232,2023-05-01,2023,5,0.49999999999999994,-0.8660254037844387,510.0088151746911,16.27326001683223,22.50768794159793,agricultural,0.0006259307790796573,0.004596079179962225,0.0053610497122875,0.0062861026922412,0.0053043938591847,0.0056505154212378
17,2023-06,31.81,0.12,11672089,5878376627,66320,0.0056819306295556,0.42178088258237234,52.0,0.543786972920086,2023-06-01,2023,6,1.2246467991473532e-16,-1.0,503.62678240373253,16.272711079915826,22.494546477065363,agricultural,-0.00014095641818686512,0.004780339049822767,0.0061867544953126,0.0053610497122875,0.0062861026922412,0.005944635633280434
17,2023-07,30.76,-0.24,12119044,6054991685,61844,0.0051030427812622,0.42250601615110894,51.0,0.54762171880754,2023-07-01,2023,7,-0.4999999999999997,-0.8660254037844388,499.6261821477008,16.310288740121386,22.524148840870424,agricultural,-0.0003233602757832921,0.005009467284149655,0.0056819306295556,0.0061867544953126,0.0053610497122875,0.005743244945718567
17,2023-08,30.76,-0.24,12235432,6339558857,61650,0.005038645141422,0.4296572446318201,52.0,0.5458305731012825,2023-08-01,2023,8,-0.8660254037844385,-0.5000000000000004,518.1311830264759,16.319846644506494,22.570075022217594,agricultural,-0.0003683759490607481,0.0052827509244577665,0.0051030427812622,0.0056819306295556,0.0061867544953126,0.0056572426353768
17,2023-09,30.76,-0.24,11774650,5967735695,65632,0.0055740085692568,0.43218847269345584,52.0,0.5494506366532058,2023-09-01,2023,9,-1.0,-1.8369701987210297e-16,506.82913674716445,16.281459558361693,22.509633412003907,agricultural,6.747948922882459e-05,0.0054874505855479275,0.005038645141422,0.0051030427812622,0.0056819306295556,0.005274539517413267
17,2023-10,31.93,0.28,12263154,6241654555,68616,0.0055952979143864,0.43844210062109634,53.0,0.5523981112328338,2023-10-01,2023,10,-0.8660254037844386,0.5000000000000001,508.9762841598499,16.322109796312006,22.554511137385976,agricultural,-0.00030643932611813715,0.005582335717432215,0.0055740085692568,0.005038645141422,0.0051030427812622,0.0052385654973136665
17,2023-11,31.93,0.28,11653916,6088897923,73601,0.0063155595080657,0.4436776444930614,53.0,0.5480350245289037,2023-11-01,2023,11,-0.5000000000000004,0.8660254037844384,522.4765583517163,16.271152904641603,22.529732937431675,agricultural,-0.0003127952536406808,0.005654213991501382,0.0055952979143864,0.0055740085692568,0.005038645141422,0.0054026505416884
17,2023-12,31.93,0.28,11864992,6318893435,71073,0.0059901431033413,0.44938024399847887,52.0,0.5473897082814418,2023-12-01,2023,12,-2.4492935982947064e-16,1.0,532.5661774571782,16.289102857881325,22.56680994053476,agricultural,0.0002565284769200104,0.005723909160455857,0.0063155595080657,0.0055952979143864,0.0055740085692568,0.005828288663902966
17,2024-01,32.73,0.18,11563600,6293002744,66837,0.0057799474212183,0.456292936455775,53.0,0.5434216635381343,2024-01-01,2024,1,0.49999999999999994,0.8660254037844387,544.2079234840361,16.263372877891147,22.562704177690065,agricultural,-2.1903890413147304e-05,0.005791832939075826,0.0059901431033413,0.0063155595080657,0.0055952979143864,0.005967000175264466
17,2024-02,32.73,0.18,11908964,6696526689,63769,0.0053547059173241,0.45961546277241244,53.0,0.5617242314610066,2024-02-01,2024,2,0.8660254037844386,0.5000000000000001,562.309760026145,16.292802035792082,22.62485482444766,agricultural,-0.0005185453371353328,0.005858188875050179,0.0057799474212183,0.0059901431033413,0.0063155595080657,0.0060285500108751
17,2024-03,32.73,0.18,12189263,5894636817,82201,0.0067437219132936,0.47157141494116583,54.0,0.5431965483785143,2024-03-01,2024,3,1.0,6.123233995736766e-17,483.5925532987515,16.316066122276176,22.497308760556102,agricultural,0.0008083222240288535,0.005924983764389822,0.0053547059173241,0.0057799474212183,0.0059901431033413,0.0057082654806279
17,2024-04,34.34,0.31,12243716,5901403453,77922,0.0063642443192899,0.47442949509773014,53.0,0.54837650150908,2024-04-01,2024,4,0.8660254037844387,-0.4999999999999998,481.99447398159185,16.320523465418677,22.498456033129976,agricultural,0.00036159873942185917,0.005992171952976344,0.0067437219132936,0.0053547059173241,0.0057799474212183,0.005959458417278666
17,2024-05,34.34,0.31,12286140,5969794166,85797,0.0069832347669813,0.4809668455674443,53.0,0.5485614404101739,2024-05-01,2024,5,0.49999999999999994,-0.8660254037844387,485.89664174427446,16.323982437117447,22.5099782858671,agricultural,0.0009132526002486295,0.006059497327165176,0.0063642443192899,0.0067437219132936,0.0053547059173241,0.0061542240499692
17,2024-06,34.34,0.31,12346480,5879924768,72889,0.0059036259727468,0.48287625298870607,53.0,0.5548336396364721,2024-06-01,2024,6,1.2246467991473532e-16,-1.0,476.2430075616694,16.3288816411641,22.494809804387344,agricultural,-0.0002181281504483369,0.006126806258957313,0.0069832347669813,0.0063642443192899,0.0067437219132936,0.006697066999854934
17,2024-07,35.11,0.17,12550078,6226285280,71642,0.0057084904173503,0.486536657381731,53.0,0.5523540087372275,2024-07-01,2024,7,-0.4999999999999997,-0.8660254037844388,496.11526557842905,16.345237518342973,22.552045728828386,agricultural,-0.00047495925573781195,0.006194025523138626,0.0059036259727468,0.0069832347669813,0.0063642443192899,0.006417035019672667
17,2024-08,35.11,0.17,12832198,6569777771,71519,0.0055734021560452,0.48878383890273513,55.0,0.5505111967843651,2024-08-01,2024,8,-0.8660254037844385,-0.5000000000000004,511.97602865853537,16.36746811707292,22.60574584421333,agricultural,-0.0005805632511118762,0.006261133486354359,0.0057084904173503,0.0059036259727468,0.0069832347669813,0.006198450385692799
17,2024-09,35.11,0.17,12420703,6151165632,80044,0.0064444017379692,0.4940407157308246,52.0,0.5516076356366677,2024-09-01,2024,9,-1.0,-1.8369701987210297e-16,495.234901921413,16.334875315632924,22.53990743462671,agricultural,0.00011265974973793116,0.006328147001303937,0.0055734021560452,0.0057084904173503,0.0059036259727468,0.005728506182047433
17,2024-10,34.4,-0.18,12562649,6170018091,75917,0.0060430726035567,0.502887726943577,54.0,0.552906063903685,2024-10-01,2024,10,-0.8660254037844386,0.5000000000000001,491.13989342534364,16.346238684010792,22.542967607112246,agricultural,-0.00037020648605200576,0.006395126133733205,0.0064444017379692,0.0055734021560452,0.0057084904173503,0.005908764770454901
17,2024-11,34.4,-0.18,12061798,6040734193,73942,0.006130263498029,0.5036138890735858,54.0,0.5401912282087529,2024-11-01,2024,11,-0.5000000000000004,0.8660254037844384,500.8154002413239,16.305553908951058,22.521791396803902,agricultural,-0.0003609223120933337,0.006462130489508885,0.0060430726035567,0.0064444017379692,0.0055734021560452,0.006020292165857033
17,2024-12,34.4,-0.18,12110166,6316617377,77900,0.0064326120715438,0.5114732531329463,56.0,0.5352497684675604,2024-12-01,2024,12,-2.4492935982947064e-16,1.0,521.5962668884969,16.30955590569018,22.566449676821147,agricultural,-0.00010600944344064731,0.006529199494008728,0.006130263498029,0.0060430726035567,0.0064444017379692,0.006205912613184966
18,2019-01,30.76,0.52,60496380,40470182106,176324,0.0029146206764768,0.14278217969405774,70.0,0.5829131963879817,2019-01-01,2019,1,0.49999999999999994,0.8660254037844387,668.9686573973518,17.91809410303007,24.423831295626385,metropolitan,-0.002110977276377783,0.005037247485090908,,,,
18,2019-02,30.76,0.52,56221581,33226314977,165565,0.0029448656024098,0.13194998909760294,70.0,0.5908568887306047,2019-02-01,2019,2,0.8660254037844386,0.5000000000000001,590.9886272497389,17.844811262498904,24.226608018730932,metropolitan,-0.0018763778220423784,0.0047689790687236696,0.0029146206764768,,,0.0029146206764768
18,2019-03,30.76,0.52,61187736,38178446674,174844,0.0028575007253087,0.14698550049310535,71.0,0.5780288118252657,2019-03-01,2019,3,1.0,6.123233995736766e-17,623.9558638678836,17.929457351587644,24.36553697015761,metropolitan,-0.001622226702778037,0.004500899744674685,0.0029448656024098,0.0029146206764768,,0.0029297431394433
18,2019-04,31.48,0.18,61406966,37811334249,176145,0.0028684856372809,0.14581275681329053,69.0,0.5794826267700637,2019-04-01,2019,4,0.8660254037844387,-0.4999999999999998,615.7499175093587,17.93303385573562,24.35587474251016,metropolitan,-0.001391511627726596,0.004233024895028908,0.0028575007253087,0.0029448656024098,0.0029146206764768,0.0029056623347317664
18,2019-05,31.48,0.18,63912336,38932661382,199617,0.0031232937566231,0.1472332039310846,71.0,0.5811303277403367,2019-05-01,2019,5,0.49999999999999994,-0.8660254037844387,609.157227205715,17.973022968005317,24.385099359525203,metropolitan,-0.0008225932510741592,0.00396537330185092,0.0028684856372809,0.0028575007253087,0.0029448656024098,0.0028902839883331332
18,2019-06,31.48,0.18,63838494,37012911453,209351,0.0032793850055422,0.14693105072309506,71.0,0.5775776090775854,2019-06-01,2019,6,1.2246467991473532e-16,-1.0,579.7898592814548,17.97186693626654,24.334532646935095,metropolitan,-0.0004109268517399312,0.0036979598497090035,0.0031232937566231,0.0028684856372809,0.0028575007253087,0.0029497600397375666
18,2019-07,29.06,-0.59,65152766,40211939908,237409,0.0036438821338759,0.15433990937545153,71.0,0.5661910575590672,2019-07-01,2019,7,-0.4999999999999997,-0.8660254037844388,617.194669954611,17.992245331853514,24.41742980113355,metropolitan,0.00020842106198835084,0.003430811815790129,0.0032793850055422,0.0031232937566231,0.0028684856372809,0.0030903881331487333
18,2019-08,29.06,-0.59,63975054,39841700930,264995,0.0041421614118528,0.1559532407741305,70.0,0.5693048128609935,2019-08-01,2019,8,-0.8660254037844385,-0.5000000000000004,622.769320835587,17.97400379972058,24.40817996280265,metropolitan,0.0009950779796406768,0.0031639777217139656,0.0036438821338759,0.0032793850055422,0.0031232937566231,0.0033488536320137336
18,2019-09,29.06,-0.59,64018286,38347703820,257194,0.0040175083725296,0.16203770279010593,72.0,0.5667011491724733,2019-09-01,2019,9,-1.0,-1.8369701987210297e-16,599.0117233066815,17.974679334884655,24.3699604886777,metropolitan,0.0011255794776006437,0.0028975447795653495,0.0041421614118528,0.0036438821338759,0.0032793850055422,0.003688476183756967
18,2019-10,29.14,0.02,66809250,41204804860,255160,0.0038192316183761,0.16490212058958903,72.0,0.5690664622746688,2019-10-01,2019,10,-0.8660254037844386,0.5000000000000001,616.7529924374245,18.017352116942245,24.441820709341783,metropolitan,0.001197752899345467,0.002631712800471452,0.0040175083725296,0.0041421614118528,0.0036438821338759,0.0039345173060861
18,2019-11,29.14,0.02,63590449,40899580691,243657,0.0038316603174165,0.1678471400634394,70.0,0.5671003029035682,2019-11-01,2019,11,-0.5000000000000004,0.8660254037844384,643.1717551011474,17.96797385980292,24.434385647913274,metropolitan,0.0014878890147977243,0.002366994139660028,0.0038192316183761,0.0040175083725296,0.0041421614118528,0.003992967134252834
18,2019-12,29.14,0.02,64800847,42352654353,242686,0.0037451053687616,0.17340983212765723,71.0,0.5609158585014862,2019-12-01,2019,12,-2.4492935982947064e-16,1.0,653.5818019940388,17.98682924765663,24.46929693268014,metropolitan,0.0016295474416079922,0.0021045433644751345,0.0038316603174165,0.0038192316183761,0.0040175083725296,0.003889466769440733
18,2020-01,29.83,0.17,67277443,46141197918,0,0.0,0.1649641767746732,71.0,0.5612583896355605,2020-01-01,2020,1,0.49999999999999994,0.8660254037844387,685.8345956757007,18.024335582419795,24.554972052055472,metropolitan,-0.001404262960109954,0.0018458811422725656,0.0037451053687616,0.0038316603174165,0.0038192316183761,0.003798665768184733
18,2022-01,35.59,0.37,124912235,124585457062,288966,0.0023133522508823,0.3143667872086349,79.0,0.515031669467075,2022-01-01,2022,1,0.49999999999999994,0.8660254037844387,997.3839397077476,18.643121936670514,25.548257719497435,metropolitan,-0.0001603744311914516,0.002351022260255264,,,,
18,2022-02,35.59,0.37,109231180,96298689974,256072,0.0023443123108255,0.32124551799220696,78.0,0.5097127172120026,2022-02-01,2022,2,0.8660254037844386,0.5000000000000001,881.6044097848252,18.50897712080925,25.290720552075406,metropolitan,-6.329767432875688e-05,0.0024114529965320046,0.0023133522508823,,,0.0023133522508823
18,2022-03,35.59,0.37,129888457,124255607528,291721,0.0022459347561577,0.3354304840190688,80.0,0.4996522436970349,2022-03-01,2022,3,1.0,6.123233995736766e-17,956.633178943684,18.68218662472935,25.545606631922883,metropolitan,-0.00024633633918035643,0.002479223024901692,0.0023443123108255,0.0023133522508823,,0.0023288322808539003
18,2022-04,38.17,0.44,125655353,116559794445,304267,0.0024214408119962,0.34276784053919296,79.0,0.5102306217455652,2022-04-01,2022,4,0.8660254037844387,-0.4999999999999998,927.6150332011721,18.649053431471863,25.481670235328032,metropolitan,-0.00022169025524844787,0.002556314132726465,0.0022459347561577,0.0023443123108255,0.0023133522508823,0.0023011997726218336
18,2022-05,38.17,0.44,123909406,113381743446,305324,0.0024640905792091,0.3493186304193888,79.0,0.513221424440272,2022-05-01,2022,5,0.49999999999999994,-0.8660254037844387,915.0374221469515,18.635061267849643,25.45402622274851,metropolitan,-0.00013963548872546612,0.002643156962191743,0.0024214408119962,0.0022459347561577,0.0023443123108255,0.0023372292929931334
18,2022-06,38.17,0.44,128028372,120918130546,327922,0.0025613228917727,0.3499762849440904,79.0,0.5176033020815477,2022-06-01,2022,6,1.2246467991473532e-16,-1.0,944.4635486421713,18.667762461382544,25.518379546491715,metropolitan,-8.114756804750351e-05,0.002736536068526753,0.0024640905792091,0.0024214408119962,0.0022459347561577,0.002377155382454333
18,2022-07,37.49,-0.28,138577078,120608828915,357557,0.0025802030549381,0.3486872626943397,79.0,0.5177738852900958,2022-07-01,2022,7,-0.4999999999999997,-0.8660254037844388,870.3375093173779,18.74693725586372,25.515818326818607,metropolitan,-0.00014128192260532202,0.0028333532021053167,0.0025613228917727,0.0024640905792091,0.0024214408119962,0.0024822847609926664
18,2022-08,37.49,-0.28,137936874,122148531524,384505,0.0027875432351758,0.35972204212776343,80.0,0.5152063122674384,2022-08-01,2022,8,-0.8660254037844385,-0.5000000000000004,885.539362911762,18.742306710933356,25.52850361267859,metropolitan,-1.1413889529303034e-05,0.0029327199037017873,0.0025802030549381,0.0025613228917727,0.0024640905792091,0.002535205508639967
18,2022-09,37.49,-0.28,136391389,127553443479,399612,0.0029298917103923,0.36440167054827777,80.0,0.5210367316952906,2022-09-01,2022,9,-1.0,-1.8369701987210297e-16,935.2015872424322,18.73103917821413,25.571801278268993,metropolitan,7.13435040279318e-05,0.0030358960474240384,0.0027875432351758,0.0025802030549381,0.0025613228917727,0.0026430230606288665
18,2022-10,38.76,0.19,142448253,124674966960,438912,0.0030812031088931,0.3747231915859298,80.0,0.5237252587669403,2022-10-01,2022,10,-0.8660254037844386,0.5000000000000001,875.2298770557754,18.774489361900816,25.548975923377558,metropolitan,2.2383567482715298e-05,0.0031497654700432557,0.0029298917103923,0.0027875432351758,0.0025802030549381,0.002765879333502067
18,2022-11,38.76,0.19,137900344,125840614271,460348,0.0033382657841665,0.38272595607158166,79.0,0.519143784385174,2022-11-01,2022,11,-0.5000000000000004,0.8660254037844384,912.5475007589539,18.742041844573308,25.558281977057693,metropolitan,0.00010291899012404526,0.003321194954091198,0.0030812031088931,0.0029298917103923,0.0027875432351758,0.0029328793514870667
18,2022-12,38.76,0.19,140029491,121941085997,445192,0.0031792731432552,0.3912742138011485,79.0,0.5217620879670815,2022-12-01,2022,12,-2.4492935982947064e-16,1.0,870.8243179788464,18.757363615531336,25.526803863389375,metropolitan,-0.00048109159874423974,0.0036742118461125612,0.0033382657841665,0.0030812031088931,0.0029298917103923,0.003116453534483967
18,2023-01,38.83,-0.09,69219343,56378058879,526092,0.0076003610724822,0.3957126117189526,78.0,0.5305962693549341,2023-01-01,2023,1,0.49999999999999994,0.8660254037844387,814.4841663550606,18.052790919096804,24.755345892809455,metropolitan,0.0001727923651307897,0.004134607140988331,0.0031792731432552,0.0033382657841665,0.0030812031088931,0.0031995806787716
18,2023-02,38.83,-0.09,62070947,55312355587,458284,0.0073832287430704,0.41466502839081865,78.0,0.5096833505664239,2023-02-01,2023,2,0.8660254037844386,0.5000000000000001,891.1150588213194,17.943788611351984,24.736262148872733,metropolitan,0.0004618217923621599,0.004536058701252632,0.0076003610724822,0.0031792731432552,0.0033382657841665,0.004705966666634633
18,2023-03,38.83,-0.09,69792448,63261804483,516936,0.0074067612587539,0.4234308273582838,78.0,0.5103808052578265,2023-03-01,2023,3,1.0,6.123233995736766e-17,906.4276479168634,18.061036381364907,24.870547579298528,metropolitan,-2.285454624761674e-06,0.00488972259710695,0.0073832287430704,0.0076003610724822,0.0031792731432552,0.006054287652935933
18,2023-04,39.58,0.07,69103321,55474466893,502219,0.0072676536052442,0.4240686782622213,79.0,0.5190762701958698,2023-04-01,2023,4,0.8660254037844387,-0.4999999999999998,802.7757000709126,18.051113362835576,24.739188695876624,metropolitan,-0.00011268074648054669,0.005220258950340091,0.0074067612587539,0.0073832287430704,0.0076003610724822,0.007463450358102167
18,2023-05,39.58,0.07,71509246,60861913467,526831,0.0073673130324993,0.43025918634353943,78.0,0.5162470739364191,2023-05-01,2023,5,0.49999999999999994,-0.8660254037844387,851.1055125235134,18.085337327973335,24.831873421407355,metropolitan,-2.7958681665538298e-05,0.005538840411641988,0.0072676536052442,0.0074067612587539,0.0073832287430704,0.007352547869022833
18,2023-06,39.58,0.07,70313933,59173820332,521489,0.0074165812912214,0.43750199551488606,79.0,0.5124297845440967,2023-06-01,2023,6,1.2246467991473532e-16,-1.0,841.5660710089991,18.06848054482171,24.803745056921723,metropolitan,7.184918754433765e-05,0.005859718150382754,0.0073673130324993,0.0072676536052442,0.0074067612587539,0.0073472426321658
18,2023-07,39.74,0.04,72715012,59429031216,539848,0.0074241616022837,0.4408794844178806,79.0,0.5148861969402379,2023-07-01,2023,7,-0.4999999999999997,-0.8660254037844388,817.2869615424116,18.1020584273741,24.80804868494695,metropolitan,-9.488595252112572e-05,0.006200585379894759,0.0074165812912214,0.0073673130324993,0.0072676536052442,0.007350515976321633
18,2023-08,39.74,0.04,72770887,66256560680,528509,0.0072626433700059,0.44723816544932316,79.0,0.5105340017336528,2023-08-01,2023,8,-0.8660254037844385,-0.5000000000000004,910.4816968906811,18.10282654307965,24.91680032605685,metropolitan,0.00018476195537080956,0.006581709094309609,0.0074241616022837,0.0074165812912214,0.0073673130324993,0.007402685308668133
18,2023-09,39.74,0.04,70004948,59743786152,506854,0.0072402596456467,0.45087617235284566,80.0,0.5189082563044671,2023-09-01,2023,9,-1.0,-1.8369701987210297e-16,853.4223345469809,18.064076497514506,24.813331024910593,metropolitan,7.890171154347404e-05,0.006994143720733386,0.0072626433700059,0.0074241616022837,0.0074165812912214,0.007367795421170334
18,2023-10,39.86,0.04,73731288,64747111594,540776,0.0073344168353603,0.45975953926099866,79.0,0.5187755887197916,2023-10-01,2023,10,-0.8660254037844386,0.5000000000000001,878.1497428066087,18.115937812520187,24.893754927959638,metropolitan,2.2237223108598444e-05,0.007343149939508329,0.0072402596456467,0.0072626433700059,0.0074241616022837,0.0073090215393121
18,2023-11,39.86,0.04,71037046,62582421739,560022,0.0078835203817456,0.4658798875167191,81.0,0.5177298422724196,2023-11-01,2023,11,-0.5000000000000004,0.8660254037844384,880.9828851695213,18.078712087653578,24.859750272744556,metropolitan,-0.00043100358438385647,0.007612126900854399,0.0073344168353603,0.0072402596456467,0.0072626433700059,0.0072791066170043
18,2023-12,39.86,0.04,73192884,63262217998,596711,0.0081525821553909,0.4693687162265665,81.0,0.5179066537321667,2023-12-01,2023,12,-2.4492935982947064e-16,1.0,864.3219742236145,18.108608774753815,24.87055411584379,metropolitan,-0.0011422455307477947,0.007871723625791992,0.0078835203817456,0.0073344168353603,0.0072402596456467,0.007486065620917533
18,2024-01,42.43,0.6,71595789,78321375353,606618,0.0084728167462474,0.47538020706776485,79.0,0.5112334743678684,2024-01-01,2024,1,0.49999999999999994,0.8660254037844387,1093.9382950720747,18.08654683131947,25.084086395714174,metropolitan,0.0004010094044939682,0.0081353743238441,0.0081525821553909,0.0078835203817456,0.0073344168353603,0.007790173124165599
18,2024-02,42.43,0.6,69073860,56741631230,639863,0.0092634608808599,0.4803410725852008,79.0,0.5179215536147095,2024-02-01,2024,2,0.8660254037844386,0.5000000000000001,821.4631588563315,18.050686939314605,24.7617740151384,metropolitan,0.0008963241456953191,0.008404036287914807,0.0084728167462474,0.0081525821553909,0.0078835203817456,0.008169639761127966
18,2024-03,42.43,0.6,73413856,65297823896,645745,0.0087959553575281,0.49282082390550364,79.0,0.5078200330641447,2024-03-01,2024,3,1.0,6.123233995736766e-17,889.4482248146726,18.111623263232573,24.90222454797214,metropolitan,0.0001641374710780217,0.00867626253373949,0.0092634608808599,0.0084728167462474,0.0081525821553909,0.0086296199274994
18,2024-04,44.92,0.48,72697003,64483590210,640953,0.0088167733682226,0.4975116236910069,81.0,0.5117817205312534,2024-04-01,2024,4,0.8660254037844387,-0.4999999999999998,887.0185502695344,18.101810731200654,24.889676613045733,metropolitan,-6.915148184059659e-05,0.008950553714966544,0.0087959553575281,0.0092634608808599,0.0084728167462474,0.008844077661545132
18,2024-05,44.92,0.48,75453677,66768404656,698150,0.0092526968566422,0.5013010963004494,79.0,0.5132301426729929,2024-05-01,2024,5,0.49999999999999994,-0.8660254037844387,884.8926561392097,18.13902948950492,24.924495821420066,metropolitan,3.272643745947167e-05,0.009226043180736578,0.0088167733682226,0.0087959553575281,0.0092634608808599,0.0089587298688702
18,2024-06,44.92,0.48,74508383,63775143969,722948,0.0097029081949074,0.5048900604915826,79.0,0.5118108372432966,2024-06-01,2024,6,1.2246467991473532e-16,-1.0,855.945886907786,18.126422213930738,24.878629358439397,metropolitan,0.00018823923183205053,0.009502371610466357,0.0092526968566422,0.0088167733682226,0.0087959553575281,0.008955141860797633
18,2024-07,45.8,0.2,75789449,64876452162,737225,0.0097272774736757,0.5079091154231772,81.0,0.5136802668585203,2024-07-01,2024,7,-0.4999999999999997,-0.8660254037844388,856.0090226015498,18.143469658867833,24.89575056219736,metropolitan,-7.283082048839209e-05,0.00977936221273786,0.0097029081949074,0.0092526968566422,0.0088167733682226,0.0092574594732574
18,2024-08,45.8,0.2,76445571,62650867674,795002,0.0103995822073197,0.5123809985015352,81.0,0.5097762121322612,2024-08-01,2024,8,-0.8660254037844385,-0.5000000000000004,819.5486913689218,18.152089568452617,24.86084336775364,metropolitan,0.00035479205965516214,0.010056905978789176,0.0097272774736757,0.0097029081949074,0.0092526968566422,0.009560960841741767
18,2024-09,45.8,0.2,74726522,62092352567,770879,0.0103160026636861,0.5172920666640956,81.0,0.5153611186041728,2024-09-01,2024,9,-1.0,-1.8369701987210297e-16,830.9279075908283,18.12934564732504,24.851888671249483,metropolitan,3.9035355789434e-05,0.010334926364649381,0.0103995822073197,0.0097272774736757,0.0097029081949074,0.009943255958634267
18,2024-10,45.73,-0.04,74833256,62738847945,798219,0.0106666346309988,0.525364672091777,81.0,0.5256474507842795,2024-10-01,2024,10,-0.8660254037844386,0.5000000000000001,838.381907971504,18.13077295643341,24.862246677187787,metropolitan,2.136536417701087e-05,0.010613379592403386,0.0103160026636861,0.0103995822073197,0.0097272774736757,0.0101476207815605
18,2024-11,45.73,-0.04,74638243,62386522094,743937,0.0099672362330394,0.5288216256644733,81.0,0.5081057183318202,2024-11-01,2024,11,-0.5000000000000004,0.8660254037844384,835.8519652452162,18.128163587967236,24.85661509692484,metropolitan,-0.0009615232842419303,0.0108922550210339,0.0106666346309988,0.0103160026636861,0.0103995822073197,0.010460739834001533
18,2024-12,45.73,-0.04,76188749,68434248107,715697,0.0093937360751257,0.5320996148657068,82.0,0.5102331486738435,2024-12-01,2024,12,-2.4492935982947064e-16,1.0,898.2198684874062,18.148724371962068,24.94913923959816,metropolitan,-0.0018020694068141942,0.01117153287816594,0.0099672362330394,0.0106666346309988,0.0103160026636861,0.010316624509241434
